Time,irradiance,pressure,humidity,cloudiness,temperature,windSpeed,irradianceReal,realPower,capacity
2024-04-16 00:00:00,0,986.2,68.1,0.0,13.6,3.0,0.0,0.0,70.0
2024-04-16 00:15:00,0,986.2,66.8,0.0,13.4,3.0,0.0,0.0,70.0
2024-04-16 00:30:00,0,986.2,65.9,0.0,13.3,3.0,0.0,0.0,70.0
2024-04-16 00:45:00,0,986.2,65.1,0.0,13.1,2.9,0.0,0.0,70.0
2024-04-16 01:00:00,0,986.2,64.6,0.0,12.9,2.9,0.0,0.0,70.0
2024-04-16 01:15:00,0,986.2,64.3,0.0,12.7,2.9,0.0,0.0,70.0
2024-04-16 01:30:00,0,986.2,64.1,0.0,12.5,2.9,0.0,0.0,70.0
2024-04-16 01:45:00,0,986.2,63.9,0.0,12.3,2.9,0.0,0.0,70.0
2024-04-16 02:00:00,0,986.1,63.4,0.0,12.2,2.8,0.0,0.0,70.0
2024-04-16 02:15:00,0,986.1,62.4,0.0,12.1,2.8,0.0,0.0,70.0
2024-04-16 02:30:00,0,986.1,61.1,0.0,12.0,2.8,0.0,0.0,70.0
2024-04-16 02:45:00,0,986.1,59.7,0.0,12.0,2.8,0.0,0.0,70.0
2024-04-16 03:00:00,0,986.1,58.3,0.0,11.9,2.8,0.0,0.0,70.0
2024-04-16 03:15:00,0,986.1,57.1,0.0,11.8,2.8,0.0,0.0,70.0
2024-04-16 03:30:00,0,986.1,55.9,0.0,11.8,2.8,0.0,0.0,70.0
2024-04-16 03:45:00,0,986.1,54.9,0.0,11.7,2.8,0.0,0.0,70.0
2024-04-16 04:00:00,0,986.1,54.0,0.0,11.7,2.8,0.0,0.0,70.0
2024-04-16 04:15:00,0,986.1,53.0,0.0,11.7,2.9,0.0,0.0,70.0
2024-04-16 04:30:00,0,986.1,52.2,0.0,11.7,2.9,0.0,0.0,70.0
2024-04-16 04:45:00,0,986.1,51.3,0.0,11.6,2.9,0.0,0.0,70.0
2024-04-16 05:00:00,0,986.1,50.4,0.0,11.6,2.9,0.0,0.0,70.0
2024-04-16 05:15:00,0,986.1,49.5,0.0,11.6,2.9,0.0,0.0,70.0
2024-04-16 05:30:00,0,986.1,48.7,0.0,11.5,2.9,0.0,0.0,70.0
2024-04-16 05:45:00,4,986.1,47.9,0.0,11.5,3.0,11.001,0.462,70.0
2024-04-16 06:00:00,29,986.1,47.3,0.0,11.6,3.0,35.002,1.491,70.0
2024-04-16 06:15:00,55,986.2,47.0,0.0,11.8,3.0,74.004,2.934,70.0
2024-04-16 06:30:00,84,986.2,47.4,0.0,12.1,3.0,118.009,4.735,70.0
2024-04-16 06:45:00,114,986.2,48.7,0.0,12.5,3.1,171.0,7.656,70.0
2024-04-16 07:00:00,147,986.2,50.1,0.0,13.1,3.1,239.005,11.715,70.0
2024-04-16 07:15:00,184,986.2,51.6,0.0,13.7,3.1,235.009,11.749,70.0
2024-04-16 07:30:00,225,986.2,53.1,0.0,14.3,3.1,329.004,18.271,70.0
2024-04-16 07:45:00,269,986.2,54.1,0.0,15.0,3.1,379.001,22.732,70.0
2024-04-16 08:00:00,317,986.2,53.5,0.0,15.8,3.1,440.006,26.634,70.0
2024-04-16 08:15:00,368,986.2,51.3,0.0,16.5,3.1,530.0,30.096,70.0
2024-04-16 08:30:00,420,986.2,50.1,0.0,17.1,3.1,593.004,32.671,70.0
2024-04-16 08:45:00,473,986.2,49.4,0.0,17.7,3.0,660.006,38.535,70.0
2024-04-16 09:00:00,526,986.2,46.8,0.0,18.3,3.0,656.007,40.178,70.0
2024-04-16 09:15:00,577,986.2,45.5,0.0,18.8,3.0,718.004,45.147,70.0
2024-04-16 09:30:00,624,986.2,45.1,0.0,19.2,2.9,786.001,44.345,70.0
2024-04-16 09:45:00,666,986.2,43.1,0.0,19.7,2.9,813.009,46.039,70.0
2024-04-16 10:00:00,705,986.2,39.6,0.0,20.1,2.8,839.005,47.719,70.0
2024-04-16 10:15:00,739,986.2,35.9,0.0,20.4,2.8,885.007,49.513,70.0
2024-04-16 10:30:00,769,986.2,33.1,0.0,20.7,2.8,920.0,52.769,70.0
2024-04-16 10:45:00,794,986.2,32.0,0.0,20.9,2.8,811.008,49.206,70.0
2024-04-16 11:00:00,815,986.2,31.7,0.0,21.0,2.8,935.001,51.868,70.0
2024-04-16 11:15:00,831,986.2,32.0,0.0,21.2,2.8,926.003,53.345,70.0
2024-04-16 11:30:00,843,986.2,32.0,0.0,21.3,2.7,973.009,54.639,70.0
2024-04-16 11:45:00,851,986.2,32.0,0.0,21.5,2.7,924.007,53.683,70.0
2024-04-16 12:00:00,855,986.2,32.1,0.0,21.6,2.6,895.009,53.235,70.0
2024-04-16 12:15:00,855,986.2,32.0,0.0,21.7,2.6,858.006,53.955,70.0
2024-04-16 12:30:00,851,986.2,31.7,0.0,21.9,2.5,981.007,53.991,70.0
2024-04-16 12:45:00,844,986.2,31.3,0.0,22.0,2.5,958.009,53.198,70.0
2024-04-16 13:00:00,834,986.2,30.8,0.0,22.2,2.4,933.004,53.027,70.0
2024-04-16 13:15:00,821,986.2,30.6,0.0,22.3,2.4,909.003,50.598,70.0
2024-04-16 13:30:00,805,986.2,30.6,0.0,22.3,2.3,729.008,46.962,70.0
2024-04-16 13:45:00,785,986.2,30.9,0.0,22.3,2.3,874.003,50.038,70.0
2024-04-16 14:00:00,761,986.2,31.3,0.0,22.4,2.3,852.0,50.146,70.0
2024-04-16 14:15:00,733,986.2,31.7,0.0,22.4,2.2,822.004,48.309,70.0
2024-04-16 14:30:00,701,986.2,32.1,0.0,22.4,2.2,788.007,46.402,70.0
2024-04-16 14:45:00,665,986.2,32.5,0.0,22.4,2.2,748.001,43.673,70.0
2024-04-16 15:00:00,625,986.2,32.9,0.0,22.4,2.1,704.007,41.064,70.0
2024-04-16 15:15:00,581,986.2,33.3,0.0,22.4,2.1,657.007,38.054,70.0
2024-04-16 15:30:00,533,986.2,33.7,0.0,22.3,2.1,608.004,34.74,70.0
2024-04-16 15:45:00,483,986.2,34.1,0.0,22.3,2.0,548.001,31.125,70.0
2024-04-16 16:00:00,428,986.2,34.5,0.0,22.2,2.0,484.005,27.224,70.0
2024-04-16 16:15:00,372,986.2,34.8,0.0,22.0,2.0,411.004,22.838,70.0
2024-04-16 16:30:00,316,986.2,35.1,0.0,21.9,2.0,394.001,19.408,70.0
2024-04-16 16:45:00,261,986.2,35.6,0.0,21.7,1.9,308.009,15.344,70.0
2024-04-16 17:00:00,210,986.2,36.6,0.0,21.5,1.9,266.004,12.54,70.0
2024-04-16 17:15:00,164,986.2,39.1,0.0,21.3,1.9,210.002,8.786,70.0
2024-04-16 17:30:00,123,986.2,43.0,0.0,20.9,1.9,159.0,7.174,70.0
2024-04-16 17:45:00,88,986.2,46.2,0.0,20.4,1.9,115.003,4.682,70.0
2024-04-16 18:00:00,58,986.2,46.6,0.0,19.8,1.9,72.009,2.947,70.0
2024-04-16 18:15:00,34,986.2,46.0,0.0,19.4,1.9,32.009,1.531,70.0
2024-04-16 18:30:00,15,986.2,47.1,0.0,19.1,1.9,13.003,0.519,70.0
2024-04-16 18:45:00,1,986.2,49.7,0.0,18.7,1.9,0.0,0.0,70.0
2024-04-16 19:00:00,0,986.2,52.0,0.0,18.3,1.9,0.0,0.0,70.0
2024-04-16 19:15:00,0,986.2,54.0,0.0,18.1,1.9,0.0,0.0,70.0
2024-04-16 19:30:00,0,986.2,56.0,0.0,17.8,1.9,0.0,0.0,70.0
2024-04-16 19:45:00,0,986.2,57.8,0.0,17.6,1.9,0.0,0.0,70.0
2024-04-16 20:00:00,0,986.2,59.2,0.0,17.3,1.9,0.0,0.0,70.0
2024-04-16 20:15:00,0,986.2,60.6,0.0,17.0,1.8,0.0,0.0,70.0
2024-04-16 20:30:00,0,986.2,62.2,0.0,16.6,1.8,0.0,0.0,70.0
2024-04-16 20:45:00,0,986.2,64.2,0.0,16.2,1.8,0.0,0.0,70.0
2024-04-16 21:00:00,0,986.2,66.2,0.0,15.8,1.8,0.0,0.0,70.0
2024-04-16 21:15:00,0,986.2,68.3,0.0,15.4,1.8,0.0,0.0,70.0
2024-04-16 21:30:00,0,986.2,69.9,0.0,15.0,1.8,0.0,0.0,70.0
2024-04-16 21:45:00,0,986.2,70.9,0.0,14.7,1.8,0.0,0.0,70.0
2024-04-16 22:00:00,0,986.2,71.6,0.0,14.4,1.8,0.0,0.0,70.0
2024-04-16 22:15:00,0,986.2,71.7,0.0,14.2,1.8,0.0,0.0,70.0
2024-04-16 22:30:00,0,986.2,71.2,0.0,14.2,1.8,0.0,0.0,70.0
2024-04-16 22:45:00,0,986.2,70.4,0.0,14.0,1.8,0.0,0.0,70.0
2024-04-16 23:00:00,0,986.2,69.3,0.0,13.9,1.8,0.0,0.0,70.0
2024-04-16 23:15:00,0,986.2,68.0,0.0,13.9,1.8,0.0,0.0,70.0
2024-04-16 23:30:00,0,986.2,66.5,0.0,13.8,1.9,0.0,0.0,70.0
2024-04-16 23:45:00,0,986.2,65.0,0.0,13.7,1.9,0.0,0.0,70.0
2024-04-17 00:00:00,0,986.2,61.7,0.0,14.1,1.3,0.0,0.0,70.0
2024-04-17 00:15:00,0,986.2,61.3,0.0,14.0,1.3,0.0,0.0,70.0
2024-04-17 00:30:00,0,986.2,60.8,0.0,13.8,1.3,0.0,0.0,70.0
2024-04-17 00:45:00,0,986.2,60.2,0.0,13.7,1.3,0.0,0.0,70.0
2024-04-17 01:00:00,0,986.2,59.5,0.0,13.5,1.3,0.0,0.0,70.0
2024-04-17 01:15:00,0,986.2,58.7,0.0,13.3,1.3,0.0,0.0,70.0
2024-04-17 01:30:00,0,986.2,57.6,0.0,13.2,1.2,0.0,0.0,70.0
2024-04-17 01:45:00,0,986.2,56.4,0.0,13.1,1.2,0.0,0.0,70.0
2024-04-17 02:00:00,0,986.2,55.1,0.0,13.0,1.2,0.0,0.0,70.0
2024-04-17 02:15:00,0,986.2,53.8,0.0,12.9,1.2,0.0,0.0,70.0
2024-04-17 02:30:00,0,986.2,52.7,0.0,12.8,1.2,0.0,0.0,70.0
2024-04-17 02:45:00,0,986.2,51.7,0.0,12.8,1.2,0.0,0.0,70.0
2024-04-17 03:00:00,0,986.2,50.8,0.0,12.8,1.2,0.0,0.0,70.0
2024-04-17 03:15:00,0,986.1,50.1,0.0,12.7,1.3,0.0,0.0,70.0
2024-04-17 03:30:00,0,986.1,49.6,0.0,12.7,1.3,0.0,0.0,70.0
2024-04-17 03:45:00,0,986.1,49.3,0.0,12.7,1.3,0.0,0.0,70.0
2024-04-17 04:00:00,0,986.1,49.2,0.0,12.7,1.3,0.0,0.0,70.0
2024-04-17 04:15:00,0,986.1,49.2,0.0,12.6,1.3,0.0,0.0,70.0
2024-04-17 04:30:00,0,986.1,49.4,0.0,12.5,1.3,0.0,0.0,70.0
2024-04-17 04:45:00,0,986.1,49.8,0.0,12.4,1.3,0.0,0.0,70.0
2024-04-17 05:00:00,0,986.1,50.1,0.0,12.4,1.3,0.0,0.0,70.0
2024-04-17 05:15:00,0,986.1,50.4,0.0,12.3,1.2,0.0,0.0,70.0
2024-04-17 05:30:00,0,986.1,50.5,0.0,12.3,1.2,0.0,0.0,70.0
2024-04-17 05:45:00,4,986.1,50.4,0.0,12.3,1.2,9.006,0.267,70.0
2024-04-17 06:00:00,26,986.1,50.2,0.0,12.3,1.2,34.01,1.404,70.0
2024-04-17 06:15:00,49,986.1,49.9,0.0,12.4,1.2,64.004,3.29,70.0
2024-04-17 06:30:00,73,986.1,49.6,0.0,12.5,1.2,93.009,4.8,70.0
2024-04-17 06:45:00,99,986.1,49.2,0.0,12.7,1.2,128.003,6.632,70.0
2024-04-17 07:00:00,127,986.1,48.9,0.0,12.9,1.2,180.005,9.195,70.0
2024-04-17 07:15:00,159,986.2,49.4,0.0,13.3,1.3,213.006,11.076,70.0
2024-04-17 07:30:00,194,986.2,51.0,0.0,13.7,1.3,265.008,14.834,70.0
2024-04-17 07:45:00,233,986.2,52.2,0.0,14.0,1.3,294.004,15.212,70.0
2024-04-17 08:00:00,274,986.2,54.0,0.0,14.6,1.4,323.004,18.816,70.0
2024-04-17 08:15:00,318,986.2,54.0,0.0,15.1,1.4,388.008,19.17,70.0
2024-04-17 08:30:00,364,986.2,53.4,0.0,15.7,1.4,454.007,26.31,70.0
2024-04-17 08:45:00,411,986.2,50.9,0.0,16.2,1.4,497.005,31.511,70.0
2024-04-17 09:00:00,458,986.2,50.3,0.0,16.6,1.5,575.009,32.716,70.0
2024-04-17 09:15:00,503,986.2,46.7,0.0,17.1,1.5,701.002,41.741,70.0
2024-04-17 09:30:00,546,986.2,45.6,0.0,17.5,1.5,696.0,45.89,70.0
2024-04-17 09:45:00,585,986.2,45.4,0.0,17.8,1.5,822.009,43.952,70.0
2024-04-17 10:00:00,622,986.2,45.2,0.0,18.2,1.5,866.007,50.232,70.0
2024-04-17 10:15:00,656,986.2,44.2,0.0,18.6,1.6,665.003,41.395,70.0
2024-04-17 10:30:00,686,986.2,43.8,0.0,18.9,1.6,572.001,46.379,70.0
2024-04-17 10:45:00,714,986.2,44.1,0.0,19.2,1.6,822.003,49.509,70.0
2024-04-17 11:00:00,738,986.2,44.2,0.0,19.5,1.7,739.008,32.853,70.0
2024-04-17 11:15:00,758,986.2,43.7,0.0,19.8,1.7,883.001,54.26,70.0
2024-04-17 11:30:00,774,986.2,43.5,0.0,20.1,1.7,979.006,52.075,70.0
2024-04-17 11:45:00,787,986.2,43.2,0.0,20.4,1.7,998.006,54.87,70.0
2024-04-17 12:00:00,796,986.2,43.0,0.0,20.6,1.7,1007.005,53.192,70.0
2024-04-17 12:15:00,801,986.2,42.9,0.0,20.9,1.7,810.003,50.008,70.0
2024-04-17 12:30:00,802,986.2,42.5,0.0,21.1,1.7,797.003,52.306,70.0
2024-04-17 12:45:00,799,986.2,42.2,0.0,21.3,1.7,958.0,41.05,70.0
2024-04-17 13:00:00,794,986.2,42.1,0.0,21.4,1.7,970.005,51.728,70.0
2024-04-17 13:15:00,786,986.2,42.2,0.0,21.6,1.7,902.003,51.716,70.0
2024-04-17 13:30:00,775,986.2,42.3,0.0,21.7,1.7,913.001,45.407,70.0
2024-04-17 13:45:00,760,986.2,42.3,0.0,21.9,1.7,758.001,41.524,70.0
2024-04-17 14:00:00,741,986.2,42.3,0.0,22.0,1.7,637.007,38.18,70.0
2024-04-17 14:15:00,717,986.2,42.4,0.0,22.1,1.7,828.009,45.573,70.0
2024-04-17 14:30:00,689,986.2,42.5,0.0,22.2,1.8,792.001,35.416,70.0
2024-04-17 14:45:00,656,986.2,42.7,0.0,22.3,1.8,773.006,43.639,70.0
2024-04-17 15:00:00,619,986.2,43.0,0.0,22.3,1.8,711.009,42.417,70.0
2024-04-17 15:15:00,578,986.2,43.3,0.0,22.3,1.8,619.003,33.901,70.0
2024-04-17 15:30:00,533,986.2,43.6,0.0,22.3,1.8,576.002,32.709,70.0
2024-04-17 15:45:00,483,986.2,43.9,0.0,22.3,1.8,518.004,29.063,70.0
2024-04-17 16:00:00,430,986.2,44.3,0.0,22.2,1.9,464.003,25.154,70.0
2024-04-17 16:15:00,374,986.2,44.7,0.0,22.1,1.9,408.006,21.365,70.0
2024-04-17 16:30:00,318,986.2,45.2,0.0,21.9,2.0,349.006,17.214,70.0
2024-04-17 16:45:00,263,986.2,45.8,0.0,21.8,2.0,291.009,13.945,70.0
2024-04-17 17:00:00,212,986.2,46.5,0.0,21.6,2.1,233.008,10.637,70.0
2024-04-17 17:15:00,165,986.2,47.3,0.0,21.3,2.2,185.003,7.88,70.0
2024-04-17 17:30:00,124,986.2,49.3,0.0,21.1,2.2,134.002,5.525,70.0
2024-04-17 17:45:00,89,986.2,52.1,0.0,20.7,2.3,95.007,3.851,70.0
2024-04-17 18:00:00,59,986.2,54.5,0.0,20.1,2.4,53.004,2.367,70.0
2024-04-17 18:15:00,35,986.2,56.3,0.0,19.5,2.4,27.01,1.048,70.0
2024-04-17 18:30:00,15,986.2,58.0,0.0,19.0,2.5,0.0,0.237,70.0
2024-04-17 18:45:00,1,986.2,59.4,0.0,18.5,2.5,0.0,0.0,70.0
2024-04-17 19:00:00,0,986.2,60.5,0.0,18.1,2.5,0.0,0.0,70.0
2024-04-17 19:15:00,0,986.2,61.8,0.0,17.8,2.6,0.0,0.0,70.0
2024-04-17 19:30:00,0,986.2,62.9,0.0,17.4,2.6,0.0,0.0,70.0
2024-04-17 19:45:00,0,986.2,63.3,0.0,17.0,2.6,0.0,0.0,70.0
2024-04-17 20:00:00,0,986.2,63.6,0.0,16.7,2.6,0.0,0.0,70.0
2024-04-17 20:15:00,0,986.2,64.4,0.0,16.4,2.6,0.0,0.0,70.0
2024-04-17 20:30:00,0,986.2,65.6,0.0,16.1,2.6,0.0,0.0,70.0
2024-04-17 20:45:00,0,986.2,66.4,0.0,15.8,2.6,0.0,0.0,70.0
2024-04-17 21:00:00,0,986.2,66.9,0.0,15.6,2.6,0.0,0.0,70.0
2024-04-17 21:15:00,0,986.2,67.4,0.0,15.4,2.6,0.0,0.0,70.0
2024-04-17 21:30:00,0,986.2,69.7,0.0,15.1,2.6,0.0,0.0,70.0
2024-04-17 21:45:00,0,986.2,73.0,0.0,14.7,2.6,0.0,0.0,70.0
2024-04-17 22:00:00,0,986.2,75.0,0.0,14.3,2.6,0.0,0.0,70.0
2024-04-17 22:15:00,0,986.2,74.5,0.0,14.1,2.5,0.0,0.0,70.0
2024-04-17 22:30:00,0,986.2,73.9,0.0,14.0,2.5,0.0,0.0,70.0
2024-04-17 22:45:00,0,986.2,74.0,0.0,13.7,2.5,0.0,0.0,70.0
2024-04-17 23:00:00,0,986.2,75.0,0.0,13.5,2.4,0.0,0.0,70.0
2024-04-17 23:15:00,0,986.2,76.2,0.0,13.3,2.4,0.0,0.0,70.0
2024-04-17 23:30:00,0,986.2,76.9,0.0,13.1,2.3,0.0,0.0,70.0
2024-04-17 23:45:00,0,986.2,77.3,0.0,12.9,2.3,0.0,0.0,70.0
2024-04-18 00:00:00,0,986.2,74.0,0.0,13.6,2.3,0.0,0.0,70.0
2024-04-18 00:15:00,0,986.2,74.6,0.0,13.5,2.2,0.0,0.0,70.0
2024-04-18 00:30:00,0,986.1,75.1,0.0,13.4,2.1,0.0,0.0,70.0
2024-04-18 00:45:00,0,986.1,75.6,0.0,13.4,2.0,0.0,0.0,70.0
2024-04-18 01:00:00,0,986.1,76.0,0.0,13.3,2.0,0.0,0.0,70.0
2024-04-18 01:15:00,0,986.1,76.4,0.0,13.3,1.8,0.0,0.0,70.0
2024-04-18 01:30:00,0,986.1,76.7,0.0,13.2,1.7,0.0,0.0,70.0
2024-04-18 01:45:00,0,986.1,76.9,0.0,13.2,1.6,0.0,0.0,70.0
2024-04-18 02:00:00,0,986.1,77.2,0.0,13.1,1.5,0.0,0.0,70.0
2024-04-18 02:15:00,0,986.1,77.5,0.0,13.1,1.4,0.0,0.0,70.0
2024-04-18 02:30:00,0,986.1,77.8,0.0,13.0,1.3,0.0,0.0,70.0
2024-04-18 02:45:00,0,986.1,78.2,0.0,13.0,1.2,0.0,0.0,70.0
2024-04-18 03:00:00,0,986.1,78.5,0.0,13.0,1.2,0.0,0.0,70.0
2024-04-18 03:15:00,0,986.1,78.9,0.0,12.9,1.1,0.0,0.0,70.0
2024-04-18 03:30:00,0,986.1,79.1,0.0,12.9,1.1,0.0,0.0,70.0
2024-04-18 03:45:00,0,986.1,79.3,0.0,12.9,1.0,0.0,0.0,70.0
2024-04-18 04:00:00,0,986.1,79.5,0.0,12.9,1.0,0.0,0.0,70.0
2024-04-18 04:15:00,0,986.1,79.5,0.0,12.9,1.0,0.0,0.0,70.0
2024-04-18 04:30:00,0,986.1,79.4,0.0,12.9,1.0,0.0,0.0,70.0
2024-04-18 04:45:00,0,986.1,79.3,0.0,12.9,0.9,0.0,0.0,70.0
2024-04-18 05:00:00,0,986.1,79.2,0.0,12.9,0.9,0.0,0.0,70.0
2024-04-18 05:15:00,0,986.7,80.0,0.0,12.5,0.9,0.0,0.0,70.0
2024-04-18 05:30:00,0,986.6,80.1,0.0,12.4,0.8,0.0,0.004,70.0
2024-04-18 05:45:00,7,986.7,80.2,0.0,12.3,0.8,14.007,0.49,70.0
2024-04-18 06:00:00,33,986.7,80.3,0.0,12.3,0.8,38.009,1.56,70.0
2024-04-18 06:15:00,60,986.7,80.3,0.0,12.3,0.8,78.01,3.071,70.0
2024-04-18 06:30:00,88,986.7,80.0,0.0,12.4,0.8,119.003,4.98,70.0
2024-04-18 06:45:00,118,986.7,79.4,0.0,12.7,0.8,165.008,7.437,70.0
2024-04-18 07:00:00,151,986.7,78.3,0.0,13.0,0.8,217.0,10.33,70.0
2024-04-18 07:15:00,188,986.7,77.4,0.0,13.6,0.9,269.007,13.663,70.0
2024-04-18 07:30:00,228,986.7,77.1,0.0,14.1,1.0,325.007,17.422,70.0
2024-04-18 07:45:00,272,986.7,76.8,0.0,14.8,1.1,386.0,21.348,70.0
2024-04-18 08:00:00,319,986.7,76.3,0.0,15.5,1.1,441.004,25.403,70.0
2024-04-18 08:15:00,368,986.7,71.8,0.0,16.4,1.2,495.006,29.064,70.0
2024-04-18 08:30:00,419,986.7,70.7,0.0,17.1,1.3,545.006,32.572,70.0
2024-04-18 08:45:00,471,986.7,69.6,0.0,17.9,1.3,592.001,35.84,70.0
2024-04-18 09:00:00,523,986.7,67.2,0.0,18.8,1.3,638.003,38.918,70.0
2024-04-18 09:15:00,572,986.7,63.5,0.0,19.8,1.4,680.005,41.421,70.0
2024-04-18 09:30:00,618,986.8,60.0,0.0,20.6,1.4,723.002,43.71,70.0
2024-04-18 09:45:00,660,986.8,56.4,0.0,21.3,1.4,765.003,45.799,70.0
2024-04-18 10:00:00,697,986.8,53.9,0.0,21.9,1.5,809.004,47.852,70.0
2024-04-18 10:15:00,731,986.8,52.7,0.0,22.3,1.5,784.001,47.086,70.0
2024-04-18 10:30:00,760,986.8,51.6,0.0,22.6,1.5,867.002,50.544,70.0
2024-04-18 10:45:00,785,986.8,49.8,0.0,23.0,1.6,900.004,48.44,70.0
2024-04-18 11:00:00,806,986.8,47.9,0.0,23.3,1.7,884.003,42.299,70.0
2024-04-18 11:15:00,822,986.8,46.9,0.0,23.5,1.7,912.003,52.336,70.0
2024-04-18 11:30:00,835,986.8,45.5,0.0,23.8,1.8,910.004,52.195,70.0
2024-04-18 11:45:00,843,986.8,44.5,0.0,24.0,1.9,933.002,53.872,70.0
2024-04-18 12:00:00,846,986.8,44.4,0.0,24.1,2.0,947.001,54.187,70.0
2024-04-18 12:15:00,846,986.8,43.9,0.0,24.3,2.0,940.004,53.945,70.0
2024-04-18 12:30:00,843,986.8,43.4,0.0,24.4,2.1,937.005,53.683,70.0
2024-04-18 12:45:00,836,986.8,43.1,0.0,24.5,2.1,927.009,53.229,70.0
2024-04-18 13:00:00,826,986.8,42.9,0.0,24.6,2.1,914.007,52.608,70.0
2024-04-18 13:15:00,813,986.8,43.0,0.0,24.7,2.1,895.008,51.475,70.0
2024-04-18 13:30:00,796,986.8,43.5,0.0,24.8,2.0,871.002,50.827,70.0
2024-04-18 13:45:00,776,986.8,43.7,0.0,24.8,2.0,837.004,48.946,70.0
2024-04-18 14:00:00,752,986.8,42.9,0.0,24.9,2.0,813.003,46.825,70.0
2024-04-18 14:15:00,724,986.8,41.6,0.0,24.9,2.0,748.007,44.882,70.0
2024-04-18 14:30:00,692,986.8,41.6,0.0,24.9,2.1,732.001,42.592,70.0
2024-04-18 14:45:00,656,986.8,42.0,0.0,24.9,2.1,688.007,40.045,70.0
2024-04-18 15:00:00,617,986.8,41.4,0.0,24.9,2.1,636.004,37.25,70.0
2024-04-18 15:15:00,573,986.8,39.5,0.0,24.9,2.2,603.005,34.438,70.0
2024-04-18 15:30:00,527,986.8,37.5,0.0,24.8,2.2,548.008,30.656,70.0
2024-04-18 15:45:00,477,986.8,37.2,0.0,24.7,2.2,475.003,27.172,70.0
2024-04-18 16:00:00,424,986.8,39.0,0.0,24.7,2.2,436.002,23.75,70.0
2024-04-18 16:15:00,368,986.8,41.8,0.0,24.6,2.3,387.002,20.5,70.0
2024-04-18 16:30:00,313,986.8,44.5,0.0,24.5,2.3,334.001,17.104,70.0
2024-04-18 16:45:00,260,986.8,46.3,0.0,24.3,2.3,288.009,13.769,70.0
2024-04-18 17:00:00,210,986.8,46.9,0.0,24.0,2.3,232.005,10.503,70.0
2024-04-18 17:15:00,164,986.8,47.4,0.0,23.7,2.4,182.001,8.02,70.0
2024-04-18 17:30:00,124,986.8,48.9,0.0,23.2,2.4,140.0,5.766,70.0
2024-04-18 17:45:00,89,986.8,51.3,0.0,22.6,2.4,96.007,3.566,70.0
2024-04-18 18:00:00,60,986.8,53.4,0.0,22.0,2.4,52.006,2.119,70.0
2024-04-18 18:15:00,36,986.8,54.6,0.0,21.4,2.4,22.005,0.879,70.0
2024-04-18 18:30:00,17,986.8,55.7,0.0,20.9,2.4,0.0,0.259,70.0
2024-04-18 18:45:00,2,986.8,57.2,0.0,20.6,2.5,0.0,0.0,70.0
2024-04-18 19:00:00,0,986.8,58.6,0.0,20.2,2.5,0.0,0.0,70.0
2024-04-18 19:15:00,0,986.8,59.5,0.0,19.8,2.5,0.0,0.0,70.0
2024-04-18 19:30:00,0,986.8,59.9,0.0,19.5,2.6,0.0,0.0,70.0
2024-04-18 19:45:00,0,986.7,59.6,0.0,19.2,2.6,0.0,0.0,70.0
2024-04-18 20:00:00,0,986.7,59.2,0.0,19.0,2.6,0.0,0.0,70.0
2024-04-18 20:15:00,0,986.7,59.5,0.0,18.7,2.5,0.0,0.0,70.0
2024-04-18 20:30:00,0,986.7,59.6,0.0,18.5,2.5,0.0,0.0,70.0
2024-04-18 20:45:00,0,986.7,59.6,0.0,18.3,2.4,0.0,0.0,70.0
2024-04-18 21:00:00,0,986.7,59.7,0.0,18.0,2.4,0.0,0.0,70.0
2024-04-18 21:15:00,0,986.7,60.0,0.0,17.8,2.4,0.0,0.0,70.0
2024-04-18 21:30:00,0,986.7,60.7,0.0,17.6,2.3,0.0,0.0,70.0
2024-04-18 21:45:00,0,986.7,61.4,0.0,17.4,2.2,0.0,0.0,70.0
2024-04-18 22:00:00,0,986.7,61.9,0.0,17.3,2.2,0.0,0.0,70.0
2024-04-18 22:15:00,0,986.7,62.2,0.0,17.3,2.1,0.0,0.0,70.0
2024-04-18 22:30:00,0,986.7,62.8,0.0,17.4,2.0,0.0,0.0,70.0
2024-04-18 22:45:00,0,986.7,64.1,0.0,17.3,1.9,0.0,0.0,70.0
2024-04-18 23:00:00,0,986.7,66.1,0.0,17.2,1.8,0.0,0.0,70.0
2024-04-18 23:15:00,0,986.7,68.2,0.0,17.0,1.7,0.0,0.0,70.0
2024-04-18 23:30:00,0,986.7,69.9,0.0,16.9,1.6,0.0,0.0,70.0
2024-04-18 23:45:00,0,986.7,71.5,0.0,16.6,1.5,0.0,0.0,70.0
2024-04-19 00:00:00,0,986.2,74.5,0.0,16.4,2.0,0.0,0.0,70.0
2024-04-19 00:15:00,0,986.2,75.3,0.0,16.4,1.9,0.0,0.0,70.0
2024-04-19 00:30:00,0,986.2,76.1,0.0,16.3,1.8,0.0,0.0,70.0
2024-04-19 00:45:00,0,986.2,77.0,0.0,16.2,1.7,0.0,0.0,70.0
2024-04-19 01:00:00,0,986.2,78.2,0.0,16.0,1.6,0.0,0.0,70.0
2024-04-19 01:15:00,0,986.2,79.8,0.0,15.9,1.5,0.0,0.0,70.0
2024-04-19 01:30:00,0,986.2,81.6,0.0,15.6,1.4,0.0,0.0,70.0
2024-04-19 01:45:00,0,986.2,83.2,0.0,15.5,1.3,0.0,0.0,70.0
2024-04-19 02:00:00,0,986.2,84.5,0.0,15.2,1.2,0.0,0.0,70.0
2024-04-19 02:15:00,0,986.2,85.3,0.0,15.1,1.1,0.0,0.0,70.0
2024-04-19 02:30:00,0,986.2,85.9,0.0,15.0,1.1,0.0,0.0,70.0
2024-04-19 02:45:00,0,986.2,86.7,0.0,15.0,1.0,0.0,0.0,70.0
2024-04-19 03:00:00,0,986.2,87.7,0.0,14.8,0.9,0.0,0.0,70.0
2024-04-19 03:15:00,0,986.2,89.5,0.0,14.7,0.9,0.0,0.0,70.0
2024-04-19 03:30:00,0,986.1,91.2,0.0,14.5,0.8,0.0,0.0,70.0
2024-04-19 03:45:00,0,986.1,92.4,0.0,14.3,0.8,0.0,0.0,70.0
2024-04-19 04:00:00,0,986.1,92.5,0.0,14.2,0.8,0.0,0.0,70.0
2024-04-19 04:15:00,0,986.1,92.7,0.0,14.1,0.7,0.0,0.0,70.0
2024-04-19 04:30:00,0,986.1,93.4,0.0,13.9,0.7,0.0,0.0,70.0
2024-04-19 04:45:00,0,986.1,94.5,0.0,13.8,0.6,0.0,0.0,70.0
2024-04-19 05:00:00,0,986.1,95.6,0.0,13.6,0.6,0.0,0.0,70.0
2024-04-19 05:15:00,0,986.1,96.1,0.0,13.5,0.6,0.0,0.0,70.0
2024-04-19 05:30:00,0,986.1,96.1,0.0,13.3,0.6,0.0,0.075,70.0
2024-04-19 05:45:00,9,986.1,96.0,0.0,13.3,0.7,19.004,0.727,70.0
2024-04-19 06:00:00,34,986.1,96.0,0.0,13.2,0.7,48.006,2.176,70.0
2024-04-19 06:15:00,60,986.1,96.4,0.0,13.1,0.7,90.005,4.359,70.0
2024-04-19 06:30:00,88,986.1,96.5,0.0,13.1,0.7,130.007,6.454,70.0
2024-04-19 06:45:00,117,986.1,96.4,0.0,13.2,0.8,175.001,9.078,70.0
2024-04-19 07:00:00,148,986.1,96.1,0.0,13.4,0.8,181.009,9.64,70.0
2024-04-19 07:15:00,183,986.1,95.3,0.0,13.6,0.9,242.0,11.989,70.0
2024-04-19 07:30:00,221,986.1,93.8,0.0,14.0,1.0,210.006,10.794,70.0
2024-04-19 07:45:00,262,986.1,90.7,0.0,14.4,1.2,315.003,17.232,70.0
2024-04-19 08:00:00,306,986.1,87.7,0.0,14.8,1.3,429.01,25.201,70.0
2024-04-19 08:15:00,352,986.1,85.6,0.0,15.3,1.4,481.007,27.161,70.0
2024-04-19 08:30:00,400,986.1,81.9,0.0,15.9,1.5,389.003,24.307,70.0
2024-04-19 08:45:00,448,986.1,76.9,0.0,16.5,1.7,480.002,28.73,70.0
2024-04-19 09:00:00,495,986.2,73.8,0.0,16.9,1.8,385.006,28.966,70.0
2024-04-19 09:15:00,539,986.2,71.3,0.0,17.3,2.0,476.005,28.751,70.0
2024-04-19 09:30:00,580,986.2,68.3,0.0,17.8,2.2,550.001,28.625,70.0
2024-04-19 09:45:00,616,986.2,64.7,0.0,18.4,2.3,507.008,27.621,70.0
2024-04-19 10:00:00,648,986.2,61.5,0.0,18.9,2.5,866.01,49.664,70.0
2024-04-19 10:15:00,676,986.2,59.7,0.0,19.4,2.7,811.007,47.114,70.0
2024-04-19 10:30:00,700,986.2,56.4,0.0,19.7,2.9,839.005,47.714,70.0
2024-04-19 10:45:00,720,986.2,53.9,0.0,20.0,3.0,786.005,45.994,70.0
2024-04-19 11:00:00,736,986.2,51.4,0.0,20.3,3.2,862.004,49.611,70.0
2024-04-19 11:15:00,746,986.2,49.8,0.0,20.5,3.4,913.008,52.359,70.0
2024-04-19 11:30:00,753,986.2,47.6,0.0,20.8,3.5,918.007,48.304,70.0
2024-04-19 11:45:00,754,986.2,45.5,0.0,21.0,3.7,655.002,44.567,70.0
2024-04-19 12:00:00,752,986.2,42.7,0.0,21.2,3.9,721.001,38.393,70.0
2024-04-19 12:15:00,745,986.2,40.6,0.0,21.4,4.0,693.003,48.804,70.0
2024-04-19 12:30:00,734,986.2,38.9,0.0,21.3,4.2,864.002,47.8,70.0
2024-04-19 12:45:00,719,986.2,38.6,0.0,21.2,4.3,923.004,56.64,70.0
2024-04-19 13:00:00,700,986.2,38.1,0.0,21.4,4.4,668.004,53.353,70.0
2024-04-19 13:15:00,677,986.2,36.3,0.0,21.5,4.5,680.004,45.929,70.0
2024-04-19 13:30:00,650,986.2,34.4,0.0,21.6,4.5,738.009,43.513,70.0
2024-04-19 13:45:00,620,986.2,34.2,0.0,21.7,4.6,599.001,34.769,70.0
2024-04-19 14:00:00,587,986.2,34.3,0.0,21.7,4.6,1006.008,53.587,70.0
2024-04-19 14:15:00,552,986.2,34.4,0.0,21.7,4.6,771.004,45.753,70.0
2024-04-19 14:30:00,514,986.2,34.6,0.0,21.3,4.6,762.002,42.941,70.0
2024-04-19 14:45:00,475,986.2,34.6,0.0,21.2,4.5,813.006,44.03,70.0
2024-04-19 15:00:00,435,986.2,35.5,0.0,20.8,4.5,810.0,43.682,70.0
2024-04-19 15:15:00,394,986.1,37.3,0.0,20.5,4.4,581.0,29.01,70.0
2024-04-19 15:30:00,352,986.1,38.8,0.0,20.4,4.4,546.007,29.424,70.0
2024-04-19 15:45:00,311,986.1,39.9,0.0,20.1,4.4,367.002,20.333,70.0
2024-04-19 16:00:00,268,986.1,41.5,0.0,19.6,4.3,306.003,16.319,70.0
2024-04-19 16:15:00,226,986.1,43.3,0.0,19.2,4.3,258.006,13.87,70.0
2024-04-19 16:30:00,184,986.1,45.1,0.0,18.7,4.2,210.004,11.44,70.0
2024-04-19 16:45:00,146,986.1,46.6,0.0,18.3,4.2,180.007,9.404,70.0
2024-04-19 17:00:00,111,986.1,48.6,0.0,17.9,4.1,131.008,6.963,70.0
2024-04-19 17:15:00,81,986.1,50.6,0.0,17.5,4.0,94.006,4.633,70.0
2024-04-19 17:30:00,56,986.1,51.6,0.0,17.1,4.0,63.002,2.897,70.0
2024-04-19 17:45:00,35,986.1,52.7,0.0,16.6,3.9,35.004,1.501,70.0
2024-04-19 18:00:00,20,986.1,54.2,0.0,16.2,3.9,21.007,1.112,70.0
2024-04-19 18:15:00,10,986.1,55.7,0.0,15.8,3.8,15.001,0.7,70.0
2024-04-19 18:30:00,4,986.1,57.0,0.0,15.5,3.7,0.0,0.188,70.0
2024-04-19 18:45:00,0,986.1,58.3,0.0,15.2,3.7,0.0,0.0,70.0
2024-04-19 19:00:00,0,986.1,59.1,0.0,14.9,3.6,0.0,0.0,70.0
2024-04-19 19:15:00,0,986.1,60.0,0.0,14.7,3.6,0.0,0.0,70.0
2024-04-19 19:30:00,0,986.1,60.5,0.0,14.4,3.6,0.0,0.0,70.0
2024-04-19 19:45:00,0,986.1,60.9,0.0,14.3,3.5,0.0,0.0,70.0
2024-04-19 20:00:00,0,986.1,62.2,0.0,14.0,3.5,0.0,0.0,70.0
2024-04-19 20:15:00,0,986.1,64.0,0.0,13.7,3.6,0.0,0.0,70.0
2024-04-19 20:30:00,0,986.1,65.7,0.0,13.5,3.6,0.0,0.0,70.0
2024-04-19 20:45:00,0,986.1,67.3,0.0,13.3,3.6,0.0,0.0,70.0
2024-04-19 21:00:00,0,986.1,69.2,0.0,13.2,3.6,0.0,0.0,70.0
2024-04-19 21:15:00,0,986.1,71.2,0.1,13.0,3.6,0.0,0.0,70.0
2024-04-19 21:30:00,0,986.1,73.6,0.2,12.8,3.7,0.0,0.0,70.0
2024-04-19 21:45:00,0,986.1,75.7,0.2,12.6,3.7,0.0,0.0,70.0
2024-04-19 22:00:00,0,986.1,77.4,0.2,12.5,3.7,0.0,0.0,70.0
2024-04-19 22:15:00,0,986.1,79.1,0.2,12.3,3.7,0.0,0.0,70.0
2024-04-19 22:30:00,0,986.0,80.6,0.3,12.2,3.7,0.0,0.0,70.0
2024-04-19 22:45:00,0,986.0,81.5,0.3,12.0,3.8,0.0,0.0,70.0
2024-04-19 23:00:00,0,986.0,82.2,0.3,11.9,3.8,0.0,0.0,70.0
2024-04-19 23:15:00,0,986.0,82.7,0.4,11.9,3.8,0.0,0.0,70.0
2024-04-19 23:30:00,0,986.0,83.1,0.4,11.9,3.8,0.0,0.0,70.0
2024-04-19 23:45:00,0,986.0,83.8,0.4,11.8,3.8,0.0,0.0,70.0
2024-04-20 00:00:00,0,986.0,79.0,0.0,12.0,2.1,0.0,0.0,70.0
2024-04-20 00:15:00,0,986.0,79.8,0.0,11.9,2.0,0.0,0.0,70.0
2024-04-20 00:30:00,0,986.0,80.5,0.0,11.9,2.0,0.0,0.0,70.0
2024-04-20 00:45:00,0,986.0,81.0,0.0,11.9,2.0,0.0,0.0,70.0
2024-04-20 01:00:00,0,986.0,81.6,0.0,11.8,2.0,0.0,0.0,70.0
2024-04-20 01:15:00,0,986.0,82.2,0.0,11.8,1.9,0.0,0.0,70.0
2024-04-20 01:30:00,0,986.0,82.7,0.0,11.8,1.9,0.0,0.0,70.0
2024-04-20 01:45:00,0,986.0,83.2,0.0,11.8,1.9,0.0,0.0,70.0
2024-04-20 02:00:00,0,986.0,83.7,0.0,11.7,1.8,0.0,0.0,70.0
2024-04-20 02:15:00,0,986.0,84.2,0.0,11.7,1.8,0.0,0.0,70.0
2024-04-20 02:30:00,0,986.0,84.8,0.0,11.6,1.8,0.0,0.0,70.0
2024-04-20 02:45:00,0,986.0,85.3,0.0,11.6,1.8,0.0,0.0,70.0
2024-04-20 03:00:00,0,986.0,85.9,0.0,11.6,1.8,0.0,0.0,70.0
2024-04-20 03:15:00,0,986.0,86.2,0.0,11.5,1.8,0.0,0.0,70.0
2024-04-20 03:30:00,0,986.0,86.6,0.0,11.5,1.8,0.0,0.0,70.0
2024-04-20 03:45:00,0,986.0,87.0,0.0,11.5,1.8,0.0,0.0,70.0
2024-04-20 04:00:00,0,986.0,87.3,0.0,11.5,1.8,0.0,0.0,70.0
2024-04-20 04:15:00,0,986.0,87.4,0.0,11.5,1.8,0.0,0.0,70.0
2024-04-20 04:30:00,0,986.0,87.5,0.0,11.4,1.7,0.0,0.0,70.0
2024-04-20 04:45:00,0,986.0,87.7,0.0,11.4,1.7,0.0,0.0,70.0
2024-04-20 05:00:00,0,986.0,87.7,0.0,11.3,1.8,0.0,0.0,70.0
2024-04-20 05:15:00,0,986.0,87.8,0.0,11.3,1.8,0.0,0.0,70.0
2024-04-20 05:30:00,0,986.0,87.9,0.0,11.3,1.8,0.0,0.123,70.0
2024-04-20 05:45:00,11,986.0,87.8,0.0,11.2,1.8,19.01,0.693,70.0
2024-04-20 06:00:00,37,986.0,87.6,0.0,11.3,1.8,50.002,1.71,70.0
2024-04-20 06:15:00,64,986.0,87.3,0.0,11.5,1.9,95.009,3.114,70.0
2024-04-20 06:30:00,92,986.0,86.8,0.0,11.8,1.9,141.001,5.038,70.0
2024-04-20 06:45:00,123,986.0,85.7,0.0,12.3,1.9,198.002,7.855,70.0
2024-04-20 07:00:00,155,986.1,84.0,0.0,12.8,2.0,253.01,11.227,70.0
2024-04-20 07:15:00,192,986.1,83.0,0.0,13.3,2.0,310.008,15.026,70.0
2024-04-20 07:30:00,231,986.1,81.4,0.0,13.9,2.0,367.006,19.121,70.0
2024-04-20 07:45:00,274,986.1,80.7,0.0,14.3,2.0,437.002,24.052,70.0
2024-04-20 08:00:00,320,986.1,79.4,0.0,14.8,2.1,401.002,27.164,70.0
2024-04-20 08:15:00,369,986.1,78.3,0.0,15.2,2.1,529.01,31.277,70.0
2024-04-20 08:30:00,419,986.1,78.0,0.0,15.6,2.1,606.002,36.141,70.0
2024-04-20 08:45:00,470,986.1,77.6,0.0,16.0,2.1,581.005,34.322,70.0
2024-04-20 09:00:00,520,986.1,76.5,0.0,16.3,2.1,595.001,40.257,70.0
2024-04-20 09:15:00,569,986.1,75.8,0.0,16.6,2.1,719.001,43.74,70.0
2024-04-20 09:30:00,614,986.1,75.2,0.0,16.9,2.1,759.003,46.575,70.0
2024-04-20 09:45:00,654,986.1,74.0,0.0,17.2,2.2,804.008,48.908,70.0
2024-04-20 10:00:00,692,986.1,73.4,0.0,17.5,2.2,831.004,50.591,70.0
2024-04-20 10:15:00,726,986.1,72.7,0.0,17.8,2.2,879.009,51.875,70.0
2024-04-20 10:30:00,756,986.1,71.7,0.0,18.1,2.3,904.008,53.303,70.0
2024-04-20 10:45:00,783,986.1,70.6,0.0,18.4,2.3,928.002,54.544,70.0
2024-04-20 11:00:00,805,986.1,70.1,0.0,18.7,2.4,957.004,54.705,70.0
2024-04-20 11:15:00,823,986.1,69.1,0.0,19.0,2.4,955.002,55.515,70.0
2024-04-20 11:30:00,837,986.1,68.1,0.0,19.3,2.4,968.006,55.173,70.0
2024-04-20 11:45:00,845,986.1,67.3,0.0,19.5,2.4,980.006,55.73,70.0
2024-04-20 12:00:00,849,986.1,66.7,0.0,19.8,2.5,971.002,55.502,70.0
2024-04-20 12:15:00,848,986.1,66.1,0.0,20.0,2.5,971.001,55.431,70.0
2024-04-20 12:30:00,842,986.1,65.8,0.0,20.2,2.5,964.005,55.347,70.0
2024-04-20 12:45:00,831,986.2,66.0,0.0,20.4,2.5,954.003,54.342,70.0
2024-04-20 13:00:00,816,986.2,65.7,0.0,20.6,2.6,928.007,54.042,70.0
2024-04-20 13:15:00,796,986.2,65.4,0.0,20.7,2.6,915.008,52.953,70.0
2024-04-20 13:30:00,771,986.2,64.9,0.0,20.9,2.7,882.002,52.053,70.0
2024-04-20 13:45:00,743,986.2,64.9,0.0,20.9,2.7,843.008,49.803,70.0
2024-04-20 14:00:00,711,986.2,65.0,0.0,21.0,2.8,822.007,48.579,70.0
2024-04-20 14:15:00,675,986.2,64.0,0.0,21.0,2.8,783.003,46.903,70.0
2024-04-20 14:30:00,637,986.2,62.5,0.0,21.2,2.8,760.009,44.417,70.0
2024-04-20 14:45:00,596,986.2,61.9,0.0,21.3,2.9,722.003,41.853,70.0
2024-04-20 15:00:00,553,986.2,62.8,0.0,21.3,2.9,663.006,38.225,70.0
2024-04-20 15:15:00,508,986.2,63.9,0.0,21.2,2.9,594.008,34.641,70.0
2024-04-20 15:30:00,462,986.2,63.7,0.1,21.2,2.9,535.001,31.302,70.0
2024-04-20 15:45:00,415,986.2,63.5,0.2,21.0,3.0,481.006,25.547,70.0
2024-04-20 16:00:00,366,986.2,65.3,0.2,20.9,3.0,423.002,22.877,70.0
2024-04-20 16:15:00,317,986.2,68.0,0.1,20.6,3.0,363.007,13.749,70.0
2024-04-20 16:30:00,268,986.2,68.3,0.1,20.5,3.0,282.007,11.825,70.0
2024-04-20 16:45:00,221,986.2,69.0,0.3,20.2,3.0,249.002,10.251,70.0
2024-04-20 17:00:00,178,986.2,70.9,0.3,19.9,3.0,197.005,9.262,70.0
2024-04-20 17:15:00,138,986.2,72.4,0.0,19.5,3.0,150.006,7.811,70.0
2024-04-20 17:30:00,104,986.2,73.7,0.1,19.2,3.0,116.009,5.97,70.0
2024-04-20 17:45:00,75,986.2,75.1,0.0,18.8,3.0,84.003,4.616,70.0
2024-04-20 18:00:00,50,986.2,76.5,0.0,18.5,3.1,66.004,3.229,70.0
2024-04-20 18:15:00,30,986.2,78.0,0.2,18.2,3.1,33.005,1.358,70.0
2024-04-20 18:30:00,14,986.2,79.8,0.2,17.9,3.1,14.002,0.447,70.0
2024-04-20 18:45:00,2,986.2,81.6,0.1,17.6,3.1,0.0,0.0,70.0
2024-04-20 19:00:00,0,986.2,82.6,0.0,17.4,3.0,0.0,0.0,70.0
2024-04-20 19:15:00,0,986.2,83.6,0.0,17.1,3.0,0.0,0.0,70.0
2024-04-20 19:30:00,0,986.2,85.0,0.0,16.8,2.9,0.0,0.0,70.0
2024-04-20 19:45:00,0,986.2,86.3,0.0,16.6,2.9,0.0,0.0,70.0
2024-04-20 20:00:00,0,986.1,87.8,0.0,16.3,2.8,0.0,0.0,70.0
2024-04-20 20:15:00,0,986.1,88.9,0.0,16.0,2.8,0.0,0.0,70.0
2024-04-20 20:30:00,0,986.1,89.1,0.0,15.7,2.7,0.0,0.0,70.0
2024-04-20 20:45:00,0,986.1,89.7,0.0,15.3,2.6,0.0,0.0,70.0
2024-04-20 21:00:00,0,986.1,90.2,0.0,15.1,2.6,0.0,0.0,70.0
2024-04-20 21:15:00,0,986.1,90.6,0.0,14.9,2.5,0.0,0.0,70.0
2024-04-20 21:30:00,0,986.1,91.1,0.0,14.8,2.4,0.0,0.0,70.0
2024-04-20 21:45:00,0,986.1,91.5,0.0,14.6,2.3,0.0,0.0,70.0
2024-04-20 22:00:00,0,986.1,91.8,0.0,14.5,2.2,0.0,0.0,70.0
2024-04-20 22:15:00,0,986.1,91.9,0.0,14.4,2.1,0.0,0.0,70.0
2024-04-20 22:30:00,0,986.1,92.1,0.0,14.2,2.1,0.0,0.0,70.0
2024-04-20 22:45:00,0,986.1,92.3,0.0,14.2,2.0,0.0,0.0,70.0
2024-04-20 23:00:00,0,986.1,92.4,0.0,14.1,1.9,0.0,0.0,70.0
2024-04-20 23:15:00,0,986.1,92.5,0.0,14.1,1.8,0.0,0.0,70.0
2024-04-20 23:30:00,0,986.1,92.6,0.0,14.0,1.7,0.0,0.0,70.0
2024-04-20 23:45:00,0,986.1,92.7,0.0,13.9,1.6,0.0,0.0,70.0
2024-04-21 00:00:00,0,986.6,91.4,0.0,12.8,1.4,0.0,0.0,70.0
2024-04-21 00:15:00,0,986.6,91.2,0.0,12.7,1.3,0.0,0.0,70.0
2024-04-21 00:30:00,0,986.6,90.9,0.0,12.6,1.2,0.0,0.0,70.0
2024-04-21 00:45:00,0,986.6,90.7,0.0,12.4,1.2,0.0,0.0,70.0
2024-04-21 01:00:00,0,986.6,90.7,0.0,12.3,1.2,0.0,0.0,70.0
2024-04-21 01:15:00,0,986.6,90.9,0.0,12.2,1.1,0.0,0.0,70.0
2024-04-21 01:30:00,0,986.6,91.3,0.0,12.2,1.1,0.0,0.0,70.0
2024-04-21 01:45:00,0,986.6,91.8,0.0,12.1,1.1,0.0,0.0,70.0
2024-04-21 02:00:00,0,986.6,92.1,0.0,12.0,1.1,0.0,0.0,70.0
2024-04-21 02:15:00,0,986.6,92.3,0.0,12.0,1.0,0.0,0.0,70.0
2024-04-21 02:30:00,0,986.6,92.2,0.0,12.0,1.0,0.0,0.0,70.0
2024-04-21 02:45:00,0,986.6,92.0,0.0,12.0,1.0,0.0,0.0,70.0
2024-04-21 03:00:00,0,986.6,91.7,0.0,11.9,1.1,0.0,0.0,70.0
2024-04-21 03:15:00,0,986.6,91.6,0.0,11.9,1.1,0.0,0.0,70.0
2024-04-21 03:30:00,0,986.6,91.7,0.0,11.8,1.1,0.0,0.0,70.0
2024-04-21 03:45:00,0,986.6,92.1,0.0,11.8,1.1,0.0,0.0,70.0
2024-04-21 04:00:00,0,986.6,92.6,0.0,11.7,1.1,0.0,0.0,70.0
2024-04-21 04:15:00,0,986.6,93.1,0.0,11.7,1.1,0.0,0.0,70.0
2024-04-21 04:30:00,0,986.6,93.5,0.0,11.6,1.1,0.0,0.0,70.0
2024-04-21 04:45:00,0,986.6,93.9,0.0,11.6,1.1,0.0,0.0,70.0
2024-04-21 05:00:00,0,986.6,94.2,0.0,11.5,1.0,0.0,0.0,70.0
2024-04-21 05:15:00,0,986.6,94.5,0.0,11.4,1.0,0.0,0.0,70.0
2024-04-21 05:30:00,0,986.6,94.7,0.0,11.3,1.0,0.0,0.054,70.0
2024-04-21 05:45:00,11,986.6,94.6,0.0,11.2,1.0,8.003,0.336,70.0
2024-04-21 06:00:00,34,986.6,94.3,0.0,11.2,1.0,33.004,1.28,70.0
2024-04-21 06:15:00,57,986.6,94.2,0.0,11.2,1.0,33.001,1.811,70.0
2024-04-21 06:30:00,81,986.6,93.9,0.0,11.2,1.0,67.005,3.692,70.0
2024-04-21 06:45:00,107,986.6,93.6,0.0,11.3,1.0,120.001,6.018,70.0
2024-04-21 07:00:00,135,986.6,93.4,0.0,11.4,1.0,169.004,9.75,70.0
2024-04-21 07:15:00,166,986.6,93.3,0.0,11.6,1.0,224.009,11.506,70.0
2024-04-21 07:30:00,200,986.6,93.1,0.0,11.8,1.0,190.002,9.742,70.0
2024-04-21 07:45:00,237,986.6,92.0,0.0,12.1,1.0,195.009,10.964,70.0
2024-04-21 08:00:00,277,986.7,90.3,0.0,12.4,1.0,322.005,17.312,70.0
2024-04-21 08:15:00,319,986.7,87.3,0.0,12.9,1.0,312.009,14.155,70.0
2024-04-21 08:30:00,363,986.7,85.5,0.0,13.4,1.0,296.009,17.018,70.0
2024-04-21 08:45:00,406,986.7,82.2,0.0,14.0,1.0,425.004,17.732,70.0
2024-04-21 09:00:00,450,986.7,79.4,0.0,14.5,1.1,517.009,30.172,70.0
2024-04-21 09:15:00,492,986.7,77.1,0.0,14.9,1.1,519.005,30.663,70.0
2024-04-21 09:30:00,531,986.7,75.4,0.0,15.2,1.1,567.003,33.14,70.0
2024-04-21 09:45:00,566,986.7,74.0,0.0,15.6,1.1,705.002,31.387,70.0
2024-04-21 10:00:00,599,986.7,72.0,0.0,16.0,1.2,674.002,34.564,70.0
2024-04-21 10:15:00,629,986.7,70.4,0.0,16.3,1.2,406.003,24.307,70.0
2024-04-21 10:30:00,657,986.7,69.3,0.0,16.7,1.3,481.002,26.364,70.0
2024-04-21 10:45:00,682,986.7,67.9,0.0,17.2,1.3,460.003,29.374,70.0
2024-04-21 11:00:00,703,986.7,66.5,0.0,17.5,1.4,811.009,46.351,70.0
2024-04-21 11:15:00,720,986.7,65.3,0.0,17.9,1.4,636.0,49.253,70.0
2024-04-21 11:30:00,732,986.7,63.8,0.0,18.2,1.5,884.005,52.457,70.0
2024-04-21 11:45:00,739,986.7,62.9,0.0,18.3,1.5,613.008,47.427,70.0
2024-04-21 12:00:00,741,986.7,62.0,0.0,18.5,1.6,509.008,43.037,70.0
2024-04-21 12:15:00,737,986.7,61.4,0.0,18.7,1.6,879.0,36.832,70.0
2024-04-21 12:30:00,727,986.7,60.8,0.0,18.8,1.6,529.001,41.923,70.0
2024-04-21 12:45:00,711,986.7,60.8,0.0,19.0,1.7,907.001,47.789,70.0
2024-04-21 13:00:00,686,986.7,60.9,0.0,19.2,1.7,877.008,48.207,70.0
2024-04-21 13:15:00,655,986.7,60.6,0.0,19.4,1.8,857.003,46.256,70.0
2024-04-21 13:30:00,618,986.7,60.3,0.0,19.6,1.8,817.005,37.934,70.0
2024-04-21 13:45:00,577,986.7,60.9,0.0,19.7,1.9,833.002,34.803,70.0
2024-04-21 14:00:00,533,986.7,61.6,0.0,19.9,2.0,723.002,42.903,70.0
2024-04-21 14:15:00,488,986.7,61.7,0.0,20.0,2.0,728.005,33.773,70.0
2024-04-21 14:30:00,443,986.7,62.0,0.0,20.0,2.1,685.002,33.294,70.0
2024-04-21 14:45:00,399,986.7,62.2,0.0,20.1,2.1,674.004,32.07,70.0
2024-04-21 15:00:00,358,986.7,62.2,0.0,20.1,2.2,523.007,13.631,70.0
2024-04-21 15:15:00,319,986.7,62.3,0.0,20.1,2.2,247.0,10.665,70.0
2024-04-21 15:30:00,284,986.7,62.6,0.0,20.1,2.2,419.007,16.449,70.0
2024-04-21 15:45:00,253,986.7,62.9,0.0,20.0,2.2,303.006,15.097,70.0
2024-04-21 16:00:00,224,986.7,63.3,0.0,20.0,2.2,241.01,13.917,70.0
2024-04-21 16:15:00,197,986.7,63.8,0.0,19.9,2.3,382.009,14.927,70.0
2024-04-21 16:30:00,172,986.7,64.7,0.0,19.8,2.3,347.002,11.59,70.0
2024-04-21 16:45:00,148,986.7,65.4,0.0,19.6,2.3,278.0,11.407,70.0
2024-04-21 17:00:00,125,986.7,65.2,0.0,19.4,2.4,189.004,9.915,70.0
2024-04-21 17:15:00,104,986.7,64.9,0.0,19.3,2.4,190.007,8.082,70.0
2024-04-21 17:30:00,85,986.7,65.7,0.0,19.0,2.5,156.001,6.125,70.0
2024-04-21 17:45:00,66,986.7,67.3,0.0,18.8,2.6,102.005,4.73,70.0
2024-04-21 18:00:00,49,986.7,68.7,0.0,18.5,2.6,60.008,2.554,70.0
2024-04-21 18:15:00,33,986.7,70.0,0.0,18.0,2.6,30.007,1.234,70.0
2024-04-21 18:30:00,17,986.7,71.2,0.0,17.6,2.7,11.004,0.406,70.0
2024-04-21 18:45:00,3,986.7,73.3,0.0,17.3,2.7,0.0,0.0,70.0
2024-04-21 19:00:00,0,986.7,76.0,0.0,16.8,2.7,0.0,0.0,70.0
2024-04-21 19:15:00,0,986.7,77.1,0.0,16.3,2.7,0.0,0.0,70.0
2024-04-21 19:30:00,0,986.7,78.8,0.0,16.0,2.6,0.0,0.0,70.0
2024-04-21 19:45:00,0,986.7,80.3,0.0,15.7,2.6,0.0,0.0,70.0
2024-04-21 20:00:00,0,986.7,81.7,0.0,15.4,2.6,0.0,0.0,70.0
2024-04-21 20:15:00,0,986.7,82.9,0.0,15.2,2.5,0.0,0.0,70.0
2024-04-21 20:30:00,0,986.7,83.1,0.0,14.8,2.5,0.0,0.0,70.0
2024-04-21 20:45:00,0,986.7,84.0,0.0,14.4,2.4,0.0,0.0,70.0
2024-04-21 21:00:00,0,986.7,85.1,0.0,14.1,2.4,0.0,0.0,70.0
2024-04-21 21:15:00,0,986.7,85.7,0.0,13.9,2.4,0.0,0.0,70.0
2024-04-21 21:30:00,0,986.7,86.1,0.0,13.7,2.3,0.0,0.0,70.0
2024-04-21 21:45:00,0,986.7,86.3,0.0,13.5,2.3,0.0,0.0,70.0
2024-04-21 22:00:00,0,986.7,86.2,0.0,13.3,2.2,0.0,0.0,70.0
2024-04-21 22:15:00,0,986.7,86.0,0.0,13.1,2.2,0.0,0.0,70.0
2024-04-21 22:30:00,0,986.7,85.8,0.0,12.9,2.1,0.0,0.0,70.0
2024-04-21 22:45:00,0,986.7,85.6,0.0,12.7,2.0,0.0,0.0,70.0
2024-04-21 23:00:00,0,986.7,85.1,0.0,12.6,1.9,0.0,0.0,70.0
2024-04-21 23:15:00,0,986.7,84.4,0.0,12.5,1.8,0.0,0.0,70.0
2024-04-21 23:30:00,0,986.7,83.5,0.0,12.4,1.7,0.0,0.0,70.0
2024-04-21 23:45:00,0,986.7,82.5,0.0,12.3,1.6,0.0,0.0,70.0
2024-04-22 00:00:00,0,986.1,85.5,0.0,13.8,1.4,0.0,0.0,70.0
2024-04-22 00:15:00,0,986.1,85.6,0.0,13.7,1.4,0.0,0.0,70.0
2024-04-22 00:30:00,0,986.1,85.6,0.0,13.6,1.3,0.0,0.0,70.0
2024-04-22 00:45:00,0,986.1,85.5,0.0,13.5,1.3,0.0,0.0,70.0
2024-04-22 01:00:00,0,986.1,85.3,0.0,13.4,1.3,0.0,0.0,70.0
2024-04-22 01:15:00,0,986.1,85.0,0.0,13.3,1.3,0.0,0.0,70.0
2024-04-22 01:30:00,0,986.1,85.0,0.0,13.2,1.3,0.0,0.0,70.0
2024-04-22 01:45:00,0,986.1,85.1,0.0,13.0,1.3,0.0,0.0,70.0
2024-04-22 02:00:00,0,986.1,85.3,0.0,12.9,1.3,0.0,0.0,70.0
2024-04-22 02:15:00,0,986.1,85.6,0.0,12.8,1.3,0.0,0.0,70.0
2024-04-22 02:30:00,0,986.1,85.7,0.0,12.7,1.3,0.0,0.0,70.0
2024-04-22 02:45:00,0,986.1,85.7,0.0,12.6,1.3,0.0,0.0,70.0
2024-04-22 03:00:00,0,986.1,85.5,0.0,12.5,1.3,0.0,0.0,70.0
2024-04-22 03:15:00,0,986.1,85.4,0.0,12.4,1.3,0.0,0.0,70.0
2024-04-22 03:30:00,0,986.1,85.2,0.0,12.3,1.3,0.0,0.0,70.0
2024-04-22 03:45:00,0,986.1,85.1,0.0,12.3,1.3,0.0,0.0,70.0
2024-04-22 04:00:00,0,986.1,85.0,0.0,12.2,1.2,0.0,0.0,70.0
2024-04-22 04:15:00,0,986.1,84.9,0.0,12.1,1.2,0.0,0.0,70.0
2024-04-22 04:30:00,0,986.1,84.9,0.0,12.0,1.2,0.0,0.0,70.0
2024-04-22 04:45:00,0,986.1,84.8,0.0,11.9,1.2,0.0,0.0,70.0
2024-04-22 05:00:00,0,986.1,84.8,0.0,11.8,1.2,0.0,0.0,70.0
2024-04-22 05:15:00,0,986.1,84.7,0.0,11.8,1.2,0.0,0.0,70.0
2024-04-22 05:30:00,0,986.1,84.5,0.0,11.7,1.2,0.0,0.092,70.0
2024-04-22 05:45:00,16,986.1,84.2,0.0,11.7,1.2,11.002,0.278,70.0
2024-04-22 06:00:00,43,986.1,83.8,0.0,11.8,1.3,22.007,0.729,70.0
2024-04-22 06:15:00,70,986.1,83.5,0.0,12.0,1.3,38.003,1.652,70.0
2024-04-22 06:30:00,99,986.1,83.2,0.0,12.2,1.3,59.005,2.766,70.0
2024-04-22 06:45:00,130,986.1,83.1,0.0,12.7,1.4,93.004,4.315,70.0
2024-04-22 07:00:00,163,986.1,82.8,0.0,13.1,1.5,134.008,7.772,70.0
2024-04-22 07:15:00,200,986.1,81.5,0.0,13.7,1.5,163.005,12.787,70.0
2024-04-22 07:30:00,240,986.1,79.7,0.0,14.3,1.6,305.0,15.937,70.0
2024-04-22 07:45:00,284,986.1,77.6,0.0,14.9,1.7,365.004,19.532,70.0
2024-04-22 08:00:00,330,986.2,76.1,0.0,15.6,1.8,413.009,22.944,70.0
2024-04-22 08:15:00,379,986.2,74.2,0.0,16.2,1.9,446.01,26.187,70.0
2024-04-22 08:30:00,429,986.2,72.4,0.0,16.8,1.9,507.009,30.04,70.0
2024-04-22 08:45:00,480,986.2,71.4,0.0,17.4,2.0,577.0,33.563,70.0
2024-04-22 09:00:00,531,986.2,70.6,0.0,17.9,2.1,578.008,37.467,70.0
2024-04-22 09:15:00,579,986.2,70.0,0.0,18.4,2.2,682.007,40.501,70.0
2024-04-22 09:30:00,624,986.2,69.6,0.0,18.9,2.3,720.0,42.992,70.0
2024-04-22 09:45:00,664,986.2,69.3,0.0,19.4,2.4,766.005,45.185,70.0
2024-04-22 10:00:00,701,986.2,69.1,0.0,19.8,2.5,798.004,46.975,70.0
2024-04-22 10:15:00,734,986.2,68.6,0.0,20.3,2.6,832.01,48.972,70.0
2024-04-22 10:30:00,764,986.2,67.8,0.0,20.6,2.7,863.003,46.285,70.0
2024-04-22 10:45:00,789,986.2,67.2,0.0,21.0,2.8,876.0,52.065,70.0
2024-04-22 11:00:00,811,986.2,66.5,0.0,21.3,2.8,934.004,51.79,70.0
2024-04-22 11:15:00,828,986.2,65.6,0.0,21.6,2.9,896.01,52.373,70.0
2024-04-22 11:30:00,840,986.2,64.1,0.0,21.9,2.9,889.003,51.795,70.0
2024-04-22 11:45:00,848,986.2,62.7,0.0,22.1,3.0,872.003,53.052,70.0
2024-04-22 12:00:00,851,986.2,62.4,0.0,22.3,3.0,949.008,54.174,70.0
2024-04-22 12:15:00,850,986.2,61.8,0.0,22.5,3.0,1046.003,51.087,70.0
2024-04-22 12:30:00,844,986.2,60.8,0.0,22.7,3.1,980.004,54.68,70.0
2024-04-22 12:45:00,834,986.2,59.8,0.0,22.8,3.1,998.002,49.97,70.0
2024-04-22 13:00:00,819,986.2,59.4,0.0,23.0,3.1,938.006,49.937,70.0
2024-04-22 13:15:00,801,986.2,59.0,0.0,23.1,3.1,917.0,50.23,70.0
2024-04-22 13:30:00,779,986.2,58.7,0.0,23.2,3.2,906.005,48.814,70.0
2024-04-22 13:45:00,753,986.2,58.3,0.0,23.3,3.2,812.005,44.12,70.0
2024-04-22 14:00:00,724,986.2,58.4,0.0,23.3,3.2,759.008,44.61,70.0
2024-04-22 14:15:00,691,986.2,58.6,0.0,23.4,3.2,620.001,34.13,70.0
2024-04-22 14:30:00,654,986.2,58.7,0.0,23.4,3.2,444.007,26.451,70.0
2024-04-22 14:45:00,614,986.2,58.6,0.0,23.4,3.3,353.005,21.978,70.0
2024-04-22 15:00:00,572,986.2,58.5,0.0,23.3,3.3,481.004,28.276,70.0
2024-04-22 15:15:00,527,986.2,58.5,0.0,23.3,3.3,503.007,32.779,70.0
2024-04-22 15:30:00,480,986.2,58.6,0.0,23.2,3.4,497.008,28.756,70.0
2024-04-22 15:45:00,432,986.2,59.0,0.0,23.0,3.5,472.005,25.652,70.0
2024-04-22 16:00:00,380,986.2,59.6,0.0,22.7,3.5,323.01,21.267,70.0
2024-04-22 16:15:00,328,986.2,60.4,0.0,22.6,3.6,217.002,11.785,70.0
2024-04-22 16:30:00,276,986.2,61.3,0.0,22.4,3.6,327.002,17.401,70.0
2024-04-22 16:45:00,227,986.2,61.7,0.0,22.2,3.6,294.01,12.012,70.0
2024-04-22 17:00:00,181,986.2,62.1,0.0,21.9,3.6,184.005,10.855,70.0
2024-04-22 17:15:00,140,986.2,63.8,0.0,21.6,3.7,167.009,9.026,70.0
2024-04-22 17:30:00,104,986.2,66.1,0.0,21.2,3.7,107.009,5.357,70.0
2024-04-22 17:45:00,73,986.2,69.2,0.0,20.7,3.6,82.009,3.925,70.0
2024-04-22 18:00:00,49,986.2,72.3,0.0,20.1,3.6,47.002,2.254,70.0
2024-04-22 18:15:00,29,986.2,73.7,0.0,19.5,3.6,27.005,1.258,70.0
2024-04-22 18:30:00,14,986.2,74.9,0.0,19.0,3.6,10.004,0.42,70.0
2024-04-22 18:45:00,2,986.2,76.4,0.0,18.6,3.5,0.0,0.067,70.0
2024-04-22 19:00:00,0,986.2,78.1,0.0,18.2,3.4,0.0,0.0,70.0
2024-04-22 19:15:00,0,986.2,79.3,0.0,17.9,3.4,0.0,0.0,70.0
2024-04-22 19:30:00,0,986.2,80.0,0.0,17.6,3.3,0.0,0.0,70.0
2024-04-22 19:45:00,0,986.2,80.7,0.0,17.3,3.2,0.0,0.0,70.0
2024-04-22 20:00:00,0,986.2,81.3,0.0,17.1,3.1,0.0,0.0,70.0
2024-04-22 20:15:00,0,986.2,81.7,0.0,16.9,3.0,0.0,0.0,70.0
2024-04-22 20:30:00,0,986.2,81.9,0.0,16.7,2.9,0.0,0.0,70.0
2024-04-22 20:45:00,0,986.2,82.1,0.0,16.5,2.8,0.0,0.0,70.0
2024-04-22 21:00:00,0,986.2,82.3,0.0,16.3,2.7,0.0,0.0,70.0
2024-04-22 21:15:00,0,986.2,82.6,0.0,16.1,2.5,0.0,0.0,70.0
2024-04-22 21:30:00,0,986.2,82.9,0.0,15.9,2.4,0.0,0.0,70.0
2024-04-22 21:45:00,0,986.2,83.2,0.0,15.8,2.3,0.0,0.0,70.0
2024-04-22 22:00:00,0,986.2,83.5,0.0,15.7,2.2,0.0,0.0,70.0
2024-04-22 22:15:00,0,986.2,83.9,0.0,15.5,2.0,0.0,0.0,70.0
2024-04-22 22:30:00,0,986.2,84.3,0.0,15.4,1.9,0.0,0.0,70.0
2024-04-22 22:45:00,0,986.2,84.6,0.0,15.3,1.8,0.0,0.0,70.0
2024-04-22 23:00:00,0,986.2,85.2,0.0,15.2,1.8,0.0,0.0,70.0
2024-04-22 23:15:00,0,986.2,85.7,0.0,15.1,1.7,0.0,0.0,70.0
2024-04-22 23:30:00,0,986.2,85.9,0.0,15.0,1.7,0.0,0.0,70.0
2024-04-22 23:45:00,0,986.2,86.3,0.0,14.8,1.6,0.0,0.0,70.0
2024-04-23 00:00:00,0,986.2,84.7,0.0,15.3,2.1,0.0,0.0,70.0
2024-04-23 00:15:00,0,986.1,84.7,0.0,15.2,2.1,0.0,0.0,70.0
2024-04-23 00:30:00,0,986.1,84.8,0.0,15.1,2.0,0.0,0.0,70.0
2024-04-23 00:45:00,0,986.1,84.7,0.0,15.0,2.0,0.0,0.0,70.0
2024-04-23 01:00:00,0,986.1,84.8,0.0,14.9,2.0,0.0,0.0,70.0
2024-04-23 01:15:00,0,986.1,85.0,0.0,14.8,1.9,0.0,0.0,70.0
2024-04-23 01:30:00,0,986.1,85.2,0.0,14.7,1.9,0.0,0.0,70.0
2024-04-23 01:45:00,0,986.1,85.2,0.0,14.6,1.9,0.0,0.0,70.0
2024-04-23 02:00:00,0,986.1,85.2,0.0,14.5,1.9,0.0,0.0,70.0
2024-04-23 02:15:00,0,986.1,85.5,0.0,14.3,1.8,0.0,0.0,70.0
2024-04-23 02:30:00,0,986.1,86.2,0.0,14.2,1.8,0.0,0.0,70.0
2024-04-23 02:45:00,0,986.1,86.7,0.0,14.1,1.8,0.0,0.0,70.0
2024-04-23 03:00:00,0,986.1,86.9,0.0,13.9,1.8,0.0,0.0,70.0
2024-04-23 03:15:00,0,986.1,87.1,0.0,13.8,1.8,0.0,0.0,70.0
2024-04-23 03:30:00,0,986.1,87.4,0.0,13.6,1.8,0.0,0.0,70.0
2024-04-23 03:45:00,0,986.1,87.8,0.0,13.6,1.8,0.0,0.0,70.0
2024-04-23 04:00:00,0,986.1,87.9,0.0,13.5,1.9,0.0,0.0,70.0
2024-04-23 04:15:00,0,986.1,88.0,0.0,13.5,1.9,0.0,0.0,70.0
2024-04-23 04:30:00,0,986.1,88.3,0.0,13.3,2.0,0.0,0.0,70.0
2024-04-23 04:45:00,0,986.1,88.7,0.0,13.2,2.1,0.0,0.0,70.0
2024-04-23 05:00:00,0,986.1,88.9,0.0,13.2,2.1,0.0,0.0,70.0
2024-04-23 05:15:00,0,986.1,89.2,0.0,13.0,2.2,0.0,0.0,70.0
2024-04-23 05:30:00,0,986.1,89.6,0.0,12.9,2.3,0.0,0.083,70.0
2024-04-23 05:45:00,13,986.1,90.1,0.0,12.8,2.5,12.004,0.445,70.0
2024-04-23 06:00:00,33,986.1,90.8,0.0,12.8,2.6,28.002,1.165,70.0
2024-04-23 06:15:00,53,986.1,91.2,0.0,12.9,2.7,37.009,2.076,70.0
2024-04-23 06:30:00,73,986.1,91.0,0.0,13.1,2.8,57.009,3.123,70.0
2024-04-23 06:45:00,93,986.1,90.3,0.0,13.4,3.0,90.005,4.506,70.0
2024-04-23 07:00:00,113,986.1,89.1,0.0,13.8,3.1,108.005,5.202,70.0
2024-04-23 07:15:00,133,986.1,87.2,0.0,14.3,3.2,146.002,7.621,70.0
2024-04-23 07:30:00,152,986.1,85.6,0.0,14.8,3.4,161.003,14.564,70.0
2024-04-23 07:45:00,172,986.1,84.0,0.0,15.2,3.5,187.007,9.833,70.0
2024-04-23 08:00:00,191,986.1,82.5,0.0,15.7,3.6,294.003,15.309,70.0
2024-04-23 08:15:00,210,986.1,81.0,0.0,16.1,3.8,400.006,26.436,70.0
2024-04-23 08:30:00,228,986.1,79.8,0.0,16.6,3.9,419.006,28.575,70.0
2024-04-23 08:45:00,246,986.1,78.6,0.0,17.1,4.0,423.005,15.538,70.0
2024-04-23 09:00:00,262,986.1,77.4,0.0,17.6,4.1,365.01,12.737,70.0
2024-04-23 09:15:00,277,986.2,75.8,0.0,18.1,4.3,179.006,7.592,70.0
2024-04-23 09:30:00,291,986.2,74.9,0.0,18.5,4.4,191.002,12.699,70.0
2024-04-23 09:45:00,303,986.2,74.0,0.0,19.0,4.5,193.001,7.478,70.0
2024-04-23 10:00:00,311,986.2,73.2,0.0,19.4,4.6,55.006,1.637,70.0
2024-04-23 10:15:00,315,986.2,72.2,0.0,19.9,4.7,25.01,0.915,70.0
2024-04-23 10:30:00,317,986.2,71.2,0.0,20.2,4.8,134.0,4.418,70.0
2024-04-23 10:45:00,316,986.2,71.2,0.2,20.2,4.8,82.002,3.961,70.0
2024-04-23 11:00:00,313,986.2,75.4,0.1,19.7,4.9,52.005,2.403,70.0
2024-04-23 11:15:00,310,986.2,76.3,0.5,19.8,4.9,63.003,3.123,70.0
2024-04-23 11:30:00,308,986.2,79.4,0.5,19.3,5.0,67.007,4.77,70.0
2024-04-23 11:45:00,306,986.2,78.7,0.4,19.6,5.0,86.009,3.7,70.0
2024-04-23 12:00:00,307,986.2,75.9,0.4,19.6,5.1,53.006,2.968,70.0
2024-04-23 12:15:00,311,986.2,78.0,0.3,19.5,5.2,82.008,5.319,70.0
2024-04-23 12:30:00,319,986.2,77.0,0.4,19.4,5.2,107.005,6.973,70.0
2024-04-23 12:45:00,333,986.2,73.7,0.0,19.3,5.3,104.009,5.811,70.0
2024-04-23 13:00:00,354,986.2,71.5,0.3,19.3,5.3,137.004,13.782,70.0
2024-04-23 13:15:00,382,986.2,70.2,0.3,19.6,5.3,287.001,33.294,70.0
2024-04-23 13:30:00,413,986.2,69.3,0.3,19.8,5.3,591.001,44.537,70.0
2024-04-23 13:45:00,445,986.2,67.5,0.0,19.7,5.3,1044.009,38.213,70.0
2024-04-23 14:00:00,476,986.2,65.8,0.0,19.9,5.3,904.009,50.72,70.0
2024-04-23 14:15:00,501,986.2,64.5,0.1,20.2,5.4,344.008,46.775,70.0
2024-04-23 14:30:00,521,986.2,62.2,0.1,20.1,5.4,330.002,30.117,70.0
2024-04-23 14:45:00,532,986.2,59.9,0.0,20.3,5.4,528.001,32.673,70.0
2024-04-23 15:00:00,533,986.2,60.0,0.1,20.1,5.4,239.004,25.804,70.0
2024-04-23 15:15:00,523,986.2,61.3,0.2,19.5,5.4,212.008,34.93,70.0
2024-04-23 15:30:00,502,986.2,61.7,0.1,19.2,5.4,248.0,30.026,70.0
2024-04-23 15:45:00,469,986.2,61.4,0.0,19.2,5.3,637.0,30.053,70.0
2024-04-23 16:00:00,427,986.2,61.2,0.0,19.2,5.3,160.004,23.853,70.0
2024-04-23 16:15:00,378,986.2,62.2,0.0,19.2,5.2,511.005,22.254,70.0
2024-04-23 16:30:00,326,986.2,62.8,0.0,19.2,5.1,442.009,22.329,70.0
2024-04-23 16:45:00,274,986.2,61.1,0.0,19.1,5.0,103.004,17.788,70.0
2024-04-23 17:00:00,223,986.2,59.3,0.0,19.0,4.9,77.0,16.758,70.0
2024-04-23 17:15:00,176,986.2,59.1,0.0,18.7,4.8,305.003,9.914,70.0
2024-04-23 17:30:00,134,986.2,61.1,0.0,18.4,4.6,61.008,4.585,70.0
2024-04-23 17:45:00,97,986.2,63.6,0.0,17.9,4.4,18.004,1.191,70.0
2024-04-23 18:00:00,67,986.2,64.5,0.0,17.4,4.2,116.007,3.18,70.0
2024-04-23 18:15:00,42,986.2,65.1,0.0,17.0,4.0,44.01,1.479,70.0
2024-04-23 18:30:00,21,986.2,67.6,0.0,16.4,3.9,16.006,0.629,70.0
2024-04-23 18:45:00,4,986.2,70.8,0.0,15.9,3.8,0.0,0.162,70.0
2024-04-23 19:00:00,0,986.2,73.2,0.0,15.5,3.6,0.0,0.0,70.0
2024-04-23 19:15:00,0,986.2,74.7,0.0,15.2,3.5,0.0,0.0,70.0
2024-04-23 19:30:00,0,986.2,75.7,0.0,15.0,3.4,0.0,0.0,70.0
2024-04-23 19:45:00,0,986.2,76.2,0.0,14.7,3.3,0.0,0.0,70.0
2024-04-23 20:00:00,0,986.2,77.0,0.0,14.4,3.1,0.0,0.0,70.0
2024-04-23 20:15:00,0,986.2,77.8,0.0,14.2,3.0,0.0,0.0,70.0
2024-04-23 20:30:00,0,986.1,78.7,0.0,14.0,2.9,0.0,0.0,70.0
2024-04-23 20:45:00,0,986.1,79.5,0.0,13.8,2.8,0.0,0.0,70.0
2024-04-23 21:00:00,0,986.1,80.0,0.0,13.6,2.7,0.0,0.0,70.0
2024-04-23 21:15:00,0,986.1,79.9,0.0,13.4,2.6,0.0,0.0,70.0
2024-04-23 21:30:00,0,986.1,79.8,0.0,13.3,2.6,0.0,0.0,70.0
2024-04-23 21:45:00,0,986.1,79.8,0.0,13.2,2.6,0.0,0.0,70.0
2024-04-23 22:00:00,0,986.1,79.7,0.0,13.1,2.6,0.0,0.0,70.0
2024-04-23 22:15:00,0,986.1,79.3,0.0,12.9,2.6,0.0,0.0,70.0
2024-04-23 22:30:00,0,986.1,78.9,0.0,12.8,2.6,0.0,0.0,70.0
2024-04-23 22:45:00,0,986.1,79.0,0.0,12.7,2.7,0.0,0.0,70.0
2024-04-23 23:00:00,0,986.1,79.1,0.0,12.5,2.7,0.0,0.0,70.0
2024-04-23 23:15:00,0,986.1,79.1,0.0,12.4,2.7,0.0,0.0,70.0
2024-04-23 23:30:00,0,986.1,78.7,0.0,12.3,2.8,0.0,0.0,70.0
2024-04-23 23:45:00,0,986.1,78.3,0.0,12.2,2.8,0.0,0.0,70.0
2024-04-24 00:00:00,0,986.1,70.4,0.0,12.4,5.2,0.0,0.0,70.0
2024-04-24 00:15:00,0,986.1,70.4,0.0,12.3,5.3,0.0,0.0,70.0
2024-04-24 00:30:00,0,986.1,70.3,0.0,12.3,5.4,0.0,0.0,70.0
2024-04-24 00:45:00,0,986.1,70.1,0.0,12.2,5.5,0.0,0.0,70.0
2024-04-24 01:00:00,0,986.1,69.8,0.0,12.1,5.5,0.0,0.0,70.0
2024-04-24 01:15:00,0,986.1,69.1,0.0,12.1,5.6,0.0,0.0,70.0
2024-04-24 01:30:00,0,986.1,68.5,0.0,12.0,5.6,0.0,0.0,70.0
2024-04-24 01:45:00,0,986.1,68.1,0.0,12.0,5.5,0.0,0.0,70.0
2024-04-24 02:00:00,0,986.1,67.9,0.0,11.9,5.5,0.0,0.0,70.0
2024-04-24 02:15:00,0,986.1,67.8,0.0,11.8,5.4,0.0,0.0,70.0
2024-04-24 02:30:00,0,986.1,67.5,0.0,11.8,5.3,0.0,0.0,70.0
2024-04-24 02:45:00,0,986.1,67.1,0.0,11.8,5.2,0.0,0.0,70.0
2024-04-24 03:00:00,0,986.1,67.0,0.0,11.8,5.1,0.0,0.0,70.0
2024-04-24 03:15:00,0,986.1,67.1,0.0,11.7,4.9,0.0,0.0,70.0
2024-04-24 03:30:00,0,986.1,67.4,0.0,11.6,4.8,0.0,0.0,70.0
2024-04-24 03:45:00,0,986.1,67.8,0.0,11.5,4.6,0.0,0.0,70.0
2024-04-24 04:00:00,0,986.1,67.9,0.0,11.4,4.4,0.0,0.0,70.0
2024-04-24 04:15:00,0,986.1,67.9,0.0,11.2,4.2,0.0,0.0,70.0
2024-04-24 04:30:00,0,986.1,67.8,0.0,11.1,4.0,0.0,0.0,70.0
2024-04-24 04:45:00,0,986.1,67.4,0.0,11.0,3.9,0.0,0.0,70.0
2024-04-24 05:00:00,0,986.1,67.0,0.0,10.8,3.7,0.0,0.0,70.0
2024-04-24 05:15:00,0,986.1,66.9,0.0,10.7,3.5,0.0,0.0,70.0
2024-04-24 05:30:00,0,986.1,67.4,0.0,10.7,3.3,9.004,0.226,70.0
2024-04-24 05:45:00,21,986.1,67.6,0.0,10.6,3.1,31.005,0.921,70.0
2024-04-24 06:00:00,50,986.1,67.8,0.0,10.7,2.9,68.009,1.908,70.0
2024-04-24 06:15:00,79,986.1,68.2,0.0,10.9,2.8,114.009,3.23,70.0
2024-04-24 06:30:00,109,986.1,68.5,0.0,11.2,2.7,175.006,5.467,70.0
2024-04-24 06:45:00,142,986.1,68.4,0.0,11.7,2.6,230.002,8.338,70.0
2024-04-24 07:00:00,176,986.1,67.7,0.0,12.3,2.6,290.003,11.908,70.0
2024-04-24 07:15:00,215,986.1,66.8,0.0,12.9,2.5,349.002,15.912,70.0
2024-04-24 07:30:00,256,986.1,65.5,0.0,13.6,2.5,402.001,19.903,70.0
2024-04-24 07:45:00,300,986.1,63.5,0.0,14.5,2.6,474.004,24.282,70.0
2024-04-24 08:00:00,347,986.1,60.6,0.0,15.4,2.6,512.01,28.428,70.0
2024-04-24 08:15:00,396,986.1,58.9,0.0,16.2,2.6,559.005,32.319,70.0
2024-04-24 08:30:00,447,986.2,56.9,0.0,17.0,2.7,607.002,35.766,70.0
2024-04-24 08:45:00,498,986.2,54.8,0.0,17.8,2.8,656.003,39.056,70.0
2024-04-24 09:00:00,549,986.2,53.3,0.0,18.6,2.9,691.002,42.078,70.0
2024-04-24 09:15:00,597,986.2,51.7,0.0,19.3,2.9,740.004,44.626,70.0
2024-04-24 09:30:00,642,986.2,50.2,0.0,19.9,3.0,786.01,47.136,70.0
2024-04-24 09:45:00,682,986.2,48.9,0.0,20.5,3.1,830.004,49.399,70.0
2024-04-24 10:00:00,719,986.2,47.5,0.0,20.9,3.2,865.008,51.6,70.0
2024-04-24 10:15:00,752,986.2,45.9,0.0,21.4,3.3,906.004,52.876,70.0
2024-04-24 10:30:00,781,986.2,44.3,0.0,21.8,3.4,924.001,54.256,70.0
2024-04-24 10:45:00,806,986.2,43.0,0.0,22.2,3.5,955.009,55.291,70.0
2024-04-24 11:00:00,827,986.2,41.5,0.0,22.5,3.6,971.001,56.16,70.0
2024-04-24 11:15:00,844,986.2,39.7,0.0,22.9,3.6,980.01,56.677,70.0
2024-04-24 11:30:00,857,986.2,38.8,0.0,23.1,3.7,991.007,56.906,70.0
2024-04-24 11:45:00,865,986.2,38.7,0.0,23.4,3.8,987.005,57.106,70.0
2024-04-24 12:00:00,869,986.2,38.1,0.0,23.6,3.8,1012.008,57.03,70.0
2024-04-24 12:15:00,869,986.2,36.9,0.0,23.8,3.8,1008.001,56.756,70.0
2024-04-24 12:30:00,866,986.2,36.1,0.0,24.0,3.8,1001.001,56.231,70.0
2024-04-24 12:45:00,859,986.2,35.9,0.0,24.2,3.8,985.006,56.371,70.0
2024-04-24 13:00:00,849,986.2,35.6,0.0,24.3,3.8,985.007,55.656,70.0
2024-04-24 13:15:00,836,986.2,35.5,0.0,24.5,3.8,963.01,54.91,70.0
2024-04-24 13:30:00,819,986.2,35.0,0.0,24.6,3.8,919.008,54.347,70.0
2024-04-24 13:45:00,799,986.2,35.9,0.0,24.6,3.8,932.001,53.1,70.0
2024-04-24 14:00:00,775,986.2,36.6,0.0,24.7,3.8,880.005,51.673,70.0
2024-04-24 14:15:00,747,986.2,35.1,0.0,24.8,3.7,858.001,50.007,70.0
2024-04-24 14:30:00,715,986.2,33.4,0.0,24.8,3.7,815.0,47.992,70.0
2024-04-24 14:45:00,679,986.2,33.2,0.0,24.8,3.6,789.01,45.342,70.0
2024-04-24 15:00:00,639,986.2,34.2,0.0,24.8,3.5,728.007,41.882,70.0
2024-04-24 15:15:00,595,986.2,35.7,0.0,24.8,3.4,680.009,39.401,70.0
2024-04-24 15:30:00,548,986.2,36.5,0.0,24.7,3.4,635.001,35.6,70.0
2024-04-24 15:45:00,498,986.2,35.5,0.0,24.6,3.3,579.0,32.394,70.0
2024-04-24 16:00:00,444,986.2,34.3,0.0,24.6,3.2,522.008,28.625,70.0
2024-04-24 16:15:00,388,986.2,34.4,0.0,24.4,3.2,475.005,24.332,70.0
2024-04-24 16:30:00,331,986.2,35.8,0.0,24.3,3.1,414.007,20.321,70.0
2024-04-24 16:45:00,277,986.2,38.0,0.0,24.1,3.1,359.002,16.358,70.0
2024-04-24 17:00:00,226,986.2,39.5,0.0,23.8,3.1,303.003,12.571,70.0
2024-04-24 17:15:00,179,986.2,40.5,0.0,23.5,3.0,238.001,9.001,70.0
2024-04-24 17:30:00,137,986.2,42.8,0.0,23.1,3.0,182.001,6.073,70.0
2024-04-24 17:45:00,101,986.2,46.2,0.0,22.7,3.0,128.006,4.023,70.0
2024-04-24 18:00:00,70,986.2,49.1,0.0,22.1,3.0,86.003,2.549,70.0
2024-04-24 18:15:00,44,986.2,51.1,0.0,21.4,3.0,43.006,1.561,70.0
2024-04-24 18:30:00,23,986.2,52.9,0.0,20.9,2.9,16.002,0.668,70.0
2024-04-24 18:45:00,6,986.2,54.3,0.0,20.3,2.9,0.0,0.141,70.0
2024-04-24 19:00:00,0,986.2,55.6,0.0,19.8,2.9,0.0,0.0,70.0
2024-04-24 19:15:00,0,986.2,57.1,0.0,19.5,2.9,0.0,0.0,70.0
2024-04-24 19:30:00,0,986.2,58.8,0.0,19.1,2.8,0.0,0.0,70.0
2024-04-24 19:45:00,0,986.2,60.7,0.0,18.8,2.8,0.0,0.0,70.0
2024-04-24 20:00:00,0,986.2,62.6,0.0,18.5,2.8,0.0,0.0,70.0
2024-04-24 20:15:00,0,986.2,64.0,0.0,18.2,2.8,0.0,0.0,70.0
2024-04-24 20:30:00,0,986.2,64.2,0.0,17.9,2.8,0.0,0.0,70.0
2024-04-24 20:45:00,0,986.2,64.3,0.0,17.7,2.8,0.0,0.0,70.0
2024-04-24 21:00:00,0,986.2,64.9,0.0,17.4,2.8,0.0,0.0,70.0
2024-04-24 21:15:00,0,986.2,64.9,0.0,17.2,2.8,0.0,0.0,70.0
2024-04-24 21:30:00,0,986.2,64.8,0.0,17.0,2.8,0.0,0.0,70.0
2024-04-24 21:45:00,0,986.2,65.3,0.0,16.8,2.8,0.0,0.0,70.0
2024-04-24 22:00:00,0,986.2,65.9,0.0,16.6,2.8,0.0,0.0,70.0
2024-04-24 22:15:00,0,986.2,66.2,0.0,16.5,2.8,0.0,0.0,70.0
2024-04-24 22:30:00,0,986.2,66.4,0.0,16.4,2.8,0.0,0.0,70.0
2024-04-24 22:45:00,0,986.2,66.6,0.0,16.2,2.8,0.0,0.0,70.0
2024-04-24 23:00:00,0,986.2,67.2,0.0,16.0,2.8,0.0,0.0,70.0
2024-04-24 23:15:00,0,986.2,68.6,0.0,15.8,2.7,0.0,0.0,70.0
2024-04-24 23:30:00,0,986.2,69.5,0.0,15.6,2.7,0.0,0.0,70.0
2024-04-24 23:45:00,0,986.2,69.9,0.0,15.4,2.7,0.0,0.0,70.0
2024-04-25 00:00:00,0,986.2,72.3,0.0,15.3,2.7,0.0,0.0,70.0
2024-04-25 00:15:00,0,986.2,72.5,0.0,15.1,2.7,0.0,0.0,70.0
2024-04-25 00:30:00,0,986.1,72.9,0.0,15.0,2.7,0.0,0.0,70.0
2024-04-25 00:45:00,0,986.1,73.2,0.0,14.8,2.6,0.0,0.0,70.0
2024-04-25 01:00:00,0,986.1,73.4,0.0,14.7,2.6,0.0,0.0,70.0
2024-04-25 01:15:00,0,986.1,73.9,0.0,14.5,2.6,0.0,0.0,70.0
2024-04-25 01:30:00,0,986.1,74.9,0.0,14.3,2.5,0.0,0.0,70.0
2024-04-25 01:45:00,0,986.1,76.0,0.0,14.1,2.5,0.0,0.0,70.0
2024-04-25 02:00:00,0,986.1,76.5,0.0,14.0,2.5,0.0,0.0,70.0
2024-04-25 02:15:00,0,986.1,76.7,0.0,13.8,2.5,0.0,0.0,70.0
2024-04-25 02:30:00,0,986.1,76.7,0.0,13.7,2.5,0.0,0.0,70.0
2024-04-25 02:45:00,0,986.1,76.7,0.0,13.6,2.4,0.0,0.0,70.0
2024-04-25 03:00:00,0,986.1,76.6,0.0,13.5,2.4,0.0,0.0,70.0
2024-04-25 03:15:00,0,986.1,76.8,0.0,13.3,2.4,0.0,0.0,70.0
2024-04-25 03:30:00,0,986.1,76.6,0.0,13.1,2.4,0.0,0.0,70.0
2024-04-25 03:45:00,0,986.1,76.3,0.0,12.9,2.3,0.0,0.0,70.0
2024-04-25 04:00:00,0,986.1,76.2,0.0,12.8,2.3,0.0,0.0,70.0
2024-04-25 04:15:00,0,986.1,76.1,0.0,12.7,2.3,0.0,0.0,70.0
2024-04-25 04:30:00,0,986.1,76.0,0.0,12.6,2.2,0.0,0.0,70.0
2024-04-25 04:45:00,0,986.1,76.1,0.0,12.5,2.2,0.0,0.0,70.0
2024-04-25 05:00:00,0,986.1,76.3,0.0,12.4,2.2,0.0,0.0,70.0
2024-04-25 05:15:00,0,986.1,76.8,0.0,12.3,2.2,0.0,0.0,70.0
2024-04-25 05:30:00,1,986.1,77.4,0.0,12.1,2.3,8.008,0.265,70.0
2024-04-25 05:45:00,23,986.1,78.2,0.0,12.0,2.3,28.005,1.214,70.0
2024-04-25 06:00:00,50,986.1,79.2,0.0,11.9,2.4,59.003,2.782,70.0
2024-04-25 06:15:00,78,986.1,80.3,0.0,12.0,2.6,107.004,3.905,70.0
2024-04-25 06:30:00,108,986.1,81.4,0.0,12.2,2.7,116.001,3.725,70.0
2024-04-25 06:45:00,139,986.1,82.8,0.0,12.4,2.8,227.006,9.309,70.0
2024-04-25 07:00:00,172,986.1,83.8,0.0,12.7,3.0,210.008,9.908,70.0
2024-04-25 07:15:00,209,986.1,83.8,0.0,13.3,3.1,333.006,16.28,70.0
2024-04-25 07:30:00,249,986.1,82.7,0.0,13.9,3.3,362.001,16.541,70.0
2024-04-25 07:45:00,292,986.1,79.8,0.0,14.9,3.4,389.009,23.914,70.0
2024-04-25 08:00:00,337,986.1,74.2,0.0,16.1,3.6,482.002,27.724,70.0
2024-04-25 08:15:00,385,986.2,67.8,0.0,17.4,3.7,573.005,33.008,70.0
2024-04-25 08:30:00,434,986.2,62.3,0.0,18.5,3.9,444.007,34.547,70.0
2024-04-25 08:45:00,483,986.2,58.5,0.0,19.2,4.0,654.006,40.831,70.0
2024-04-25 09:00:00,531,986.2,57.0,0.0,19.7,4.2,615.007,38.674,70.0
2024-04-25 09:15:00,577,986.2,56.7,0.0,20.1,4.4,802.007,42.853,70.0
2024-04-25 09:30:00,620,986.2,56.1,0.0,20.5,4.5,798.004,47.957,70.0
2024-04-25 09:45:00,658,986.2,54.6,0.0,20.9,4.7,828.004,49.767,70.0
2024-04-25 10:00:00,692,986.2,52.9,0.0,21.3,4.9,869.007,51.436,70.0
2024-04-25 10:15:00,722,986.2,51.4,0.0,21.7,5.0,891.009,53.042,70.0
2024-04-25 10:30:00,748,986.2,49.8,0.0,22.1,5.2,915.006,54.265,70.0
2024-04-25 10:45:00,769,986.2,48.1,0.0,22.4,5.3,930.006,55.242,70.0
2024-04-25 11:00:00,787,986.2,47.0,0.0,22.7,5.4,960.007,55.648,70.0
2024-04-25 11:15:00,800,986.2,46.6,0.0,23.0,5.5,960.003,55.856,70.0
2024-04-25 11:30:00,810,986.2,45.5,0.0,23.3,5.6,896.005,55.874,70.0
2024-04-25 11:45:00,816,986.2,44.2,0.0,23.5,5.6,902.002,54.647,70.0
2024-04-25 12:00:00,819,986.2,43.4,0.0,23.8,5.6,953.0,56.511,70.0
2024-04-25 12:15:00,818,986.2,43.4,0.0,24.0,5.6,989.001,56.124,70.0
2024-04-25 12:30:00,814,986.2,42.8,0.0,24.2,5.6,978.002,55.639,70.0
2024-04-25 12:45:00,808,986.2,41.4,0.0,24.4,5.6,974.0,55.574,70.0
2024-04-25 13:00:00,800,986.2,40.5,0.0,24.6,5.6,942.002,54.989,70.0
2024-04-25 13:15:00,790,986.2,40.3,0.0,24.7,5.6,981.01,52.952,70.0
2024-04-25 13:30:00,777,986.2,40.2,0.0,24.8,5.5,947.004,51.757,70.0
2024-04-25 13:45:00,761,986.2,40.1,0.0,24.9,5.5,908.006,50.363,70.0
2024-04-25 14:00:00,741,986.2,39.7,0.0,25.0,5.4,869.001,48.652,70.0
2024-04-25 14:15:00,718,986.2,39.2,0.0,25.0,5.4,854.002,46.924,70.0
2024-04-25 14:30:00,690,986.2,38.9,0.0,25.0,5.3,781.005,45.288,70.0
2024-04-25 14:45:00,658,986.2,38.7,0.0,25.0,5.3,743.007,41.594,70.0
2024-04-25 15:00:00,622,986.2,38.7,0.0,25.0,5.2,695.007,39.115,70.0
2024-04-25 15:15:00,582,986.2,39.3,0.0,24.9,5.1,663.008,35.864,70.0
2024-04-25 15:30:00,538,986.2,40.4,0.0,24.8,5.1,620.002,33.2,70.0
2024-04-25 15:45:00,490,986.2,41.6,0.0,24.7,5.0,567.001,29.719,70.0
2024-04-25 16:00:00,438,986.2,43.0,0.0,24.5,4.8,520.003,26.21,70.0
2024-04-25 16:15:00,383,986.2,44.6,0.0,24.3,4.7,471.004,22.577,70.0
2024-04-25 16:30:00,329,986.2,46.4,0.0,24.1,4.6,406.002,18.981,70.0
2024-04-25 16:45:00,275,986.2,48.1,0.0,23.8,4.5,352.004,15.432,70.0
2024-04-25 17:00:00,225,986.2,49.7,0.0,23.5,4.4,293.007,12.318,70.0
2024-04-25 17:15:00,179,986.2,51.5,0.0,23.1,4.3,244.001,9.13,70.0
2024-04-25 17:30:00,138,986.2,53.1,0.0,22.6,4.1,192.001,6.355,70.0
2024-04-25 17:45:00,102,986.2,55.1,0.0,22.1,4.0,138.008,4.141,70.0
2024-04-25 18:00:00,71,986.2,57.3,0.0,21.5,3.9,94.008,2.679,70.0
2024-04-25 18:15:00,46,986.2,59.6,0.0,20.9,3.8,49.005,1.759,70.0
2024-04-25 18:30:00,24,986.2,61.9,0.0,20.2,3.6,18.004,0.867,70.0
2024-04-25 18:45:00,7,986.2,64.0,0.0,19.6,3.5,0.0,0.18,70.0
2024-04-25 19:00:00,0,986.2,66.2,0.0,19.1,3.4,0.0,0.0,70.0
2024-04-25 19:15:00,0,986.2,68.0,0.0,18.7,3.2,0.0,0.0,70.0
2024-04-25 19:30:00,0,986.2,69.4,0.0,18.4,3.1,0.0,0.0,70.0
2024-04-25 19:45:00,0,986.2,70.6,0.0,18.1,3.0,0.0,0.0,70.0
2024-04-25 20:00:00,0,986.2,72.0,0.0,17.8,2.9,0.0,0.0,70.0
2024-04-25 20:15:00,0,986.2,73.4,0.0,17.6,2.7,0.0,0.0,70.0
2024-04-25 20:30:00,0,986.2,74.6,0.0,17.3,2.6,0.0,0.0,70.0
2024-04-25 20:45:00,0,986.2,75.9,0.0,17.2,2.5,0.0,0.0,70.0
2024-04-25 21:00:00,0,986.2,77.1,0.0,17.0,2.4,0.0,0.0,70.0
2024-04-25 21:15:00,0,986.2,78.4,0.0,16.8,2.3,0.0,0.0,70.0
2024-04-25 21:30:00,0,986.2,79.6,0.0,16.6,2.3,0.0,0.0,70.0
2024-04-25 21:45:00,0,986.2,80.5,0.0,16.5,2.2,0.0,0.0,70.0
2024-04-25 22:00:00,0,986.2,81.1,0.0,16.4,2.1,0.0,0.0,70.0
2024-04-25 22:15:00,0,986.1,81.7,0.0,16.2,2.1,0.0,0.0,70.0
2024-04-25 22:30:00,0,986.1,82.5,0.0,16.1,2.0,0.0,0.0,70.0
2024-04-25 22:45:00,0,986.1,82.9,0.0,15.9,2.0,0.0,0.0,70.0
2024-04-25 23:00:00,0,986.1,83.0,0.0,15.8,1.9,0.0,0.0,70.0
2024-04-25 23:15:00,0,986.1,83.1,0.0,15.7,1.9,0.0,0.0,70.0
2024-04-25 23:30:00,0,986.1,83.7,0.0,15.5,1.8,0.0,0.0,70.0
2024-04-25 23:45:00,0,986.1,84.7,0.0,15.4,1.8,0.0,0.0,70.0
2024-04-26 00:00:00,0,986.1,82.5,0.0,16.2,1.9,0.0,0.0,70.0
2024-04-26 00:15:00,0,986.1,83.3,0.0,16.1,1.8,0.0,0.0,70.0
2024-04-26 00:30:00,0,986.1,84.3,0.0,15.9,1.8,0.0,0.0,70.0
2024-04-26 00:45:00,0,986.1,85.3,0.0,15.8,1.8,0.0,0.0,70.0
2024-04-26 01:00:00,0,986.1,86.3,0.0,15.6,1.7,0.0,0.0,70.0
2024-04-26 01:15:00,0,986.1,87.3,0.0,15.4,1.7,0.0,0.0,70.0
2024-04-26 01:30:00,0,986.1,88.3,0.0,15.2,1.6,0.0,0.0,70.0
2024-04-26 01:45:00,0,986.1,89.2,0.0,15.1,1.6,0.0,0.0,70.0
2024-04-26 02:00:00,0,986.1,90.1,0.0,14.9,1.6,0.0,0.0,70.0
2024-04-26 02:15:00,0,986.1,91.0,0.0,14.8,1.5,0.0,0.0,70.0
2024-04-26 02:30:00,0,986.1,91.8,0.0,14.7,1.5,0.0,0.0,70.0
2024-04-26 02:45:00,0,986.1,92.6,0.0,14.6,1.5,0.0,0.0,70.0
2024-04-26 03:00:00,0,986.1,93.6,0.0,14.5,1.4,0.0,0.0,70.0
2024-04-26 03:15:00,0,986.1,94.5,0.0,14.4,1.4,0.0,0.0,70.0
2024-04-26 03:30:00,0,986.1,95.4,0.0,14.3,1.4,0.0,0.0,70.0
2024-04-26 03:45:00,0,986.1,96.0,0.0,14.1,1.3,0.0,0.0,70.0
2024-04-26 04:00:00,0,986.1,96.6,0.0,14.0,1.3,0.0,0.0,70.0
2024-04-26 04:15:00,0,986.1,97.0,0.0,13.9,1.3,0.0,0.0,70.0
2024-04-26 04:30:00,0,986.1,97.3,0.0,13.7,1.3,0.0,0.0,70.0
2024-04-26 04:45:00,0,986.1,97.8,0.0,13.5,1.2,0.0,0.0,70.0
2024-04-26 05:00:00,0,986.1,98.3,0.0,13.4,1.3,0.0,0.0,70.0
2024-04-26 05:15:00,0,986.1,98.7,0.0,13.3,1.3,0.0,0.0,70.0
2024-04-26 05:30:00,2,986.1,98.8,0.0,13.2,1.3,9.001,0.249,70.0
2024-04-26 05:45:00,26,986.1,98.9,0.0,13.1,1.3,32.005,1.119,70.0
2024-04-26 06:00:00,54,986.1,99.1,0.0,13.0,1.4,63.006,2.186,70.0
2024-04-26 06:15:00,84,986.1,99.2,0.0,13.0,1.4,105.01,3.625,70.0
2024-04-26 06:30:00,114,986.1,99.2,0.0,13.1,1.5,155.005,5.665,70.0
2024-04-26 06:45:00,147,986.1,98.9,0.0,13.3,1.5,209.0,8.381,70.0
2024-04-26 07:00:00,182,986.1,97.9,0.0,13.5,1.6,259.007,11.594,70.0
2024-04-26 07:15:00,220,986.1,95.8,0.0,13.8,1.7,316.009,15.217,70.0
2024-04-26 07:30:00,262,986.1,93.0,0.0,14.3,1.8,381.004,18.783,70.0
2024-04-26 07:45:00,306,986.1,90.9,0.0,14.7,1.9,432.004,22.701,70.0
2024-04-26 08:00:00,353,986.1,89.1,0.0,15.1,2.0,486.003,26.52,70.0
2024-04-26 08:15:00,402,986.1,87.5,0.0,15.6,2.2,539.005,30.398,70.0
2024-04-26 08:30:00,453,986.1,83.0,0.0,16.6,2.3,577.009,33.63,70.0
2024-04-26 08:45:00,504,986.1,78.0,0.0,17.6,2.4,631.007,36.893,70.0
2024-04-26 09:00:00,554,986.1,72.9,0.0,18.4,2.5,682.002,39.678,70.0
2024-04-26 09:15:00,602,986.2,67.8,0.0,19.0,2.7,721.003,42.56,70.0
2024-04-26 09:30:00,647,986.2,65.3,0.0,19.5,2.8,764.01,44.998,70.0
2024-04-26 09:45:00,687,986.2,63.8,0.0,20.1,2.9,806.009,47.14,70.0
2024-04-26 10:00:00,724,986.2,61.3,0.0,20.6,3.1,841.0,48.886,70.0
2024-04-26 10:15:00,756,986.2,58.2,0.0,21.1,3.2,873.003,50.37,70.0
2024-04-26 10:30:00,785,986.2,56.2,0.0,21.5,3.3,908.008,51.435,70.0
2024-04-26 10:45:00,810,986.2,55.2,0.0,21.9,3.4,912.002,52.57,70.0
2024-04-26 11:00:00,831,986.2,54.1,0.0,22.3,3.5,946.01,52.851,70.0
2024-04-26 11:15:00,847,986.2,52.9,0.0,22.8,3.6,971.006,52.907,70.0
2024-04-26 11:30:00,859,986.2,52.0,0.0,23.1,3.6,982.006,54.074,70.0
2024-04-26 11:45:00,867,986.2,51.1,0.0,23.4,3.7,985.001,54.428,70.0
2024-04-26 12:00:00,871,986.2,50.4,0.0,23.7,3.7,995.004,54.856,70.0
2024-04-26 12:15:00,871,986.2,49.6,0.0,24.0,3.8,996.007,54.742,70.0
2024-04-26 12:30:00,867,986.2,49.2,0.0,24.3,3.8,981.006,54.233,70.0
2024-04-26 12:45:00,859,986.2,48.6,0.0,24.5,3.9,972.008,54.247,70.0
2024-04-26 13:00:00,849,986.2,48.1,0.0,24.7,3.9,957.006,52.934,70.0
2024-04-26 13:15:00,835,986.2,47.8,0.0,24.9,3.9,929.003,52.234,70.0
2024-04-26 13:30:00,818,986.2,47.5,0.0,25.0,3.9,916.002,51.284,70.0
2024-04-26 13:45:00,797,986.2,47.4,0.0,25.1,3.9,917.005,50.097,70.0
2024-04-26 14:00:00,772,986.2,47.3,0.0,25.2,3.9,873.008,46.489,70.0
2024-04-26 14:15:00,743,986.2,47.4,0.0,25.3,3.9,819.006,46.744,70.0
2024-04-26 14:30:00,711,986.2,47.3,0.0,25.4,3.9,809.008,27.918,70.0
2024-04-26 14:45:00,674,986.2,47.4,0.0,25.4,3.9,756.006,42.197,70.0
2024-04-26 15:00:00,634,986.2,47.5,0.0,25.4,3.9,708.009,39.241,70.0
2024-04-26 15:15:00,590,986.2,47.1,0.0,25.4,3.9,655.003,36.324,70.0
2024-04-26 15:30:00,544,986.2,47.2,0.0,25.4,3.9,606.001,28.049,70.0
2024-04-26 15:45:00,494,986.2,47.9,0.0,25.3,3.9,563.009,20.602,70.0
2024-04-26 16:00:00,441,986.2,48.5,0.0,25.2,3.8,486.0,26.355,70.0
2024-04-26 16:15:00,385,986.2,49.0,0.0,25.0,3.8,437.005,22.279,70.0
2024-04-26 16:30:00,330,986.2,49.5,0.0,24.9,3.8,388.001,18.842,70.0
2024-04-26 16:45:00,276,986.2,50.4,0.0,24.7,3.8,331.003,14.931,70.0
2024-04-26 17:00:00,226,986.2,51.8,0.0,24.4,3.7,287.01,11.677,70.0
2024-04-26 17:15:00,180,986.2,53.5,0.0,24.1,3.7,238.003,8.548,70.0
2024-04-26 17:30:00,138,986.2,55.9,0.0,23.7,3.6,182.008,5.91,70.0
2024-04-26 17:45:00,102,986.2,57.9,0.0,23.2,3.5,132.008,4.048,70.0
2024-04-26 18:00:00,72,986.2,60.7,0.0,22.5,3.4,68.005,2.392,70.0
2024-04-26 18:15:00,46,986.2,64.2,0.0,21.8,3.4,44.006,1.573,70.0
2024-04-26 18:30:00,25,986.2,66.6,0.0,21.0,3.3,19.005,0.75,70.0
2024-04-26 18:45:00,7,986.2,69.9,0.0,20.3,3.1,0.0,0.153,70.0
2024-04-26 19:00:00,0,986.2,74.1,0.0,19.6,3.0,0.0,0.0,70.0
2024-04-26 19:15:00,0,986.2,77.9,0.0,19.1,2.9,0.0,0.0,70.0
2024-04-26 19:30:00,0,986.2,80.0,0.0,18.5,2.8,0.0,0.0,70.0
2024-04-26 19:45:00,0,986.2,81.3,0.0,18.0,2.7,0.0,0.0,70.0
2024-04-26 20:00:00,0,986.2,82.9,0.0,17.6,2.6,0.0,0.0,70.0
2024-04-26 20:15:00,0,986.2,84.5,0.0,17.2,2.5,0.0,0.0,70.0
2024-04-26 20:30:00,0,986.2,85.5,0.0,16.8,2.4,0.0,0.0,70.0
2024-04-26 20:45:00,0,986.2,86.1,0.0,16.5,2.3,0.0,0.0,70.0
2024-04-26 21:00:00,0,986.2,86.4,0.0,16.3,2.1,0.0,0.0,70.0
2024-04-26 21:15:00,0,986.2,86.7,0.0,16.1,2.0,0.0,0.0,70.0
2024-04-26 21:30:00,0,986.2,87.0,0.0,16.0,1.9,0.0,0.0,70.0
2024-04-26 21:45:00,0,986.2,87.4,0.0,15.8,1.8,0.0,0.0,70.0
2024-04-26 22:00:00,0,986.2,87.7,0.0,15.6,1.7,0.0,0.0,70.0
2024-04-26 22:15:00,0,986.2,88.1,0.0,15.4,1.6,0.0,0.0,70.0
2024-04-26 22:30:00,0,986.1,88.5,0.0,15.3,1.5,0.0,0.0,70.0
2024-04-26 22:45:00,0,986.1,88.8,0.0,15.1,1.4,0.0,0.0,70.0
2024-04-26 23:00:00,0,986.1,89.1,0.0,14.9,1.3,0.0,0.0,70.0
2024-04-26 23:15:00,0,986.1,89.5,0.0,14.8,1.3,0.0,0.0,70.0
2024-04-26 23:30:00,0,986.1,89.8,0.0,14.6,1.2,0.0,0.0,70.0
2024-04-26 23:45:00,0,986.1,90.2,0.0,14.5,1.2,0.0,0.0,70.0
2024-04-27 00:00:00,0,986.1,95.2,0.0,15.2,1.9,0.0,0.0,70.0
2024-04-27 00:15:00,0,986.1,95.2,0.0,15.1,1.8,0.0,0.0,70.0
2024-04-27 00:30:00,0,986.1,95.3,0.0,15.0,1.8,0.0,0.0,70.0
2024-04-27 00:45:00,0,986.1,95.4,0.0,14.8,1.7,0.0,0.0,70.0
2024-04-27 01:00:00,0,986.1,95.6,0.0,14.7,1.7,0.0,0.0,70.0
2024-04-27 01:15:00,0,986.1,95.9,0.0,14.5,1.6,0.0,0.0,70.0
2024-04-27 01:30:00,0,986.1,96.3,0.0,14.4,1.6,0.0,0.0,70.0
2024-04-27 01:45:00,0,986.1,96.8,0.0,14.2,1.5,0.0,0.0,70.0
2024-04-27 02:00:00,0,986.1,97.2,0.0,14.1,1.4,0.0,0.0,70.0
2024-04-27 02:15:00,0,986.1,97.7,0.0,14.0,1.4,0.0,0.0,70.0
2024-04-27 02:30:00,0,986.1,97.9,0.0,13.9,1.3,0.0,0.0,70.0
2024-04-27 02:45:00,0,986.1,98.1,0.0,13.8,1.3,0.0,0.0,70.0
2024-04-27 03:00:00,0,986.1,98.4,0.0,13.6,1.2,0.0,0.0,70.0
2024-04-27 03:15:00,0,986.1,98.6,0.0,13.5,1.2,0.0,0.0,70.0
2024-04-27 03:30:00,0,986.1,98.7,0.0,13.4,1.1,0.0,0.0,70.0
2024-04-27 03:45:00,0,986.1,98.9,0.0,13.3,1.1,0.0,0.0,70.0
2024-04-27 04:00:00,0,986.1,99.0,0.0,13.2,1.0,0.0,0.0,70.0
2024-04-27 04:15:00,0,986.1,99.1,0.0,13.1,1.0,0.0,0.0,70.0
2024-04-27 04:30:00,0,986.1,99.2,0.0,13.1,0.9,0.0,0.0,70.0
2024-04-27 04:45:00,0,986.1,99.4,0.0,13.0,0.9,0.0,0.0,70.0
2024-04-27 05:00:00,0,986.1,99.6,0.0,13.0,0.9,0.0,0.0,70.0
2024-04-27 05:15:00,0,986.1,99.8,0.0,12.9,0.9,0.0,0.0,70.0
2024-04-27 05:30:00,3,986.1,99.9,0.0,12.9,0.9,15.002,0.463,70.0
2024-04-27 05:45:00,27,986.1,99.9,0.0,12.8,0.9,38.0,1.444,70.0
2024-04-27 06:00:00,55,986.1,100.0,0.0,12.8,0.9,78.002,2.551,70.0
2024-04-27 06:15:00,83,986.1,100.0,0.0,12.7,0.9,111.002,4.01,70.0
2024-04-27 06:30:00,113,986.1,100.0,0.0,12.7,0.9,168.005,6.026,70.0
2024-04-27 06:45:00,145,986.1,100.0,0.0,12.7,0.9,229.006,9.194,70.0
2024-04-27 07:00:00,179,986.1,100.0,0.0,12.8,0.9,246.01,11.103,70.0
2024-04-27 07:15:00,217,986.1,100.0,0.0,12.8,1.0,328.002,15.761,70.0
2024-04-27 07:30:00,257,986.1,100.0,0.0,12.9,1.0,390.001,18.284,70.0
2024-04-27 07:45:00,301,986.1,100.0,0.0,12.9,1.1,438.005,23.183,70.0
2024-04-27 08:00:00,348,986.1,100.0,0.0,13.1,1.2,502.005,27.455,70.0
2024-04-27 08:15:00,396,986.1,100.0,0.0,13.2,1.2,537.003,31.621,70.0
2024-04-27 08:30:00,446,986.1,100.0,0.0,13.4,1.3,609.001,35.2,70.0
2024-04-27 08:45:00,496,986.1,99.9,0.0,13.6,1.4,591.0,35.936,70.0
2024-04-27 09:00:00,546,986.1,99.1,0.0,13.9,1.4,718.003,39.54,70.0
2024-04-27 09:15:00,593,986.1,96.8,0.0,14.5,1.5,768.006,41.332,70.0
2024-04-27 09:30:00,637,986.2,94.7,0.0,15.1,1.6,758.01,45.52,70.0
2024-04-27 09:45:00,677,986.2,92.3,0.0,15.8,1.7,707.005,46.987,70.0
2024-04-27 10:00:00,712,986.2,89.8,0.0,16.4,1.8,856.001,49.094,70.0
2024-04-27 10:15:00,745,986.2,87.7,0.0,17.0,1.9,882.005,50.406,70.0
2024-04-27 10:30:00,773,986.2,85.6,0.0,17.6,2.0,916.009,52.356,70.0
2024-04-27 10:45:00,797,986.2,82.9,0.0,18.3,2.1,929.009,52.839,70.0
2024-04-27 11:00:00,817,986.2,80.2,0.0,18.9,2.2,960.01,53.003,70.0
2024-04-27 11:15:00,833,986.2,78.0,0.0,19.5,2.3,967.009,53.455,70.0
2024-04-27 11:30:00,845,986.2,75.7,0.0,20.0,2.4,974.004,53.726,70.0
2024-04-27 11:45:00,853,986.2,74.0,0.0,20.5,2.5,994.003,54.151,70.0
2024-04-27 12:00:00,857,986.2,72.5,0.0,20.9,2.6,979.0,54.205,70.0
2024-04-27 12:15:00,857,986.2,72.0,0.0,21.4,2.7,984.006,55.023,70.0
2024-04-27 12:30:00,853,986.2,70.6,0.0,21.8,2.8,973.008,54.033,70.0
2024-04-27 12:45:00,846,986.2,69.3,0.0,22.2,2.9,971.008,54.058,70.0
2024-04-27 13:00:00,836,986.2,68.6,0.0,22.5,3.0,970.006,53.795,70.0
2024-04-27 13:15:00,824,986.2,68.1,0.0,22.9,3.1,952.005,52.54,70.0
2024-04-27 13:30:00,808,986.2,68.0,0.0,23.1,3.2,924.004,50.732,70.0
2024-04-27 13:45:00,788,986.2,68.5,0.0,23.4,3.2,888.009,49.187,70.0
2024-04-27 14:00:00,765,986.2,67.7,0.0,23.6,3.3,882.003,48.2,70.0
2024-04-27 14:15:00,737,986.2,64.5,0.0,23.8,3.4,834.009,45.953,70.0
2024-04-27 14:30:00,706,986.2,62.4,0.0,23.9,3.4,788.009,43.223,70.0
2024-04-27 14:45:00,671,986.2,61.7,0.0,23.9,3.5,755.008,42.583,70.0
2024-04-27 15:00:00,632,986.3,61.8,0.0,23.9,3.6,701.005,39.549,70.0
2024-04-27 15:15:00,589,986.3,61.8,0.0,23.9,3.6,661.006,36.934,70.0
2024-04-27 15:30:00,543,986.3,62.2,0.0,23.8,3.7,611.001,33.608,70.0
2024-04-27 15:45:00,494,986.2,63.0,0.0,23.7,3.8,549.01,29.325,70.0
2024-04-27 16:00:00,441,986.2,63.2,0.0,23.6,3.8,495.01,26.824,70.0
2024-04-27 16:15:00,386,986.2,62.9,0.0,23.4,3.8,460.006,23.34,70.0
2024-04-27 16:30:00,331,986.2,63.5,0.0,23.1,3.9,408.007,19.013,70.0
2024-04-27 16:45:00,278,986.2,64.3,0.0,22.8,3.9,331.003,15.201,70.0
2024-04-27 17:00:00,228,986.2,64.7,0.0,22.5,3.9,288.007,11.455,70.0
2024-04-27 17:15:00,182,986.2,65.5,0.0,22.2,3.9,222.005,7.918,70.0
2024-04-27 17:30:00,140,986.2,66.6,0.0,21.8,3.9,134.001,5.156,70.0
2024-04-27 17:45:00,104,986.2,68.9,0.0,21.3,3.9,108.003,3.814,70.0
2024-04-27 18:00:00,73,986.2,72.7,0.0,20.8,3.9,85.008,2.926,70.0
2024-04-27 18:15:00,48,986.2,76.0,0.0,20.2,3.8,50.009,1.957,70.0
2024-04-27 18:30:00,26,986.2,78.5,0.0,19.5,3.8,21.009,0.913,70.0
2024-04-27 18:45:00,8,986.2,80.8,0.0,18.9,3.8,0.0,0.143,70.0
2024-04-27 19:00:00,0,986.2,83.2,0.0,18.4,3.7,0.0,0.0,70.0
2024-04-27 19:15:00,0,986.2,84.9,0.0,18.0,3.6,0.0,0.0,70.0
2024-04-27 19:30:00,0,986.2,86.2,0.0,17.5,3.6,0.0,0.0,70.0
2024-04-27 19:45:00,0,986.2,87.7,0.0,17.2,3.5,0.0,0.0,70.0
2024-04-27 20:00:00,0,986.2,89.2,0.0,16.8,3.4,0.0,0.0,70.0
2024-04-27 20:15:00,0,986.2,90.2,0.0,16.4,3.3,0.0,0.0,70.0
2024-04-27 20:30:00,0,986.2,90.9,0.0,16.1,3.2,0.0,0.0,70.0
2024-04-27 20:45:00,0,986.2,91.7,0.0,15.9,3.1,0.0,0.0,70.0
2024-04-27 21:00:00,0,986.2,92.5,0.0,15.6,3.0,0.0,0.0,70.0
2024-04-27 21:15:00,0,986.2,93.2,0.0,15.4,2.9,0.0,0.0,70.0
2024-04-27 21:30:00,0,986.2,93.9,0.0,15.2,2.8,0.0,0.0,70.0
2024-04-27 21:45:00,0,986.2,94.7,0.0,15.0,2.7,0.0,0.0,70.0
2024-04-27 22:00:00,0,986.2,95.1,0.0,14.9,2.6,0.0,0.0,70.0
2024-04-27 22:15:00,0,986.2,95.2,0.0,14.8,2.5,0.0,0.0,70.0
2024-04-27 22:30:00,0,986.2,95.3,0.0,14.7,2.4,0.0,0.0,70.0
2024-04-27 22:45:00,0,986.2,95.4,0.0,14.5,2.3,0.0,0.0,70.0
2024-04-27 23:00:00,0,986.2,95.3,0.0,14.5,2.2,0.0,0.0,70.0
2024-04-27 23:15:00,0,986.2,95.3,0.0,14.4,2.1,0.0,0.0,70.0
2024-04-27 23:30:00,0,986.2,95.4,0.0,14.3,2.0,0.0,0.0,70.0
2024-04-27 23:45:00,0,986.2,95.5,0.0,14.3,2.0,0.0,0.0,70.0
2024-04-28 00:00:00,0,986.7,97.0,0.0,13.7,1.2,0.0,0.0,70.0
2024-04-28 00:15:00,0,986.7,97.6,0.0,13.5,1.2,0.0,0.0,70.0
2024-04-28 00:30:00,0,986.7,98.2,0.0,13.5,1.1,0.0,0.0,70.0
2024-04-28 00:45:00,0,986.7,98.9,0.0,13.4,1.1,0.0,0.0,70.0
2024-04-28 01:00:00,0,986.7,99.2,0.0,13.3,1.1,0.0,0.0,70.0
2024-04-28 01:15:00,0,986.7,99.3,0.0,13.2,1.1,0.0,0.0,70.0
2024-04-28 01:30:00,0,986.7,99.5,0.0,13.1,1.0,0.0,0.0,70.0
2024-04-28 01:45:00,0,986.7,99.5,0.0,13.0,1.0,0.0,0.0,70.0
2024-04-28 02:00:00,0,986.7,99.6,0.0,13.0,1.0,0.0,0.0,70.0
2024-04-28 02:15:00,0,986.7,100.0,0.0,13.0,1.0,0.0,0.0,70.0
2024-04-28 02:30:00,0,986.7,100.0,0.0,12.9,1.0,0.0,0.0,70.0
2024-04-28 02:45:00,0,986.7,100.0,0.0,12.9,1.0,0.0,0.0,70.0
2024-04-28 03:00:00,0,986.7,100.0,0.0,12.9,1.0,0.0,0.0,70.0
2024-04-28 03:15:00,0,986.7,100.0,0.0,12.8,1.0,0.0,0.0,70.0
2024-04-28 03:30:00,0,986.7,100.0,0.0,12.8,1.0,0.0,0.0,70.0
2024-04-28 03:45:00,0,986.7,100.0,0.0,12.7,1.0,0.0,0.0,70.0
2024-04-28 04:00:00,0,986.7,100.0,0.0,12.6,1.0,0.0,0.0,70.0
2024-04-28 04:15:00,0,986.7,100.0,0.0,12.5,1.0,0.0,0.0,70.0
2024-04-28 04:30:00,0,986.7,100.0,0.0,12.5,1.1,0.0,0.0,70.0
2024-04-28 04:45:00,0,986.7,100.0,0.0,12.4,1.1,0.0,0.0,70.0
2024-04-28 05:00:00,0,986.7,100.0,0.0,12.3,1.1,0.0,0.0,70.0
2024-04-28 05:15:00,0,986.7,100.0,0.0,12.3,1.1,0.0,0.002,70.0
2024-04-28 05:30:00,3,986.6,100.0,0.0,12.2,1.1,0.0,0.076,70.0
2024-04-28 05:45:00,22,986.7,100.0,0.0,12.1,1.1,8.004,0.169,70.0
2024-04-28 06:00:00,43,986.7,100.0,0.0,12.1,1.1,15.006,0.332,70.0
2024-04-28 06:15:00,65,986.7,100.0,0.0,12.1,1.1,23.004,0.798,70.0
2024-04-28 06:30:00,87,986.7,100.0,0.0,12.1,1.1,43.002,1.734,70.0
2024-04-28 06:45:00,110,986.7,100.0,0.0,12.0,1.1,83.003,3.761,70.0
2024-04-28 07:00:00,135,986.7,100.0,0.0,12.0,1.1,81.001,5.205,70.0
2024-04-28 07:15:00,160,986.7,100.0,0.0,12.0,1.2,113.007,6.958,70.0
2024-04-28 07:30:00,187,986.7,100.0,0.0,12.1,1.2,169.005,9.912,70.0
2024-04-28 07:45:00,216,986.7,99.8,0.0,12.3,1.2,129.006,6.615,70.0
2024-04-28 08:00:00,245,986.7,98.5,0.0,12.6,1.2,105.009,4.649,70.0
2024-04-28 08:15:00,276,986.7,94.8,0.0,13.2,1.3,177.01,7.765,70.0
2024-04-28 08:30:00,306,986.7,91.3,0.0,13.9,1.3,235.0,11.864,70.0
2024-04-28 08:45:00,337,986.7,87.5,0.0,14.4,1.3,496.006,19.582,70.0
2024-04-28 09:00:00,366,986.7,83.0,0.0,15.0,1.4,664.001,20.423,70.0
2024-04-28 09:15:00,395,986.7,79.1,0.0,15.4,1.4,489.007,30.659,70.0
2024-04-28 09:30:00,421,986.7,75.9,0.0,15.9,1.5,728.009,33.524,70.0
2024-04-28 09:45:00,444,986.7,72.9,0.0,16.4,1.6,402.007,20.885,70.0
2024-04-28 10:00:00,465,986.7,70.2,0.0,17.0,1.7,353.008,21.8,70.0
2024-04-28 10:15:00,484,986.7,68.1,0.0,17.5,1.7,376.005,28.011,70.0
2024-04-28 10:30:00,501,986.7,66.5,0.0,18.1,1.9,402.004,22.434,70.0
2024-04-28 10:45:00,515,986.7,64.6,0.0,18.6,2.0,397.006,18.597,70.0
2024-04-28 11:00:00,526,986.7,62.3,0.0,19.2,2.1,375.007,18.005,70.0
2024-04-28 11:15:00,535,986.7,59.8,0.0,19.8,2.2,431.001,25.741,70.0
2024-04-28 11:30:00,541,986.7,58.4,0.0,20.2,2.3,660.005,38.944,70.0
2024-04-28 11:45:00,545,986.7,58.1,0.0,20.7,2.4,336.005,20.664,70.0
2024-04-28 12:00:00,545,986.7,57.8,0.0,21.1,2.5,329.0,20.601,70.0
2024-04-28 12:15:00,543,986.8,56.7,0.0,21.5,2.6,415.008,26.465,70.0
2024-04-28 12:30:00,539,986.8,54.2,0.0,21.9,2.7,572.009,42.834,70.0
2024-04-28 12:45:00,531,986.8,52.3,0.0,22.1,2.9,548.005,37.622,70.0
2024-04-28 13:00:00,522,986.8,49.3,0.0,22.3,3.0,538.007,27.447,70.0
2024-04-28 13:15:00,510,986.8,46.8,0.0,22.5,3.1,603.005,28.647,70.0
2024-04-28 13:30:00,495,986.8,46.4,0.0,22.6,3.2,408.0,14.266,70.0
2024-04-28 13:45:00,478,986.7,46.6,0.0,22.6,3.3,408.007,14.493,70.0
2024-04-28 14:00:00,460,986.7,46.9,0.0,22.6,3.4,420.001,14.292,70.0
2024-04-28 14:15:00,439,986.7,47.4,0.0,22.3,3.4,393.002,14.429,70.0
2024-04-28 14:30:00,416,986.7,47.8,0.0,22.2,3.5,435.002,20.476,70.0
2024-04-28 14:45:00,392,986.7,48.0,0.0,22.2,3.6,600.009,24.13,70.0
2024-04-28 15:00:00,366,986.7,47.9,0.0,22.1,3.6,480.001,26.623,70.0
2024-04-28 15:15:00,340,986.7,47.7,0.0,22.0,3.6,357.001,19.533,70.0
2024-04-28 15:30:00,312,986.7,47.4,0.0,21.8,3.6,376.007,17.821,70.0
2024-04-28 15:45:00,283,986.7,47.5,0.0,21.5,3.6,321.005,17.624,70.0
2024-04-28 16:00:00,254,986.7,48.5,0.0,21.2,3.6,190.01,10.959,70.0
2024-04-28 16:15:00,223,986.7,49.9,0.0,20.9,3.5,184.007,10.979,70.0
2024-04-28 16:30:00,193,986.7,51.3,0.0,20.6,3.4,225.003,14.626,70.0
2024-04-28 16:45:00,164,986.7,52.3,0.0,20.4,3.4,253.002,14.749,70.0
2024-04-28 17:00:00,136,986.7,53.4,0.0,20.1,3.3,301.004,14.193,70.0
2024-04-28 17:15:00,110,986.7,55.2,0.0,19.7,3.2,173.009,9.34,70.0
2024-04-28 17:30:00,87,986.7,57.1,0.0,19.2,3.1,118.009,6.086,70.0
2024-04-28 17:45:00,66,986.7,58.0,0.0,18.8,3.0,88.004,4.429,70.0
2024-04-28 18:00:00,48,986.7,58.5,0.0,18.5,2.9,57.003,2.771,70.0
2024-04-28 18:15:00,32,986.7,59.2,0.0,18.1,2.8,65.006,2.305,70.0
2024-04-28 18:30:00,18,986.7,60.8,0.0,17.7,2.7,17.008,0.82,70.0
2024-04-28 18:45:00,6,986.7,63.1,0.0,17.5,2.7,0.0,0.224,70.0
2024-04-28 19:00:00,0,986.7,65.0,0.0,17.2,2.6,0.0,0.0,70.0
2024-04-28 19:15:00,0,986.7,65.4,0.0,16.9,2.5,0.0,0.0,70.0
2024-04-28 19:30:00,0,986.7,65.3,0.0,16.7,2.4,0.0,0.0,70.0
2024-04-28 19:45:00,0,986.7,65.6,0.0,16.4,2.3,0.0,0.0,70.0
2024-04-28 20:00:00,0,986.7,66.4,0.0,16.2,2.2,0.0,0.0,70.0
2024-04-28 20:15:00,0,986.7,67.5,0.0,16.0,2.2,0.0,0.0,70.0
2024-04-28 20:30:00,0,986.7,68.8,0.0,15.8,2.1,0.0,0.0,70.0
2024-04-28 20:45:00,0,986.7,69.9,0.0,15.7,2.0,0.0,0.0,70.0
2024-04-28 21:00:00,0,986.7,70.8,0.0,15.5,2.0,0.0,0.0,70.0
2024-04-28 21:15:00,0,986.7,71.7,0.0,15.2,2.0,0.0,0.0,70.0
2024-04-28 21:30:00,0,986.7,72.7,0.0,15.0,2.0,0.0,0.0,70.0
2024-04-28 21:45:00,0,986.7,73.1,0.0,14.9,2.0,0.0,0.0,70.0
2024-04-28 22:00:00,0,986.7,73.4,0.0,14.8,2.0,0.0,0.0,70.0
2024-04-28 22:15:00,0,986.7,73.8,0.0,14.7,2.0,0.0,0.0,70.0
2024-04-28 22:30:00,0,986.7,74.2,0.0,14.6,2.0,0.0,0.0,70.0
2024-04-28 22:45:00,0,986.7,75.1,0.0,14.3,2.0,0.0,0.0,70.0
2024-04-28 23:00:00,0,986.7,75.9,0.0,14.2,2.0,0.0,0.0,70.0
2024-04-28 23:15:00,0,986.7,75.7,0.0,14.2,2.1,0.0,0.0,70.0
2024-04-28 23:30:00,0,986.7,75.3,0.0,14.0,2.1,0.0,0.0,70.0
2024-04-28 23:45:00,0,986.7,74.8,0.0,13.9,2.2,0.0,0.0,70.0
2024-04-29 00:00:00,0,986.2,77.5,0.0,14.2,2.0,0.0,0.0,70.0
2024-04-29 00:15:00,0,986.1,77.5,0.0,14.0,2.0,0.0,0.0,70.0
2024-04-29 00:30:00,0,986.1,76.7,0.0,13.9,2.1,0.0,0.0,70.0
2024-04-29 00:45:00,0,986.1,75.8,0.0,13.8,2.1,0.0,0.0,70.0
2024-04-29 01:00:00,0,986.1,74.7,0.0,13.7,2.2,0.0,0.0,70.0
2024-04-29 01:15:00,0,986.1,73.3,0.0,13.5,2.3,0.0,0.0,70.0
2024-04-29 01:30:00,0,986.1,71.7,0.0,13.4,2.3,0.0,0.0,70.0
2024-04-29 01:45:00,0,986.1,70.3,0.0,13.3,2.4,0.0,0.0,70.0
2024-04-29 02:00:00,0,986.1,69.3,0.0,13.1,2.4,0.0,0.0,70.0
2024-04-29 02:15:00,0,986.1,68.1,0.0,13.0,2.5,0.0,0.0,70.0
2024-04-29 02:30:00,0,986.1,67.0,0.0,12.9,2.5,0.0,0.0,70.0
2024-04-29 02:45:00,0,986.1,67.0,0.0,12.8,2.6,0.0,0.0,70.0
2024-04-29 03:00:00,0,986.1,68.3,0.0,12.7,2.6,0.0,0.0,70.0
2024-04-29 03:15:00,0,986.1,70.5,0.0,12.5,2.7,0.0,0.0,70.0
2024-04-29 03:30:00,0,986.1,72.8,0.0,12.4,2.7,0.0,0.0,70.0
2024-04-29 03:45:00,0,986.1,74.9,0.0,12.3,2.7,0.0,0.0,70.0
2024-04-29 04:00:00,0,986.1,77.2,0.0,12.2,2.7,0.0,0.0,70.0
2024-04-29 04:15:00,0,986.1,80.0,0.0,12.1,2.7,0.0,0.0,70.0
2024-04-29 04:30:00,0,986.1,82.2,0.0,11.9,2.7,0.0,0.0,70.0
2024-04-29 04:45:00,0,986.1,83.5,0.0,11.9,2.7,0.0,0.0,70.0
2024-04-29 05:00:00,0,986.1,84.5,0.0,11.8,2.7,0.0,0.0,70.0
2024-04-29 05:15:00,0,986.1,85.4,0.0,11.7,2.7,0.0,0.043,70.0
2024-04-29 05:30:00,5,986.1,86.2,0.0,11.6,2.7,13.008,0.352,70.0
2024-04-29 05:45:00,30,986.1,86.8,0.0,11.6,2.8,33.008,1.267,70.0
2024-04-29 06:00:00,57,986.1,87.0,0.0,11.8,2.8,68.007,2.012,70.0
2024-04-29 06:15:00,85,986.1,86.9,0.0,12.2,2.8,97.004,4.076,70.0
2024-04-29 06:30:00,113,986.1,86.4,0.0,12.6,2.9,148.007,5.569,70.0
2024-04-29 06:45:00,144,986.1,85.6,0.0,13.1,2.9,208.003,8.876,70.0
2024-04-29 07:00:00,177,986.1,83.8,0.0,13.7,2.9,253.008,12.126,70.0
2024-04-29 07:15:00,214,986.1,81.2,0.0,14.4,3.0,354.003,13.049,70.0
2024-04-29 07:30:00,253,986.1,79.4,0.0,14.9,3.0,272.006,14.253,70.0
2024-04-29 07:45:00,295,986.1,78.1,0.0,15.5,3.0,387.002,19.743,70.0
2024-04-29 08:00:00,340,986.2,77.4,0.0,16.0,3.0,289.01,20.755,70.0
2024-04-29 08:15:00,387,986.2,76.9,0.0,16.5,3.0,390.006,27.099,70.0
2024-04-29 08:30:00,435,986.2,76.1,0.0,17.0,3.1,334.001,28.418,70.0
2024-04-29 08:45:00,483,986.2,75.3,0.0,17.5,3.1,373.004,31.992,70.0
2024-04-29 09:00:00,531,986.2,74.7,0.0,18.0,3.1,340.008,41.763,70.0
2024-04-29 09:15:00,577,986.2,74.0,0.0,18.5,3.1,774.01,44.159,70.0
2024-04-29 09:30:00,620,986.2,73.0,0.0,19.0,3.2,762.003,45.976,70.0
2024-04-29 09:45:00,659,986.2,72.1,0.0,19.4,3.2,826.006,48.65,70.0
2024-04-29 10:00:00,696,986.2,71.5,0.0,19.7,3.3,823.004,49.172,70.0
2024-04-29 10:15:00,730,986.2,71.0,0.0,20.1,3.3,856.001,51.609,70.0
2024-04-29 10:30:00,761,986.2,70.5,0.0,20.4,3.3,888.003,51.02,70.0
2024-04-29 10:45:00,789,986.2,69.8,0.0,20.7,3.3,892.003,45.271,70.0
2024-04-29 11:00:00,813,986.2,68.8,0.0,21.0,3.3,909.005,46.623,70.0
2024-04-29 11:15:00,832,986.2,67.5,0.0,21.2,3.3,918.004,46.103,70.0
2024-04-29 11:30:00,847,986.2,66.7,0.0,21.5,3.3,943.005,50.519,70.0
2024-04-29 11:45:00,856,986.2,66.3,0.0,21.7,3.3,946.007,55.043,70.0
2024-04-29 12:00:00,860,986.2,65.4,0.0,21.9,3.3,944.005,55.368,70.0
2024-04-29 12:15:00,858,986.2,63.5,0.0,22.1,3.3,965.007,46.84,70.0
2024-04-29 12:30:00,850,986.2,63.0,0.0,22.3,3.3,918.01,54.709,70.0
2024-04-29 12:45:00,836,986.2,62.3,0.0,22.5,3.2,981.01,53.897,70.0
2024-04-29 13:00:00,815,986.2,61.4,0.0,22.6,3.2,916.009,54.013,70.0
2024-04-29 13:15:00,788,986.2,60.0,0.0,22.8,3.2,879.005,54.565,70.0
2024-04-29 13:30:00,755,986.2,59.3,0.0,22.9,3.2,882.008,53.016,70.0
2024-04-29 13:45:00,718,986.2,58.7,0.0,23.0,3.2,850.005,47.618,70.0
2024-04-29 14:00:00,678,986.2,58.3,0.0,23.0,3.3,277.001,44.681,70.0
2024-04-29 14:15:00,634,986.2,58.0,0.0,23.1,3.3,728.007,26.517,70.0
2024-04-29 14:30:00,590,986.2,57.5,0.0,23.1,3.4,373.008,22.894,70.0
2024-04-29 14:45:00,544,986.2,57.3,0.0,23.1,3.4,694.007,21.801,70.0
2024-04-29 15:00:00,498,986.2,57.3,0.0,23.1,3.4,341.003,24.941,70.0
2024-04-29 15:15:00,453,986.2,57.2,0.0,23.1,3.5,370.005,21.575,70.0
2024-04-29 15:30:00,410,986.2,57.1,0.0,23.0,3.5,353.006,19.954,70.0
2024-04-29 15:45:00,367,986.2,57.2,0.0,22.9,3.5,146.003,10.335,70.0
2024-04-29 16:00:00,325,986.2,57.8,0.0,22.7,3.6,97.001,6.258,70.0
2024-04-29 16:15:00,283,986.2,58.6,0.0,22.6,3.6,101.003,7.381,70.0
2024-04-29 16:30:00,242,986.2,59.9,0.1,22.3,3.6,91.005,3.991,70.0
2024-04-29 16:45:00,204,986.2,62.1,0.1,21.9,3.7,118.006,4.366,70.0
2024-04-29 17:00:00,168,986.2,64.1,0.2,21.5,3.7,148.003,7.947,70.0
2024-04-29 17:15:00,135,986.2,65.7,0.2,21.0,3.8,168.006,7.815,70.0
2024-04-29 17:30:00,105,986.2,67.5,0.2,20.6,3.9,140.007,5.595,70.0
2024-04-29 17:45:00,80,986.2,69.7,0.4,20.1,3.9,99.008,4.191,70.0
2024-04-29 18:00:00,57,986.2,71.4,0.4,19.7,4.0,50.009,1.975,70.0
2024-04-29 18:15:00,38,986.2,73.2,0.4,19.4,4.1,34.003,1.395,70.0
2024-04-29 18:30:00,22,986.2,74.4,0.4,19.0,4.2,20.001,0.715,70.0
2024-04-29 18:45:00,8,986.2,75.2,0.3,18.7,4.3,0.0,0.139,70.0
2024-04-29 19:00:00,0,986.2,75.7,0.2,18.4,4.3,0.0,0.0,70.0
2024-04-29 19:15:00,0,986.2,75.7,0.1,18.0,4.4,0.0,0.0,70.0
2024-04-29 19:30:00,0,986.2,76.1,0.0,17.6,4.4,0.0,0.0,70.0
2024-04-29 19:45:00,0,986.2,77.4,0.0,17.2,4.4,0.0,0.0,70.0
2024-04-29 20:00:00,0,986.2,78.4,0.0,16.9,4.4,0.0,0.0,70.0
2024-04-29 20:15:00,0,986.2,78.5,0.0,16.5,4.3,0.0,0.0,70.0
2024-04-29 20:30:00,0,986.2,78.3,0.0,15.9,4.3,0.0,0.0,70.0
2024-04-29 20:45:00,0,986.2,78.7,0.0,15.4,4.3,0.0,0.0,70.0
2024-04-29 21:00:00,0,986.2,78.6,0.0,15.0,4.2,0.0,0.0,70.0
2024-04-29 21:15:00,0,986.1,77.9,0.0,14.5,4.2,0.0,0.0,70.0
2024-04-29 21:30:00,0,986.1,77.9,0.0,14.1,4.2,0.0,0.0,70.0
2024-04-29 21:45:00,0,986.1,78.1,0.0,13.7,4.2,0.0,0.0,70.0
2024-04-29 22:00:00,0,986.1,78.3,0.0,13.4,4.2,0.0,0.0,70.0
2024-04-29 22:15:00,0,986.1,78.3,0.0,13.2,4.2,0.0,0.0,70.0
2024-04-29 22:30:00,0,986.1,78.2,0.0,13.0,4.1,0.0,0.0,70.0
2024-04-29 22:45:00,0,986.1,78.2,0.0,12.8,4.1,0.0,0.0,70.0
2024-04-29 23:00:00,0,986.1,78.2,0.0,12.7,4.1,0.0,0.0,70.0
2024-04-29 23:15:00,0,986.1,78.3,0.0,12.5,4.1,0.0,0.0,70.0
2024-04-29 23:30:00,0,986.1,78.5,0.0,12.4,4.1,0.0,0.0,70.0
2024-04-29 23:45:00,0,986.1,78.8,0.0,12.3,4.0,0.0,0.0,70.0
2024-04-30 00:00:00,0,986.1,70.9,0.0,11.9,4.1,0.0,0.0,70.0
2024-04-30 00:15:00,0,986.1,71.4,0.0,11.7,4.0,0.0,0.0,70.0
2024-04-30 00:30:00,0,986.1,72.3,0.2,11.6,4.0,0.0,0.0,70.0
2024-04-30 00:45:00,0,986.1,73.5,0.2,11.4,4.0,0.0,0.0,70.0
2024-04-30 01:00:00,0,986.1,74.8,0.1,11.2,4.0,0.0,0.0,70.0
2024-04-30 01:15:00,0,986.1,76.3,0.0,11.1,4.0,0.0,0.0,70.0
2024-04-30 01:30:00,0,986.1,77.8,0.0,10.9,4.0,0.0,0.0,70.0
2024-04-30 01:45:00,0,986.1,78.9,0.0,10.7,4.0,0.0,0.0,70.0
2024-04-30 02:00:00,0,986.1,79.7,0.1,10.7,4.0,0.0,0.0,70.0
2024-04-30 02:15:00,0,986.1,80.3,0.1,10.6,4.0,0.0,0.0,70.0
2024-04-30 02:30:00,0,986.1,80.8,0.0,10.5,4.0,0.0,0.0,70.0
2024-04-30 02:45:00,0,986.1,81.0,0.0,10.6,3.9,0.0,0.0,70.0
2024-04-30 03:00:00,0,986.1,81.0,0.0,10.6,3.9,0.0,0.0,70.0
2024-04-30 03:15:00,0,986.1,81.0,0.0,10.6,3.9,0.0,0.0,70.0
2024-04-30 03:30:00,0,986.1,80.9,0.0,10.6,3.9,0.0,0.0,70.0
2024-04-30 03:45:00,0,986.1,80.9,0.0,10.6,3.8,0.0,0.0,70.0
2024-04-30 04:00:00,0,986.1,80.9,0.0,10.7,3.8,0.0,0.0,70.0
2024-04-30 04:15:00,0,986.1,80.8,0.0,10.7,3.8,0.0,0.0,70.0
2024-04-30 04:30:00,0,986.1,80.7,0.0,10.7,3.8,0.0,0.0,70.0
2024-04-30 04:45:00,0,986.1,80.6,0.0,10.7,3.8,0.0,0.0,70.0
2024-04-30 05:00:00,0,986.1,80.6,0.0,10.7,3.8,0.0,0.0,70.0
2024-04-30 05:15:00,0,986.1,80.6,0.1,10.7,3.8,0.0,0.0,70.0
2024-04-30 05:30:00,1,986.1,80.4,0.1,10.7,3.8,0.0,0.072,70.0
2024-04-30 05:45:00,8,986.1,80.3,0.0,10.7,3.8,0.0,0.184,70.0
2024-04-30 06:00:00,14,986.1,80.0,0.0,10.7,3.9,15.006,0.57,70.0
2024-04-30 06:15:00,22,986.1,79.7,0.0,10.7,3.9,28.004,1.328,70.0
2024-04-30 06:30:00,30,986.1,79.5,0.0,10.8,4.0,50.006,2.8,70.0
2024-04-30 06:45:00,41,986.1,79.2,0.0,10.8,4.0,83.008,4.488,70.0
2024-04-30 07:00:00,55,986.1,78.8,0.0,10.9,4.1,100.005,5.57,70.0
2024-04-30 07:15:00,72,986.1,78.5,0.0,11.0,4.2,145.002,7.861,70.0
2024-04-30 07:30:00,93,986.1,77.9,0.0,11.2,4.2,206.008,11.53,70.0
2024-04-30 07:45:00,117,986.1,77.1,0.0,11.4,4.3,202.009,11.034,70.0
2024-04-30 08:00:00,145,986.1,75.8,0.0,11.7,4.4,248.001,14.145,70.0
2024-04-30 08:15:00,175,986.1,74.0,0.0,12.0,4.5,309.004,17.061,70.0
2024-04-30 08:30:00,208,986.1,72.0,0.0,12.3,4.6,224.008,12.137,70.0
2024-04-30 08:45:00,242,986.1,70.0,0.0,12.7,4.7,195.001,11.369,70.0
2024-04-30 09:00:00,278,986.1,67.7,0.0,13.1,4.8,197.006,11.649,70.0
2024-04-30 09:15:00,312,986.1,65.1,0.0,13.4,4.9,222.006,11.969,70.0
2024-04-30 09:30:00,346,986.1,62.1,0.0,13.8,5.0,270.001,13.806,70.0
2024-04-30 09:45:00,377,986.1,58.3,0.0,14.3,5.1,293.005,15.416,70.0
2024-04-30 10:00:00,407,986.2,55.3,0.0,14.8,5.2,340.008,19.069,70.0
2024-04-30 10:15:00,437,986.2,52.7,0.0,15.2,5.3,415.007,24.499,70.0
2024-04-30 10:30:00,466,986.2,51.0,0.0,15.5,5.4,450.001,27.573,70.0
2024-04-30 10:45:00,494,986.2,50.5,0.0,15.7,5.5,480.005,30.41,70.0
2024-04-30 11:00:00,519,986.2,50.4,0.0,16.0,5.5,606.001,36.608,70.0
2024-04-30 11:15:00,541,986.2,49.7,0.0,16.3,5.6,600.01,38.863,70.0
2024-04-30 11:30:00,560,986.2,48.9,0.0,16.4,5.6,520.005,36.881,70.0
2024-04-30 11:45:00,575,986.2,47.9,0.0,16.5,5.6,740.008,44.362,70.0
2024-04-30 12:00:00,586,986.2,47.3,0.0,16.5,5.6,774.001,40.971,70.0
2024-04-30 12:15:00,592,986.2,47.3,0.0,16.7,5.6,743.0,49.146,70.0
2024-04-30 12:30:00,592,986.2,47.2,0.0,16.8,5.6,597.003,42.208,70.0
2024-04-30 12:45:00,587,986.2,47.1,0.0,16.9,5.6,611.007,34.132,70.0
2024-04-30 13:00:00,576,986.2,46.8,0.0,17.0,5.5,633.009,34.497,70.0
2024-04-30 13:15:00,559,986.2,45.9,0.0,17.1,5.5,533.009,29.746,70.0
2024-04-30 13:30:00,538,986.2,45.3,0.0,17.2,5.4,357.004,21.494,70.0
2024-04-30 13:45:00,513,986.2,45.1,0.0,17.3,5.3,422.001,25.346,70.0
2024-04-30 14:00:00,485,986.2,45.0,0.0,17.3,5.2,401.003,24.911,70.0
2024-04-30 14:15:00,454,986.2,45.0,0.0,17.2,5.1,487.006,27.555,70.0
2024-04-30 14:30:00,422,986.2,45.2,0.0,17.1,4.9,386.004,21.618,70.0
2024-04-30 14:45:00,390,986.2,45.5,0.0,17.0,4.8,398.007,25.924,70.0
2024-04-30 15:00:00,357,986.2,45.6,0.0,17.0,4.6,439.002,26.008,70.0
2024-04-30 15:15:00,325,986.2,45.9,0.0,16.9,4.4,370.007,20.378,70.0
2024-04-30 15:30:00,294,986.2,45.9,0.0,16.9,4.2,252.006,15.162,70.0
2024-04-30 15:45:00,265,986.2,45.5,0.0,16.8,4.0,295.004,18.108,70.0
2024-04-30 16:00:00,235,986.2,45.2,0.0,16.7,3.9,231.001,13.432,70.0
2024-04-30 16:15:00,205,986.2,45.2,0.0,16.6,3.7,204.001,12.004,70.0
2024-04-30 16:30:00,177,986.2,45.9,0.0,16.4,3.5,182.002,10.38,70.0
2024-04-30 16:45:00,149,986.2,47.1,0.0,16.3,3.4,195.002,11.227,70.0
2024-04-30 17:00:00,124,986.2,48.8,0.0,16.1,3.2,183.003,9.252,70.0
2024-04-30 17:15:00,100,986.2,50.5,0.0,15.9,3.0,141.007,8.053,70.0
2024-04-30 17:30:00,79,986.2,52.1,0.0,15.7,2.9,123.007,6.195,70.0
2024-04-30 17:45:00,60,986.2,53.4,0.0,15.4,2.7,109.001,5.638,70.0
2024-04-30 18:00:00,44,986.2,54.2,0.0,15.3,2.6,78.0,3.769,70.0
2024-04-30 18:15:00,30,986.2,54.7,0.0,15.1,2.5,36.009,1.567,70.0
2024-04-30 18:30:00,17,986.2,55.1,0.0,14.9,2.4,17.0,0.652,70.0
2024-04-30 18:45:00,7,986.2,55.6,0.0,14.7,2.3,0.0,0.157,70.0
2024-04-30 19:00:00,0,986.2,56.0,0.0,14.6,2.2,0.0,0.0,70.0
2024-04-30 19:15:00,0,986.2,56.2,0.0,14.6,2.1,0.0,0.0,70.0
2024-04-30 19:30:00,0,986.2,56.4,0.0,14.5,2.0,0.0,0.0,70.0
2024-04-30 19:45:00,0,986.2,56.8,0.0,14.4,2.0,0.0,0.0,70.0
2024-04-30 20:00:00,0,986.2,57.1,0.0,14.3,1.9,0.0,0.0,70.0
2024-04-30 20:15:00,0,986.2,57.2,0.0,14.2,1.9,0.0,0.0,70.0
2024-04-30 20:30:00,0,986.2,57.0,0.0,14.1,1.9,0.0,0.0,70.0
2024-04-30 20:45:00,0,986.2,56.6,0.0,13.9,2.0,0.0,0.0,70.0
2024-04-30 21:00:00,0,986.2,56.2,0.0,13.8,2.0,0.0,0.0,70.0
2024-04-30 21:15:00,0,986.2,55.7,0.0,13.6,2.1,0.0,0.0,70.0
2024-04-30 21:30:00,0,986.2,55.1,0.0,13.5,2.1,0.0,0.0,70.0
2024-04-30 21:45:00,0,986.2,54.6,0.0,13.4,2.2,0.0,0.0,70.0
2024-04-30 22:00:00,0,986.2,54.6,0.0,13.2,2.2,0.0,0.0,70.0
2024-04-30 22:15:00,0,986.2,55.2,0.0,13.1,2.3,0.0,0.0,70.0
2024-04-30 22:30:00,0,986.2,56.4,0.0,12.9,2.4,0.0,0.0,70.0
2024-04-30 22:45:00,0,986.2,57.7,0.0,12.8,2.4,0.0,0.0,70.0
2024-04-30 23:00:00,0,986.2,59.0,0.0,12.7,2.5,0.0,0.0,70.0
2024-04-30 23:15:00,0,986.2,60.0,0.0,12.6,2.6,0.0,0.0,70.0
2024-04-30 23:30:00,0,986.2,60.7,0.0,12.6,2.6,0.0,0.0,70.0
2024-04-30 23:45:00,0,986.2,61.6,0.0,12.5,2.7,0.0,0.0,70.0
2024-05-01 00:00:00,0,986.2,68.2,0.0,12.3,3.0,0.0,0.0,70.0
2024-05-01 00:15:00,0,986.2,68.2,0.0,12.2,3.1,0.0,0.0,70.0
2024-05-01 00:30:00,0,986.2,68.3,0.0,12.1,3.1,0.0,0.0,70.0
2024-05-01 00:45:00,0,986.2,68.4,0.0,12.1,3.1,0.0,0.0,70.0
2024-05-01 01:00:00,0,986.2,68.3,0.0,12.0,3.2,0.0,0.0,70.0
2024-05-01 01:15:00,0,986.2,68.1,0.0,11.9,3.2,0.0,0.0,70.0
2024-05-01 01:30:00,0,986.2,68.0,0.0,11.9,3.2,0.0,0.0,70.0
2024-05-01 01:45:00,0,986.1,67.9,0.0,11.8,3.2,0.0,0.0,70.0
2024-05-01 02:00:00,0,986.1,68.0,0.0,11.7,3.2,0.0,0.0,70.0
2024-05-01 02:15:00,0,986.1,68.3,0.0,11.6,3.2,0.0,0.0,70.0
2024-05-01 02:30:00,0,986.1,68.6,0.0,11.5,3.2,0.0,0.0,70.0
2024-05-01 02:45:00,0,986.1,68.8,0.0,11.4,3.2,0.0,0.0,70.0
2024-05-01 03:00:00,0,986.1,69.2,0.0,11.3,3.2,0.0,0.0,70.0
2024-05-01 03:15:00,0,986.1,69.6,0.0,11.2,3.2,0.0,0.0,70.0
2024-05-01 03:30:00,0,986.1,70.2,0.0,11.1,3.1,0.0,0.0,70.0
2024-05-01 03:45:00,0,986.1,70.9,0.0,10.9,3.1,0.0,0.0,70.0
2024-05-01 04:00:00,0,986.1,71.7,0.0,10.8,3.1,0.0,0.0,70.0
2024-05-01 04:15:00,0,986.1,72.5,0.0,10.7,3.0,0.0,0.0,70.0
2024-05-01 04:30:00,0,986.1,72.9,0.0,10.6,2.9,0.0,0.0,70.0
2024-05-01 04:45:00,0,986.1,73.0,0.0,10.5,2.8,0.0,0.0,70.0
2024-05-01 05:00:00,0,986.1,73.0,0.0,10.4,2.8,0.0,0.0,70.0
2024-05-01 05:15:00,0,986.1,72.9,0.0,10.4,2.8,0.0,0.096,70.0
2024-05-01 05:30:00,8,986.1,72.7,0.0,10.3,2.7,18.004,0.594,70.0
2024-05-01 05:45:00,36,986.1,72.4,0.0,10.4,2.7,36.006,1.694,70.0
2024-05-01 06:00:00,65,986.1,72.1,0.0,10.6,2.6,102.001,2.762,70.0
2024-05-01 06:15:00,94,986.1,71.8,0.0,11.0,2.6,132.007,4.414,70.0
2024-05-01 06:30:00,125,986.1,71.3,0.0,11.6,2.5,220.001,7.399,70.0
2024-05-01 06:45:00,157,986.1,71.0,0.0,12.2,2.5,208.006,7.517,70.0
2024-05-01 07:00:00,193,986.2,70.4,0.0,12.9,2.4,273.009,13.664,70.0
2024-05-01 07:15:00,232,986.2,69.3,0.0,13.7,2.3,311.001,13.43,70.0
2024-05-01 07:30:00,273,986.2,66.9,0.0,14.6,2.2,373.009,18.467,70.0
2024-05-01 07:45:00,319,986.2,62.9,0.0,15.5,2.1,375.002,20.729,70.0
2024-05-01 08:00:00,366,986.2,60.6,0.0,16.2,2.0,303.008,27.589,70.0
2024-05-01 08:15:00,416,986.2,58.5,0.0,16.9,1.9,571.005,32.139,70.0
2024-05-01 08:30:00,468,986.2,54.1,0.0,17.6,1.8,622.006,37.166,70.0
2024-05-01 08:45:00,519,986.2,51.2,0.0,18.1,1.8,708.006,40.85,70.0
2024-05-01 09:00:00,570,986.2,49.0,0.0,18.6,1.7,722.006,42.877,70.0
2024-05-01 09:15:00,619,986.2,43.4,0.0,19.1,1.6,770.0,45.549,70.0
2024-05-01 09:30:00,664,986.2,37.8,0.0,19.5,1.6,822.004,48.46,70.0
2024-05-01 09:45:00,705,986.2,34.2,0.0,19.8,1.5,857.001,50.48,70.0
2024-05-01 10:00:00,741,986.2,31.7,0.0,20.1,1.5,880.006,51.607,70.0
2024-05-01 10:15:00,774,986.2,29.7,0.0,20.3,1.5,908.005,53.336,70.0
2024-05-01 10:30:00,804,986.2,28.0,0.0,20.5,1.5,945.009,47.839,70.0
2024-05-01 10:45:00,829,986.2,26.6,0.0,20.7,1.4,965.009,41.561,70.0
2024-05-01 11:00:00,850,986.2,26.0,0.0,20.9,1.4,959.008,37.149,70.0
2024-05-01 11:15:00,866,986.2,25.6,0.0,21.1,1.4,975.006,37.051,70.0
2024-05-01 11:30:00,879,986.2,25.6,0.0,21.2,1.4,983.005,37.05,70.0
2024-05-01 11:45:00,887,986.2,25.7,0.0,21.4,1.3,995.002,41.283,70.0
2024-05-01 12:00:00,891,986.2,25.9,0.0,21.5,1.3,999.005,46.515,70.0
2024-05-01 12:15:00,891,986.2,26.1,0.0,21.6,1.3,999.003,42.84,70.0
2024-05-01 12:30:00,887,986.2,26.3,0.0,21.7,1.3,997.003,42.802,70.0
2024-05-01 12:45:00,880,986.2,26.4,0.0,21.8,1.3,982.008,42.646,70.0
2024-05-01 13:00:00,869,986.2,26.7,0.0,21.9,1.4,978.001,43.946,70.0
2024-05-01 13:15:00,856,986.2,26.8,0.0,22.0,1.5,962.003,44.921,70.0
2024-05-01 13:30:00,839,986.2,26.7,0.0,22.1,1.5,931.004,40.123,70.0
2024-05-01 13:45:00,818,986.2,26.3,0.0,22.2,1.6,904.005,43.924,70.0
2024-05-01 14:00:00,794,986.2,25.8,0.0,22.2,1.7,872.007,43.169,70.0
2024-05-01 14:15:00,766,986.2,25.3,0.0,22.2,1.8,834.001,39.471,70.0
2024-05-01 14:30:00,733,986.2,25.2,0.0,22.2,1.8,806.005,43.365,70.0
2024-05-01 14:45:00,697,986.2,25.4,0.0,22.3,1.9,759.01,41.766,70.0
2024-05-01 15:00:00,656,986.2,25.9,0.0,22.3,1.9,721.001,41.387,70.0
2024-05-01 15:15:00,612,986.2,26.3,0.0,22.2,2.0,677.007,38.272,70.0
2024-05-01 15:30:00,565,986.2,26.5,0.0,22.2,2.0,626.008,34.727,70.0
2024-05-01 15:45:00,515,986.2,26.9,0.0,22.1,2.0,576.009,31.324,70.0
2024-05-01 16:00:00,460,986.2,27.3,0.0,22.0,2.1,519.007,27.711,70.0
2024-05-01 16:15:00,404,986.2,27.8,0.0,21.9,2.1,476.008,24.206,70.0
2024-05-01 16:30:00,347,986.2,28.5,0.0,21.8,2.1,424.004,20.169,70.0
2024-05-01 16:45:00,292,986.2,29.5,0.0,21.7,2.2,370.006,16.307,70.0
2024-05-01 17:00:00,240,986.2,30.7,0.0,21.5,2.2,312.001,12.703,70.0
2024-05-01 17:15:00,193,986.2,32.1,0.0,21.3,2.2,254.008,9.301,70.0
2024-05-01 17:30:00,150,986.2,34.3,0.0,21.0,2.3,197.004,6.544,70.0
2024-05-01 17:45:00,113,986.2,37.2,0.0,20.6,2.3,147.009,4.462,70.0
2024-05-01 18:00:00,81,986.2,38.7,0.0,20.1,2.4,98.007,2.926,70.0
2024-05-01 18:15:00,54,986.2,38.6,0.0,19.6,2.4,51.003,1.84,70.0
2024-05-01 18:30:00,31,986.2,38.7,0.0,19.1,2.5,22.006,0.944,70.0
2024-05-01 18:45:00,12,986.2,40.3,0.0,18.7,2.5,0.0,0.257,70.0
2024-05-01 19:00:00,0,986.2,42.4,0.0,18.4,2.5,0.0,0.0,70.0
2024-05-01 19:15:00,0,986.2,44.2,0.0,18.1,2.6,0.0,0.0,70.0
2024-05-01 19:30:00,0,986.2,45.4,0.0,17.7,2.6,0.0,0.0,70.0
2024-05-01 19:45:00,0,986.2,46.3,0.0,17.4,2.6,0.0,0.0,70.0
2024-05-01 20:00:00,0,986.2,47.2,0.0,17.0,2.6,0.0,0.0,70.0
2024-05-01 20:15:00,0,986.2,47.0,0.0,16.6,2.5,0.0,0.0,70.0
2024-05-01 20:30:00,0,986.2,46.0,0.0,16.4,2.5,0.0,0.0,70.0
2024-05-01 20:45:00,0,986.2,45.3,0.0,16.2,2.5,0.0,0.0,70.0
2024-05-01 21:00:00,0,986.2,46.1,0.0,16.0,2.5,0.0,0.0,70.0
2024-05-01 21:15:00,0,986.2,47.9,0.0,15.8,2.5,0.0,0.0,70.0
2024-05-01 21:30:00,0,986.2,49.5,0.0,15.6,2.5,0.0,0.0,70.0
2024-05-01 21:45:00,0,986.2,50.9,0.0,15.4,2.5,0.0,0.0,70.0
2024-05-01 22:00:00,0,986.2,52.3,0.0,15.2,2.4,0.0,0.0,70.0
2024-05-01 22:15:00,0,986.2,53.7,0.0,15.1,2.4,0.0,0.0,70.0
2024-05-01 22:30:00,0,986.2,54.9,0.0,14.9,2.4,0.0,0.0,70.0
2024-05-01 22:45:00,0,986.2,55.6,0.0,14.7,2.3,0.0,0.0,70.0
2024-05-01 23:00:00,0,986.2,55.8,0.0,14.6,2.3,0.0,0.0,70.0
2024-05-01 23:15:00,0,986.2,56.1,0.0,14.4,2.2,0.0,0.0,70.0
2024-05-01 23:30:00,0,986.2,56.2,0.0,14.4,2.2,0.0,0.0,70.0
2024-05-01 23:45:00,0,986.2,56.1,0.0,14.3,2.1,0.0,0.0,70.0
2024-05-02 00:00:00,0,986.7,50.5,0.0,13.5,3.0,0.0,0.0,70.0
2024-05-02 00:15:00,0,986.7,51.2,0.0,13.3,2.9,0.0,0.0,70.0
2024-05-02 00:30:00,0,986.7,51.0,0.0,13.2,2.8,0.0,0.0,70.0
2024-05-02 00:45:00,0,986.7,50.5,0.0,13.2,2.7,0.0,0.0,70.0
2024-05-02 01:00:00,0,986.7,50.2,0.0,13.2,2.6,0.0,0.0,70.0
2024-05-02 01:15:00,0,986.7,50.5,0.0,13.1,2.5,0.0,0.0,70.0
2024-05-02 01:30:00,0,986.7,51.1,0.0,13.0,2.5,0.0,0.0,70.0
2024-05-02 01:45:00,0,986.7,51.6,0.0,12.9,2.4,0.0,0.0,70.0
2024-05-02 02:00:00,0,986.7,52.2,0.0,12.8,2.3,0.0,0.0,70.0
2024-05-02 02:15:00,0,986.7,52.7,0.0,12.7,2.3,0.0,0.0,70.0
2024-05-02 02:30:00,0,986.7,53.0,0.0,12.7,2.2,0.0,0.0,70.0
2024-05-02 02:45:00,0,986.7,53.3,0.0,12.7,2.1,0.0,0.0,70.0
2024-05-02 03:00:00,0,986.7,53.6,0.0,12.7,2.0,0.0,0.0,70.0
2024-05-02 03:15:00,0,986.7,53.8,0.0,12.6,2.0,0.0,0.0,70.0
2024-05-02 03:30:00,0,986.7,53.9,0.0,12.5,1.9,0.0,0.0,70.0
2024-05-02 03:45:00,0,986.7,54.0,0.0,12.4,1.9,0.0,0.0,70.0
2024-05-02 04:00:00,0,986.7,54.1,0.0,12.4,1.8,0.0,0.0,70.0
2024-05-02 04:15:00,0,986.7,54.2,0.0,12.3,1.8,0.0,0.0,70.0
2024-05-02 04:30:00,0,986.7,54.4,0.0,12.3,1.7,0.0,0.0,70.0
2024-05-02 04:45:00,0,986.7,54.6,0.0,12.2,1.6,0.0,0.0,70.0
2024-05-02 05:00:00,0,986.7,54.8,0.0,12.2,1.6,0.0,0.0,70.0
2024-05-02 05:15:00,0,986.7,54.9,0.0,12.1,1.5,0.0,0.127,70.0
2024-05-02 05:30:00,11,986.7,54.9,0.0,12.1,1.4,16.003,0.593,70.0
2024-05-02 05:45:00,41,986.7,54.8,0.0,12.1,1.4,44.01,1.528,70.0
2024-05-02 06:00:00,71,986.7,54.5,0.0,12.2,1.3,85.007,2.625,70.0
2024-05-02 06:15:00,102,986.7,54.0,0.0,12.3,1.3,130.007,4.148,70.0
2024-05-02 06:30:00,135,986.7,53.3,0.0,12.6,1.3,181.001,6.269,70.0
2024-05-02 06:45:00,169,986.7,52.7,0.0,12.9,1.2,233.004,9.091,70.0
2024-05-02 07:00:00,205,986.7,53.2,0.0,13.6,1.2,286.005,12.37,70.0
2024-05-02 07:15:00,244,986.7,55.2,0.0,14.1,1.2,339.005,16.125,70.0
2024-05-02 07:30:00,286,986.7,57.2,0.0,14.7,1.1,391.006,20.087,70.0
2024-05-02 07:45:00,330,986.7,59.0,0.0,15.4,1.1,434.003,23.543,70.0
2024-05-02 08:00:00,377,986.7,60.3,0.0,16.2,1.1,495.002,27.834,70.0
2024-05-02 08:15:00,425,986.8,54.9,0.0,17.1,1.0,557.01,31.541,70.0
2024-05-02 08:30:00,475,986.8,55.2,0.0,17.8,1.0,607.0,35.105,70.0
2024-05-02 08:45:00,524,986.8,52.0,0.0,18.5,1.0,655.009,38.319,70.0
2024-05-02 09:00:00,573,986.8,50.2,0.0,19.1,1.0,704.01,41.364,70.0
2024-05-02 09:15:00,620,986.8,47.1,0.0,19.8,1.1,739.006,44.204,70.0
2024-05-02 09:30:00,663,986.8,42.8,0.0,20.3,1.1,791.005,46.077,70.0
2024-05-02 09:45:00,702,986.8,39.0,0.0,20.7,1.1,826.0,48.672,70.0
2024-05-02 10:00:00,737,986.8,35.0,0.0,21.1,1.2,866.01,50.002,70.0
2024-05-02 10:15:00,769,986.8,32.6,0.0,21.4,1.3,891.001,51.974,70.0
2024-05-02 10:30:00,798,986.8,30.8,0.0,21.7,1.3,923.005,53.156,70.0
2024-05-02 10:45:00,822,986.8,29.2,0.0,22.0,1.5,923.009,54.881,70.0
2024-05-02 11:00:00,843,986.8,28.7,0.0,22.2,1.6,946.005,54.928,70.0
2024-05-02 11:15:00,859,986.8,28.2,0.0,22.4,1.7,986.009,55.973,70.0
2024-05-02 11:30:00,871,986.8,27.6,0.0,22.6,1.7,982.003,55.553,70.0
2024-05-02 11:45:00,879,986.8,27.2,0.0,22.8,1.8,1009.006,56.456,70.0
2024-05-02 12:00:00,884,986.8,26.6,0.0,22.9,1.9,1009.004,56.595,70.0
2024-05-02 12:15:00,884,986.8,25.9,0.0,23.0,2.0,1006.001,56.372,70.0
2024-05-02 12:30:00,880,986.8,25.6,0.0,23.1,2.0,998.0,55.723,70.0
2024-05-02 12:45:00,872,986.8,25.6,0.0,23.1,2.1,983.009,55.235,70.0
2024-05-02 13:00:00,862,986.8,25.8,0.0,23.2,2.2,968.002,55.123,70.0
2024-05-02 13:15:00,848,986.8,25.6,0.0,23.3,2.2,952.002,48.556,70.0
2024-05-02 13:30:00,831,986.8,25.3,0.0,23.3,2.3,926.0,44.581,70.0
2024-05-02 13:45:00,811,986.8,25.5,0.0,23.3,2.3,897.003,44.82,70.0
2024-05-02 14:00:00,786,986.8,25.8,0.0,23.3,2.4,876.002,39.556,70.0
2024-05-02 14:15:00,758,986.8,26.0,0.0,23.3,2.4,835.007,39.426,70.0
2024-05-02 14:30:00,726,986.8,26.3,0.0,23.3,2.4,792.005,41.659,70.0
2024-05-02 14:45:00,689,986.8,26.3,0.0,23.2,2.4,755.003,41.027,70.0
2024-05-02 15:00:00,650,986.8,26.4,0.0,23.0,2.4,702.0,38.69,70.0
2024-05-02 15:15:00,606,986.8,26.9,0.0,22.9,2.4,659.002,36.184,70.0
2024-05-02 15:30:00,560,986.8,27.3,0.0,22.8,2.4,609.004,32.62,70.0
2024-05-02 15:45:00,510,986.8,27.3,0.0,22.8,2.4,557.01,29.614,70.0
2024-05-02 16:00:00,456,986.8,27.8,0.0,22.8,2.4,508.004,25.821,70.0
2024-05-02 16:15:00,401,986.8,28.7,0.0,22.7,2.4,451.002,22.983,70.0
2024-05-02 16:30:00,345,986.8,29.8,0.0,22.6,2.3,412.005,19.587,70.0
2024-05-02 16:45:00,291,986.8,31.0,0.0,22.5,2.3,355.009,15.764,70.0
2024-05-02 17:00:00,240,986.8,32.5,0.0,22.4,2.3,293.004,12.267,70.0
2024-05-02 17:15:00,193,986.8,34.6,0.0,22.2,2.3,237.008,9.121,70.0
2024-05-02 17:30:00,151,986.8,37.9,0.0,21.9,2.2,186.009,6.673,70.0
2024-05-02 17:45:00,114,986.8,41.0,0.0,21.5,2.2,136.003,4.625,70.0
2024-05-02 18:00:00,82,986.8,43.9,0.0,21.0,2.2,95.009,3.13,70.0
2024-05-02 18:15:00,55,986.8,47.1,0.0,20.4,2.1,49.006,1.966,70.0
2024-05-02 18:30:00,33,986.8,48.6,0.0,19.9,2.1,22.008,1.047,70.0
2024-05-02 18:45:00,13,986.8,51.4,0.0,19.2,2.0,0.0,0.278,70.0
2024-05-02 19:00:00,0,986.8,55.6,0.0,18.5,2.0,0.0,0.0,70.0
2024-05-02 19:15:00,0,986.8,59.2,0.0,17.9,2.0,0.0,0.0,70.0
2024-05-02 19:30:00,0,986.8,61.4,0.0,17.5,1.9,0.0,0.0,70.0
2024-05-02 19:45:00,0,986.8,62.7,0.0,17.2,1.9,0.0,0.0,70.0
2024-05-02 20:00:00,0,986.8,63.5,0.0,17.0,1.9,0.0,0.0,70.0
2024-05-02 20:15:00,0,986.8,63.9,0.0,16.8,1.8,0.0,0.0,70.0
2024-05-02 20:30:00,0,986.8,64.0,0.0,16.7,1.8,0.0,0.0,70.0
2024-05-02 20:45:00,0,986.8,63.5,0.0,16.6,1.8,0.0,0.0,70.0
2024-05-02 21:00:00,0,986.8,62.6,0.0,16.5,1.8,0.0,0.0,70.0
2024-05-02 21:15:00,0,986.8,61.5,0.0,16.4,1.7,0.0,0.0,70.0
2024-05-02 21:30:00,0,986.8,60.2,0.0,16.3,1.7,0.0,0.0,70.0
2024-05-02 21:45:00,0,986.8,59.1,0.0,16.2,1.7,0.0,0.0,70.0
2024-05-02 22:00:00,0,986.8,58.1,0.0,16.2,1.6,0.0,0.0,70.0
2024-05-02 22:15:00,0,986.8,57.3,0.0,16.2,1.6,0.0,0.0,70.0
2024-05-02 22:30:00,0,986.8,56.7,0.0,16.1,1.6,0.0,0.0,70.0
2024-05-02 22:45:00,0,986.8,55.9,0.0,16.0,1.6,0.0,0.0,70.0
2024-05-02 23:00:00,0,986.8,55.1,0.0,15.9,1.6,0.0,0.0,70.0
2024-05-02 23:15:00,0,986.8,54.6,0.0,15.8,1.6,0.0,0.0,70.0
2024-05-02 23:30:00,0,986.8,54.1,0.0,15.7,1.6,0.0,0.0,70.0
2024-05-02 23:45:00,0,986.8,53.5,0.0,15.5,1.6,0.0,0.0,70.0
2024-05-03 00:00:00,0,986.7,49.5,0.0,15.2,1.8,0.0,0.0,70.0
2024-05-03 00:15:00,0,986.7,48.2,0.0,15.0,1.8,0.0,0.0,70.0
2024-05-03 00:30:00,0,986.7,47.5,0.0,14.9,1.7,0.0,0.0,70.0
2024-05-03 00:45:00,0,986.7,46.3,0.0,14.9,1.7,0.0,0.0,70.0
2024-05-03 01:00:00,0,986.7,44.8,0.0,14.8,1.6,0.0,0.0,70.0
2024-05-03 01:15:00,0,986.7,43.1,0.0,14.6,1.6,0.0,0.0,70.0
2024-05-03 01:30:00,0,986.7,40.9,0.0,14.5,1.6,0.0,0.0,70.0
2024-05-03 01:45:00,0,986.7,38.6,0.0,14.5,1.6,0.0,0.0,70.0
2024-05-03 02:00:00,0,986.7,37.0,0.0,14.5,1.5,0.0,0.0,70.0
2024-05-03 02:15:00,0,986.7,36.1,0.0,14.5,1.5,0.0,0.0,70.0
2024-05-03 02:30:00,0,986.7,35.6,0.0,14.4,1.5,0.0,0.0,70.0
2024-05-03 02:45:00,0,986.7,35.5,0.0,14.3,1.4,0.0,0.0,70.0
2024-05-03 03:00:00,0,986.7,35.8,0.0,14.2,1.4,0.0,0.0,70.0
2024-05-03 03:15:00,0,986.7,36.2,0.0,14.1,1.4,0.0,0.0,70.0
2024-05-03 03:30:00,0,986.7,36.6,0.0,14.0,1.3,0.0,0.0,70.0
2024-05-03 03:45:00,0,986.7,37.0,0.0,13.9,1.3,0.0,0.0,70.0
2024-05-03 04:00:00,0,986.7,37.2,0.0,13.8,1.3,0.0,0.0,70.0
2024-05-03 04:15:00,0,986.7,37.4,0.0,13.7,1.3,0.0,0.0,70.0
2024-05-03 04:30:00,0,986.7,37.6,0.0,13.6,1.2,0.0,0.0,70.0
2024-05-03 04:45:00,0,986.7,38.2,0.0,13.5,1.1,0.0,0.0,70.0
2024-05-03 05:00:00,0,986.7,38.9,0.0,13.4,1.1,0.0,0.0,70.0
2024-05-03 05:15:00,0,986.7,39.5,0.0,13.2,1.0,0.0,0.119,70.0
2024-05-03 05:30:00,11,986.7,39.8,0.0,13.1,1.0,16.003,0.525,70.0
2024-05-03 05:45:00,36,986.7,39.9,0.0,13.1,0.9,35.007,1.511,70.0
2024-05-03 06:00:00,62,986.7,39.9,0.0,13.2,0.9,54.004,2.59,70.0
2024-05-03 06:15:00,89,986.7,39.7,0.0,13.4,0.9,120.003,4.956,70.0
2024-05-03 06:30:00,118,986.7,39.5,0.0,13.6,0.8,118.007,5.073,70.0
2024-05-03 06:45:00,148,986.7,39.6,0.0,13.8,0.8,141.008,6.15,70.0
2024-05-03 07:00:00,182,986.7,40.8,0.0,14.1,0.8,196.009,9.637,70.0
2024-05-03 07:15:00,220,986.7,44.6,0.0,14.3,0.9,339.0,14.717,70.0
2024-05-03 07:30:00,261,986.7,48.9,0.0,14.6,0.9,386.007,19.859,70.0
2024-05-03 07:45:00,305,986.7,52.6,0.0,15.2,0.9,386.006,23.166,70.0
2024-05-03 08:00:00,353,986.7,49.8,0.0,15.9,1.0,499.005,27.836,70.0
2024-05-03 08:15:00,404,986.8,50.7,0.0,16.3,1.1,500.002,29.038,70.0
2024-05-03 08:30:00,456,986.8,52.1,0.0,16.9,1.2,578.01,35.846,70.0
2024-05-03 08:45:00,508,986.8,46.7,0.0,17.5,1.3,632.004,38.566,70.0
2024-05-03 09:00:00,560,986.8,46.0,0.0,17.9,1.4,722.008,42.997,70.0
2024-05-03 09:15:00,610,986.8,45.0,0.0,18.4,1.5,761.003,42.471,70.0
2024-05-03 09:30:00,656,986.8,43.8,0.0,18.9,1.6,744.006,41.949,70.0
2024-05-03 09:45:00,698,986.8,43.0,0.0,19.2,1.7,781.005,48.017,70.0
2024-05-03 10:00:00,735,986.8,43.8,0.0,19.6,1.9,859.007,50.882,70.0
2024-05-03 10:15:00,769,986.8,42.4,0.0,20.0,2.0,873.005,52.266,70.0
2024-05-03 10:30:00,799,986.8,42.7,0.0,20.2,2.2,897.01,53.661,70.0
2024-05-03 10:45:00,824,986.8,41.2,0.0,20.5,2.3,953.001,54.348,70.0
2024-05-03 11:00:00,846,986.8,40.2,0.0,20.7,2.4,972.003,55.035,70.0
2024-05-03 11:15:00,863,986.8,39.6,0.0,20.9,2.6,982.005,56.21,70.0
2024-05-03 11:30:00,875,986.8,39.2,0.0,21.1,2.7,1001.004,56.996,70.0
2024-05-03 11:45:00,884,986.8,39.5,0.0,21.2,2.9,1010.007,56.881,70.0
2024-05-03 12:00:00,888,986.8,40.1,0.0,21.3,3.0,991.003,56.71,70.0
2024-05-03 12:15:00,888,986.8,40.8,0.0,21.5,3.1,981.006,56.292,70.0
2024-05-03 12:30:00,885,986.8,39.8,0.0,21.7,3.2,980.009,55.992,70.0
2024-05-03 12:45:00,877,986.8,37.3,0.0,21.8,3.3,989.0,55.475,70.0
2024-05-03 13:00:00,867,986.8,35.7,0.0,21.9,3.4,976.004,55.79,70.0
2024-05-03 13:15:00,854,986.8,35.5,0.0,22.0,3.5,951.008,54.991,70.0
2024-05-03 13:30:00,836,986.8,35.5,0.0,22.0,3.5,944.009,53.988,70.0
2024-05-03 13:45:00,815,986.8,35.7,0.0,22.0,3.6,904.003,53.028,70.0
2024-05-03 14:00:00,791,986.8,36.2,0.0,22.0,3.7,883.006,51.086,70.0
2024-05-03 14:15:00,762,986.8,37.0,0.0,22.0,3.7,866.008,49.737,70.0
2024-05-03 14:30:00,729,986.8,38.1,0.0,21.9,3.7,822.006,48.125,70.0
2024-05-03 14:45:00,693,986.8,39.6,0.0,21.9,3.8,791.002,45.994,70.0
2024-05-03 15:00:00,652,986.8,41.0,0.0,21.8,3.8,580.0,43.279,70.0
2024-05-03 15:15:00,608,986.8,42.4,0.0,21.8,3.8,705.005,40.126,70.0
2024-05-03 15:30:00,562,986.8,43.8,0.0,21.7,3.8,657.008,36.564,70.0
2024-05-03 15:45:00,512,986.8,44.9,0.0,21.6,3.8,604.009,33.314,70.0
2024-05-03 16:00:00,458,986.8,45.4,0.0,21.5,3.8,564.002,29.344,70.0
2024-05-03 16:15:00,402,986.8,45.5,0.0,21.3,3.7,504.007,25.444,70.0
2024-05-03 16:30:00,347,986.8,45.6,0.0,21.1,3.7,464.003,21.594,70.0
2024-05-03 16:45:00,292,986.8,46.2,0.0,20.9,3.7,405.007,18.106,70.0
2024-05-03 17:00:00,241,986.8,47.7,0.0,20.6,3.6,284.003,12.069,70.0
2024-05-03 17:15:00,194,986.8,49.3,0.0,20.3,3.5,266.001,10.351,70.0
2024-05-03 17:30:00,152,986.8,50.0,0.0,19.9,3.5,191.007,6.739,70.0
2024-05-03 17:45:00,114,986.8,51.0,0.0,19.5,3.4,105.005,4.357,70.0
2024-05-03 18:00:00,83,986.8,53.0,0.0,19.1,3.3,111.002,4.016,70.0
2024-05-03 18:15:00,56,986.8,55.8,0.0,18.5,3.3,43.008,1.809,70.0
2024-05-03 18:30:00,33,986.8,58.1,0.0,17.8,3.2,23.0,1.076,70.0
2024-05-03 18:45:00,14,986.8,60.2,0.0,17.2,3.1,8.004,0.244,70.0
2024-05-03 19:00:00,0,986.8,62.1,0.0,16.7,3.0,0.0,0.0,70.0
2024-05-03 19:15:00,0,986.8,64.1,0.0,16.2,2.9,0.0,0.0,70.0
2024-05-03 19:30:00,0,986.8,66.2,0.0,15.8,2.8,0.0,0.0,70.0
2024-05-03 19:45:00,0,986.7,68.3,0.0,15.4,2.7,0.0,0.0,70.0
2024-05-03 20:00:00,0,986.7,70.5,0.0,15.0,2.5,0.0,0.0,70.0
2024-05-03 20:15:00,0,986.7,72.6,0.0,14.7,2.4,0.0,0.0,70.0
2024-05-03 20:30:00,0,986.7,74.3,0.0,14.4,2.2,0.0,0.0,70.0
2024-05-03 20:45:00,0,986.7,75.6,0.0,14.1,2.1,0.0,0.0,70.0
2024-05-03 21:00:00,0,986.7,76.7,0.0,13.9,2.0,0.0,0.0,70.0
2024-05-03 21:15:00,0,986.7,77.6,0.0,13.7,1.9,0.0,0.0,70.0
2024-05-03 21:30:00,0,986.7,78.2,0.0,13.6,1.7,0.0,0.0,70.0
2024-05-03 21:45:00,0,986.7,78.7,0.0,13.6,1.6,0.0,0.0,70.0
2024-05-03 22:00:00,0,986.7,79.2,0.0,13.6,1.5,0.0,0.0,70.0
2024-05-03 22:15:00,0,986.7,79.7,0.0,13.5,1.4,0.0,0.0,70.0
2024-05-03 22:30:00,0,986.7,80.1,0.0,13.4,1.4,0.0,0.0,70.0
2024-05-03 22:45:00,0,986.7,80.5,0.0,13.4,1.3,0.0,0.0,70.0
2024-05-03 23:00:00,0,986.7,80.9,0.0,13.3,1.2,0.0,0.0,70.0
2024-05-03 23:15:00,0,986.7,81.4,0.0,13.2,1.1,0.0,0.0,70.0
2024-05-03 23:30:00,0,986.7,81.7,0.0,13.1,1.1,0.0,0.0,70.0
2024-05-03 23:45:00,0,986.7,81.9,0.0,13.0,1.0,0.0,0.0,70.0
2024-05-06 00:00:00,0,985.7,82.4,0.2,15.1,1.1,0.0,0.0,70.0
2024-05-06 00:15:00,0,985.7,82.6,0.2,14.9,1.1,0.0,0.0,70.0
2024-05-06 00:30:00,0,985.7,83.1,0.2,14.9,1.1,0.0,0.0,70.0
2024-05-06 00:45:00,0,985.7,83.8,0.2,14.8,1.1,0.0,0.0,70.0
2024-05-06 01:00:00,0,985.7,84.5,0.2,14.7,1.2,0.0,0.0,70.0
2024-05-06 01:15:00,0,985.7,85.3,0.2,14.6,1.2,0.0,0.0,70.0
2024-05-06 01:30:00,0,985.7,85.8,0.2,14.6,1.2,0.0,0.0,70.0
2024-05-06 01:45:00,0,985.7,86.4,0.4,14.5,1.2,0.0,0.0,70.0
2024-05-06 02:00:00,0,985.7,86.8,0.3,14.4,1.3,0.0,0.0,70.0
2024-05-06 02:15:00,0,985.7,87.2,0.2,14.3,1.3,0.0,0.0,70.0
2024-05-06 02:30:00,0,985.7,87.4,0.2,14.2,1.3,0.0,0.0,70.0
2024-05-06 02:45:00,0,985.7,87.3,0.2,14.2,1.3,0.0,0.0,70.0
2024-05-06 03:00:00,0,985.7,87.2,0.3,14.2,1.3,0.0,0.0,70.0
2024-05-06 03:15:00,0,985.7,87.0,0.3,14.1,1.3,0.0,0.0,70.0
2024-05-06 03:30:00,0,985.7,86.8,0.3,14.1,1.3,0.0,0.0,70.0
2024-05-06 03:45:00,0,985.7,86.5,0.3,14.1,1.3,0.0,0.0,70.0
2024-05-06 04:00:00,0,985.7,86.2,0.4,14.1,1.4,0.0,0.0,70.0
2024-05-06 04:15:00,0,985.7,86.1,0.3,14.1,1.4,0.0,0.0,70.0
2024-05-06 04:30:00,0,985.7,86.0,0.3,14.1,1.4,0.0,0.0,70.0
2024-05-06 04:45:00,0,985.7,86.0,0.3,14.1,1.4,0.0,0.0,70.0
2024-05-06 05:00:00,0,985.7,86.1,0.4,14.1,1.4,0.0,0.0,70.0
2024-05-06 05:15:00,0,985.7,86.1,0.5,14.1,1.5,0.0,0.002,70.0
2024-05-06 05:30:00,18,985.7,85.7,0.5,14.1,1.6,0.0,0.002,70.0
2024-05-06 05:45:00,47,985.7,85.1,0.5,14.2,1.6,8.008,0.286,70.0
2024-05-06 06:00:00,77,985.7,84.1,0.5,14.3,1.7,13.008,0.509,70.0
2024-05-06 06:15:00,107,985.7,83.2,0.5,14.4,1.8,21.01,0.774,70.0
2024-05-06 06:30:00,137,985.7,82.6,0.3,14.6,1.9,23.0,1.149,70.0
2024-05-06 06:45:00,167,985.7,82.5,0.2,15.0,2.0,17.001,0.733,70.0
2024-05-06 07:00:00,199,985.7,82.6,0.3,15.3,2.1,19.001,0.845,70.0
2024-05-06 07:15:00,231,985.7,82.1,0.4,15.6,2.2,25.004,1.396,70.0
2024-05-06 07:30:00,264,985.7,80.8,0.4,16.0,2.3,33.006,2.77,70.0
2024-05-06 07:45:00,297,985.7,79.5,0.4,16.3,2.4,60.002,3.785,70.0
2024-05-06 08:00:00,331,985.8,78.0,0.4,16.5,2.6,62.006,4.707,70.0
2024-05-06 08:15:00,364,985.8,76.5,0.3,16.8,2.7,106.008,6.037,70.0
2024-05-06 08:30:00,397,985.8,74.6,0.3,17.3,2.8,80.001,4.742,70.0
2024-05-06 08:45:00,429,985.8,72.6,0.4,17.6,2.9,82.001,4.278,70.0
2024-05-06 09:00:00,459,985.8,71.6,0.2,18.0,3.0,107.004,6.413,70.0
2024-05-06 09:15:00,486,985.8,70.5,0.1,18.3,3.1,319.009,25.159,70.0
2024-05-06 09:30:00,511,985.8,69.9,0.2,18.5,3.3,424.001,27.284,70.0
2024-05-06 09:45:00,531,985.8,69.9,0.4,18.5,3.4,380.006,27.261,70.0
2024-05-06 10:00:00,547,985.8,69.8,0.2,18.7,3.5,716.002,37.89,70.0
2024-05-06 10:15:00,559,985.8,68.5,0.1,19.3,3.7,970.001,49.269,70.0
2024-05-06 10:30:00,567,985.8,67.0,0.1,19.8,3.8,1039.004,44.857,70.0
2024-05-06 10:45:00,572,985.8,66.2,0.2,20.0,3.9,440.007,25.101,70.0
2024-05-06 11:00:00,573,985.8,65.9,0.2,20.2,4.0,468.004,21.942,70.0
2024-05-06 11:15:00,571,985.8,65.5,0.1,20.4,4.1,762.005,36.46,70.0
2024-05-06 11:30:00,566,985.8,65.0,0.0,20.8,4.2,1002.003,46.2,70.0
2024-05-06 11:45:00,560,985.8,64.0,0.0,21.2,4.2,588.005,47.029,70.0
2024-05-06 12:00:00,552,985.8,62.2,0.0,21.6,4.2,532.004,40.337,70.0
2024-05-06 12:15:00,544,985.8,59.5,0.0,21.8,4.3,1089.001,47.459,70.0
2024-05-06 12:30:00,534,985.8,58.1,0.0,22.0,4.3,905.002,25.234,70.0
2024-05-06 12:45:00,526,985.8,57.0,0.0,22.2,4.3,1065.006,39.258,70.0
2024-05-06 13:00:00,517,985.8,54.7,0.0,22.4,4.3,1007.0,53.738,70.0
2024-05-06 13:15:00,507,985.8,54.7,0.0,22.4,4.3,1061.009,45.97,70.0
2024-05-06 13:30:00,497,985.8,54.5,0.0,22.5,4.3,913.008,33.734,70.0
2024-05-06 13:45:00,486,985.8,53.8,0.0,22.6,4.3,945.002,40.298,70.0
2024-05-06 14:00:00,474,985.8,55.3,0.0,22.4,4.3,883.004,25.443,70.0
2024-05-06 14:15:00,460,985.8,55.3,0.0,22.5,4.3,838.005,38.042,70.0
2024-05-06 14:30:00,443,985.8,53.8,0.0,22.6,4.3,812.001,47.059,70.0
2024-05-06 14:45:00,425,985.8,53.2,0.0,22.7,4.3,779.0,39.376,70.0
2024-05-06 15:00:00,404,985.8,52.4,0.0,22.7,4.3,707.008,35.662,70.0
2024-05-06 15:15:00,381,985.8,51.9,0.0,22.7,4.2,258.001,19.556,70.0
2024-05-06 15:30:00,356,985.8,51.7,0.0,22.8,4.1,142.003,6.668,70.0
2024-05-06 15:45:00,328,985.8,52.4,0.0,22.7,4.0,159.004,6.716,70.0
2024-05-06 16:00:00,298,985.8,51.6,0.0,22.7,3.9,91.003,4.478,70.0
2024-05-06 16:15:00,267,985.8,53.3,0.2,22.3,3.7,109.009,5.145,70.0
2024-05-06 16:30:00,236,985.8,54.8,0.0,22.2,3.6,215.005,11.731,70.0
2024-05-06 16:45:00,205,985.8,57.2,0.0,21.8,3.5,284.006,13.654,70.0
2024-05-06 17:00:00,175,985.8,57.2,0.0,21.8,3.3,246.004,12.437,70.0
2024-05-06 17:15:00,146,985.8,58.3,0.0,21.7,3.2,211.007,9.835,70.0
2024-05-06 17:30:00,119,985.8,58.7,0.0,21.6,3.1,180.003,7.497,70.0
2024-05-06 17:45:00,95,985.8,60.1,0.0,21.2,3.0,132.006,5.227,70.0
2024-05-06 18:00:00,72,985.8,63.9,0.0,20.7,2.9,89.009,3.467,70.0
2024-05-06 18:15:00,52,985.8,65.3,0.0,20.4,2.8,50.004,2.195,70.0
2024-05-06 18:30:00,33,985.8,66.2,0.0,19.9,2.7,24.008,1.196,70.0
2024-05-06 18:45:00,16,985.8,67.0,0.0,19.6,2.6,7.006,0.347,70.0
2024-05-06 19:00:00,2,985.8,68.0,0.0,19.4,2.6,0.0,0.0,70.0
2024-05-06 19:15:00,0,985.8,69.0,0.0,19.3,2.5,0.0,0.0,70.0
2024-05-06 19:30:00,0,985.8,69.8,0.0,19.1,2.4,0.0,0.0,70.0
2024-05-06 19:45:00,0,985.8,70.5,0.0,18.9,2.3,0.0,0.0,70.0
2024-05-06 20:00:00,0,985.8,71.2,0.0,18.7,2.3,0.0,0.0,70.0
2024-05-06 20:15:00,0,985.8,72.0,0.0,18.5,2.2,0.0,0.0,70.0
2024-05-06 20:30:00,0,985.8,72.8,0.0,18.3,2.2,0.0,0.0,70.0
2024-05-06 20:45:00,0,985.8,73.5,0.0,18.0,2.1,0.0,0.0,70.0
2024-05-06 21:00:00,0,985.8,74.1,0.0,17.8,2.1,0.0,0.0,70.0
2024-05-06 21:15:00,0,985.8,74.7,0.0,17.5,2.1,0.0,0.0,70.0
2024-05-06 21:30:00,0,985.8,75.3,0.0,17.2,2.1,0.0,0.0,70.0
2024-05-06 21:45:00,0,985.8,75.8,0.0,17.0,2.2,0.0,0.0,70.0
2024-05-06 22:00:00,0,985.8,76.4,0.0,16.8,2.2,0.0,0.0,70.0
2024-05-06 22:15:00,0,985.8,77.1,0.0,16.6,2.2,0.0,0.0,70.0
2024-05-06 22:30:00,0,985.8,77.9,0.0,16.4,2.3,0.0,0.0,70.0
2024-05-06 22:45:00,0,985.8,78.6,0.0,16.3,2.3,0.0,0.0,70.0
2024-05-06 23:00:00,0,985.8,79.2,0.0,16.1,2.4,0.0,0.0,70.0
2024-05-06 23:15:00,0,985.8,79.6,0.0,16.0,2.4,0.0,0.0,70.0
2024-05-06 23:30:00,0,985.8,79.9,0.0,15.8,2.5,0.0,0.0,70.0
2024-05-06 23:45:00,0,985.8,80.0,0.0,15.7,2.5,0.0,0.0,70.0
2024-05-07 00:00:00,0,985.8,83.7,0.0,15.3,2.6,0.0,0.0,70.0
2024-05-07 00:15:00,0,985.8,83.6,0.0,15.2,2.6,0.0,0.0,70.0
2024-05-07 00:30:00,0,985.8,83.4,0.0,15.1,2.7,0.0,0.0,70.0
2024-05-07 00:45:00,0,985.8,83.0,0.0,15.1,2.7,0.0,0.0,70.0
2024-05-07 01:00:00,0,985.8,82.6,0.0,15.0,2.8,0.0,0.0,70.0
2024-05-07 01:15:00,0,985.8,81.9,0.0,14.9,2.8,0.0,0.0,70.0
2024-05-07 01:30:00,0,985.8,80.9,0.0,14.8,2.8,0.0,0.0,70.0
2024-05-07 01:45:00,0,985.8,79.6,0.0,14.6,2.9,0.0,0.0,70.0
2024-05-07 02:00:00,0,985.8,78.1,0.0,14.5,2.9,0.0,0.0,70.0
2024-05-07 02:15:00,0,985.8,76.4,0.0,14.4,2.9,0.0,0.0,70.0
2024-05-07 02:30:00,0,985.8,74.7,0.0,14.3,3.0,0.0,0.0,70.0
2024-05-07 02:45:00,0,985.8,73.4,0.0,14.2,3.0,0.0,0.0,70.0
2024-05-07 03:00:00,0,985.8,72.3,0.0,14.1,3.0,0.0,0.0,70.0
2024-05-07 03:15:00,0,985.8,71.4,0.0,14.0,3.0,0.0,0.0,70.0
2024-05-07 03:30:00,0,985.8,71.1,0.0,14.0,3.1,0.0,0.0,70.0
2024-05-07 03:45:00,0,985.8,71.0,0.0,13.9,3.1,0.0,0.0,70.0
2024-05-07 04:00:00,0,985.8,71.2,0.0,13.8,3.1,0.0,0.0,70.0
2024-05-07 04:15:00,0,985.8,71.4,0.0,13.7,3.1,0.0,0.0,70.0
2024-05-07 04:30:00,0,985.8,71.8,0.0,13.6,3.2,0.0,0.0,70.0
2024-05-07 04:45:00,0,985.8,72.4,0.0,13.5,3.2,0.0,0.0,70.0
2024-05-07 05:00:00,0,985.8,73.0,0.0,13.4,3.3,0.0,0.0,70.0
2024-05-07 05:15:00,0,985.8,73.5,0.0,13.4,3.3,7.001,0.26,70.0
2024-05-07 05:30:00,17,985.8,73.9,0.0,13.3,3.4,22.0,1.133,70.0
2024-05-07 05:45:00,42,985.8,74.4,0.0,13.5,3.4,60.009,3.037,70.0
2024-05-07 06:00:00,67,985.8,74.7,0.0,13.8,3.5,124.009,6.089,70.0
2024-05-07 06:15:00,93,985.8,74.9,0.0,14.2,3.5,178.006,8.164,70.0
2024-05-07 06:30:00,120,985.8,74.8,0.0,14.8,3.6,157.003,7.35,70.0
2024-05-07 06:45:00,149,985.8,74.5,0.0,15.4,3.7,157.003,5.714,70.0
2024-05-07 07:00:00,181,985.8,73.8,0.0,16.0,3.7,113.005,6.849,70.0
2024-05-07 07:15:00,217,985.8,72.5,0.0,16.7,3.8,173.006,16.269,70.0
2024-05-07 07:30:00,255,985.8,70.3,0.0,17.5,3.9,170.006,17.867,70.0
2024-05-07 07:45:00,296,985.8,67.8,0.0,18.2,4.0,328.0,22.542,70.0
2024-05-07 08:00:00,340,985.8,65.4,0.0,18.8,4.1,464.002,26.902,70.0
2024-05-07 08:15:00,386,985.8,62.7,0.0,19.5,4.2,521.0,30.791,70.0
2024-05-07 08:30:00,433,985.9,59.2,0.0,20.0,4.3,577.0,34.175,70.0
2024-05-07 08:45:00,480,985.9,57.2,0.0,20.5,4.4,638.002,37.85,70.0
2024-05-07 09:00:00,527,985.9,55.8,0.0,21.0,4.5,669.009,40.256,70.0
2024-05-07 09:15:00,570,985.9,54.1,0.0,21.4,4.6,725.007,42.957,70.0
2024-05-07 09:30:00,610,985.9,52.9,0.0,21.7,4.7,745.003,45.909,70.0
2024-05-07 09:45:00,645,985.9,51.3,0.0,22.1,4.8,803.006,47.253,70.0
2024-05-07 10:00:00,675,985.9,49.8,0.0,22.4,4.9,846.008,41.454,70.0
2024-05-07 10:15:00,701,985.9,48.6,0.0,22.6,5.0,834.005,51.388,70.0
2024-05-07 10:30:00,722,985.9,45.0,0.0,22.9,5.1,919.009,54.804,70.0
2024-05-07 10:45:00,738,985.9,46.9,0.0,22.8,5.2,949.005,41.422,70.0
2024-05-07 11:00:00,750,985.9,47.2,0.0,22.8,5.3,415.004,49.737,70.0
2024-05-07 11:15:00,759,985.9,47.1,0.0,22.8,5.3,957.005,51.201,70.0
2024-05-07 11:30:00,763,985.9,46.5,0.0,22.8,5.4,987.001,54.982,70.0
2024-05-07 11:45:00,765,985.9,46.5,0.0,22.8,5.4,982.002,41.877,70.0
2024-05-07 12:00:00,764,985.9,45.6,0.0,23.0,5.5,791.008,46.609,70.0
2024-05-07 12:15:00,761,985.9,44.4,0.0,23.1,5.5,927.008,53.726,70.0
2024-05-07 12:30:00,756,985.9,43.7,0.0,23.2,5.6,855.006,54.217,70.0
2024-05-07 12:45:00,749,985.9,43.4,0.0,23.3,5.6,909.007,46.852,70.0
2024-05-07 13:00:00,742,985.9,42.5,0.0,23.4,5.6,986.0,55.964,70.0
2024-05-07 13:15:00,734,985.9,42.5,0.0,23.4,5.7,291.009,37.177,70.0
2024-05-07 13:30:00,723,985.9,42.7,0.0,23.4,5.7,930.001,19.543,70.0
2024-05-07 13:45:00,710,985.9,42.1,0.0,23.4,5.6,328.0,43.679,70.0
2024-05-07 14:00:00,694,985.9,42.1,0.0,23.4,5.6,740.008,32.696,70.0
2024-05-07 14:15:00,675,985.9,43.2,0.0,23.3,5.6,804.007,37.215,70.0
2024-05-07 14:30:00,652,985.9,44.5,0.0,23.2,5.6,731.005,39.973,70.0
2024-05-07 14:45:00,624,985.9,44.4,0.0,23.1,5.5,245.004,34.28,70.0
2024-05-07 15:00:00,593,985.9,43.9,0.0,23.0,5.5,225.0,35.096,70.0
2024-05-07 15:15:00,558,985.9,43.6,0.0,22.8,5.4,591.006,17.396,70.0
2024-05-07 15:30:00,519,985.9,43.6,0.0,22.7,5.3,554.003,26.207,70.0
2024-05-07 15:45:00,476,985.9,43.4,0.0,22.5,5.3,503.008,28.653,70.0
2024-05-07 16:00:00,429,985.9,43.3,0.0,22.3,5.2,418.003,23.103,70.0
2024-05-07 16:15:00,380,985.9,43.7,0.0,22.1,5.1,428.009,19.018,70.0
2024-05-07 16:30:00,330,985.9,44.8,0.0,21.8,4.9,432.007,20.477,70.0
2024-05-07 16:45:00,281,985.9,44.8,0.0,21.5,4.8,359.0,16.01,70.0
2024-05-07 17:00:00,234,985.9,44.8,0.0,21.1,4.7,207.008,12.329,70.0
2024-05-07 17:15:00,191,985.9,45.2,0.0,20.8,4.6,190.004,8.029,70.0
2024-05-07 17:30:00,152,985.9,46.0,0.0,20.3,4.4,202.007,5.657,70.0
2024-05-07 17:45:00,117,985.9,47.4,0.0,19.9,4.3,77.005,4.655,70.0
2024-05-07 18:00:00,86,985.9,49.0,0.0,19.3,4.1,116.007,3.495,70.0
2024-05-07 18:15:00,60,985.9,50.7,0.0,18.7,4.0,72.006,2.309,70.0
2024-05-07 18:30:00,38,985.8,51.9,0.0,18.0,3.9,33.002,1.318,70.0
2024-05-07 18:45:00,18,985.8,52.7,0.0,17.3,3.8,12.002,0.445,70.0
2024-05-07 19:00:00,2,985.8,53.8,0.0,16.8,3.7,0.0,0.0,70.0
2024-05-07 19:15:00,0,985.8,55.0,0.0,16.3,3.6,0.0,0.0,70.0
2024-05-07 19:30:00,0,985.8,56.1,0.0,15.9,3.5,0.0,0.0,70.0
2024-05-07 19:45:00,0,985.8,57.4,0.0,15.5,3.5,0.0,0.0,70.0
2024-05-07 20:00:00,0,985.8,58.6,0.0,15.1,3.4,0.0,0.0,70.0
2024-05-07 20:15:00,0,985.8,59.3,0.0,14.8,3.3,0.0,0.0,70.0
2024-05-07 20:30:00,0,985.8,59.3,0.0,14.5,3.3,0.0,0.0,70.0
2024-05-07 20:45:00,0,985.8,58.8,0.0,14.3,3.2,0.0,0.0,70.0
2024-05-07 21:00:00,0,985.8,58.0,0.0,14.0,3.2,0.0,0.0,70.0
2024-05-07 21:15:00,0,985.8,57.1,0.0,13.8,3.2,0.0,0.0,70.0
2024-05-07 21:30:00,0,985.8,56.0,0.0,13.6,3.1,0.0,0.0,70.0
2024-05-07 21:45:00,0,985.8,55.0,0.0,13.4,3.1,0.0,0.0,70.0
2024-05-07 22:00:00,0,985.8,54.3,0.0,13.3,3.1,0.0,0.0,70.0
2024-05-07 22:15:00,0,985.8,53.7,0.0,13.2,3.2,0.0,0.0,70.0
2024-05-07 22:30:00,0,985.8,53.4,0.0,13.0,3.2,0.0,0.0,70.0
2024-05-07 22:45:00,0,985.8,53.2,0.0,12.9,3.2,0.0,0.0,70.0
2024-05-07 23:00:00,0,985.8,53.1,0.0,12.7,3.3,0.0,0.0,70.0
2024-05-07 23:15:00,0,985.8,52.7,0.0,12.6,3.3,0.0,0.0,70.0
2024-05-07 23:30:00,0,985.8,52.3,0.0,12.5,3.4,0.0,0.0,70.0
2024-05-07 23:45:00,0,985.8,51.8,0.0,12.4,3.4,0.0,0.0,70.0
2024-05-08 00:00:00,0,985.8,55.2,0.0,12.2,3.2,0.0,0.0,70.0
2024-05-08 00:15:00,0,985.8,54.5,0.0,12.1,3.2,0.0,0.0,70.0
2024-05-08 00:30:00,0,985.8,53.9,0.0,12.0,3.3,0.0,0.0,70.0
2024-05-08 00:45:00,0,985.8,53.3,0.0,11.9,3.3,0.0,0.0,70.0
2024-05-08 01:00:00,0,985.8,52.8,0.0,11.8,3.3,0.0,0.0,70.0
2024-05-08 01:15:00,0,985.8,52.4,0.0,11.7,3.3,0.0,0.0,70.0
2024-05-08 01:30:00,0,985.8,51.8,0.0,11.7,3.3,0.0,0.0,70.0
2024-05-08 01:45:00,0,985.8,51.2,0.0,11.6,3.3,0.0,0.0,70.0
2024-05-08 02:00:00,0,985.8,50.5,0.0,11.6,3.3,0.0,0.0,70.0
2024-05-08 02:15:00,0,985.8,49.7,0.0,11.6,3.3,0.0,0.0,70.0
2024-05-08 02:30:00,0,985.8,49.0,0.0,11.6,3.3,0.0,0.0,70.0
2024-05-08 02:45:00,0,985.8,48.5,0.0,11.5,3.3,0.0,0.0,70.0
2024-05-08 03:00:00,0,985.8,48.1,0.0,11.5,3.3,0.0,0.0,70.0
2024-05-08 03:15:00,0,985.8,47.8,0.0,11.4,3.3,0.0,0.0,70.0
2024-05-08 03:30:00,0,985.8,47.7,0.0,11.4,3.3,0.0,0.0,70.0
2024-05-08 03:45:00,0,985.8,47.6,0.0,11.3,3.3,0.0,0.0,70.0
2024-05-08 04:00:00,0,985.8,47.7,0.0,11.2,3.2,0.0,0.0,70.0
2024-05-08 04:15:00,0,985.8,47.8,0.0,11.2,3.2,0.0,0.0,70.0
2024-05-08 04:30:00,0,985.8,47.8,0.0,11.1,3.1,0.0,0.0,70.0
2024-05-08 04:45:00,0,985.8,48.3,0.0,11.0,3.0,0.0,0.0,70.0
2024-05-08 05:00:00,0,985.8,49.0,0.0,10.9,2.9,0.0,0.0,70.0
2024-05-08 05:15:00,0,985.8,49.8,0.0,10.9,2.8,0.0,0.194,70.0
2024-05-08 05:30:00,23,985.8,50.2,0.0,10.9,2.7,22.004,0.818,70.0
2024-05-08 05:45:00,53,985.8,50.2,0.0,11.0,2.7,53.001,1.674,70.0
2024-05-08 06:00:00,85,985.8,50.1,0.0,11.4,2.6,95.001,2.706,70.0
2024-05-08 06:15:00,116,985.8,50.0,0.0,11.9,2.5,140.005,4.335,70.0
2024-05-08 06:30:00,149,985.8,50.2,0.0,12.6,2.5,193.006,6.607,70.0
2024-05-08 06:45:00,184,985.8,51.0,0.0,13.3,2.4,246.0,9.676,70.0
2024-05-08 07:00:00,221,985.8,52.2,0.0,14.0,2.3,299.005,13.206,70.0
2024-05-08 07:15:00,260,985.8,53.5,0.0,14.7,2.3,353.001,17.184,70.0
2024-05-08 07:30:00,302,985.8,54.3,0.0,15.5,2.2,409.007,21.271,70.0
2024-05-08 07:45:00,347,985.8,54.3,0.0,16.4,2.2,461.001,25.216,70.0
2024-05-08 08:00:00,393,985.9,51.9,0.0,17.3,2.2,520.005,29.064,70.0
2024-05-08 08:15:00,441,985.9,48.6,0.0,18.1,2.1,576.006,32.871,70.0
2024-05-08 08:30:00,490,985.9,47.5,0.0,18.7,2.1,617.007,36.214,70.0
2024-05-08 08:45:00,538,985.9,44.6,0.0,19.3,2.1,675.001,39.423,70.0
2024-05-08 09:00:00,586,985.9,43.7,0.0,19.8,2.0,717.001,42.595,70.0
2024-05-08 09:15:00,632,985.9,42.1,0.0,20.3,2.0,772.001,45.339,70.0
2024-05-08 09:30:00,674,985.9,41.4,0.0,20.7,2.0,817.009,47.728,70.0
2024-05-08 09:45:00,712,985.9,41.0,0.0,21.0,2.0,850.004,49.668,70.0
2024-05-08 10:00:00,747,985.9,40.8,0.0,21.3,2.0,886.007,51.455,70.0
2024-05-08 10:15:00,778,985.9,40.6,0.0,21.6,2.0,897.003,53.144,70.0
2024-05-08 10:30:00,806,985.9,40.0,0.0,21.9,2.0,918.005,54.002,70.0
2024-05-08 10:45:00,829,985.9,39.2,0.0,22.2,2.0,923.001,55.424,70.0
2024-05-08 11:00:00,849,985.9,38.5,0.0,22.4,2.0,973.002,55.504,70.0
2024-05-08 11:15:00,865,985.9,37.3,0.0,22.7,2.0,978.004,55.791,70.0
2024-05-08 11:30:00,877,985.9,36.1,0.0,22.9,2.0,984.002,56.597,70.0
2024-05-08 11:45:00,885,985.9,35.7,0.0,23.0,1.9,995.008,56.161,70.0
2024-05-08 12:00:00,889,985.9,35.8,0.0,23.1,1.9,1003.007,56.967,70.0
2024-05-08 12:15:00,888,985.9,36.1,0.0,23.3,1.9,1010.008,56.618,70.0
2024-05-08 12:30:00,885,985.9,36.3,0.0,23.4,1.8,1000.007,56.01,70.0
2024-05-08 12:45:00,877,985.9,36.6,0.0,23.5,1.8,984.002,55.737,70.0
2024-05-08 13:00:00,867,985.9,36.6,0.0,23.6,1.7,969.004,55.15,70.0
2024-05-08 13:15:00,853,985.9,36.3,0.0,23.8,1.7,961.007,54.704,70.0
2024-05-08 13:30:00,837,985.9,35.9,0.0,23.9,1.6,940.002,52.759,70.0
2024-05-08 13:45:00,816,985.9,35.3,0.0,24.0,1.5,910.009,51.679,70.0
2024-05-08 14:00:00,792,985.9,34.9,0.0,24.1,1.5,874.008,49.718,70.0
2024-05-08 14:15:00,764,985.9,34.7,0.0,24.1,1.4,832.004,48.328,70.0
2024-05-08 14:30:00,733,985.9,34.7,0.0,24.2,1.4,811.007,46.111,70.0
2024-05-08 14:45:00,697,985.9,34.9,0.0,24.2,1.4,769.009,43.62,70.0
2024-05-08 15:00:00,658,985.9,35.1,0.0,24.2,1.4,722.001,40.762,70.0
2024-05-08 15:15:00,615,985.9,35.2,0.0,24.2,1.4,675.008,37.952,70.0
2024-05-08 15:30:00,569,985.9,35.4,0.0,24.2,1.4,630.004,34.779,70.0
2024-05-08 15:45:00,520,985.9,35.7,0.0,24.1,1.4,579.004,31.358,70.0
2024-05-08 16:00:00,467,985.9,36.1,0.0,24.1,1.4,528.002,28.102,70.0
2024-05-08 16:15:00,412,985.9,36.4,0.0,24.0,1.4,474.002,24.252,70.0
2024-05-08 16:30:00,357,985.9,36.8,0.0,24.0,1.5,417.003,20.138,70.0
2024-05-08 16:45:00,303,985.9,37.4,0.0,23.9,1.6,371.002,16.137,70.0
2024-05-08 17:00:00,252,985.9,38.3,0.0,23.7,1.6,308.006,12.547,70.0
2024-05-08 17:15:00,205,985.9,39.7,0.0,23.5,1.7,249.006,9.254,70.0
2024-05-08 17:30:00,162,985.9,42.3,0.0,23.2,1.8,202.008,6.554,70.0
2024-05-08 17:45:00,124,985.9,45.1,0.0,22.9,1.9,148.006,4.454,70.0
2024-05-08 18:00:00,92,985.9,47.1,0.0,22.4,2.0,105.007,3.047,70.0
2024-05-08 18:15:00,64,985.9,48.3,0.0,21.8,2.1,59.004,2.044,70.0
2024-05-08 18:30:00,40,985.9,50.1,0.0,21.3,2.3,24.008,1.117,70.0
2024-05-08 18:45:00,20,985.9,52.3,0.0,20.7,2.4,0.0,0.296,70.0
2024-05-08 19:00:00,3,985.9,53.9,0.0,20.2,2.6,0.0,0.0,70.0
2024-05-08 19:15:00,0,985.9,54.8,0.0,19.8,2.7,0.0,0.0,70.0
2024-05-08 19:30:00,0,985.9,57.0,0.0,19.4,2.8,0.0,0.0,70.0
2024-05-08 19:45:00,0,985.9,59.2,0.0,19.0,2.9,0.0,0.0,70.0
2024-05-08 20:00:00,0,985.9,61.1,0.0,18.6,3.1,0.0,0.0,70.0
2024-05-08 20:15:00,0,985.9,63.3,0.0,18.3,3.1,0.0,0.0,70.0
2024-05-08 20:30:00,0,985.9,65.1,0.0,18.0,3.2,0.0,0.0,70.0
2024-05-08 20:45:00,0,985.9,65.3,0.0,17.8,3.3,0.0,0.0,70.0
2024-05-08 21:00:00,0,985.9,64.8,0.0,17.5,3.3,0.0,0.0,70.0
2024-05-08 21:15:00,0,985.9,63.7,0.0,17.3,3.4,0.0,0.0,70.0
2024-05-08 21:30:00,0,985.9,63.2,0.0,17.0,3.4,0.0,0.0,70.0
2024-05-08 21:45:00,0,985.9,63.3,0.0,16.8,3.5,0.0,0.0,70.0
2024-05-08 22:00:00,0,985.8,63.8,0.0,16.6,3.5,0.0,0.0,70.0
2024-05-08 22:15:00,0,985.8,65.0,0.0,16.3,3.5,0.0,0.0,70.0
2024-05-08 22:30:00,0,985.8,66.0,0.0,16.1,3.5,0.0,0.0,70.0
2024-05-08 22:45:00,0,985.8,66.6,0.0,15.9,3.5,0.0,0.0,70.0
2024-05-08 23:00:00,0,985.8,67.4,0.0,15.7,3.4,0.0,0.0,70.0
2024-05-08 23:15:00,0,985.8,68.6,0.0,15.5,3.4,0.0,0.0,70.0
2024-05-08 23:30:00,0,985.8,69.7,0.0,15.3,3.3,0.0,0.0,70.0
2024-05-08 23:45:00,0,985.8,70.3,0.0,15.1,3.3,0.0,0.0,70.0
2024-05-09 00:00:00,0,985.8,65.9,0.0,15.1,3.0,0.0,0.0,70.0
2024-05-09 00:15:00,0,985.8,66.0,0.0,15.0,2.9,0.0,0.0,70.0
2024-05-09 00:30:00,0,985.8,66.0,0.0,14.9,2.8,0.0,0.0,70.0
2024-05-09 00:45:00,0,985.8,66.0,0.0,14.7,2.7,0.0,0.0,70.0
2024-05-09 01:00:00,0,985.8,66.0,0.0,14.6,2.6,0.0,0.0,70.0
2024-05-09 01:15:00,0,985.8,66.1,0.0,14.5,2.5,0.0,0.0,70.0
2024-05-09 01:30:00,0,985.8,66.3,0.0,14.4,2.4,0.0,0.0,70.0
2024-05-09 01:45:00,0,985.8,66.6,0.0,14.3,2.4,0.0,0.0,70.0
2024-05-09 02:00:00,0,985.8,67.3,0.0,14.2,2.3,0.0,0.0,70.0
2024-05-09 02:15:00,0,985.8,68.2,0.0,14.0,2.2,0.0,0.0,70.0
2024-05-09 02:30:00,0,985.8,69.1,0.0,13.9,2.1,0.0,0.0,70.0
2024-05-09 02:45:00,0,985.8,70.1,0.0,13.8,2.1,0.0,0.0,70.0
2024-05-09 03:00:00,0,985.8,71.1,0.0,13.8,2.0,0.0,0.0,70.0
2024-05-09 03:15:00,0,985.8,72.0,0.0,13.7,1.9,0.0,0.0,70.0
2024-05-09 03:30:00,0,985.8,72.6,0.0,13.6,1.9,0.0,0.0,70.0
2024-05-09 03:45:00,0,985.8,73.0,0.0,13.5,1.8,0.0,0.0,70.0
2024-05-09 04:00:00,0,985.8,73.1,0.0,13.4,1.8,0.0,0.0,70.0
2024-05-09 04:15:00,0,985.8,73.3,0.0,13.3,1.7,0.0,0.0,70.0
2024-05-09 04:30:00,0,985.8,73.5,0.0,13.2,1.6,0.0,0.0,70.0
2024-05-09 04:45:00,0,985.8,73.8,0.0,13.1,1.6,0.0,0.0,70.0
2024-05-09 05:00:00,0,985.8,74.5,0.0,13.0,1.6,0.0,0.0,70.0
2024-05-09 05:15:00,0,985.8,75.5,0.0,12.8,1.6,7.009,0.257,70.0
2024-05-09 05:30:00,24,985.8,76.3,0.0,12.6,1.6,25.004,1.147,70.0
2024-05-09 05:45:00,54,985.8,77.1,0.0,12.6,1.6,63.006,2.177,70.0
2024-05-09 06:00:00,85,985.8,77.9,0.0,12.6,1.7,104.004,3.437,70.0
2024-05-09 06:15:00,116,985.8,78.5,0.0,12.7,1.8,156.002,5.487,70.0
2024-05-09 06:30:00,149,985.8,78.9,0.0,13.0,1.9,195.008,7.099,70.0
2024-05-09 06:45:00,183,985.8,79.1,0.0,13.4,2.0,237.01,10.142,70.0
2024-05-09 07:00:00,219,985.8,79.1,0.0,14.0,2.2,312.005,15.229,70.0
2024-05-09 07:15:00,257,985.8,78.5,0.0,14.6,2.3,372.0,19.8,70.0
2024-05-09 07:30:00,298,985.8,77.6,0.0,15.4,2.5,449.003,22.455,70.0
2024-05-09 07:45:00,342,985.8,76.2,0.0,16.2,2.6,420.002,23.865,70.0
2024-05-09 08:00:00,387,985.8,73.3,0.0,17.0,2.8,443.004,27.349,70.0
2024-05-09 08:15:00,434,985.8,69.7,0.0,17.8,3.0,543.006,30.243,70.0
2024-05-09 08:30:00,481,985.9,67.5,0.0,18.4,3.1,572.006,29.82,70.0
2024-05-09 08:45:00,529,985.9,64.8,0.0,19.1,3.3,597.006,30.158,70.0
2024-05-09 09:00:00,575,985.9,61.7,0.0,19.8,3.5,552.004,34.038,70.0
2024-05-09 09:15:00,620,985.9,59.0,0.0,20.4,3.7,716.0,40.373,70.0
2024-05-09 09:30:00,661,985.9,57.0,0.0,20.9,3.9,766.006,44.288,70.0
2024-05-09 09:45:00,698,985.9,55.5,0.0,21.3,4.1,824.003,44.481,70.0
2024-05-09 10:00:00,733,985.9,54.4,0.0,21.7,4.3,868.005,50.18,70.0
2024-05-09 10:15:00,763,985.9,53.0,0.0,22.1,4.5,922.001,52.48,70.0
2024-05-09 10:30:00,791,985.9,52.1,0.0,22.4,4.7,964.008,54.056,70.0
2024-05-09 10:45:00,814,985.9,50.3,0.0,22.7,4.9,939.007,55.529,70.0
2024-05-09 11:00:00,834,985.9,49.3,0.0,22.9,5.1,977.002,55.582,70.0
2024-05-09 11:15:00,850,985.9,49.0,0.0,23.1,5.3,989.004,56.258,70.0
2024-05-09 11:30:00,863,985.9,47.9,0.0,23.3,5.4,974.008,55.645,70.0
2024-05-09 11:45:00,871,985.9,46.3,0.0,23.5,5.5,1054.003,55.226,70.0
2024-05-09 12:00:00,875,985.9,46.3,0.0,23.6,5.6,979.002,53.705,70.0
2024-05-09 12:15:00,875,985.9,45.8,0.0,23.7,5.7,997.0,54.577,70.0
2024-05-09 12:30:00,872,985.9,44.7,0.0,23.9,5.8,1014.009,56.072,70.0
2024-05-09 12:45:00,865,985.9,43.0,0.0,24.0,5.8,957.008,56.971,70.0
2024-05-09 13:00:00,855,985.9,42.2,0.0,24.1,5.8,969.002,55.465,70.0
2024-05-09 13:15:00,842,985.9,41.8,0.0,24.2,5.9,938.001,54.561,70.0
2024-05-09 13:30:00,826,985.9,41.1,0.0,24.3,5.9,925.009,54.216,70.0
2024-05-09 13:45:00,806,985.9,42.2,0.0,24.3,5.9,898.003,52.448,70.0
2024-05-09 14:00:00,783,985.9,43.4,0.0,24.4,5.9,883.002,50.162,70.0
2024-05-09 14:15:00,756,985.9,43.8,0.0,24.4,5.8,853.01,48.263,70.0
2024-05-09 14:30:00,725,985.9,42.8,0.0,24.5,5.8,821.005,47.019,70.0
2024-05-09 14:45:00,690,985.9,42.3,0.0,24.5,5.8,772.004,43.959,70.0
2024-05-09 15:00:00,652,985.9,42.7,0.0,24.4,5.7,729.006,41.752,70.0
2024-05-09 15:15:00,610,985.9,43.9,0.0,24.4,5.7,675.007,38.646,70.0
2024-05-09 15:30:00,565,985.9,44.9,0.0,24.4,5.6,633.004,35.434,70.0
2024-05-09 15:45:00,516,985.9,45.5,0.0,24.3,5.5,590.005,32.084,70.0
2024-05-09 16:00:00,464,985.9,46.2,0.0,24.2,5.4,535.006,28.347,70.0
2024-05-09 16:15:00,410,985.9,47.1,0.0,24.0,5.3,487.009,24.7,70.0
2024-05-09 16:30:00,356,985.9,48.3,0.0,23.9,5.2,438.009,20.875,70.0
2024-05-09 16:45:00,303,985.9,49.7,0.0,23.6,5.1,373.009,16.545,70.0
2024-05-09 17:00:00,252,985.9,50.9,0.0,23.4,5.0,318.009,12.772,70.0
2024-05-09 17:15:00,206,985.9,52.0,0.0,23.1,4.9,278.01,9.501,70.0
2024-05-09 17:30:00,163,985.9,53.0,0.0,22.7,4.8,221.007,6.796,70.0
2024-05-09 17:45:00,126,985.9,54.4,0.0,22.3,4.7,166.009,4.484,70.0
2024-05-09 18:00:00,93,985.9,56.5,0.0,21.7,4.5,112.008,2.898,70.0
2024-05-09 18:15:00,65,985.9,58.8,0.0,21.1,4.4,70.01,1.92,70.0
2024-05-09 18:30:00,42,985.9,61.2,0.0,20.5,4.3,31.008,1.145,70.0
2024-05-09 18:45:00,21,985.8,63.8,0.0,19.8,4.2,9.003,0.417,70.0
2024-05-09 19:00:00,3,985.8,66.4,0.0,19.3,4.2,0.0,0.073,70.0
2024-05-09 19:15:00,0,985.8,68.5,0.0,18.8,4.1,0.0,0.0,70.0
2024-05-09 19:30:00,0,985.8,70.2,0.0,18.5,4.0,0.0,0.0,70.0
2024-05-09 19:45:00,0,985.8,71.5,0.0,18.1,3.9,0.0,0.0,70.0
2024-05-09 20:00:00,0,985.8,72.7,0.0,17.7,3.8,0.0,0.0,70.0
2024-05-09 20:15:00,0,985.8,74.0,0.0,17.4,3.8,0.0,0.0,70.0
2024-05-09 20:30:00,0,985.8,75.2,0.0,17.1,3.7,0.0,0.0,70.0
2024-05-09 20:45:00,0,985.8,76.2,0.0,16.8,3.6,0.0,0.0,70.0
2024-05-09 21:00:00,0,985.8,77.1,0.0,16.5,3.6,0.0,0.0,70.0
2024-05-09 21:15:00,0,985.8,77.8,0.0,16.2,3.5,0.0,0.0,70.0
2024-05-09 21:30:00,0,985.8,78.5,0.0,16.0,3.5,0.0,0.0,70.0
2024-05-09 21:45:00,0,985.8,79.1,0.0,15.8,3.5,0.0,0.0,70.0
2024-05-09 22:00:00,0,985.8,79.5,0.0,15.6,3.5,0.0,0.0,70.0
2024-05-09 22:15:00,0,985.8,79.6,0.0,15.4,3.4,0.0,0.0,70.0
2024-05-09 22:30:00,0,985.8,79.2,0.0,15.2,3.4,0.0,0.0,70.0
2024-05-09 22:45:00,0,985.8,79.4,0.0,15.1,3.5,0.0,0.0,70.0
2024-05-09 23:00:00,0,985.8,79.7,0.0,14.9,3.5,0.0,0.0,70.0
2024-05-09 23:15:00,0,985.8,80.0,0.0,14.7,3.5,0.0,0.0,70.0
2024-05-09 23:30:00,0,985.8,80.4,0.0,14.5,3.5,0.0,0.0,70.0
2024-05-09 23:45:00,0,985.8,80.6,0.0,14.4,3.5,0.0,0.0,70.0
2024-05-10 00:00:00,0,985.8,79.8,0.0,14.6,3.6,0.0,0.0,70.0
2024-05-10 00:15:00,0,985.8,80.1,0.0,14.4,3.6,0.0,0.0,70.0
2024-05-10 00:30:00,0,985.8,80.5,0.0,14.3,3.6,0.0,0.0,70.0
2024-05-10 00:45:00,0,985.8,80.7,0.0,14.1,3.6,0.0,0.0,70.0
2024-05-10 01:00:00,0,985.8,80.8,0.0,14.0,3.6,0.0,0.0,70.0
2024-05-10 01:15:00,0,985.8,80.7,0.0,13.9,3.6,0.0,0.0,70.0
2024-05-10 01:30:00,0,985.8,80.5,0.0,13.9,3.6,0.0,0.0,70.0
2024-05-10 01:45:00,0,985.8,80.9,0.0,13.7,3.6,0.0,0.0,70.0
2024-05-10 02:00:00,0,985.8,81.3,0.0,13.6,3.7,0.0,0.0,70.0
2024-05-10 02:15:00,0,985.7,81.7,0.0,13.5,3.7,0.0,0.0,70.0
2024-05-10 02:30:00,0,985.7,82.0,0.0,13.4,3.6,0.0,0.0,70.0
2024-05-10 02:45:00,0,985.7,82.6,0.0,13.3,3.6,0.0,0.0,70.0
2024-05-10 03:00:00,0,985.7,83.1,0.0,13.2,3.6,0.0,0.0,70.0
2024-05-10 03:15:00,0,985.7,83.5,0.0,13.1,3.6,0.0,0.0,70.0
2024-05-10 03:30:00,0,985.7,84.0,0.0,13.0,3.6,0.0,0.0,70.0
2024-05-10 03:45:00,0,985.7,84.6,0.0,12.8,3.6,0.0,0.0,70.0
2024-05-10 04:00:00,0,985.7,85.5,0.0,12.7,3.6,0.0,0.0,70.0
2024-05-10 04:15:00,0,985.7,86.5,0.0,12.5,3.6,0.0,0.0,70.0
2024-05-10 04:30:00,0,985.7,87.4,0.0,12.4,3.6,0.0,0.0,70.0
2024-05-10 04:45:00,0,985.7,88.4,0.0,12.2,3.6,0.0,0.0,70.0
2024-05-10 05:00:00,0,985.7,89.4,0.0,12.0,3.6,0.0,0.0,70.0
2024-05-10 05:15:00,1,985.7,90.4,0.0,11.9,3.6,9.0,0.286,70.0
2024-05-10 05:30:00,27,985.7,91.4,0.0,11.7,3.7,25.0,1.1,70.0
2024-05-10 05:45:00,57,985.7,92.2,0.0,11.7,3.7,60.01,1.935,70.0
2024-05-10 06:00:00,88,985.7,92.8,0.0,11.9,3.7,100.004,2.946,70.0
2024-05-10 06:15:00,120,985.7,93.0,0.0,12.1,3.8,148.003,4.616,70.0
2024-05-10 06:30:00,153,985.7,92.7,0.0,12.5,3.8,197.001,6.87,70.0
2024-05-10 06:45:00,188,985.7,91.9,0.0,12.9,3.9,252.001,9.938,70.0
2024-05-10 07:00:00,224,985.7,90.8,0.0,13.3,3.9,313.009,13.255,70.0
2024-05-10 07:15:00,264,985.7,89.6,0.0,13.8,4.0,356.004,16.997,70.0
2024-05-10 07:30:00,305,985.7,87.9,0.0,14.3,4.0,416.001,20.876,70.0
2024-05-10 07:45:00,349,985.7,86.4,0.0,14.8,4.1,452.002,24.761,70.0
2024-05-10 08:00:00,394,985.7,84.8,0.0,15.4,4.2,513.006,28.588,70.0
2024-05-10 08:15:00,441,985.8,82.7,0.0,16.0,4.3,570.001,32.276,70.0
2024-05-10 08:30:00,489,985.8,81.0,0.0,16.6,4.4,612.004,35.911,70.0
2024-05-10 08:45:00,537,985.8,79.2,0.0,17.1,4.5,666.005,39.345,70.0
2024-05-10 09:00:00,583,985.8,77.7,0.0,17.7,4.6,708.009,41.929,70.0
2024-05-10 09:15:00,627,985.8,76.2,0.0,18.3,4.7,756.007,44.539,70.0
2024-05-10 09:30:00,668,985.8,74.5,0.0,18.9,4.9,797.003,45.463,70.0
2024-05-10 09:45:00,705,985.8,72.7,0.0,19.5,5.0,842.007,47.468,70.0
2024-05-10 10:00:00,739,985.8,70.8,0.0,20.1,5.1,889.008,49.371,70.0
2024-05-10 10:15:00,769,985.8,69.3,0.0,20.7,5.2,889.005,51.201,70.0
2024-05-10 10:30:00,795,985.8,67.8,0.0,21.3,5.3,925.007,52.268,70.0
2024-05-10 10:45:00,818,985.8,65.8,0.0,21.8,5.4,944.006,51.958,70.0
2024-05-10 11:00:00,837,985.8,64.0,0.0,22.3,5.5,856.005,53.426,70.0
2024-05-10 11:15:00,852,985.8,63.0,0.0,22.8,5.6,548.005,49.246,70.0
2024-05-10 11:30:00,863,985.8,62.2,0.0,23.2,5.7,884.005,54.197,70.0
2024-05-10 11:45:00,870,985.8,60.6,0.0,23.6,5.7,874.006,50.481,70.0
2024-05-10 12:00:00,873,985.8,58.7,0.0,24.0,5.8,960.008,50.287,70.0
2024-05-10 12:15:00,872,985.8,58.1,0.0,24.3,5.9,1005.005,55.675,70.0
2024-05-10 12:30:00,867,985.8,57.9,0.0,24.6,6.0,931.006,53.701,70.0
2024-05-10 12:45:00,859,985.8,56.9,0.0,24.9,6.1,965.008,54.482,70.0
2024-05-10 13:00:00,848,985.8,55.5,0.0,25.1,6.1,952.005,54.385,70.0
2024-05-10 13:15:00,834,985.8,54.7,0.0,25.3,6.2,916.009,53.751,70.0
2024-05-10 13:30:00,816,985.8,53.9,0.0,25.5,6.2,747.003,52.511,70.0
2024-05-10 13:45:00,795,985.8,52.6,0.0,25.7,6.3,869.003,50.227,70.0
2024-05-10 14:00:00,771,985.8,51.0,0.0,25.9,6.3,813.009,48.759,70.0
2024-05-10 14:15:00,743,985.8,49.6,0.0,26.0,6.3,799.005,46.959,70.0
2024-05-10 14:30:00,711,985.8,49.1,0.0,26.0,6.3,754.003,44.246,70.0
2024-05-10 14:45:00,675,985.8,48.8,0.0,26.1,6.3,727.005,41.78,70.0
2024-05-10 15:00:00,637,985.8,48.7,0.0,26.1,6.3,687.009,38.791,70.0
2024-05-10 15:15:00,595,985.8,48.8,0.0,26.1,6.2,640.008,35.828,70.0
2024-05-10 15:30:00,550,985.8,49.0,0.0,26.0,6.2,612.008,32.87,70.0
2024-05-10 15:45:00,502,985.8,49.3,0.0,26.0,6.1,548.0,29.766,70.0
2024-05-10 16:00:00,451,985.8,50.0,0.0,25.9,6.0,497.001,26.378,70.0
2024-05-10 16:15:00,398,985.8,50.6,0.0,25.8,5.9,442.004,22.543,70.0
2024-05-10 16:30:00,345,985.8,51.5,0.0,25.6,5.8,383.007,18.869,70.0
2024-05-10 16:45:00,293,985.8,52.7,0.0,25.4,5.7,332.008,15.246,70.0
2024-05-10 17:00:00,244,985.8,54.0,0.0,25.2,5.6,281.009,12.15,70.0
2024-05-10 17:15:00,199,985.8,55.3,0.0,25.0,5.5,235.001,9.187,70.0
2024-05-10 17:30:00,158,985.8,56.9,0.0,24.7,5.4,189.0,6.764,70.0
2024-05-10 17:45:00,121,985.8,58.8,0.0,24.3,5.2,141.006,4.683,70.0
2024-05-10 18:00:00,90,985.8,60.9,0.0,23.9,5.1,97.003,3.353,70.0
2024-05-10 18:15:00,63,985.8,63.1,0.0,23.3,5.0,59.003,2.295,70.0
2024-05-10 18:30:00,41,985.8,64.9,0.0,22.8,4.9,30.001,1.314,70.0
2024-05-10 18:45:00,21,985.8,66.4,0.0,22.2,4.7,12.005,0.534,70.0
2024-05-10 19:00:00,4,985.8,68.0,0.0,21.8,4.6,0.0,0.099,70.0
2024-05-10 19:15:00,0,985.8,69.8,0.0,21.4,4.5,0.0,0.0,70.0
2024-05-10 19:30:00,0,985.8,71.6,0.0,21.0,4.4,0.0,0.0,70.0
2024-05-10 19:45:00,0,985.8,73.5,0.0,20.7,4.3,0.0,0.0,70.0
2024-05-10 20:00:00,0,985.8,75.4,0.0,20.4,4.2,0.0,0.0,70.0
2024-05-10 20:15:00,0,985.8,76.7,0.0,20.2,4.1,0.0,0.0,70.0
2024-05-10 20:30:00,0,985.8,77.6,0.0,20.0,4.0,0.0,0.0,70.0
2024-05-10 20:45:00,0,985.8,78.2,0.0,19.9,4.0,0.0,0.0,70.0
2024-05-10 21:00:00,0,985.8,78.5,0.0,19.7,3.9,0.0,0.0,70.0
2024-05-10 21:15:00,0,985.8,78.7,0.0,19.6,3.9,0.0,0.0,70.0
2024-05-10 21:30:00,0,985.8,78.8,0.0,19.5,3.9,0.0,0.0,70.0
2024-05-10 21:45:00,0,985.8,78.7,0.0,19.4,3.8,0.0,0.0,70.0
2024-05-10 22:00:00,0,985.8,78.6,0.0,19.3,3.8,0.0,0.0,70.0
2024-05-10 22:15:00,0,985.8,78.6,0.0,19.2,3.8,0.0,0.0,70.0
2024-05-10 22:30:00,0,985.8,78.5,0.0,19.2,3.8,0.0,0.0,70.0
2024-05-10 22:45:00,0,985.8,78.4,0.0,19.1,3.7,0.0,0.0,70.0
2024-05-10 23:00:00,0,985.8,78.4,0.0,19.1,3.7,0.0,0.0,70.0
2024-05-10 23:15:00,0,985.8,78.5,0.0,19.0,3.7,0.0,0.0,70.0
2024-05-10 23:30:00,0,985.8,78.6,0.0,18.9,3.8,0.0,0.0,70.0
2024-05-10 23:45:00,0,985.8,79.1,0.0,18.8,3.9,0.0,0.0,70.0
2024-05-11 00:00:00,0,985.8,81.4,0.0,18.6,3.3,0.0,0.0,70.0
2024-05-11 00:15:00,0,985.8,82.1,0.0,18.5,3.2,0.0,0.0,70.0
2024-05-11 00:30:00,0,985.8,82.6,0.0,18.4,3.2,0.0,0.0,70.0
2024-05-11 00:45:00,0,985.8,82.7,0.0,18.3,3.2,0.0,0.0,70.0
2024-05-11 01:00:00,0,985.8,82.7,0.0,18.3,3.3,0.0,0.0,70.0
2024-05-11 01:15:00,0,985.8,83.0,0.0,18.3,3.4,0.0,0.0,70.0
2024-05-11 01:30:00,0,985.8,83.6,0.0,18.3,3.4,0.0,0.0,70.0
2024-05-11 01:45:00,0,985.8,83.9,0.0,18.3,3.4,0.0,0.0,70.0
2024-05-11 02:00:00,0,985.8,84.0,0.0,18.3,3.5,0.0,0.0,70.0
2024-05-11 02:15:00,0,985.8,84.0,0.0,18.3,3.6,0.0,0.0,70.0
2024-05-11 02:30:00,0,985.8,84.3,0.0,18.2,3.7,0.0,0.0,70.0
2024-05-11 02:45:00,0,985.7,85.3,0.0,18.1,3.8,0.0,0.0,70.0
2024-05-11 03:00:00,0,985.7,86.6,0.0,18.0,3.9,0.0,0.0,70.0
2024-05-11 03:15:00,0,985.7,87.4,0.2,17.9,4.1,0.0,0.0,70.0
2024-05-11 03:30:00,0,985.8,88.3,0.2,17.7,4.2,0.0,0.0,70.0
2024-05-11 03:45:00,0,985.7,85.9,0.5,17.0,4.3,0.0,0.0,70.0
2024-05-11 04:00:00,0,985.7,85.3,0.6,16.9,4.4,0.0,0.0,70.0
2024-05-11 04:15:00,0,985.7,86.9,0.6,16.8,4.5,0.0,0.0,70.0
2024-05-11 04:30:00,0,985.7,87.9,0.5,16.8,4.6,0.0,0.0,70.0
2024-05-11 04:45:00,0,985.7,85.8,0.9,16.7,4.8,0.0,0.0,70.0
2024-05-11 05:00:00,0,985.7,84.9,0.8,16.4,4.9,0.0,0.0,70.0
2024-05-11 05:15:00,2,985.7,83.3,0.5,16.2,5.0,0.0,0.009,70.0
2024-05-11 05:30:00,22,985.7,82.4,0.4,16.2,5.2,0.0,0.009,70.0
2024-05-11 05:45:00,45,985.7,80.2,0.3,16.1,5.3,12.005,0.6,70.0
2024-05-11 06:00:00,69,985.7,77.3,0.2,15.9,5.4,10.008,0.742,70.0
2024-05-11 06:15:00,94,985.7,76.0,0.0,15.7,5.5,9.001,0.336,70.0
2024-05-11 06:30:00,119,985.7,75.4,0.1,15.6,5.6,7.002,0.641,70.0
2024-05-11 06:45:00,147,985.7,74.6,0.3,15.6,5.6,25.009,1.681,70.0
2024-05-11 07:00:00,176,985.7,74.4,0.3,15.6,5.7,23.006,1.136,70.0
2024-05-11 07:15:00,208,985.7,75.1,0.3,15.6,5.8,15.006,0.559,70.0
2024-05-11 07:30:00,243,985.7,74.7,0.3,15.7,5.8,29.003,0.894,70.0
2024-05-11 07:45:00,279,985.7,73.8,0.3,15.8,5.8,17.005,1.048,70.0
2024-05-11 08:00:00,318,985.7,72.7,0.3,16.0,5.8,35.006,2.355,70.0
2024-05-11 08:15:00,358,985.7,71.3,0.3,16.1,5.8,62.007,3.512,70.0
2024-05-11 08:30:00,400,985.7,68.5,0.3,16.5,5.7,70.001,4.676,70.0
2024-05-11 08:45:00,443,985.7,65.2,0.2,16.8,5.7,147.006,7.147,70.0
2024-05-11 09:00:00,485,985.8,61.4,0.1,17.4,5.6,212.002,10.589,70.0
2024-05-11 09:15:00,527,985.8,58.2,0.1,18.0,5.5,148.001,7.957,70.0
2024-05-11 09:30:00,567,985.8,55.5,0.1,18.1,5.5,154.005,12.216,70.0
2024-05-11 09:45:00,605,985.8,54.0,0.1,18.4,5.4,256.008,18.552,70.0
2024-05-11 10:00:00,643,985.8,54.2,0.1,18.4,5.4,519.01,33.622,70.0
2024-05-11 10:15:00,680,985.8,55.2,0.1,17.9,5.4,622.003,29.686,70.0
2024-05-11 10:30:00,716,985.8,57.8,0.0,17.4,5.4,592.002,42.841,70.0
2024-05-11 10:45:00,750,985.8,54.3,0.1,17.7,5.4,924.007,52.895,70.0
2024-05-11 11:00:00,781,985.8,51.9,0.1,17.8,5.4,898.004,52.975,70.0
2024-05-11 11:15:00,810,985.8,48.0,0.0,18.5,5.4,940.009,54.575,70.0
2024-05-11 11:30:00,834,985.8,44.7,0.0,18.9,5.4,937.007,54.883,70.0
2024-05-11 11:45:00,854,985.8,43.5,0.0,19.4,5.4,928.003,53.593,70.0
2024-05-11 12:00:00,868,985.8,42.2,0.0,20.1,5.3,955.0,54.642,70.0
2024-05-11 12:15:00,877,985.8,40.2,0.0,20.7,5.3,925.0,54.385,70.0
2024-05-11 12:30:00,879,985.8,39.2,0.0,21.2,5.2,931.006,54.234,70.0
2024-05-11 12:45:00,875,985.8,37.5,0.0,21.7,5.2,887.005,49.058,70.0
2024-05-11 13:00:00,865,985.8,33.8,0.0,22.0,5.1,692.001,48.362,70.0
2024-05-11 13:15:00,850,985.8,32.5,0.0,22.2,5.1,823.009,30.159,70.0
2024-05-11 13:30:00,829,985.8,32.1,0.0,22.4,5.0,607.002,43.425,70.0
2024-05-11 13:45:00,804,985.8,31.5,0.0,22.5,4.9,680.002,31.769,70.0
2024-05-11 14:00:00,775,985.8,29.6,0.0,22.6,4.9,754.003,42.436,70.0
2024-05-11 14:15:00,741,985.8,29.7,0.0,22.6,4.8,543.006,30.487,70.0
2024-05-11 14:30:00,704,985.8,30.4,0.0,22.6,4.7,378.003,23.26,70.0
2024-05-11 14:45:00,665,985.8,31.1,0.0,22.6,4.6,321.004,19.303,70.0
2024-05-11 15:00:00,622,985.8,31.4,0.0,22.6,4.5,298.006,18.064,70.0
2024-05-11 15:15:00,578,985.8,31.7,0.0,22.5,4.4,329.008,23.133,70.0
2024-05-11 15:30:00,532,985.8,30.0,0.0,22.4,4.3,324.001,21.29,70.0
2024-05-11 15:45:00,486,985.8,30.3,0.0,22.2,4.1,386.004,20.928,70.0
2024-05-11 16:00:00,436,985.8,31.3,0.0,22.0,4.0,308.002,18.25,70.0
2024-05-11 16:15:00,385,985.8,33.0,0.0,21.8,3.8,325.003,21.759,70.0
2024-05-11 16:30:00,334,985.8,34.5,0.0,21.7,3.7,337.006,15.314,70.0
2024-05-11 16:45:00,284,985.8,35.1,0.0,21.5,3.5,261.008,13.455,70.0
2024-05-11 17:00:00,238,985.8,35.6,0.0,21.3,3.3,314.01,14.379,70.0
2024-05-11 17:15:00,194,985.8,37.4,0.0,21.0,3.2,276.007,13.419,70.0
2024-05-11 17:30:00,155,985.8,39.9,0.0,20.8,3.0,227.005,10.35,70.0
2024-05-11 17:45:00,120,985.8,42.1,0.0,20.5,2.9,133.003,6.714,70.0
2024-05-11 18:00:00,90,985.8,43.7,0.0,20.0,2.8,115.0,5.074,70.0
2024-05-11 18:15:00,63,985.8,44.6,0.0,19.6,2.7,70.005,3.397,70.0
2024-05-11 18:30:00,41,985.8,45.5,0.0,19.2,2.6,43.003,1.989,70.0
2024-05-11 18:45:00,22,985.8,46.1,0.0,18.8,2.5,21.0,0.998,70.0
2024-05-11 19:00:00,5,985.8,46.1,0.0,18.6,2.4,0.0,0.192,70.0
2024-05-11 19:15:00,0,985.8,46.4,0.0,18.4,2.4,0.0,0.0,70.0
2024-05-11 19:30:00,0,985.8,46.9,0.0,18.3,2.3,0.0,0.0,70.0
2024-05-11 19:45:00,0,985.8,47.3,0.0,18.1,2.3,0.0,0.0,70.0
2024-05-11 20:00:00,0,985.8,47.7,0.0,17.8,2.2,0.0,0.0,70.0
2024-05-11 20:15:00,0,985.8,47.8,0.0,17.6,2.2,0.0,0.0,70.0
2024-05-11 20:30:00,0,985.8,47.6,0.0,17.2,2.2,0.0,0.0,70.0
2024-05-11 20:45:00,0,985.8,47.2,0.0,17.0,2.2,0.0,0.0,70.0
2024-05-11 21:00:00,0,985.8,47.3,0.0,16.8,2.2,0.0,0.0,70.0
2024-05-11 21:15:00,0,985.8,47.6,0.0,16.5,2.3,0.0,0.0,70.0
2024-05-11 21:30:00,0,985.8,47.9,0.0,16.4,2.3,0.0,0.0,70.0
2024-05-11 21:45:00,0,985.8,47.9,0.0,16.3,2.3,0.0,0.0,70.0
2024-05-11 22:00:00,0,985.8,47.8,0.0,16.1,2.3,0.0,0.0,70.0
2024-05-11 22:15:00,0,985.8,47.7,0.0,16.0,2.4,0.0,0.0,70.0
2024-05-11 22:30:00,0,985.8,47.6,0.0,15.9,2.4,0.0,0.0,70.0
2024-05-11 22:45:00,0,985.8,47.7,0.0,15.8,2.4,0.0,0.0,70.0
2024-05-11 23:00:00,0,985.8,47.9,0.0,15.6,2.4,0.0,0.0,70.0
2024-05-11 23:15:00,0,985.8,48.2,0.0,15.5,2.5,0.0,0.0,70.0
2024-05-11 23:30:00,0,985.8,48.7,0.0,15.3,2.5,0.0,0.0,70.0
2024-05-11 23:45:00,0,985.8,49.2,0.0,15.2,2.5,0.0,0.0,70.0
2024-05-12 00:00:00,0,985.9,46.0,0.0,14.7,2.9,0.0,0.0,70.0
2024-05-12 00:15:00,0,985.9,45.8,0.0,14.7,2.9,0.0,0.0,70.0
2024-05-12 00:30:00,0,985.9,45.6,0.0,14.6,2.9,0.0,0.0,70.0
2024-05-12 00:45:00,0,985.9,45.5,0.0,14.6,2.9,0.0,0.0,70.0
2024-05-12 01:00:00,0,985.9,45.4,0.0,14.5,2.9,0.0,0.0,70.0
2024-05-12 01:15:00,0,985.9,45.4,0.0,14.5,2.9,0.0,0.0,70.0
2024-05-12 01:30:00,0,985.9,45.8,0.0,14.4,2.9,0.0,0.0,70.0
2024-05-12 01:45:00,0,985.9,46.3,0.0,14.3,3.0,0.0,0.0,70.0
2024-05-12 02:00:00,0,985.9,47.2,0.0,14.2,3.0,0.0,0.0,70.0
2024-05-12 02:15:00,0,985.9,48.3,0.0,14.1,3.0,0.0,0.0,70.0
2024-05-12 02:30:00,0,985.9,49.4,0.0,13.9,3.0,0.0,0.0,70.0
2024-05-12 02:45:00,0,985.9,50.0,0.0,13.8,3.1,0.0,0.0,70.0
2024-05-12 03:00:00,0,985.9,50.4,0.0,13.7,3.1,0.0,0.0,70.0
2024-05-12 03:15:00,0,985.9,50.8,0.0,13.7,3.1,0.0,0.0,70.0
2024-05-12 03:30:00,0,985.9,51.1,0.0,13.6,3.1,0.0,0.0,70.0
2024-05-12 03:45:00,0,985.9,51.5,0.0,13.5,3.2,0.0,0.0,70.0
2024-05-12 04:00:00,0,985.9,52.0,0.0,13.4,3.2,0.0,0.0,70.0
2024-05-12 04:15:00,0,985.9,52.6,0.0,13.3,3.2,0.0,0.0,70.0
2024-05-12 04:30:00,0,985.9,53.2,0.0,13.2,3.2,0.0,0.0,70.0
2024-05-12 04:45:00,0,985.9,53.9,0.0,13.1,3.2,0.0,0.0,70.0
2024-05-12 05:00:00,0,985.9,54.8,0.0,12.9,3.2,0.0,0.0,70.0
2024-05-12 05:15:00,3,985.9,55.8,0.0,12.7,3.3,8.005,0.354,70.0
2024-05-12 05:30:00,31,985.9,56.5,0.0,12.7,3.4,30.005,1.168,70.0
2024-05-12 05:45:00,62,985.9,57.1,0.0,12.8,3.4,61.001,1.978,70.0
2024-05-12 06:00:00,94,985.9,57.7,0.0,13.2,3.5,105.007,3.211,70.0
2024-05-12 06:15:00,127,985.9,58.3,0.0,13.7,3.5,153.006,4.819,70.0
2024-05-12 06:30:00,161,985.9,59.2,0.0,14.3,3.6,202.006,6.865,70.0
2024-05-12 06:45:00,196,985.9,60.0,0.0,14.9,3.6,252.008,9.645,70.0
2024-05-12 07:00:00,236,985.9,60.1,0.0,15.7,3.7,316.006,13.389,70.0
2024-05-12 07:15:00,280,985.9,59.4,0.0,16.6,3.7,372.009,17.022,70.0
2024-05-12 07:30:00,328,985.9,57.9,0.0,17.6,3.8,423.002,20.938,70.0
2024-05-12 07:45:00,380,986.0,54.7,0.0,18.6,3.8,475.006,24.757,70.0
2024-05-12 08:00:00,434,986.0,50.8,0.0,19.5,3.9,525.002,28.637,70.0
2024-05-12 08:15:00,490,986.0,48.9,0.0,20.1,4.0,570.003,32.237,70.0
2024-05-12 08:30:00,544,986.0,47.7,0.0,20.5,4.1,607.005,35.408,70.0
2024-05-12 08:45:00,595,986.0,46.4,0.0,21.0,4.1,648.004,38.823,70.0
2024-05-12 09:00:00,639,986.0,44.5,0.0,21.4,4.2,703.006,42.679,70.0
2024-05-12 09:15:00,674,986.0,43.1,0.0,21.8,4.3,765.003,45.896,70.0
2024-05-12 09:30:00,696,986.0,41.6,0.0,22.2,4.4,805.001,48.61,70.0
2024-05-12 09:45:00,702,986.0,39.0,0.0,22.6,4.5,855.004,50.747,70.0
2024-05-12 10:00:00,683,986.0,37.6,0.0,22.9,4.5,890.004,52.552,70.0
2024-05-12 10:15:00,642,986.0,36.3,0.0,23.2,4.6,902.002,53.568,70.0
2024-05-12 10:30:00,582,986.0,33.3,0.0,23.5,4.7,931.006,54.786,70.0
2024-05-12 10:45:00,507,986.0,31.0,0.0,23.6,4.8,952.002,55.452,70.0
2024-05-12 11:00:00,421,986.0,29.9,0.0,23.7,4.8,976.008,56.217,70.0
2024-05-12 11:15:00,331,986.0,30.0,0.0,23.8,4.8,990.001,57.109,70.0
2024-05-12 11:30:00,241,986.0,31.4,0.0,23.9,4.9,1006.007,55.898,70.0
2024-05-12 11:45:00,158,986.0,30.8,0.0,24.1,4.9,1003.007,54.211,70.0
2024-05-12 12:00:00,87,986.0,30.2,0.0,24.1,4.9,1011.008,55.704,70.0
2024-05-12 12:15:00,34,986.0,30.8,0.0,24.1,4.9,1009.01,57.207,70.0
2024-05-12 12:30:00,5,986.0,31.9,0.0,24.2,4.9,1001.004,56.218,70.0
2024-05-12 12:45:00,3,986.0,32.7,0.0,24.3,4.9,995.01,56.183,70.0
2024-05-12 13:00:00,29,986.0,33.6,0.0,24.3,4.9,967.009,55.824,70.0
2024-05-12 13:15:00,78,986.0,33.7,0.0,24.3,5.0,951.008,54.438,70.0
2024-05-12 13:30:00,143,986.0,34.1,0.0,24.3,4.9,924.005,53.129,70.0
2024-05-12 13:45:00,218,986.0,34.8,0.0,24.3,4.9,897.003,51.917,70.0
2024-05-12 14:00:00,297,986.0,36.0,0.0,24.2,4.9,864.008,50.639,70.0
2024-05-12 14:15:00,374,986.0,35.8,0.0,24.2,4.8,828.007,48.791,70.0
2024-05-12 14:30:00,443,986.0,35.0,0.0,24.1,4.7,780.01,46.268,70.0
2024-05-12 14:45:00,500,986.0,35.1,0.0,24.1,4.7,751.01,43.296,70.0
2024-05-12 15:00:00,541,986.0,35.1,0.0,24.0,4.6,717.006,40.205,70.0
2024-05-12 15:15:00,562,986.0,34.8,0.0,24.0,4.4,659.005,36.971,70.0
2024-05-12 15:30:00,562,986.0,34.5,0.0,23.9,4.3,617.006,33.857,70.0
2024-05-12 15:45:00,540,986.0,35.0,0.0,23.8,4.2,575.0,30.542,70.0
2024-05-12 16:00:00,502,986.0,35.2,0.0,23.7,4.1,526.001,27.18,70.0
2024-05-12 16:15:00,454,986.0,35.3,0.0,23.6,3.9,478.004,23.625,70.0
2024-05-12 16:30:00,400,986.0,36.0,0.0,23.4,3.8,428.004,19.783,70.0
2024-05-12 16:45:00,343,986.0,37.2,0.0,23.2,3.7,375.006,16.143,70.0
2024-05-12 17:00:00,286,986.0,38.5,0.0,23.0,3.5,319.0,12.884,70.0
2024-05-12 17:15:00,231,986.0,40.0,0.0,22.8,3.4,273.0,9.544,70.0
2024-05-12 17:30:00,182,986.0,41.5,0.0,22.5,3.3,218.005,6.808,70.0
2024-05-12 17:45:00,138,986.0,43.4,0.0,22.1,3.2,166.003,4.718,70.0
2024-05-12 18:00:00,101,986.0,45.7,0.0,21.7,3.1,116.002,3.214,70.0
2024-05-12 18:15:00,70,986.0,47.6,0.0,21.2,3.0,70.008,2.246,70.0
2024-05-12 18:30:00,45,986.0,49.0,0.0,20.7,2.9,35.0,1.46,70.0
2024-05-12 18:45:00,24,986.0,50.3,0.0,20.3,2.8,12.005,0.625,70.0
2024-05-12 19:00:00,6,986.0,52.2,0.0,19.9,2.7,0.0,0.149,70.0
2024-05-12 19:15:00,0,986.0,54.0,0.0,19.6,2.6,0.0,0.0,70.0
2024-05-12 19:30:00,0,986.0,55.4,0.0,19.3,2.6,0.0,0.0,70.0
2024-05-12 19:45:00,0,986.0,56.1,0.0,19.0,2.5,0.0,0.0,70.0
2024-05-12 20:00:00,0,986.0,56.6,0.0,18.6,2.4,0.0,0.0,70.0
2024-05-12 20:15:00,0,986.0,56.9,0.0,18.2,2.4,0.0,0.0,70.0
2024-05-12 20:30:00,0,986.0,57.0,0.0,17.9,2.3,0.0,0.0,70.0
2024-05-12 20:45:00,0,986.0,57.1,0.0,17.7,2.2,0.0,0.0,70.0
2024-05-12 21:00:00,0,986.0,57.2,0.0,17.5,2.2,0.0,0.0,70.0
2024-05-12 21:15:00,0,986.0,57.5,0.0,17.4,2.2,0.0,0.0,70.0
2024-05-12 21:30:00,0,986.0,58.1,0.0,17.2,2.2,0.0,0.0,70.0
2024-05-12 21:45:00,0,986.0,58.6,0.0,17.1,2.2,0.0,0.0,70.0
2024-05-12 22:00:00,0,986.0,59.0,0.0,17.0,2.2,0.0,0.0,70.0
2024-05-12 22:15:00,0,986.0,59.0,0.0,16.8,2.2,0.0,0.0,70.0
2024-05-12 22:30:00,0,986.0,58.8,0.0,16.7,2.1,0.0,0.0,70.0
2024-05-12 22:45:00,0,986.0,58.5,0.0,16.6,2.1,0.0,0.0,70.0
2024-05-12 23:00:00,0,986.0,58.2,0.0,16.5,2.1,0.0,0.0,70.0
2024-05-12 23:15:00,0,986.0,58.0,0.0,16.4,2.1,0.0,0.0,70.0
2024-05-12 23:30:00,0,986.0,57.9,0.0,16.3,2.1,0.0,0.0,70.0
2024-05-12 23:45:00,0,986.0,58.0,0.0,16.2,2.0,0.0,0.0,70.0
2024-05-13 00:00:00,0,986.2,53.6,0.0,16.9,1.8,0.0,0.0,70.0
2024-05-13 00:15:00,0,986.2,53.8,0.0,16.8,1.8,0.0,0.0,70.0
2024-05-13 00:30:00,0,986.2,54.0,0.0,16.6,1.7,0.0,0.0,70.0
2024-05-13 00:45:00,0,986.2,54.0,0.0,16.4,1.7,0.0,0.0,70.0
2024-05-13 01:00:00,0,986.2,53.7,0.0,16.3,1.7,0.0,0.0,70.0
2024-05-13 01:15:00,0,986.2,53.1,0.0,16.2,1.7,0.0,0.0,70.0
2024-05-13 01:30:00,0,986.2,52.3,0.0,16.2,1.7,0.0,0.0,70.0
2024-05-13 01:45:00,0,986.2,51.4,0.0,16.1,1.7,0.0,0.0,70.0
2024-05-13 02:00:00,0,986.2,50.5,0.0,16.1,1.7,0.0,0.0,70.0
2024-05-13 02:15:00,0,986.2,49.9,0.0,16.1,1.7,0.0,0.0,70.0
2024-05-13 02:30:00,0,986.2,49.7,0.0,16.0,1.7,0.0,0.0,70.0
2024-05-13 02:45:00,0,986.2,49.7,0.0,15.9,1.7,0.0,0.0,70.0
2024-05-13 03:00:00,0,986.2,50.1,0.0,15.8,1.8,0.0,0.0,70.0
2024-05-13 03:15:00,0,986.2,50.8,0.0,15.7,1.8,0.0,0.0,70.0
2024-05-13 03:30:00,0,986.2,51.6,0.0,15.6,1.8,0.0,0.0,70.0
2024-05-13 03:45:00,0,986.2,52.5,0.0,15.5,1.8,0.0,0.0,70.0
2024-05-13 04:00:00,0,986.2,53.6,0.0,15.4,1.8,0.0,0.0,70.0
2024-05-13 04:15:00,0,986.2,54.6,0.0,15.3,1.8,0.0,0.0,70.0
2024-05-13 04:30:00,0,986.2,55.7,0.0,15.2,1.8,0.0,0.0,70.0
2024-05-13 04:45:00,0,986.2,56.7,0.0,15.1,1.7,0.0,0.0,70.0
2024-05-13 05:00:00,0,986.2,57.6,0.0,15.0,1.7,0.0,0.0,70.0
2024-05-13 05:15:00,4,986.2,58.4,0.0,14.8,1.7,10.006,0.283,70.0
2024-05-13 05:30:00,33,986.2,59.0,0.0,14.7,1.6,32.007,0.966,70.0
2024-05-13 05:45:00,64,986.2,59.2,0.0,14.7,1.6,67.004,2.02,70.0
2024-05-13 06:00:00,96,986.2,59.2,0.0,14.8,1.6,109.001,3.065,70.0
2024-05-13 06:15:00,129,986.2,59.1,0.0,14.9,1.7,155.007,4.576,70.0
2024-05-13 06:30:00,163,986.2,59.4,0.0,15.3,1.7,205.001,6.685,70.0
2024-05-13 06:45:00,198,986.2,60.7,0.0,15.9,1.7,256.001,9.582,70.0
2024-05-13 07:00:00,235,986.2,62.8,0.0,16.3,1.8,310.003,13.072,70.0
2024-05-13 07:15:00,275,986.2,64.8,0.0,16.8,1.8,361.01,16.645,70.0
2024-05-13 07:30:00,317,986.2,65.2,0.0,17.5,1.8,412.002,20.463,70.0
2024-05-13 07:45:00,361,986.2,63.9,0.0,18.3,1.8,468.002,24.421,70.0
2024-05-13 08:00:00,407,986.2,60.6,0.0,19.1,1.9,513.004,28.152,70.0
2024-05-13 08:15:00,455,986.3,57.8,0.0,19.7,1.9,567.002,31.846,70.0
2024-05-13 08:30:00,502,986.3,55.4,0.0,20.3,1.9,607.002,35.092,70.0
2024-05-13 08:45:00,550,986.3,53.2,0.0,20.9,1.9,655.003,38.195,70.0
2024-05-13 09:00:00,597,986.3,50.3,0.0,21.4,1.9,710.006,40.983,70.0
2024-05-13 09:15:00,641,986.3,48.2,0.0,21.8,2.0,752.003,43.522,70.0
2024-05-13 09:30:00,683,986.3,46.1,0.0,22.2,2.0,789.006,46.138,70.0
2024-05-13 09:45:00,720,986.3,43.6,0.0,22.5,2.1,834.001,48.2,70.0
2024-05-13 10:00:00,753,986.3,41.7,0.0,22.8,2.1,849.006,49.885,70.0
2024-05-13 10:15:00,784,986.3,41.1,0.0,23.0,2.2,909.001,50.832,70.0
2024-05-13 10:30:00,811,986.3,40.6,0.0,23.3,2.3,917.003,52.03,70.0
2024-05-13 10:45:00,834,986.3,40.1,0.0,23.5,2.5,930.0,53.376,70.0
2024-05-13 11:00:00,854,986.3,40.0,0.0,23.7,2.6,950.005,53.483,70.0
2024-05-13 11:15:00,869,986.3,40.0,0.0,23.9,2.7,963.004,54.767,70.0
2024-05-13 11:30:00,881,986.3,40.4,0.0,24.1,2.8,992.007,55.907,70.0
2024-05-13 11:45:00,888,986.3,40.7,0.0,24.3,2.9,996.007,56.106,70.0
2024-05-13 12:00:00,892,986.3,40.9,0.0,24.5,2.9,995.001,56.188,70.0
2024-05-13 12:15:00,892,986.3,40.8,0.0,24.7,3.0,1005.003,55.894,70.0
2024-05-13 12:30:00,887,986.3,39.9,0.0,24.8,3.1,993.009,55.916,70.0
2024-05-13 12:45:00,880,986.3,38.6,0.0,24.9,3.2,975.003,55.085,70.0
2024-05-13 13:00:00,869,986.3,37.8,0.0,25.0,3.2,982.01,54.259,70.0
2024-05-13 13:15:00,855,986.3,38.0,0.0,25.1,3.3,947.008,53.248,70.0
2024-05-13 13:30:00,839,986.3,38.0,0.0,25.2,3.4,896.009,51.25,70.0
2024-05-13 13:45:00,818,986.3,37.4,0.0,25.3,3.5,890.001,50.561,70.0
2024-05-13 14:00:00,794,986.3,37.5,0.0,25.3,3.6,849.005,48.319,70.0
2024-05-13 14:15:00,766,986.3,37.8,0.0,25.4,3.7,812.009,46.679,70.0
2024-05-13 14:30:00,735,986.3,37.9,0.0,25.3,3.7,782.007,44.37,70.0
2024-05-13 14:45:00,699,986.3,38.2,0.0,25.3,3.8,727.006,42.327,70.0
2024-05-13 15:00:00,660,986.3,38.1,0.0,25.3,3.8,710.009,39.572,70.0
2024-05-13 15:15:00,618,986.3,38.0,0.0,25.3,3.9,656.005,36.691,70.0
2024-05-13 15:30:00,573,986.3,38.4,0.0,25.2,3.9,617.004,33.347,70.0
2024-05-13 15:45:00,524,986.3,39.2,0.0,25.1,3.8,564.007,29.894,70.0
2024-05-13 16:00:00,472,986.3,40.1,0.0,25.0,3.8,521.004,26.213,70.0
2024-05-13 16:15:00,418,986.3,40.5,0.0,24.9,3.8,466.005,22.761,70.0
2024-05-13 16:30:00,363,986.3,40.3,0.0,24.8,3.8,417.004,19.216,70.0
2024-05-13 16:45:00,310,986.3,40.2,0.0,24.6,3.7,368.007,16.077,70.0
2024-05-13 17:00:00,259,986.3,40.4,0.0,24.4,3.7,326.003,12.24,70.0
2024-05-13 17:15:00,212,986.3,41.5,0.0,24.1,3.7,264.001,9.15,70.0
2024-05-13 17:30:00,170,986.3,43.2,0.0,23.8,3.6,213.001,6.895,70.0
2024-05-13 17:45:00,132,986.3,44.8,0.0,23.4,3.6,161.008,4.945,70.0
2024-05-13 18:00:00,99,986.3,46.4,0.0,23.0,3.5,112.009,3.496,70.0
2024-05-13 18:15:00,70,986.3,48.0,0.0,22.4,3.5,70.001,2.518,70.0
2024-05-13 18:30:00,46,986.3,49.9,0.0,21.8,3.4,37.003,1.371,70.0
2024-05-13 18:45:00,25,986.3,52.2,0.0,21.2,3.4,16.009,0.739,70.0
2024-05-13 19:00:00,7,986.3,54.5,0.0,20.8,3.3,0.0,0.146,70.0
2024-05-13 19:15:00,0,986.3,56.7,0.0,20.4,3.3,0.0,0.0,70.0
2024-05-13 19:30:00,0,986.3,58.1,0.0,20.0,3.2,0.0,0.0,70.0
2024-05-13 19:45:00,0,986.2,59.2,0.0,19.7,3.2,0.0,0.0,70.0
2024-05-13 20:00:00,0,986.2,60.5,0.0,19.4,3.1,0.0,0.0,70.0
2024-05-13 20:15:00,0,986.2,61.9,0.0,19.2,3.1,0.0,0.0,70.0
2024-05-13 20:30:00,0,986.2,63.7,0.0,18.9,3.0,0.0,0.0,70.0
2024-05-13 20:45:00,0,986.2,66.4,0.0,18.6,3.0,0.0,0.0,70.0
2024-05-13 21:00:00,0,986.2,69.3,0.0,18.3,3.0,0.0,0.0,70.0
2024-05-13 21:15:00,0,986.2,71.7,0.0,18.0,3.0,0.0,0.0,70.0
2024-05-13 21:30:00,0,986.2,74.3,0.0,17.7,3.0,0.0,0.0,70.0
2024-05-13 21:45:00,0,986.2,76.7,0.0,17.4,3.0,0.0,0.0,70.0
2024-05-13 22:00:00,0,986.2,78.5,0.0,17.1,3.0,0.0,0.0,70.0
2024-05-13 22:15:00,0,986.2,79.5,0.0,16.8,3.0,0.0,0.0,70.0
2024-05-13 22:30:00,0,986.2,80.0,0.0,16.6,3.0,0.0,0.0,70.0
2024-05-13 22:45:00,0,986.2,80.0,0.0,16.5,2.9,0.0,0.0,70.0
2024-05-13 23:00:00,0,986.2,79.6,0.0,16.4,2.9,0.0,0.0,70.0
2024-05-13 23:15:00,0,986.2,79.4,0.0,16.2,2.9,0.0,0.0,70.0
2024-05-13 23:30:00,0,986.2,79.2,0.0,16.1,2.9,0.0,0.0,70.0
2024-05-13 23:45:00,0,986.2,79.2,0.0,16.0,2.9,0.0,0.0,70.0
2024-05-14 00:00:00,0,986.2,73.5,0.0,16.1,2.7,0.0,0.0,70.0
2024-05-14 00:15:00,0,986.2,74.1,0.0,16.0,2.7,0.0,0.0,70.0
2024-05-14 00:30:00,0,986.2,74.8,0.0,15.9,2.6,0.0,0.0,70.0
2024-05-14 00:45:00,0,986.2,75.5,0.0,15.8,2.6,0.0,0.0,70.0
2024-05-14 01:00:00,0,986.2,76.1,0.0,15.7,2.5,0.0,0.0,70.0
2024-05-14 01:15:00,0,986.2,76.7,0.0,15.6,2.5,0.0,0.0,70.0
2024-05-14 01:30:00,0,986.2,77.3,0.0,15.5,2.4,0.0,0.0,70.0
2024-05-14 01:45:00,0,986.2,77.6,0.0,15.4,2.3,0.0,0.0,70.0
2024-05-14 02:00:00,0,986.2,77.9,0.0,15.3,2.3,0.0,0.0,70.0
2024-05-14 02:15:00,0,986.2,78.2,0.0,15.3,2.2,0.0,0.0,70.0
2024-05-14 02:30:00,0,986.2,78.1,0.0,15.2,2.2,0.0,0.0,70.0
2024-05-14 02:45:00,0,986.2,78.1,0.0,15.2,2.1,0.0,0.0,70.0
2024-05-14 03:00:00,0,986.2,78.3,0.0,15.1,2.1,0.0,0.0,70.0
2024-05-14 03:15:00,0,986.2,78.8,0.0,15.0,2.0,0.0,0.0,70.0
2024-05-14 03:30:00,0,986.2,79.6,0.0,14.9,2.0,0.0,0.0,70.0
2024-05-14 03:45:00,0,986.2,80.5,0.0,14.8,1.9,0.0,0.0,70.0
2024-05-14 04:00:00,0,986.2,81.5,0.0,14.7,1.8,0.0,0.0,70.0
2024-05-14 04:15:00,0,986.2,82.5,0.0,14.5,1.7,0.0,0.0,70.0
2024-05-14 04:30:00,0,986.2,83.5,0.0,14.4,1.7,0.0,0.0,70.0
2024-05-14 04:45:00,0,986.2,84.5,0.0,14.3,1.6,0.0,0.0,70.0
2024-05-14 05:00:00,0,986.2,85.4,0.0,14.2,1.6,0.0,0.0,70.0
2024-05-14 05:15:00,4,986.2,86.3,0.0,14.1,1.6,10.009,0.234,70.0
2024-05-14 05:30:00,33,986.2,87.2,0.0,13.9,1.6,32.009,1.183,70.0
2024-05-14 05:45:00,63,986.2,88.0,0.0,13.9,1.7,55.007,2.116,70.0
2024-05-14 06:00:00,94,986.2,88.5,0.0,14.1,1.7,94.007,3.309,70.0
2024-05-14 06:15:00,126,986.2,88.9,0.0,14.3,1.8,134.003,4.666,70.0
2024-05-14 06:30:00,158,986.2,88.6,0.0,14.7,1.9,181.007,6.695,70.0
2024-05-14 06:45:00,192,986.2,87.4,0.0,15.2,2.0,228.004,9.123,70.0
2024-05-14 07:00:00,228,986.2,85.5,0.0,15.9,2.1,278.003,12.091,70.0
2024-05-14 07:15:00,267,986.2,83.0,0.0,16.8,2.3,331.005,15.427,70.0
2024-05-14 07:30:00,307,986.2,79.4,0.0,17.8,2.5,386.007,18.929,70.0
2024-05-14 07:45:00,350,986.2,74.6,0.0,18.8,2.6,433.008,22.445,70.0
2024-05-14 08:00:00,394,986.2,70.2,0.0,19.8,2.8,486.0,26.231,70.0
2024-05-14 08:15:00,440,986.2,66.7,0.0,20.6,3.0,531.002,29.81,70.0
2024-05-14 08:30:00,487,986.2,63.9,0.0,21.4,3.2,584.0,33.245,70.0
2024-05-14 08:45:00,533,986.3,60.8,0.0,22.3,3.4,624.001,36.175,70.0
2024-05-14 09:00:00,578,986.3,57.6,0.0,23.1,3.6,668.007,39.03,70.0
2024-05-14 09:15:00,621,986.3,54.1,0.0,23.7,3.8,715.004,41.851,70.0
2024-05-14 09:30:00,662,986.3,52.0,0.0,24.3,3.9,755.007,44.108,70.0
2024-05-14 09:45:00,698,986.3,50.5,0.0,24.7,4.1,791.002,46.307,70.0
2024-05-14 10:00:00,731,986.3,50.0,0.0,25.0,4.3,821.009,48.243,70.0
2024-05-14 10:15:00,761,986.3,49.0,0.0,25.3,4.5,856.007,49.857,70.0
2024-05-14 10:30:00,788,986.3,46.9,0.0,25.7,4.7,885.007,48.995,70.0
2024-05-14 10:45:00,811,986.3,46.2,0.0,26.0,4.9,901.003,42.535,70.0
2024-05-14 11:00:00,831,986.3,44.8,0.0,26.2,5.0,921.009,47.374,70.0
2024-05-14 11:15:00,847,986.3,44.0,0.0,26.5,5.1,943.001,27.964,70.0
2024-05-14 11:30:00,859,986.3,43.6,0.0,26.7,5.2,950.001,45.181,70.0
2024-05-14 11:45:00,867,986.3,44.0,0.0,26.8,5.3,963.003,54.143,70.0
2024-05-14 12:00:00,871,986.3,45.1,0.0,26.9,5.4,969.003,43.166,70.0
2024-05-14 12:15:00,871,986.3,45.6,0.0,27.1,5.5,961.006,42.091,70.0
2024-05-14 12:30:00,868,986.3,43.9,0.0,27.3,5.5,964.003,27.021,70.0
2024-05-14 12:45:00,861,986.3,43.2,0.0,27.4,5.5,951.008,31.261,70.0
2024-05-14 13:00:00,850,986.3,42.8,0.0,27.5,5.5,928.002,18.644,70.0
2024-05-14 13:15:00,837,986.3,42.3,0.0,27.6,5.5,908.0,27.24,70.0
2024-05-14 13:30:00,821,986.3,42.2,0.0,27.6,5.4,882.001,33.436,70.0
2024-05-14 13:45:00,801,986.3,42.3,0.0,27.7,5.4,865.009,46.282,70.0
2024-05-14 14:00:00,777,986.3,42.4,0.0,27.7,5.4,821.003,44.271,70.0
2024-05-14 14:15:00,750,986.3,42.7,0.0,27.7,5.3,786.003,42.937,70.0
2024-05-14 14:30:00,719,986.3,43.0,0.0,27.7,5.2,753.009,43.186,70.0
2024-05-14 14:45:00,684,986.3,43.3,0.0,27.7,5.1,721.005,40.259,70.0
2024-05-14 15:00:00,646,986.3,43.6,0.0,27.7,5.1,671.006,36.58,70.0
2024-05-14 15:15:00,604,986.3,43.8,0.0,27.6,5.0,610.009,34.066,70.0
2024-05-14 15:30:00,560,986.3,44.1,0.0,27.5,4.9,565.003,30.915,70.0
2024-05-14 15:45:00,513,986.3,44.4,0.0,27.5,4.7,530.005,28.031,70.0
2024-05-14 16:00:00,462,986.3,44.8,0.0,27.3,4.6,486.009,24.492,70.0
2024-05-14 16:15:00,409,986.3,45.6,0.0,27.2,4.5,443.004,20.828,70.0
2024-05-14 16:30:00,355,986.3,46.6,0.0,27.0,4.4,387.007,17.958,70.0
2024-05-14 16:45:00,303,986.3,47.7,0.0,26.8,4.3,351.001,14.8,70.0
2024-05-14 17:00:00,254,986.3,49.0,0.0,26.6,4.1,303.001,11.78,70.0
2024-05-14 17:15:00,208,986.3,50.5,0.0,26.3,4.0,246.008,8.661,70.0
2024-05-14 17:30:00,166,986.3,52.3,0.0,26.0,3.9,196.003,6.343,70.0
2024-05-14 17:45:00,129,986.3,54.5,0.0,25.6,3.8,146.001,4.59,70.0
2024-05-14 18:00:00,97,986.3,56.8,0.0,25.1,3.7,106.003,3.322,70.0
2024-05-14 18:15:00,69,986.3,58.8,0.0,24.5,3.6,62.008,2.28,70.0
2024-05-14 18:30:00,46,986.3,60.5,0.0,23.9,3.5,33.003,1.292,70.0
2024-05-14 18:45:00,25,986.3,61.9,0.0,23.3,3.3,12.005,0.474,70.0
2024-05-14 19:00:00,7,986.3,63.4,0.0,22.8,3.2,0.0,0.137,70.0
2024-05-14 19:15:00,0,986.3,64.9,0.0,22.4,3.1,0.0,0.0,70.0
2024-05-14 19:30:00,0,986.3,66.0,0.0,22.0,3.0,0.0,0.0,70.0
2024-05-14 19:45:00,0,986.3,66.8,0.0,21.7,2.9,0.0,0.0,70.0
2024-05-14 20:00:00,0,986.3,67.3,0.0,21.4,2.9,0.0,0.0,70.0
2024-05-14 20:15:00,0,986.3,67.6,0.0,21.2,2.8,0.0,0.0,70.0
2024-05-14 20:30:00,0,986.3,67.6,0.0,21.0,2.7,0.0,0.0,70.0
2024-05-14 20:45:00,0,986.3,67.6,0.0,20.8,2.7,0.0,0.0,70.0
2024-05-14 21:00:00,0,986.3,67.6,0.0,20.6,2.7,0.0,0.0,70.0
2024-05-14 21:15:00,0,986.3,67.6,0.0,20.4,2.7,0.0,0.0,70.0
2024-05-14 21:30:00,0,986.3,67.7,0.0,20.3,2.7,0.0,0.0,70.0
2024-05-14 21:45:00,0,986.3,68.0,0.0,20.1,2.7,0.0,0.0,70.0
2024-05-14 22:00:00,0,986.3,68.3,0.0,20.0,2.8,0.0,0.0,70.0
2024-05-14 22:15:00,0,986.3,68.7,0.0,19.9,2.9,0.0,0.0,70.0
2024-05-14 22:30:00,0,986.3,69.1,0.0,19.8,3.0,0.0,0.0,70.0
2024-05-14 22:45:00,0,986.3,69.6,0.0,19.8,3.2,0.0,0.0,70.0
2024-05-14 23:00:00,0,986.3,70.4,0.0,19.6,3.3,0.0,0.0,70.0
2024-05-14 23:15:00,0,986.3,71.9,0.1,19.5,3.4,0.0,0.0,70.0
2024-05-14 23:30:00,0,986.3,72.1,0.0,19.5,3.6,0.0,0.0,70.0
2024-05-14 23:45:00,0,986.3,73.8,0.0,19.2,3.7,0.0,0.0,70.0
2024-05-15 00:00:00,0,986.3,67.1,0.3,18.8,4.4,0.0,0.0,70.0
2024-05-15 00:15:00,0,986.3,70.8,0.4,18.7,4.6,0.0,0.0,70.0
2024-05-15 00:30:00,0,986.2,69.9,0.5,18.3,4.7,0.0,0.0,70.0
2024-05-15 00:45:00,0,986.2,66.4,0.4,17.8,4.8,0.0,0.0,70.0
2024-05-15 01:00:00,0,986.2,64.1,0.4,17.5,4.9,0.0,0.0,70.0
2024-05-15 01:15:00,0,986.2,63.9,0.6,17.3,5.0,0.0,0.0,70.0
2024-05-15 01:30:00,0,986.2,62.8,0.3,17.1,5.2,0.0,0.0,70.0
2024-05-15 01:45:00,0,986.2,61.8,0.4,17.0,5.3,0.0,0.0,70.0
2024-05-15 02:00:00,0,986.2,61.7,0.4,16.9,5.4,0.0,0.0,70.0
2024-05-15 02:15:00,0,986.2,62.2,0.2,16.7,5.6,0.0,0.0,70.0
2024-05-15 02:30:00,0,986.2,62.4,0.2,16.6,5.6,0.0,0.0,70.0
2024-05-15 02:45:00,0,986.2,62.7,0.2,16.5,5.7,0.0,0.0,70.0
2024-05-15 03:00:00,0,986.2,63.2,0.1,16.2,5.7,0.0,0.0,70.0
2024-05-15 03:15:00,0,986.2,64.0,0.1,16.1,5.7,0.0,0.0,70.0
2024-05-15 03:30:00,0,986.2,64.4,0.1,16.0,5.6,0.0,0.0,70.0
2024-05-15 03:45:00,0,986.2,64.6,0.1,15.8,5.5,0.0,0.0,70.0
2024-05-15 04:00:00,0,986.2,64.3,0.1,15.7,5.5,0.0,0.0,70.0
2024-05-15 04:15:00,0,986.2,64.4,0.1,15.6,5.4,0.0,0.0,70.0
2024-05-15 04:30:00,0,986.2,63.9,0.1,15.4,5.4,0.0,0.0,70.0
2024-05-15 04:45:00,0,986.2,63.9,0.1,15.2,5.4,0.0,0.0,70.0
2024-05-15 05:00:00,0,986.2,66.1,0.1,14.8,5.5,0.0,0.0,70.0
2024-05-15 05:15:00,5,986.2,67.6,0.1,14.6,5.5,0.0,0.004,70.0
2024-05-15 05:30:00,32,986.2,70.1,0.0,14.6,5.5,0.0,0.028,70.0
2024-05-15 05:45:00,61,986.2,73.9,0.0,14.4,5.5,22.007,1.149,70.0
2024-05-15 06:00:00,90,986.2,74.3,0.0,14.5,5.6,20.005,0.888,70.0
2024-05-15 06:15:00,120,986.2,73.4,0.0,14.8,5.6,56.0,2.668,70.0
2024-05-15 06:30:00,151,986.2,71.7,0.0,15.3,5.7,228.006,6.586,70.0
2024-05-15 06:45:00,185,986.3,69.2,0.0,15.8,5.7,282.008,9.77,70.0
2024-05-15 07:00:00,220,986.3,67.0,0.0,16.3,5.8,333.008,13.664,70.0
2024-05-15 07:15:00,259,986.3,65.0,0.0,16.7,5.8,392.009,17.588,70.0
2024-05-15 07:30:00,301,986.3,65.5,0.0,17.1,5.9,447.005,21.866,70.0
2024-05-15 07:45:00,346,986.3,65.4,0.0,17.4,5.9,511.004,25.944,70.0
2024-05-15 08:00:00,394,986.3,65.2,0.0,17.6,6.0,559.0,29.748,70.0
2024-05-15 08:15:00,443,986.3,64.0,0.0,18.0,6.1,608.006,32.385,70.0
2024-05-15 08:30:00,493,986.3,61.8,0.0,18.4,6.2,667.007,37.712,70.0
2024-05-15 08:45:00,544,986.3,59.0,0.0,18.7,6.3,715.002,41.708,70.0
2024-05-15 09:00:00,593,986.3,55.8,0.0,19.1,6.4,762.009,44.711,70.0
2024-05-15 09:15:00,640,986.3,52.8,0.0,19.4,6.5,802.003,47.763,70.0
2024-05-15 09:30:00,684,986.3,49.8,0.0,19.7,6.5,831.007,50.462,70.0
2024-05-15 09:45:00,724,986.3,48.2,0.0,19.9,6.6,876.006,52.509,70.0
2024-05-15 10:00:00,759,986.3,47.0,0.0,20.1,6.6,916.005,54.582,70.0
2024-05-15 10:15:00,791,986.3,45.4,0.0,20.2,6.7,937.004,55.94,70.0
2024-05-15 10:30:00,819,986.3,43.8,0.0,20.4,6.6,968.007,56.792,70.0
2024-05-15 10:45:00,844,986.3,42.9,0.0,20.5,6.6,997.01,57.197,70.0
2024-05-15 11:00:00,864,986.3,43.3,0.0,20.6,6.5,1010.004,57.688,70.0
2024-05-15 11:15:00,880,986.3,43.8,0.0,20.7,6.5,1011.01,58.216,70.0
2024-05-15 11:30:00,892,986.3,43.4,0.0,20.8,6.5,1045.006,58.065,70.0
2024-05-15 11:45:00,900,986.3,41.6,0.0,20.8,6.4,1060.009,58.937,70.0
2024-05-15 12:00:00,904,986.3,40.4,0.0,20.9,6.3,1072.007,58.574,70.0
2024-05-15 12:15:00,904,986.3,37.5,0.0,21.0,6.3,1065.006,57.717,70.0
2024-05-15 12:30:00,900,986.3,35.2,0.0,21.0,6.2,1062.0,58.781,70.0
2024-05-15 12:45:00,893,986.3,34.3,0.0,21.0,6.2,1059.008,58.59,70.0
2024-05-15 13:00:00,883,986.3,32.3,0.0,21.1,6.1,1032.003,56.196,70.0
2024-05-15 13:15:00,871,986.3,32.0,0.0,21.2,6.0,1012.001,57.806,70.0
2024-05-15 13:30:00,854,986.3,32.0,0.0,21.3,5.9,992.001,51.174,70.0
2024-05-15 13:45:00,835,986.3,31.0,0.0,21.3,5.7,965.001,46.172,70.0
2024-05-15 14:00:00,811,986.3,30.7,0.0,21.3,5.6,933.003,36.65,70.0
2024-05-15 14:15:00,784,986.3,31.3,0.0,21.2,5.5,902.0,32.137,70.0
2024-05-15 14:30:00,752,986.3,31.4,0.0,21.1,5.3,863.005,32.557,70.0
2024-05-15 14:45:00,717,986.3,31.9,0.0,21.1,5.2,828.009,32.132,70.0
2024-05-15 15:00:00,678,986.3,30.8,0.0,21.2,5.0,785.003,32.438,70.0
2024-05-15 15:15:00,635,986.3,30.1,0.0,21.1,4.8,730.007,40.493,70.0
2024-05-15 15:30:00,589,986.3,28.3,0.0,21.1,4.6,693.001,37.125,70.0
2024-05-15 15:45:00,540,986.3,27.5,0.0,20.9,4.4,644.003,33.743,70.0
2024-05-15 16:00:00,487,986.3,28.7,0.0,20.8,4.3,599.001,29.878,70.0
2024-05-15 16:15:00,432,986.3,30.1,0.0,20.7,4.1,539.005,25.901,70.0
2024-05-15 16:30:00,376,986.3,31.2,0.0,20.6,3.9,484.007,21.731,70.0
2024-05-15 16:45:00,321,986.3,32.0,0.0,20.5,3.7,432.0,17.826,70.0
2024-05-15 17:00:00,269,986.3,31.6,0.0,20.3,3.5,381.009,13.898,70.0
2024-05-15 17:15:00,221,986.3,31.9,0.0,20.1,3.3,319.005,9.719,70.0
2024-05-15 17:30:00,177,986.3,33.0,0.0,19.9,3.2,258.006,6.659,70.0
2024-05-15 17:45:00,138,986.3,35.0,0.0,19.6,3.0,200.003,4.246,70.0
2024-05-15 18:00:00,104,986.3,37.9,0.0,19.2,2.9,146.001,2.736,70.0
2024-05-15 18:15:00,75,986.3,40.9,0.0,18.7,2.7,96.003,1.793,70.0
2024-05-15 18:30:00,50,986.3,42.3,0.0,18.1,2.6,44.003,1.286,70.0
2024-05-15 18:45:00,28,986.3,42.6,0.0,17.6,2.4,15.004,0.623,70.0
2024-05-15 19:00:00,9,986.3,42.8,0.0,17.3,2.3,0.0,0.153,70.0
2024-05-15 19:15:00,0,986.3,43.4,0.0,17.1,2.3,0.0,0.0,70.0
2024-05-15 19:30:00,0,986.3,44.5,0.0,17.0,2.2,0.0,0.0,70.0
2024-05-15 19:45:00,0,986.3,45.3,0.0,17.0,2.2,0.0,0.0,70.0
2024-05-15 20:00:00,0,986.3,45.3,0.0,16.9,2.2,0.0,0.0,70.0
2024-05-15 20:15:00,0,986.3,44.7,0.0,16.9,2.1,0.0,0.0,70.0
2024-05-15 20:30:00,0,986.3,44.0,0.0,16.8,2.1,0.0,0.0,70.0
2024-05-15 20:45:00,0,986.3,43.1,0.0,16.5,2.2,0.0,0.0,70.0
2024-05-15 21:00:00,0,986.3,42.0,0.0,16.3,2.2,0.0,0.0,70.0
2024-05-15 21:15:00,0,986.3,41.0,0.0,16.1,2.2,0.0,0.0,70.0
2024-05-15 21:30:00,0,986.3,40.6,0.0,15.8,2.3,0.0,0.0,70.0
2024-05-15 21:45:00,0,986.3,40.2,0.0,15.5,2.4,0.0,0.0,70.0
2024-05-15 22:00:00,0,986.2,40.3,0.0,15.2,2.4,0.0,0.0,70.0
2024-05-15 22:15:00,0,986.2,41.4,0.0,14.9,2.5,0.0,0.0,70.0
2024-05-15 22:30:00,0,986.2,43.0,0.0,14.7,2.6,0.0,0.0,70.0
2024-05-15 22:45:00,0,986.2,45.3,0.0,14.3,2.7,0.0,0.0,70.0
2024-05-15 23:00:00,0,986.2,47.0,0.0,14.0,2.8,0.0,0.0,70.0
2024-05-15 23:15:00,0,986.2,49.0,0.0,13.8,2.9,0.0,0.0,70.0
2024-05-15 23:30:00,0,986.2,51.6,0.0,13.5,3.0,0.0,0.0,70.0
2024-05-15 23:45:00,0,986.2,53.5,0.0,13.2,3.1,0.0,0.0,70.0
2024-05-16 00:00:00,0,986.2,60.2,0.0,13.2,3.2,0.0,0.0,70.0
2024-05-16 00:15:00,0,986.2,60.6,0.0,13.0,3.2,0.0,0.0,70.0
2024-05-16 00:30:00,0,986.2,61.4,0.0,12.8,3.3,0.0,0.0,70.0
2024-05-16 00:45:00,0,986.2,62.4,0.0,12.7,3.4,0.0,0.0,70.0
2024-05-16 01:00:00,0,986.2,62.7,0.0,12.6,3.4,0.0,0.0,70.0
2024-05-16 01:15:00,0,986.2,62.9,0.0,12.5,3.5,0.0,0.0,70.0
2024-05-16 01:30:00,0,986.2,63.0,0.0,12.5,3.5,0.0,0.0,70.0
2024-05-16 01:45:00,0,986.2,62.8,0.0,12.5,3.6,0.0,0.0,70.0
2024-05-16 02:00:00,0,986.2,62.0,0.0,12.6,3.6,0.0,0.0,70.0
2024-05-16 02:15:00,0,986.2,61.4,0.0,12.6,3.6,0.0,0.0,70.0
2024-05-16 02:30:00,0,986.2,61.1,0.0,12.6,3.7,0.0,0.0,70.0
2024-05-16 02:45:00,0,986.2,60.8,0.0,12.7,3.7,0.0,0.0,70.0
2024-05-16 03:00:00,0,986.2,60.5,0.0,12.8,3.8,0.0,0.0,70.0
2024-05-16 03:15:00,0,986.2,60.3,0.0,12.8,3.8,0.0,0.0,70.0
2024-05-16 03:30:00,0,986.2,60.0,0.0,12.9,3.8,0.0,0.0,70.0
2024-05-16 03:45:00,0,986.2,59.9,0.0,12.9,3.8,0.0,0.0,70.0
2024-05-16 04:00:00,0,986.2,60.0,0.0,12.9,3.8,0.0,0.0,70.0
2024-05-16 04:15:00,0,986.2,60.3,0.0,12.8,3.9,0.0,0.0,70.0
2024-05-16 04:30:00,0,986.2,60.5,0.0,12.6,3.9,0.0,0.0,70.0
2024-05-16 04:45:00,0,986.2,60.8,0.0,12.5,3.9,0.0,0.0,70.0
2024-05-16 05:00:00,0,986.2,60.9,0.0,12.4,4.0,0.0,0.0,70.0
2024-05-16 05:15:00,6,986.2,60.7,0.0,12.4,4.1,16.007,0.46,70.0
2024-05-16 05:30:00,38,986.2,60.3,0.0,12.5,4.1,40.01,1.237,70.0
2024-05-16 05:45:00,71,986.2,59.7,0.0,12.8,4.2,81.01,2.306,70.0
2024-05-16 06:00:00,104,986.2,58.8,0.0,13.2,4.2,122.004,3.165,70.0
2024-05-16 06:15:00,137,986.2,58.0,0.0,13.7,4.3,167.009,4.878,70.0
2024-05-16 06:30:00,172,986.2,57.5,0.0,14.2,4.3,225.009,7.002,70.0
2024-05-16 06:45:00,208,986.2,57.4,0.0,14.8,4.4,274.006,9.68,70.0
2024-05-16 07:00:00,246,986.2,57.0,0.0,15.5,4.4,329.002,13.017,70.0
2024-05-16 07:15:00,286,986.2,55.9,0.0,16.2,4.5,384.0,16.654,70.0
2024-05-16 07:30:00,329,986.2,53.8,0.0,16.9,4.5,435.006,20.517,70.0
2024-05-16 07:45:00,373,986.2,52.4,0.0,17.5,4.6,505.001,24.366,70.0
2024-05-16 08:00:00,419,986.2,51.0,0.0,18.1,4.6,565.006,30.078,70.0
2024-05-16 08:15:00,466,986.2,49.9,0.0,18.6,4.6,608.01,33.858,70.0
2024-05-16 08:30:00,514,986.2,48.9,0.0,19.2,4.7,659.004,37.543,70.0
2024-05-16 08:45:00,561,986.2,47.9,0.0,19.7,4.7,712.007,40.797,70.0
2024-05-16 09:00:00,606,986.2,46.7,0.0,20.1,4.8,757.009,44.256,70.0
2024-05-16 09:15:00,649,986.2,46.1,0.0,20.6,4.8,766.008,45.914,70.0
2024-05-16 09:30:00,687,986.2,45.9,0.0,21.0,4.9,803.0,47.436,70.0
2024-05-16 09:45:00,721,986.2,45.4,0.0,21.5,4.9,861.009,47.632,70.0
2024-05-16 10:00:00,750,986.2,44.6,0.0,21.9,5.0,913.0,50.347,70.0
2024-05-16 10:15:00,775,986.2,44.0,0.0,22.2,5.1,867.008,50.345,70.0
2024-05-16 10:30:00,796,986.2,43.3,0.0,22.5,5.1,702.007,40.606,70.0
2024-05-16 10:45:00,813,986.3,43.2,0.0,22.8,5.2,1007.003,56.319,70.0
2024-05-16 11:00:00,825,986.3,43.4,0.0,23.0,5.2,1035.005,56.346,70.0
2024-05-16 11:15:00,833,986.3,44.2,0.0,23.3,5.3,978.001,49.401,70.0
2024-05-16 11:30:00,837,986.3,44.4,0.0,23.6,5.3,839.003,55.153,70.0
2024-05-16 11:45:00,837,986.3,43.7,0.0,23.8,5.3,911.009,51.564,70.0
2024-05-16 12:00:00,833,986.3,43.1,0.0,24.0,5.3,892.009,48.58,70.0
2024-05-16 12:15:00,825,986.3,43.2,0.0,24.1,5.3,576.003,44.868,70.0
2024-05-16 12:30:00,814,986.3,42.8,0.0,24.2,5.3,731.007,53.435,70.0
2024-05-16 12:45:00,800,986.3,41.9,0.0,24.2,5.3,984.008,58.087,70.0
2024-05-16 13:00:00,782,986.3,41.4,0.0,24.3,5.2,758.005,44.338,70.0
2024-05-16 13:15:00,762,986.3,40.6,0.0,24.5,5.2,830.001,46.024,70.0
2024-05-16 13:30:00,738,986.3,40.3,0.0,24.5,5.2,917.001,43.686,70.0
2024-05-16 13:45:00,712,986.2,40.6,0.0,24.5,5.2,673.002,37.153,70.0
2024-05-16 14:00:00,682,986.2,40.8,0.0,24.6,5.2,674.008,38.257,70.0
2024-05-16 14:15:00,650,986.2,41.3,0.0,24.6,5.2,970.003,52.601,70.0
2024-05-16 14:30:00,615,986.2,42.2,0.0,24.4,5.1,813.002,40.223,70.0
2024-05-16 14:45:00,578,986.2,43.0,0.0,24.5,5.1,773.001,44.096,70.0
2024-05-16 15:00:00,540,986.2,43.5,0.0,24.6,5.1,392.008,34.854,70.0
2024-05-16 15:15:00,499,986.2,43.9,0.0,24.6,5.0,764.008,31.334,70.0
2024-05-16 15:30:00,457,986.2,44.4,0.0,24.4,5.0,456.001,27.94,70.0
2024-05-16 15:45:00,414,986.2,44.9,0.0,24.3,4.9,322.008,23.702,70.0
2024-05-16 16:00:00,369,986.2,45.3,0.0,24.0,4.8,545.009,23.635,70.0
2024-05-16 16:15:00,322,986.2,46.9,0.0,23.7,4.8,433.009,22.418,70.0
2024-05-16 16:30:00,277,986.2,48.5,0.0,23.8,4.7,418.003,16.442,70.0
2024-05-16 16:45:00,233,986.2,49.5,0.0,23.7,4.5,336.006,12.222,70.0
2024-05-16 17:00:00,192,986.2,50.5,0.0,23.5,4.4,168.006,6.779,70.0
2024-05-16 17:15:00,154,986.2,52.2,0.0,23.2,4.3,118.008,7.34,70.0
2024-05-16 17:30:00,121,986.2,54.6,0.0,22.8,4.2,251.005,11.98,70.0
2024-05-16 17:45:00,92,986.2,57.1,0.0,22.4,4.1,105.004,5.185,70.0
2024-05-16 18:00:00,67,986.2,59.2,0.0,21.9,4.0,59.009,3.785,70.0
2024-05-16 18:15:00,47,986.2,60.8,0.0,21.4,3.8,89.007,3.614,70.0
2024-05-16 18:30:00,31,986.2,62.2,0.0,21.0,3.7,29.006,1.547,70.0
2024-05-16 18:45:00,17,986.2,63.8,0.0,20.6,3.6,17.007,0.809,70.0
2024-05-16 19:00:00,6,986.2,65.2,0.0,20.2,3.5,8.007,0.201,70.0
2024-05-16 19:15:00,0,986.2,66.2,0.0,20.1,3.4,0.0,0.0,70.0
2024-05-16 19:30:00,0,986.2,67.2,0.0,19.8,3.3,0.0,0.0,70.0
2024-05-16 19:45:00,0,986.2,67.8,0.0,19.4,3.3,0.0,0.0,70.0
2024-05-16 20:00:00,0,986.2,68.0,0.0,19.2,3.2,0.0,0.0,70.0
2024-05-16 20:15:00,0,986.2,68.6,0.0,18.9,3.1,0.0,0.0,70.0
2024-05-16 20:30:00,0,986.2,69.6,0.0,18.6,3.0,0.0,0.0,70.0
2024-05-16 20:45:00,0,986.2,70.7,0.0,18.3,2.9,0.0,0.0,70.0
2024-05-16 21:00:00,0,986.2,72.0,0.0,18.1,2.9,0.0,0.0,70.0
2024-05-16 21:15:00,0,986.2,73.4,0.0,17.9,2.8,0.0,0.0,70.0
2024-05-16 21:30:00,0,986.2,74.4,0.0,17.7,2.8,0.0,0.0,70.0
2024-05-16 21:45:00,0,986.2,74.9,0.0,17.5,2.8,0.0,0.0,70.0
2024-05-16 22:00:00,0,986.2,75.4,0.0,17.4,2.7,0.0,0.0,70.0
2024-05-16 22:15:00,0,986.2,75.7,0.0,17.3,2.7,0.0,0.0,70.0
2024-05-16 22:30:00,0,986.2,76.1,0.0,17.2,2.7,0.0,0.0,70.0
2024-05-16 22:45:00,0,986.2,76.2,0.0,17.0,2.7,0.0,0.0,70.0
2024-05-16 23:00:00,0,986.2,76.4,0.0,16.9,2.6,0.0,0.0,70.0
2024-05-16 23:15:00,0,986.2,76.7,0.0,16.8,2.6,0.0,0.0,70.0
2024-05-16 23:30:00,0,986.2,77.1,0.0,16.7,2.6,0.0,0.0,70.0
2024-05-16 23:45:00,0,986.2,77.5,0.0,16.6,2.6,0.0,0.0,70.0
2024-05-18 00:00:00,0,986.0,94.1,0.0,21.8,2.4,0.0,0.0,70.0
2024-05-18 00:15:00,0,986.0,94.9,0.0,21.6,2.3,0.0,0.0,70.0
2024-05-18 00:30:00,0,986.0,95.2,0.0,21.4,2.3,0.0,0.0,70.0
2024-05-18 00:45:00,0,986.0,95.4,0.0,21.3,2.3,0.0,0.0,70.0
2024-05-18 01:00:00,0,986.0,95.5,0.0,21.2,2.2,0.0,0.0,70.0
2024-05-18 01:15:00,0,986.0,95.8,0.0,21.0,2.2,0.0,0.0,70.0
2024-05-18 01:30:00,0,986.0,96.0,0.0,20.9,2.1,0.0,0.0,70.0
2024-05-18 01:45:00,0,986.0,96.3,0.0,20.8,2.1,0.0,0.0,70.0
2024-05-18 02:00:00,0,986.0,96.7,0.0,20.7,2.1,0.0,0.0,70.0
2024-05-18 02:15:00,0,986.0,97.1,0.0,20.6,2.0,0.0,0.0,70.0
2024-05-18 02:30:00,0,986.0,97.5,0.0,20.5,2.0,0.0,0.0,70.0
2024-05-18 02:45:00,0,986.0,97.9,0.0,20.4,2.0,0.0,0.0,70.0
2024-05-18 03:00:00,0,986.0,98.3,0.0,20.3,1.9,0.0,0.0,70.0
2024-05-18 03:15:00,0,986.0,98.6,0.0,20.2,1.9,0.0,0.0,70.0
2024-05-18 03:30:00,0,986.0,98.9,0.0,20.1,1.9,0.0,0.0,70.0
2024-05-18 03:45:00,0,986.0,99.1,0.0,20.0,1.9,0.0,0.0,70.0
2024-05-18 04:00:00,0,986.0,99.3,0.0,19.9,1.8,0.0,0.0,70.0
2024-05-18 04:15:00,0,986.0,99.3,0.0,19.8,1.8,0.0,0.0,70.0
2024-05-18 04:30:00,0,986.0,99.4,0.0,19.7,1.9,0.0,0.0,70.0
2024-05-18 04:45:00,0,986.0,99.3,0.0,19.6,1.9,0.0,0.0,70.0
2024-05-18 05:00:00,0,986.0,99.3,0.0,19.6,1.9,0.0,0.0,70.0
2024-05-18 05:15:00,8,985.9,99.2,0.0,19.5,1.9,10.002,0.403,70.0
2024-05-18 05:30:00,37,986.0,99.2,0.0,19.4,2.0,23.006,0.778,70.0
2024-05-18 05:45:00,66,986.0,99.1,0.0,19.4,2.0,49.005,2.209,70.0
2024-05-18 06:00:00,96,986.0,99.0,0.0,19.5,2.1,84.004,3.466,70.0
2024-05-18 06:15:00,126,986.0,98.8,0.0,19.5,2.1,118.009,4.57,70.0
2024-05-18 06:30:00,157,986.0,98.4,0.0,19.7,2.2,158.006,6.548,70.0
2024-05-18 06:45:00,190,986.0,97.5,0.0,20.0,2.3,207.01,8.983,70.0
2024-05-18 07:00:00,224,986.0,95.9,0.0,20.3,2.3,252.005,11.482,70.0
2024-05-18 07:15:00,260,986.0,93.5,0.0,20.8,2.4,300.007,14.349,70.0
2024-05-18 07:30:00,299,986.0,91.7,0.0,21.2,2.5,347.009,17.65,70.0
2024-05-18 07:45:00,339,986.0,90.8,0.0,21.6,2.6,398.002,20.584,70.0
2024-05-18 08:00:00,381,986.0,89.2,0.0,22.1,2.6,430.002,23.748,70.0
2024-05-18 08:15:00,423,986.0,86.0,0.0,22.9,2.7,486.002,25.108,70.0
2024-05-18 08:30:00,466,986.0,82.2,0.0,23.6,2.8,215.001,26.15,70.0
2024-05-18 08:45:00,509,986.0,78.8,0.0,24.3,2.9,570.002,31.358,70.0
2024-05-18 09:00:00,549,986.0,76.3,0.0,24.8,3.0,520.001,35.895,70.0
2024-05-18 09:15:00,587,986.0,74.8,0.0,25.4,3.1,638.004,36.945,70.0
2024-05-18 09:30:00,622,986.0,73.8,0.0,25.9,3.3,322.001,32.227,70.0
2024-05-18 09:45:00,651,986.0,72.5,0.0,26.5,3.4,740.001,41.245,70.0
2024-05-18 10:00:00,677,986.0,70.5,0.0,27.0,3.5,772.003,44.773,70.0
2024-05-18 10:15:00,699,986.0,69.0,0.0,27.5,3.6,787.008,46.992,70.0
2024-05-18 10:30:00,717,986.1,67.9,0.0,27.9,3.7,848.008,28.201,70.0
2024-05-18 10:45:00,730,986.1,66.8,0.0,28.4,3.8,536.01,44.211,70.0
2024-05-18 11:00:00,740,986.1,65.4,0.0,28.8,3.9,880.001,47.77,70.0
2024-05-18 11:15:00,746,986.1,64.1,0.0,29.1,4.0,889.008,51.551,70.0
2024-05-18 11:30:00,748,986.1,62.7,0.0,29.5,4.0,885.004,48.654,70.0
2024-05-18 11:45:00,746,986.1,61.1,0.0,29.8,4.1,946.005,21.022,70.0
2024-05-18 12:00:00,741,986.1,59.9,0.0,30.0,4.2,860.009,51.597,70.0
2024-05-18 12:15:00,733,986.1,59.3,0.0,30.2,4.2,974.007,44.946,70.0
2024-05-18 12:30:00,722,986.1,58.8,0.0,30.4,4.3,345.004,46.8,70.0
2024-05-18 12:45:00,708,986.1,57.8,0.0,30.5,4.4,883.004,44.774,70.0
2024-05-18 13:00:00,692,986.1,56.8,0.0,30.6,4.4,889.0,39.9,70.0
2024-05-18 13:15:00,672,986.1,56.4,0.0,30.7,4.5,866.0,46.796,70.0
2024-05-18 13:30:00,650,986.1,55.9,0.0,30.8,4.5,875.008,35.824,70.0
2024-05-18 13:45:00,625,986.1,55.2,0.0,30.9,4.6,853.006,29.167,70.0
2024-05-18 14:00:00,598,986.1,55.3,0.0,30.9,4.6,213.002,10.444,70.0
2024-05-18 14:15:00,569,986.1,55.9,0.0,30.9,4.7,319.002,35.156,70.0
2024-05-18 14:30:00,537,986.1,56.3,0.0,30.9,4.7,801.002,41.508,70.0
2024-05-18 14:45:00,505,986.1,56.9,0.1,30.8,4.6,693.003,35.371,70.0
2024-05-18 15:00:00,470,986.1,57.7,0.0,30.8,4.6,669.003,34.218,70.0
2024-05-18 15:15:00,435,986.1,58.7,0.2,30.4,4.6,600.009,31.985,70.0
2024-05-18 15:30:00,398,986.1,58.4,0.0,30.5,4.6,597.009,31.388,70.0
2024-05-18 15:45:00,361,986.1,58.1,0.2,30.3,4.5,521.005,27.279,70.0
2024-05-18 16:00:00,322,986.1,58.1,0.0,30.3,4.5,565.006,27.526,70.0
2024-05-18 16:15:00,283,986.1,57.9,0.0,30.1,4.5,485.004,21.679,70.0
2024-05-18 16:30:00,244,986.1,58.7,0.0,30.0,4.4,385.001,17.874,70.0
2024-05-18 16:45:00,207,986.1,61.8,0.0,29.6,4.3,334.0,14.72,70.0
2024-05-18 17:00:00,172,986.1,63.1,0.0,29.3,4.2,247.0,11.131,70.0
2024-05-18 17:15:00,140,986.1,64.2,0.0,29.0,4.1,46.0,1.798,70.0
2024-05-18 17:30:00,111,986.1,66.0,0.0,28.6,4.1,203.009,8.268,70.0
2024-05-18 17:45:00,86,986.1,69.5,0.0,28.3,3.9,145.005,6.418,70.0
2024-05-18 18:00:00,64,986.1,73.6,0.0,27.7,3.8,39.0,2.286,70.0
2024-05-18 18:15:00,46,986.1,76.2,0.0,27.2,3.7,26.008,0.843,70.0
2024-05-18 18:30:00,31,986.1,77.3,0.0,26.6,3.6,20.007,0.896,70.0
2024-05-18 18:45:00,18,986.0,78.7,0.0,25.9,3.4,0.0,0.253,70.0
2024-05-18 19:00:00,7,986.0,80.7,0.0,25.4,3.3,0.0,0.1,70.0
2024-05-18 19:15:00,0,986.0,82.2,0.0,24.9,3.2,0.0,0.0,70.0
2024-05-18 19:30:00,0,986.0,83.7,0.0,24.5,3.0,0.0,0.0,70.0
2024-05-18 19:45:00,0,986.0,85.0,0.0,24.1,2.9,0.0,0.0,70.0
2024-05-18 20:00:00,0,986.0,86.1,0.0,23.7,2.8,0.0,0.0,70.0
2024-05-18 20:15:00,0,986.0,86.9,0.0,23.4,2.7,0.0,0.0,70.0
2024-05-18 20:30:00,0,986.0,87.3,0.0,23.0,2.6,0.0,0.0,70.0
2024-05-18 20:45:00,0,986.0,87.5,0.0,22.7,2.4,0.0,0.0,70.0
2024-05-18 21:00:00,0,986.0,87.8,0.0,22.4,2.3,0.0,0.0,70.0
2024-05-18 21:15:00,0,986.0,88.3,0.0,22.1,2.2,0.0,0.0,70.0
2024-05-18 21:30:00,0,986.0,88.7,0.0,21.8,2.1,0.0,0.0,70.0
2024-05-18 21:45:00,0,986.0,88.9,0.0,21.6,2.0,0.0,0.0,70.0
2024-05-18 22:00:00,0,986.0,88.9,0.0,21.5,1.9,0.0,0.0,70.0
2024-05-18 22:15:00,0,986.0,88.9,0.0,21.4,1.8,0.0,0.0,70.0
2024-05-18 22:30:00,0,986.0,88.9,0.0,21.2,1.7,0.0,0.0,70.0
2024-05-18 22:45:00,0,986.0,88.9,0.0,21.0,1.6,0.0,0.0,70.0
2024-05-18 23:00:00,0,986.0,88.9,0.0,20.9,1.6,0.0,0.0,70.0
2024-05-18 23:15:00,0,986.0,89.0,0.0,20.7,1.5,0.0,0.0,70.0
2024-05-18 23:30:00,0,986.0,89.2,0.0,20.6,1.4,0.0,0.0,70.0
2024-05-18 23:45:00,0,986.0,89.3,0.0,20.4,1.4,0.0,0.0,70.0
2024-05-19 00:00:00,0,985.8,94.1,0.0,21.8,1.6,0.0,0.0,70.0
2024-05-19 00:15:00,0,985.8,94.2,0.0,21.6,1.6,0.0,0.0,70.0
2024-05-19 00:30:00,0,985.8,94.3,0.0,21.5,1.6,0.0,0.0,70.0
2024-05-19 00:45:00,0,985.8,94.3,0.0,21.3,1.6,0.0,0.0,70.0
2024-05-19 01:00:00,0,985.8,94.2,0.0,21.2,1.6,0.0,0.0,70.0
2024-05-19 01:15:00,0,985.8,94.2,0.0,21.1,1.5,0.0,0.0,70.0
2024-05-19 01:30:00,0,985.8,94.2,0.0,21.0,1.5,0.0,0.0,70.0
2024-05-19 01:45:00,0,985.8,94.1,0.0,20.9,1.5,0.0,0.0,70.0
2024-05-19 02:00:00,0,985.8,94.1,0.0,20.8,1.5,0.0,0.0,70.0
2024-05-19 02:15:00,0,985.8,94.0,0.0,20.8,1.5,0.0,0.0,70.0
2024-05-19 02:30:00,0,985.8,94.0,0.0,20.7,1.6,0.0,0.0,70.0
2024-05-19 02:45:00,0,985.8,94.1,0.0,20.6,1.6,0.0,0.0,70.0
2024-05-19 03:00:00,0,985.8,94.3,0.0,20.5,1.6,0.0,0.0,70.0
2024-05-19 03:15:00,0,985.8,94.4,0.0,20.5,1.6,0.0,0.0,70.0
2024-05-19 03:30:00,0,985.8,94.6,0.0,20.4,1.6,0.0,0.0,70.0
2024-05-19 03:45:00,0,985.8,94.7,0.0,20.3,1.7,0.0,0.0,70.0
2024-05-19 04:00:00,0,985.8,94.8,0.0,20.3,1.7,0.0,0.0,70.0
2024-05-19 04:15:00,0,985.8,94.9,0.0,20.2,1.8,0.0,0.0,70.0
2024-05-19 04:30:00,0,985.8,95.1,0.0,20.1,1.8,0.0,0.0,70.0
2024-05-19 04:45:00,0,985.8,95.2,0.0,20.0,1.9,0.0,0.0,70.0
2024-05-19 05:00:00,0,985.8,95.4,0.0,20.0,2.0,0.0,0.0,70.0
2024-05-19 05:15:00,8,985.8,95.6,0.0,19.9,2.0,8.009,0.384,70.0
2024-05-19 05:30:00,33,985.8,95.7,0.0,19.8,2.1,27.001,1.208,70.0
2024-05-19 05:45:00,57,985.8,95.8,0.0,19.8,2.2,56.005,2.732,70.0
2024-05-19 06:00:00,82,985.8,95.8,0.0,19.8,2.3,81.0,3.828,70.0
2024-05-19 06:15:00,109,985.8,95.5,0.0,19.9,2.3,115.004,5.455,70.0
2024-05-19 06:30:00,136,985.8,95.0,0.0,20.0,2.4,154.008,7.07,70.0
2024-05-19 06:45:00,165,985.8,94.0,0.0,20.2,2.5,189.006,9.118,70.0
2024-05-19 07:00:00,197,985.8,93.1,0.0,20.4,2.6,249.008,12.572,70.0
2024-05-19 07:15:00,231,985.8,92.3,0.0,20.6,2.7,301.001,15.24,70.0
2024-05-19 07:30:00,269,985.8,91.4,0.0,20.8,2.7,331.002,17.629,70.0
2024-05-19 07:45:00,309,985.8,90.7,0.0,21.1,2.8,370.005,22.438,70.0
2024-05-19 08:00:00,352,985.8,90.2,0.0,21.3,2.9,450.006,25.187,70.0
2024-05-19 08:15:00,396,985.8,89.5,0.0,21.6,2.9,480.009,27.011,70.0
2024-05-19 08:30:00,442,985.8,88.6,0.0,21.8,3.0,487.003,28.49,70.0
2024-05-19 08:45:00,488,985.8,87.6,0.0,22.1,3.1,511.006,27.756,70.0
2024-05-19 09:00:00,533,985.8,86.2,0.0,22.4,3.2,512.004,30.241,70.0
2024-05-19 09:15:00,575,985.8,84.6,0.0,22.9,3.2,468.0,29.701,70.0
2024-05-19 09:30:00,615,985.9,82.6,0.0,23.4,3.3,396.008,36.507,70.0
2024-05-19 09:45:00,650,985.9,80.4,0.0,24.0,3.4,438.0,41.549,70.0
2024-05-19 10:00:00,682,985.9,78.4,0.0,24.4,3.5,575.0,36.704,70.0
2024-05-19 10:15:00,711,985.9,76.8,0.0,24.9,3.5,711.007,43.86,70.0
2024-05-19 10:30:00,736,985.9,75.2,0.0,25.3,3.6,725.005,45.432,70.0
2024-05-19 10:45:00,758,985.9,73.4,0.0,25.8,3.6,622.009,43.743,70.0
2024-05-19 11:00:00,775,985.9,71.8,0.0,26.2,3.7,892.005,49.234,70.0
2024-05-19 11:15:00,789,985.9,70.9,0.0,26.5,3.8,911.007,50.724,70.0
2024-05-19 11:30:00,799,985.9,70.6,0.0,26.8,3.8,930.002,52.335,70.0
2024-05-19 11:45:00,805,985.9,69.7,0.0,27.0,3.8,592.006,42.786,70.0
2024-05-19 12:00:00,807,985.9,68.3,0.0,27.3,3.9,600.005,50.814,70.0
2024-05-19 12:15:00,806,985.9,67.4,0.0,27.6,3.9,915.003,51.399,70.0
2024-05-19 12:30:00,800,985.9,66.6,0.0,27.8,4.0,789.009,51.621,70.0
2024-05-19 12:45:00,791,985.9,65.4,0.0,28.1,4.0,881.008,50.309,70.0
2024-05-19 13:00:00,778,985.9,64.4,0.0,28.3,4.0,869.005,50.177,70.0
2024-05-19 13:15:00,762,985.9,63.6,0.0,28.4,4.1,872.006,49.537,70.0
2024-05-19 13:30:00,742,985.9,62.4,0.0,28.5,4.1,871.002,47.403,70.0
2024-05-19 13:45:00,718,985.9,61.7,0.0,28.6,4.1,837.008,46.981,70.0
2024-05-19 14:00:00,692,985.9,60.8,0.0,28.7,4.1,793.008,44.662,70.0
2024-05-19 14:15:00,662,985.9,59.9,0.0,28.7,4.2,751.004,42.881,70.0
2024-05-19 14:30:00,630,985.9,58.5,0.0,28.8,4.2,678.007,40.398,70.0
2024-05-19 14:45:00,595,985.9,57.1,0.0,28.8,4.2,660.009,35.535,70.0
2024-05-19 15:00:00,559,985.9,56.3,0.0,28.8,4.2,539.002,35.842,70.0
2024-05-19 15:15:00,520,985.9,55.7,0.0,28.7,4.1,619.008,35.659,70.0
2024-05-19 15:30:00,480,985.9,55.5,0.0,28.6,4.1,572.006,26.477,70.0
2024-05-19 15:45:00,438,985.9,56.2,0.0,28.5,4.0,494.0,26.112,70.0
2024-05-19 16:00:00,394,985.9,57.2,0.0,28.3,3.9,519.005,23.525,70.0
2024-05-19 16:15:00,349,985.9,57.9,0.0,28.2,3.9,408.004,20.618,70.0
2024-05-19 16:30:00,304,985.9,59.3,0.0,27.9,3.8,383.009,18.752,70.0
2024-05-19 16:45:00,260,985.9,61.3,0.0,27.7,3.8,341.001,12.911,70.0
2024-05-19 17:00:00,219,985.9,62.8,0.0,27.5,3.7,297.0,13.143,70.0
2024-05-19 17:15:00,180,985.9,63.6,0.0,27.2,3.6,263.005,9.454,70.0
2024-05-19 17:30:00,145,985.9,64.0,0.0,27.0,3.6,200.006,7.866,70.0
2024-05-19 17:45:00,114,985.9,65.0,0.0,26.6,3.5,158.007,6.513,70.0
2024-05-19 18:00:00,87,985.9,67.8,0.0,26.2,3.4,83.004,3.791,70.0
2024-05-19 18:15:00,63,985.9,70.5,0.0,25.6,3.3,52.006,2.533,70.0
2024-05-19 18:30:00,43,985.9,72.8,0.0,25.1,3.2,20.001,0.955,70.0
2024-05-19 18:45:00,26,985.9,75.9,0.0,24.6,3.1,12.003,0.579,70.0
2024-05-19 19:00:00,10,985.9,79.1,0.0,24.0,2.9,0.0,0.141,70.0
2024-05-19 19:15:00,0,985.9,81.7,0.0,23.6,2.8,0.0,0.0,70.0
2024-05-19 19:30:00,0,985.9,83.7,0.0,23.1,2.7,0.0,0.0,70.0
2024-05-19 19:45:00,0,985.9,85.1,0.0,22.7,2.6,0.0,0.0,70.0
2024-05-19 20:00:00,0,985.9,86.4,0.0,22.3,2.5,0.0,0.0,70.0
2024-05-19 20:15:00,0,985.9,87.6,0.0,22.0,2.4,0.0,0.0,70.0
2024-05-19 20:30:00,0,985.9,88.9,0.0,21.6,2.3,0.0,0.0,70.0
2024-05-19 20:45:00,0,985.8,90.3,0.0,21.3,2.2,0.0,0.0,70.0
2024-05-19 21:00:00,0,985.8,91.7,0.0,21.0,2.1,0.0,0.0,70.0
2024-05-19 21:15:00,0,985.8,92.7,0.0,20.7,2.1,0.0,0.0,70.0
2024-05-19 21:30:00,0,985.8,93.4,0.0,20.4,2.0,0.0,0.0,70.0
2024-05-19 21:45:00,0,985.8,93.8,0.0,20.2,1.9,0.0,0.0,70.0
2024-05-19 22:00:00,0,985.8,94.0,0.0,20.0,1.8,0.0,0.0,70.0
2024-05-19 22:15:00,0,985.8,94.0,0.0,19.8,1.7,0.0,0.0,70.0
2024-05-19 22:30:00,0,985.8,94.0,0.0,19.7,1.6,0.0,0.0,70.0
2024-05-19 22:45:00,0,985.8,94.0,0.0,19.6,1.5,0.0,0.0,70.0
2024-05-19 23:00:00,0,985.8,94.0,0.0,19.4,1.4,0.0,0.0,70.0
2024-05-19 23:15:00,0,985.8,94.1,0.0,19.3,1.4,0.0,0.0,70.0
2024-05-19 23:30:00,0,985.8,94.1,0.0,19.2,1.3,0.0,0.0,70.0
2024-05-19 23:45:00,0,985.8,94.3,0.0,19.1,1.2,0.0,0.0,70.0
2024-05-20 00:00:00,0,985.8,90.6,0.0,19.4,1.4,0.0,0.0,70.0
2024-05-20 00:15:00,0,985.8,91.5,0.0,19.3,1.4,0.0,0.0,70.0
2024-05-20 00:30:00,0,985.8,91.9,0.0,19.2,1.4,0.0,0.0,70.0
2024-05-20 00:45:00,0,985.8,92.0,0.0,19.1,1.4,0.0,0.0,70.0
2024-05-20 01:00:00,0,985.8,92.2,0.0,19.0,1.5,0.0,0.0,70.0
2024-05-20 01:15:00,0,985.8,92.8,0.0,18.9,1.5,0.0,0.0,70.0
2024-05-20 01:30:00,0,985.8,93.5,0.0,18.7,1.5,0.0,0.0,70.0
2024-05-20 01:45:00,0,985.8,93.9,0.0,18.6,1.5,0.0,0.0,70.0
2024-05-20 02:00:00,0,985.8,94.0,0.0,18.6,1.5,0.0,0.0,70.0
2024-05-20 02:15:00,0,985.8,93.9,0.0,18.5,1.5,0.0,0.0,70.0
2024-05-20 02:30:00,0,985.8,93.8,0.0,18.4,1.6,0.0,0.0,70.0
2024-05-20 02:45:00,0,985.8,93.9,0.0,18.3,1.6,0.0,0.0,70.0
2024-05-20 03:00:00,0,985.8,94.3,0.0,18.2,1.6,0.0,0.0,70.0
2024-05-20 03:15:00,0,985.8,95.0,0.0,18.1,1.7,0.0,0.0,70.0
2024-05-20 03:30:00,0,985.8,95.3,0.0,18.0,1.7,0.0,0.0,70.0
2024-05-20 03:45:00,0,985.8,95.4,0.0,17.8,1.8,0.0,0.0,70.0
2024-05-20 04:00:00,0,985.8,95.3,0.0,17.7,1.9,0.0,0.0,70.0
2024-05-20 04:15:00,0,985.8,95.4,0.0,17.6,1.9,0.0,0.0,70.0
2024-05-20 04:30:00,0,985.8,95.4,0.0,17.6,2.0,0.0,0.0,70.0
2024-05-20 04:45:00,0,985.8,95.8,0.0,17.5,2.0,0.0,0.0,70.0
2024-05-20 05:00:00,0,985.8,96.5,0.0,17.4,2.1,0.0,0.0,70.0
2024-05-20 05:15:00,10,985.8,97.3,0.0,17.3,2.2,0.0,0.184,70.0
2024-05-20 05:30:00,38,985.8,98.0,0.0,17.3,2.3,20.009,0.503,70.0
2024-05-20 05:45:00,65,985.8,98.4,0.0,17.5,2.4,33.009,1.567,70.0
2024-05-20 06:00:00,93,985.8,98.2,0.0,17.7,2.4,65.003,2.951,70.0
2024-05-20 06:15:00,122,985.8,97.8,0.0,17.9,2.5,91.007,4.24,70.0
2024-05-20 06:30:00,152,985.8,97.0,0.0,17.9,2.6,114.004,5.891,70.0
2024-05-20 06:45:00,183,985.8,96.3,0.0,18.0,2.7,149.0,7.714,70.0
2024-05-20 07:00:00,216,985.8,95.3,0.0,18.3,2.8,185.004,10.282,70.0
2024-05-20 07:15:00,251,985.8,94.1,0.0,18.7,2.8,246.001,15.151,70.0
2024-05-20 07:30:00,288,985.8,92.6,0.0,19.0,2.9,393.009,18.32,70.0
2024-05-20 07:45:00,327,985.8,90.4,0.0,19.5,3.0,436.005,22.714,70.0
2024-05-20 08:00:00,368,985.8,87.8,0.0,20.0,3.1,477.004,24.672,70.0
2024-05-20 08:15:00,409,985.8,85.7,0.0,20.4,3.2,513.002,28.759,70.0
2024-05-20 08:30:00,452,985.9,83.5,0.0,21.0,3.3,607.006,31.947,70.0
2024-05-20 08:45:00,494,985.9,81.0,0.0,21.5,3.3,412.002,27.476,70.0
2024-05-20 09:00:00,536,985.9,78.7,0.0,22.0,3.4,480.001,26.86,70.0
2024-05-20 09:15:00,575,985.9,76.7,0.0,22.4,3.5,238.009,20.521,70.0
2024-05-20 09:30:00,613,985.9,75.0,0.0,22.9,3.5,314.009,11.972,70.0
2024-05-20 09:45:00,647,985.9,73.6,0.0,23.3,3.6,224.007,12.836,70.0
2024-05-20 10:00:00,678,985.9,72.7,0.0,23.6,3.7,624.01,11.195,70.0
2024-05-20 10:15:00,707,985.9,71.6,0.0,23.9,3.7,570.004,42.279,70.0
2024-05-20 10:30:00,734,985.9,71.1,0.0,24.1,3.8,903.01,40.685,70.0
2024-05-20 10:45:00,758,985.9,70.4,0.0,24.3,3.8,946.005,51.217,70.0
2024-05-20 11:00:00,778,985.9,69.6,0.0,24.6,3.9,909.008,47.371,70.0
2024-05-20 11:15:00,795,985.9,68.9,0.0,24.8,3.9,930.004,52.99,70.0
2024-05-20 11:30:00,809,985.9,68.3,0.0,25.0,3.9,955.003,52.743,70.0
2024-05-20 11:45:00,819,985.9,68.5,0.0,25.1,3.9,882.001,53.784,70.0
2024-05-20 12:00:00,824,985.9,68.2,0.0,25.2,3.9,958.004,52.336,70.0
2024-05-20 12:15:00,826,985.9,67.1,0.0,25.4,3.9,939.0,53.749,70.0
2024-05-20 12:30:00,824,985.9,65.8,0.0,25.6,3.9,968.004,52.896,70.0
2024-05-20 12:45:00,818,985.9,64.9,0.0,25.8,3.9,918.009,52.894,70.0
2024-05-20 13:00:00,808,985.9,63.8,0.0,25.9,3.9,926.01,52.428,70.0
2024-05-20 13:15:00,796,985.9,63.2,0.0,26.0,3.8,896.005,49.904,70.0
2024-05-20 13:30:00,779,985.9,62.9,0.0,26.2,3.8,863.001,49.723,70.0
2024-05-20 13:45:00,760,985.9,62.7,0.0,26.3,3.8,859.01,47.854,70.0
2024-05-20 14:00:00,737,985.9,61.1,0.0,26.4,3.7,820.0,46.305,70.0
2024-05-20 14:15:00,710,985.9,60.9,0.0,26.4,3.7,778.009,44.276,70.0
2024-05-20 14:30:00,680,985.9,61.2,0.0,26.3,3.6,746.005,41.478,70.0
2024-05-20 14:45:00,647,985.9,61.2,0.0,26.4,3.5,707.007,38.603,70.0
2024-05-20 15:00:00,610,985.9,61.0,0.0,26.3,3.5,671.002,36.718,70.0
2024-05-20 15:15:00,571,985.9,60.4,0.0,26.3,3.4,629.008,33.675,70.0
2024-05-20 15:30:00,530,985.9,59.9,0.0,26.3,3.3,591.008,30.926,70.0
2024-05-20 15:45:00,486,985.9,59.4,0.0,26.3,3.2,522.003,27.522,70.0
2024-05-20 16:00:00,438,985.9,58.8,0.0,26.2,3.1,508.006,25.195,70.0
2024-05-20 16:15:00,389,985.9,58.4,0.0,26.1,3.1,453.002,21.81,70.0
2024-05-20 16:30:00,340,985.9,58.3,0.0,26.0,3.0,393.001,18.506,70.0
2024-05-20 16:45:00,292,985.9,58.7,0.0,25.9,2.9,344.007,15.304,70.0
2024-05-20 17:00:00,246,985.9,59.7,0.0,25.7,2.8,294.005,12.169,70.0
2024-05-20 17:15:00,203,985.9,61.0,0.0,25.5,2.7,250.005,9.46,70.0
2024-05-20 17:30:00,164,985.9,62.6,0.0,25.3,2.7,200.005,7.093,70.0
2024-05-20 17:45:00,129,985.9,64.4,0.0,25.0,2.6,152.003,5.504,70.0
2024-05-20 18:00:00,98,985.9,66.5,0.0,24.7,2.5,111.002,4.102,70.0
2024-05-20 18:15:00,72,985.9,68.4,0.0,24.3,2.5,71.009,2.862,70.0
2024-05-20 18:30:00,49,985.9,70.4,0.0,24.0,2.4,44.005,1.817,70.0
2024-05-20 18:45:00,30,985.9,72.4,0.0,23.6,2.3,21.001,0.854,70.0
2024-05-20 19:00:00,12,985.9,73.7,0.0,23.2,2.3,0.0,0.162,70.0
2024-05-20 19:15:00,0,985.9,74.6,0.0,23.0,2.2,0.0,0.0,70.0
2024-05-20 19:30:00,0,985.9,76.0,0.0,22.8,2.1,0.0,0.0,70.0
2024-05-20 19:45:00,0,985.9,78.3,0.0,22.5,2.1,0.0,0.0,70.0
2024-05-20 20:00:00,0,985.9,80.7,0.0,22.3,2.0,0.0,0.0,70.0
2024-05-20 20:15:00,0,985.9,82.6,0.0,22.1,2.0,0.0,0.0,70.0
2024-05-20 20:30:00,0,985.9,83.9,0.0,21.9,1.9,0.0,0.0,70.0
2024-05-20 20:45:00,0,985.9,84.4,0.0,21.7,1.9,0.0,0.0,70.0
2024-05-20 21:00:00,0,985.9,84.1,0.0,21.5,1.8,0.0,0.0,70.0
2024-05-20 21:15:00,0,985.9,83.9,0.0,21.2,1.8,0.0,0.0,70.0
2024-05-20 21:30:00,0,985.9,84.0,0.0,21.0,1.8,0.0,0.0,70.0
2024-05-20 21:45:00,0,985.9,84.3,0.0,20.9,1.7,0.0,0.0,70.0
2024-05-20 22:00:00,0,985.9,84.9,0.0,20.8,1.7,0.0,0.0,70.0
2024-05-20 22:15:00,0,985.9,85.4,0.0,20.7,1.7,0.0,0.0,70.0
2024-05-20 22:30:00,0,985.9,86.2,0.0,20.5,1.6,0.0,0.0,70.0
2024-05-20 22:45:00,0,985.9,87.1,0.0,20.3,1.6,0.0,0.0,70.0
2024-05-20 23:00:00,0,985.9,88.3,0.0,20.2,1.6,0.0,0.0,70.0
2024-05-20 23:15:00,0,985.9,90.0,0.0,20.0,1.6,0.0,0.0,70.0
2024-05-20 23:30:00,0,985.9,91.8,0.0,19.7,1.5,0.0,0.0,70.0
2024-05-20 23:45:00,0,985.9,92.9,0.0,19.5,1.5,0.0,0.0,70.0
2024-05-21 00:00:00,0,985.8,86.6,0.0,18.4,1.6,0.0,0.0,70.0
2024-05-21 00:15:00,0,985.8,86.5,0.0,18.3,1.5,0.0,0.0,70.0
2024-05-21 00:30:00,0,985.8,86.4,0.0,18.2,1.5,0.0,0.0,70.0
2024-05-21 00:45:00,0,985.8,86.2,0.0,18.1,1.4,0.0,0.0,70.0
2024-05-21 01:00:00,0,985.8,86.0,0.0,18.0,1.4,0.0,0.0,70.0
2024-05-21 01:15:00,0,985.8,85.9,0.0,17.9,1.3,0.0,0.0,70.0
2024-05-21 01:30:00,0,985.8,85.8,0.0,17.8,1.3,0.0,0.0,70.0
2024-05-21 01:45:00,0,985.8,85.8,0.0,17.8,1.3,0.0,0.0,70.0
2024-05-21 02:00:00,0,985.8,85.9,0.0,17.7,1.3,0.0,0.0,70.0
2024-05-21 02:15:00,0,985.8,85.8,0.0,17.6,1.2,0.0,0.0,70.0
2024-05-21 02:30:00,0,985.8,85.6,0.0,17.5,1.2,0.0,0.0,70.0
2024-05-21 02:45:00,0,985.8,85.8,0.0,17.4,1.2,0.0,0.0,70.0
2024-05-21 03:00:00,0,985.8,85.9,0.0,17.3,1.2,0.0,0.0,70.0
2024-05-21 03:15:00,0,985.8,86.1,0.0,17.2,1.2,0.0,0.0,70.0
2024-05-21 03:30:00,0,985.8,86.3,0.0,17.1,1.2,0.0,0.0,70.0
2024-05-21 03:45:00,0,985.8,86.6,0.0,17.0,1.1,0.0,0.0,70.0
2024-05-21 04:00:00,0,985.8,87.0,0.0,16.9,1.1,0.0,0.0,70.0
2024-05-21 04:15:00,0,985.8,87.4,0.0,16.8,1.1,0.0,0.0,70.0
2024-05-21 04:30:00,0,985.8,87.8,0.0,16.7,1.1,0.0,0.0,70.0
2024-05-21 04:45:00,0,985.8,88.2,0.0,16.6,1.1,0.0,0.0,70.0
2024-05-21 05:00:00,0,985.8,88.5,0.0,16.6,1.1,0.0,0.0,70.0
2024-05-21 05:15:00,6,985.8,88.9,0.0,16.5,1.1,7.007,0.32,70.0
2024-05-21 05:30:00,21,985.8,89.2,0.0,16.4,1.1,19.004,0.844,70.0
2024-05-21 05:45:00,35,985.8,89.4,0.0,16.4,1.1,21.008,1.1,70.0
2024-05-21 06:00:00,51,985.8,89.6,0.0,16.6,1.2,28.01,1.802,70.0
2024-05-21 06:15:00,67,985.8,89.7,0.0,16.8,1.2,36.007,2.214,70.0
2024-05-21 06:30:00,86,985.8,89.6,0.0,17.1,1.2,49.002,2.773,70.0
2024-05-21 06:45:00,108,985.8,89.1,0.0,17.4,1.2,81.003,3.852,70.0
2024-05-21 07:00:00,134,985.8,88.9,0.0,17.7,1.3,90.006,4.787,70.0
2024-05-21 07:15:00,166,985.8,87.9,0.0,18.1,1.3,98.009,6.087,70.0
2024-05-21 07:30:00,202,985.8,87.5,0.0,18.4,1.3,108.009,7.057,70.0
2024-05-21 07:45:00,244,985.8,87.2,0.0,18.7,1.4,128.005,7.543,70.0
2024-05-21 08:00:00,290,985.8,85.7,0.0,19.0,1.4,127.002,8.811,70.0
2024-05-21 08:15:00,339,985.9,84.3,0.0,19.4,1.5,179.005,10.511,70.0
2024-05-21 08:30:00,391,985.9,83.9,0.0,19.7,1.5,177.002,10.854,70.0
2024-05-21 08:45:00,445,985.9,83.3,0.0,20.0,1.6,209.009,11.728,70.0
2024-05-21 09:00:00,499,985.9,82.1,0.0,20.3,1.6,262.002,16.094,70.0
2024-05-21 09:15:00,550,985.9,80.6,0.0,20.7,1.7,309.008,19.247,70.0
2024-05-21 09:30:00,598,985.9,79.0,0.0,21.1,1.8,421.007,26.198,70.0
2024-05-21 09:45:00,640,985.9,77.2,0.0,21.6,1.8,503.01,32.972,70.0
2024-05-21 10:00:00,679,985.9,76.6,0.0,22.0,1.9,537.008,42.9,70.0
2024-05-21 10:15:00,714,985.9,76.0,0.0,22.4,2.0,566.004,43.311,70.0
2024-05-21 10:30:00,745,985.9,75.4,0.0,22.7,2.1,682.01,49.559,70.0
2024-05-21 10:45:00,772,985.9,74.5,0.0,23.1,2.1,782.009,51.294,70.0
2024-05-21 11:00:00,795,985.9,72.3,0.0,23.5,2.2,891.008,50.415,70.0
2024-05-21 11:15:00,813,985.9,70.4,0.0,23.8,2.3,825.002,50.822,70.0
2024-05-21 11:30:00,828,985.9,69.6,0.0,24.1,2.4,884.003,49.568,70.0
2024-05-21 11:45:00,837,985.9,69.3,0.0,24.4,2.4,932.002,50.451,70.0
2024-05-21 12:00:00,843,985.9,69.0,0.0,24.7,2.5,931.006,52.127,70.0
2024-05-21 12:15:00,845,985.9,68.5,0.0,24.9,2.6,948.004,52.289,70.0
2024-05-21 12:30:00,842,985.9,67.9,0.0,25.1,2.6,957.002,53.151,70.0
2024-05-21 12:45:00,836,985.9,67.0,0.0,25.3,2.7,791.0,50.467,70.0
2024-05-21 13:00:00,826,985.9,66.8,0.0,25.5,2.7,935.009,48.526,70.0
2024-05-21 13:15:00,813,985.9,66.2,0.0,25.6,2.8,820.005,48.02,70.0
2024-05-21 13:30:00,795,985.9,65.1,0.0,25.8,2.9,882.009,46.883,70.0
2024-05-21 13:45:00,773,985.9,63.5,0.0,25.9,2.9,856.008,42.731,70.0
2024-05-21 14:00:00,748,985.9,63.4,0.0,26.0,3.0,593.003,41.416,70.0
2024-05-21 14:15:00,719,985.9,64.1,0.0,26.1,3.1,795.005,43.103,70.0
2024-05-21 14:30:00,687,985.9,63.9,0.0,26.2,3.1,752.009,28.475,70.0
2024-05-21 14:45:00,652,985.9,63.2,0.0,26.2,3.2,643.008,39.396,70.0
2024-05-21 15:00:00,613,985.9,63.3,0.0,26.2,3.2,619.0,37.896,70.0
2024-05-21 15:15:00,573,985.9,64.1,0.0,26.2,3.3,612.007,34.495,70.0
2024-05-21 15:30:00,530,985.9,64.5,0.0,26.2,3.3,609.008,31.615,70.0
2024-05-21 15:45:00,485,985.9,64.5,0.0,26.1,3.3,557.002,27.712,70.0
2024-05-21 16:00:00,437,985.9,65.2,0.0,26.0,3.4,476.001,23.689,70.0
2024-05-21 16:15:00,388,985.9,66.2,0.0,25.9,3.4,446.01,20.814,70.0
2024-05-21 16:30:00,338,985.9,66.9,0.0,25.8,3.5,407.0,18.383,70.0
2024-05-21 16:45:00,290,985.9,68.0,0.0,25.6,3.5,330.002,15.398,70.0
2024-05-21 17:00:00,243,985.9,69.4,0.0,25.4,3.5,238.009,11.848,70.0
2024-05-21 17:15:00,201,985.9,70.6,0.0,25.2,3.6,237.004,8.685,70.0
2024-05-21 17:30:00,162,985.9,71.8,0.0,24.9,3.6,184.0,7.088,70.0
2024-05-21 17:45:00,127,985.9,72.9,0.0,24.6,3.6,142.001,5.342,70.0
2024-05-21 18:00:00,97,985.9,74.3,0.0,24.3,3.6,101.008,4.175,70.0
2024-05-21 18:15:00,71,985.9,76.5,0.0,24.0,3.6,81.008,3.634,70.0
2024-05-21 18:30:00,49,985.9,78.8,0.0,23.5,3.5,48.005,2.115,70.0
2024-05-21 18:45:00,30,985.9,81.3,0.0,23.0,3.5,22.002,0.986,70.0
2024-05-21 19:00:00,13,985.9,83.9,0.0,22.5,3.4,7.006,0.26,70.0
2024-05-21 19:15:00,0,985.9,85.6,0.0,22.0,3.4,0.0,0.0,70.0
2024-05-21 19:30:00,0,985.9,86.7,0.0,21.6,3.3,0.0,0.0,70.0
2024-05-21 19:45:00,0,985.9,88.3,0.0,21.1,3.3,0.0,0.0,70.0
2024-05-21 20:00:00,0,985.9,90.0,0.0,20.7,3.2,0.0,0.0,70.0
2024-05-21 20:15:00,0,985.9,91.3,0.0,20.4,3.1,0.0,0.0,70.0
2024-05-21 20:30:00,0,985.9,92.3,0.0,20.1,3.0,0.0,0.0,70.0
2024-05-21 20:45:00,0,985.9,92.6,0.0,19.8,2.9,0.0,0.0,70.0
2024-05-21 21:00:00,0,985.9,93.0,0.0,19.5,2.8,0.0,0.0,70.0
2024-05-21 21:15:00,0,985.9,93.8,0.0,19.2,2.8,0.0,0.0,70.0
2024-05-21 21:30:00,0,985.9,95.0,0.0,19.0,2.7,0.0,0.0,70.0
2024-05-21 21:45:00,0,985.8,96.0,0.0,18.8,2.6,0.0,0.0,70.0
2024-05-21 22:00:00,0,985.8,97.1,0.0,18.6,2.5,0.0,0.0,70.0
2024-05-21 22:15:00,0,985.8,98.0,0.0,18.4,2.3,0.0,0.0,70.0
2024-05-21 22:30:00,0,985.8,98.7,0.0,18.3,2.2,0.0,0.0,70.0
2024-05-21 22:45:00,0,985.8,98.9,0.0,18.1,2.1,0.0,0.0,70.0
2024-05-21 23:00:00,0,985.8,99.1,0.0,18.0,2.0,0.0,0.0,70.0
2024-05-21 23:15:00,0,985.8,99.3,0.0,17.9,1.9,0.0,0.0,70.0
2024-05-21 23:30:00,0,985.8,99.4,0.0,17.8,1.8,0.0,0.0,70.0
2024-05-21 23:45:00,0,985.8,99.5,0.0,17.7,1.7,0.0,0.0,70.0
2024-05-23 00:00:00,0,986.2,89.3,0.0,18.6,2.4,0.0,0.0,70.0
2024-05-23 00:15:00,0,986.2,89.4,0.0,18.5,2.4,0.0,0.0,70.0
2024-05-23 00:30:00,0,986.2,89.7,0.0,18.4,2.3,0.0,0.0,70.0
2024-05-23 00:45:00,0,986.2,90.2,0.0,18.3,2.3,0.0,0.0,70.0
2024-05-23 01:00:00,0,986.2,91.0,0.0,18.2,2.3,0.0,0.0,70.0
2024-05-23 01:15:00,0,986.2,91.9,0.0,18.1,2.3,0.0,0.0,70.0
2024-05-23 01:30:00,0,986.2,92.7,0.0,18.0,2.3,0.0,0.0,70.0
2024-05-23 01:45:00,0,986.2,93.6,0.0,17.9,2.3,0.0,0.0,70.0
2024-05-23 02:00:00,0,986.2,94.5,0.0,17.8,2.3,0.0,0.0,70.0
2024-05-23 02:15:00,0,986.2,95.3,0.0,17.7,2.3,0.0,0.0,70.0
2024-05-23 02:30:00,0,986.2,96.1,0.0,17.6,2.3,0.0,0.0,70.0
2024-05-23 02:45:00,0,986.2,96.8,0.0,17.5,2.3,0.0,0.0,70.0
2024-05-23 03:00:00,0,986.2,97.5,0.0,17.4,2.3,0.0,0.0,70.0
2024-05-23 03:15:00,0,986.2,98.1,0.0,17.3,2.3,0.0,0.0,70.0
2024-05-23 03:30:00,0,986.2,98.6,0.0,17.2,2.3,0.0,0.0,70.0
2024-05-23 03:45:00,0,986.2,98.9,0.0,17.2,2.3,0.0,0.0,70.0
2024-05-23 04:00:00,0,986.2,99.2,0.0,17.1,2.3,0.0,0.0,70.0
2024-05-23 04:15:00,0,986.2,99.4,0.0,17.1,2.2,0.0,0.0,70.0
2024-05-23 04:30:00,0,986.2,99.5,0.0,17.1,2.2,0.0,0.0,70.0
2024-05-23 04:45:00,0,986.2,99.7,0.0,17.1,2.2,0.0,0.0,70.0
2024-05-23 05:00:00,0,986.2,99.8,0.0,17.1,2.2,0.0,0.0,70.0
2024-05-23 05:15:00,15,986.2,99.9,0.0,17.1,2.1,16.0,0.264,70.0
2024-05-23 05:30:00,44,986.2,99.9,0.0,17.2,2.1,37.001,1.435,70.0
2024-05-23 05:45:00,75,986.2,99.9,0.0,17.3,2.1,69.004,2.399,70.0
2024-05-23 06:00:00,105,986.2,100.0,0.0,17.4,2.2,106.0,3.778,70.0
2024-05-23 06:15:00,136,986.2,99.8,0.0,17.6,2.2,148.007,5.26,70.0
2024-05-23 06:30:00,169,986.2,98.7,0.0,17.9,2.2,194.005,7.284,70.0
2024-05-23 06:45:00,202,986.2,97.8,0.0,18.1,2.3,221.003,9.418,70.0
2024-05-23 07:00:00,238,986.2,97.1,0.0,18.4,2.4,290.007,12.373,70.0
2024-05-23 07:15:00,276,986.2,96.4,0.0,18.7,2.4,340.005,15.416,70.0
2024-05-23 07:30:00,316,986.2,95.2,0.0,19.2,2.5,398.006,18.999,70.0
2024-05-23 07:45:00,358,986.2,92.8,0.0,19.9,2.6,449.004,22.601,70.0
2024-05-23 08:00:00,402,986.2,89.6,0.0,20.7,2.7,496.009,25.906,70.0
2024-05-23 08:15:00,447,986.2,85.7,0.0,21.6,2.8,537.001,29.016,70.0
2024-05-23 08:30:00,493,986.2,81.5,0.0,22.5,2.8,592.003,32.409,70.0
2024-05-23 08:45:00,538,986.2,77.8,0.0,23.2,2.9,638.01,35.318,70.0
2024-05-23 09:00:00,582,986.2,74.8,0.0,23.8,3.0,678.008,38.2,70.0
2024-05-23 09:15:00,624,986.3,72.6,0.0,24.3,3.1,725.002,41.162,70.0
2024-05-23 09:30:00,664,986.3,71.1,0.0,24.7,3.2,771.002,43.621,70.0
2024-05-23 09:45:00,699,986.3,69.9,0.0,25.0,3.3,798.005,45.511,70.0
2024-05-23 10:00:00,732,986.3,69.2,0.0,25.3,3.4,816.005,47.355,70.0
2024-05-23 10:15:00,761,986.3,69.0,0.0,25.6,3.6,849.01,48.762,70.0
2024-05-23 10:30:00,787,986.3,69.4,0.0,25.9,3.7,889.006,49.887,70.0
2024-05-23 10:45:00,810,986.3,68.2,0.0,26.1,3.8,886.004,50.51,70.0
2024-05-23 11:00:00,829,986.3,66.4,0.0,26.4,3.9,920.002,51.281,70.0
2024-05-23 11:15:00,845,986.3,65.7,0.0,26.7,4.0,919.006,52.41,70.0
2024-05-23 11:30:00,857,986.3,65.3,0.0,26.9,4.0,963.004,52.623,70.0
2024-05-23 11:45:00,865,986.3,64.3,0.0,27.1,4.1,930.006,53.332,70.0
2024-05-23 12:00:00,869,986.3,63.0,0.0,27.3,4.1,949.01,52.929,70.0
2024-05-23 12:15:00,869,986.3,61.7,0.0,27.5,4.2,947.006,52.216,70.0
2024-05-23 12:30:00,865,986.3,60.8,0.0,27.6,4.2,955.002,52.209,70.0
2024-05-23 12:45:00,858,986.3,59.9,0.0,27.7,4.2,966.004,51.309,70.0
2024-05-23 13:00:00,848,986.3,58.7,0.0,27.9,4.2,926.004,50.501,70.0
2024-05-23 13:15:00,835,986.3,57.7,0.0,28.0,4.2,893.005,50.669,70.0
2024-05-23 13:30:00,818,986.3,57.3,0.0,28.1,4.2,877.003,48.429,70.0
2024-05-23 13:45:00,798,986.3,57.3,0.0,28.1,4.1,863.005,46.889,70.0
2024-05-23 14:00:00,775,986.3,57.1,0.0,28.2,4.1,803.001,45.917,70.0
2024-05-23 14:15:00,748,986.3,56.8,0.0,28.2,4.1,799.003,43.709,70.0
2024-05-23 14:30:00,717,986.3,56.4,0.0,28.3,4.1,737.006,41.244,70.0
2024-05-23 14:45:00,683,986.3,56.2,0.0,28.3,4.0,708.004,38.692,70.0
2024-05-23 15:00:00,646,986.3,56.2,0.0,28.3,4.0,658.007,35.685,70.0
2024-05-23 15:15:00,605,986.3,55.7,0.0,28.3,3.9,620.005,33.473,70.0
2024-05-23 15:30:00,562,986.3,54.7,0.0,28.3,3.9,576.002,30.671,70.0
2024-05-23 15:45:00,516,986.3,53.5,0.0,28.2,3.8,545.005,27.33,70.0
2024-05-23 16:00:00,467,986.3,52.9,0.0,28.2,3.7,484.005,23.567,70.0
2024-05-23 16:15:00,415,986.3,53.1,0.0,28.1,3.7,435.009,20.873,70.0
2024-05-23 16:30:00,363,986.3,53.9,0.0,28.0,3.6,388.006,17.561,70.0
2024-05-23 16:45:00,312,986.3,55.2,0.0,27.8,3.5,322.005,14.628,70.0
2024-05-23 17:00:00,264,986.3,56.9,0.0,27.7,3.4,284.005,11.925,70.0
2024-05-23 17:15:00,218,986.3,58.7,0.0,27.5,3.3,234.001,8.964,70.0
2024-05-23 17:30:00,177,986.3,60.5,0.0,27.3,3.2,185.003,7.052,70.0
2024-05-23 17:45:00,140,986.3,62.1,0.0,27.0,3.1,147.003,5.468,70.0
2024-05-23 18:00:00,108,986.3,64.0,0.0,26.7,3.1,112.007,4.229,70.0
2024-05-23 18:15:00,80,986.3,66.1,0.0,26.2,3.0,76.006,2.983,70.0
2024-05-23 18:30:00,56,986.3,67.4,0.0,25.6,2.9,26.01,1.167,70.0
2024-05-23 18:45:00,35,986.3,68.5,0.0,25.1,2.9,14.008,0.555,70.0
2024-05-23 19:00:00,16,986.3,70.0,0.0,24.5,2.8,0.0,0.271,70.0
2024-05-23 19:15:00,1,986.3,70.9,0.0,24.1,2.7,0.0,0.0,70.0
2024-05-23 19:30:00,0,986.3,71.7,0.0,23.8,2.7,0.0,0.0,70.0
2024-05-23 19:45:00,0,986.3,72.8,0.0,23.6,2.6,0.0,0.0,70.0
2024-05-23 20:00:00,0,986.3,74.1,0.0,23.3,2.5,0.0,0.0,70.0
2024-05-23 20:15:00,0,986.3,75.5,0.0,23.0,2.4,0.0,0.0,70.0
2024-05-23 20:30:00,0,986.3,77.6,0.0,22.7,2.4,0.0,0.0,70.0
2024-05-23 20:45:00,0,986.3,80.5,0.0,22.3,2.3,0.0,0.0,70.0
2024-05-23 21:00:00,0,986.2,83.4,0.0,21.9,2.3,0.0,0.0,70.0
2024-05-23 21:15:00,0,986.2,86.0,0.0,21.6,2.2,0.0,0.0,70.0
2024-05-23 21:30:00,0,986.2,88.0,0.0,21.3,2.1,0.0,0.0,70.0
2024-05-23 21:45:00,0,986.2,89.5,0.0,21.1,2.1,0.0,0.0,70.0
2024-05-23 22:00:00,0,986.2,90.8,0.0,20.8,2.0,0.0,0.0,70.0
2024-05-23 22:15:00,0,986.2,91.6,0.0,20.6,1.9,0.0,0.0,70.0
2024-05-23 22:30:00,0,986.2,91.9,0.0,20.5,1.9,0.0,0.0,70.0
2024-05-23 22:45:00,0,986.2,91.9,0.0,20.4,1.8,0.0,0.0,70.0
2024-05-23 23:00:00,0,986.2,91.4,0.0,20.3,1.7,0.0,0.0,70.0
2024-05-23 23:15:00,0,986.2,90.9,0.0,20.2,1.7,0.0,0.0,70.0
2024-05-23 23:30:00,0,986.2,90.6,0.0,20.1,1.6,0.0,0.0,70.0
2024-05-23 23:45:00,0,986.2,90.2,0.0,20.0,1.6,0.0,0.0,70.0
2024-05-24 00:00:00,0,985.6,90.8,0.0,20.3,1.3,0.0,0.0,70.0
2024-05-24 00:15:00,0,985.6,91.1,0.0,20.2,1.3,0.0,0.0,70.0
2024-05-24 00:30:00,0,985.6,91.3,0.0,20.2,1.2,0.0,0.0,70.0
2024-05-24 00:45:00,0,985.6,91.4,0.0,20.1,1.2,0.0,0.0,70.0
2024-05-24 01:00:00,0,985.6,91.4,0.0,20.1,1.1,0.0,0.0,70.0
2024-05-24 01:15:00,0,985.6,91.6,0.0,20.0,1.1,0.0,0.0,70.0
2024-05-24 01:30:00,0,985.6,92.0,0.0,19.9,1.1,0.0,0.0,70.0
2024-05-24 01:45:00,0,985.6,92.4,0.0,19.7,1.0,0.0,0.0,70.0
2024-05-24 02:00:00,0,985.6,92.8,0.0,19.6,1.0,0.0,0.0,70.0
2024-05-24 02:15:00,0,985.6,93.1,0.0,19.5,1.0,0.0,0.0,70.0
2024-05-24 02:30:00,0,985.6,93.3,0.0,19.4,1.0,0.0,0.0,70.0
2024-05-24 02:45:00,0,985.6,93.5,0.0,19.3,1.0,0.0,0.0,70.0
2024-05-24 03:00:00,0,985.6,93.8,0.0,19.2,0.9,0.0,0.0,70.0
2024-05-24 03:15:00,0,985.6,93.9,0.0,19.1,0.9,0.0,0.0,70.0
2024-05-24 03:30:00,0,985.6,93.8,0.0,19.1,0.9,0.0,0.0,70.0
2024-05-24 03:45:00,0,985.6,93.8,0.0,19.0,0.9,0.0,0.0,70.0
2024-05-24 04:00:00,0,985.6,93.9,0.0,19.0,0.9,0.0,0.0,70.0
2024-05-24 04:15:00,0,985.6,94.0,0.0,18.9,0.9,0.0,0.0,70.0
2024-05-24 04:30:00,0,985.6,94.1,0.0,18.9,0.9,0.0,0.0,70.0
2024-05-24 04:45:00,0,985.6,94.3,0.0,18.8,0.8,0.0,0.0,70.0
2024-05-24 05:00:00,0,985.6,94.2,0.0,18.8,0.8,0.0,0.0,70.0
2024-05-24 05:15:00,16,985.6,94.2,0.0,18.7,0.8,9.006,0.512,70.0
2024-05-24 05:30:00,45,985.6,94.1,0.0,18.8,0.8,24.007,1.258,70.0
2024-05-24 05:45:00,74,985.6,94.0,0.0,18.9,0.8,49.006,2.408,70.0
2024-05-24 06:00:00,104,985.6,93.7,0.0,19.0,0.8,93.009,4.194,70.0
2024-05-24 06:15:00,135,985.6,93.2,0.0,19.2,0.8,133.001,5.802,70.0
2024-05-24 06:30:00,167,985.6,92.6,0.0,19.6,0.8,160.004,7.463,70.0
2024-05-24 06:45:00,200,985.6,91.2,0.0,20.0,0.8,211.003,9.431,70.0
2024-05-24 07:00:00,236,985.6,90.2,0.0,20.4,0.9,253.002,11.765,70.0
2024-05-24 07:15:00,274,985.6,88.9,0.0,20.9,0.9,305.009,13.991,70.0
2024-05-24 07:30:00,314,985.6,87.4,0.0,21.4,0.9,354.006,18.051,70.0
2024-05-24 07:45:00,357,985.6,85.5,0.0,21.9,1.0,412.01,20.939,70.0
2024-05-24 08:00:00,401,985.6,82.9,0.0,22.4,1.0,452.001,23.893,70.0
2024-05-24 08:15:00,447,985.6,81.5,0.0,23.0,1.1,496.003,27.069,70.0
2024-05-24 08:30:00,493,985.6,79.9,0.0,23.4,1.1,547.007,29.845,70.0
2024-05-24 08:45:00,538,985.6,78.2,0.0,23.9,1.2,584.0,32.558,70.0
2024-05-24 09:00:00,581,985.6,75.6,0.0,24.4,1.3,636.01,35.363,70.0
2024-05-24 09:15:00,622,985.6,74.1,0.0,24.9,1.4,681.01,37.743,70.0
2024-05-24 09:30:00,658,985.7,72.5,0.0,25.3,1.5,710.008,39.845,70.0
2024-05-24 09:45:00,689,985.7,71.0,0.0,25.7,1.5,729.001,42.071,70.0
2024-05-24 10:00:00,715,985.7,69.5,0.0,26.1,1.6,776.008,44.039,70.0
2024-05-24 10:15:00,736,985.7,68.1,0.0,26.4,1.7,481.006,45.84,70.0
2024-05-24 10:30:00,752,985.7,67.1,0.0,26.8,1.8,816.004,47.103,70.0
2024-05-24 10:45:00,764,985.7,66.2,0.0,27.1,1.9,857.009,47.349,70.0
2024-05-24 11:00:00,771,985.7,64.8,0.0,27.3,2.0,859.01,48.826,70.0
2024-05-24 11:15:00,774,985.7,63.4,0.0,27.5,2.0,882.002,50.019,70.0
2024-05-24 11:30:00,773,985.7,62.5,0.0,27.6,2.1,881.006,50.627,70.0
2024-05-24 11:45:00,770,985.7,62.5,0.0,27.8,2.1,874.006,50.661,70.0
2024-05-24 12:00:00,763,985.7,62.8,0.0,27.9,2.2,891.002,48.011,70.0
2024-05-24 12:15:00,755,985.7,62.5,0.0,27.8,2.2,897.006,46.865,70.0
2024-05-24 12:30:00,746,985.7,61.3,0.0,27.9,2.3,884.002,49.011,70.0
2024-05-24 12:45:00,735,985.7,60.2,0.0,28.0,2.3,903.003,50.053,70.0
2024-05-24 13:00:00,724,985.7,59.8,0.0,28.2,2.4,641.001,43.894,70.0
2024-05-24 13:15:00,711,985.7,59.3,0.0,28.4,2.5,859.002,43.071,70.0
2024-05-24 13:30:00,697,985.7,59.1,0.0,28.5,2.5,862.008,44.171,70.0
2024-05-24 13:45:00,680,985.7,58.8,0.0,28.7,2.5,829.004,41.196,70.0
2024-05-24 14:00:00,661,985.7,58.6,0.0,28.7,2.6,632.009,43.614,70.0
2024-05-24 14:15:00,640,985.7,58.5,0.1,28.7,2.6,785.002,33.262,70.0
2024-05-24 14:30:00,616,985.7,58.8,0.1,28.6,2.6,750.008,39.377,70.0
2024-05-24 14:45:00,588,985.7,57.2,0.0,28.8,2.7,290.005,39.952,70.0
2024-05-24 15:00:00,558,985.7,56.4,0.0,28.9,2.7,325.004,26.546,70.0
2024-05-24 15:15:00,525,985.7,56.1,0.0,28.8,2.8,581.004,26.277,70.0
2024-05-24 15:30:00,488,985.7,56.5,0.0,28.8,2.8,221.008,23.586,70.0
2024-05-24 15:45:00,449,985.7,57.6,0.0,28.8,2.9,525.006,16.742,70.0
2024-05-24 16:00:00,407,985.7,58.0,0.0,28.7,3.0,218.004,15.906,70.0
2024-05-24 16:15:00,363,985.7,59.2,0.0,28.5,3.0,238.006,13.892,70.0
2024-05-24 16:30:00,319,985.7,61.4,0.0,28.2,3.1,361.007,9.561,70.0
2024-05-24 16:45:00,275,985.7,63.2,0.0,28.0,3.1,158.009,7.072,70.0
2024-05-24 17:00:00,234,985.7,64.1,0.0,27.8,3.1,118.003,5.942,70.0
2024-05-24 17:15:00,195,985.7,65.2,0.0,27.4,3.1,191.003,7.502,70.0
2024-05-24 17:30:00,159,985.7,67.5,0.0,27.2,3.1,164.001,6.608,70.0
2024-05-24 17:45:00,127,985.7,70.3,0.1,26.6,3.1,120.005,4.972,70.0
2024-05-24 18:00:00,98,985.7,72.8,0.1,26.1,3.1,78.006,3.697,70.0
2024-05-24 18:15:00,73,985.7,73.1,0.0,25.7,3.1,51.001,2.639,70.0
2024-05-24 18:30:00,52,985.7,73.0,0.0,25.2,3.1,33.008,1.658,70.0
2024-05-24 18:45:00,33,985.7,74.0,0.0,24.6,3.0,21.009,0.905,70.0
2024-05-24 19:00:00,15,985.6,75.7,0.0,24.0,3.0,0.0,0.247,70.0
2024-05-24 19:15:00,1,985.6,77.5,0.0,23.6,2.9,0.0,0.0,70.0
2024-05-24 19:30:00,0,985.6,79.1,0.0,23.1,2.8,0.0,0.0,70.0
2024-05-24 19:45:00,0,985.6,80.3,0.0,22.7,2.8,0.0,0.0,70.0
2024-05-24 20:00:00,0,985.6,81.1,0.0,22.4,2.7,0.0,0.0,70.0
2024-05-24 20:15:00,0,985.6,81.6,0.0,22.0,2.6,0.0,0.0,70.0
2024-05-24 20:30:00,0,985.6,82.0,0.0,21.7,2.5,0.0,0.0,70.0
2024-05-24 20:45:00,0,985.6,82.6,0.0,21.3,2.4,0.0,0.0,70.0
2024-05-24 21:00:00,0,985.6,83.2,0.0,21.0,2.3,0.0,0.0,70.0
2024-05-24 21:15:00,0,985.6,83.6,0.0,20.8,2.2,0.0,0.0,70.0
2024-05-24 21:30:00,0,985.6,83.7,0.0,20.5,2.1,0.0,0.0,70.0
2024-05-24 21:45:00,0,985.6,83.6,0.0,20.2,2.0,0.0,0.0,70.0
2024-05-24 22:00:00,0,985.6,83.5,0.0,20.0,1.9,0.0,0.0,70.0
2024-05-24 22:15:00,0,985.6,83.5,0.0,19.8,1.8,0.0,0.0,70.0
2024-05-24 22:30:00,0,985.6,83.5,0.0,19.6,1.7,0.0,0.0,70.0
2024-05-24 22:45:00,0,985.6,83.6,0.0,19.5,1.6,0.0,0.0,70.0
2024-05-24 23:00:00,0,985.6,84.0,0.0,19.3,1.5,0.0,0.0,70.0
2024-05-24 23:15:00,0,985.6,84.5,0.0,19.1,1.5,0.0,0.0,70.0
2024-05-24 23:30:00,0,985.6,85.3,0.0,18.9,1.4,0.0,0.0,70.0
2024-05-24 23:45:00,0,985.6,86.1,0.0,18.7,1.4,0.0,0.0,70.0
2024-05-25 00:00:00,0,985.8,95.3,0.0,18.0,1.6,0.0,0.0,70.0
2024-05-25 00:15:00,0,985.8,95.5,0.0,17.9,1.5,0.0,0.0,70.0
2024-05-25 00:30:00,0,985.8,95.9,0.0,17.7,1.5,0.0,0.0,70.0
2024-05-25 00:45:00,0,985.8,96.3,0.0,17.5,1.5,0.0,0.0,70.0
2024-05-25 01:00:00,0,985.8,96.6,0.0,17.4,1.4,0.0,0.0,70.0
2024-05-25 01:15:00,0,985.8,96.9,0.0,17.3,1.4,0.0,0.0,70.0
2024-05-25 01:30:00,0,985.8,97.3,0.0,17.2,1.4,0.0,0.0,70.0
2024-05-25 01:45:00,0,985.8,97.6,0.0,17.1,1.4,0.0,0.0,70.0
2024-05-25 02:00:00,0,985.8,97.9,0.0,17.0,1.4,0.0,0.0,70.0
2024-05-25 02:15:00,0,985.8,98.4,0.0,16.9,1.3,0.0,0.0,70.0
2024-05-25 02:30:00,0,985.8,98.8,0.0,16.8,1.3,0.0,0.0,70.0
2024-05-25 02:45:00,0,985.8,99.1,0.0,16.8,1.3,0.0,0.0,70.0
2024-05-25 03:00:00,0,985.8,99.5,0.0,16.7,1.3,0.0,0.0,70.0
2024-05-25 03:15:00,0,985.8,99.8,0.0,16.7,1.3,0.0,0.0,70.0
2024-05-25 03:30:00,0,985.8,100.0,0.0,16.6,1.3,0.0,0.0,70.0
2024-05-25 03:45:00,0,985.8,100.0,0.0,16.6,1.3,0.0,0.0,70.0
2024-05-25 04:00:00,0,985.8,99.9,0.0,16.6,1.3,0.0,0.0,70.0
2024-05-25 04:15:00,0,985.8,99.9,0.0,16.6,1.3,0.0,0.0,70.0
2024-05-25 04:30:00,0,985.8,100.0,0.0,16.6,1.3,0.0,0.0,70.0
2024-05-25 04:45:00,0,985.8,100.0,0.0,16.6,1.3,0.0,0.0,70.0
2024-05-25 05:00:00,0,985.8,100.0,0.0,16.7,1.3,0.0,0.0,70.0
2024-05-25 05:15:00,12,985.8,99.9,0.0,16.7,1.3,10.01,0.492,70.0
2024-05-25 05:30:00,32,985.8,99.9,0.0,16.7,1.3,23.001,1.458,70.0
2024-05-25 05:45:00,53,985.8,99.9,0.0,16.7,1.4,48.0,2.214,70.0
2024-05-25 06:00:00,74,985.8,99.8,0.0,16.7,1.4,77.006,3.632,70.0
2024-05-25 06:15:00,96,985.8,99.8,0.0,16.8,1.4,105.003,4.165,70.0
2024-05-25 06:30:00,119,985.8,99.8,0.0,16.9,1.5,104.002,5.585,70.0
2024-05-25 06:45:00,144,985.8,99.7,0.0,16.9,1.5,82.001,4.783,70.0
2024-05-25 07:00:00,171,985.8,99.7,0.0,17.0,1.5,153.002,10.615,70.0
2024-05-25 07:15:00,201,985.8,99.6,0.0,17.1,1.6,236.008,11.666,70.0
2024-05-25 07:30:00,234,985.8,99.6,0.0,17.2,1.6,273.006,13.686,70.0
2024-05-25 07:45:00,269,985.8,99.4,0.0,17.3,1.7,370.0,16.542,70.0
2024-05-25 08:00:00,307,985.8,99.2,0.0,17.4,1.8,367.001,18.647,70.0
2024-05-25 08:15:00,346,985.8,99.0,0.0,17.5,1.9,371.009,18.645,70.0
2024-05-25 08:30:00,387,985.8,98.7,0.0,17.7,1.9,381.006,21.655,70.0
2024-05-25 08:45:00,428,985.8,98.2,0.0,17.8,2.0,271.004,23.49,70.0
2024-05-25 09:00:00,470,985.8,97.5,0.0,18.1,2.1,337.003,22.312,70.0
2024-05-25 09:15:00,510,985.8,96.7,0.0,18.3,2.1,409.002,17.495,70.0
2024-05-25 09:30:00,549,985.8,95.8,0.0,18.6,2.2,304.001,24.229,70.0
2024-05-25 09:45:00,584,985.8,94.6,0.0,19.0,2.3,495.005,26.581,70.0
2024-05-25 10:00:00,618,985.8,93.2,0.0,19.4,2.4,590.005,36.226,70.0
2024-05-25 10:15:00,650,985.8,91.6,0.0,19.9,2.5,774.002,43.189,70.0
2024-05-25 10:30:00,681,985.8,89.7,0.0,20.4,2.6,483.003,33.518,70.0
2024-05-25 10:45:00,709,985.8,87.6,0.0,20.9,2.7,1077.001,48.253,70.0
2024-05-25 11:00:00,734,985.8,86.2,0.0,21.3,2.8,488.008,54.411,70.0
2024-05-25 11:15:00,757,985.8,85.0,0.0,21.7,2.9,1021.001,54.554,70.0
2024-05-25 11:30:00,776,985.8,83.7,0.0,22.1,3.0,1008.004,56.189,70.0
2024-05-25 11:45:00,791,985.8,82.6,0.0,22.6,3.1,1025.008,57.447,70.0
2024-05-25 12:00:00,803,985.9,81.1,0.0,23.1,3.2,942.003,55.218,70.0
2024-05-25 12:15:00,811,985.9,78.7,0.0,23.6,3.3,967.004,55.726,70.0
2024-05-25 12:30:00,814,985.9,76.9,0.0,24.0,3.4,986.0,54.808,70.0
2024-05-25 12:45:00,813,985.9,75.8,0.0,24.2,3.5,974.005,54.457,70.0
2024-05-25 13:00:00,809,985.9,74.7,0.0,24.5,3.6,891.008,28.008,70.0
2024-05-25 13:15:00,802,985.9,73.1,0.0,24.9,3.8,931.001,51.857,70.0
2024-05-25 13:30:00,791,985.9,71.8,0.0,25.1,3.9,889.005,13.499,70.0
2024-05-25 13:45:00,776,985.9,71.3,0.0,25.3,4.0,857.006,41.984,70.0
2024-05-25 14:00:00,758,985.9,70.7,0.0,25.4,4.1,849.001,13.195,70.0
2024-05-25 14:15:00,735,985.9,70.1,0.0,25.5,4.2,799.009,41.423,70.0
2024-05-25 14:30:00,709,985.9,69.8,0.0,25.5,4.3,797.004,40.563,70.0
2024-05-25 14:45:00,678,985.9,69.8,0.0,25.5,4.3,745.006,39.071,70.0
2024-05-25 15:00:00,644,985.9,69.7,0.0,25.5,4.4,702.005,37.198,70.0
2024-05-25 15:15:00,606,985.9,69.6,0.0,25.5,4.5,670.0,36.038,70.0
2024-05-25 15:30:00,565,985.9,69.7,0.0,25.4,4.5,632.01,31.987,70.0
2024-05-25 15:45:00,521,985.9,70.1,0.0,25.3,4.6,585.007,29.842,70.0
2024-05-25 16:00:00,473,985.9,70.4,0.0,25.1,4.6,541.007,25.649,70.0
2024-05-25 16:15:00,422,985.9,70.6,0.0,24.9,4.6,493.006,22.439,70.0
2024-05-25 16:30:00,370,985.8,70.8,0.0,24.7,4.6,336.004,17.091,70.0
2024-05-25 16:45:00,319,985.8,70.8,0.0,24.4,4.6,397.0,16.321,70.0
2024-05-25 17:00:00,270,985.8,71.0,0.0,24.2,4.5,339.005,4.331,70.0
2024-05-25 17:15:00,225,985.8,72.4,0.0,23.8,4.4,234.001,8.186,70.0
2024-05-25 17:30:00,183,985.8,73.8,0.0,23.5,4.4,177.0,6.905,70.0
2024-05-25 17:45:00,145,985.8,74.4,0.0,23.1,4.3,141.001,5.079,70.0
2024-05-25 18:00:00,112,985.8,74.9,0.0,22.7,4.2,62.001,2.662,70.0
2024-05-25 18:15:00,84,985.8,75.6,0.0,22.3,4.1,50.002,2.396,70.0
2024-05-25 18:30:00,59,985.8,77.3,0.0,21.8,4.0,57.006,2.908,70.0
2024-05-25 18:45:00,37,985.8,79.1,0.0,21.4,3.9,42.01,1.889,70.0
2024-05-25 19:00:00,18,985.8,80.2,0.0,21.0,3.7,18.009,0.626,70.0
2024-05-25 19:15:00,2,985.8,80.3,0.0,20.6,3.6,0.0,0.0,70.0
2024-05-25 19:30:00,0,985.8,80.4,0.0,20.2,3.5,0.0,0.0,70.0
2024-05-25 19:45:00,0,985.8,81.3,0.0,19.9,3.3,0.0,0.0,70.0
2024-05-25 20:00:00,0,985.8,82.4,0.0,19.6,3.2,0.0,0.0,70.0
2024-05-25 20:15:00,0,985.8,83.4,0.0,19.4,3.0,0.0,0.0,70.0
2024-05-25 20:30:00,0,985.8,84.0,0.0,19.2,2.9,0.0,0.0,70.0
2024-05-25 20:45:00,0,985.8,84.2,0.0,19.0,2.8,0.0,0.0,70.0
2024-05-25 21:00:00,0,985.8,84.5,0.0,18.8,2.6,0.0,0.0,70.0
2024-05-25 21:15:00,0,985.8,85.2,0.0,18.6,2.5,0.0,0.0,70.0
2024-05-25 21:30:00,0,985.8,86.1,0.0,18.4,2.4,0.0,0.0,70.0
2024-05-25 21:45:00,0,985.8,86.9,0.0,18.3,2.2,0.0,0.0,70.0
2024-05-25 22:00:00,0,985.8,87.5,0.0,18.2,2.1,0.0,0.0,70.0
2024-05-25 22:15:00,0,985.8,88.0,0.0,18.1,2.0,0.0,0.0,70.0
2024-05-25 22:30:00,0,985.8,88.6,0.0,18.0,2.0,0.0,0.0,70.0
2024-05-25 22:45:00,0,985.8,89.2,0.0,18.0,1.9,0.0,0.0,70.0
2024-05-25 23:00:00,0,985.8,89.6,0.0,17.9,1.8,0.0,0.0,70.0
2024-05-25 23:15:00,0,985.8,89.6,0.0,17.9,1.8,0.0,0.0,70.0
2024-05-25 23:30:00,0,985.7,89.6,0.0,17.8,1.7,0.0,0.0,70.0
2024-05-25 23:45:00,0,985.7,89.6,0.0,17.8,1.7,0.0,0.0,70.0
2024-05-26 00:00:00,0,985.7,96.4,0.0,17.6,1.4,0.0,0.0,70.0
2024-05-26 00:15:00,0,985.7,96.9,0.0,17.6,1.3,0.0,0.0,70.0
2024-05-26 00:30:00,0,985.7,97.1,0.0,17.6,1.3,0.0,0.0,70.0
2024-05-26 00:45:00,0,985.7,97.2,0.0,17.5,1.2,0.0,0.0,70.0
2024-05-26 01:00:00,0,985.7,97.3,0.0,17.6,1.2,0.0,0.0,70.0
2024-05-26 01:15:00,0,985.7,97.4,0.0,17.5,1.2,0.0,0.0,70.0
2024-05-26 01:30:00,0,985.7,97.5,0.0,17.5,1.1,0.0,0.0,70.0
2024-05-26 01:45:00,0,985.7,97.6,0.0,17.6,1.1,0.0,0.0,70.0
2024-05-26 02:00:00,0,985.7,97.7,0.0,17.6,1.1,0.0,0.0,70.0
2024-05-26 02:15:00,0,985.7,97.8,0.0,17.6,1.1,0.0,0.0,70.0
2024-05-26 02:30:00,0,985.7,97.8,0.0,17.6,1.1,0.0,0.0,70.0
2024-05-26 02:45:00,0,985.7,97.9,0.0,17.7,1.1,0.0,0.0,70.0
2024-05-26 03:00:00,0,985.7,97.9,0.0,17.7,1.1,0.0,0.0,70.0
2024-05-26 03:15:00,0,985.7,98.0,0.0,17.8,1.1,0.0,0.0,70.0
2024-05-26 03:30:00,0,985.7,97.9,0.1,17.8,1.1,0.0,0.0,70.0
2024-05-26 03:45:00,0,985.7,97.9,0.1,17.9,1.1,0.0,0.0,70.0
2024-05-26 04:00:00,0,985.7,98.2,0.1,17.9,1.1,0.0,0.0,70.0
2024-05-26 04:15:00,0,985.7,98.3,0.1,17.9,1.1,0.0,0.0,70.0
2024-05-26 04:30:00,0,985.7,98.3,0.2,18.0,1.1,0.0,0.0,70.0
2024-05-26 04:45:00,0,985.7,98.6,0.2,18.0,1.2,0.0,0.0,70.0
2024-05-26 05:00:00,0,985.7,98.7,0.0,18.0,1.2,0.0,0.0,70.0
2024-05-26 05:15:00,1,985.7,98.8,0.0,18.1,1.3,0.0,0.009,70.0
2024-05-26 05:30:00,3,985.7,98.4,0.2,18.2,1.3,0.0,0.009,70.0
2024-05-26 05:45:00,4,985.7,98.5,0.0,18.3,1.3,0.0,0.009,70.0
2024-05-26 06:00:00,6,985.7,98.3,0.0,18.4,1.3,0.0,0.102,70.0
2024-05-26 06:15:00,9,985.7,98.6,0.0,18.5,1.4,0.0,0.274,70.0
2024-05-26 06:30:00,13,985.7,98.5,0.0,18.6,1.4,12.005,0.293,70.0
2024-05-26 06:45:00,19,985.7,98.4,0.0,18.7,1.5,16.008,0.516,70.0
2024-05-26 07:00:00,28,985.7,98.3,0.0,18.8,1.6,12.005,0.446,70.0
2024-05-26 07:15:00,39,985.7,98.2,0.0,19.0,1.7,14.007,0.568,70.0
2024-05-26 07:30:00,52,985.7,97.8,0.0,19.2,1.8,20.006,0.79,70.0
2024-05-26 07:45:00,69,985.7,97.2,0.0,19.6,1.8,31.005,2.076,70.0
2024-05-26 08:00:00,88,985.7,96.4,0.0,19.9,1.9,78.007,3.716,70.0
2024-05-26 08:15:00,110,985.7,95.5,0.0,20.2,2.0,123.0,9.039,70.0
2024-05-26 08:30:00,135,985.7,94.2,0.0,20.7,2.1,207.003,12.284,70.0
2024-05-26 08:45:00,162,985.8,92.2,0.0,21.3,2.1,256.006,15.922,70.0
2024-05-26 09:00:00,192,985.8,90.4,0.0,22.0,2.2,254.009,16.315,70.0
2024-05-26 09:15:00,223,985.8,88.9,0.0,22.6,2.3,210.008,14.55,70.0
2024-05-26 09:30:00,256,985.8,86.9,0.2,23.2,2.4,196.002,12.665,70.0
2024-05-26 09:45:00,291,985.8,85.3,0.1,23.7,2.5,229.0,13.515,70.0
2024-05-26 10:00:00,329,985.8,84.3,0.2,23.9,2.6,323.002,19.567,70.0
2024-05-26 10:15:00,371,985.8,83.1,0.2,24.3,2.6,452.003,27.567,70.0
2024-05-26 10:30:00,415,985.8,81.7,0.1,24.7,2.7,300.006,11.397,70.0
2024-05-26 10:45:00,461,985.8,79.1,0.2,25.3,2.8,179.003,5.776,70.0
2024-05-26 11:00:00,508,985.8,77.9,0.1,25.6,3.0,246.002,5.989,70.0
2024-05-26 11:15:00,553,985.8,77.4,0.3,25.6,3.1,184.006,9.224,70.0
2024-05-26 11:30:00,596,985.8,77.3,0.2,25.5,3.3,170.006,13.927,70.0
2024-05-26 11:45:00,636,985.8,77.5,0.5,25.5,3.5,279.002,17.415,70.0
2024-05-26 12:00:00,671,985.8,77.9,0.0,25.7,3.6,169.005,16.398,70.0
2024-05-26 12:15:00,700,985.8,76.7,0.1,26.0,3.8,115.001,15.715,70.0
2024-05-26 12:30:00,722,985.8,76.3,0.1,26.1,3.9,426.006,18.848,70.0
2024-05-26 12:45:00,735,985.8,77.0,0.1,25.9,4.0,517.005,23.193,70.0
2024-05-26 13:00:00,743,985.8,80.2,0.1,25.4,4.2,970.007,42.457,70.0
2024-05-26 13:15:00,746,985.8,79.1,0.0,25.4,4.3,916.008,53.316,70.0
2024-05-26 13:30:00,743,985.8,78.0,0.1,25.4,4.4,913.002,52.07,70.0
2024-05-26 13:45:00,735,985.8,74.5,0.1,25.7,4.5,888.009,42.673,70.0
2024-05-26 14:00:00,722,985.8,71.4,0.0,25.8,4.6,854.007,36.14,70.0
2024-05-26 14:15:00,703,985.8,68.8,0.0,26.1,4.6,809.003,33.747,70.0
2024-05-26 14:30:00,680,985.8,66.7,0.0,26.3,4.7,803.008,20.335,70.0
2024-05-26 14:45:00,653,985.8,64.8,0.0,26.3,4.8,766.008,30.778,70.0
2024-05-26 15:00:00,622,985.8,62.7,0.0,26.3,4.9,724.004,13.74,70.0
2024-05-26 15:15:00,588,985.8,61.6,0.0,26.1,4.9,663.005,26.056,70.0
2024-05-26 15:30:00,550,985.8,61.4,0.0,25.8,5.0,628.002,26.366,70.0
2024-05-26 15:45:00,509,985.8,61.3,0.1,25.6,5.0,571.006,25.347,70.0
2024-05-26 16:00:00,464,985.8,61.0,0.1,25.5,5.0,502.003,27.176,70.0
2024-05-26 16:15:00,416,985.8,60.9,0.1,25.4,5.0,490.003,22.998,70.0
2024-05-26 16:30:00,367,985.8,60.8,0.1,25.2,5.0,431.006,19.591,70.0
2024-05-26 16:45:00,318,985.8,60.9,0.2,25.0,4.9,372.007,16.625,70.0
2024-05-26 17:00:00,271,985.8,60.5,0.0,24.9,4.8,330.008,13.36,70.0
2024-05-26 17:15:00,226,985.8,59.1,0.0,24.8,4.7,303.005,10.484,70.0
2024-05-26 17:30:00,185,985.8,57.9,0.0,24.5,4.6,250.002,7.328,70.0
2024-05-26 17:45:00,148,985.8,58.1,0.0,24.2,4.5,197.004,5.289,70.0
2024-05-26 18:00:00,115,985.8,59.0,0.0,23.8,4.4,145.002,3.638,70.0
2024-05-26 18:15:00,87,985.8,61.9,0.0,23.3,4.2,105.007,2.598,70.0
2024-05-26 18:30:00,62,985.8,64.7,0.0,22.9,4.1,65.002,1.779,70.0
2024-05-26 18:45:00,40,985.8,64.0,0.0,22.4,4.0,23.005,0.967,70.0
2024-05-26 19:00:00,20,985.8,62.9,0.0,21.8,3.9,0.0,0.231,70.0
2024-05-26 19:15:00,2,985.8,62.9,0.0,21.3,3.7,0.0,0.0,70.0
2024-05-26 19:30:00,0,985.8,63.6,0.0,20.9,3.6,0.0,0.0,70.0
2024-05-26 19:45:00,0,985.8,65.0,0.0,20.5,3.5,0.0,0.0,70.0
2024-05-26 20:00:00,0,985.8,66.5,0.0,20.2,3.4,0.0,0.0,70.0
2024-05-26 20:15:00,0,985.8,67.8,0.0,19.9,3.3,0.0,0.0,70.0
2024-05-26 20:30:00,0,985.8,68.9,0.0,19.6,3.3,0.0,0.0,70.0
2024-05-26 20:45:00,0,985.8,69.2,0.0,19.3,3.2,0.0,0.0,70.0
2024-05-26 21:00:00,0,985.8,68.7,0.0,19.1,3.1,0.0,0.0,70.0
2024-05-26 21:15:00,0,985.8,68.0,0.0,19.0,3.0,0.0,0.0,70.0
2024-05-26 21:30:00,0,985.8,67.5,0.0,18.8,3.0,0.0,0.0,70.0
2024-05-26 21:45:00,0,985.8,67.3,0.0,18.6,2.9,0.0,0.0,70.0
2024-05-26 22:00:00,0,985.8,67.1,0.0,18.5,2.9,0.0,0.0,70.0
2024-05-26 22:15:00,0,985.8,66.8,0.0,18.3,2.8,0.0,0.0,70.0
2024-05-26 22:30:00,0,985.8,66.5,0.0,18.3,2.8,0.0,0.0,70.0
2024-05-26 22:45:00,0,985.8,66.3,0.0,18.2,2.8,0.0,0.0,70.0
2024-05-26 23:00:00,0,985.8,66.2,0.0,18.1,2.8,0.0,0.0,70.0
2024-05-26 23:15:00,0,985.8,66.4,0.0,18.0,2.9,0.0,0.0,70.0
2024-05-26 23:30:00,0,985.8,66.8,0.0,17.9,2.9,0.0,0.0,70.0
2024-05-26 23:45:00,0,985.8,67.2,0.0,17.8,2.9,0.0,0.0,70.0
2024-05-27 00:00:00,0,985.7,67.9,0.0,16.5,2.7,0.0,0.0,70.0
2024-05-27 00:15:00,0,985.7,68.1,0.0,16.5,2.7,0.0,0.0,70.0
2024-05-27 00:30:00,0,985.7,68.4,0.0,16.4,2.7,0.0,0.0,70.0
2024-05-27 00:45:00,0,985.7,68.8,0.0,16.3,2.8,0.0,0.0,70.0
2024-05-27 01:00:00,0,985.7,69.4,0.0,16.3,2.8,0.0,0.0,70.0
2024-05-27 01:15:00,0,985.7,70.0,0.0,16.2,2.8,0.0,0.0,70.0
2024-05-27 01:30:00,0,985.7,70.6,0.0,16.2,2.8,0.0,0.0,70.0
2024-05-27 01:45:00,0,985.7,71.0,0.0,16.1,2.9,0.0,0.0,70.0
2024-05-27 02:00:00,0,985.7,71.2,0.0,16.1,2.9,0.0,0.0,70.0
2024-05-27 02:15:00,0,985.7,71.3,0.0,16.1,2.9,0.0,0.0,70.0
2024-05-27 02:30:00,0,985.7,71.2,0.0,16.0,2.9,0.0,0.0,70.0
2024-05-27 02:45:00,0,985.7,71.1,0.0,16.0,2.9,0.0,0.0,70.0
2024-05-27 03:00:00,0,985.7,70.9,0.0,16.0,2.9,0.0,0.0,70.0
2024-05-27 03:15:00,0,985.7,70.6,0.0,15.9,2.9,0.0,0.0,70.0
2024-05-27 03:30:00,0,985.7,70.3,0.0,15.9,2.9,0.0,0.0,70.0
2024-05-27 03:45:00,0,985.7,70.0,0.0,15.8,2.8,0.0,0.0,70.0
2024-05-27 04:00:00,0,985.7,69.6,0.0,15.8,2.8,0.0,0.0,70.0
2024-05-27 04:15:00,0,985.7,69.1,0.0,15.7,2.7,0.0,0.0,70.0
2024-05-27 04:30:00,0,985.7,68.7,0.0,15.7,2.7,0.0,0.0,70.0
2024-05-27 04:45:00,0,985.7,68.1,0.0,15.6,2.6,0.0,0.0,70.0
2024-05-27 05:00:00,0,985.7,67.5,0.0,15.6,2.6,0.0,0.0,70.0
2024-05-27 05:15:00,17,985.7,66.9,0.0,15.6,2.5,18.008,0.699,70.0
2024-05-27 05:30:00,44,985.7,66.4,0.0,15.7,2.5,35.008,1.565,70.0
2024-05-27 05:45:00,71,985.7,65.9,0.0,15.8,2.5,51.006,2.632,70.0
2024-05-27 06:00:00,98,985.7,65.6,0.0,16.1,2.4,84.003,4.367,70.0
2024-05-27 06:15:00,126,985.7,65.5,0.0,16.4,2.4,106.008,5.24,70.0
2024-05-27 06:30:00,155,985.7,65.7,0.0,16.9,2.5,118.001,6.381,70.0
2024-05-27 06:45:00,186,985.7,66.2,0.0,17.4,2.5,143.001,8.168,70.0
2024-05-27 07:00:00,217,985.7,66.7,0.0,18.0,2.5,191.007,10.597,70.0
2024-05-27 07:15:00,251,985.8,65.6,0.0,18.5,2.6,211.008,12.277,70.0
2024-05-27 07:30:00,286,985.8,64.8,0.0,19.2,2.6,267.005,15.153,70.0
2024-05-27 07:45:00,323,985.8,62.2,0.0,20.1,2.7,249.005,14.465,70.0
2024-05-27 08:00:00,361,985.8,59.6,0.0,20.8,2.7,489.006,28.328,70.0
2024-05-27 08:15:00,401,985.8,57.7,0.0,21.4,2.7,603.006,30.042,70.0
2024-05-27 08:30:00,440,985.8,55.5,0.0,21.9,2.8,572.002,28.602,70.0
2024-05-27 08:45:00,480,985.8,55.0,0.0,22.4,2.8,530.01,35.004,70.0
2024-05-27 09:00:00,519,985.8,53.6,0.0,22.9,2.9,415.002,31.769,70.0
2024-05-27 09:15:00,556,985.8,51.7,0.0,23.3,3.0,875.003,45.96,70.0
2024-05-27 09:30:00,592,985.8,50.4,0.0,23.7,3.0,886.007,47.919,70.0
2024-05-27 09:45:00,624,985.8,48.7,0.0,24.1,3.1,845.006,50.576,70.0
2024-05-27 10:00:00,655,985.8,46.0,0.0,24.4,3.1,905.009,51.808,70.0
2024-05-27 10:15:00,683,985.8,44.5,0.0,24.6,3.2,856.004,53.389,70.0
2024-05-27 10:30:00,710,985.8,43.4,0.0,24.7,3.3,982.001,55.724,70.0
2024-05-27 10:45:00,733,985.8,41.4,0.0,25.0,3.4,1011.006,56.817,70.0
2024-05-27 11:00:00,754,985.8,41.4,0.0,25.1,3.5,1008.002,54.742,70.0
2024-05-27 11:15:00,772,985.8,42.5,0.0,25.2,3.5,1011.001,57.15,70.0
2024-05-27 11:30:00,787,985.8,43.1,0.0,25.3,3.5,1024.009,57.458,70.0
2024-05-27 11:45:00,798,985.8,42.6,0.0,25.5,3.6,1044.003,57.612,70.0
2024-05-27 12:00:00,805,985.8,42.1,0.0,25.6,3.6,949.008,51.844,70.0
2024-05-27 12:15:00,809,985.8,42.3,0.0,25.7,3.5,1059.006,55.858,70.0
2024-05-27 12:30:00,809,985.8,42.4,0.0,25.7,3.5,1035.006,56.123,70.0
2024-05-27 12:45:00,804,985.8,42.0,0.0,25.8,3.5,914.001,51.023,70.0
2024-05-27 13:00:00,797,985.8,41.1,0.0,26.0,3.5,1090.003,54.057,70.0
2024-05-27 13:15:00,787,985.8,40.0,0.0,26.0,3.4,961.0,51.969,70.0
2024-05-27 13:30:00,773,985.8,39.1,0.0,26.1,3.4,863.01,50.474,70.0
2024-05-27 13:45:00,756,985.8,38.7,0.0,26.1,3.3,779.003,41.521,70.0
2024-05-27 14:00:00,736,985.8,38.7,0.0,26.2,3.3,509.007,38.29,70.0
2024-05-27 14:15:00,712,985.8,38.7,0.0,26.2,3.3,920.005,50.188,70.0
2024-05-27 14:30:00,685,985.8,38.8,0.0,26.3,3.2,870.005,45.316,70.0
2024-05-27 14:45:00,654,985.8,38.6,0.0,26.3,3.1,782.005,44.654,70.0
2024-05-27 15:00:00,621,985.8,38.0,0.0,26.3,3.1,761.009,42.029,70.0
2024-05-27 15:15:00,584,985.8,37.4,0.0,26.3,3.0,684.005,37.708,70.0
2024-05-27 15:30:00,545,985.8,37.3,0.0,26.2,3.0,684.004,34.56,70.0
2024-05-27 15:45:00,503,985.8,37.9,0.0,26.2,2.9,624.003,32.462,70.0
2024-05-27 16:00:00,457,985.8,38.7,0.0,26.1,2.8,578.01,28.485,70.0
2024-05-27 16:15:00,410,985.8,39.1,0.0,26.1,2.7,529.01,25.092,70.0
2024-05-27 16:30:00,362,985.8,39.2,0.0,26.0,2.7,476.007,21.226,70.0
2024-05-27 16:45:00,315,985.8,39.7,0.0,25.8,2.6,425.002,17.22,70.0
2024-05-27 17:00:00,269,985.8,40.7,0.0,25.6,2.5,372.001,13.664,70.0
2024-05-27 17:15:00,226,985.8,42.3,0.0,25.5,2.4,311.005,10.403,70.0
2024-05-27 17:30:00,187,985.8,44.4,0.1,25.2,2.4,257.006,7.391,70.0
2024-05-27 17:45:00,151,985.8,47.0,0.1,24.9,2.3,205.003,5.212,70.0
2024-05-27 18:00:00,118,985.8,49.4,0.1,24.5,2.2,147.01,3.608,70.0
2024-05-27 18:15:00,90,985.8,52.5,0.0,24.1,2.2,104.0,2.641,70.0
2024-05-27 18:30:00,64,985.8,53.8,0.0,23.6,2.1,58.004,1.903,70.0
2024-05-27 18:45:00,42,985.8,54.2,0.0,23.2,2.0,25.007,1.169,70.0
2024-05-27 19:00:00,21,985.8,54.4,0.0,22.8,1.9,10.003,0.46,70.0
2024-05-27 19:15:00,3,985.8,54.4,0.0,22.6,1.9,0.0,0.0,70.0
2024-05-27 19:30:00,0,985.8,54.8,0.0,22.3,1.8,0.0,0.0,70.0
2024-05-27 19:45:00,0,985.8,56.4,0.1,22.1,1.7,0.0,0.0,70.0
2024-05-27 20:00:00,0,985.8,59.3,0.1,21.8,1.6,0.0,0.0,70.0
2024-05-27 20:15:00,0,985.8,61.4,0.1,21.6,1.6,0.0,0.0,70.0
2024-05-27 20:30:00,0,985.8,63.4,0.0,21.3,1.5,0.0,0.0,70.0
2024-05-27 20:45:00,0,985.8,66.2,0.0,20.9,1.5,0.0,0.0,70.0
2024-05-27 21:00:00,0,985.8,68.7,0.0,20.5,1.4,0.0,0.0,70.0
2024-05-27 21:15:00,0,985.8,69.6,0.0,20.3,1.4,0.0,0.0,70.0
2024-05-27 21:30:00,0,985.8,69.3,0.0,20.3,1.4,0.0,0.0,70.0
2024-05-27 21:45:00,0,985.8,69.1,0.0,20.2,1.3,0.0,0.0,70.0
2024-05-27 22:00:00,0,985.8,69.4,0.0,20.0,1.3,0.0,0.0,70.0
2024-05-27 22:15:00,0,985.8,70.3,0.0,19.8,1.3,0.0,0.0,70.0
2024-05-27 22:30:00,0,985.8,71.0,0.0,19.6,1.3,0.0,0.0,70.0
2024-05-27 22:45:00,0,985.8,71.5,0.0,19.4,1.3,0.0,0.0,70.0
2024-05-27 23:00:00,0,985.8,72.2,0.0,19.2,1.3,0.0,0.0,70.0
2024-05-27 23:15:00,0,985.8,72.5,0.0,19.0,1.3,0.0,0.0,70.0
2024-05-27 23:30:00,0,985.8,73.0,0.0,18.9,1.3,0.0,0.0,70.0
2024-05-27 23:45:00,0,985.8,73.4,0.0,18.7,1.3,0.0,0.0,70.0
2024-05-28 00:00:00,0,985.8,67.2,0.0,18.2,1.4,0.0,0.0,70.0
2024-05-28 00:15:00,0,985.8,66.9,0.0,18.1,1.4,0.0,0.0,70.0
2024-05-28 00:30:00,0,985.8,66.6,0.0,18.0,1.4,0.0,0.0,70.0
2024-05-28 00:45:00,0,985.8,66.2,0.0,18.0,1.4,0.0,0.0,70.0
2024-05-28 01:00:00,0,985.8,65.8,0.0,17.9,1.4,0.0,0.0,70.0
2024-05-28 01:15:00,0,985.8,65.5,0.0,17.8,1.4,0.0,0.0,70.0
2024-05-28 01:30:00,0,985.8,65.2,0.0,17.7,1.4,0.0,0.0,70.0
2024-05-28 01:45:00,0,985.8,65.0,0.0,17.6,1.5,0.0,0.0,70.0
2024-05-28 02:00:00,0,985.8,64.9,0.0,17.4,1.5,0.0,0.0,70.0
2024-05-28 02:15:00,0,985.8,64.7,0.0,17.3,1.5,0.0,0.0,70.0
2024-05-28 02:30:00,0,985.8,64.3,0.0,17.2,1.5,0.0,0.0,70.0
2024-05-28 02:45:00,0,985.8,63.7,0.0,17.2,1.6,0.0,0.0,70.0
2024-05-28 03:00:00,0,985.8,63.1,0.0,17.1,1.6,0.0,0.0,70.0
2024-05-28 03:15:00,0,985.8,62.4,0.0,17.1,1.6,0.0,0.0,70.0
2024-05-28 03:30:00,0,985.8,61.7,0.0,17.0,1.6,0.0,0.0,70.0
2024-05-28 03:45:00,0,985.8,61.0,0.0,17.0,1.7,0.0,0.0,70.0
2024-05-28 04:00:00,0,985.8,60.5,0.0,16.9,1.7,0.0,0.0,70.0
2024-05-28 04:15:00,0,985.8,60.0,0.0,16.9,1.6,0.0,0.0,70.0
2024-05-28 04:30:00,0,985.8,59.6,0.0,16.8,1.6,0.0,0.0,70.0
2024-05-28 04:45:00,0,985.8,59.2,0.0,16.8,1.6,0.0,0.0,70.0
2024-05-28 05:00:00,0,985.8,59.1,0.0,16.8,1.6,0.0,0.0,70.0
2024-05-28 05:15:00,21,985.8,59.1,0.0,16.8,1.5,25.003,0.746,70.0
2024-05-28 05:30:00,53,985.8,59.2,0.0,16.8,1.5,63.002,1.47,70.0
2024-05-28 05:45:00,85,985.8,59.4,0.0,16.8,1.5,109.004,2.22,70.0
2024-05-28 06:00:00,117,985.8,59.9,0.0,16.9,1.4,152.008,3.24,70.0
2024-05-28 06:15:00,150,985.8,60.6,0.0,17.2,1.4,196.005,4.677,70.0
2024-05-28 06:30:00,185,985.8,62.1,0.0,17.8,1.3,246.005,7.09,70.0
2024-05-28 06:45:00,221,985.8,64.5,0.0,18.2,1.3,297.007,10.221,70.0
2024-05-28 07:00:00,258,985.8,66.8,0.0,18.6,1.3,356.005,13.921,70.0
2024-05-28 07:15:00,298,985.8,68.2,0.0,19.2,1.2,411.001,17.813,70.0
2024-05-28 07:30:00,340,985.8,66.6,0.0,19.9,1.2,463.0,21.68,70.0
2024-05-28 07:45:00,384,985.8,64.8,0.0,20.5,1.1,516.009,25.452,70.0
2024-05-28 08:00:00,430,985.8,64.2,0.0,21.1,1.1,566.007,29.266,70.0
2024-05-28 08:15:00,477,985.8,62.1,0.0,21.7,1.0,608.004,32.829,70.0
2024-05-28 08:30:00,524,985.8,59.8,0.0,22.2,1.0,661.01,36.267,70.0
2024-05-28 08:45:00,570,985.8,58.3,0.0,22.8,0.9,711.005,39.264,70.0
2024-05-28 09:00:00,616,985.8,54.1,0.0,23.2,0.9,750.002,42.159,70.0
2024-05-28 09:15:00,659,985.8,50.1,0.0,23.7,0.9,788.003,44.766,70.0
2024-05-28 09:30:00,700,985.8,47.6,0.0,24.0,0.8,825.003,47.125,70.0
2024-05-28 09:45:00,736,985.8,46.0,0.0,24.3,0.8,871.005,49.168,70.0
2024-05-28 10:00:00,769,985.8,44.1,0.0,24.5,0.8,887.007,50.605,70.0
2024-05-28 10:15:00,799,985.8,41.8,0.0,24.8,0.9,920.004,52.267,70.0
2024-05-28 10:30:00,825,985.8,40.8,0.0,25.0,0.9,948.008,53.135,70.0
2024-05-28 10:45:00,848,985.8,39.3,0.0,25.3,0.9,963.003,54.268,70.0
2024-05-28 11:00:00,867,985.8,37.6,0.0,25.5,0.9,969.001,55.171,70.0
2024-05-28 11:15:00,882,985.8,36.2,0.0,25.7,1.0,1001.01,55.434,70.0
2024-05-28 11:30:00,894,985.8,34.7,0.0,25.9,1.0,1006.008,56.294,70.0
2024-05-28 11:45:00,901,985.8,33.2,0.0,26.1,1.1,1008.005,56.017,70.0
2024-05-28 12:00:00,905,985.8,32.3,0.0,26.3,1.1,1024.009,55.507,70.0
2024-05-28 12:15:00,904,985.8,32.1,0.0,26.4,1.2,1032.001,54.534,70.0
2024-05-28 12:30:00,900,985.8,32.1,0.0,26.5,1.2,1020.004,54.63,70.0
2024-05-28 12:45:00,892,985.8,32.5,0.0,26.6,1.3,1001.01,54.79,70.0
2024-05-28 13:00:00,882,985.8,33.1,0.0,26.7,1.3,974.005,54.597,70.0
2024-05-28 13:15:00,868,985.8,33.7,0.0,26.8,1.4,967.008,53.84,70.0
2024-05-28 13:30:00,851,985.8,34.1,0.0,26.9,1.5,968.01,53.134,70.0
2024-05-28 13:45:00,830,985.8,34.2,0.0,27.0,1.5,912.0,51.035,70.0
2024-05-28 14:00:00,806,985.8,34.0,0.0,27.0,1.6,803.0,49.514,70.0
2024-05-28 14:15:00,778,985.8,33.7,0.0,27.1,1.7,868.006,47.486,70.0
2024-05-28 14:30:00,747,985.8,33.2,0.0,27.1,1.7,822.001,45.492,70.0
2024-05-28 14:45:00,712,985.8,32.9,0.0,27.1,1.8,788.0,42.981,70.0
2024-05-28 15:00:00,674,985.8,32.5,0.0,27.1,1.8,753.009,40.522,70.0
2024-05-28 15:15:00,632,985.8,31.9,0.0,27.1,1.9,709.002,37.859,70.0
2024-05-28 15:30:00,588,985.8,31.2,0.0,27.1,1.9,662.008,34.593,70.0
2024-05-28 15:45:00,541,985.8,30.6,0.0,27.0,2.0,619.005,31.51,70.0
2024-05-28 16:00:00,490,985.8,30.3,0.0,26.9,2.0,572.0,28.223,70.0
2024-05-28 16:15:00,437,985.8,30.4,0.0,26.8,2.1,526.008,24.712,70.0
2024-05-28 16:30:00,383,985.8,30.7,0.0,26.7,2.1,458.01,21.013,70.0
2024-05-28 16:45:00,331,985.8,31.0,0.0,26.5,2.1,419.01,17.812,70.0
2024-05-28 17:00:00,280,985.8,32.5,0.0,26.3,2.2,387.005,15.712,70.0
2024-05-28 17:15:00,233,985.8,35.3,0.0,26.1,2.2,302.01,12.087,70.0
2024-05-28 17:30:00,190,985.8,39.7,0.0,25.9,2.2,250.007,8.169,70.0
2024-05-28 17:45:00,152,985.8,44.0,0.0,25.5,2.3,195.008,6.095,70.0
2024-05-28 18:00:00,118,985.8,47.0,0.0,25.1,2.3,59.002,3.66,70.0
2024-05-28 18:15:00,88,985.8,48.8,0.0,24.6,2.4,65.004,4.228,70.0
2024-05-28 18:30:00,63,985.8,50.1,0.0,24.0,2.4,102.009,5.303,70.0
2024-05-28 18:45:00,41,985.8,50.5,0.0,23.5,2.5,34.007,2.727,70.0
2024-05-28 19:00:00,21,985.8,51.0,0.0,23.0,2.5,7.003,1.684,70.0
2024-05-28 19:15:00,3,985.8,52.2,0.0,22.6,2.5,0.0,0.0,70.0
2024-05-28 19:30:00,0,985.8,53.9,0.0,22.3,2.5,0.0,0.0,70.0
2024-05-28 19:45:00,0,985.8,55.9,0.0,22.0,2.5,0.0,0.0,70.0
2024-05-28 20:00:00,0,985.8,57.8,0.0,21.7,2.6,0.0,0.0,70.0
2024-05-28 20:15:00,0,985.8,60.5,0.0,21.3,2.6,0.0,0.0,70.0
2024-05-28 20:30:00,0,985.8,63.2,0.0,21.0,2.6,0.0,0.0,70.0
2024-05-28 20:45:00,0,985.8,64.8,0.0,20.6,2.7,0.0,0.0,70.0
2024-05-28 21:00:00,0,985.8,65.7,0.0,20.4,2.7,0.0,0.0,70.0
2024-05-28 21:15:00,0,985.8,66.3,0.0,20.1,2.7,0.0,0.0,70.0
2024-05-28 21:30:00,0,985.8,66.5,0.0,19.9,2.7,0.0,0.0,70.0
2024-05-28 21:45:00,0,985.8,66.6,0.0,19.7,2.8,0.0,0.0,70.0
2024-05-28 22:00:00,0,985.8,66.5,0.0,19.5,2.8,0.0,0.0,70.0
2024-05-28 22:15:00,0,985.8,66.1,0.0,19.3,2.8,0.0,0.0,70.0
2024-05-28 22:30:00,0,985.8,65.4,0.0,19.1,2.8,0.0,0.0,70.0
2024-05-28 22:45:00,0,985.8,63.9,0.0,19.0,2.8,0.0,0.0,70.0
2024-05-28 23:00:00,0,985.8,62.4,0.0,18.9,2.9,0.0,0.0,70.0
2024-05-28 23:15:00,0,985.8,61.3,0.0,18.7,2.9,0.0,0.0,70.0
2024-05-28 23:30:00,0,985.8,60.6,0.0,18.5,2.9,0.0,0.0,70.0
2024-05-28 23:45:00,0,985.8,60.1,0.0,18.3,2.9,0.0,0.0,70.0
2024-05-29 00:00:00,0,985.8,57.4,0.0,18.3,2.5,0.0,0.0,70.0
2024-05-29 00:15:00,0,985.8,56.8,0.0,18.2,2.5,0.0,0.0,70.0
2024-05-29 00:30:00,0,985.8,56.5,0.0,18.1,2.4,0.0,0.0,70.0
2024-05-29 00:45:00,0,985.8,56.7,0.0,18.0,2.4,0.0,0.0,70.0
2024-05-29 01:00:00,0,985.8,57.1,0.0,17.9,2.4,0.0,0.0,70.0
2024-05-29 01:15:00,0,985.8,57.6,0.0,17.8,2.4,0.0,0.0,70.0
2024-05-29 01:30:00,0,985.8,58.2,0.0,17.6,2.3,0.0,0.0,70.0
2024-05-29 01:45:00,0,985.8,58.6,0.0,17.4,2.3,0.0,0.0,70.0
2024-05-29 02:00:00,0,985.8,58.9,0.0,17.3,2.3,0.0,0.0,70.0
2024-05-29 02:15:00,0,985.8,59.4,0.0,17.2,2.3,0.0,0.0,70.0
2024-05-29 02:30:00,0,985.8,59.8,0.0,17.0,2.2,0.0,0.0,70.0
2024-05-29 02:45:00,0,985.8,59.9,0.0,16.9,2.2,0.0,0.0,70.0
2024-05-29 03:00:00,0,985.8,60.0,0.0,16.8,2.2,0.0,0.0,70.0
2024-05-29 03:15:00,0,985.8,60.5,0.0,16.7,2.1,0.0,0.0,70.0
2024-05-29 03:30:00,0,985.8,60.9,0.0,16.5,2.1,0.0,0.0,70.0
2024-05-29 03:45:00,0,985.8,61.2,0.0,16.5,2.0,0.0,0.0,70.0
2024-05-29 04:00:00,0,985.8,61.6,0.0,16.4,2.0,0.0,0.0,70.0
2024-05-29 04:15:00,0,985.8,62.2,0.0,16.3,1.9,0.0,0.0,70.0
2024-05-29 04:30:00,0,985.8,62.7,0.0,16.2,1.9,0.0,0.0,70.0
2024-05-29 04:45:00,0,985.8,63.1,0.0,16.1,1.9,0.0,0.0,70.0
2024-05-29 05:00:00,0,985.8,63.6,0.0,16.1,1.9,0.0,0.0,70.0
2024-05-29 05:15:00,17,985.8,64.3,0.0,16.0,1.9,14.007,0.691,70.0
2024-05-29 05:30:00,42,985.8,65.0,0.0,16.0,1.9,39.007,1.986,70.0
2024-05-29 05:45:00,67,985.8,65.7,0.0,16.1,1.9,96.005,4.799,70.0
2024-05-29 06:00:00,92,985.8,66.4,0.0,16.3,1.9,186.005,6.702,70.0
2024-05-29 06:15:00,119,985.8,67.4,0.0,16.6,2.0,113.007,6.118,70.0
2024-05-29 06:30:00,147,985.8,69.1,0.0,16.9,2.0,79.005,5.791,70.0
2024-05-29 06:45:00,176,985.8,70.7,0.0,17.2,2.1,334.005,12.486,70.0
2024-05-29 07:00:00,209,985.8,71.6,0.0,17.7,2.2,363.008,12.678,70.0
2024-05-29 07:15:00,245,985.8,70.8,0.0,18.4,2.3,468.003,22.994,70.0
2024-05-29 07:30:00,284,985.8,68.2,0.0,19.1,2.3,402.008,13.367,70.0
2024-05-29 07:45:00,327,985.8,66.3,0.0,19.7,2.4,215.004,12.251,70.0
2024-05-29 08:00:00,372,985.8,64.6,0.0,20.3,2.5,287.003,27.52,70.0
2024-05-29 08:15:00,418,985.8,62.7,0.0,21.0,2.6,479.001,33.446,70.0
2024-05-29 08:30:00,466,985.8,59.9,0.0,21.6,2.8,325.005,19.982,70.0
2024-05-29 08:45:00,514,985.8,56.8,0.0,22.2,2.9,493.006,29.287,70.0
2024-05-29 09:00:00,561,985.8,54.6,0.0,22.7,3.1,744.003,43.032,70.0
2024-05-29 09:15:00,606,985.8,53.1,0.0,23.1,3.2,907.003,46.005,70.0
2024-05-29 09:30:00,647,985.8,51.8,0.0,23.3,3.4,921.004,46.016,70.0
2024-05-29 09:45:00,683,985.8,50.2,0.0,23.6,3.6,912.001,51.177,70.0
2024-05-29 10:00:00,714,985.8,49.3,0.0,23.7,3.7,903.006,51.218,70.0
2024-05-29 10:15:00,742,985.8,48.8,0.0,23.9,3.9,904.008,51.289,70.0
2024-05-29 10:30:00,766,985.8,45.7,0.0,24.4,4.1,695.002,50.892,70.0
2024-05-29 10:45:00,786,985.8,43.1,0.0,24.8,4.2,962.002,45.846,70.0
2024-05-29 11:00:00,801,985.8,41.6,0.0,25.0,4.4,514.004,26.536,70.0
2024-05-29 11:15:00,812,985.8,41.5,0.0,25.2,4.5,908.007,45.226,70.0
2024-05-29 11:30:00,820,985.8,39.9,0.0,25.5,4.6,1020.005,57.066,70.0
2024-05-29 11:45:00,824,985.8,38.2,0.0,25.7,4.7,1046.003,56.584,70.0
2024-05-29 12:00:00,824,985.8,37.4,0.0,25.8,4.8,1053.004,55.766,70.0
2024-05-29 12:15:00,821,985.8,37.2,0.0,26.0,4.9,949.004,53.482,70.0
2024-05-29 12:30:00,815,985.8,36.8,0.0,26.1,4.9,965.006,50.115,70.0
2024-05-29 12:45:00,806,985.8,37.2,0.0,26.2,5.0,824.001,45.215,70.0
2024-05-29 13:00:00,796,985.8,37.4,0.0,26.2,5.0,986.006,55.985,70.0
2024-05-29 13:15:00,784,985.8,37.9,0.0,26.3,5.1,895.001,50.766,70.0
2024-05-29 13:30:00,769,985.8,38.2,0.0,26.3,5.1,567.005,37.188,70.0
2024-05-29 13:45:00,751,985.8,38.2,0.0,26.3,5.1,673.0,45.421,70.0
2024-05-29 14:00:00,730,985.8,37.6,0.0,26.2,5.1,695.009,41.447,70.0
2024-05-29 14:15:00,705,985.8,37.7,0.0,26.2,5.1,615.008,44.205,70.0
2024-05-29 14:30:00,677,985.8,37.4,0.0,26.2,5.1,812.008,37.441,70.0
2024-05-29 14:45:00,644,985.8,37.6,0.0,26.1,5.1,493.006,40.478,70.0
2024-05-29 15:00:00,607,985.8,38.8,0.0,26.0,5.1,724.0,35.95,70.0
2024-05-29 15:15:00,566,985.8,39.8,0.0,26.0,5.0,435.004,18.443,70.0
2024-05-29 15:30:00,522,985.8,40.8,0.0,25.8,4.9,313.008,22.882,70.0
2024-05-29 15:45:00,474,985.8,41.8,0.0,25.6,4.8,248.004,15.524,70.0
2024-05-29 16:00:00,421,985.8,42.8,0.0,25.4,4.7,330.006,17.682,70.0
2024-05-29 16:15:00,366,985.8,43.9,0.0,25.1,4.6,348.007,17.599,70.0
2024-05-29 16:30:00,311,985.8,45.3,0.0,24.9,4.5,309.0,13.9,70.0
2024-05-29 16:45:00,258,985.8,47.4,0.0,24.5,4.4,221.009,10.798,70.0
2024-05-29 17:00:00,207,985.8,50.0,0.0,23.9,4.3,121.006,7.004,70.0
2024-05-29 17:15:00,162,985.8,51.1,0.0,23.4,4.1,86.004,4.681,70.0
2024-05-29 17:30:00,123,985.8,52.2,0.0,22.9,4.0,60.01,3.535,70.0
2024-05-29 17:45:00,89,985.8,53.6,0.0,22.5,3.9,57.004,3.324,70.0
2024-05-29 18:00:00,62,985.8,54.6,0.0,22.1,3.7,39.008,2.204,70.0
2024-05-29 18:15:00,42,985.8,56.3,0.0,21.7,3.6,23.01,1.367,70.0
2024-05-29 18:30:00,26,985.8,58.3,0.0,21.2,3.4,15.004,0.786,70.0
2024-05-29 18:45:00,15,985.8,60.1,0.0,20.8,3.3,0.0,0.289,70.0
2024-05-29 19:00:00,7,985.8,61.9,0.0,20.4,3.2,0.0,0.106,70.0
2024-05-29 19:15:00,1,985.8,63.8,0.0,20.1,3.0,0.0,0.0,70.0
2024-05-29 19:30:00,0,985.8,65.5,0.0,19.9,2.9,0.0,0.0,70.0
2024-05-29 19:45:00,0,985.8,67.0,0.0,19.6,2.7,0.0,0.0,70.0
2024-05-29 20:00:00,0,985.8,68.1,0.0,19.4,2.6,0.0,0.0,70.0
2024-05-29 20:15:00,0,985.8,68.9,0.0,19.2,2.5,0.0,0.0,70.0
2024-05-29 20:30:00,0,985.8,69.6,0.0,19.1,2.3,0.0,0.0,70.0
2024-05-29 20:45:00,0,985.8,70.4,0.0,18.9,2.2,0.0,0.0,70.0
2024-05-29 21:00:00,0,985.8,71.1,0.0,18.8,2.1,0.0,0.0,70.0
2024-05-29 21:15:00,0,985.8,71.9,0.0,18.6,2.0,0.0,0.0,70.0
2024-05-29 21:30:00,0,985.8,72.7,0.0,18.4,2.0,0.0,0.0,70.0
2024-05-29 21:45:00,0,985.8,73.6,0.0,18.3,1.9,0.0,0.0,70.0
2024-05-29 22:00:00,0,985.8,74.5,0.0,18.2,1.8,0.0,0.0,70.0
2024-05-29 22:15:00,0,985.8,75.3,0.0,18.1,1.8,0.0,0.0,70.0
2024-05-29 22:30:00,0,985.8,76.1,0.0,18.0,1.7,0.0,0.0,70.0
2024-05-29 22:45:00,0,985.8,76.9,0.0,17.9,1.7,0.0,0.0,70.0
2024-05-29 23:00:00,0,985.8,77.8,0.0,17.9,1.7,0.0,0.0,70.0
2024-05-29 23:15:00,0,985.8,78.7,0.0,17.8,1.6,0.0,0.0,70.0
2024-05-29 23:30:00,0,985.8,79.7,0.0,17.7,1.6,0.0,0.0,70.0
2024-05-29 23:45:00,0,985.8,80.7,0.0,17.7,1.6,0.0,0.0,70.0
2024-05-31 00:00:00,0,985.8,94.3,0.0,19.3,3.4,0.0,0.0,70.0
2024-05-31 00:15:00,0,985.8,94.5,0.0,19.2,3.4,0.0,0.0,70.0
2024-05-31 00:30:00,0,985.8,94.7,0.0,19.1,3.3,0.0,0.0,70.0
2024-05-31 00:45:00,0,985.8,94.8,0.0,19.0,3.2,0.0,0.0,70.0
2024-05-31 01:00:00,0,985.8,95.1,0.0,18.8,3.1,0.0,0.0,70.0
2024-05-31 01:15:00,0,985.8,95.3,0.0,18.7,3.0,0.0,0.0,70.0
2024-05-31 01:30:00,0,985.8,95.6,0.0,18.6,2.9,0.0,0.0,70.0
2024-05-31 01:45:00,0,985.8,95.8,0.0,18.4,2.8,0.0,0.0,70.0
2024-05-31 02:00:00,0,985.8,96.2,0.0,18.3,2.7,0.0,0.0,70.0
2024-05-31 02:15:00,0,985.8,96.6,0.0,18.1,2.6,0.0,0.0,70.0
2024-05-31 02:30:00,0,985.8,96.8,0.0,18.0,2.4,0.0,0.0,70.0
2024-05-31 02:45:00,0,985.8,96.9,0.0,17.9,2.3,0.0,0.0,70.0
2024-05-31 03:00:00,0,985.8,97.0,0.0,17.8,2.2,0.0,0.0,70.0
2024-05-31 03:15:00,0,985.8,97.0,0.0,17.7,2.1,0.0,0.0,70.0
2024-05-31 03:30:00,0,985.8,97.0,0.0,17.6,2.0,0.0,0.0,70.0
2024-05-31 03:45:00,0,985.8,97.2,0.0,17.5,1.8,0.0,0.0,70.0
2024-05-31 04:00:00,0,985.8,97.3,0.0,17.5,1.7,0.0,0.0,70.0
2024-05-31 04:15:00,0,985.8,97.3,0.0,17.4,1.6,0.0,0.0,70.0
2024-05-31 04:30:00,0,985.8,97.2,0.0,17.4,1.5,0.0,0.0,70.0
2024-05-31 04:45:00,0,985.8,97.1,0.0,17.4,1.4,0.0,0.0,70.0
2024-05-31 05:00:00,0,985.8,97.0,0.0,17.4,1.4,0.0,0.0,70.0
2024-05-31 05:15:00,22,985.8,97.1,0.0,17.3,1.3,16.002,0.765,70.0
2024-05-31 05:30:00,51,985.8,97.3,0.0,17.3,1.3,60.008,2.796,70.0
2024-05-31 05:45:00,81,985.8,97.2,0.0,17.4,1.3,109.007,4.087,70.0
2024-05-31 06:00:00,111,985.8,97.3,0.0,17.5,1.3,51.006,3.631,70.0
2024-05-31 06:15:00,142,985.8,97.5,0.0,17.6,1.3,201.005,6.611,70.0
2024-05-31 06:30:00,174,985.8,97.6,0.0,17.7,1.3,139.0,9.541,70.0
2024-05-31 06:45:00,207,985.8,96.7,0.0,17.9,1.4,256.001,12.022,70.0
2024-05-31 07:00:00,243,985.8,95.8,0.0,18.2,1.4,229.006,12.111,70.0
2024-05-31 07:15:00,281,985.8,94.7,0.0,18.7,1.4,384.01,17.72,70.0
2024-05-31 07:30:00,321,985.8,92.6,0.0,19.4,1.5,428.007,20.307,70.0
2024-05-31 07:45:00,363,985.8,88.4,0.0,20.5,1.6,481.007,23.821,70.0
2024-05-31 08:00:00,407,985.8,84.5,0.0,21.5,1.6,515.0,26.69,70.0
2024-05-31 08:15:00,452,985.8,80.7,0.0,22.4,1.7,556.007,30.656,70.0
2024-05-31 08:30:00,497,985.8,76.9,0.0,23.1,1.8,598.004,32.931,70.0
2024-05-31 08:45:00,541,985.9,73.4,0.0,23.8,1.9,637.007,36.108,70.0
2024-05-31 09:00:00,584,985.9,70.3,0.0,24.6,2.0,683.002,38.117,70.0
2024-05-31 09:15:00,624,985.9,68.1,0.0,25.1,2.2,719.008,41.08,70.0
2024-05-31 09:30:00,660,985.9,66.1,0.0,25.7,2.3,770.002,44.18,70.0
2024-05-31 09:45:00,690,985.9,64.5,0.0,26.1,2.5,824.007,44.083,70.0
2024-05-31 10:00:00,716,985.9,63.2,0.0,26.5,2.7,821.009,40.859,70.0
2024-05-31 10:15:00,737,985.9,61.6,0.0,27.0,2.8,848.006,48.435,70.0
2024-05-31 10:30:00,753,985.9,59.0,0.0,27.3,3.0,891.001,50.081,70.0
2024-05-31 10:45:00,765,985.9,56.4,0.0,27.6,3.1,923.009,49.764,70.0
2024-05-31 11:00:00,773,985.9,55.8,0.0,27.8,3.2,916.001,48.904,70.0
2024-05-31 11:15:00,776,985.9,56.1,0.0,27.9,3.3,899.003,53.693,70.0
2024-05-31 11:30:00,776,985.9,55.9,0.0,28.1,3.4,916.001,53.123,70.0
2024-05-31 11:45:00,772,985.9,54.0,0.0,28.1,3.5,934.002,54.062,70.0
2024-05-31 12:00:00,765,985.9,51.1,0.0,27.8,3.6,1012.007,45.554,70.0
2024-05-31 12:15:00,756,985.9,48.6,0.0,27.7,3.7,743.008,44.414,70.0
2024-05-31 12:30:00,745,985.9,47.6,0.0,28.0,3.8,1019.005,43.106,70.0
2024-05-31 12:45:00,732,985.9,46.9,0.0,28.1,3.9,907.002,54.538,70.0
2024-05-31 13:00:00,717,985.9,46.4,0.0,28.1,4.0,424.004,44.619,70.0
2024-05-31 13:15:00,700,985.9,46.1,0.0,28.2,4.1,1012.006,31.609,70.0
2024-05-31 13:30:00,681,985.9,46.1,0.0,28.1,4.2,772.005,28.917,70.0
2024-05-31 13:45:00,659,985.9,47.9,0.1,27.7,4.3,373.002,36.254,70.0
2024-05-31 14:00:00,635,985.9,48.9,0.1,27.6,4.3,680.002,41.523,70.0
2024-05-31 14:15:00,609,985.9,48.9,0.0,27.8,4.4,419.005,35.355,70.0
2024-05-31 14:30:00,581,985.9,49.2,0.0,27.8,4.5,665.004,29.371,70.0
2024-05-31 14:45:00,550,985.9,49.4,0.0,27.6,4.6,434.01,21.006,70.0
2024-05-31 15:00:00,517,985.9,49.6,0.0,27.6,4.6,531.008,44.144,70.0
2024-05-31 15:15:00,482,985.9,50.1,0.0,27.5,4.6,672.006,27.376,70.0
2024-05-31 15:30:00,445,985.9,52.5,0.0,27.1,4.7,724.006,31.706,70.0
2024-05-31 15:45:00,407,985.9,53.4,0.0,26.9,4.7,596.01,24.338,70.0
2024-05-31 16:00:00,366,985.9,54.4,0.0,26.7,4.7,421.01,17.613,70.0
2024-05-31 16:15:00,324,985.9,55.4,0.0,26.3,4.8,239.007,11.751,70.0
2024-05-31 16:30:00,282,985.9,57.8,0.0,25.8,4.8,243.003,17.046,70.0
2024-05-31 16:45:00,241,985.9,60.1,0.0,25.4,4.8,373.002,14.529,70.0
2024-05-31 17:00:00,203,985.9,62.1,0.0,24.9,4.8,202.002,9.8,70.0
2024-05-31 17:15:00,167,985.9,62.9,0.0,24.3,4.8,147.003,8.182,70.0
2024-05-31 17:30:00,135,985.9,63.3,0.0,23.7,4.8,191.006,8.763,70.0
2024-05-31 17:45:00,106,985.9,64.6,0.0,23.2,4.7,112.009,5.878,70.0
2024-05-31 18:00:00,81,985.9,65.5,0.0,22.6,4.7,110.008,5.022,70.0
2024-05-31 18:15:00,60,985.9,66.2,0.0,22.1,4.7,62.003,2.981,70.0
2024-05-31 18:30:00,43,985.8,69.1,0.0,21.6,4.6,50.001,2.506,70.0
2024-05-31 18:45:00,28,985.8,71.1,0.0,21.2,4.5,18.001,0.747,70.0
2024-05-31 19:00:00,15,985.8,71.4,0.0,20.7,4.5,9.003,0.289,70.0
2024-05-31 19:15:00,3,985.8,72.2,0.0,20.3,4.4,0.0,0.0,70.0
2024-05-31 19:30:00,0,985.8,72.4,0.0,20.0,4.3,0.0,0.0,70.0
2024-05-31 19:45:00,0,985.8,72.2,0.0,19.6,4.2,0.0,0.0,70.0
2024-05-31 20:00:00,0,985.8,72.9,0.0,19.3,4.1,0.0,0.0,70.0
2024-05-31 20:15:00,0,985.8,73.8,0.0,19.0,4.0,0.0,0.0,70.0
2024-05-31 20:30:00,0,985.8,74.6,0.0,18.8,3.9,0.0,0.0,70.0
2024-05-31 20:45:00,0,985.8,75.2,0.0,18.6,3.8,0.0,0.0,70.0
2024-05-31 21:00:00,0,985.8,75.4,0.0,18.4,3.7,0.0,0.0,70.0
2024-05-31 21:15:00,0,985.8,75.5,0.0,18.2,3.6,0.0,0.0,70.0
2024-05-31 21:30:00,0,985.8,75.5,0.0,18.1,3.5,0.0,0.0,70.0
2024-05-31 21:45:00,0,985.8,75.7,0.0,17.9,3.4,0.0,0.0,70.0
2024-05-31 22:00:00,0,985.8,75.8,0.0,17.8,3.3,0.0,0.0,70.0
2024-05-31 22:15:00,0,985.8,76.1,0.0,17.6,3.2,0.0,0.0,70.0
2024-05-31 22:30:00,0,985.8,76.4,0.0,17.5,3.1,0.0,0.0,70.0
2024-05-31 22:45:00,0,985.8,76.8,0.0,17.3,3.0,0.0,0.0,70.0
2024-05-31 23:00:00,0,985.8,77.0,0.0,17.2,2.9,0.0,0.0,70.0
2024-05-31 23:15:00,0,985.8,77.0,0.0,17.1,2.9,0.0,0.0,70.0
2024-05-31 23:30:00,0,985.8,76.9,0.0,17.0,2.8,0.0,0.0,70.0
2024-05-31 23:45:00,0,985.8,76.7,0.0,16.9,2.8,0.0,0.0,70.0
2024-06-01 00:00:00,0,985.8,75.8,0.0,16.9,2.4,0.0,0.0,70.0
2024-06-01 00:15:00,0,985.8,75.7,0.0,16.7,2.3,0.0,0.0,70.0
2024-06-01 00:30:00,0,985.8,75.4,0.0,16.6,2.3,0.0,0.0,70.0
2024-06-01 00:45:00,0,985.8,74.9,0.0,16.5,2.2,0.0,0.0,70.0
2024-06-01 01:00:00,0,985.8,74.2,0.0,16.4,2.2,0.0,0.0,70.0
2024-06-01 01:15:00,0,985.8,73.5,0.0,16.4,2.2,0.0,0.0,70.0
2024-06-01 01:30:00,0,985.8,72.8,0.0,16.3,2.1,0.0,0.0,70.0
2024-06-01 01:45:00,0,985.8,72.0,0.0,16.2,2.1,0.0,0.0,70.0
2024-06-01 02:00:00,0,985.8,71.3,0.0,16.2,2.1,0.0,0.0,70.0
2024-06-01 02:15:00,0,985.8,70.6,0.0,16.1,2.1,0.0,0.0,70.0
2024-06-01 02:30:00,0,985.8,69.8,0.0,16.1,2.1,0.0,0.0,70.0
2024-06-01 02:45:00,0,985.8,69.0,0.0,16.1,2.1,0.0,0.0,70.0
2024-06-01 03:00:00,0,985.8,68.4,0.0,16.0,2.1,0.0,0.0,70.0
2024-06-01 03:15:00,0,985.8,67.7,0.0,16.0,2.1,0.0,0.0,70.0
2024-06-01 03:30:00,0,985.8,67.1,0.0,16.0,2.1,0.0,0.0,70.0
2024-06-01 03:45:00,0,985.8,66.5,0.0,15.9,2.1,0.0,0.0,70.0
2024-06-01 04:00:00,0,985.8,65.8,0.0,15.9,2.0,0.0,0.0,70.0
2024-06-01 04:15:00,0,985.8,65.2,0.0,15.9,2.0,0.0,0.0,70.0
2024-06-01 04:30:00,0,985.8,64.7,0.0,15.9,2.0,0.0,0.0,70.0
2024-06-01 04:45:00,0,985.8,64.2,0.0,15.8,1.9,0.0,0.0,70.0
2024-06-01 05:00:00,0,985.8,63.7,0.0,15.8,1.9,0.0,0.0,70.0
2024-06-01 05:15:00,21,985.8,63.3,0.0,15.7,1.8,18.006,0.803,70.0
2024-06-01 05:30:00,50,985.8,62.8,0.0,15.8,1.8,32.004,1.223,70.0
2024-06-01 05:45:00,78,985.8,62.4,0.0,15.9,1.7,53.007,2.402,70.0
2024-06-01 06:00:00,107,985.8,62.1,0.0,16.3,1.7,167.001,4.272,70.0
2024-06-01 06:15:00,137,985.8,62.2,0.0,16.7,1.6,239.004,7.389,70.0
2024-06-01 06:30:00,168,985.8,62.8,0.0,17.2,1.6,98.002,4.915,70.0
2024-06-01 06:45:00,201,985.8,63.6,0.0,17.6,1.5,191.007,10.76,70.0
2024-06-01 07:00:00,236,985.8,63.9,0.0,18.1,1.5,263.001,11.631,70.0
2024-06-01 07:15:00,274,985.8,61.8,0.0,18.7,1.4,473.008,17.297,70.0
2024-06-01 07:30:00,315,985.8,60.1,0.0,19.3,1.4,316.006,16.862,70.0
2024-06-01 07:45:00,358,985.8,57.3,0.0,19.9,1.3,262.007,11.91,70.0
2024-06-01 08:00:00,404,985.8,53.6,0.0,20.4,1.3,586.0,27.877,70.0
2024-06-01 08:15:00,451,985.9,52.8,0.0,20.8,1.2,682.01,36.83,70.0
2024-06-01 08:30:00,499,985.9,51.6,0.0,21.2,1.2,525.007,26.119,70.0
2024-06-01 08:45:00,546,985.9,48.7,0.0,21.6,1.1,736.006,40.891,70.0
2024-06-01 09:00:00,593,985.9,48.2,0.0,21.9,1.1,756.005,42.308,70.0
2024-06-01 09:15:00,638,985.9,47.5,0.0,22.3,1.1,566.007,33.04,70.0
2024-06-01 09:30:00,679,985.9,45.7,0.0,22.6,1.0,829.001,46.283,70.0
2024-06-01 09:45:00,716,985.9,45.2,0.0,22.9,1.0,809.005,47.893,70.0
2024-06-01 10:00:00,749,985.9,45.0,0.0,23.2,1.0,905.008,49.955,70.0
2024-06-01 10:15:00,780,985.9,44.1,0.0,23.5,1.0,912.005,52.0,70.0
2024-06-01 10:30:00,806,985.9,43.4,0.0,23.8,1.0,956.007,49.929,70.0
2024-06-01 10:45:00,829,985.9,42.9,0.0,24.1,1.0,994.008,49.767,70.0
2024-06-01 11:00:00,848,985.9,42.7,0.0,24.3,1.0,993.004,53.843,70.0
2024-06-01 11:15:00,863,985.9,42.3,0.0,24.6,1.0,1043.006,56.182,70.0
2024-06-01 11:30:00,875,985.9,42.0,0.0,24.8,1.1,789.007,45.586,70.0
2024-06-01 11:45:00,882,985.9,41.5,0.0,24.9,1.1,1029.005,54.171,70.0
2024-06-01 12:00:00,886,985.9,41.2,0.0,25.1,1.1,942.008,53.865,70.0
2024-06-01 12:15:00,885,985.9,40.8,0.0,25.3,1.2,1014.003,52.508,70.0
2024-06-01 12:30:00,881,985.9,40.5,0.0,25.5,1.2,1019.008,52.495,70.0
2024-06-01 12:45:00,874,985.9,40.2,0.0,25.6,1.2,914.009,51.02,70.0
2024-06-01 13:00:00,864,985.9,40.2,0.0,25.7,1.2,947.001,52.88,70.0
2024-06-01 13:15:00,851,985.9,40.2,0.0,25.8,1.3,955.008,52.158,70.0
2024-06-01 13:30:00,834,985.9,40.2,0.0,26.0,1.3,952.005,51.813,70.0
2024-06-01 13:45:00,815,985.9,40.1,0.0,26.0,1.3,910.004,53.732,70.0
2024-06-01 14:00:00,791,985.9,40.0,0.0,26.1,1.4,842.003,50.377,70.0
2024-06-01 14:15:00,764,985.9,40.0,0.0,26.1,1.4,893.001,49.105,70.0
2024-06-01 14:30:00,734,985.9,40.1,0.0,26.1,1.4,614.004,36.859,70.0
2024-06-01 14:45:00,699,985.9,40.2,0.0,26.1,1.5,321.002,22.761,70.0
2024-06-01 15:00:00,662,985.9,40.4,0.0,26.1,1.5,539.007,27.692,70.0
2024-06-01 15:15:00,621,985.9,40.5,0.0,26.0,1.5,560.009,32.813,70.0
2024-06-01 15:30:00,577,985.9,40.4,0.0,26.0,1.5,563.002,31.993,70.0
2024-06-01 15:45:00,530,985.9,40.5,0.0,26.0,1.6,496.001,25.033,70.0
2024-06-01 16:00:00,479,985.9,40.6,0.0,26.0,1.6,598.004,23.418,70.0
2024-06-01 16:15:00,426,985.9,40.8,0.0,25.9,1.7,396.002,22.678,70.0
2024-06-01 16:30:00,372,985.9,41.2,0.0,25.7,1.7,372.009,17.258,70.0
2024-06-01 16:45:00,320,985.9,42.4,0.0,25.5,1.8,350.006,17.793,70.0
2024-06-01 17:00:00,270,985.9,45.0,0.0,25.3,1.8,340.006,15.283,70.0
2024-06-01 17:15:00,223,985.9,47.9,0.0,25.0,1.9,186.002,9.824,70.0
2024-06-01 17:30:00,181,985.9,50.2,0.0,24.8,1.9,164.007,7.821,70.0
2024-06-01 17:45:00,143,985.9,52.6,0.0,24.5,2.0,110.003,5.983,70.0
2024-06-01 18:00:00,111,985.9,54.7,0.1,24.2,2.0,87.008,4.576,70.0
2024-06-01 18:15:00,83,985.9,55.8,0.1,23.8,2.0,58.006,3.427,70.0
2024-06-01 18:30:00,59,985.9,56.8,0.1,23.4,2.0,41.008,2.049,70.0
2024-06-01 18:45:00,39,985.9,57.4,0.1,23.1,2.0,17.0,0.915,70.0
2024-06-01 19:00:00,21,985.9,57.1,0.0,22.8,2.1,0.0,0.424,70.0
2024-06-01 19:15:00,5,985.9,57.7,0.0,22.6,2.1,0.0,0.0,70.0
2024-06-01 19:30:00,0,985.9,58.6,0.0,22.4,2.1,0.0,0.0,70.0
2024-06-01 19:45:00,0,985.9,59.3,0.0,22.2,2.1,0.0,0.0,70.0
2024-06-01 20:00:00,0,985.9,60.1,0.0,22.0,2.1,0.0,0.0,70.0
2024-06-01 20:15:00,0,985.9,61.1,0.0,21.8,2.1,0.0,0.0,70.0
2024-06-01 20:30:00,0,985.9,62.2,0.0,21.6,2.1,0.0,0.0,70.0
2024-06-01 20:45:00,0,985.9,62.9,0.0,21.4,2.1,0.0,0.0,70.0
2024-06-01 21:00:00,0,985.9,63.4,0.0,21.3,2.1,0.0,0.0,70.0
2024-06-01 21:15:00,0,985.9,64.0,0.0,21.1,2.1,0.0,0.0,70.0
2024-06-01 21:30:00,0,985.9,65.5,0.0,20.9,2.1,0.0,0.0,70.0
2024-06-01 21:45:00,0,985.9,67.7,0.0,20.7,2.1,0.0,0.0,70.0
2024-06-01 22:00:00,0,985.9,68.6,0.0,20.4,2.1,0.0,0.0,70.0
2024-06-01 22:15:00,0,985.9,68.1,0.0,20.3,2.0,0.0,0.0,70.0
2024-06-01 22:30:00,0,985.9,68.0,0.0,20.3,2.0,0.0,0.0,70.0
2024-06-01 22:45:00,0,985.9,68.5,0.0,20.1,1.9,0.0,0.0,70.0
2024-06-01 23:00:00,0,985.8,69.5,0.0,20.0,1.9,0.0,0.0,70.0
2024-06-01 23:15:00,0,985.8,70.0,0.0,19.9,1.8,0.0,0.0,70.0
2024-06-01 23:30:00,0,985.8,70.2,0.0,19.8,1.8,0.0,0.0,70.0
2024-06-01 23:45:00,0,985.8,70.1,0.0,19.7,1.7,0.0,0.0,70.0
2024-06-02 00:00:00,0,985.8,67.5,0.0,19.3,1.9,0.0,0.0,70.0
2024-06-02 00:15:00,0,985.8,67.8,0.0,19.2,1.9,0.0,0.0,70.0
2024-06-02 00:30:00,0,985.8,68.2,0.0,19.1,1.8,0.0,0.0,70.0
2024-06-02 00:45:00,0,985.8,68.6,0.0,19.0,1.7,0.0,0.0,70.0
2024-06-02 01:00:00,0,985.8,69.1,0.0,19.0,1.7,0.0,0.0,70.0
2024-06-02 01:15:00,0,985.8,69.8,0.0,18.9,1.6,0.0,0.0,70.0
2024-06-02 01:30:00,0,985.8,70.4,0.0,18.9,1.6,0.0,0.0,70.0
2024-06-02 01:45:00,0,985.8,70.9,0.0,18.8,1.5,0.0,0.0,70.0
2024-06-02 02:00:00,0,985.8,71.2,0.0,18.8,1.5,0.0,0.0,70.0
2024-06-02 02:15:00,0,985.8,71.4,0.0,18.7,1.4,0.0,0.0,70.0
2024-06-02 02:30:00,0,985.8,71.5,0.0,18.7,1.4,0.0,0.0,70.0
2024-06-02 02:45:00,0,985.8,71.5,0.0,18.7,1.3,0.0,0.0,70.0
2024-06-02 03:00:00,0,985.8,71.4,0.0,18.6,1.3,0.0,0.0,70.0
2024-06-02 03:15:00,0,985.8,71.3,0.0,18.6,1.2,0.0,0.0,70.0
2024-06-02 03:30:00,0,985.8,71.1,0.0,18.6,1.2,0.0,0.0,70.0
2024-06-02 03:45:00,0,985.8,71.0,0.0,18.5,1.1,0.0,0.0,70.0
2024-06-02 04:00:00,0,985.8,70.9,0.0,18.5,1.1,0.0,0.0,70.0
2024-06-02 04:15:00,0,985.8,70.8,0.0,18.5,1.1,0.0,0.0,70.0
2024-06-02 04:30:00,0,985.8,70.5,0.0,18.4,1.0,0.0,0.0,70.0
2024-06-02 04:45:00,0,985.8,70.1,0.0,18.4,1.0,0.0,0.0,70.0
2024-06-02 05:00:00,0,985.8,69.7,0.0,18.4,1.0,0.0,0.0,70.0
2024-06-02 05:15:00,17,985.8,69.3,0.0,18.4,1.0,13.008,0.4,70.0
2024-06-02 05:30:00,38,985.8,69.2,0.0,18.4,1.0,32.002,1.477,70.0
2024-06-02 05:45:00,59,985.8,69.2,0.0,18.4,1.0,77.009,3.974,70.0
2024-06-02 06:00:00,81,985.8,69.0,0.0,18.4,1.1,98.005,3.535,70.0
2024-06-02 06:15:00,104,985.8,68.7,0.0,18.6,1.1,81.008,4.592,70.0
2024-06-02 06:30:00,128,985.8,68.7,0.0,18.7,1.2,205.007,9.279,70.0
2024-06-02 06:45:00,154,985.8,69.3,0.0,18.9,1.2,183.003,8.563,70.0
2024-06-02 07:00:00,182,985.8,70.2,0.0,19.1,1.3,180.005,9.836,70.0
2024-06-02 07:15:00,214,985.8,71.3,0.0,19.4,1.3,281.008,13.421,70.0
2024-06-02 07:30:00,247,985.8,71.8,0.0,19.9,1.4,324.01,20.035,70.0
2024-06-02 07:45:00,284,985.8,70.9,0.0,20.5,1.5,482.006,26.209,70.0
2024-06-02 08:00:00,323,985.8,68.5,0.0,21.1,1.6,462.004,27.202,70.0
2024-06-02 08:15:00,363,985.8,65.8,0.0,21.6,1.7,635.008,35.004,70.0
2024-06-02 08:30:00,404,985.8,64.4,0.0,22.1,1.9,433.009,24.951,70.0
2024-06-02 08:45:00,445,985.8,62.6,0.0,22.6,2.0,619.007,28.165,70.0
2024-06-02 09:00:00,486,985.9,60.8,0.0,23.0,2.1,601.007,35.103,70.0
2024-06-02 09:15:00,524,985.9,59.6,0.0,23.4,2.3,577.002,32.695,70.0
2024-06-02 09:30:00,559,985.9,57.7,0.0,23.9,2.4,619.008,40.773,70.0
2024-06-02 09:45:00,589,985.9,55.7,0.0,24.4,2.6,831.005,44.11,70.0
2024-06-02 10:00:00,617,985.9,54.0,0.0,24.9,2.8,765.009,45.829,70.0
2024-06-02 10:15:00,642,985.9,51.1,0.0,25.4,2.9,804.0,39.395,70.0
2024-06-02 10:30:00,663,985.9,47.8,0.0,25.8,3.1,820.004,44.866,70.0
2024-06-02 10:45:00,682,985.9,45.5,0.0,26.2,3.3,683.004,38.343,70.0
2024-06-02 11:00:00,696,985.9,43.2,0.0,26.4,3.4,749.004,40.325,70.0
2024-06-02 11:15:00,707,985.9,41.3,0.0,26.7,3.5,682.0,41.237,70.0
2024-06-02 11:30:00,713,985.9,40.1,0.0,26.9,3.7,678.008,40.011,70.0
2024-06-02 11:45:00,716,985.9,40.2,0.0,27.0,3.8,649.002,40.327,70.0
2024-06-02 12:00:00,714,985.9,40.5,0.0,27.2,3.9,630.006,45.206,70.0
2024-06-02 12:15:00,708,985.9,40.6,0.0,27.3,4.0,625.002,34.097,70.0
2024-06-02 12:30:00,697,985.9,40.4,0.0,27.4,4.1,445.002,27.71,70.0
2024-06-02 12:45:00,683,985.9,40.5,0.0,27.5,4.2,423.001,24.675,70.0
2024-06-02 13:00:00,662,985.9,40.6,0.0,27.6,4.3,435.006,28.733,70.0
2024-06-02 13:15:00,638,985.9,40.7,0.0,27.6,4.3,582.001,33.475,70.0
2024-06-02 13:30:00,609,985.9,41.1,0.0,27.7,4.4,893.001,49.542,70.0
2024-06-02 13:45:00,577,985.9,41.7,0.0,27.7,4.4,815.002,32.617,70.0
2024-06-02 14:00:00,542,985.9,41.9,0.0,27.8,4.4,828.01,36.609,70.0
2024-06-02 14:15:00,506,985.9,41.3,0.0,27.8,4.5,697.007,45.527,70.0
2024-06-02 14:30:00,469,985.9,40.9,0.0,27.8,4.5,729.002,42.941,70.0
2024-06-02 14:45:00,432,985.9,40.4,0.0,27.8,4.4,611.003,35.309,70.0
2024-06-02 15:00:00,395,985.9,40.3,0.0,27.8,4.4,548.008,24.581,70.0
2024-06-02 15:15:00,359,985.9,40.9,0.0,27.8,4.4,571.008,28.751,70.0
2024-06-02 15:30:00,326,985.9,42.0,0.0,27.7,4.3,398.008,25.829,70.0
2024-06-02 15:45:00,293,985.9,43.6,0.0,27.6,4.2,430.007,18.793,70.0
2024-06-02 16:00:00,261,985.9,45.2,0.0,27.4,4.1,474.007,20.707,70.0
2024-06-02 16:15:00,230,985.9,46.1,0.0,27.3,4.0,383.003,16.776,70.0
2024-06-02 16:30:00,200,985.9,47.1,0.0,27.1,3.9,281.004,14.049,70.0
2024-06-02 16:45:00,172,985.9,47.7,0.0,26.9,3.8,184.003,9.744,70.0
2024-06-02 17:00:00,145,985.9,47.9,0.0,26.7,3.7,127.005,6.882,70.0
2024-06-02 17:15:00,121,985.9,49.3,0.0,26.3,3.6,107.006,5.819,70.0
2024-06-02 17:30:00,99,985.9,51.0,0.0,26.0,3.5,95.004,4.601,70.0
2024-06-02 17:45:00,79,985.9,52.9,0.0,25.7,3.4,101.003,4.517,70.0
2024-06-02 18:00:00,62,985.9,55.0,0.0,25.2,3.3,89.003,3.899,70.0
2024-06-02 18:15:00,47,985.9,57.4,0.0,24.8,3.2,63.008,2.791,70.0
2024-06-02 18:30:00,34,985.9,59.8,0.0,24.4,3.1,36.002,1.606,70.0
2024-06-02 18:45:00,22,985.9,62.0,0.0,23.9,3.0,34.009,1.297,70.0
2024-06-02 19:00:00,12,985.9,63.9,0.0,23.5,2.9,11.002,0.466,70.0
2024-06-02 19:15:00,3,985.9,65.7,0.0,23.1,2.7,0.0,0.0,70.0
2024-06-02 19:30:00,0,985.9,67.4,0.0,22.8,2.6,0.0,0.0,70.0
2024-06-02 19:45:00,0,985.9,68.9,0.0,22.5,2.5,0.0,0.0,70.0
2024-06-02 20:00:00,0,985.8,69.9,0.0,22.2,2.4,0.0,0.0,70.0
2024-06-02 20:15:00,0,985.8,70.2,0.0,22.0,2.2,0.0,0.0,70.0
2024-06-02 20:30:00,0,985.8,70.3,0.0,21.8,2.1,0.0,0.0,70.0
2024-06-02 20:45:00,0,985.8,70.4,0.0,21.6,2.0,0.0,0.0,70.0
2024-06-02 21:00:00,0,985.8,70.7,0.0,21.4,1.9,0.0,0.0,70.0
2024-06-02 21:15:00,0,985.8,71.2,0.0,21.2,1.9,0.0,0.0,70.0
2024-06-02 21:30:00,0,985.8,71.7,0.0,21.1,1.8,0.0,0.0,70.0
2024-06-02 21:45:00,0,985.8,72.3,0.0,21.0,1.8,0.0,0.0,70.0
2024-06-02 22:00:00,0,985.8,72.7,0.0,20.9,1.8,0.0,0.0,70.0
2024-06-02 22:15:00,0,985.8,73.0,0.0,20.9,1.7,0.0,0.0,70.0
2024-06-02 22:30:00,0,985.8,73.2,0.0,20.9,1.7,0.0,0.0,70.0
2024-06-02 22:45:00,0,985.8,73.2,0.0,20.8,1.7,0.0,0.0,70.0
2024-06-02 23:00:00,0,985.8,73.5,0.0,20.7,1.6,0.0,0.0,70.0
2024-06-02 23:15:00,0,985.8,73.8,0.0,20.6,1.6,0.0,0.0,70.0
2024-06-02 23:30:00,0,985.8,74.1,0.0,20.5,1.5,0.0,0.0,70.0
2024-06-02 23:45:00,0,985.8,74.4,0.0,20.4,1.5,0.0,0.0,70.0
2024-06-03 00:00:00,0,985.8,75.6,0.0,20.4,1.9,0.0,0.0,70.0
2024-06-03 00:15:00,0,985.8,76.1,0.0,20.4,1.9,0.0,0.0,70.0
2024-06-03 00:30:00,0,985.8,76.8,0.0,20.3,1.9,0.0,0.0,70.0
2024-06-03 00:45:00,0,985.8,77.6,0.0,20.3,2.0,0.0,0.0,70.0
2024-06-03 01:00:00,0,985.8,78.4,0.0,20.2,2.0,0.0,0.0,70.0
2024-06-03 01:15:00,0,985.8,79.1,0.0,20.2,2.0,0.0,0.0,70.0
2024-06-03 01:30:00,0,985.8,79.8,0.0,20.1,2.0,0.0,0.0,70.0
2024-06-03 01:45:00,0,985.8,80.5,0.0,20.1,2.0,0.0,0.0,70.0
2024-06-03 02:00:00,0,985.8,80.8,0.0,20.0,2.0,0.0,0.0,70.0
2024-06-03 02:15:00,0,985.8,80.9,0.0,20.0,2.0,0.0,0.0,70.0
2024-06-03 02:30:00,0,985.8,81.0,0.0,19.9,2.1,0.0,0.0,70.0
2024-06-03 02:45:00,0,985.8,81.2,0.0,19.7,2.1,0.0,0.0,70.0
2024-06-03 03:00:00,0,985.8,81.7,0.0,19.5,2.1,0.0,0.0,70.0
2024-06-03 03:15:00,0,985.8,82.3,0.0,19.4,2.2,0.0,0.0,70.0
2024-06-03 03:30:00,0,985.8,83.0,0.0,19.2,2.2,0.0,0.0,70.0
2024-06-03 03:45:00,0,985.8,83.8,0.0,19.1,2.2,0.0,0.0,70.0
2024-06-03 04:00:00,0,985.8,84.1,0.0,18.9,2.2,0.0,0.0,70.0
2024-06-03 04:15:00,0,985.8,83.9,0.0,18.8,2.2,0.0,0.0,70.0
2024-06-03 04:30:00,0,985.8,83.2,0.0,18.8,2.3,0.0,0.0,70.0
2024-06-03 04:45:00,0,985.8,82.6,0.0,18.7,2.3,0.0,0.0,70.0
2024-06-03 05:00:00,0,985.8,82.2,0.0,18.6,2.3,0.0,0.0,70.0
2024-06-03 05:15:00,24,985.8,81.5,0.0,18.5,2.4,18.004,0.839,70.0
2024-06-03 05:30:00,53,985.8,80.2,0.0,18.6,2.4,46.003,1.66,70.0
2024-06-03 05:45:00,83,985.8,79.1,0.0,18.8,2.5,86.005,2.533,70.0
2024-06-03 06:00:00,114,985.8,78.2,0.0,19.2,2.5,127.01,3.6,70.0
2024-06-03 06:15:00,145,985.8,77.6,0.0,19.7,2.6,171.003,5.187,70.0
2024-06-03 06:30:00,178,985.8,76.9,0.0,20.1,2.6,241.001,9.024,70.0
2024-06-03 06:45:00,211,985.8,75.9,0.0,20.6,2.7,286.007,11.969,70.0
2024-06-03 07:00:00,247,985.8,74.6,0.0,21.3,2.8,326.001,13.045,70.0
2024-06-03 07:15:00,286,985.8,72.2,0.0,22.0,2.8,161.004,12.594,70.0
2024-06-03 07:30:00,326,985.8,69.2,0.0,22.6,2.8,261.009,12.762,70.0
2024-06-03 07:45:00,368,985.8,67.3,0.0,23.2,2.9,365.008,24.08,70.0
2024-06-03 08:00:00,412,985.9,65.0,0.0,23.8,2.9,543.003,28.893,70.0
2024-06-03 08:15:00,457,985.9,62.2,0.0,24.3,2.9,585.005,31.011,70.0
2024-06-03 08:30:00,503,985.9,59.9,0.0,24.7,3.0,628.003,34.049,70.0
2024-06-03 08:45:00,549,985.9,56.7,0.0,25.1,3.0,675.002,37.145,70.0
2024-06-03 09:00:00,593,985.9,54.9,0.0,25.5,3.0,731.004,40.133,70.0
2024-06-03 09:15:00,636,985.9,53.1,0.0,25.8,3.0,753.004,42.607,70.0
2024-06-03 09:30:00,675,985.9,51.4,0.0,26.1,3.0,801.001,45.082,70.0
2024-06-03 09:45:00,711,985.9,50.0,0.0,26.3,3.0,828.008,47.22,70.0
2024-06-03 10:00:00,744,985.9,48.9,0.0,26.6,3.1,887.008,48.801,70.0
2024-06-03 10:15:00,774,985.9,48.2,0.0,26.8,3.1,738.008,50.07,70.0
2024-06-03 10:30:00,801,985.9,47.3,0.0,27.0,3.1,925.007,52.154,70.0
2024-06-03 10:45:00,824,985.9,46.4,0.0,27.2,3.1,970.0,53.378,70.0
2024-06-03 11:00:00,844,985.9,45.2,0.0,27.4,3.1,974.006,53.623,70.0
2024-06-03 11:15:00,860,985.9,44.7,0.0,27.6,3.0,976.009,54.378,70.0
2024-06-03 11:30:00,873,985.9,44.3,0.0,27.8,3.0,992.003,54.886,70.0
2024-06-03 11:45:00,881,985.9,43.8,0.0,27.9,3.0,1002.005,55.205,70.0
2024-06-03 12:00:00,886,985.9,43.3,0.0,28.1,3.0,1019.009,55.169,70.0
2024-06-03 12:15:00,886,985.9,43.0,0.0,28.2,2.9,1058.007,49.456,70.0
2024-06-03 12:30:00,883,985.9,42.6,0.0,28.3,2.9,487.004,21.469,70.0
2024-06-03 12:45:00,876,985.9,42.0,0.0,28.4,2.9,741.006,27.076,70.0
2024-06-03 13:00:00,866,985.9,41.4,0.0,28.5,2.9,370.006,24.417,70.0
2024-06-03 13:15:00,853,985.9,40.9,0.0,28.6,2.9,277.008,51.915,70.0
2024-06-03 13:30:00,836,985.9,40.4,0.0,28.7,2.8,919.007,50.636,70.0
2024-06-03 13:45:00,816,985.9,39.8,0.0,28.8,2.8,909.006,49.009,70.0
2024-06-03 14:00:00,792,985.9,39.2,0.0,28.8,2.8,891.005,49.217,70.0
2024-06-03 14:15:00,765,985.9,38.6,0.0,28.8,2.8,833.002,46.751,70.0
2024-06-03 14:30:00,734,985.9,38.2,0.0,28.9,2.8,814.008,44.21,70.0
2024-06-03 14:45:00,700,985.9,38.1,0.0,28.9,2.8,790.006,43.359,70.0
2024-06-03 15:00:00,662,985.9,38.1,0.1,28.8,2.8,756.006,39.373,70.0
2024-06-03 15:15:00,622,985.9,38.2,0.0,28.8,2.8,633.009,37.347,70.0
2024-06-03 15:30:00,579,985.9,38.2,0.0,28.7,2.7,662.002,35.324,70.0
2024-06-03 15:45:00,533,985.9,38.5,0.0,28.6,2.7,572.002,22.252,70.0
2024-06-03 16:00:00,484,985.9,39.0,0.0,28.5,2.6,494.006,15.451,70.0
2024-06-03 16:15:00,433,985.9,39.4,0.1,28.3,2.6,428.004,24.266,70.0
2024-06-03 16:30:00,381,985.9,39.5,0.0,28.3,2.5,477.008,18.844,70.0
2024-06-03 16:45:00,331,985.9,39.6,0.0,28.1,2.5,413.002,16.653,70.0
2024-06-03 17:00:00,282,985.9,40.3,0.0,28.0,2.4,354.008,13.5,70.0
2024-06-03 17:15:00,236,985.9,41.7,0.0,27.7,2.3,302.001,10.358,70.0
2024-06-03 17:30:00,194,985.9,43.6,0.0,27.4,2.3,245.005,7.765,70.0
2024-06-03 17:45:00,157,985.9,45.7,0.0,27.1,2.2,177.008,5.542,70.0
2024-06-03 18:00:00,123,985.9,48.1,0.0,26.7,2.2,147.003,4.18,70.0
2024-06-03 18:15:00,94,985.9,50.4,0.0,26.3,2.1,104.002,2.987,70.0
2024-06-03 18:30:00,68,985.9,52.8,0.0,25.7,2.1,62.003,2.12,70.0
2024-06-03 18:45:00,46,985.9,54.5,0.0,25.3,2.0,32.005,1.29,70.0
2024-06-03 19:00:00,26,985.9,55.5,0.0,25.0,1.9,9.005,0.458,70.0
2024-06-03 19:15:00,7,985.9,56.3,0.0,24.8,1.9,0.0,0.0,70.0
2024-06-03 19:30:00,0,985.9,56.7,0.0,24.7,1.8,0.0,0.0,70.0
2024-06-03 19:45:00,0,985.9,57.2,0.0,24.5,1.7,0.0,0.0,70.0
2024-06-03 20:00:00,0,985.9,58.2,0.0,24.2,1.7,0.0,0.0,70.0
2024-06-03 20:15:00,0,985.9,60.1,0.0,23.8,1.6,0.0,0.0,70.0
2024-06-03 20:30:00,0,985.9,62.6,0.0,23.4,1.6,0.0,0.0,70.0
2024-06-03 20:45:00,0,985.9,64.3,0.0,23.1,1.6,0.0,0.0,70.0
2024-06-03 21:00:00,0,985.9,64.8,0.0,22.9,1.5,0.0,0.0,70.0
2024-06-03 21:15:00,0,985.9,65.0,0.0,22.8,1.5,0.0,0.0,70.0
2024-06-03 21:30:00,0,985.9,65.4,0.0,22.6,1.5,0.0,0.0,70.0
2024-06-03 21:45:00,0,985.9,66.0,0.0,22.4,1.5,0.0,0.0,70.0
2024-06-03 22:00:00,0,985.9,67.0,0.0,22.2,1.5,0.0,0.0,70.0
2024-06-03 22:15:00,0,985.9,68.1,0.0,21.9,1.5,0.0,0.0,70.0
2024-06-03 22:30:00,0,985.9,68.7,0.0,21.6,1.5,0.0,0.0,70.0
2024-06-03 22:45:00,0,985.9,68.5,0.0,21.4,1.5,0.0,0.0,70.0
2024-06-03 23:00:00,0,985.9,68.3,0.0,21.2,1.5,0.0,0.0,70.0
2024-06-03 23:15:00,0,985.9,68.3,0.0,21.0,1.6,0.0,0.0,70.0
2024-06-03 23:30:00,0,985.9,68.2,0.0,20.9,1.5,0.0,0.0,70.0
2024-06-03 23:45:00,0,985.9,68.0,0.0,20.8,1.5,0.0,0.0,70.0
2024-06-04 00:00:00,0,985.8,66.0,0.0,20.5,1.5,0.0,0.0,70.0
2024-06-04 00:15:00,0,985.8,64.9,0.0,20.5,1.5,0.0,0.0,70.0
2024-06-04 00:30:00,0,985.8,64.1,0.0,20.4,1.5,0.0,0.0,70.0
2024-06-04 00:45:00,0,985.8,63.4,0.0,20.3,1.5,0.0,0.0,70.0
2024-06-04 01:00:00,0,985.8,62.9,0.0,20.3,1.5,0.0,0.0,70.0
2024-06-04 01:15:00,0,985.8,62.7,0.0,20.2,1.5,0.0,0.0,70.0
2024-06-04 01:30:00,0,985.8,62.8,0.0,20.2,1.4,0.0,0.0,70.0
2024-06-04 01:45:00,0,985.8,62.9,0.0,20.1,1.4,0.0,0.0,70.0
2024-06-04 02:00:00,0,985.8,62.7,0.0,20.0,1.4,0.0,0.0,70.0
2024-06-04 02:15:00,0,985.8,62.4,0.0,19.9,1.3,0.0,0.0,70.0
2024-06-04 02:30:00,0,985.8,62.0,0.0,19.9,1.3,0.0,0.0,70.0
2024-06-04 02:45:00,0,985.8,61.7,0.0,19.8,1.2,0.0,0.0,70.0
2024-06-04 03:00:00,0,985.8,61.6,0.0,19.8,1.2,0.0,0.0,70.0
2024-06-04 03:15:00,0,985.8,61.7,0.0,19.7,1.2,0.0,0.0,70.0
2024-06-04 03:30:00,0,985.8,61.9,0.0,19.6,1.1,0.0,0.0,70.0
2024-06-04 03:45:00,0,985.8,62.1,0.0,19.6,1.1,0.0,0.0,70.0
2024-06-04 04:00:00,0,985.8,62.3,0.0,19.6,1.1,0.0,0.0,70.0
2024-06-04 04:15:00,0,985.8,62.6,0.0,19.5,1.0,0.0,0.0,70.0
2024-06-04 04:30:00,0,985.8,62.8,0.0,19.5,1.0,0.0,0.0,70.0
2024-06-04 04:45:00,0,985.8,63.0,0.0,19.4,1.0,0.0,0.0,70.0
2024-06-04 05:00:00,0,985.8,63.2,0.0,19.3,1.0,0.0,0.0,70.0
2024-06-04 05:15:00,24,985.8,63.4,0.0,19.2,1.0,32.003,1.367,70.0
2024-06-04 05:30:00,53,985.8,63.6,0.0,19.2,0.9,63.006,2.063,70.0
2024-06-04 05:45:00,83,985.8,63.8,0.0,19.1,0.9,46.006,1.675,70.0
2024-06-04 06:00:00,113,985.8,63.9,0.0,19.2,0.9,82.003,2.767,70.0
2024-06-04 06:15:00,143,985.8,64.0,0.0,19.3,0.9,192.009,4.919,70.0
2024-06-04 06:30:00,173,985.8,64.5,0.0,19.5,1.0,239.007,7.126,70.0
2024-06-04 06:45:00,204,985.8,65.7,0.0,19.7,1.0,291.003,10.067,70.0
2024-06-04 07:00:00,234,985.8,67.2,0.0,20.1,1.0,341.008,13.212,70.0
2024-06-04 07:15:00,265,985.8,67.9,0.0,20.6,1.0,390.003,16.868,70.0
2024-06-04 07:30:00,296,985.9,66.3,0.0,21.1,1.1,440.0,20.61,70.0
2024-06-04 07:45:00,326,985.9,64.5,0.0,21.7,1.1,494.006,24.923,70.0
2024-06-04 08:00:00,356,985.9,63.7,0.0,22.2,1.2,626.007,35.251,70.0
2024-06-04 08:15:00,386,985.9,61.6,0.0,22.7,1.3,630.001,25.775,70.0
2024-06-04 08:30:00,416,985.9,58.7,0.0,23.1,1.3,250.003,15.877,70.0
2024-06-04 08:45:00,445,985.9,57.3,0.0,23.5,1.4,342.002,18.757,70.0
2024-06-04 09:00:00,473,985.9,56.5,0.0,23.9,1.5,489.008,22.534,70.0
2024-06-04 09:15:00,500,985.9,55.2,0.0,24.3,1.6,370.007,16.839,70.0
2024-06-04 09:30:00,526,985.9,53.5,0.0,24.6,1.7,344.003,19.738,70.0
2024-06-04 09:45:00,552,985.9,52.9,0.0,24.9,1.8,322.002,21.151,70.0
2024-06-04 10:00:00,577,985.9,51.6,0.0,25.2,1.9,650.0,32.77,70.0
2024-06-04 10:15:00,603,985.9,50.6,0.0,25.4,2.0,569.007,37.812,70.0
2024-06-04 10:30:00,629,985.9,49.8,0.0,25.7,2.1,626.009,37.87,70.0
2024-06-04 10:45:00,654,985.9,48.6,0.0,25.9,2.2,705.007,28.43,70.0
2024-06-04 11:00:00,677,985.9,48.2,0.0,26.1,2.3,731.009,34.261,70.0
2024-06-04 11:15:00,697,985.9,48.5,0.0,26.2,2.4,615.002,32.888,70.0
2024-06-04 11:30:00,714,985.9,48.2,0.0,26.4,2.5,467.007,30.663,70.0
2024-06-04 11:45:00,727,985.9,47.4,0.0,26.6,2.6,735.004,43.958,70.0
2024-06-04 12:00:00,736,985.9,46.4,0.0,26.7,2.7,714.01,40.143,70.0
2024-06-04 12:15:00,739,985.9,46.0,0.0,26.8,2.8,543.006,32.429,70.0
2024-06-04 12:30:00,735,985.9,45.7,0.0,26.9,2.8,431.004,26.415,70.0
2024-06-04 12:45:00,725,985.9,45.8,0.0,26.9,2.9,549.003,35.015,70.0
2024-06-04 13:00:00,709,985.9,46.5,0.0,27.0,3.0,531.008,38.097,70.0
2024-06-04 13:15:00,688,985.9,47.2,0.0,27.0,3.1,564.006,42.98,70.0
2024-06-04 13:30:00,662,985.9,47.2,0.0,27.1,3.1,431.001,25.318,70.0
2024-06-04 13:45:00,632,985.9,47.2,0.0,27.1,3.2,437.007,38.062,70.0
2024-06-04 14:00:00,599,985.9,47.2,0.0,27.1,3.3,764.002,47.807,70.0
2024-06-04 14:15:00,563,985.9,47.0,0.0,27.1,3.4,739.001,36.448,70.0
2024-06-04 14:30:00,527,985.9,46.9,0.0,27.1,3.4,668.008,33.957,70.0
2024-06-04 14:45:00,489,985.9,47.3,0.0,27.0,3.5,650.009,41.239,70.0
2024-06-04 15:00:00,451,985.9,48.6,0.0,26.8,3.5,436.001,25.055,70.0
2024-06-04 15:15:00,414,985.9,50.4,0.0,26.7,3.6,394.002,24.067,70.0
2024-06-04 15:30:00,379,985.9,51.8,0.0,26.5,3.6,372.009,21.936,70.0
2024-06-04 15:45:00,344,985.9,52.1,0.0,26.4,3.6,295.004,18.195,70.0
2024-06-04 16:00:00,309,985.9,52.1,0.0,26.2,3.6,280.01,15.818,70.0
2024-06-04 16:15:00,274,985.9,52.3,0.0,25.9,3.6,210.004,12.575,70.0
2024-06-04 16:30:00,240,985.9,52.4,0.0,25.5,3.5,198.001,12.177,70.0
2024-06-04 16:45:00,208,985.9,53.2,0.0,25.1,3.5,244.01,14.085,70.0
2024-06-04 17:00:00,177,985.9,54.1,0.0,24.8,3.5,183.001,10.427,70.0
2024-06-04 17:15:00,148,985.9,55.1,0.0,24.4,3.4,198.006,10.742,70.0
2024-06-04 17:30:00,122,985.9,56.6,0.0,23.9,3.3,132.01,7.559,70.0
2024-06-04 17:45:00,99,985.9,57.6,0.0,23.4,3.3,111.005,5.997,70.0
2024-06-04 18:00:00,78,985.9,58.8,0.0,23.0,3.2,85.008,4.488,70.0
2024-06-04 18:15:00,60,985.9,59.7,0.0,22.5,3.1,69.006,3.603,70.0
2024-06-04 18:30:00,44,985.9,60.9,0.0,22.1,3.1,44.002,2.115,70.0
2024-06-04 18:45:00,29,985.9,63.0,0.0,21.7,3.0,38.004,2.117,70.0
2024-06-04 19:00:00,17,985.9,65.0,0.0,21.3,2.9,14.002,0.641,70.0
2024-06-04 19:15:00,5,985.9,66.6,0.0,21.0,2.7,0.0,0.0,70.0
2024-06-04 19:30:00,0,985.9,67.7,0.0,20.7,2.6,0.0,0.0,70.0
2024-06-04 19:45:00,0,985.9,68.3,0.0,20.5,2.5,0.0,0.0,70.0
2024-06-04 20:00:00,0,985.9,68.9,0.0,20.3,2.3,0.0,0.0,70.0
2024-06-04 20:15:00,0,985.9,69.8,0.0,20.2,2.2,0.0,0.0,70.0
2024-06-04 20:30:00,0,985.9,70.5,0.0,20.0,2.0,0.0,0.0,70.0
2024-06-04 20:45:00,0,985.9,71.0,0.0,19.8,1.9,0.0,0.0,70.0
2024-06-04 21:00:00,0,985.9,71.7,0.0,19.7,1.7,0.0,0.0,70.0
2024-06-04 21:15:00,0,985.9,72.5,0.0,19.6,1.6,0.0,0.0,70.0
2024-06-04 21:30:00,0,985.9,73.4,0.0,19.5,1.5,0.0,0.0,70.0
2024-06-04 21:45:00,0,985.9,74.1,0.0,19.4,1.4,0.0,0.0,70.0
2024-06-04 22:00:00,0,985.9,74.7,0.0,19.3,1.4,0.0,0.0,70.0
2024-06-04 22:15:00,0,985.9,74.9,0.0,19.3,1.3,0.0,0.0,70.0
2024-06-04 22:30:00,0,985.9,74.9,0.0,19.2,1.3,0.0,0.0,70.0
2024-06-04 22:45:00,0,985.9,74.8,0.0,19.1,1.2,0.0,0.0,70.0
2024-06-04 23:00:00,0,985.8,74.8,0.0,19.0,1.2,0.0,0.0,70.0
2024-06-04 23:15:00,0,985.8,75.0,0.0,19.0,1.2,0.0,0.0,70.0
2024-06-04 23:30:00,0,985.8,75.0,0.0,18.9,1.1,0.0,0.0,70.0
2024-06-04 23:45:00,0,985.8,75.0,0.0,18.8,1.1,0.0,0.0,70.0
2024-06-05 00:00:00,0,985.8,76.4,0.0,18.8,1.1,0.0,0.0,70.0
2024-06-05 00:15:00,0,985.8,76.5,0.0,18.8,1.1,0.0,0.0,70.0
2024-06-05 00:30:00,0,985.8,76.4,0.0,18.7,1.0,0.0,0.0,70.0
2024-06-05 00:45:00,0,985.8,76.3,0.0,18.6,1.0,0.0,0.0,70.0
2024-06-05 01:00:00,0,985.8,76.3,0.0,18.5,1.0,0.0,0.0,70.0
2024-06-05 01:15:00,0,985.8,76.4,0.0,18.4,1.0,0.0,0.0,70.0
2024-06-05 01:30:00,0,985.8,76.5,0.0,18.3,1.0,0.0,0.0,70.0
2024-06-05 01:45:00,0,985.8,76.5,0.0,18.2,1.0,0.0,0.0,70.0
2024-06-05 02:00:00,0,985.8,76.5,0.0,18.2,1.0,0.0,0.0,70.0
2024-06-05 02:15:00,0,985.8,76.5,0.0,18.1,0.9,0.0,0.0,70.0
2024-06-05 02:30:00,0,985.8,76.7,0.0,18.1,0.9,0.0,0.0,70.0
2024-06-05 02:45:00,0,985.8,76.8,0.0,18.0,0.9,0.0,0.0,70.0
2024-06-05 03:00:00,0,985.8,77.0,0.0,18.0,1.0,0.0,0.0,70.0
2024-06-05 03:15:00,0,985.8,77.2,0.0,17.9,1.0,0.0,0.0,70.0
2024-06-05 03:30:00,0,985.8,77.5,0.0,17.8,1.0,0.0,0.0,70.0
2024-06-05 03:45:00,0,985.8,77.9,0.0,17.7,0.9,0.0,0.0,70.0
2024-06-05 04:00:00,0,985.8,78.3,0.0,17.7,0.9,0.0,0.0,70.0
2024-06-05 04:15:00,0,985.8,79.0,0.0,17.5,0.9,0.0,0.0,70.0
2024-06-05 04:30:00,0,985.8,79.8,0.0,17.5,0.9,0.0,0.0,70.0
2024-06-05 04:45:00,0,985.8,80.5,0.0,17.4,0.9,0.0,0.0,70.0
2024-06-05 05:00:00,0,985.8,81.1,0.0,17.3,1.0,0.0,0.0,70.0
2024-06-05 05:15:00,9,985.8,81.8,0.0,17.2,1.0,12.008,0.589,70.0
2024-06-05 05:30:00,20,985.8,82.6,0.0,17.2,1.1,24.004,0.977,70.0
2024-06-05 05:45:00,31,985.8,83.6,0.0,17.2,1.1,33.007,2.058,70.0
2024-06-05 06:00:00,42,985.8,84.5,0.0,17.2,1.2,108.002,5.594,70.0
2024-06-05 06:15:00,55,985.8,85.4,0.0,17.3,1.3,127.007,5.227,70.0
2024-06-05 06:30:00,69,985.8,86.0,0.0,17.3,1.4,127.003,5.63,70.0
2024-06-05 06:45:00,87,985.8,86.5,0.0,17.5,1.5,117.001,7.205,70.0
2024-06-05 07:00:00,109,985.8,86.9,0.0,17.6,1.6,138.01,8.484,70.0
2024-06-05 07:15:00,136,985.8,87.0,0.0,17.9,1.7,253.007,11.416,70.0
2024-06-05 07:30:00,168,985.8,87.3,0.0,18.3,1.8,530.007,16.646,70.0
2024-06-05 07:45:00,205,985.8,87.4,0.0,18.6,1.9,248.005,15.76,70.0
2024-06-05 08:00:00,246,985.8,87.4,0.0,19.0,2.0,277.004,15.884,70.0
2024-06-05 08:15:00,290,985.8,87.3,0.0,19.3,2.1,549.001,18.376,70.0
2024-06-05 08:30:00,336,985.8,86.8,0.0,19.7,2.2,406.001,22.65,70.0
2024-06-05 08:45:00,382,985.9,86.2,0.0,20.0,2.3,372.009,19.84,70.0
2024-06-05 09:00:00,426,985.9,85.1,0.0,20.4,2.4,559.003,35.191,70.0
2024-06-05 09:15:00,466,985.9,84.0,0.0,20.7,2.5,589.005,29.326,70.0
2024-06-05 09:30:00,500,985.9,83.2,0.0,21.1,2.7,811.007,36.037,70.0
2024-06-05 09:45:00,525,985.9,81.1,0.0,21.5,2.8,805.007,42.243,70.0
2024-06-05 10:00:00,542,985.9,79.5,0.0,21.9,3.0,569.008,31.033,70.0
2024-06-05 10:15:00,550,985.9,77.7,0.0,22.3,3.1,538.0,28.581,70.0
2024-06-05 10:30:00,551,985.9,75.7,0.0,22.6,3.3,549.002,36.556,70.0
2024-06-05 10:45:00,546,985.9,73.5,0.0,22.9,3.4,533.01,28.758,70.0
2024-06-05 11:00:00,534,985.9,71.8,0.0,23.2,3.5,634.009,34.072,70.0
2024-06-05 11:15:00,519,985.9,70.7,0.0,23.5,3.6,600.0,39.632,70.0
2024-06-05 11:30:00,499,985.9,69.4,0.0,23.8,3.6,597.008,36.949,70.0
2024-06-05 11:45:00,478,985.9,66.6,0.0,24.0,3.7,1200.0,34.679,70.0
2024-06-05 12:00:00,456,985.9,65.3,0.0,24.3,3.8,702.004,42.14,70.0
2024-06-05 12:15:00,435,985.9,65.0,0.0,24.3,3.9,525.004,31.415,70.0
2024-06-05 12:30:00,417,985.9,63.7,0.0,24.5,3.9,437.005,25.996,70.0
2024-06-05 12:45:00,402,985.9,64.1,0.0,24.5,4.0,340.002,21.639,70.0
2024-06-05 13:00:00,387,985.9,63.4,0.0,24.5,4.0,292.004,19.016,70.0
2024-06-05 13:15:00,373,985.9,62.8,0.0,24.7,4.1,279.002,17.016,70.0
2024-06-05 13:30:00,359,985.9,64.5,0.0,24.6,4.1,236.009,14.275,70.0
2024-06-05 13:45:00,345,985.9,63.5,0.0,24.8,4.2,186.002,10.43,70.0
2024-06-05 14:00:00,331,985.9,61.5,0.0,24.8,4.2,149.007,8.395,70.0
2024-06-05 14:15:00,317,985.9,60.0,0.0,25.0,4.3,138.004,7.703,70.0
2024-06-05 14:30:00,302,985.9,60.3,0.0,25.0,4.3,144.005,8.108,70.0
2024-06-05 14:45:00,286,985.9,61.0,0.0,25.1,4.3,174.001,8.953,70.0
2024-06-05 15:00:00,269,985.9,61.2,0.0,25.1,4.4,202.001,10.245,70.0
2024-06-05 15:15:00,251,985.9,60.9,0.0,25.1,4.4,186.009,11.948,70.0
2024-06-05 15:30:00,232,985.9,61.5,0.0,25.0,4.4,175.003,10.516,70.0
2024-06-05 15:45:00,213,985.9,62.2,0.0,24.9,4.4,181.006,9.646,70.0
2024-06-05 16:00:00,193,985.9,62.4,0.0,24.8,4.3,200.006,10.157,70.0
2024-06-05 16:15:00,172,985.9,62.6,0.0,24.7,4.3,196.002,11.156,70.0
2024-06-05 16:30:00,152,985.9,63.6,0.0,24.6,4.3,185.005,10.444,70.0
2024-06-05 16:45:00,132,985.9,64.7,0.0,24.3,4.2,184.006,9.377,70.0
2024-06-05 17:00:00,113,985.9,66.0,0.0,24.1,4.2,147.002,7.79,70.0
2024-06-05 17:15:00,96,985.9,67.6,0.0,23.8,4.1,150.007,8.623,70.0
2024-06-05 17:30:00,79,985.9,69.3,0.0,23.5,4.0,131.005,6.785,70.0
2024-06-05 17:45:00,65,985.9,70.7,0.0,23.2,4.0,116.005,5.977,70.0
2024-06-05 18:00:00,51,985.9,72.1,0.0,22.9,3.9,94.004,4.41,70.0
2024-06-05 18:15:00,40,985.9,74.0,0.0,22.5,3.8,70.009,3.089,70.0
2024-06-05 18:30:00,29,985.9,76.0,0.0,22.1,3.7,41.01,1.92,70.0
2024-06-05 18:45:00,20,985.9,78.1,0.0,21.7,3.6,22.005,1.032,70.0
2024-06-05 19:00:00,11,985.9,80.7,0.0,21.3,3.4,10.007,0.396,70.0
2024-06-05 19:15:00,4,985.9,83.1,0.0,20.9,3.3,0.0,0.0,70.0
2024-06-05 19:30:00,0,985.9,84.8,0.0,20.6,3.2,0.0,0.0,70.0
2024-06-05 19:45:00,0,985.9,86.5,0.0,20.3,3.0,0.0,0.0,70.0
2024-06-05 20:00:00,0,985.9,88.0,0.0,20.1,2.9,0.0,0.0,70.0
2024-06-05 20:15:00,0,985.9,89.4,0.0,19.9,2.7,0.0,0.0,70.0
2024-06-05 20:30:00,0,985.9,90.5,0.0,19.7,2.6,0.0,0.0,70.0
2024-06-05 20:45:00,0,985.9,91.4,0.0,19.4,2.4,0.0,0.0,70.0
2024-06-05 21:00:00,0,985.9,92.2,0.0,19.3,2.3,0.0,0.0,70.0
2024-06-05 21:15:00,0,985.8,93.1,0.0,19.1,2.1,0.0,0.0,70.0
2024-06-05 21:30:00,0,985.8,93.9,0.0,19.0,2.0,0.0,0.0,70.0
2024-06-05 21:45:00,0,985.8,94.7,0.0,18.8,1.9,0.0,0.0,70.0
2024-06-05 22:00:00,0,985.8,95.4,0.0,18.7,1.8,0.0,0.0,70.0
2024-06-05 22:15:00,0,985.8,96.0,0.0,18.6,1.7,0.0,0.0,70.0
2024-06-05 22:30:00,0,985.8,96.4,0.0,18.5,1.6,0.0,0.0,70.0
2024-06-05 22:45:00,0,985.8,96.8,0.0,18.5,1.5,0.0,0.0,70.0
2024-06-05 23:00:00,0,985.8,97.2,0.0,18.4,1.4,0.0,0.0,70.0
2024-06-05 23:15:00,0,985.8,97.6,0.0,18.4,1.4,0.0,0.0,70.0
2024-06-05 23:30:00,0,985.8,98.0,0.0,18.4,1.3,0.0,0.0,70.0
2024-06-05 23:45:00,0,985.8,98.4,0.0,18.4,1.3,0.0,0.0,70.0
2024-06-06 00:00:00,0,985.8,98.9,0.0,18.5,1.5,0.0,0.0,70.0
2024-06-06 00:15:00,0,985.8,99.0,0.0,18.5,1.5,0.0,0.0,70.0
2024-06-06 00:30:00,0,985.8,99.2,0.0,18.5,1.5,0.0,0.0,70.0
2024-06-06 00:45:00,0,985.8,99.3,0.0,18.5,1.5,0.0,0.0,70.0
2024-06-06 01:00:00,0,985.8,99.4,0.0,18.5,1.5,0.0,0.0,70.0
2024-06-06 01:15:00,0,985.8,99.4,0.0,18.5,1.5,0.0,0.0,70.0
2024-06-06 01:30:00,0,985.8,99.4,0.0,18.4,1.5,0.0,0.0,70.0
2024-06-06 01:45:00,0,985.8,99.4,0.0,18.4,1.5,0.0,0.0,70.0
2024-06-06 02:00:00,0,985.8,99.5,0.0,18.4,1.5,0.0,0.0,70.0
2024-06-06 02:15:00,0,985.8,99.4,0.0,18.4,1.4,0.0,0.0,70.0
2024-06-06 02:30:00,0,985.8,99.4,0.0,18.4,1.4,0.0,0.0,70.0
2024-06-06 02:45:00,0,985.8,99.3,0.0,18.3,1.4,0.0,0.0,70.0
2024-06-06 03:00:00,0,985.8,99.2,0.0,18.3,1.4,0.0,0.0,70.0
2024-06-06 03:15:00,0,985.8,99.1,0.0,18.3,1.4,0.0,0.0,70.0
2024-06-06 03:30:00,0,985.8,98.8,0.0,18.2,1.4,0.0,0.0,70.0
2024-06-06 03:45:00,0,985.8,98.6,0.0,18.2,1.4,0.0,0.0,70.0
2024-06-06 04:00:00,0,985.8,98.3,0.0,18.2,1.4,0.0,0.0,70.0
2024-06-06 04:15:00,0,985.8,98.0,0.0,18.1,1.4,0.0,0.0,70.0
2024-06-06 04:30:00,0,985.8,97.7,0.0,18.1,1.4,0.0,0.0,70.0
2024-06-06 04:45:00,0,985.8,97.6,0.0,18.0,1.4,0.0,0.0,70.0
2024-06-06 05:00:00,1,985.8,97.6,0.0,18.0,1.4,0.0,0.0,70.0
2024-06-06 05:15:00,24,985.8,97.7,0.0,18.0,1.4,7.004,0.264,70.0
2024-06-06 05:30:00,52,985.8,97.9,0.0,18.0,1.5,18.006,0.801,70.0
2024-06-06 05:45:00,81,985.8,98.2,0.0,18.0,1.5,36.007,1.756,70.0
2024-06-06 06:00:00,110,985.8,98.3,0.0,18.0,1.5,64.008,3.107,70.0
2024-06-06 06:15:00,140,985.8,98.2,0.0,18.0,1.6,73.002,4.124,70.0
2024-06-06 06:30:00,171,985.8,97.3,0.0,18.2,1.6,97.007,5.854,70.0
2024-06-06 06:45:00,204,985.8,96.1,0.0,18.3,1.7,107.005,7.288,70.0
2024-06-06 07:00:00,239,985.8,95.2,0.0,18.5,1.7,209.002,12.195,70.0
2024-06-06 07:15:00,276,985.8,94.1,0.0,18.6,1.8,324.005,14.656,70.0
2024-06-06 07:30:00,315,985.8,93.7,0.0,18.8,1.9,370.007,16.615,70.0
2024-06-06 07:45:00,357,985.8,93.1,0.0,18.9,2.0,378.004,18.649,70.0
2024-06-06 08:00:00,400,985.9,92.6,0.0,19.1,2.0,495.009,23.12,70.0
2024-06-06 08:15:00,445,985.9,91.9,0.0,19.3,2.1,515.003,26.922,70.0
2024-06-06 08:30:00,490,985.9,90.6,0.0,19.6,2.2,573.009,30.946,70.0
2024-06-06 08:45:00,535,985.9,88.8,0.0,20.1,2.3,637.005,33.952,70.0
2024-06-06 09:00:00,578,985.9,85.8,0.0,20.6,2.4,671.004,32.846,70.0
2024-06-06 09:15:00,620,985.9,81.8,0.0,21.3,2.4,705.007,36.004,70.0
2024-06-06 09:30:00,658,985.9,76.8,0.0,21.9,2.5,813.007,39.877,70.0
2024-06-06 09:45:00,692,985.9,72.3,0.0,22.4,2.6,801.006,40.822,70.0
2024-06-06 10:00:00,723,985.9,69.8,0.0,22.9,2.7,786.005,44.993,70.0
2024-06-06 10:15:00,751,985.9,67.9,0.0,23.2,2.7,880.006,44.054,70.0
2024-06-06 10:30:00,776,985.9,65.7,0.0,23.5,2.8,903.005,40.392,70.0
2024-06-06 10:45:00,797,985.9,64.3,0.0,23.7,2.8,949.009,51.003,70.0
2024-06-06 11:00:00,814,985.9,63.1,0.0,24.0,2.9,937.009,46.125,70.0
2024-06-06 11:15:00,827,985.9,61.2,0.0,24.2,2.9,992.002,53.656,70.0
2024-06-06 11:30:00,837,985.9,60.0,0.0,24.5,3.0,997.005,53.03,70.0
2024-06-06 11:45:00,842,985.9,59.3,0.0,24.6,3.0,966.007,53.667,70.0
2024-06-06 12:00:00,843,985.9,58.7,0.0,24.8,3.1,988.006,53.152,70.0
2024-06-06 12:15:00,839,985.9,58.4,0.0,25.0,3.1,961.008,51.552,70.0
2024-06-06 12:30:00,832,985.9,58.2,0.0,25.1,3.1,1015.006,52.82,70.0
2024-06-06 12:45:00,820,985.9,57.0,0.0,25.3,3.1,949.002,52.719,70.0
2024-06-06 13:00:00,804,985.9,54.6,0.0,25.4,3.1,995.007,50.116,70.0
2024-06-06 13:15:00,784,985.9,53.3,0.0,25.5,3.1,754.001,44.252,70.0
2024-06-06 13:30:00,761,985.9,54.1,0.0,25.6,3.2,879.002,50.27,70.0
2024-06-06 13:45:00,735,985.9,55.7,0.0,25.6,3.2,951.003,52.356,70.0
2024-06-06 14:00:00,705,985.9,55.7,0.0,25.6,3.2,950.009,48.722,70.0
2024-06-06 14:15:00,672,985.9,55.1,0.0,25.7,3.2,437.006,31.055,70.0
2024-06-06 14:30:00,637,985.9,54.9,0.0,25.7,3.2,469.0,25.776,70.0
2024-06-06 14:45:00,599,985.9,55.2,0.0,25.7,3.2,420.002,22.92,70.0
2024-06-06 15:00:00,559,985.9,56.0,0.0,25.6,3.2,330.003,20.401,70.0
2024-06-06 15:15:00,517,985.9,56.3,0.0,25.6,3.2,427.003,25.259,70.0
2024-06-06 15:30:00,474,985.9,56.8,0.0,25.5,3.2,365.005,19.092,70.0
2024-06-06 15:45:00,429,985.9,56.0,0.0,25.4,3.3,291.007,16.712,70.0
2024-06-06 16:00:00,382,985.9,56.2,0.0,25.3,3.3,251.001,16.546,70.0
2024-06-06 16:15:00,334,985.9,58.0,0.0,24.9,3.4,303.004,21.106,70.0
2024-06-06 16:30:00,286,985.9,58.7,0.1,24.7,3.4,225.003,10.325,70.0
2024-06-06 16:45:00,241,985.9,61.6,0.1,24.3,3.4,379.007,16.963,70.0
2024-06-06 17:00:00,198,985.9,63.1,0.1,24.1,3.4,144.008,9.006,70.0
2024-06-06 17:15:00,158,985.9,64.7,0.2,23.9,3.4,333.001,12.147,70.0
2024-06-06 17:30:00,124,985.9,64.8,0.1,23.7,3.4,148.007,4.875,70.0
2024-06-06 17:45:00,94,985.9,65.3,0.0,23.5,3.4,79.006,4.121,70.0
2024-06-06 18:00:00,69,985.9,67.7,0.0,23.1,3.4,42.008,2.177,70.0
2024-06-06 18:15:00,49,985.9,71.3,0.0,22.5,3.4,30.009,1.849,70.0
2024-06-06 18:30:00,34,985.9,73.3,0.0,22.0,3.4,38.008,2.443,70.0
2024-06-06 18:45:00,22,985.9,74.5,0.0,21.6,3.4,13.002,0.731,70.0
2024-06-06 19:00:00,12,985.9,75.7,0.0,21.3,3.3,7.01,0.357,70.0
2024-06-06 19:15:00,4,985.9,77.0,0.0,21.0,3.3,0.0,0.0,70.0
2024-06-06 19:30:00,0,985.9,78.4,0.0,20.7,3.2,0.0,0.0,70.0
2024-06-06 19:45:00,0,985.8,79.7,0.0,20.5,3.2,0.0,0.0,70.0
2024-06-06 20:00:00,0,985.8,81.0,0.0,20.2,3.1,0.0,0.0,70.0
2024-06-06 20:15:00,0,985.8,82.2,0.0,19.9,3.0,0.0,0.0,70.0
2024-06-06 20:30:00,0,985.8,83.3,0.0,19.7,3.0,0.0,0.0,70.0
2024-06-06 20:45:00,0,985.8,84.3,0.0,19.5,2.9,0.0,0.0,70.0
2024-06-06 21:00:00,0,985.8,85.3,0.0,19.3,2.9,0.0,0.0,70.0
2024-06-06 21:15:00,0,985.8,86.3,0.0,19.2,2.8,0.0,0.0,70.0
2024-06-06 21:30:00,0,985.8,87.4,0.0,19.0,2.7,0.0,0.0,70.0
2024-06-06 21:45:00,0,985.8,88.4,0.0,18.8,2.6,0.0,0.0,70.0
2024-06-06 22:00:00,0,985.8,89.1,0.0,18.7,2.5,0.0,0.0,70.0
2024-06-06 22:15:00,0,985.8,89.8,0.0,18.6,2.4,0.0,0.0,70.0
2024-06-06 22:30:00,0,985.8,90.6,0.0,18.5,2.4,0.0,0.0,70.0
2024-06-06 22:45:00,0,985.8,91.0,0.0,18.4,2.3,0.0,0.0,70.0
2024-06-06 23:00:00,0,985.8,91.4,0.0,18.3,2.2,0.0,0.0,70.0
2024-06-06 23:15:00,0,985.8,91.8,0.0,18.2,2.1,0.0,0.0,70.0
2024-06-06 23:30:00,0,985.8,92.2,0.0,18.1,2.0,0.0,0.0,70.0
2024-06-06 23:45:00,0,985.8,92.7,0.0,18.0,1.9,0.0,0.0,70.0
2024-06-07 00:00:00,0,985.6,93.2,0.0,18.1,1.7,0.0,0.0,70.0
2024-06-07 00:15:00,0,985.6,93.3,0.0,18.0,1.7,0.0,0.0,70.0
2024-06-07 00:30:00,0,985.6,92.9,0.0,17.9,1.7,0.0,0.0,70.0
2024-06-07 00:45:00,0,985.6,92.5,0.0,17.8,1.6,0.0,0.0,70.0
2024-06-07 01:00:00,0,985.6,92.5,0.0,17.7,1.6,0.0,0.0,70.0
2024-06-07 01:15:00,0,985.6,92.6,0.0,17.6,1.6,0.0,0.0,70.0
2024-06-07 01:30:00,0,985.6,92.8,0.0,17.6,1.6,0.0,0.0,70.0
2024-06-07 01:45:00,0,985.6,93.0,0.0,17.5,1.5,0.0,0.0,70.0
2024-06-07 02:00:00,0,985.6,93.4,0.0,17.4,1.5,0.0,0.0,70.0
2024-06-07 02:15:00,0,985.6,93.7,0.0,17.4,1.5,0.0,0.0,70.0
2024-06-07 02:30:00,0,985.6,93.8,0.0,17.4,1.5,0.0,0.0,70.0
2024-06-07 02:45:00,0,985.6,94.3,0.0,17.3,1.5,0.0,0.0,70.0
2024-06-07 03:00:00,0,985.6,95.2,0.0,17.3,1.5,0.0,0.0,70.0
2024-06-07 03:15:00,0,985.6,96.0,0.0,17.2,1.5,0.0,0.0,70.0
2024-06-07 03:30:00,0,985.6,96.4,0.0,17.2,1.5,0.0,0.0,70.0
2024-06-07 03:45:00,0,985.6,96.8,0.0,17.2,1.5,0.0,0.0,70.0
2024-06-07 04:00:00,0,985.6,97.3,0.0,17.2,1.5,0.0,0.0,70.0
2024-06-07 04:15:00,0,985.6,97.7,0.0,17.2,1.5,0.0,0.0,70.0
2024-06-07 04:30:00,0,985.6,97.9,0.0,17.3,1.6,0.0,0.0,70.0
2024-06-07 04:45:00,0,985.6,98.2,0.0,17.3,1.6,0.0,0.0,70.0
2024-06-07 05:00:00,0,985.6,98.4,0.0,17.2,1.7,0.0,0.0,70.0
2024-06-07 05:15:00,11,985.6,98.3,0.0,17.2,1.7,11.002,0.492,70.0
2024-06-07 05:30:00,24,985.6,98.5,0.0,17.2,1.8,28.002,1.688,70.0
2024-06-07 05:45:00,37,985.6,98.8,0.0,17.2,1.8,44.008,2.844,70.0
2024-06-07 06:00:00,51,985.6,98.7,0.0,17.3,1.9,92.0,4.067,70.0
2024-06-07 06:15:00,66,985.6,98.3,0.0,17.4,1.9,66.001,3.342,70.0
2024-06-07 06:30:00,82,985.6,97.4,0.0,17.5,1.9,134.008,5.913,70.0
2024-06-07 06:45:00,100,985.6,96.7,0.0,17.6,2.0,117.006,6.225,70.0
2024-06-07 07:00:00,121,985.6,95.9,0.0,17.9,2.1,407.009,13.805,70.0
2024-06-07 07:15:00,145,985.6,95.4,0.0,18.1,2.2,259.003,11.57,70.0
2024-06-07 07:30:00,172,985.6,94.5,0.0,18.3,2.2,182.008,9.534,70.0
2024-06-07 07:45:00,202,985.6,92.5,0.0,18.7,2.3,164.008,11.948,70.0
2024-06-07 08:00:00,236,985.6,90.7,0.0,19.0,2.4,352.007,23.448,70.0
2024-06-07 08:15:00,271,985.6,89.1,0.0,19.4,2.5,557.006,31.582,70.0
2024-06-07 08:30:00,309,985.6,88.4,0.0,19.7,2.6,262.005,12.637,70.0
2024-06-07 08:45:00,349,985.6,86.8,0.0,20.1,2.7,301.001,24.792,70.0
2024-06-07 09:00:00,389,985.6,84.4,0.0,20.6,2.8,574.007,44.046,70.0
2024-06-07 09:15:00,430,985.6,81.4,0.0,21.1,2.9,676.008,37.387,70.0
2024-06-07 09:30:00,470,985.6,78.6,0.0,21.6,2.9,838.004,41.288,70.0
2024-06-07 09:45:00,508,985.6,77.2,0.0,22.0,3.0,599.004,30.79,70.0
2024-06-07 10:00:00,548,985.6,75.0,0.0,22.5,3.1,1053.004,55.761,70.0
2024-06-07 10:15:00,590,985.6,72.7,0.0,22.9,3.1,863.008,44.316,70.0
2024-06-07 10:30:00,631,985.6,70.8,0.0,23.3,3.2,872.002,51.248,70.0
2024-06-07 10:45:00,673,985.6,69.5,0.0,23.7,3.2,918.006,51.519,70.0
2024-06-07 11:00:00,712,985.6,66.0,0.0,24.1,3.3,765.008,36.831,70.0
2024-06-07 11:15:00,748,985.6,64.8,0.0,24.4,3.3,602.006,34.267,70.0
2024-06-07 11:30:00,781,985.6,64.9,0.0,24.7,3.3,519.007,31.389,70.0
2024-06-07 11:45:00,809,985.6,61.5,0.0,24.9,3.4,535.002,32.245,70.0
2024-06-07 12:00:00,830,985.6,60.7,0.0,25.1,3.4,540.009,39.925,70.0
2024-06-07 12:15:00,845,985.6,60.6,0.0,25.3,3.5,888.002,40.537,70.0
2024-06-07 12:30:00,852,985.6,59.3,0.0,25.5,3.5,1087.009,48.12,70.0
2024-06-07 12:45:00,849,985.6,56.4,0.0,25.7,3.6,1012.006,54.009,70.0
2024-06-07 13:00:00,839,985.6,55.3,0.0,25.8,3.6,981.009,53.58,70.0
2024-06-07 13:15:00,821,985.6,55.6,0.0,25.9,3.6,981.009,52.197,70.0
2024-06-07 13:30:00,797,985.6,56.1,0.0,26.0,3.6,949.006,50.673,70.0
2024-06-07 13:45:00,768,985.6,54.6,0.0,26.1,3.6,955.005,48.736,70.0
2024-06-07 14:00:00,734,985.6,54.1,0.0,26.2,3.6,912.005,47.961,70.0
2024-06-07 14:15:00,696,985.6,54.3,0.0,26.2,3.6,875.003,46.348,70.0
2024-06-07 14:30:00,655,985.6,54.5,0.0,26.2,3.7,824.005,44.751,70.0
2024-06-07 14:45:00,613,985.6,55.0,0.0,26.3,3.7,780.008,35.182,70.0
2024-06-07 15:00:00,569,985.6,55.6,0.0,26.3,3.7,457.008,37.785,70.0
2024-06-07 15:15:00,526,985.6,56.6,0.0,26.1,3.8,723.002,34.318,70.0
2024-06-07 15:30:00,483,985.6,59.3,0.2,25.6,3.8,650.003,34.266,70.0
2024-06-07 15:45:00,441,985.6,61.1,0.2,25.2,3.8,614.009,29.805,70.0
2024-06-07 16:00:00,397,985.6,60.7,0.1,25.4,3.8,549.004,23.994,70.0
2024-06-07 16:15:00,353,985.6,60.4,0.0,25.6,3.8,486.004,18.214,70.0
2024-06-07 16:30:00,309,985.6,60.4,0.0,25.6,3.8,475.005,16.756,70.0
2024-06-07 16:45:00,267,985.6,60.7,0.0,25.6,3.8,461.009,15.69,70.0
2024-06-07 17:00:00,227,985.6,60.6,0.0,25.5,3.7,358.007,10.085,70.0
2024-06-07 17:15:00,189,985.6,61.1,0.0,25.2,3.7,293.004,11.707,70.0
2024-06-07 17:30:00,155,985.6,62.1,0.0,24.9,3.7,237.004,8.434,70.0
2024-06-07 17:45:00,125,985.6,64.1,0.0,24.7,3.7,196.006,6.258,70.0
2024-06-07 18:00:00,98,985.6,67.2,0.0,24.4,3.7,143.002,4.242,70.0
2024-06-07 18:15:00,75,985.6,69.6,0.0,24.0,3.6,96.007,3.15,70.0
2024-06-07 18:30:00,55,985.6,71.9,0.0,23.6,3.6,55.004,2.188,70.0
2024-06-07 18:45:00,37,985.6,73.7,0.0,23.2,3.6,28.004,1.322,70.0
2024-06-07 19:00:00,22,985.6,75.0,0.0,22.7,3.6,13.003,0.569,70.0
2024-06-07 19:15:00,7,985.6,75.8,0.0,22.4,3.5,0.0,0.0,70.0
2024-06-07 19:30:00,0,985.6,76.4,0.0,22.1,3.5,0.0,0.0,70.0
2024-06-07 19:45:00,0,985.6,78.5,0.0,21.7,3.5,0.0,0.0,70.0
2024-06-07 20:00:00,0,985.6,81.4,0.0,21.4,3.4,0.0,0.0,70.0
2024-06-07 20:15:00,0,985.6,83.7,0.0,21.1,3.3,0.0,0.0,70.0
2024-06-07 20:30:00,0,985.6,85.0,0.0,20.8,3.2,0.0,0.0,70.0
2024-06-07 20:45:00,0,985.6,85.8,0.0,20.6,3.1,0.0,0.0,70.0
2024-06-07 21:00:00,0,985.6,86.6,0.0,20.4,3.0,0.0,0.0,70.0
2024-06-07 21:15:00,0,985.6,87.4,0.0,20.2,2.9,0.0,0.0,70.0
2024-06-07 21:30:00,0,985.6,88.1,0.0,19.9,2.8,0.0,0.0,70.0
2024-06-07 21:45:00,0,985.6,88.8,0.0,19.7,2.7,0.0,0.0,70.0
2024-06-07 22:00:00,0,985.6,89.6,0.0,19.6,2.7,0.0,0.0,70.0
2024-06-07 22:15:00,0,985.6,90.4,0.0,19.4,2.6,0.0,0.0,70.0
2024-06-07 22:30:00,0,985.6,91.0,0.0,19.2,2.5,0.0,0.0,70.0
2024-06-07 22:45:00,0,985.6,91.8,0.0,19.1,2.5,0.0,0.0,70.0
2024-06-07 23:00:00,0,985.5,92.5,0.0,19.0,2.4,0.0,0.0,70.0
2024-06-07 23:15:00,0,985.5,93.1,0.0,18.8,2.4,0.0,0.0,70.0
2024-06-07 23:30:00,0,985.5,93.7,0.0,18.8,2.3,0.0,0.0,70.0
2024-06-07 23:45:00,0,985.5,94.1,0.0,18.7,2.2,0.0,0.0,70.0
2024-06-08 00:00:00,0,985.8,91.6,0.0,19.1,2.5,0.0,0.0,70.0
2024-06-08 00:15:00,0,985.8,91.8,0.0,19.1,2.4,0.0,0.0,70.0
2024-06-08 00:30:00,0,985.8,92.3,0.0,19.0,2.4,0.0,0.0,70.0
2024-06-08 00:45:00,0,985.8,92.9,0.1,18.9,2.3,0.0,0.0,70.0
2024-06-08 01:00:00,0,985.8,93.1,0.1,18.8,2.2,0.0,0.0,70.0
2024-06-08 01:15:00,0,985.8,92.9,0.0,18.8,2.2,0.0,0.0,70.0
2024-06-08 01:30:00,0,985.8,92.7,0.0,18.6,2.2,0.0,0.0,70.0
2024-06-08 01:45:00,0,985.8,92.3,0.0,18.6,2.1,0.0,0.0,70.0
2024-06-08 02:00:00,0,985.8,91.7,0.1,18.6,2.1,0.0,0.0,70.0
2024-06-08 02:15:00,0,985.8,91.2,0.0,18.5,2.0,0.0,0.0,70.0
2024-06-08 02:30:00,0,985.8,90.1,0.0,18.5,1.9,0.0,0.0,70.0
2024-06-08 02:45:00,0,985.8,89.0,0.0,18.5,1.8,0.0,0.0,70.0
2024-06-08 03:00:00,0,985.8,88.4,0.0,18.5,1.7,0.0,0.0,70.0
2024-06-08 03:15:00,0,985.8,88.3,0.0,18.4,1.6,0.0,0.0,70.0
2024-06-08 03:30:00,0,985.8,88.6,0.0,18.4,1.5,0.0,0.0,70.0
2024-06-08 03:45:00,0,985.8,89.2,0.0,18.3,1.5,0.0,0.0,70.0
2024-06-08 04:00:00,0,985.8,89.8,0.0,18.3,1.4,0.0,0.0,70.0
2024-06-08 04:15:00,0,985.8,90.4,0.0,18.2,1.3,0.0,0.0,70.0
2024-06-08 04:30:00,0,985.8,90.8,0.0,18.2,1.3,0.0,0.0,70.0
2024-06-08 04:45:00,0,985.8,91.3,0.0,18.1,1.2,0.0,0.0,70.0
2024-06-08 05:00:00,1,985.8,91.7,0.0,18.1,1.2,0.0,0.0,70.0
2024-06-08 05:15:00,25,985.8,91.8,0.0,18.1,1.2,26.009,1.133,70.0
2024-06-08 05:30:00,53,985.8,91.9,0.0,18.1,1.1,50.0,2.0,70.0
2024-06-08 05:45:00,83,985.8,92.1,0.0,18.1,1.1,84.008,3.0,70.0
2024-06-08 06:00:00,112,985.8,92.1,0.0,18.3,1.1,127.009,4.563,70.0
2024-06-08 06:15:00,142,985.8,91.8,0.0,18.5,1.2,172.008,5.816,70.0
2024-06-08 06:30:00,173,985.8,90.9,0.0,18.9,1.2,223.005,7.878,70.0
2024-06-08 06:45:00,204,985.8,89.9,0.0,19.3,1.2,292.004,10.077,70.0
2024-06-08 07:00:00,237,985.8,88.4,0.0,19.7,1.2,341.003,12.867,70.0
2024-06-08 07:15:00,271,985.8,87.1,0.0,20.2,1.3,349.005,15.212,70.0
2024-06-08 07:30:00,307,985.8,85.6,0.0,20.8,1.3,416.004,18.703,70.0
2024-06-08 07:45:00,344,985.8,83.1,0.0,21.5,1.4,421.009,19.342,70.0
2024-06-08 08:00:00,381,985.8,80.5,0.0,22.2,1.4,445.009,23.198,70.0
2024-06-08 08:15:00,419,985.8,78.3,0.0,22.9,1.5,504.0,27.494,70.0
2024-06-08 08:30:00,457,985.8,76.1,0.0,23.5,1.5,604.001,33.683,70.0
2024-06-08 08:45:00,493,985.8,73.7,0.0,24.1,1.6,696.01,39.911,70.0
2024-06-08 09:00:00,528,985.8,71.5,0.0,24.6,1.6,763.005,39.482,70.0
2024-06-08 09:15:00,561,985.8,69.2,0.0,25.1,1.7,814.006,30.257,70.0
2024-06-08 09:30:00,590,985.8,67.0,0.0,25.6,1.7,708.001,31.51,70.0
2024-06-08 09:45:00,615,985.8,64.2,0.0,26.0,1.8,780.006,45.564,70.0
2024-06-08 10:00:00,637,985.8,61.5,0.0,26.4,1.8,883.0,48.208,70.0
2024-06-08 10:15:00,655,985.8,59.7,0.0,26.8,1.8,801.003,43.898,70.0
2024-06-08 10:30:00,670,985.8,58.5,0.0,27.1,1.9,785.006,40.208,70.0
2024-06-08 10:45:00,681,985.9,57.3,0.0,27.4,1.9,838.008,48.05,70.0
2024-06-08 11:00:00,689,985.9,56.1,0.0,27.7,1.9,931.006,44.415,70.0
2024-06-08 11:15:00,693,985.9,54.5,0.0,28.0,1.9,723.007,41.936,70.0
2024-06-08 11:30:00,693,985.9,53.0,0.0,28.3,1.9,614.008,41.868,70.0
2024-06-08 11:45:00,689,985.9,52.0,0.0,28.4,1.9,628.002,41.112,70.0
2024-06-08 12:00:00,682,985.9,51.2,0.0,28.6,1.9,571.005,31.788,70.0
2024-06-08 12:15:00,672,985.9,50.4,0.0,28.8,1.9,758.01,39.813,70.0
2024-06-08 12:30:00,659,985.9,49.7,0.0,29.0,1.9,546.007,33.937,70.0
2024-06-08 12:45:00,642,985.9,49.2,0.0,29.1,1.8,754.001,39.956,70.0
2024-06-08 13:00:00,620,985.9,48.5,0.0,29.4,1.8,710.009,37.95,70.0
2024-06-08 13:15:00,595,985.9,48.0,0.0,29.5,1.8,603.001,35.402,70.0
2024-06-08 13:30:00,567,985.9,47.7,0.0,29.6,1.8,690.009,32.758,70.0
2024-06-08 13:45:00,536,985.9,47.4,0.0,29.8,1.9,409.008,23.448,70.0
2024-06-08 14:00:00,503,985.9,47.1,0.0,29.9,1.9,390.01,21.837,70.0
2024-06-08 14:15:00,470,985.9,46.9,0.0,29.9,1.9,436.01,24.66,70.0
2024-06-08 14:30:00,436,985.9,46.8,0.0,29.9,1.9,375.007,21.62,70.0
2024-06-08 14:45:00,402,985.9,46.5,0.0,30.0,1.9,339.007,20.359,70.0
2024-06-08 15:00:00,369,985.9,46.1,0.0,30.0,1.9,340.009,18.327,70.0
2024-06-08 15:15:00,337,985.9,45.6,0.0,29.9,1.9,279.01,15.259,70.0
2024-06-08 15:30:00,307,985.9,45.6,0.0,29.8,2.0,268.008,15.197,70.0
2024-06-08 15:45:00,279,985.9,46.2,0.0,29.6,2.0,220.008,12.633,70.0
2024-06-08 16:00:00,252,985.9,47.5,0.0,29.4,2.0,226.004,13.631,70.0
2024-06-08 16:15:00,225,985.9,49.7,0.0,29.2,2.0,210.001,12.108,70.0
2024-06-08 16:30:00,200,985.9,51.6,0.0,28.9,2.0,216.006,12.059,70.0
2024-06-08 16:45:00,176,985.9,53.5,0.0,28.6,2.1,191.004,10.485,70.0
2024-06-08 17:00:00,153,985.9,55.8,0.0,28.3,2.1,149.003,8.551,70.0
2024-06-08 17:15:00,132,985.9,58.1,0.0,27.9,2.2,123.005,7.243,70.0
2024-06-08 17:30:00,112,985.9,60.0,0.0,27.6,2.2,104.004,5.902,70.0
2024-06-08 17:45:00,93,985.9,61.4,0.0,27.2,2.2,98.004,5.508,70.0
2024-06-08 18:00:00,76,985.9,62.7,0.0,26.9,2.3,89.009,4.828,70.0
2024-06-08 18:15:00,60,985.9,63.6,0.0,26.5,2.3,53.003,3.202,70.0
2024-06-08 18:30:00,45,985.9,64.3,0.0,26.4,2.3,38.01,2.152,70.0
2024-06-08 18:45:00,32,985.9,65.3,0.0,26.1,2.3,25.001,1.497,70.0
2024-06-08 19:00:00,19,985.9,66.5,0.0,25.9,2.4,17.008,0.989,70.0
2024-06-08 19:15:00,7,985.9,67.5,0.0,25.6,2.4,9.004,0.523,70.0
2024-06-08 19:30:00,0,985.9,68.1,0.0,25.4,2.4,0.0,0.0,70.0
2024-06-08 19:45:00,0,985.8,68.3,0.0,25.3,2.4,0.0,0.0,70.0
2024-06-08 20:00:00,0,985.8,68.5,0.0,25.1,2.4,0.0,0.0,70.0
2024-06-08 20:15:00,0,985.8,69.1,0.0,24.9,2.4,0.0,0.0,70.0
2024-06-08 20:30:00,0,985.8,70.4,0.0,24.7,2.4,0.0,0.0,70.0
2024-06-08 20:45:00,0,985.8,72.0,0.0,24.5,2.4,0.0,0.0,70.0
2024-06-08 21:00:00,0,985.8,72.8,0.0,24.3,2.3,0.0,0.0,70.0
2024-06-08 21:15:00,0,985.8,72.9,0.0,24.1,2.3,0.0,0.0,70.0
2024-06-08 21:30:00,0,985.8,72.5,0.0,24.1,2.3,0.0,0.0,70.0
2024-06-08 21:45:00,0,985.8,72.1,0.0,24.0,2.3,0.0,0.0,70.0
2024-06-08 22:00:00,0,985.8,72.2,0.0,23.8,2.2,0.0,0.0,70.0
2024-06-08 22:15:00,0,985.8,72.7,0.0,23.7,2.2,0.0,0.0,70.0
2024-06-08 22:30:00,0,985.8,73.2,0.0,23.6,2.2,0.0,0.0,70.0
2024-06-08 22:45:00,0,985.8,73.6,0.0,23.4,2.1,0.0,0.0,70.0
2024-06-08 23:00:00,0,985.8,73.9,0.0,23.3,2.1,0.0,0.0,70.0
2024-06-08 23:15:00,0,985.8,74.4,0.0,23.2,2.1,0.0,0.0,70.0
2024-06-08 23:30:00,0,985.8,74.8,0.0,23.1,2.0,0.0,0.0,70.0
2024-06-08 23:45:00,0,985.8,75.3,0.0,22.9,2.0,0.0,0.0,70.0
2024-06-09 00:00:00,0,985.8,72.3,0.0,22.6,2.1,0.0,0.0,70.0
2024-06-09 00:15:00,0,985.8,72.3,0.0,22.6,2.0,0.0,0.0,70.0
2024-06-09 00:30:00,0,985.8,72.4,0.0,22.5,2.0,0.0,0.0,70.0
2024-06-09 00:45:00,0,985.8,72.4,0.0,22.5,2.0,0.0,0.0,70.0
2024-06-09 01:00:00,0,985.8,72.4,0.0,22.4,1.9,0.0,0.0,70.0
2024-06-09 01:15:00,0,985.8,72.2,0.0,22.3,1.9,0.0,0.0,70.0
2024-06-09 01:30:00,0,985.8,71.9,0.0,22.2,1.8,0.0,0.0,70.0
2024-06-09 01:45:00,0,985.8,72.1,0.0,22.1,1.8,0.0,0.0,70.0
2024-06-09 02:00:00,0,985.8,72.8,0.0,21.9,1.7,0.0,0.0,70.0
2024-06-09 02:15:00,0,985.8,73.5,0.0,21.8,1.7,0.0,0.0,70.0
2024-06-09 02:30:00,0,985.8,74.1,0.0,21.7,1.7,0.0,0.0,70.0
2024-06-09 02:45:00,0,985.8,74.5,0.0,21.6,1.6,0.0,0.0,70.0
2024-06-09 03:00:00,0,985.8,75.0,0.0,21.5,1.6,0.0,0.0,70.0
2024-06-09 03:15:00,0,985.8,75.7,0.0,21.3,1.5,0.0,0.0,70.0
2024-06-09 03:30:00,0,985.8,76.5,0.0,21.2,1.5,0.0,0.0,70.0
2024-06-09 03:45:00,0,985.8,77.5,0.0,21.1,1.5,0.0,0.0,70.0
2024-06-09 04:00:00,0,985.8,78.8,0.0,20.9,1.4,0.0,0.0,70.0
2024-06-09 04:15:00,0,985.8,80.3,0.0,20.7,1.4,0.0,0.0,70.0
2024-06-09 04:30:00,0,985.8,81.7,0.0,20.6,1.4,0.0,0.0,70.0
2024-06-09 04:45:00,0,985.8,82.8,0.0,20.5,1.3,0.0,0.0,70.0
2024-06-09 05:00:00,1,985.8,83.7,0.0,20.4,1.3,0.0,0.0,70.0
2024-06-09 05:15:00,24,985.8,84.3,0.0,20.2,1.3,23.009,0.913,70.0
2024-06-09 05:30:00,52,985.8,84.7,0.0,20.2,1.3,49.008,1.466,70.0
2024-06-09 05:45:00,80,985.8,84.9,0.0,20.3,1.3,40.005,1.497,70.0
2024-06-09 06:00:00,109,985.8,84.8,0.0,20.4,1.3,54.004,2.101,70.0
2024-06-09 06:15:00,139,985.8,84.3,0.0,20.5,1.3,142.008,3.752,70.0
2024-06-09 06:30:00,169,985.8,83.8,0.0,21.0,1.3,188.007,5.604,70.0
2024-06-09 06:45:00,202,985.8,83.7,0.0,21.4,1.4,284.009,9.007,70.0
2024-06-09 07:00:00,236,985.8,83.8,0.0,21.9,1.5,337.002,12.298,70.0
2024-06-09 07:15:00,274,985.8,83.9,0.0,22.4,1.5,391.001,15.784,70.0
2024-06-09 07:30:00,314,985.8,83.8,0.0,23.0,1.6,439.005,19.358,70.0
2024-06-09 07:45:00,356,985.8,82.2,0.0,23.8,1.7,487.01,22.81,70.0
2024-06-09 08:00:00,400,985.8,78.4,0.0,24.5,1.7,533.007,26.336,70.0
2024-06-09 08:15:00,446,985.8,75.8,0.0,25.3,1.8,578.003,29.524,70.0
2024-06-09 08:30:00,492,985.8,72.4,0.0,25.9,1.9,625.009,32.896,70.0
2024-06-09 08:45:00,538,985.9,69.0,0.0,26.5,2.0,668.005,36.053,70.0
2024-06-09 09:00:00,583,985.9,66.3,0.0,27.1,2.1,724.002,38.96,70.0
2024-06-09 09:15:00,626,985.9,63.5,0.0,27.6,2.2,773.004,41.745,70.0
2024-06-09 09:30:00,665,985.9,60.4,0.0,28.0,2.3,806.004,44.025,70.0
2024-06-09 09:45:00,699,985.9,58.8,0.0,28.4,2.4,841.005,45.913,70.0
2024-06-09 10:00:00,730,985.9,57.4,0.0,28.8,2.5,760.006,39.868,70.0
2024-06-09 10:15:00,757,985.9,55.4,0.0,29.1,2.6,888.01,48.818,70.0
2024-06-09 10:30:00,781,985.9,53.1,0.0,29.5,2.7,911.007,49.436,70.0
2024-06-09 10:45:00,800,985.9,51.7,0.0,29.8,2.8,928.008,50.286,70.0
2024-06-09 11:00:00,816,985.9,50.5,0.0,30.0,2.9,959.001,51.112,70.0
2024-06-09 11:15:00,827,985.9,49.6,0.0,30.2,3.0,973.006,51.282,70.0
2024-06-09 11:30:00,835,985.9,48.3,0.0,30.5,3.0,980.008,51.994,70.0
2024-06-09 11:45:00,839,985.9,47.1,0.0,30.7,3.1,979.001,52.088,70.0
2024-06-09 12:00:00,839,985.9,46.7,0.0,30.8,3.1,996.007,52.026,70.0
2024-06-09 12:15:00,835,985.9,45.4,0.0,31.0,3.1,971.009,51.59,70.0
2024-06-09 12:30:00,828,985.9,44.3,0.0,31.2,3.2,970.004,51.622,70.0
2024-06-09 12:45:00,817,985.9,43.8,0.0,31.3,3.2,966.005,51.074,70.0
2024-06-09 13:00:00,804,985.9,43.5,0.0,31.4,3.2,962.006,50.516,70.0
2024-06-09 13:15:00,787,985.9,43.4,0.0,31.5,3.2,914.001,50.159,70.0
2024-06-09 13:30:00,767,985.9,43.4,0.0,31.6,3.2,921.007,47.596,70.0
2024-06-09 13:45:00,744,985.9,44.0,0.0,31.7,3.2,871.01,41.565,70.0
2024-06-09 14:00:00,718,985.9,44.9,0.0,31.7,3.2,863.005,29.602,70.0
2024-06-09 14:15:00,689,985.9,45.0,0.0,31.7,3.2,815.006,25.085,70.0
2024-06-09 14:30:00,657,985.9,43.8,0.0,31.8,3.1,226.006,32.808,70.0
2024-06-09 14:45:00,622,985.9,43.7,0.0,31.8,3.1,766.005,24.694,70.0
2024-06-09 15:00:00,585,985.9,43.9,0.0,31.7,3.0,259.002,18.336,70.0
2024-06-09 15:15:00,546,985.9,43.6,0.0,31.7,3.0,184.008,14.979,70.0
2024-06-09 15:30:00,504,985.9,44.0,0.0,31.7,2.9,260.004,15.713,70.0
2024-06-09 15:45:00,461,985.9,44.6,0.0,31.6,2.8,318.003,19.069,70.0
2024-06-09 16:00:00,416,985.9,44.7,0.0,31.6,2.8,291.003,16.441,70.0
2024-06-09 16:15:00,368,985.9,44.9,0.0,31.4,2.7,289.006,15.854,70.0
2024-06-09 16:30:00,321,985.9,45.4,0.0,31.3,2.7,306.003,14.703,70.0
2024-06-09 16:45:00,275,985.9,46.4,0.0,31.1,2.6,227.002,15.074,70.0
2024-06-09 17:00:00,232,985.9,48.0,0.0,30.9,2.6,190.01,10.374,70.0
2024-06-09 17:15:00,191,985.9,50.1,0.0,30.6,2.5,153.0,8.796,70.0
2024-06-09 17:30:00,155,985.9,52.8,0.0,30.2,2.5,124.003,6.992,70.0
2024-06-09 17:45:00,123,985.9,55.1,0.0,29.9,2.5,110.007,5.948,70.0
2024-06-09 18:00:00,95,985.9,57.7,0.0,29.5,2.5,85.004,4.572,70.0
2024-06-09 18:15:00,71,985.9,60.0,0.0,29.1,2.4,61.008,3.407,70.0
2024-06-09 18:30:00,51,985.9,61.3,0.0,28.5,2.4,48.001,2.481,70.0
2024-06-09 18:45:00,35,985.9,62.2,0.0,28.2,2.4,29.002,1.548,70.0
2024-06-09 19:00:00,20,985.9,63.1,0.0,27.8,2.4,15.001,0.745,70.0
2024-06-09 19:15:00,7,985.9,64.3,0.0,27.6,2.4,0.0,0.0,70.0
2024-06-09 19:30:00,0,985.9,65.5,0.0,27.3,2.3,0.0,0.0,70.0
2024-06-09 19:45:00,0,985.9,66.5,0.0,27.0,2.3,0.0,0.0,70.0
2024-06-09 20:00:00,0,985.9,67.7,0.0,26.8,2.3,0.0,0.0,70.0
2024-06-09 20:15:00,0,985.9,68.6,0.0,26.5,2.3,0.0,0.0,70.0
2024-06-09 20:30:00,0,985.9,68.9,0.0,26.3,2.3,0.0,0.0,70.0
2024-06-09 20:45:00,0,985.9,68.6,0.0,26.1,2.3,0.0,0.0,70.0
2024-06-09 21:00:00,0,985.9,67.7,0.0,25.9,2.3,0.0,0.0,70.0
2024-06-09 21:15:00,0,985.9,66.9,0.0,25.7,2.3,0.0,0.0,70.0
2024-06-09 21:30:00,0,985.9,66.8,0.0,25.6,2.3,0.0,0.0,70.0
2024-06-09 21:45:00,0,985.9,67.5,0.0,25.4,2.2,0.0,0.0,70.0
2024-06-09 22:00:00,0,985.9,68.3,0.0,25.2,2.2,0.0,0.0,70.0
2024-06-09 22:15:00,0,985.9,69.0,0.0,25.1,2.2,0.0,0.0,70.0
2024-06-09 22:30:00,0,985.9,69.4,0.0,25.0,2.2,0.0,0.0,70.0
2024-06-09 22:45:00,0,985.9,69.8,0.0,24.8,2.2,0.0,0.0,70.0
2024-06-09 23:00:00,0,985.9,70.1,0.0,24.7,2.1,0.0,0.0,70.0
2024-06-09 23:15:00,0,985.8,70.3,0.0,24.6,2.1,0.0,0.0,70.0
2024-06-09 23:30:00,0,985.8,70.6,0.0,24.5,2.0,0.0,0.0,70.0
2024-06-09 23:45:00,0,985.8,70.9,0.0,24.4,2.0,0.0,0.0,70.0
2024-06-10 00:00:00,0,986.3,78.4,0.0,24.3,2.0,0.0,0.0,70.0
2024-06-10 00:15:00,0,986.3,78.9,0.0,24.1,2.0,0.0,0.0,70.0
2024-06-10 00:30:00,0,986.3,79.5,0.0,24.0,1.9,0.0,0.0,70.0
2024-06-10 00:45:00,0,986.3,80.1,0.0,23.9,1.8,0.0,0.0,70.0
2024-06-10 01:00:00,0,986.3,80.5,0.0,23.8,1.8,0.0,0.0,70.0
2024-06-10 01:15:00,0,986.2,80.8,0.0,23.7,1.7,0.0,0.0,70.0
2024-06-10 01:30:00,0,986.2,81.1,0.0,23.5,1.6,0.0,0.0,70.0
2024-06-10 01:45:00,0,986.2,81.4,0.0,23.4,1.5,0.0,0.0,70.0
2024-06-10 02:00:00,0,986.2,81.8,0.0,23.3,1.4,0.0,0.0,70.0
2024-06-10 02:15:00,0,986.2,82.1,0.0,23.2,1.4,0.0,0.0,70.0
2024-06-10 02:30:00,0,986.2,82.3,0.0,23.1,1.3,0.0,0.0,70.0
2024-06-10 02:45:00,0,986.2,82.5,0.0,23.0,1.2,0.0,0.0,70.0
2024-06-10 03:00:00,0,986.2,82.7,0.0,22.9,1.2,0.0,0.0,70.0
2024-06-10 03:15:00,0,986.2,82.8,0.0,22.8,1.1,0.0,0.0,70.0
2024-06-10 03:30:00,0,986.2,82.9,0.0,22.7,1.1,0.0,0.0,70.0
2024-06-10 03:45:00,0,986.2,83.0,0.0,22.5,1.0,0.0,0.0,70.0
2024-06-10 04:00:00,0,986.2,83.0,0.0,22.5,1.0,0.0,0.0,70.0
2024-06-10 04:15:00,0,986.2,83.2,0.0,22.4,1.0,0.0,0.0,70.0
2024-06-10 04:30:00,0,986.2,83.5,0.0,22.3,0.9,0.0,0.0,70.0
2024-06-10 04:45:00,0,986.2,83.8,0.0,22.2,0.9,0.0,0.0,70.0
2024-06-10 05:00:00,1,986.2,84.2,0.0,22.2,0.9,0.0,0.0,70.0
2024-06-10 05:15:00,25,986.2,84.4,0.0,22.1,0.9,19.003,0.572,70.0
2024-06-10 05:30:00,54,986.2,84.4,0.0,22.2,0.9,31.004,1.217,70.0
2024-06-10 05:45:00,83,986.2,84.1,0.0,22.2,1.0,63.008,2.517,70.0
2024-06-10 06:00:00,113,986.2,83.6,0.0,22.4,1.0,98.001,3.489,70.0
2024-06-10 06:15:00,143,986.2,83.0,0.0,22.6,1.0,153.009,4.75,70.0
2024-06-10 06:30:00,175,986.2,82.4,0.0,23.0,1.1,125.006,4.553,70.0
2024-06-10 06:45:00,208,986.2,82.0,0.0,23.5,1.1,215.004,8.055,70.0
2024-06-10 07:00:00,243,986.2,81.7,0.0,23.9,1.2,284.0,11.544,70.0
2024-06-10 07:15:00,281,986.2,81.5,0.0,24.4,1.2,336.01,14.46,70.0
2024-06-10 07:30:00,320,986.3,81.2,0.0,25.0,1.3,384.007,17.593,70.0
2024-06-10 07:45:00,362,986.3,78.8,0.0,25.6,1.4,427.008,20.859,70.0
2024-06-10 08:00:00,406,986.3,77.8,0.0,26.1,1.5,475.007,23.995,70.0
2024-06-10 08:15:00,450,986.3,75.2,0.0,26.6,1.6,517.001,26.884,70.0
2024-06-10 08:30:00,495,986.3,74.1,0.0,27.1,1.7,565.005,29.98,70.0
2024-06-10 08:45:00,539,986.3,71.9,0.0,27.6,1.8,605.008,32.725,70.0
2024-06-10 09:00:00,582,986.3,70.9,0.0,28.1,1.8,654.004,35.438,70.0
2024-06-10 09:15:00,622,986.3,70.0,0.0,28.5,1.9,690.002,37.708,70.0
2024-06-10 09:30:00,659,986.3,67.9,0.0,29.0,2.0,723.006,39.632,70.0
2024-06-10 09:45:00,691,986.3,65.7,0.0,29.4,2.1,762.002,41.812,70.0
2024-06-10 10:00:00,718,986.3,63.4,0.0,29.8,2.2,790.004,43.37,70.0
2024-06-10 10:15:00,741,986.3,60.6,0.0,30.2,2.3,820.0,44.986,70.0
2024-06-10 10:30:00,759,986.3,58.2,0.0,30.6,2.4,844.006,45.795,70.0
2024-06-10 10:45:00,774,986.3,56.7,0.0,30.8,2.4,824.009,46.888,70.0
2024-06-10 11:00:00,784,986.3,55.5,0.0,31.1,2.5,878.008,48.085,70.0
2024-06-10 11:15:00,791,986.3,53.5,0.0,31.3,2.5,905.0,47.735,70.0
2024-06-10 11:30:00,794,986.3,52.1,0.0,31.5,2.6,929.004,48.38,70.0
2024-06-10 11:45:00,794,986.3,50.4,0.0,31.7,2.6,928.008,49.351,70.0
2024-06-10 12:00:00,791,986.3,49.0,0.0,31.8,2.7,946.003,49.252,70.0
2024-06-10 12:15:00,786,986.3,47.9,0.0,31.9,2.7,926.008,49.86,70.0
2024-06-10 12:30:00,778,986.3,46.7,0.0,32.0,2.7,916.005,49.825,70.0
2024-06-10 12:45:00,769,986.3,45.0,0.0,32.1,2.7,887.008,26.164,70.0
2024-06-10 13:00:00,759,986.3,44.2,0.0,32.1,2.7,510.007,18.023,70.0
2024-06-10 13:15:00,746,986.3,44.1,0.0,32.2,2.8,258.009,16.246,70.0
2024-06-10 13:30:00,731,986.3,44.5,0.0,32.3,2.8,295.008,17.278,70.0
2024-06-10 13:45:00,714,986.3,44.9,0.0,32.3,2.8,311.006,30.379,70.0
2024-06-10 14:00:00,694,986.3,44.3,0.0,32.4,2.9,758.003,15.399,70.0
2024-06-10 14:15:00,672,986.3,44.4,0.0,32.4,2.9,280.009,14.315,70.0
2024-06-10 14:30:00,646,986.3,44.3,0.0,32.4,2.9,193.005,8.896,70.0
2024-06-10 14:45:00,618,986.3,44.5,0.0,32.4,2.8,116.008,6.808,70.0
2024-06-10 15:00:00,587,986.3,44.8,0.0,32.3,2.8,108.002,6.384,70.0
2024-06-10 15:15:00,553,986.3,45.1,0.0,32.3,2.8,153.006,24.152,70.0
2024-06-10 15:30:00,517,986.3,47.4,0.1,31.8,2.8,313.009,11.84,70.0
2024-06-10 15:45:00,478,986.3,46.1,0.0,32.0,2.7,206.009,10.374,70.0
2024-06-10 16:00:00,436,986.3,47.3,0.0,31.9,2.7,157.01,15.616,70.0
2024-06-10 16:15:00,392,986.3,48.5,0.0,31.7,2.6,493.005,22.404,70.0
2024-06-10 16:30:00,348,986.3,48.5,0.0,31.5,2.6,180.002,17.992,70.0
2024-06-10 16:45:00,304,986.3,48.8,0.0,31.4,2.6,133.002,8.988,70.0
2024-06-10 17:00:00,262,986.3,50.5,0.0,31.3,2.6,234.007,9.694,70.0
2024-06-10 17:15:00,222,986.3,51.7,0.0,31.1,2.6,214.009,10.196,70.0
2024-06-10 17:30:00,185,986.3,53.8,0.0,30.9,2.6,212.004,9.171,70.0
2024-06-10 17:45:00,151,986.3,56.7,0.0,30.5,2.6,143.004,5.851,70.0
2024-06-10 18:00:00,121,986.3,59.0,0.0,30.2,2.7,136.009,5.342,70.0
2024-06-10 18:15:00,94,986.3,61.8,0.0,29.8,2.7,80.007,3.5,70.0
2024-06-10 18:30:00,70,986.3,64.3,0.0,29.3,2.7,65.006,2.751,70.0
2024-06-10 18:45:00,49,986.3,66.0,0.0,28.8,2.7,47.007,2.197,70.0
2024-06-10 19:00:00,29,986.3,67.2,0.0,28.3,2.7,14.0,0.758,70.0
2024-06-10 19:15:00,11,986.3,68.7,0.0,27.9,2.7,0.0,0.152,70.0
2024-06-10 19:30:00,0,986.3,70.8,0.0,27.6,2.7,0.0,0.0,70.0
2024-06-10 19:45:00,0,986.3,71.7,0.0,27.2,2.7,0.0,0.0,70.0
2024-06-10 20:00:00,0,986.3,72.5,0.0,26.9,2.7,0.0,0.0,70.0
2024-06-10 20:15:00,0,986.3,73.2,0.0,26.6,2.7,0.0,0.0,70.0
2024-06-10 20:30:00,0,986.3,74.4,0.0,26.4,2.7,0.0,0.0,70.0
2024-06-10 20:45:00,0,986.3,75.8,0.0,26.1,2.7,0.0,0.0,70.0
2024-06-10 21:00:00,0,986.3,76.5,0.0,25.9,2.7,0.0,0.0,70.0
2024-06-10 21:15:00,0,986.3,76.9,0.0,25.7,2.7,0.0,0.0,70.0
2024-06-10 21:30:00,0,986.3,76.8,0.0,25.5,2.7,0.0,0.0,70.0
2024-06-10 21:45:00,0,986.3,76.4,0.0,25.3,2.8,0.0,0.0,70.0
2024-06-10 22:00:00,0,986.3,75.9,0.0,25.2,2.7,0.0,0.0,70.0
2024-06-10 22:15:00,0,986.3,75.3,0.0,25.0,2.7,0.0,0.0,70.0
2024-06-10 22:30:00,0,986.3,75.3,0.0,24.9,2.7,0.0,0.0,70.0
2024-06-10 22:45:00,0,986.3,76.1,0.0,24.7,2.7,0.0,0.0,70.0
2024-06-10 23:00:00,0,986.3,77.1,0.0,24.5,2.6,0.0,0.0,70.0
2024-06-10 23:15:00,0,986.3,78.0,0.0,24.4,2.6,0.0,0.0,70.0
2024-06-10 23:30:00,0,986.3,78.9,0.0,24.2,2.5,0.0,0.0,70.0
2024-06-10 23:45:00,0,986.3,80.0,0.0,24.1,2.5,0.0,0.0,70.0
2024-06-11 00:00:00,0,986.3,83.7,0.0,24.9,2.9,0.0,0.0,70.0
2024-06-11 00:15:00,0,986.3,84.4,0.0,24.8,2.8,0.0,0.0,70.0
2024-06-11 00:30:00,0,986.3,85.3,0.0,24.6,2.8,0.0,0.0,70.0
2024-06-11 00:45:00,0,986.3,86.2,0.0,24.5,2.8,0.0,0.0,70.0
2024-06-11 01:00:00,0,986.3,86.6,0.0,24.3,2.8,0.0,0.0,70.0
2024-06-11 01:15:00,0,986.2,87.0,0.0,24.2,2.8,0.0,0.0,70.0
2024-06-11 01:30:00,0,986.2,87.6,0.0,24.0,2.7,0.0,0.0,70.0
2024-06-11 01:45:00,0,986.2,88.4,0.0,23.9,2.7,0.0,0.0,70.0
2024-06-11 02:00:00,0,986.2,89.2,0.0,23.8,2.7,0.0,0.0,70.0
2024-06-11 02:15:00,0,986.2,90.1,0.0,23.6,2.6,0.0,0.0,70.0
2024-06-11 02:30:00,0,986.2,90.8,0.0,23.5,2.6,0.0,0.0,70.0
2024-06-11 02:45:00,0,986.2,91.5,0.0,23.4,2.6,0.0,0.0,70.0
2024-06-11 03:00:00,0,986.2,92.4,0.0,23.3,2.5,0.0,0.0,70.0
2024-06-11 03:15:00,0,986.2,93.2,0.0,23.2,2.5,0.0,0.0,70.0
2024-06-11 03:30:00,0,986.2,94.0,0.0,23.1,2.5,0.0,0.0,70.0
2024-06-11 03:45:00,0,986.2,94.8,0.0,22.9,2.5,0.0,0.0,70.0
2024-06-11 04:00:00,0,986.2,95.4,0.0,22.8,2.4,0.0,0.0,70.0
2024-06-11 04:15:00,0,986.2,95.9,0.0,22.7,2.4,0.0,0.0,70.0
2024-06-11 04:30:00,0,986.2,96.2,0.0,22.6,2.4,0.0,0.0,70.0
2024-06-11 04:45:00,0,986.2,96.6,0.0,22.5,2.4,0.0,0.0,70.0
2024-06-11 05:00:00,1,986.2,97.0,0.0,22.5,2.3,0.0,0.0,70.0
2024-06-11 05:15:00,23,986.2,97.3,0.0,22.4,2.3,17.007,0.84,70.0
2024-06-11 05:30:00,48,986.2,97.4,0.0,22.3,2.3,38.01,1.822,70.0
2024-06-11 05:45:00,74,986.2,97.1,0.0,22.4,2.4,57.001,2.599,70.0
2024-06-11 06:00:00,101,986.2,96.4,0.0,22.4,2.4,99.003,4.207,70.0
2024-06-11 06:15:00,129,986.2,95.6,0.0,22.5,2.5,100.007,4.499,70.0
2024-06-11 06:30:00,157,986.2,94.7,0.0,22.7,2.5,151.01,6.583,70.0
2024-06-11 06:45:00,188,986.2,93.8,0.0,22.8,2.6,198.009,8.542,70.0
2024-06-11 07:00:00,220,986.2,92.8,0.0,23.1,2.7,229.009,11.367,70.0
2024-06-11 07:15:00,255,986.2,92.1,0.0,23.3,2.7,325.008,14.905,70.0
2024-06-11 07:30:00,293,986.2,91.4,0.0,23.7,2.8,385.008,18.035,70.0
2024-06-11 07:45:00,333,986.2,90.2,0.0,24.1,2.9,333.0,17.056,70.0
2024-06-11 08:00:00,376,986.2,86.7,0.0,25.0,3.0,450.005,22.031,70.0
2024-06-11 08:15:00,419,986.3,82.1,0.0,26.0,3.1,478.008,22.251,70.0
2024-06-11 08:30:00,464,986.3,77.4,0.0,26.8,3.3,469.006,28.259,70.0
2024-06-11 08:45:00,508,986.3,74.1,0.0,27.3,3.4,663.006,34.882,70.0
2024-06-11 09:00:00,551,986.3,72.2,0.0,27.7,3.5,426.009,31.436,70.0
2024-06-11 09:15:00,592,986.3,71.1,0.0,28.0,3.6,442.008,27.61,70.0
2024-06-11 09:30:00,630,986.3,70.5,0.0,28.2,3.7,594.004,32.407,70.0
2024-06-11 09:45:00,663,986.3,69.6,0.0,28.5,3.8,595.001,30.622,70.0
2024-06-11 10:00:00,692,986.3,68.8,0.0,28.7,3.9,737.001,44.805,70.0
2024-06-11 10:15:00,718,986.3,67.9,0.0,29.0,4.1,750.001,42.886,70.0
2024-06-11 10:30:00,740,986.3,67.2,0.0,29.3,4.2,816.006,43.927,70.0
2024-06-11 10:45:00,759,986.3,66.9,0.0,29.5,4.3,870.01,47.337,70.0
2024-06-11 11:00:00,773,986.3,65.9,0.0,29.7,4.4,901.003,49.244,70.0
2024-06-11 11:15:00,784,986.3,63.9,0.0,29.9,4.5,913.004,50.184,70.0
2024-06-11 11:30:00,792,986.3,62.1,0.0,30.1,4.6,916.008,50.391,70.0
2024-06-11 11:45:00,796,986.3,61.4,0.0,30.2,4.7,956.002,50.659,70.0
2024-06-11 12:00:00,797,986.3,61.1,0.0,30.4,4.8,919.001,50.248,70.0
2024-06-11 12:15:00,796,986.3,61.1,0.0,30.4,4.8,945.006,50.207,70.0
2024-06-11 12:30:00,791,986.3,61.0,0.0,30.5,4.9,898.001,50.918,70.0
2024-06-11 12:45:00,785,986.3,59.9,0.0,30.6,5.0,961.003,50.965,70.0
2024-06-11 13:00:00,776,986.3,58.4,0.0,30.7,5.0,933.001,50.666,70.0
2024-06-11 13:15:00,766,986.3,56.9,0.0,30.7,5.1,874.005,49.424,70.0
2024-06-11 13:30:00,753,986.3,56.1,0.0,30.8,5.1,868.006,48.901,70.0
2024-06-11 13:45:00,737,986.3,55.4,0.0,30.8,5.1,852.009,47.563,70.0
2024-06-11 14:00:00,718,986.3,54.9,0.0,30.7,5.1,859.008,45.82,70.0
2024-06-11 14:15:00,696,986.3,54.9,0.0,30.7,5.1,824.002,42.447,70.0
2024-06-11 14:30:00,670,986.3,54.2,0.0,30.6,5.1,780.005,36.783,70.0
2024-06-11 14:45:00,642,986.3,53.5,0.0,30.5,5.1,732.01,37.077,70.0
2024-06-11 15:00:00,610,986.3,54.3,0.0,30.4,5.1,640.004,37.824,70.0
2024-06-11 15:15:00,574,986.3,55.2,0.0,30.3,5.0,664.002,27.388,70.0
2024-06-11 15:30:00,536,986.3,55.9,0.0,30.1,5.0,481.008,26.683,70.0
2024-06-11 15:45:00,495,986.3,56.9,0.0,29.9,4.9,549.006,28.117,70.0
2024-06-11 16:00:00,450,986.3,58.0,0.0,29.8,4.8,500.008,22.88,70.0
2024-06-11 16:15:00,402,986.3,58.4,0.0,29.7,4.8,494.008,19.473,70.0
2024-06-11 16:30:00,355,986.3,58.8,0.0,29.5,4.7,301.006,14.894,70.0
2024-06-11 16:45:00,307,986.3,58.1,0.0,29.1,4.6,227.008,8.215,70.0
2024-06-11 17:00:00,262,986.3,57.9,0.0,28.8,4.5,144.007,8.133,70.0
2024-06-11 17:15:00,220,986.3,58.9,0.0,28.5,4.4,160.006,8.032,70.0
2024-06-11 17:30:00,181,986.3,59.5,0.0,28.2,4.3,195.008,9.802,70.0
2024-06-11 17:45:00,146,986.3,59.9,0.0,27.9,4.2,129.004,4.995,70.0
2024-06-11 18:00:00,115,986.3,60.2,0.0,27.5,4.1,97.003,4.776,70.0
2024-06-11 18:15:00,88,986.2,62.2,0.0,27.1,4.0,140.005,5.366,70.0
2024-06-11 18:30:00,65,986.2,64.5,0.0,26.6,3.8,86.004,3.257,70.0
2024-06-11 18:45:00,45,986.2,66.3,0.0,26.1,3.7,28.001,1.325,70.0
2024-06-11 19:00:00,27,986.2,69.0,0.0,25.5,3.6,13.004,0.595,70.0
2024-06-11 19:15:00,10,986.2,73.1,0.0,25.1,3.5,0.0,0.169,70.0
2024-06-11 19:30:00,0,986.2,77.0,0.0,24.7,3.4,0.0,0.0,70.0
2024-06-11 19:45:00,0,986.2,79.4,0.0,24.3,3.3,0.0,0.0,70.0
2024-06-11 20:00:00,0,986.2,81.2,0.0,24.0,3.2,0.0,0.0,70.0
2024-06-11 20:15:00,0,986.2,82.6,0.0,23.7,3.1,0.0,0.0,70.0
2024-06-11 20:30:00,0,986.2,84.1,0.0,23.4,3.0,0.0,0.0,70.0
2024-06-11 20:45:00,0,986.2,85.8,0.0,23.1,2.9,0.0,0.0,70.0
2024-06-11 21:00:00,0,986.2,87.3,0.0,22.8,2.9,0.0,0.0,70.0
2024-06-11 21:15:00,0,986.2,88.6,0.0,22.6,2.8,0.0,0.0,70.0
2024-06-11 21:30:00,0,986.2,89.7,0.0,22.4,2.8,0.0,0.0,70.0
2024-06-11 21:45:00,0,986.2,90.8,0.0,22.2,2.8,0.0,0.0,70.0
2024-06-11 22:00:00,0,986.2,91.9,0.0,22.0,2.7,0.0,0.0,70.0
2024-06-11 22:15:00,0,986.2,92.8,0.0,21.8,2.7,0.0,0.0,70.0
2024-06-11 22:30:00,0,986.2,93.6,0.0,21.7,2.7,0.0,0.0,70.0
2024-06-11 22:45:00,0,986.2,94.3,0.0,21.5,2.6,0.0,0.0,70.0
2024-06-11 23:00:00,0,986.2,94.7,0.0,21.4,2.6,0.0,0.0,70.0
2024-06-11 23:15:00,0,986.2,94.9,0.0,21.3,2.6,0.0,0.0,70.0
2024-06-11 23:30:00,0,986.2,95.0,0.0,21.1,2.5,0.0,0.0,70.0
2024-06-11 23:45:00,0,986.2,95.2,0.0,21.0,2.5,0.0,0.0,70.0
2024-06-12 00:00:00,0,986.2,96.1,0.0,21.4,2.4,0.0,0.0,70.0
2024-06-12 00:15:00,0,986.2,96.8,0.0,21.3,2.4,0.0,0.0,70.0
2024-06-12 00:30:00,0,986.2,97.6,0.0,21.2,2.3,0.0,0.0,70.0
2024-06-12 00:45:00,0,986.2,98.6,0.0,21.1,2.3,0.0,0.0,70.0
2024-06-12 01:00:00,0,986.2,99.3,0.0,21.1,2.3,0.0,0.0,70.0
2024-06-12 01:15:00,0,986.2,99.8,0.0,21.1,2.3,0.0,0.0,70.0
2024-06-12 01:30:00,0,986.2,99.9,0.0,21.2,2.3,0.0,0.0,70.0
2024-06-12 01:45:00,0,986.2,100.0,0.0,21.3,2.3,0.0,0.0,70.0
2024-06-12 02:00:00,0,986.2,100.0,0.0,21.4,2.2,0.0,0.0,70.0
2024-06-12 02:15:00,0,986.2,100.0,0.0,21.5,2.2,0.0,0.0,70.0
2024-06-12 02:30:00,0,986.2,100.0,0.0,21.6,2.2,0.0,0.0,70.0
2024-06-12 02:45:00,0,986.2,100.0,0.0,21.7,2.3,0.0,0.0,70.0
2024-06-12 03:00:00,0,986.2,100.0,0.0,21.8,2.3,0.0,0.0,70.0
2024-06-12 03:15:00,0,986.2,100.0,0.0,21.8,2.3,0.0,0.0,70.0
2024-06-12 03:30:00,0,986.2,100.0,0.0,21.9,2.3,0.0,0.0,70.0
2024-06-12 03:45:00,0,986.2,100.0,0.0,22.0,2.3,0.0,0.0,70.0
2024-06-12 04:00:00,0,986.2,100.0,0.0,22.0,2.3,0.0,0.0,70.0
2024-06-12 04:15:00,0,986.2,100.0,0.0,22.0,2.4,0.0,0.0,70.0
2024-06-12 04:30:00,0,986.2,100.0,0.0,22.0,2.4,0.0,0.0,70.0
2024-06-12 04:45:00,0,986.2,100.0,0.0,22.0,2.4,0.0,0.0,70.0
2024-06-12 05:00:00,1,986.2,100.0,0.0,22.0,2.5,0.0,0.0,70.0
2024-06-12 05:15:00,24,986.2,100.0,0.0,22.0,2.5,25.008,1.197,70.0
2024-06-12 05:30:00,51,986.2,100.0,0.0,22.0,2.5,51.005,2.441,70.0
2024-06-12 05:45:00,78,986.2,100.0,0.0,22.0,2.6,82.01,3.715,70.0
2024-06-12 06:00:00,106,986.2,100.0,0.0,22.0,2.6,95.009,4.703,70.0
2024-06-12 06:15:00,135,986.2,100.0,0.0,22.0,2.7,155.005,6.465,70.0
2024-06-12 06:30:00,165,986.2,99.9,0.0,22.1,2.8,190.002,7.314,70.0
2024-06-12 06:45:00,196,986.2,99.9,0.0,22.1,2.8,217.006,8.649,70.0
2024-06-12 07:00:00,230,986.2,99.9,0.0,22.1,2.9,262.003,10.379,70.0
2024-06-12 07:15:00,266,986.2,99.9,0.0,22.2,3.0,274.009,12.645,70.0
2024-06-12 07:30:00,305,986.2,99.8,0.0,22.3,3.1,372.007,16.991,70.0
2024-06-12 07:45:00,346,986.2,99.4,0.0,22.4,3.1,415.001,19.914,70.0
2024-06-12 08:00:00,389,986.2,98.9,0.0,22.6,3.2,443.007,22.518,70.0
2024-06-12 08:15:00,433,986.2,98.3,0.0,22.8,3.3,509.007,25.857,70.0
2024-06-12 08:30:00,478,986.2,97.7,0.0,23.0,3.4,507.002,28.567,70.0
2024-06-12 08:45:00,523,986.2,96.9,0.0,23.3,3.5,581.005,31.55,70.0
2024-06-12 09:00:00,566,986.2,95.7,0.0,23.6,3.6,640.006,34.275,70.0
2024-06-12 09:15:00,607,986.2,94.5,0.0,24.0,3.6,662.004,36.825,70.0
2024-06-12 09:30:00,644,986.2,93.0,0.0,24.5,3.7,714.003,39.176,70.0
2024-06-12 09:45:00,677,986.2,90.8,0.0,25.1,3.8,754.007,40.971,70.0
2024-06-12 10:00:00,707,986.2,88.1,0.0,25.7,3.9,782.008,43.137,70.0
2024-06-12 10:15:00,734,986.2,85.5,0.0,26.3,4.0,807.006,43.856,70.0
2024-06-12 10:30:00,758,986.2,83.3,0.0,26.8,4.0,818.001,45.38,70.0
2024-06-12 10:45:00,778,986.2,82.2,0.0,27.2,4.1,838.0,46.378,70.0
2024-06-12 11:00:00,794,986.3,80.1,0.0,27.7,4.2,864.005,47.634,70.0
2024-06-12 11:15:00,805,986.3,76.5,0.0,28.1,4.2,877.007,48.71,70.0
2024-06-12 11:30:00,812,986.3,74.9,0.0,28.5,4.3,887.004,48.82,70.0
2024-06-12 11:45:00,814,986.3,74.4,0.0,28.8,4.3,943.007,36.707,70.0
2024-06-12 12:00:00,810,986.3,73.7,0.0,29.1,4.3,897.004,49.684,70.0
2024-06-12 12:15:00,801,986.3,71.0,0.0,29.4,4.4,939.003,51.699,70.0
2024-06-12 12:30:00,786,986.3,68.5,0.0,29.7,4.4,895.002,48.991,70.0
2024-06-12 12:45:00,764,986.3,67.5,0.0,29.9,4.4,895.0,48.618,70.0
2024-06-12 13:00:00,735,986.3,67.0,0.0,30.1,4.4,883.006,47.889,70.0
2024-06-12 13:15:00,698,986.3,67.3,0.0,30.2,4.4,873.004,46.663,70.0
2024-06-12 13:30:00,655,986.3,67.8,0.0,30.3,4.4,868.003,46.045,70.0
2024-06-12 13:45:00,609,986.3,67.7,0.0,30.4,4.4,817.001,44.747,70.0
2024-06-12 14:00:00,560,986.3,67.0,0.0,30.6,4.4,809.004,42.344,70.0
2024-06-12 14:15:00,510,986.3,66.2,0.0,30.7,4.4,766.003,41.21,70.0
2024-06-12 14:30:00,462,986.3,65.6,0.0,30.7,4.4,767.001,38.405,70.0
2024-06-12 14:45:00,415,986.3,65.0,0.0,30.8,4.4,720.008,36.452,70.0
2024-06-12 15:00:00,372,986.3,64.5,0.0,30.8,4.3,750.009,36.721,70.0
2024-06-12 15:15:00,333,986.3,64.4,0.0,30.8,4.3,514.002,32.712,70.0
2024-06-12 15:30:00,300,986.3,64.4,0.0,30.7,4.3,209.002,14.693,70.0
2024-06-12 15:45:00,271,986.3,64.7,0.0,30.7,4.2,199.009,16.694,70.0
2024-06-12 16:00:00,247,986.3,65.2,0.0,30.6,4.2,110.009,8.148,70.0
2024-06-12 16:15:00,225,986.3,65.5,0.0,30.6,4.1,56.004,4.412,70.0
2024-06-12 16:30:00,205,986.3,65.8,0.0,30.5,4.1,29.005,2.121,70.0
2024-06-12 16:45:00,186,986.3,66.1,0.0,30.3,4.0,9.0,0.726,70.0
2024-06-12 17:00:00,169,986.3,66.9,0.0,30.1,4.0,0.0,0.173,70.0
2024-06-12 17:15:00,152,986.3,67.1,0.0,30.0,3.9,0.0,0.072,70.0
2024-06-12 17:30:00,135,986.3,67.3,0.0,29.8,3.8,0.0,0.042,70.0
2024-06-12 17:45:00,118,986.3,67.9,0.0,29.6,3.8,0.0,0.042,70.0
2024-06-12 18:00:00,100,986.3,70.3,0.0,29.3,3.7,0.0,0.042,70.0
2024-06-12 18:15:00,83,986.3,73.5,0.0,28.8,3.7,0.0,0.042,70.0
2024-06-12 18:30:00,65,986.3,75.0,0.0,28.4,3.6,0.0,0.042,70.0
2024-06-12 18:45:00,47,986.3,77.1,0.0,28.0,3.5,0.0,0.042,70.0
2024-06-12 19:00:00,29,986.3,79.3,0.0,27.4,3.4,0.0,0.042,70.0
2024-06-12 19:15:00,12,986.3,81.2,0.0,27.0,3.4,0.0,0.042,70.0
2024-06-12 19:30:00,0,986.3,83.2,0.0,26.6,3.3,0.0,0.0,70.0
2024-06-12 19:45:00,0,986.2,84.8,0.0,26.2,3.2,0.0,0.0,70.0
2024-06-12 20:00:00,0,986.2,86.3,0.0,25.9,3.1,0.0,0.0,70.0
2024-06-12 20:15:00,0,986.2,88.5,0.0,25.6,3.0,0.0,0.0,70.0
2024-06-12 20:30:00,0,986.2,91.0,0.0,25.3,2.9,0.0,0.0,70.0
2024-06-12 20:45:00,0,986.2,93.4,0.0,24.9,2.8,0.0,0.0,70.0
2024-06-12 21:00:00,0,986.2,95.3,0.0,24.6,2.7,0.0,0.0,70.0
2024-06-12 21:15:00,0,986.2,96.3,0.0,24.4,2.6,0.0,0.0,70.0
2024-06-12 21:30:00,0,986.2,96.7,0.0,24.1,2.5,0.0,0.0,70.0
2024-06-12 21:45:00,0,986.2,96.9,0.0,23.8,2.5,0.0,0.0,70.0
2024-06-12 22:00:00,0,986.2,97.2,0.0,23.5,2.4,0.0,0.0,70.0
2024-06-12 22:15:00,0,986.2,97.5,0.0,23.3,2.4,0.0,0.0,70.0
2024-06-12 22:30:00,0,986.2,97.7,0.0,23.1,2.3,0.0,0.0,70.0
2024-06-12 22:45:00,0,986.2,97.9,0.0,23.0,2.2,0.0,0.0,70.0
2024-06-12 23:00:00,0,986.2,98.0,0.0,22.9,2.2,0.0,0.0,70.0
2024-06-12 23:15:00,0,986.2,98.1,0.0,22.8,2.1,0.0,0.0,70.0
2024-06-12 23:30:00,0,986.2,98.2,0.0,22.7,2.1,0.0,0.0,70.0
2024-06-12 23:45:00,0,986.2,98.3,0.0,22.6,2.0,0.0,0.0,70.0
2024-06-13 00:00:00,0,986.2,97.1,0.0,22.4,1.9,0.0,0.0,70.0
2024-06-13 00:15:00,0,986.2,97.4,0.0,22.3,1.8,0.0,0.0,70.0
2024-06-13 00:30:00,0,986.2,97.6,0.0,22.3,1.8,0.0,0.0,70.0
2024-06-13 00:45:00,0,986.2,97.8,0.0,22.2,1.7,0.0,0.0,70.0
2024-06-13 01:00:00,0,986.2,98.0,0.0,22.1,1.6,0.0,0.0,70.0
2024-06-13 01:15:00,0,986.2,98.2,0.0,22.1,1.6,0.0,0.0,70.0
2024-06-13 01:30:00,0,986.2,98.4,0.0,22.0,1.5,0.0,0.0,70.0
2024-06-13 01:45:00,0,986.2,98.6,0.0,21.9,1.5,0.0,0.0,70.0
2024-06-13 02:00:00,0,986.2,98.8,0.0,21.9,1.5,0.0,0.0,70.0
2024-06-13 02:15:00,0,986.2,99.0,0.0,21.8,1.5,0.0,0.0,70.0
2024-06-13 02:30:00,0,986.2,99.1,0.0,21.8,1.4,0.0,0.0,70.0
2024-06-13 02:45:00,0,986.2,99.2,0.0,21.8,1.4,0.0,0.0,70.0
2024-06-13 03:00:00,0,986.2,99.3,0.0,21.8,1.4,0.0,0.0,70.0
2024-06-13 03:15:00,0,986.2,99.6,0.0,21.8,1.4,0.0,0.0,70.0
2024-06-13 03:30:00,0,986.2,99.9,0.0,21.7,1.4,0.0,0.0,70.0
2024-06-13 03:45:00,0,986.2,100.0,0.0,21.7,1.4,0.0,0.0,70.0
2024-06-13 04:00:00,0,986.2,100.0,0.0,21.7,1.4,0.0,0.0,70.0
2024-06-13 04:15:00,0,986.2,100.0,0.0,21.7,1.4,0.0,0.0,70.0
2024-06-13 04:30:00,0,986.2,100.0,0.0,21.7,1.4,0.0,0.0,70.0
2024-06-13 04:45:00,0,986.2,100.0,0.0,21.7,1.5,0.0,0.0,70.0
2024-06-13 05:00:00,1,986.2,100.0,0.0,21.6,1.5,0.0,0.0,70.0
2024-06-13 05:15:00,25,986.2,100.0,0.0,21.6,1.5,10.007,0.348,70.0
2024-06-13 05:30:00,53,986.2,100.0,0.0,21.6,1.6,29.008,1.161,70.0
2024-06-13 05:45:00,81,986.2,100.0,0.0,21.7,1.7,54.005,2.357,70.0
2024-06-13 06:00:00,111,986.2,100.0,0.0,21.7,1.7,91.009,3.536,70.0
2024-06-13 06:15:00,140,986.2,100.0,0.0,21.7,1.8,142.002,5.119,70.0
2024-06-13 06:30:00,171,986.2,100.0,0.0,21.8,2.0,176.003,6.805,70.0
2024-06-13 06:45:00,204,986.2,100.0,0.0,21.8,2.1,228.007,8.658,70.0
2024-06-13 07:00:00,238,986.2,100.0,0.0,21.9,2.2,277.008,11.128,70.0
2024-06-13 07:15:00,275,986.2,99.9,0.0,22.0,2.3,328.007,13.724,70.0
2024-06-13 07:30:00,314,986.2,99.8,0.0,22.1,2.4,379.003,16.814,70.0
2024-06-13 07:45:00,355,986.2,99.6,0.0,22.3,2.6,425.001,20.083,70.0
2024-06-13 08:00:00,397,986.2,99.2,0.0,22.6,2.7,448.006,23.023,70.0
2024-06-13 08:15:00,441,986.2,98.2,0.0,23.0,2.8,515.001,26.09,70.0
2024-06-13 08:30:00,485,986.2,96.4,0.0,23.5,3.0,568.007,29.306,70.0
2024-06-13 08:45:00,529,986.2,94.0,0.0,24.2,3.1,609.005,31.924,70.0
2024-06-13 09:00:00,572,986.2,91.7,0.0,24.7,3.2,644.006,34.539,70.0
2024-06-13 09:15:00,612,986.2,89.6,0.0,25.3,3.4,694.005,37.594,70.0
2024-06-13 09:30:00,649,986.2,88.0,0.0,25.8,3.5,737.002,40.138,70.0
2024-06-13 09:45:00,682,986.2,86.2,0.0,26.4,3.6,766.006,42.348,70.0
2024-06-13 10:00:00,711,986.2,84.5,0.0,27.0,3.8,804.007,44.43,70.0
2024-06-13 10:15:00,737,986.2,81.7,0.0,27.6,3.9,852.0,46.92,70.0
2024-06-13 10:30:00,760,986.2,79.4,0.0,28.0,4.0,871.005,44.483,70.0
2024-06-13 10:45:00,779,986.2,78.2,0.0,28.5,4.1,853.003,48.373,70.0
2024-06-13 11:00:00,794,986.3,76.7,0.0,28.9,4.3,884.0,48.886,70.0
2024-06-13 11:15:00,805,986.3,75.5,0.0,29.3,4.4,907.007,49.248,70.0
2024-06-13 11:30:00,813,986.3,73.5,0.0,29.7,4.5,918.001,49.889,70.0
2024-06-13 11:45:00,816,986.3,72.0,0.0,30.0,4.5,918.001,50.233,70.0
2024-06-13 12:00:00,816,986.3,71.0,0.0,30.3,4.6,917.01,50.618,70.0
2024-06-13 12:15:00,811,986.3,69.8,0.0,30.6,4.7,937.002,50.194,70.0
2024-06-13 12:30:00,803,986.3,68.4,0.0,30.8,4.7,943.007,49.819,70.0
2024-06-13 12:45:00,791,986.3,66.9,0.0,31.0,4.8,917.008,49.803,70.0
2024-06-13 13:00:00,774,986.3,66.6,0.0,31.2,4.8,887.005,48.707,70.0
2024-06-13 13:15:00,753,986.3,67.0,0.0,31.3,4.9,895.003,47.738,70.0
2024-06-13 13:30:00,729,986.3,67.3,0.0,31.4,4.9,866.003,46.482,70.0
2024-06-13 13:45:00,701,986.3,67.2,0.0,31.5,4.9,858.002,45.016,70.0
2024-06-13 14:00:00,671,986.3,66.0,0.0,31.7,5.0,817.007,44.274,70.0
2024-06-13 14:15:00,638,986.3,65.0,0.0,31.8,5.0,769.004,42.438,70.0
2024-06-13 14:30:00,604,986.3,64.7,0.0,31.8,5.0,713.003,40.3,70.0
2024-06-13 14:45:00,568,986.3,64.2,0.0,31.8,5.0,698.008,38.446,70.0
2024-06-13 15:00:00,532,986.3,63.6,0.0,31.8,5.0,685.002,35.169,70.0
2024-06-13 15:15:00,496,986.3,64.4,0.0,31.8,5.0,652.003,32.708,70.0
2024-06-13 15:30:00,460,986.3,64.2,0.0,31.7,5.0,636.005,29.791,70.0
2024-06-13 15:45:00,425,986.3,64.0,0.0,31.6,5.0,571.01,27.515,70.0
2024-06-13 16:00:00,388,986.3,64.5,0.0,31.4,5.0,536.009,24.882,70.0
2024-06-13 16:15:00,352,986.3,65.1,0.0,31.2,5.0,481.009,20.898,70.0
2024-06-13 16:30:00,315,986.3,65.4,0.0,31.2,4.9,426.007,18.807,70.0
2024-06-13 16:45:00,280,986.3,66.2,0.0,31.0,4.9,383.007,15.433,70.0
2024-06-13 17:00:00,246,986.3,66.9,0.0,30.8,4.8,258.001,9.346,70.0
2024-06-13 17:15:00,213,986.3,67.6,0.0,30.6,4.7,132.005,5.925,70.0
2024-06-13 17:30:00,182,986.3,69.7,0.0,30.3,4.7,119.004,6.168,70.0
2024-06-13 17:45:00,153,986.3,72.9,0.0,29.8,4.6,116.01,5.123,70.0
2024-06-13 18:00:00,125,986.3,74.3,0.0,29.5,4.5,85.005,3.847,70.0
2024-06-13 18:15:00,100,986.3,76.4,0.0,29.0,4.5,59.009,2.69,70.0
2024-06-13 18:30:00,76,986.3,78.4,0.0,28.7,4.4,49.002,2.353,70.0
2024-06-13 18:45:00,54,986.3,79.8,0.0,28.2,4.3,41.006,1.852,70.0
2024-06-13 19:00:00,34,986.2,80.9,0.0,27.7,4.2,12.001,0.542,70.0
2024-06-13 19:15:00,14,986.2,83.1,0.0,27.3,4.1,0.0,0.108,70.0
2024-06-13 19:30:00,0,986.2,86.7,0.0,26.9,4.0,0.0,0.0,70.0
2024-06-13 19:45:00,0,986.2,89.1,0.0,26.5,3.9,0.0,0.0,70.0
2024-06-13 20:00:00,0,986.2,90.5,0.0,26.2,3.8,0.0,0.0,70.0
2024-06-13 20:15:00,0,986.2,91.6,0.0,25.8,3.7,0.0,0.0,70.0
2024-06-13 20:30:00,0,986.2,92.5,0.0,25.5,3.6,0.0,0.0,70.0
2024-06-13 20:45:00,0,986.2,93.2,0.0,25.1,3.4,0.0,0.0,70.0
2024-06-13 21:00:00,0,986.2,93.7,0.0,24.8,3.3,0.0,0.0,70.0
2024-06-13 21:15:00,0,986.2,94.1,0.0,24.6,3.2,0.0,0.0,70.0
2024-06-13 21:30:00,0,986.2,94.5,0.0,24.3,3.1,0.0,0.0,70.0
2024-06-13 21:45:00,0,986.2,94.6,0.0,24.1,3.0,0.0,0.0,70.0
2024-06-13 22:00:00,0,986.2,94.9,0.0,23.8,2.9,0.0,0.0,70.0
2024-06-13 22:15:00,0,986.2,95.3,0.0,23.6,2.9,0.0,0.0,70.0
2024-06-13 22:30:00,0,986.2,95.8,0.0,23.4,2.8,0.0,0.0,70.0
2024-06-13 22:45:00,0,986.2,96.2,0.0,23.2,2.8,0.0,0.0,70.0
2024-06-13 23:00:00,0,986.2,96.5,0.0,23.1,2.7,0.0,0.0,70.0
2024-06-13 23:15:00,0,986.2,96.6,0.0,23.0,2.6,0.0,0.0,70.0
2024-06-13 23:30:00,0,986.2,96.8,0.0,22.9,2.6,0.0,0.0,70.0
2024-06-13 23:45:00,0,986.2,96.9,0.0,23.0,2.5,0.0,0.0,70.0
2024-06-15 00:00:00,0,985.7,83.7,0.0,21.4,3.3,0.0,0.0,70.0
2024-06-15 00:15:00,0,985.7,84.4,0.0,21.3,3.0,0.0,0.0,70.0
2024-06-15 00:30:00,0,985.7,84.9,0.0,21.3,2.9,0.0,0.0,70.0
2024-06-15 00:45:00,0,985.7,85.8,0.0,21.2,2.7,0.0,0.0,70.0
2024-06-15 01:00:00,0,985.7,87.1,0.0,21.1,2.5,0.0,0.0,70.0
2024-06-15 01:15:00,0,985.7,88.3,0.0,21.0,2.4,0.0,0.0,70.0
2024-06-15 01:30:00,0,985.7,88.6,0.0,20.9,2.3,0.0,0.0,70.0
2024-06-15 01:45:00,0,985.7,88.6,0.0,20.9,2.3,0.0,0.0,70.0
2024-06-15 02:00:00,0,985.7,88.9,0.0,20.9,2.2,0.0,0.0,70.0
2024-06-15 02:15:00,0,985.7,88.9,0.0,20.9,2.2,0.0,0.0,70.0
2024-06-15 02:30:00,0,985.7,89.0,0.0,20.8,2.1,0.0,0.0,70.0
2024-06-15 02:45:00,0,985.7,89.1,0.0,20.8,2.1,0.0,0.0,70.0
2024-06-15 03:00:00,0,985.7,89.2,0.0,20.7,2.0,0.0,0.0,70.0
2024-06-15 03:15:00,0,985.7,89.3,0.0,20.6,2.0,0.0,0.0,70.0
2024-06-15 03:30:00,0,985.7,89.3,0.0,20.5,1.9,0.0,0.0,70.0
2024-06-15 03:45:00,0,985.7,89.6,0.0,20.5,1.9,0.0,0.0,70.0
2024-06-15 04:00:00,0,985.7,90.1,0.0,20.4,1.9,0.0,0.0,70.0
2024-06-15 04:15:00,0,985.7,90.8,0.0,20.3,1.9,0.0,0.0,70.0
2024-06-15 04:30:00,0,985.7,91.6,0.0,20.2,1.9,0.0,0.0,70.0
2024-06-15 04:45:00,0,985.7,92.3,0.0,20.1,2.0,0.0,0.0,70.0
2024-06-15 05:00:00,1,985.7,92.7,0.0,20.0,2.0,0.0,0.0,70.0
2024-06-15 05:15:00,25,985.7,92.4,0.0,20.1,2.0,7.009,0.277,70.0
2024-06-15 05:30:00,54,985.7,91.8,0.0,20.3,2.1,11.009,0.76,70.0
2024-06-15 05:45:00,83,985.8,91.0,0.0,20.6,2.1,35.005,2.001,70.0
2024-06-15 06:00:00,113,985.8,90.3,0.0,20.9,2.2,95.0,6.946,70.0
2024-06-15 06:15:00,143,985.8,89.2,0.0,21.3,2.3,130.009,6.888,70.0
2024-06-15 06:30:00,174,985.8,87.8,0.0,21.8,2.3,143.01,7.352,70.0
2024-06-15 06:45:00,207,985.8,86.1,0.0,22.3,2.4,222.009,10.435,70.0
2024-06-15 07:00:00,241,985.8,84.5,0.0,22.7,2.5,264.01,10.686,70.0
2024-06-15 07:15:00,277,985.8,82.9,0.0,23.2,2.6,318.006,16.041,70.0
2024-06-15 07:30:00,315,985.8,80.7,0.0,23.7,2.6,374.008,18.937,70.0
2024-06-15 07:45:00,355,985.8,79.3,0.0,24.1,2.7,415.005,22.421,70.0
2024-06-15 08:00:00,396,985.8,78.4,0.0,24.5,2.8,494.009,25.335,70.0
2024-06-15 08:15:00,439,985.8,77.0,0.0,24.9,2.9,537.002,27.684,70.0
2024-06-15 08:30:00,481,985.8,75.5,0.0,25.3,2.9,646.009,32.143,70.0
2024-06-15 08:45:00,523,985.8,74.6,0.0,25.7,3.0,698.006,27.456,70.0
2024-06-15 09:00:00,564,985.8,73.9,0.0,26.0,3.1,441.003,27.537,70.0
2024-06-15 09:15:00,603,985.8,72.7,0.0,26.4,3.1,809.006,35.401,70.0
2024-06-15 09:30:00,638,985.8,71.9,0.0,26.7,3.2,862.001,36.077,70.0
2024-06-15 09:45:00,670,985.8,71.6,0.0,26.9,3.2,796.003,45.128,70.0
2024-06-15 10:00:00,699,985.8,71.4,0.0,27.2,3.3,851.006,47.595,70.0
2024-06-15 10:15:00,725,985.8,71.0,0.0,27.4,3.3,858.007,49.021,70.0
2024-06-15 10:30:00,748,985.8,70.2,0.0,27.6,3.3,897.003,49.836,70.0
2024-06-15 10:45:00,767,985.8,69.4,0.0,27.8,3.3,917.01,50.672,70.0
2024-06-15 11:00:00,783,985.8,68.0,0.0,28.0,3.3,925.002,51.65,70.0
2024-06-15 11:15:00,795,985.8,67.2,0.0,28.2,3.3,925.009,52.848,70.0
2024-06-15 11:30:00,804,985.8,66.5,0.0,28.4,3.3,946.0,53.996,70.0
2024-06-15 11:45:00,809,985.8,66.4,0.0,28.6,3.3,995.008,54.238,70.0
2024-06-15 12:00:00,811,985.9,65.7,0.0,28.7,3.2,971.005,53.762,70.0
2024-06-15 12:15:00,809,985.9,64.4,0.0,28.9,3.2,982.001,53.503,70.0
2024-06-15 12:30:00,804,985.9,63.1,0.0,29.1,3.2,998.009,52.543,70.0
2024-06-15 12:45:00,796,985.9,62.7,0.0,29.3,3.1,977.003,53.181,70.0
2024-06-15 13:00:00,785,985.9,62.4,0.0,29.4,3.1,994.003,51.942,70.0
2024-06-15 13:15:00,771,985.9,61.4,0.0,29.6,3.0,911.002,51.401,70.0
2024-06-15 13:30:00,754,985.9,60.5,0.0,29.7,3.0,912.006,50.872,70.0
2024-06-15 13:45:00,734,985.9,59.6,0.0,29.8,2.9,916.005,48.97,70.0
2024-06-15 14:00:00,711,985.9,58.8,0.0,29.9,2.8,252.001,41.173,70.0
2024-06-15 14:15:00,686,985.9,58.6,0.0,30.0,2.8,824.003,38.685,70.0
2024-06-15 14:30:00,657,985.9,58.2,0.0,30.0,2.7,792.008,45.738,70.0
2024-06-15 14:45:00,626,985.9,58.1,0.0,30.1,2.7,829.005,29.51,70.0
2024-06-15 15:00:00,592,985.9,57.4,0.0,30.1,2.6,711.001,22.993,70.0
2024-06-15 15:15:00,555,985.9,56.8,0.0,30.1,2.6,163.009,8.759,70.0
2024-06-15 15:30:00,517,985.9,56.6,0.0,30.1,2.6,55.001,3.352,70.0
2024-06-15 15:45:00,477,985.9,56.6,0.0,30.1,2.5,42.007,4.643,70.0
2024-06-15 16:00:00,434,985.9,57.0,0.0,30.0,2.5,144.009,8.323,70.0
2024-06-15 16:15:00,389,985.9,57.0,0.0,29.9,2.4,88.007,10.162,70.0
2024-06-15 16:30:00,344,985.9,57.2,0.0,29.8,2.4,80.007,4.59,70.0
2024-06-15 16:45:00,300,985.9,58.1,0.0,29.7,2.3,21.002,1.785,70.0
2024-06-15 17:00:00,258,985.9,58.9,0.0,29.6,2.3,29.009,1.966,70.0
2024-06-15 17:15:00,218,985.9,59.1,0.0,29.4,2.2,248.008,5.85,70.0
2024-06-15 17:30:00,181,985.9,59.1,0.0,29.3,2.1,210.007,6.665,70.0
2024-06-15 17:45:00,148,985.9,60.8,0.0,28.9,2.1,229.004,8.652,70.0
2024-06-15 18:00:00,118,985.8,66.0,0.0,27.7,2.1,104.009,4.097,70.0
2024-06-15 18:15:00,91,985.8,67.1,0.1,27.5,2.0,80.001,3.233,70.0
2024-06-15 18:30:00,68,985.8,68.6,0.0,27.1,2.0,52.003,2.35,70.0
2024-06-15 18:45:00,48,985.8,68.8,0.0,26.7,2.0,32.007,1.236,70.0
2024-06-15 19:00:00,30,985.8,70.1,0.0,26.4,2.0,15.002,0.812,70.0
2024-06-15 19:15:00,13,985.8,72.2,0.0,26.1,2.0,7.003,0.364,70.0
2024-06-15 19:30:00,0,985.8,73.9,0.0,25.8,2.0,0.0,0.0,70.0
2024-06-15 19:45:00,0,985.8,75.5,0.0,25.6,2.0,0.0,0.0,70.0
2024-06-15 20:00:00,0,985.8,76.3,0.0,25.4,2.0,0.0,0.0,70.0
2024-06-15 20:15:00,0,985.8,77.1,0.0,25.2,2.0,0.0,0.0,70.0
2024-06-15 20:30:00,0,985.8,78.0,0.0,25.0,2.0,0.0,0.0,70.0
2024-06-15 20:45:00,0,985.8,79.2,0.0,24.8,1.9,0.0,0.0,70.0
2024-06-15 21:00:00,0,985.8,80.6,0.0,24.6,1.9,0.0,0.0,70.0
2024-06-15 21:15:00,0,985.8,82.0,0.0,24.4,1.8,0.0,0.0,70.0
2024-06-15 21:30:00,0,985.8,83.2,0.0,24.2,1.8,0.0,0.0,70.0
2024-06-15 21:45:00,0,985.8,84.1,0.0,24.0,1.8,0.0,0.0,70.0
2024-06-15 22:00:00,0,985.8,84.6,0.0,23.8,1.8,0.0,0.0,70.0
2024-06-15 22:15:00,0,985.8,84.7,0.0,23.7,1.8,0.0,0.0,70.0
2024-06-15 22:30:00,0,985.8,84.6,0.0,23.5,1.8,0.0,0.0,70.0
2024-06-15 22:45:00,0,985.8,84.6,0.0,23.3,1.8,0.0,0.0,70.0
2024-06-15 23:00:00,0,985.8,84.9,0.0,23.2,1.8,0.0,0.0,70.0
2024-06-15 23:15:00,0,985.8,85.2,0.0,23.0,1.8,0.0,0.0,70.0
2024-06-15 23:30:00,0,985.8,85.4,0.0,22.9,1.8,0.0,0.0,70.0
2024-06-15 23:45:00,0,985.8,85.6,0.0,22.7,1.8,0.0,0.0,70.0
2024-06-16 00:00:00,0,985.8,95.8,0.0,22.5,1.6,0.0,0.0,70.0
2024-06-16 00:15:00,0,985.8,96.1,0.0,22.4,1.6,0.0,0.0,70.0
2024-06-16 00:30:00,0,985.8,96.2,0.0,22.3,1.6,0.0,0.0,70.0
2024-06-16 00:45:00,0,985.8,96.2,0.0,22.2,1.6,0.0,0.0,70.0
2024-06-16 01:00:00,0,985.8,96.1,0.0,22.1,1.6,0.0,0.0,70.0
2024-06-16 01:15:00,0,985.8,96.0,0.0,22.1,1.6,0.0,0.0,70.0
2024-06-16 01:30:00,0,985.8,95.8,0.0,22.0,1.6,0.0,0.0,70.0
2024-06-16 01:45:00,0,985.8,95.6,0.0,21.9,1.6,0.0,0.0,70.0
2024-06-16 02:00:00,0,985.8,95.2,0.0,21.8,1.6,0.0,0.0,70.0
2024-06-16 02:15:00,0,985.8,94.9,0.0,21.7,1.6,0.0,0.0,70.0
2024-06-16 02:30:00,0,985.8,94.5,0.0,21.6,1.6,0.0,0.0,70.0
2024-06-16 02:45:00,0,985.8,93.7,0.0,21.5,1.6,0.0,0.0,70.0
2024-06-16 03:00:00,0,985.8,92.8,0.0,21.3,1.6,0.0,0.0,70.0
2024-06-16 03:15:00,0,985.8,92.0,0.0,21.2,1.7,0.0,0.0,70.0
2024-06-16 03:30:00,0,985.8,91.3,0.0,21.1,1.7,0.0,0.0,70.0
2024-06-16 03:45:00,0,985.8,90.7,0.0,21.0,1.7,0.0,0.0,70.0
2024-06-16 04:00:00,0,985.8,90.2,0.0,20.9,1.7,0.0,0.0,70.0
2024-06-16 04:15:00,0,985.8,89.8,0.0,20.8,1.7,0.0,0.0,70.0
2024-06-16 04:30:00,0,985.8,89.5,0.0,20.7,1.7,0.0,0.0,70.0
2024-06-16 04:45:00,0,985.8,89.1,0.0,20.6,1.7,0.0,0.0,70.0
2024-06-16 05:00:00,0,985.8,88.5,0.0,20.5,1.7,0.0,0.0,70.0
2024-06-16 05:15:00,10,985.8,87.9,0.0,20.5,1.7,23.0,0.886,70.0
2024-06-16 05:30:00,22,985.8,87.4,0.0,20.5,1.6,42.005,1.848,70.0
2024-06-16 05:45:00,33,985.8,86.9,0.0,20.7,1.6,68.009,3.737,70.0
2024-06-16 06:00:00,45,985.8,86.5,0.0,21.0,1.6,173.002,5.994,70.0
2024-06-16 06:15:00,58,985.8,85.9,0.0,21.3,1.6,95.009,5.098,70.0
2024-06-16 06:30:00,73,985.8,85.3,0.0,21.7,1.6,84.005,5.375,70.0
2024-06-16 06:45:00,89,985.8,83.7,0.0,22.1,1.6,86.007,4.626,70.0
2024-06-16 07:00:00,108,985.8,81.8,0.0,22.5,1.6,49.005,2.241,70.0
2024-06-16 07:15:00,129,985.8,79.6,0.0,23.0,1.5,51.005,2.85,70.0
2024-06-16 07:30:00,154,985.8,74.6,0.0,23.5,1.5,91.006,5.024,70.0
2024-06-16 07:45:00,181,985.8,73.0,0.0,23.8,1.5,91.0,6.527,70.0
2024-06-16 08:00:00,211,985.8,71.5,0.0,24.1,1.5,110.0,5.927,70.0
2024-06-16 08:15:00,243,985.8,70.1,0.0,24.4,1.5,261.01,12.944,70.0
2024-06-16 08:30:00,277,985.8,68.9,0.0,24.7,1.5,416.008,24.049,70.0
2024-06-16 08:45:00,311,985.9,67.3,0.0,25.1,1.5,294.004,17.037,70.0
2024-06-16 09:00:00,345,985.9,64.5,0.0,25.4,1.6,430.003,25.031,70.0
2024-06-16 09:15:00,378,985.9,64.1,0.0,25.8,1.6,293.006,19.48,70.0
2024-06-16 09:30:00,408,985.9,61.0,0.0,26.2,1.6,274.003,16.651,70.0
2024-06-16 09:45:00,435,985.9,59.7,0.0,26.5,1.7,635.007,26.206,70.0
2024-06-16 10:00:00,459,985.9,58.6,0.0,26.9,1.7,624.006,29.214,70.0
2024-06-16 10:15:00,482,985.9,57.1,0.0,27.3,1.8,504.008,28.729,70.0
2024-06-16 10:30:00,501,985.9,56.7,0.0,27.6,1.8,441.001,25.035,70.0
2024-06-16 10:45:00,519,985.9,55.2,0.0,27.9,1.9,365.003,20.927,70.0
2024-06-16 11:00:00,533,985.9,54.2,0.0,28.1,2.0,431.004,24.665,70.0
2024-06-16 11:15:00,545,985.9,52.8,0.0,28.4,2.0,409.006,30.487,70.0
2024-06-16 11:30:00,554,985.9,51.2,0.0,28.5,2.1,545.007,39.049,70.0
2024-06-16 11:45:00,560,985.9,49.5,0.0,28.7,2.1,779.01,45.096,70.0
2024-06-16 12:00:00,563,985.9,47.8,0.0,28.9,2.2,657.007,30.926,70.0
2024-06-16 12:15:00,564,985.9,47.5,0.0,29.0,2.2,610.007,39.998,70.0
2024-06-16 12:30:00,562,985.9,47.2,0.0,29.2,2.3,945.008,47.725,70.0
2024-06-16 12:45:00,557,985.9,46.8,0.0,29.3,2.3,614.002,40.231,70.0
2024-06-16 13:00:00,550,985.9,46.3,0.0,29.3,2.3,660.003,41.735,70.0
2024-06-16 13:15:00,539,985.9,45.8,0.0,29.4,2.4,707.003,32.618,70.0
2024-06-16 13:30:00,526,985.9,45.0,0.0,29.5,2.4,517.006,30.277,70.0
2024-06-16 13:45:00,510,985.9,43.7,0.0,29.5,2.5,415.01,25.272,70.0
2024-06-16 14:00:00,492,985.9,42.2,0.0,29.5,2.5,479.003,26.268,70.0
2024-06-16 14:15:00,472,985.9,41.3,0.0,29.6,2.5,547.002,28.587,70.0
2024-06-16 14:30:00,450,985.9,41.2,0.0,29.5,2.6,686.004,27.931,70.0
2024-06-16 14:45:00,427,985.9,41.8,0.0,29.5,2.6,375.008,22.015,70.0
2024-06-16 15:00:00,402,985.9,42.5,0.0,29.5,2.7,415.01,28.001,70.0
2024-06-16 15:15:00,376,985.9,43.1,0.0,29.5,2.7,384.005,23.457,70.0
2024-06-16 15:30:00,349,985.9,44.2,0.0,29.4,2.8,438.0,22.831,70.0
2024-06-16 15:45:00,322,985.9,46.5,0.0,29.3,2.8,413.008,24.348,70.0
2024-06-16 16:00:00,293,985.9,48.7,0.0,29.2,2.9,412.007,22.375,70.0
2024-06-16 16:15:00,263,985.9,49.7,0.0,29.0,2.9,297.005,16.057,70.0
2024-06-16 16:30:00,233,985.9,50.5,0.0,28.9,2.9,292.003,15.631,70.0
2024-06-16 16:45:00,204,985.9,51.6,0.0,28.7,2.9,244.009,13.194,70.0
2024-06-16 17:00:00,175,985.9,53.1,0.0,28.4,2.9,185.005,10.257,70.0
2024-06-16 17:15:00,149,985.9,56.8,0.0,28.0,2.8,195.002,10.3,70.0
2024-06-16 17:30:00,124,985.9,61.0,0.0,27.6,2.8,147.002,7.912,70.0
2024-06-16 17:45:00,102,985.9,62.9,0.0,27.3,2.8,136.0,6.841,70.0
2024-06-16 18:00:00,82,985.9,65.6,0.0,26.9,2.8,104.002,5.571,70.0
2024-06-16 18:15:00,64,985.9,67.1,0.0,26.5,2.7,71.009,4.051,70.0
2024-06-16 18:30:00,48,985.9,67.8,0.0,26.1,2.7,56.005,3.013,70.0
2024-06-16 18:45:00,34,985.9,68.5,0.0,25.6,2.6,38.009,2.005,70.0
2024-06-16 19:00:00,21,985.9,69.4,0.0,25.1,2.6,19.0,1.014,70.0
2024-06-16 19:15:00,9,985.9,71.0,0.0,24.7,2.6,0.0,0.174,70.0
2024-06-16 19:30:00,0,985.9,72.7,0.0,24.3,2.5,0.0,0.0,70.0
2024-06-16 19:45:00,0,985.9,74.1,0.0,24.0,2.5,0.0,0.0,70.0
2024-06-16 20:00:00,0,985.9,75.2,0.0,23.8,2.4,0.0,0.0,70.0
2024-06-16 20:15:00,0,985.9,75.7,0.0,23.6,2.3,0.0,0.0,70.0
2024-06-16 20:30:00,0,985.9,76.3,0.0,23.4,2.3,0.0,0.0,70.0
2024-06-16 20:45:00,0,985.8,77.2,0.0,23.2,2.2,0.0,0.0,70.0
2024-06-16 21:00:00,0,985.8,78.0,0.0,23.0,2.1,0.0,0.0,70.0
2024-06-16 21:15:00,0,985.8,78.2,0.0,22.8,2.1,0.0,0.0,70.0
2024-06-16 21:30:00,0,985.8,78.2,0.0,22.6,2.0,0.0,0.0,70.0
2024-06-16 21:45:00,0,985.8,77.9,0.0,22.4,1.9,0.0,0.0,70.0
2024-06-16 22:00:00,0,985.8,77.6,0.0,22.3,1.9,0.0,0.0,70.0
2024-06-16 22:15:00,0,985.8,77.5,0.0,22.1,1.8,0.0,0.0,70.0
2024-06-16 22:30:00,0,985.8,77.7,0.0,22.0,1.8,0.0,0.0,70.0
2024-06-16 22:45:00,0,985.8,78.2,0.0,21.8,1.7,0.0,0.0,70.0
2024-06-16 23:00:00,0,985.8,78.9,0.0,21.6,1.7,0.0,0.0,70.0
2024-06-16 23:15:00,0,985.8,79.5,0.0,21.5,1.7,0.0,0.0,70.0
2024-06-16 23:30:00,0,985.8,79.6,0.0,21.3,1.6,0.0,0.0,70.0
2024-06-16 23:45:00,0,985.8,79.2,0.0,21.2,1.6,0.0,0.0,70.0
2024-06-17 00:00:00,0,985.8,79.2,0.0,21.5,1.8,0.0,0.0,70.0
2024-06-17 00:15:00,0,985.8,78.1,0.0,21.4,1.7,0.0,0.0,70.0
2024-06-17 00:30:00,0,985.8,77.8,0.0,21.3,1.6,0.0,0.0,70.0
2024-06-17 00:45:00,0,985.8,78.0,0.0,21.3,1.6,0.0,0.0,70.0
2024-06-17 01:00:00,0,985.8,78.5,0.0,21.2,1.5,0.0,0.0,70.0
2024-06-17 01:15:00,0,985.8,79.1,0.0,21.2,1.5,0.0,0.0,70.0
2024-06-17 01:30:00,0,985.8,79.6,0.0,21.1,1.4,0.0,0.0,70.0
2024-06-17 01:45:00,0,985.8,80.1,0.0,21.0,1.4,0.0,0.0,70.0
2024-06-17 02:00:00,0,985.8,80.8,0.0,21.0,1.3,0.0,0.0,70.0
2024-06-17 02:15:00,0,985.8,81.6,0.0,21.0,1.3,0.0,0.0,70.0
2024-06-17 02:30:00,0,985.8,82.6,0.0,20.9,1.2,0.0,0.0,70.0
2024-06-17 02:45:00,0,985.8,83.4,0.0,20.9,1.2,0.0,0.0,70.0
2024-06-17 03:00:00,0,985.8,84.0,0.0,20.9,1.2,0.0,0.0,70.0
2024-06-17 03:15:00,0,985.8,84.4,0.0,20.8,1.1,0.0,0.0,70.0
2024-06-17 03:30:00,0,985.8,84.7,0.0,20.7,1.1,0.0,0.0,70.0
2024-06-17 03:45:00,0,985.8,84.8,0.0,20.7,1.0,0.0,0.0,70.0
2024-06-17 04:00:00,0,985.8,84.9,0.0,20.7,1.0,0.0,0.0,70.0
2024-06-17 04:15:00,0,985.8,85.0,0.0,20.6,1.0,0.0,0.0,70.0
2024-06-17 04:30:00,0,985.8,84.8,0.0,20.6,0.9,0.0,0.0,70.0
2024-06-17 04:45:00,0,985.8,84.4,0.0,20.6,0.9,0.0,0.0,70.0
2024-06-17 05:00:00,1,985.8,84.3,0.0,20.5,0.9,0.0,0.0,70.0
2024-06-17 05:15:00,23,985.8,84.3,0.0,20.6,0.9,21.003,0.848,70.0
2024-06-17 05:30:00,49,985.8,84.1,0.0,20.6,0.9,39.001,1.9,70.0
2024-06-17 05:45:00,75,985.8,83.8,0.0,20.6,0.9,48.002,2.442,70.0
2024-06-17 06:00:00,102,985.8,83.0,0.0,20.7,0.9,58.007,3.351,70.0
2024-06-17 06:15:00,130,985.8,82.0,0.0,20.8,0.9,86.004,4.064,70.0
2024-06-17 06:30:00,160,985.8,81.4,0.0,21.1,0.9,173.001,8.962,70.0
2024-06-17 06:45:00,191,985.8,81.3,0.0,21.6,1.0,186.007,8.638,70.0
2024-06-17 07:00:00,225,985.8,81.5,0.0,21.9,1.0,138.01,7.63,70.0
2024-06-17 07:15:00,262,985.8,81.5,0.0,22.3,1.1,185.002,11.414,70.0
2024-06-17 07:30:00,302,985.8,80.2,0.0,22.8,1.2,451.004,19.342,70.0
2024-06-17 07:45:00,344,985.8,79.4,0.0,23.3,1.2,485.009,23.374,70.0
2024-06-17 08:00:00,389,985.8,77.8,0.0,23.8,1.3,538.002,26.958,70.0
2024-06-17 08:15:00,435,985.8,75.0,0.0,24.3,1.4,573.003,30.449,70.0
2024-06-17 08:30:00,483,985.8,72.4,0.0,24.9,1.5,598.001,30.407,70.0
2024-06-17 08:45:00,531,985.9,71.4,0.0,25.3,1.6,836.006,26.795,70.0
2024-06-17 09:00:00,578,985.9,69.2,0.0,25.8,1.7,454.006,35.992,70.0
2024-06-17 09:15:00,623,985.9,65.3,0.0,26.4,1.8,745.009,41.442,70.0
2024-06-17 09:30:00,664,985.9,61.4,0.0,26.8,1.9,775.002,43.436,70.0
2024-06-17 09:45:00,702,985.9,59.6,0.0,27.2,2.0,804.006,45.261,70.0
2024-06-17 10:00:00,735,985.9,58.5,0.0,27.6,2.1,822.002,46.984,70.0
2024-06-17 10:15:00,766,985.9,57.9,0.0,27.9,2.2,863.007,48.599,70.0
2024-06-17 10:30:00,793,985.9,55.9,0.0,28.2,2.3,886.009,49.519,70.0
2024-06-17 10:45:00,817,985.9,53.6,0.0,28.5,2.4,899.004,50.738,70.0
2024-06-17 11:00:00,837,985.9,52.0,0.0,28.8,2.5,914.001,51.233,70.0
2024-06-17 11:15:00,852,985.9,50.4,0.0,29.1,2.6,950.004,52.201,70.0
2024-06-17 11:30:00,865,985.9,49.4,0.0,29.3,2.7,985.0,52.784,70.0
2024-06-17 11:45:00,873,985.9,48.9,0.0,29.4,2.8,1011.009,54.703,70.0
2024-06-17 12:00:00,877,985.9,47.6,0.0,29.6,2.9,1010.01,54.237,70.0
2024-06-17 12:15:00,878,985.9,45.4,0.0,29.8,3.0,1023.003,53.405,70.0
2024-06-17 12:30:00,875,985.9,44.1,0.0,30.0,3.0,1007.009,53.803,70.0
2024-06-17 12:45:00,869,985.9,44.2,0.0,30.1,3.1,985.004,53.604,70.0
2024-06-17 13:00:00,860,985.9,44.2,0.0,30.2,3.1,984.009,52.738,70.0
2024-06-17 13:15:00,848,985.9,43.8,0.0,30.3,3.2,973.005,51.836,70.0
2024-06-17 13:30:00,832,985.9,43.6,0.0,30.4,3.2,955.003,51.316,70.0
2024-06-17 13:45:00,813,985.9,43.6,0.0,30.4,3.3,947.002,50.731,70.0
2024-06-17 14:00:00,791,985.9,43.4,0.0,30.5,3.3,913.005,48.974,70.0
2024-06-17 14:15:00,765,985.9,43.6,0.0,30.5,3.3,886.007,47.269,70.0
2024-06-17 14:30:00,735,985.9,44.0,0.0,30.5,3.3,856.002,45.41,70.0
2024-06-17 14:45:00,702,985.9,44.4,0.0,30.5,3.3,814.004,42.807,70.0
2024-06-17 15:00:00,666,985.9,44.7,0.0,30.5,3.4,767.007,40.63,70.0
2024-06-17 15:15:00,628,985.9,44.9,0.0,30.5,3.4,726.006,37.284,70.0
2024-06-17 15:30:00,586,985.9,44.7,0.0,30.4,3.4,665.004,34.524,70.0
2024-06-17 15:45:00,542,985.9,44.7,0.0,30.4,3.3,621.001,30.73,70.0
2024-06-17 16:00:00,495,985.9,45.2,0.0,30.3,3.3,575.007,27.15,70.0
2024-06-17 16:15:00,445,985.9,45.7,0.0,30.2,3.3,535.01,24.102,70.0
2024-06-17 16:30:00,395,985.9,45.7,0.0,30.1,3.3,484.001,20.664,70.0
2024-06-17 16:45:00,345,985.9,47.0,0.1,29.7,3.3,435.005,17.302,70.0
2024-06-17 17:00:00,297,985.9,48.6,0.0,29.5,3.3,389.002,13.839,70.0
2024-06-17 17:15:00,252,985.9,50.1,0.0,29.4,3.3,320.006,10.743,70.0
2024-06-17 17:30:00,210,985.9,52.8,0.0,29.0,3.2,261.0,8.039,70.0
2024-06-17 17:45:00,172,985.9,54.8,0.0,28.6,3.2,219.008,5.966,70.0
2024-06-17 18:00:00,138,985.9,57.8,0.0,28.2,3.2,166.001,4.388,70.0
2024-06-17 18:15:00,107,985.9,60.6,0.0,27.9,3.1,117.007,3.29,70.0
2024-06-17 18:30:00,81,985.9,63.8,0.0,27.6,3.1,90.001,2.507,70.0
2024-06-17 18:45:00,57,985.9,66.9,0.0,27.0,3.1,48.005,1.647,70.0
2024-06-17 19:00:00,36,985.9,68.5,0.0,26.5,3.1,19.004,0.845,70.0
2024-06-17 19:15:00,16,985.9,69.4,0.0,26.0,3.0,0.0,0.165,70.0
2024-06-17 19:30:00,0,985.8,70.3,0.0,25.6,3.0,0.0,0.0,70.0
2024-06-17 19:45:00,0,985.8,71.2,0.0,25.2,2.9,0.0,0.0,70.0
2024-06-17 20:00:00,0,985.8,72.4,0.0,24.9,2.9,0.0,0.0,70.0
2024-06-17 20:15:00,0,985.8,73.9,0.0,24.6,2.9,0.0,0.0,70.0
2024-06-17 20:30:00,0,985.8,75.7,0.0,24.3,2.8,0.0,0.0,70.0
2024-06-17 20:45:00,0,985.8,77.0,0.0,24.1,2.8,0.0,0.0,70.0
2024-06-17 21:00:00,0,985.8,78.3,0.0,23.8,2.7,0.0,0.0,70.0
2024-06-17 21:15:00,0,985.8,79.4,0.0,23.6,2.7,0.0,0.0,70.0
2024-06-17 21:30:00,0,985.8,80.1,0.0,23.4,2.6,0.0,0.0,70.0
2024-06-17 21:45:00,0,985.8,80.6,0.0,23.2,2.6,0.0,0.0,70.0
2024-06-17 22:00:00,0,985.8,81.1,0.0,23.0,2.5,0.0,0.0,70.0
2024-06-17 22:15:00,0,985.8,81.8,0.0,22.8,2.5,0.0,0.0,70.0
2024-06-17 22:30:00,0,985.8,82.4,0.0,22.7,2.4,0.0,0.0,70.0
2024-06-17 22:45:00,0,985.8,82.9,0.0,22.5,2.3,0.0,0.0,70.0
2024-06-17 23:00:00,0,985.8,83.5,0.0,22.4,2.3,0.0,0.0,70.0
2024-06-17 23:15:00,0,985.8,84.0,0.0,22.3,2.2,0.0,0.0,70.0
2024-06-17 23:30:00,0,985.8,84.7,0.0,22.2,2.2,0.0,0.0,70.0
2024-06-17 23:45:00,0,985.8,85.5,0.0,22.1,2.1,0.0,0.0,70.0
2024-06-18 00:00:00,0,985.8,82.4,0.0,22.6,2.9,0.0,0.0,70.0
2024-06-18 00:15:00,0,985.8,82.6,0.0,22.5,2.8,0.0,0.0,70.0
2024-06-18 00:30:00,0,985.8,82.9,0.0,22.4,2.8,0.0,0.0,70.0
2024-06-18 00:45:00,0,985.8,83.3,0.0,22.3,2.7,0.0,0.0,70.0
2024-06-18 01:00:00,0,985.8,83.7,0.0,22.2,2.6,0.0,0.0,70.0
2024-06-18 01:15:00,0,985.8,84.2,0.0,22.1,2.6,0.0,0.0,70.0
2024-06-18 01:30:00,0,985.8,84.8,0.0,22.0,2.5,0.0,0.0,70.0
2024-06-18 01:45:00,0,985.8,85.4,0.0,21.9,2.4,0.0,0.0,70.0
2024-06-18 02:00:00,0,985.8,86.0,0.0,21.8,2.3,0.0,0.0,70.0
2024-06-18 02:15:00,0,985.8,86.5,0.0,21.7,2.3,0.0,0.0,70.0
2024-06-18 02:30:00,0,985.8,86.9,0.0,21.6,2.2,0.0,0.0,70.0
2024-06-18 02:45:00,0,985.8,87.4,0.0,21.5,2.1,0.0,0.0,70.0
2024-06-18 03:00:00,0,985.8,88.1,0.0,21.4,2.0,0.0,0.0,70.0
2024-06-18 03:15:00,0,985.8,88.5,0.0,21.4,1.9,0.0,0.0,70.0
2024-06-18 03:30:00,0,985.8,88.8,0.0,21.3,1.9,0.0,0.0,70.0
2024-06-18 03:45:00,0,985.8,89.0,0.0,21.2,1.8,0.0,0.0,70.0
2024-06-18 04:00:00,0,985.8,89.3,0.0,21.2,1.7,0.0,0.0,70.0
2024-06-18 04:15:00,0,985.8,89.5,0.0,21.1,1.7,0.0,0.0,70.0
2024-06-18 04:30:00,0,985.8,89.8,0.0,21.0,1.7,0.0,0.0,70.0
2024-06-18 04:45:00,0,985.8,90.2,0.0,20.9,1.6,0.0,0.0,70.0
2024-06-18 05:00:00,1,985.8,90.7,0.0,20.8,1.6,0.0,0.0,70.0
2024-06-18 05:15:00,24,985.8,91.2,0.0,20.7,1.6,19.005,0.873,70.0
2024-06-18 05:30:00,53,985.8,91.8,0.0,20.7,1.6,37.004,1.77,70.0
2024-06-18 05:45:00,81,985.8,92.2,0.0,20.8,1.6,56.01,2.74,70.0
2024-06-18 06:00:00,111,985.8,92.5,0.0,21.0,1.7,89.003,3.832,70.0
2024-06-18 06:15:00,141,985.8,92.4,0.0,21.2,1.7,125.001,5.436,70.0
2024-06-18 06:30:00,172,985.8,91.4,0.0,21.6,1.8,165.004,7.592,70.0
2024-06-18 06:45:00,205,985.8,89.6,0.0,22.1,1.8,233.008,10.812,70.0
2024-06-18 07:00:00,240,985.8,87.3,0.0,22.6,1.9,238.005,11.518,70.0
2024-06-18 07:15:00,277,985.8,83.9,0.0,23.2,2.0,274.007,13.948,70.0
2024-06-18 07:30:00,316,985.8,80.0,0.0,23.9,2.1,326.005,17.46,70.0
2024-06-18 07:45:00,357,985.8,76.8,0.0,24.4,2.2,414.009,21.586,70.0
2024-06-18 08:00:00,401,985.8,74.0,0.0,25.0,2.3,441.004,25.206,70.0
2024-06-18 08:15:00,445,985.8,71.7,0.0,25.4,2.4,441.001,25.63,70.0
2024-06-18 08:30:00,490,985.8,70.1,0.0,25.9,2.5,581.008,31.894,70.0
2024-06-18 08:45:00,535,985.8,68.5,0.0,26.3,2.6,629.009,34.607,70.0
2024-06-18 09:00:00,579,985.8,67.0,0.0,26.7,2.7,661.002,36.944,70.0
2024-06-18 09:15:00,621,985.9,65.6,0.0,27.1,2.9,721.002,40.549,70.0
2024-06-18 09:30:00,660,985.9,64.6,0.0,27.4,3.0,708.005,40.832,70.0
2024-06-18 09:45:00,696,985.9,63.8,0.0,27.8,3.1,788.006,44.371,70.0
2024-06-18 10:00:00,728,985.9,61.9,0.0,28.1,3.2,810.005,46.762,70.0
2024-06-18 10:15:00,759,985.9,59.8,0.0,28.5,3.3,855.004,48.046,70.0
2024-06-18 10:30:00,786,985.9,58.4,0.0,28.8,3.4,879.002,49.144,70.0
2024-06-18 10:45:00,811,985.9,56.8,0.0,29.0,3.5,899.003,50.317,70.0
2024-06-18 11:00:00,832,985.9,54.2,0.0,29.3,3.6,903.009,51.148,70.0
2024-06-18 11:15:00,849,985.9,53.2,0.0,29.5,3.7,912.005,51.898,70.0
2024-06-18 11:30:00,862,985.9,52.3,0.0,29.7,3.8,958.005,53.805,70.0
2024-06-18 11:45:00,870,985.9,51.6,0.0,29.9,3.9,874.001,48.882,70.0
2024-06-18 12:00:00,874,985.9,50.7,0.0,30.0,4.0,862.003,51.905,70.0
2024-06-18 12:15:00,874,985.9,49.9,0.0,30.1,4.1,1011.005,53.857,70.0
2024-06-18 12:30:00,868,985.9,49.6,0.0,30.2,4.1,974.008,54.294,70.0
2024-06-18 12:45:00,858,985.9,48.8,0.0,30.3,4.2,837.005,50.184,70.0
2024-06-18 13:00:00,843,985.9,47.7,0.0,30.4,4.3,905.0,51.466,70.0
2024-06-18 13:15:00,823,985.9,46.6,0.0,30.4,4.3,862.004,37.96,70.0
2024-06-18 13:30:00,799,985.9,45.4,0.0,30.4,4.3,656.004,37.728,70.0
2024-06-18 13:45:00,771,985.9,44.1,0.0,30.4,4.4,914.0,49.644,70.0
2024-06-18 14:00:00,739,985.9,43.3,0.0,30.5,4.4,806.001,45.181,70.0
2024-06-18 14:15:00,705,985.9,43.0,0.0,30.5,4.4,820.009,43.036,70.0
2024-06-18 14:30:00,669,985.9,43.1,0.0,30.5,4.4,671.007,37.782,70.0
2024-06-18 14:45:00,630,985.9,42.9,0.0,30.5,4.3,764.005,40.422,70.0
2024-06-18 15:00:00,590,985.9,42.6,0.0,30.4,4.3,613.003,34.906,70.0
2024-06-18 15:15:00,549,985.9,42.8,0.0,30.2,4.3,413.004,22.776,70.0
2024-06-18 15:30:00,507,985.9,43.3,0.0,30.2,4.2,434.007,25.906,70.0
2024-06-18 15:45:00,465,985.9,44.3,0.0,30.0,4.2,418.01,20.017,70.0
2024-06-18 16:00:00,421,985.9,44.5,0.0,29.8,4.1,729.001,27.066,70.0
2024-06-18 16:15:00,377,985.9,44.4,0.0,29.6,4.0,544.0,26.7,70.0
2024-06-18 16:30:00,332,985.9,45.1,0.0,29.4,4.0,189.003,10.106,70.0
2024-06-18 16:45:00,289,985.9,46.3,0.0,29.1,3.9,420.008,21.263,70.0
2024-06-18 17:00:00,247,985.9,48.2,0.0,28.8,3.8,445.004,16.646,70.0
2024-06-18 17:15:00,209,985.9,51.0,0.0,28.6,3.7,269.003,13.114,70.0
2024-06-18 17:30:00,173,985.9,53.6,0.0,28.3,3.6,285.0,11.376,70.0
2024-06-18 17:45:00,141,985.9,54.3,0.0,27.9,3.5,216.009,8.759,70.0
2024-06-18 18:00:00,113,985.8,56.3,0.0,27.4,3.4,144.01,5.805,70.0
2024-06-18 18:15:00,88,985.8,58.3,0.0,26.9,3.4,82.008,4.246,70.0
2024-06-18 18:30:00,66,985.8,59.3,0.0,26.4,3.2,62.003,3.372,70.0
2024-06-18 18:45:00,46,985.8,60.9,0.0,26.0,3.1,43.003,2.248,70.0
2024-06-18 19:00:00,29,985.8,63.4,0.0,25.5,3.0,23.004,1.04,70.0
2024-06-18 19:15:00,13,985.8,67.1,0.0,25.1,2.9,0.0,0.211,70.0
2024-06-18 19:30:00,0,985.8,71.1,0.0,24.7,2.8,0.0,0.0,70.0
2024-06-18 19:45:00,0,985.8,74.4,0.0,24.4,2.7,0.0,0.0,70.0
2024-06-18 20:00:00,0,985.8,77.1,0.0,24.1,2.6,0.0,0.0,70.0
2024-06-18 20:15:00,0,985.8,79.1,0.0,23.8,2.5,0.0,0.0,70.0
2024-06-18 20:30:00,0,985.8,80.3,0.0,23.5,2.4,0.0,0.0,70.0
2024-06-18 20:45:00,0,985.8,80.5,0.0,23.3,2.4,0.0,0.0,70.0
2024-06-18 21:00:00,0,985.8,80.2,0.0,23.0,2.3,0.0,0.0,70.0
2024-06-18 21:15:00,0,985.8,80.1,0.0,22.8,2.2,0.0,0.0,70.0
2024-06-18 21:30:00,0,985.8,79.9,0.0,22.6,2.1,0.0,0.0,70.0
2024-06-18 21:45:00,0,985.8,79.4,0.0,22.3,2.1,0.0,0.0,70.0
2024-06-18 22:00:00,0,985.8,78.4,0.0,22.2,2.0,0.0,0.0,70.0
2024-06-18 22:15:00,0,985.8,77.5,0.0,22.0,1.9,0.0,0.0,70.0
2024-06-18 22:30:00,0,985.8,76.8,0.0,21.8,1.8,0.0,0.0,70.0
2024-06-18 22:45:00,0,985.8,76.5,0.0,21.7,1.7,0.0,0.0,70.0
2024-06-18 23:00:00,0,985.8,76.5,0.0,21.6,1.7,0.0,0.0,70.0
2024-06-18 23:15:00,0,985.8,76.6,0.0,21.4,1.6,0.0,0.0,70.0
2024-06-18 23:30:00,0,985.8,76.9,0.0,21.3,1.5,0.0,0.0,70.0
2024-06-18 23:45:00,0,985.8,77.3,0.0,21.2,1.5,0.0,0.0,70.0
2024-06-19 00:00:00,0,985.8,74.8,0.0,21.5,1.4,0.0,0.0,70.0
2024-06-19 00:15:00,0,985.8,75.3,0.0,21.4,1.3,0.0,0.0,70.0
2024-06-19 00:30:00,0,985.8,76.1,0.0,21.2,1.3,0.0,0.0,70.0
2024-06-19 00:45:00,0,985.8,77.0,0.0,21.2,1.2,0.0,0.0,70.0
2024-06-19 01:00:00,0,985.8,77.6,0.0,21.1,1.2,0.0,0.0,70.0
2024-06-19 01:15:00,0,985.8,78.1,0.0,21.0,1.2,0.0,0.0,70.0
2024-06-19 01:30:00,0,985.8,78.7,0.0,20.9,1.1,0.0,0.0,70.0
2024-06-19 01:45:00,0,985.8,79.4,0.0,20.8,1.1,0.0,0.0,70.0
2024-06-19 02:00:00,0,985.8,80.4,0.0,20.7,1.0,0.0,0.0,70.0
2024-06-19 02:15:00,0,985.8,81.7,0.0,20.5,1.0,0.0,0.0,70.0
2024-06-19 02:30:00,0,985.8,82.9,0.0,20.4,1.0,0.0,0.0,70.0
2024-06-19 02:45:00,0,985.8,84.0,0.0,20.3,0.9,0.0,0.0,70.0
2024-06-19 03:00:00,0,985.8,85.0,0.0,20.2,0.9,0.0,0.0,70.0
2024-06-19 03:15:00,0,985.8,85.9,0.0,20.1,0.9,0.0,0.0,70.0
2024-06-19 03:30:00,0,985.8,86.9,0.0,19.9,0.9,0.0,0.0,70.0
2024-06-19 03:45:00,0,985.8,87.9,0.0,19.8,0.9,0.0,0.0,70.0
2024-06-19 04:00:00,0,985.8,89.0,0.0,19.6,0.9,0.0,0.0,70.0
2024-06-19 04:15:00,0,985.8,89.9,0.0,19.5,0.9,0.0,0.0,70.0
2024-06-19 04:30:00,0,985.8,90.7,0.0,19.5,0.9,0.0,0.0,70.0
2024-06-19 04:45:00,0,985.8,91.4,0.0,19.4,0.9,0.0,0.0,70.0
2024-06-19 05:00:00,0,985.8,91.8,0.0,19.3,0.9,0.0,0.0,70.0
2024-06-19 05:15:00,20,985.8,92.4,0.0,19.3,0.9,36.005,2.063,70.0
2024-06-19 05:30:00,44,985.8,92.8,0.0,19.3,1.0,61.01,3.313,70.0
2024-06-19 05:45:00,69,985.8,93.3,0.0,19.3,1.0,105.003,5.553,70.0
2024-06-19 06:00:00,93,985.8,93.9,0.0,19.4,1.1,94.008,5.729,70.0
2024-06-19 06:15:00,119,985.8,94.2,0.0,19.6,1.1,131.01,6.339,70.0
2024-06-19 06:30:00,145,985.8,94.1,0.0,19.8,1.2,129.009,6.526,70.0
2024-06-19 06:45:00,172,985.8,93.6,0.0,20.0,1.2,152.009,8.377,70.0
2024-06-19 07:00:00,200,985.8,93.0,0.0,20.3,1.3,159.002,7.835,70.0
2024-06-19 07:15:00,229,985.8,92.4,0.0,20.6,1.4,145.0,8.906,70.0
2024-06-19 07:30:00,259,985.8,91.3,0.0,20.9,1.5,203.009,11.892,70.0
2024-06-19 07:45:00,290,985.8,90.3,0.0,21.3,1.6,365.001,20.802,70.0
2024-06-19 08:00:00,322,985.8,89.2,0.0,21.7,1.7,250.003,12.239,70.0
2024-06-19 08:15:00,355,985.8,88.1,0.0,22.1,1.8,397.008,21.261,70.0
2024-06-19 08:30:00,389,985.8,87.0,0.0,22.5,2.0,285.004,23.633,70.0
2024-06-19 08:45:00,422,985.8,86.2,0.0,22.9,2.1,537.007,27.453,70.0
2024-06-19 09:00:00,456,985.8,85.5,0.0,23.3,2.2,653.003,34.138,70.0
2024-06-19 09:15:00,489,985.8,84.2,0.0,23.7,2.3,429.006,28.444,70.0
2024-06-19 09:30:00,521,985.8,81.9,0.0,24.2,2.4,478.001,25.296,70.0
2024-06-19 09:45:00,552,985.8,80.2,0.0,24.6,2.5,730.007,42.487,70.0
2024-06-19 10:00:00,584,985.8,78.1,0.0,25.0,2.7,561.006,29.691,70.0
2024-06-19 10:15:00,615,985.8,76.1,0.0,25.4,2.8,838.006,19.759,70.0
2024-06-19 10:30:00,646,985.8,74.7,0.0,25.8,2.9,930.006,19.879,70.0
2024-06-19 10:45:00,675,985.8,72.8,0.0,26.1,3.0,897.005,38.584,70.0
2024-06-19 11:00:00,703,985.8,73.0,0.0,26.3,3.1,913.006,46.249,70.0
2024-06-19 11:15:00,729,985.8,72.5,0.0,26.6,3.2,692.006,38.302,70.0
2024-06-19 11:30:00,752,985.8,71.8,0.0,26.7,3.2,786.003,55.101,70.0
2024-06-19 11:45:00,771,985.8,71.5,0.0,26.8,3.3,1062.004,54.655,70.0
2024-06-19 12:00:00,787,985.8,71.1,0.0,26.9,3.4,1058.002,51.722,70.0
2024-06-19 12:15:00,798,985.8,71.0,0.0,26.9,3.5,900.004,53.654,70.0
2024-06-19 12:30:00,804,985.8,70.1,0.0,27.1,3.6,1088.006,52.606,70.0
2024-06-19 12:45:00,804,985.8,69.0,0.0,27.2,3.7,1089.008,54.907,70.0
2024-06-19 13:00:00,801,985.8,67.7,0.0,27.3,3.8,981.009,51.839,70.0
2024-06-19 13:15:00,795,985.8,66.8,0.0,27.4,3.8,991.005,50.998,70.0
2024-06-19 13:30:00,785,985.8,66.3,0.0,27.6,3.9,891.002,52.248,70.0
2024-06-19 13:45:00,771,985.8,66.6,0.0,27.7,4.0,878.001,50.904,70.0
2024-06-19 14:00:00,754,985.8,66.9,0.0,27.9,4.0,952.006,50.871,70.0
2024-06-19 14:15:00,732,985.8,66.3,0.0,28.0,4.1,904.003,47.671,70.0
2024-06-19 14:30:00,706,985.8,65.7,0.0,28.1,4.1,866.004,41.079,70.0
2024-06-19 14:45:00,676,985.8,65.5,0.0,28.1,4.2,849.006,41.08,70.0
2024-06-19 15:00:00,642,985.8,67.1,0.0,28.0,4.2,608.004,27.225,70.0
2024-06-19 15:15:00,605,985.8,66.4,0.0,27.8,4.3,704.007,38.952,70.0
2024-06-19 15:30:00,564,985.8,68.1,0.0,27.5,4.3,638.005,35.165,70.0
2024-06-19 15:45:00,520,985.8,69.5,0.0,27.3,4.3,308.003,14.959,70.0
2024-06-19 16:00:00,471,985.8,69.2,0.0,27.1,4.3,333.006,22.217,70.0
2024-06-19 16:15:00,420,985.8,70.0,0.0,26.9,4.3,539.006,25.792,70.0
2024-06-19 16:30:00,367,985.8,71.9,0.0,26.6,4.3,502.009,16.628,70.0
2024-06-19 16:45:00,316,985.8,74.0,0.0,26.4,4.3,425.009,19.029,70.0
2024-06-19 17:00:00,267,985.8,76.0,0.0,26.1,4.3,429.002,16.652,70.0
2024-06-19 17:15:00,221,985.8,77.4,0.0,25.8,4.2,363.004,14.006,70.0
2024-06-19 17:30:00,179,985.8,78.3,0.0,25.6,4.2,277.001,11.891,70.0
2024-06-19 17:45:00,143,985.8,79.1,0.0,25.2,4.1,222.003,9.667,70.0
2024-06-19 18:00:00,111,985.8,80.0,0.0,24.9,4.0,200.004,6.06,70.0
2024-06-19 18:15:00,84,985.8,81.5,0.0,24.6,3.9,78.003,5.19,70.0
2024-06-19 18:30:00,61,985.8,82.7,0.0,24.3,3.8,40.009,1.997,70.0
2024-06-19 18:45:00,43,985.8,83.4,0.0,24.0,3.7,26.006,1.793,70.0
2024-06-19 19:00:00,26,985.8,84.6,0.0,23.7,3.6,0.0,0.362,70.0
2024-06-19 19:15:00,12,985.8,86.0,0.0,23.3,3.5,0.0,0.079,70.0
2024-06-19 19:30:00,0,985.8,87.0,0.0,23.1,3.4,0.0,0.0,70.0
2024-06-19 19:45:00,0,985.8,88.1,0.0,22.9,3.3,0.0,0.0,70.0
2024-06-19 20:00:00,0,985.8,89.5,0.0,22.7,3.2,0.0,0.0,70.0
2024-06-19 20:15:00,0,985.8,90.8,0.0,22.5,3.1,0.0,0.0,70.0
2024-06-19 20:30:00,0,985.8,91.9,0.0,22.3,3.0,0.0,0.0,70.0
2024-06-19 20:45:00,0,985.8,92.7,0.0,22.2,2.9,0.0,0.0,70.0
2024-06-19 21:00:00,0,985.8,93.1,0.0,22.2,2.8,0.0,0.0,70.0
2024-06-19 21:15:00,0,985.8,93.5,0.0,22.0,2.7,0.0,0.0,70.0
2024-06-19 21:30:00,0,985.8,93.8,0.0,21.9,2.6,0.0,0.0,70.0
2024-06-19 21:45:00,0,985.8,94.3,0.0,21.9,2.5,0.0,0.0,70.0
2024-06-19 22:00:00,0,985.8,94.6,0.0,21.8,2.5,0.0,0.0,70.0
2024-06-19 22:15:00,0,985.8,94.9,0.0,21.8,2.4,0.0,0.0,70.0
2024-06-19 22:30:00,0,985.8,95.0,0.0,21.7,2.4,0.0,0.0,70.0
2024-06-19 22:45:00,0,985.8,95.0,0.0,21.6,2.3,0.0,0.0,70.0
2024-06-19 23:00:00,0,985.8,95.4,0.0,21.6,2.3,0.0,0.0,70.0
2024-06-19 23:15:00,0,985.8,95.9,0.0,21.5,2.3,0.0,0.0,70.0
2024-06-19 23:30:00,0,985.8,96.2,0.0,21.5,2.3,0.0,0.0,70.0
2024-06-19 23:45:00,0,985.8,96.2,0.0,21.5,2.3,0.0,0.0,70.0
2024-06-20 00:00:00,0,985.8,95.8,0.0,22.0,2.1,0.0,0.0,70.0
2024-06-20 00:15:00,0,985.8,95.9,0.0,21.9,2.0,0.0,0.0,70.0
2024-06-20 00:30:00,0,985.8,96.0,0.0,21.9,2.0,0.0,0.0,70.0
2024-06-20 00:45:00,0,985.8,96.1,0.0,21.9,1.9,0.0,0.0,70.0
2024-06-20 01:00:00,0,985.8,96.3,0.0,21.8,1.9,0.0,0.0,70.0
2024-06-20 01:15:00,0,985.8,96.4,0.0,21.8,1.8,0.0,0.0,70.0
2024-06-20 01:30:00,0,985.8,96.5,0.0,21.8,1.8,0.0,0.0,70.0
2024-06-20 01:45:00,0,985.8,96.5,0.0,21.7,1.7,0.0,0.0,70.0
2024-06-20 02:00:00,0,985.8,96.6,0.0,21.7,1.7,0.0,0.0,70.0
2024-06-20 02:15:00,0,985.8,96.7,0.0,21.7,1.7,0.0,0.0,70.0
2024-06-20 02:30:00,0,985.8,96.8,0.0,21.6,1.6,0.0,0.0,70.0
2024-06-20 02:45:00,0,985.8,96.9,0.0,21.6,1.6,0.0,0.0,70.0
2024-06-20 03:00:00,0,985.8,97.1,0.0,21.5,1.6,0.0,0.0,70.0
2024-06-20 03:15:00,0,985.8,97.1,0.0,21.5,1.6,0.0,0.0,70.0
2024-06-20 03:30:00,0,985.8,97.0,0.0,21.5,1.6,0.0,0.0,70.0
2024-06-20 03:45:00,0,985.8,97.0,0.0,21.5,1.6,0.0,0.0,70.0
2024-06-20 04:00:00,0,985.8,96.9,0.0,21.5,1.6,0.0,0.0,70.0
2024-06-20 04:15:00,0,985.8,96.8,0.0,21.5,1.6,0.0,0.0,70.0
2024-06-20 04:30:00,0,985.8,96.9,0.0,21.5,1.6,0.0,0.0,70.0
2024-06-20 04:45:00,0,985.8,96.9,0.0,21.4,1.6,0.0,0.0,70.0
2024-06-20 05:00:00,0,985.8,97.1,0.0,21.4,1.6,0.0,0.0,70.0
2024-06-20 05:15:00,19,985.8,97.2,0.0,21.4,1.6,8.003,0.396,70.0
2024-06-20 05:30:00,43,985.8,97.1,0.0,21.4,1.6,16.003,0.868,70.0
2024-06-20 05:45:00,66,985.8,96.9,0.0,21.4,1.6,31.006,1.997,70.0
2024-06-20 06:00:00,91,985.8,96.6,0.0,21.3,1.6,45.007,2.653,70.0
2024-06-20 06:15:00,116,985.8,96.3,0.0,21.3,1.6,85.001,4.956,70.0
2024-06-20 06:30:00,143,985.8,96.2,0.0,21.3,1.5,134.004,7.993,70.0
2024-06-20 06:45:00,172,985.8,95.9,0.0,21.4,1.5,190.007,10.693,70.0
2024-06-20 07:00:00,204,985.8,95.5,0.0,21.5,1.5,289.007,12.706,70.0
2024-06-20 07:15:00,240,985.8,95.0,0.0,21.6,1.5,333.002,14.213,70.0
2024-06-20 07:30:00,279,985.8,94.5,0.0,21.7,1.5,417.001,15.092,70.0
2024-06-20 07:45:00,321,985.8,94.0,0.0,21.9,1.5,439.009,20.268,70.0
2024-06-20 08:00:00,366,985.8,93.6,0.0,22.0,1.5,234.006,24.477,70.0
2024-06-20 08:15:00,414,985.8,93.1,0.0,22.2,1.5,204.005,28.028,70.0
2024-06-20 08:30:00,463,985.8,92.3,0.0,22.4,1.5,549.001,31.583,70.0
2024-06-20 08:45:00,512,985.8,91.1,0.0,22.8,1.5,610.002,34.328,70.0
2024-06-20 09:00:00,561,985.8,89.4,0.0,23.2,1.5,673.008,37.738,70.0
2024-06-20 09:15:00,608,985.8,87.4,0.0,23.7,1.4,719.008,40.072,70.0
2024-06-20 09:30:00,651,985.8,85.6,0.0,24.0,1.4,766.009,42.35,70.0
2024-06-20 09:45:00,690,985.8,84.3,0.0,24.3,1.4,785.004,44.386,70.0
2024-06-20 10:00:00,725,985.8,82.8,0.0,24.6,1.4,830.0,46.511,70.0
2024-06-20 10:15:00,757,985.8,81.3,0.0,25.0,1.4,793.009,48.325,70.0
2024-06-20 10:30:00,785,985.8,80.4,0.0,25.3,1.4,902.004,50.265,70.0
2024-06-20 10:45:00,810,985.8,80.0,0.0,25.6,1.5,918.008,50.133,70.0
2024-06-20 11:00:00,830,985.8,79.4,0.0,25.8,1.5,900.006,51.833,70.0
2024-06-20 11:15:00,847,985.8,78.6,0.0,26.0,1.5,961.006,49.341,70.0
2024-06-20 11:30:00,859,985.8,77.7,0.0,26.3,1.5,968.002,52.327,70.0
2024-06-20 11:45:00,868,985.8,76.7,0.0,26.6,1.5,962.007,53.527,70.0
2024-06-20 12:00:00,873,985.8,75.5,0.0,26.8,1.5,999.007,49.044,70.0
2024-06-20 12:15:00,875,985.8,74.3,0.0,27.2,1.5,989.005,46.222,70.0
2024-06-20 12:30:00,873,985.8,73.0,0.0,27.5,1.5,987.009,52.815,70.0
2024-06-20 12:45:00,868,985.8,72.3,0.0,27.7,1.5,586.005,51.449,70.0
2024-06-20 13:00:00,860,985.8,71.6,0.0,27.9,1.6,986.002,35.947,70.0
2024-06-20 13:15:00,848,985.8,70.3,0.0,28.2,1.6,961.003,51.533,70.0
2024-06-20 13:30:00,834,985.8,69.0,0.0,28.3,1.6,925.007,48.969,70.0
2024-06-20 13:45:00,816,985.8,67.9,0.0,28.4,1.6,853.009,48.896,70.0
2024-06-20 14:00:00,794,985.8,67.5,0.0,28.5,1.6,916.002,48.461,70.0
2024-06-20 14:15:00,769,985.8,67.4,0.0,28.5,1.7,890.007,43.802,70.0
2024-06-20 14:30:00,740,985.8,67.3,0.0,28.5,1.7,844.003,43.408,70.0
2024-06-20 14:45:00,708,985.8,67.0,0.0,28.7,1.7,801.006,41.101,70.0
2024-06-20 15:00:00,672,985.8,66.0,0.0,28.9,1.8,755.001,38.5,70.0
2024-06-20 15:15:00,633,985.8,65.3,0.0,29.0,1.8,619.001,31.941,70.0
2024-06-20 15:30:00,592,985.8,65.4,0.0,28.9,1.8,665.006,34.253,70.0
2024-06-20 15:45:00,547,985.8,65.5,0.0,28.8,1.8,627.009,30.607,70.0
2024-06-20 16:00:00,499,985.8,65.5,0.0,28.8,1.8,570.003,26.422,70.0
2024-06-20 16:15:00,448,985.8,65.8,0.0,28.8,1.9,518.007,23.925,70.0
2024-06-20 16:30:00,396,985.8,66.3,0.0,28.8,1.9,500.003,20.083,70.0
2024-06-20 16:45:00,346,985.8,66.8,0.0,28.6,1.9,355.004,14.829,70.0
2024-06-20 17:00:00,297,985.8,68.0,0.0,28.4,1.9,384.005,14.429,70.0
2024-06-20 17:15:00,251,985.8,69.6,0.0,28.1,1.9,247.002,9.891,70.0
2024-06-20 17:30:00,208,985.8,70.8,0.0,27.9,2.0,224.002,8.546,70.0
2024-06-20 17:45:00,170,985.8,72.0,0.0,27.7,2.0,116.003,5.001,70.0
2024-06-20 18:00:00,135,985.8,73.1,0.0,27.5,2.1,99.002,4.91,70.0
2024-06-20 18:15:00,105,985.8,74.7,0.0,27.2,2.1,98.008,5.089,70.0
2024-06-20 18:30:00,79,985.8,76.5,0.0,26.9,2.2,89.006,4.227,70.0
2024-06-20 18:45:00,56,985.8,78.0,0.0,26.6,2.2,50.008,2.362,70.0
2024-06-20 19:00:00,35,985.8,79.2,0.0,26.2,2.2,25.009,1.242,70.0
2024-06-20 19:15:00,16,985.8,80.5,0.0,25.9,2.2,0.0,0.286,70.0
2024-06-20 19:30:00,0,985.8,82.0,0.0,25.6,2.3,0.0,0.0,70.0
2024-06-20 19:45:00,0,985.8,83.4,0.0,25.4,2.3,0.0,0.0,70.0
2024-06-20 20:00:00,0,985.8,85.1,0.0,25.1,2.3,0.0,0.0,70.0
2024-06-20 20:15:00,0,985.8,87.8,0.0,24.8,2.3,0.0,0.0,70.0
2024-06-20 20:30:00,0,985.8,91.8,0.0,24.4,2.3,0.0,0.0,70.0
2024-06-20 20:45:00,0,985.8,93.1,0.0,24.2,2.3,0.0,0.0,70.0
2024-06-20 21:00:00,0,985.8,93.6,0.0,24.0,2.2,0.0,0.0,70.0
2024-06-20 21:15:00,0,985.8,94.1,0.0,23.8,2.2,0.0,0.0,70.0
2024-06-20 21:30:00,0,985.8,94.8,0.0,23.6,2.2,0.0,0.0,70.0
2024-06-20 21:45:00,0,985.8,95.3,0.0,23.4,2.1,0.0,0.0,70.0
2024-06-20 22:00:00,0,985.8,95.8,0.0,23.3,2.1,0.0,0.0,70.0
2024-06-20 22:15:00,0,985.8,96.3,0.0,23.2,2.0,0.0,0.0,70.0
2024-06-20 22:30:00,0,985.8,96.9,0.0,23.0,2.0,0.0,0.0,70.0
2024-06-20 22:45:00,0,985.8,97.5,0.0,23.0,1.9,0.0,0.0,70.0
2024-06-20 23:00:00,0,985.8,97.7,0.0,22.9,1.9,0.0,0.0,70.0
2024-06-20 23:15:00,0,985.8,98.0,0.0,22.8,1.8,0.0,0.0,70.0
2024-06-20 23:30:00,0,985.8,98.2,0.0,22.8,1.8,0.0,0.0,70.0
2024-06-20 23:45:00,0,985.8,98.3,0.0,22.7,1.7,0.0,0.0,70.0
2024-06-21 00:00:00,0,985.8,99.0,0.0,23.0,1.5,0.0,0.0,70.0
2024-06-21 00:15:00,0,985.8,99.0,0.0,23.0,1.5,0.0,0.0,70.0
2024-06-21 00:30:00,0,985.8,99.1,0.0,22.9,1.4,0.0,0.0,70.0
2024-06-21 00:45:00,0,985.8,99.1,0.0,22.9,1.4,0.0,0.0,70.0
2024-06-21 01:00:00,0,985.8,99.2,0.0,22.8,1.3,0.0,0.0,70.0
2024-06-21 01:15:00,0,985.8,99.3,0.0,22.8,1.3,0.0,0.0,70.0
2024-06-21 01:30:00,0,985.8,99.3,0.0,22.7,1.2,0.0,0.0,70.0
2024-06-21 01:45:00,0,985.8,99.5,0.0,22.7,1.2,0.0,0.0,70.0
2024-06-21 02:00:00,0,985.8,99.6,0.0,22.6,1.2,0.0,0.0,70.0
2024-06-21 02:15:00,0,985.8,99.7,0.0,22.5,1.1,0.0,0.0,70.0
2024-06-21 02:30:00,0,985.8,99.7,0.0,22.5,1.1,0.0,0.0,70.0
2024-06-21 02:45:00,0,985.8,99.7,0.0,22.4,1.1,0.0,0.0,70.0
2024-06-21 03:00:00,0,985.8,99.6,0.0,22.4,1.1,0.0,0.0,70.0
2024-06-21 03:15:00,0,985.8,99.6,0.0,22.4,1.0,0.0,0.0,70.0
2024-06-21 03:30:00,0,985.8,99.6,0.0,22.3,1.0,0.0,0.0,70.0
2024-06-21 03:45:00,0,985.8,99.6,0.0,22.2,1.0,0.0,0.0,70.0
2024-06-21 04:00:00,0,985.8,99.6,0.0,22.2,1.0,0.0,0.0,70.0
2024-06-21 04:15:00,0,985.8,99.6,0.0,22.1,1.0,0.0,0.0,70.0
2024-06-21 04:30:00,0,985.8,99.6,0.0,22.1,1.0,0.0,0.0,70.0
2024-06-21 04:45:00,0,985.8,99.7,0.0,22.1,1.1,0.0,0.0,70.0
2024-06-21 05:00:00,0,985.8,99.6,0.0,22.0,1.1,0.0,0.0,70.0
2024-06-21 05:15:00,21,985.8,99.6,0.0,22.0,1.1,0.0,0.213,70.0
2024-06-21 05:30:00,47,985.8,99.5,0.0,22.0,1.1,24.01,0.958,70.0
2024-06-21 05:45:00,73,985.8,99.5,0.0,22.0,1.2,42.005,1.91,70.0
2024-06-21 06:00:00,100,985.8,99.4,0.0,22.0,1.2,48.005,2.632,70.0
2024-06-21 06:15:00,127,985.8,99.4,0.0,22.0,1.2,51.008,3.752,70.0
2024-06-21 06:30:00,156,985.8,99.3,0.0,22.1,1.3,153.004,8.32,70.0
2024-06-21 06:45:00,185,985.8,99.1,0.0,22.2,1.4,158.0,10.016,70.0
2024-06-21 07:00:00,217,985.8,98.8,0.0,22.2,1.4,180.007,12.315,70.0
2024-06-21 07:15:00,252,985.8,98.7,0.0,22.3,1.4,206.01,14.201,70.0
2024-06-21 07:30:00,289,985.8,98.5,0.0,22.5,1.5,238.006,13.317,70.0
2024-06-21 07:45:00,328,985.8,98.3,0.0,22.6,1.5,426.005,22.451,70.0
2024-06-21 08:00:00,369,985.8,98.1,0.0,22.7,1.6,352.005,21.316,70.0
2024-06-21 08:15:00,411,985.8,97.5,0.0,23.0,1.6,389.005,26.836,70.0
2024-06-21 08:30:00,452,985.8,96.6,0.0,23.2,1.7,328.006,19.424,70.0
2024-06-21 08:45:00,491,985.8,95.8,0.0,23.4,1.7,362.007,23.944,70.0
2024-06-21 09:00:00,527,985.8,94.8,0.0,23.7,1.7,528.001,24.298,70.0
2024-06-21 09:15:00,558,985.8,93.7,0.0,24.1,1.8,757.002,32.066,70.0
2024-06-21 09:30:00,582,985.8,92.3,0.0,24.5,1.8,392.007,24.187,70.0
2024-06-21 09:45:00,597,985.8,90.5,0.0,24.9,1.9,801.005,43.829,70.0
2024-06-21 10:00:00,602,985.8,88.4,0.0,25.3,1.9,946.008,51.086,70.0
2024-06-21 10:15:00,597,985.8,86.7,0.0,25.7,1.9,689.005,44.503,70.0
2024-06-21 10:30:00,583,985.8,85.1,0.0,26.1,2.0,769.002,42.037,70.0
2024-06-21 10:45:00,561,985.8,83.6,0.0,26.5,2.0,585.005,33.418,70.0
2024-06-21 11:00:00,533,985.8,81.5,0.0,26.9,2.0,622.002,40.097,70.0
2024-06-21 11:15:00,501,985.8,80.3,0.0,27.2,2.0,566.009,39.11,70.0
2024-06-21 11:30:00,467,985.8,79.1,0.0,27.5,2.0,481.004,30.599,70.0
2024-06-21 11:45:00,432,985.8,77.7,0.0,27.8,2.1,395.001,22.849,70.0
2024-06-21 12:00:00,398,985.8,76.5,0.0,28.1,2.1,546.005,27.027,70.0
2024-06-21 12:15:00,368,985.8,75.3,0.0,28.4,2.1,401.003,22.488,70.0
2024-06-21 12:30:00,343,985.8,73.9,0.0,28.6,2.1,321.002,23.491,70.0
2024-06-21 12:45:00,325,985.8,72.5,0.0,28.8,2.1,449.007,28.64,70.0
2024-06-21 13:00:00,313,985.8,71.2,0.0,29.0,2.2,353.003,20.325,70.0
2024-06-21 13:15:00,305,985.8,69.8,0.0,29.1,2.2,223.008,13.383,70.0
2024-06-21 13:30:00,301,985.8,68.4,0.0,29.3,2.2,189.006,10.04,70.0
2024-06-21 13:45:00,298,985.8,67.2,0.0,29.4,2.2,140.001,8.824,70.0
2024-06-21 14:00:00,296,985.8,66.7,0.0,29.5,2.2,112.001,5.657,70.0
2024-06-21 14:15:00,294,985.8,66.9,0.0,29.4,2.2,101.01,9.613,70.0
2024-06-21 14:30:00,291,985.8,67.2,0.0,29.4,2.2,215.009,14.476,70.0
2024-06-21 14:45:00,285,985.8,67.5,0.0,29.4,2.2,150.004,8.976,70.0
2024-06-21 15:00:00,277,985.8,67.6,0.0,29.2,2.2,151.004,8.16,70.0
2024-06-21 15:15:00,265,985.8,66.7,0.0,29.0,2.2,99.001,5.052,70.0
2024-06-21 15:30:00,249,985.8,65.4,0.0,28.9,2.1,124.008,6.437,70.0
2024-06-21 15:45:00,229,985.8,65.3,0.0,28.7,2.1,63.006,3.962,70.0
2024-06-21 16:00:00,205,985.8,66.0,0.0,28.4,2.1,83.009,4.839,70.0
2024-06-21 16:15:00,181,985.8,68.1,0.0,28.2,2.1,55.003,4.983,70.0
2024-06-21 16:30:00,155,985.8,72.1,0.0,27.8,2.1,42.005,2.615,70.0
2024-06-21 16:45:00,130,985.8,74.5,0.0,27.5,2.1,38.001,1.965,70.0
2024-06-21 17:00:00,107,985.8,75.8,0.0,27.5,2.1,29.003,1.263,70.0
2024-06-21 17:15:00,85,985.8,76.5,0.0,27.3,2.2,15.001,0.636,70.0
2024-06-21 17:30:00,66,985.8,76.1,0.0,27.1,2.2,9.01,0.504,70.0
2024-06-21 17:45:00,50,985.8,77.0,0.1,26.9,2.2,13.005,1.158,70.0
2024-06-21 18:00:00,36,985.8,79.0,0.1,26.6,2.2,20.007,1.578,70.0
2024-06-21 18:15:00,25,985.8,79.8,0.2,26.4,2.1,0.0,0.289,70.0
2024-06-21 18:30:00,17,985.8,79.7,0.2,26.3,2.1,0.0,0.158,70.0
2024-06-21 18:45:00,11,985.8,80.3,0.2,26.1,2.1,0.0,0.159,70.0
2024-06-21 19:00:00,7,985.8,80.2,0.2,26.0,2.1,0.0,0.129,70.0
2024-06-21 19:15:00,3,985.8,80.6,0.3,25.9,2.0,0.0,0.401,70.0
2024-06-21 19:30:00,0,985.8,82.0,0.3,25.8,2.1,0.0,0.0,70.0
2024-06-21 19:45:00,0,985.8,84.3,0.1,25.5,2.1,0.0,0.0,70.0
2024-06-21 20:00:00,0,985.8,86.0,0.0,25.2,2.1,0.0,0.0,70.0
2024-06-21 20:15:00,0,985.8,88.1,0.0,25.0,2.2,0.0,0.0,70.0
2024-06-21 20:30:00,0,985.8,90.8,0.0,24.8,2.2,0.0,0.0,70.0
2024-06-21 20:45:00,0,985.8,92.3,0.0,24.7,2.2,0.0,0.0,70.0
2024-06-21 21:00:00,0,985.8,93.0,0.0,24.6,2.2,0.0,0.0,70.0
2024-06-21 21:15:00,0,985.8,93.4,0.0,24.5,2.3,0.0,0.0,70.0
2024-06-21 21:30:00,0,985.8,93.5,0.0,24.4,2.3,0.0,0.0,70.0
2024-06-21 21:45:00,0,985.8,93.3,0.0,24.2,2.3,0.0,0.0,70.0
2024-06-21 22:00:00,0,985.8,93.4,0.0,24.1,2.3,0.0,0.0,70.0
2024-06-21 22:15:00,0,985.8,94.0,0.0,23.9,2.3,0.0,0.0,70.0
2024-06-21 22:30:00,0,985.8,94.4,0.1,23.7,2.2,0.0,0.0,70.0
2024-06-21 22:45:00,0,985.8,94.7,0.1,23.6,2.2,0.0,0.0,70.0
2024-06-21 23:00:00,0,985.8,94.6,0.1,23.4,2.1,0.0,0.0,70.0
2024-06-21 23:15:00,0,985.8,94.6,0.2,23.2,2.0,0.0,0.0,70.0
2024-06-21 23:30:00,0,985.8,94.8,0.2,23.1,2.0,0.0,0.0,70.0
2024-06-21 23:45:00,0,985.7,95.4,0.2,22.9,1.9,0.0,0.0,70.0
2024-06-22 00:00:00,0,985.9,91.9,0.2,23.0,1.5,0.0,0.0,70.0
2024-06-22 00:15:00,0,985.9,92.0,0.1,23.0,1.5,0.0,0.0,70.0
2024-06-22 00:30:00,0,985.9,92.4,0.2,23.0,1.5,0.0,0.0,70.0
2024-06-22 00:45:00,0,985.9,92.7,0.3,22.9,1.6,0.0,0.0,70.0
2024-06-22 01:00:00,0,985.9,92.8,0.3,22.9,1.6,0.0,0.0,70.0
2024-06-22 01:15:00,0,985.9,92.9,0.5,22.8,1.6,0.0,0.0,70.0
2024-06-22 01:30:00,0,985.9,93.0,0.5,22.8,1.6,0.0,0.0,70.0
2024-06-22 01:45:00,0,985.9,93.3,0.4,22.7,1.6,0.0,0.0,70.0
2024-06-22 02:00:00,0,985.9,93.3,0.3,22.6,1.6,0.0,0.0,70.0
2024-06-22 02:15:00,0,985.9,93.2,0.3,22.6,1.6,0.0,0.0,70.0
2024-06-22 02:30:00,0,985.9,93.0,0.3,22.5,1.7,0.0,0.0,70.0
2024-06-22 02:45:00,0,985.9,93.0,0.1,22.5,1.7,0.0,0.0,70.0
2024-06-22 03:00:00,0,985.9,93.2,0.2,22.5,1.7,0.0,0.0,70.0
2024-06-22 03:15:00,0,985.9,93.7,0.3,22.4,1.7,0.0,0.0,70.0
2024-06-22 03:30:00,0,985.9,93.9,0.3,22.4,1.8,0.0,0.0,70.0
2024-06-22 03:45:00,0,985.9,94.3,0.3,22.3,1.8,0.0,0.0,70.0
2024-06-22 04:00:00,0,985.9,94.4,0.2,22.2,1.8,0.0,0.0,70.0
2024-06-22 04:15:00,0,985.9,94.2,0.2,22.2,1.8,0.0,0.0,70.0
2024-06-22 04:30:00,0,985.9,93.8,0.1,22.1,1.8,0.0,0.0,70.0
2024-06-22 04:45:00,0,985.9,93.3,0.2,22.1,1.8,0.0,0.0,70.0
2024-06-22 05:00:00,0,985.9,93.0,0.3,22.1,1.8,0.0,0.0,70.0
2024-06-22 05:15:00,18,985.9,92.8,0.3,22.1,1.7,12.008,0.531,70.0
2024-06-22 05:30:00,39,985.9,92.2,0.3,22.1,1.7,26.008,1.528,70.0
2024-06-22 05:45:00,61,985.9,91.5,0.2,22.2,1.7,36.003,2.441,70.0
2024-06-22 06:00:00,84,985.9,91.0,0.1,22.4,1.7,86.006,2.968,70.0
2024-06-22 06:15:00,107,985.9,90.4,0.0,22.6,1.7,78.009,4.665,70.0
2024-06-22 06:30:00,131,985.9,89.6,0.0,22.9,1.6,86.009,6.713,70.0
2024-06-22 06:45:00,155,985.9,88.6,0.0,23.2,1.6,110.007,7.299,70.0
2024-06-22 07:00:00,182,985.9,87.2,0.0,23.4,1.6,123.009,6.867,70.0
2024-06-22 07:15:00,210,985.9,86.3,0.0,23.6,1.6,220.009,14.481,70.0
2024-06-22 07:30:00,239,985.9,85.6,0.0,23.9,1.5,303.007,12.56,70.0
2024-06-22 07:45:00,270,985.9,84.7,0.0,24.2,1.5,414.002,21.108,70.0
2024-06-22 08:00:00,301,985.9,82.9,0.0,24.6,1.5,449.008,21.08,70.0
2024-06-22 08:15:00,334,985.9,81.3,0.0,24.9,1.4,560.009,25.73,70.0
2024-06-22 08:30:00,367,985.9,79.7,0.0,25.3,1.4,349.009,23.587,70.0
2024-06-22 08:45:00,401,985.9,78.3,0.0,25.6,1.4,422.01,23.79,70.0
2024-06-22 09:00:00,433,985.9,76.6,0.0,25.9,1.4,320.001,17.826,70.0
2024-06-22 09:15:00,465,985.9,75.0,0.0,26.3,1.4,389.01,20.173,70.0
2024-06-22 09:30:00,494,985.9,74.1,0.0,26.6,1.4,565.006,27.222,70.0
2024-06-22 09:45:00,522,985.9,73.6,0.0,26.9,1.5,439.008,28.439,70.0
2024-06-22 10:00:00,547,985.9,72.9,0.0,27.2,1.5,541.01,26.605,70.0
2024-06-22 10:15:00,571,985.9,72.0,0.0,27.6,1.5,948.001,23.723,70.0
2024-06-22 10:30:00,592,985.9,71.6,0.0,27.9,1.6,416.001,31.682,70.0
2024-06-22 10:45:00,612,985.9,70.9,0.0,28.2,1.6,1056.008,43.466,70.0
2024-06-22 11:00:00,629,985.9,70.2,0.0,28.5,1.6,984.006,47.721,70.0
2024-06-22 11:15:00,643,986.0,69.6,0.0,28.8,1.7,961.0,49.325,70.0
2024-06-22 11:30:00,656,986.0,69.0,0.0,29.0,1.7,990.009,53.252,70.0
2024-06-22 11:45:00,665,986.0,68.3,0.0,29.2,1.8,1002.004,44.456,70.0
2024-06-22 12:00:00,672,986.0,67.8,0.0,29.3,1.8,1007.009,44.225,70.0
2024-06-22 12:15:00,676,986.0,67.9,0.1,29.3,1.8,1001.005,42.424,70.0
2024-06-22 12:30:00,677,986.0,69.7,0.2,29.2,1.9,1068.006,50.604,70.0
2024-06-22 12:45:00,676,986.0,70.0,0.2,29.0,1.9,419.003,32.372,70.0
2024-06-22 13:00:00,673,986.0,70.1,0.1,29.2,1.9,1003.001,35.74,70.0
2024-06-22 13:15:00,668,986.0,69.3,0.0,29.5,2.0,525.003,39.208,70.0
2024-06-22 13:30:00,661,986.0,69.1,0.1,29.6,2.0,993.008,44.741,70.0
2024-06-22 13:45:00,651,986.0,69.1,0.1,29.6,2.1,973.006,49.089,70.0
2024-06-22 14:00:00,639,986.0,69.2,0.0,29.8,2.1,957.004,29.174,70.0
2024-06-22 14:15:00,623,986.0,69.4,0.2,29.7,2.1,587.001,33.89,70.0
2024-06-22 14:30:00,604,986.0,70.0,0.1,29.8,2.1,288.007,38.798,70.0
2024-06-22 14:45:00,581,986.0,70.6,0.0,29.8,2.1,786.001,20.763,70.0
2024-06-22 15:00:00,556,986.0,70.8,0.0,29.9,2.1,779.004,28.548,70.0
2024-06-22 15:15:00,527,986.0,69.5,0.1,30.0,2.0,637.007,36.465,70.0
2024-06-22 15:30:00,494,986.0,69.5,0.1,30.0,2.0,674.005,36.182,70.0
2024-06-22 15:45:00,459,986.0,69.8,0.1,30.0,2.0,647.009,31.255,70.0
2024-06-22 16:00:00,420,986.0,69.4,0.0,29.9,1.9,548.008,26.628,70.0
2024-06-22 16:15:00,378,986.0,68.6,0.0,30.0,1.9,459.008,13.459,70.0
2024-06-22 16:30:00,336,986.0,68.1,0.0,30.1,1.9,441.003,8.81,70.0
2024-06-22 16:45:00,294,986.0,68.0,0.0,30.0,1.8,217.008,9.499,70.0
2024-06-22 17:00:00,253,986.0,70.3,0.0,29.7,1.8,167.005,10.009,70.0
2024-06-22 17:15:00,214,986.0,72.2,0.0,29.4,1.8,140.0,7.458,70.0
2024-06-22 17:30:00,179,986.0,73.2,0.0,29.4,1.7,117.01,7.206,70.0
2024-06-22 17:45:00,146,986.0,74.5,0.0,29.2,1.7,139.008,7.335,70.0
2024-06-22 18:00:00,117,986.0,76.0,0.0,29.0,1.7,102.002,6.537,70.0
2024-06-22 18:15:00,91,986.0,77.4,0.0,28.8,1.7,81.006,4.1,70.0
2024-06-22 18:30:00,69,986.0,79.1,0.0,28.5,1.6,35.001,1.919,70.0
2024-06-22 18:45:00,49,986.0,80.7,0.0,28.2,1.6,10.004,0.614,70.0
2024-06-22 19:00:00,31,986.0,81.1,0.0,27.8,1.6,0.0,0.227,70.0
2024-06-22 19:15:00,14,986.0,80.6,0.0,27.7,1.7,0.0,0.258,70.0
2024-06-22 19:30:00,1,986.0,79.8,0.0,27.6,1.7,0.0,0.0,70.0
2024-06-22 19:45:00,0,986.0,79.1,0.0,27.4,1.7,0.0,0.0,70.0
2024-06-22 20:00:00,0,986.0,79.0,0.0,27.2,1.8,0.0,0.0,70.0
2024-06-22 20:15:00,0,986.0,79.4,0.0,27.0,1.8,0.0,0.0,70.0
2024-06-22 20:30:00,0,986.0,80.3,0.0,26.8,1.8,0.0,0.0,70.0
2024-06-22 20:45:00,0,986.0,81.6,0.0,26.6,1.9,0.0,0.0,70.0
2024-06-22 21:00:00,0,986.0,82.7,0.0,26.4,1.9,0.0,0.0,70.0
2024-06-22 21:15:00,0,986.0,83.2,0.0,26.3,2.0,0.0,0.0,70.0
2024-06-22 21:30:00,0,986.0,83.2,0.0,26.2,2.0,0.0,0.0,70.0
2024-06-22 21:45:00,0,986.0,83.1,0.0,26.1,2.0,0.0,0.0,70.0
2024-06-22 22:00:00,0,986.0,83.2,0.0,26.1,2.0,0.0,0.0,70.0
2024-06-22 22:15:00,0,986.0,83.3,0.0,26.0,2.1,0.0,0.0,70.0
2024-06-22 22:30:00,0,986.0,83.3,0.0,25.9,2.1,0.0,0.0,70.0
2024-06-22 22:45:00,0,986.0,83.5,0.0,25.7,2.1,0.0,0.0,70.0
2024-06-22 23:00:00,0,986.0,84.1,0.0,25.6,2.1,0.0,0.0,70.0
2024-06-22 23:15:00,0,986.0,84.5,0.0,25.4,2.1,0.0,0.0,70.0
2024-06-22 23:30:00,0,986.0,84.9,0.0,25.3,2.1,0.0,0.0,70.0
2024-06-22 23:45:00,0,986.0,85.1,0.0,25.2,2.1,0.0,0.0,70.0
2024-06-23 00:00:00,0,985.8,81.7,0.0,25.1,2.2,0.0,0.0,70.0
2024-06-23 00:15:00,0,985.8,81.8,0.0,25.0,2.2,0.0,0.0,70.0
2024-06-23 00:30:00,0,985.8,82.2,0.0,24.9,2.2,0.0,0.0,70.0
2024-06-23 00:45:00,0,985.8,82.9,0.0,24.8,2.1,0.0,0.0,70.0
2024-06-23 01:00:00,0,985.8,84.1,0.0,24.5,2.1,0.0,0.0,70.0
2024-06-23 01:15:00,0,985.8,85.6,0.0,24.3,2.1,0.0,0.0,70.0
2024-06-23 01:30:00,0,985.8,87.0,0.0,24.1,2.0,0.0,0.0,70.0
2024-06-23 01:45:00,0,985.8,88.3,0.0,23.9,2.0,0.0,0.0,70.0
2024-06-23 02:00:00,0,985.8,89.3,0.0,23.7,2.0,0.0,0.0,70.0
2024-06-23 02:15:00,0,985.8,90.0,0.0,23.6,1.9,0.0,0.0,70.0
2024-06-23 02:30:00,0,985.8,90.4,0.0,23.5,1.9,0.0,0.0,70.0
2024-06-23 02:45:00,0,985.8,90.4,0.0,23.5,1.9,0.0,0.0,70.0
2024-06-23 03:00:00,0,985.8,90.0,0.0,23.5,1.9,0.0,0.0,70.0
2024-06-23 03:15:00,0,985.8,89.5,0.0,23.5,1.9,0.0,0.0,70.0
2024-06-23 03:30:00,0,985.8,89.1,0.0,23.5,1.8,0.0,0.0,70.0
2024-06-23 03:45:00,0,985.8,88.8,0.0,23.5,1.8,0.0,0.0,70.0
2024-06-23 04:00:00,0,985.8,88.7,0.0,23.5,1.7,0.0,0.0,70.0
2024-06-23 04:15:00,0,985.8,88.8,0.0,23.4,1.6,0.0,0.0,70.0
2024-06-23 04:30:00,0,985.8,89.2,0.0,23.3,1.6,0.0,0.0,70.0
2024-06-23 04:45:00,0,985.8,90.1,0.0,23.1,1.5,0.0,0.0,70.0
2024-06-23 05:00:00,0,985.8,91.1,0.0,22.8,1.5,0.0,0.0,70.0
2024-06-23 05:15:00,21,985.8,91.5,0.0,22.7,1.5,14.001,0.716,70.0
2024-06-23 05:30:00,48,985.8,92.0,0.0,22.5,1.5,31.002,1.551,70.0
2024-06-23 05:45:00,75,985.8,93.0,0.0,22.5,1.5,50.009,2.558,70.0
2024-06-23 06:00:00,103,985.8,93.5,0.0,22.6,1.6,80.004,3.671,70.0
2024-06-23 06:15:00,132,985.8,93.9,0.0,22.8,1.7,109.009,5.091,70.0
2024-06-23 06:30:00,161,985.8,94.5,0.0,23.1,1.8,147.008,6.926,70.0
2024-06-23 06:45:00,193,985.8,94.2,0.0,23.4,1.9,193.003,9.158,70.0
2024-06-23 07:00:00,228,985.8,93.3,0.0,23.9,2.0,235.009,11.777,70.0
2024-06-23 07:15:00,265,985.8,92.0,0.0,24.5,2.1,283.004,14.319,70.0
2024-06-23 07:30:00,305,985.8,90.1,0.0,25.2,2.2,320.001,17.483,70.0
2024-06-23 07:45:00,348,985.8,87.3,0.0,26.0,2.3,366.001,20.294,70.0
2024-06-23 08:00:00,393,985.8,84.3,0.0,26.7,2.3,424.005,23.639,70.0
2024-06-23 08:15:00,439,985.8,80.9,0.0,27.5,2.4,486.001,26.732,70.0
2024-06-23 08:30:00,487,985.8,78.7,0.0,28.0,2.5,549.005,30.32,70.0
2024-06-23 08:45:00,534,985.8,77.4,0.0,28.4,2.6,583.007,32.363,70.0
2024-06-23 09:00:00,581,985.8,76.0,0.0,28.8,2.7,610.005,36.171,70.0
2024-06-23 09:15:00,625,985.8,74.7,0.0,29.1,2.9,735.001,34.669,70.0
2024-06-23 09:30:00,666,985.8,73.7,0.0,29.4,3.0,821.007,42.851,70.0
2024-06-23 09:45:00,702,985.8,72.7,0.0,29.7,3.2,817.004,46.443,70.0
2024-06-23 10:00:00,734,985.8,71.6,0.0,29.9,3.4,731.003,47.999,70.0
2024-06-23 10:15:00,763,985.8,70.7,0.0,30.2,3.6,897.002,43.291,70.0
2024-06-23 10:30:00,788,985.8,69.7,0.0,30.5,3.7,919.007,50.955,70.0
2024-06-23 10:45:00,810,985.8,68.1,0.0,30.8,3.9,905.005,44.122,70.0
2024-06-23 11:00:00,827,985.8,66.4,0.0,31.0,4.1,931.002,53.218,70.0
2024-06-23 11:15:00,840,985.8,65.0,0.0,31.3,4.2,887.006,51.725,70.0
2024-06-23 11:30:00,849,985.8,64.0,0.0,31.4,4.3,990.003,50.507,70.0
2024-06-23 11:45:00,855,985.8,63.7,0.0,31.6,4.4,1049.002,50.381,70.0
2024-06-23 12:00:00,856,985.8,61.7,0.0,31.7,4.5,1019.003,54.395,70.0
2024-06-23 12:15:00,855,985.8,61.7,0.0,31.7,4.6,1000.0,54.464,70.0
2024-06-23 12:30:00,849,985.8,60.3,0.0,31.9,4.7,987.002,53.263,70.0
2024-06-23 12:45:00,841,985.8,58.2,0.0,32.0,4.8,974.007,53.467,70.0
2024-06-23 13:00:00,828,985.8,57.2,0.0,32.1,4.8,968.008,52.83,70.0
2024-06-23 13:15:00,813,985.8,56.4,0.0,32.1,4.9,926.002,49.677,70.0
2024-06-23 13:30:00,794,985.8,55.1,0.0,32.1,4.9,915.001,49.489,70.0
2024-06-23 13:45:00,772,985.8,53.1,0.0,31.8,5.0,884.002,39.368,70.0
2024-06-23 14:00:00,746,985.8,52.3,0.0,31.7,5.0,877.005,47.627,70.0
2024-06-23 14:15:00,718,985.8,51.6,0.0,31.8,5.1,852.005,45.709,70.0
2024-06-23 14:30:00,687,985.8,49.8,0.1,31.4,5.1,778.009,43.132,70.0
2024-06-23 14:45:00,653,985.8,47.0,0.0,31.5,5.1,771.002,41.006,70.0
2024-06-23 15:00:00,618,985.8,46.7,0.0,31.5,5.1,719.004,39.144,70.0
2024-06-23 15:15:00,580,985.8,44.9,0.0,31.3,5.1,690.009,36.528,70.0
2024-06-23 15:30:00,541,985.8,43.8,0.0,31.1,5.0,641.003,32.565,70.0
2024-06-23 15:45:00,500,985.8,43.6,0.0,31.0,5.0,610.0,30.05,70.0
2024-06-23 16:00:00,457,985.8,46.0,0.0,30.5,4.9,552.01,27.985,70.0
2024-06-23 16:15:00,413,985.8,45.7,0.1,30.2,4.8,511.001,24.454,70.0
2024-06-23 16:30:00,368,985.8,43.5,0.0,30.2,4.7,480.001,21.11,70.0
2024-06-23 16:45:00,324,985.8,47.6,0.0,29.7,4.6,429.007,18.256,70.0
2024-06-23 17:00:00,281,985.8,47.8,0.0,29.4,4.5,373.001,14.154,70.0
2024-06-23 17:15:00,241,985.8,49.8,0.0,29.1,4.4,317.003,10.947,70.0
2024-06-23 17:30:00,203,985.8,50.9,0.0,28.7,4.4,271.004,8.486,70.0
2024-06-23 17:45:00,168,985.8,52.3,0.0,28.2,4.3,220.004,6.484,70.0
2024-06-23 18:00:00,137,985.8,53.1,0.0,27.7,4.2,154.004,4.643,70.0
2024-06-23 18:15:00,108,985.8,53.6,0.0,27.2,4.1,111.008,3.626,70.0
2024-06-23 18:30:00,82,985.8,54.9,0.0,26.7,4.0,75.009,2.824,70.0
2024-06-23 18:45:00,59,985.8,57.6,0.0,26.1,3.9,63.006,2.628,70.0
2024-06-23 19:00:00,38,985.8,60.1,0.0,25.5,3.8,25.007,1.451,70.0
2024-06-23 19:15:00,17,985.8,61.9,0.0,25.0,3.8,10.004,0.339,70.0
2024-06-23 19:30:00,1,985.8,63.1,0.0,24.6,3.7,0.0,0.0,70.0
2024-06-23 19:45:00,0,985.8,65.1,0.0,24.2,3.6,0.0,0.0,70.0
2024-06-23 20:00:00,0,985.8,66.8,0.0,23.9,3.5,0.0,0.0,70.0
2024-06-23 20:15:00,0,985.8,66.7,0.0,23.5,3.4,0.0,0.0,70.0
2024-06-23 20:30:00,0,985.8,67.9,0.0,23.1,3.3,0.0,0.0,70.0
2024-06-23 20:45:00,0,985.8,69.2,0.0,22.8,3.2,0.0,0.0,70.0
2024-06-23 21:00:00,0,985.8,70.4,0.0,22.6,3.1,0.0,0.0,70.0
2024-06-23 21:15:00,0,985.8,71.4,0.0,22.4,3.1,0.0,0.0,70.0
2024-06-23 21:30:00,0,985.8,72.2,0.0,22.1,3.0,0.0,0.0,70.0
2024-06-23 21:45:00,0,985.8,72.9,0.0,21.9,3.0,0.0,0.0,70.0
2024-06-23 22:00:00,0,985.8,73.8,0.0,21.7,3.0,0.0,0.0,70.0
2024-06-23 22:15:00,0,985.8,74.6,0.0,21.5,3.0,0.0,0.0,70.0
2024-06-23 22:30:00,0,985.8,75.1,0.0,21.3,3.0,0.0,0.0,70.0
2024-06-23 22:45:00,0,985.8,75.4,0.0,21.2,3.0,0.0,0.0,70.0
2024-06-23 23:00:00,0,985.8,75.6,0.0,21.0,3.0,0.0,0.0,70.0
2024-06-23 23:15:00,0,985.8,75.7,0.0,20.9,2.9,0.0,0.0,70.0
2024-06-23 23:30:00,0,985.8,75.9,0.0,20.7,2.9,0.0,0.0,70.0
2024-06-23 23:45:00,0,985.8,76.2,0.0,20.6,2.9,0.0,0.0,70.0
2024-06-24 00:00:00,0,985.8,80.7,0.0,21.0,2.8,0.0,0.0,70.0
2024-06-24 00:15:00,0,985.8,81.0,0.0,20.9,2.8,0.0,0.0,70.0
2024-06-24 00:30:00,0,985.8,81.2,0.0,20.8,2.7,0.0,0.0,70.0
2024-06-24 00:45:00,0,985.8,81.4,0.0,20.7,2.7,0.0,0.0,70.0
2024-06-24 01:00:00,0,985.8,81.7,0.0,20.5,2.7,0.0,0.0,70.0
2024-06-24 01:15:00,0,985.8,82.2,0.0,20.4,2.7,0.0,0.0,70.0
2024-06-24 01:30:00,0,985.8,83.0,0.0,20.3,2.7,0.0,0.0,70.0
2024-06-24 01:45:00,0,985.8,83.8,0.0,20.2,2.7,0.0,0.0,70.0
2024-06-24 02:00:00,0,985.8,84.5,0.0,20.1,2.7,0.0,0.0,70.0
2024-06-24 02:15:00,0,985.8,85.0,0.0,20.0,2.7,0.0,0.0,70.0
2024-06-24 02:30:00,0,985.8,85.1,0.0,20.0,2.7,0.0,0.0,70.0
2024-06-24 02:45:00,0,985.8,85.3,0.0,20.0,2.7,0.0,0.0,70.0
2024-06-24 03:00:00,0,985.8,85.7,0.0,19.9,2.7,0.0,0.0,70.0
2024-06-24 03:15:00,0,985.8,86.1,0.0,19.8,2.7,0.0,0.0,70.0
2024-06-24 03:30:00,0,985.8,86.4,0.0,19.7,2.7,0.0,0.0,70.0
2024-06-24 03:45:00,0,985.8,86.7,0.0,19.6,2.7,0.0,0.0,70.0
2024-06-24 04:00:00,0,985.8,87.1,0.0,19.4,2.7,0.0,0.0,70.0
2024-06-24 04:15:00,0,985.8,87.6,0.0,19.3,2.7,0.0,0.0,70.0
2024-06-24 04:30:00,0,985.8,88.1,0.0,19.2,2.8,0.0,0.0,70.0
2024-06-24 04:45:00,0,985.8,88.6,0.0,19.1,2.8,0.0,0.0,70.0
2024-06-24 05:00:00,0,985.8,89.3,0.0,19.1,2.9,0.0,0.0,70.0
2024-06-24 05:15:00,16,985.8,90.0,0.0,19.1,2.9,15.006,0.738,70.0
2024-06-24 05:30:00,37,985.8,90.4,0.0,19.2,3.0,33.001,1.635,70.0
2024-06-24 05:45:00,57,985.8,90.4,0.0,19.4,3.1,54.001,2.893,70.0
2024-06-24 06:00:00,79,985.8,89.8,0.0,19.7,3.1,88.005,4.324,70.0
2024-06-24 06:15:00,101,985.8,88.7,0.0,20.1,3.2,127.009,6.861,70.0
2024-06-24 06:30:00,125,985.8,87.3,0.0,20.5,3.3,160.006,8.458,70.0
2024-06-24 06:45:00,151,985.8,85.4,0.0,20.9,3.3,204.004,9.978,70.0
2024-06-24 07:00:00,180,985.8,83.6,0.0,21.3,3.4,164.001,11.472,70.0
2024-06-24 07:15:00,212,985.8,82.5,0.0,21.6,3.5,289.003,14.911,70.0
2024-06-24 07:30:00,248,985.8,81.3,0.0,21.9,3.6,274.008,16.068,70.0
2024-06-24 07:45:00,286,985.8,80.0,0.0,22.2,3.6,393.0,22.359,70.0
2024-06-24 08:00:00,328,985.8,78.2,0.0,22.5,3.7,328.001,20.673,70.0
2024-06-24 08:15:00,371,985.8,75.9,0.0,23.0,3.8,314.002,25.411,70.0
2024-06-24 08:30:00,416,985.8,73.5,0.0,23.4,3.8,472.005,31.331,70.0
2024-06-24 08:45:00,461,985.8,71.7,0.0,23.7,3.9,484.008,30.363,70.0
2024-06-24 09:00:00,506,985.8,69.8,0.0,23.9,3.9,279.002,21.662,70.0
2024-06-24 09:15:00,548,985.8,68.3,0.0,24.3,4.0,483.003,17.878,70.0
2024-06-24 09:30:00,586,985.8,66.8,0.0,24.6,4.0,663.007,40.067,70.0
2024-06-24 09:45:00,620,985.8,65.3,0.0,24.9,4.1,787.01,39.231,70.0
2024-06-24 10:00:00,650,985.8,64.4,0.0,25.2,4.1,797.007,45.766,70.0
2024-06-24 10:15:00,677,985.8,63.6,0.0,25.5,4.1,831.008,50.207,70.0
2024-06-24 10:30:00,699,985.8,62.2,0.0,25.7,4.1,826.007,39.005,70.0
2024-06-24 10:45:00,718,985.8,60.3,0.0,26.0,4.1,880.004,49.436,70.0
2024-06-24 11:00:00,733,985.8,59.1,0.0,26.2,4.1,786.009,52.0,70.0
2024-06-24 11:15:00,744,985.8,58.1,0.0,26.4,4.1,948.006,45.06,70.0
2024-06-24 11:30:00,751,985.9,56.9,0.0,26.6,4.1,910.005,47.949,70.0
2024-06-24 11:45:00,754,985.9,55.6,0.0,26.8,4.0,1047.006,54.018,70.0
2024-06-24 12:00:00,755,985.9,54.2,0.0,27.0,4.0,653.009,46.75,70.0
2024-06-24 12:15:00,752,985.9,53.0,0.0,27.1,3.9,898.004,50.183,70.0
2024-06-24 12:30:00,746,985.9,52.5,0.0,27.2,3.9,909.008,43.965,70.0
2024-06-24 12:45:00,738,985.9,52.1,0.0,27.3,3.8,575.006,47.073,70.0
2024-06-24 13:00:00,726,985.9,51.5,0.0,27.4,3.8,1012.008,51.47,70.0
2024-06-24 13:15:00,711,985.9,50.9,0.0,27.5,3.7,923.003,46.771,70.0
2024-06-24 13:30:00,693,985.9,50.6,0.0,27.6,3.7,960.003,35.895,70.0
2024-06-24 13:45:00,672,985.9,50.4,0.0,27.6,3.6,953.007,47.533,70.0
2024-06-24 14:00:00,649,985.9,50.2,0.0,27.6,3.5,849.006,35.324,70.0
2024-06-24 14:15:00,623,985.9,49.8,0.0,27.7,3.5,897.006,49.704,70.0
2024-06-24 14:30:00,594,985.9,49.7,0.0,27.8,3.4,821.001,44.538,70.0
2024-06-24 14:45:00,564,985.9,49.9,0.0,27.7,3.3,449.004,24.196,70.0
2024-06-24 15:00:00,532,985.9,49.9,0.0,27.7,3.2,726.007,29.778,70.0
2024-06-24 15:15:00,499,985.9,49.3,0.0,27.8,3.1,753.005,16.503,70.0
2024-06-24 15:30:00,464,985.9,48.0,0.0,27.8,3.0,430.008,17.73,70.0
2024-06-24 15:45:00,429,985.9,47.1,0.0,27.8,2.9,280.001,14.263,70.0
2024-06-24 16:00:00,391,985.9,46.9,0.0,27.7,2.8,169.001,21.825,70.0
2024-06-24 16:15:00,353,985.9,46.9,0.0,27.7,2.7,242.007,22.383,70.0
2024-06-24 16:30:00,315,985.9,47.3,0.0,27.5,2.6,208.009,12.299,70.0
2024-06-24 16:45:00,277,985.9,47.8,0.0,27.4,2.5,330.009,9.748,70.0
2024-06-24 17:00:00,240,985.9,48.2,0.0,27.3,2.4,171.001,7.681,70.0
2024-06-24 17:15:00,206,985.9,48.7,0.0,27.2,2.3,223.008,7.022,70.0
2024-06-24 17:30:00,173,985.9,49.7,0.0,27.0,2.3,81.007,4.12,70.0
2024-06-24 17:45:00,144,985.9,51.2,0.0,26.8,2.2,136.005,5.453,70.0
2024-06-24 18:00:00,117,985.9,53.8,0.0,26.6,2.1,126.01,5.138,70.0
2024-06-24 18:15:00,92,985.9,56.4,0.0,26.3,2.0,108.004,4.622,70.0
2024-06-24 18:30:00,70,985.9,58.3,0.0,26.0,2.0,78.002,3.597,70.0
2024-06-24 18:45:00,51,985.9,60.0,0.0,25.5,1.9,48.001,2.798,70.0
2024-06-24 19:00:00,32,985.9,61.1,0.0,25.1,1.8,22.001,1.575,70.0
2024-06-24 19:15:00,15,985.9,61.7,0.0,24.7,1.8,9.0,0.331,70.0
2024-06-24 19:30:00,1,985.9,62.0,0.0,24.5,1.7,0.0,0.0,70.0
2024-06-24 19:45:00,0,985.9,62.8,0.0,24.2,1.6,0.0,0.0,70.0
2024-06-24 20:00:00,0,985.9,64.0,0.0,24.0,1.6,0.0,0.0,70.0
2024-06-24 20:15:00,0,985.9,65.0,0.0,23.8,1.6,0.0,0.0,70.0
2024-06-24 20:30:00,0,985.9,66.1,0.0,23.6,1.5,0.0,0.0,70.0
2024-06-24 20:45:00,0,985.8,67.1,0.0,23.3,1.5,0.0,0.0,70.0
2024-06-24 21:00:00,0,985.8,67.6,0.0,23.1,1.5,0.0,0.0,70.0
2024-06-24 21:15:00,0,985.8,68.0,0.0,22.9,1.5,0.0,0.0,70.0
2024-06-24 21:30:00,0,985.8,68.2,0.0,22.8,1.4,0.0,0.0,70.0
2024-06-24 21:45:00,0,985.8,68.2,0.0,22.6,1.4,0.0,0.0,70.0
2024-06-24 22:00:00,0,985.8,68.5,0.0,22.5,1.4,0.0,0.0,70.0
2024-06-24 22:15:00,0,985.8,69.3,0.0,22.3,1.4,0.0,0.0,70.0
2024-06-24 22:30:00,0,985.8,70.0,0.0,22.1,1.4,0.0,0.0,70.0
2024-06-24 22:45:00,0,985.8,70.9,0.0,22.0,1.4,0.0,0.0,70.0
2024-06-24 23:00:00,0,985.8,72.1,0.0,21.8,1.4,0.0,0.0,70.0
2024-06-24 23:15:00,0,985.8,73.2,0.0,21.7,1.3,0.0,0.0,70.0
2024-06-24 23:30:00,0,985.8,74.5,0.0,21.5,1.3,0.0,0.0,70.0
2024-06-24 23:45:00,0,985.8,75.4,0.0,21.4,1.3,0.0,0.0,70.0
2024-06-25 00:00:00,0,985.8,72.9,0.0,21.3,1.1,0.0,0.0,70.0
2024-06-25 00:15:00,0,985.8,73.1,0.0,21.2,1.1,0.0,0.0,70.0
2024-06-25 00:30:00,0,985.8,73.1,0.0,21.2,1.1,0.0,0.0,70.0
2024-06-25 00:45:00,0,985.8,72.9,0.0,21.1,1.1,0.0,0.0,70.0
2024-06-25 01:00:00,0,985.8,72.9,0.0,21.1,1.1,0.0,0.0,70.0
2024-06-25 01:15:00,0,985.8,72.9,0.0,21.0,1.1,0.0,0.0,70.0
2024-06-25 01:30:00,0,985.8,72.9,0.0,21.0,1.1,0.0,0.0,70.0
2024-06-25 01:45:00,0,985.8,72.9,0.0,20.9,1.1,0.0,0.0,70.0
2024-06-25 02:00:00,0,985.8,73.0,0.0,20.8,1.1,0.0,0.0,70.0
2024-06-25 02:15:00,0,985.8,73.1,0.0,20.7,1.1,0.0,0.0,70.0
2024-06-25 02:30:00,0,985.8,73.2,0.0,20.6,1.1,0.0,0.0,70.0
2024-06-25 02:45:00,0,985.8,73.3,0.0,20.6,1.1,0.0,0.0,70.0
2024-06-25 03:00:00,0,985.8,73.3,0.0,20.5,1.1,0.0,0.0,70.0
2024-06-25 03:15:00,0,985.8,73.3,0.0,20.4,1.1,0.0,0.0,70.0
2024-06-25 03:30:00,0,985.8,73.2,0.0,20.4,1.1,0.0,0.0,70.0
2024-06-25 03:45:00,0,985.8,73.1,0.0,20.3,1.1,0.0,0.0,70.0
2024-06-25 04:00:00,0,985.8,73.0,0.0,20.3,1.0,0.0,0.0,70.0
2024-06-25 04:15:00,0,985.8,72.8,0.0,20.2,1.0,0.0,0.0,70.0
2024-06-25 04:30:00,0,985.8,72.7,0.0,20.2,1.0,0.0,0.0,70.0
2024-06-25 04:45:00,0,985.8,72.5,0.0,20.1,1.0,0.0,0.0,70.0
2024-06-25 05:00:00,0,985.8,72.5,0.0,20.1,1.0,0.0,0.0,70.0
2024-06-25 05:15:00,22,985.8,72.4,0.0,20.1,1.0,17.002,0.843,70.0
2024-06-25 05:30:00,51,985.8,72.2,0.0,20.1,1.0,38.003,1.729,70.0
2024-06-25 05:45:00,80,985.8,72.1,0.0,20.1,0.9,58.001,2.857,70.0
2024-06-25 06:00:00,110,985.8,71.8,0.0,20.2,0.9,90.0,4.084,70.0
2024-06-25 06:15:00,141,985.8,72.1,0.0,20.5,0.9,123.002,5.393,70.0
2024-06-25 06:30:00,173,985.8,73.1,0.0,20.8,0.9,159.009,7.1,70.0
2024-06-25 06:45:00,206,985.8,74.3,0.0,21.1,0.9,205.004,9.371,70.0
2024-06-25 07:00:00,241,985.8,74.7,0.0,21.5,0.9,253.004,12.024,70.0
2024-06-25 07:15:00,278,985.8,73.7,0.0,22.0,0.9,302.005,14.92,70.0
2024-06-25 07:30:00,318,985.8,72.2,0.0,22.5,1.0,394.008,18.132,70.0
2024-06-25 07:45:00,359,985.9,70.3,0.0,23.0,1.0,433.001,21.173,70.0
2024-06-25 08:00:00,402,985.9,68.3,0.0,23.5,1.0,474.005,24.394,70.0
2024-06-25 08:15:00,446,985.9,66.6,0.0,24.0,1.1,523.005,27.588,70.0
2024-06-25 08:30:00,490,985.9,64.3,0.0,24.4,1.1,576.007,30.739,70.0
2024-06-25 08:45:00,534,985.9,61.9,0.0,24.8,1.2,612.001,33.688,70.0
2024-06-25 09:00:00,575,985.9,59.5,0.0,25.2,1.2,656.003,36.358,70.0
2024-06-25 09:15:00,614,985.9,56.4,0.0,25.6,1.3,696.006,38.613,70.0
2024-06-25 09:30:00,649,985.9,54.9,0.0,25.9,1.3,731.002,40.758,70.0
2024-06-25 09:45:00,678,985.9,53.1,0.0,26.2,1.4,771.003,43.287,70.0
2024-06-25 10:00:00,703,985.9,51.2,0.0,26.5,1.5,795.006,45.09,70.0
2024-06-25 10:15:00,723,985.9,50.3,0.0,26.7,1.6,826.004,46.974,70.0
2024-06-25 10:30:00,738,985.9,49.2,0.0,27.0,1.6,866.002,48.507,70.0
2024-06-25 10:45:00,749,985.9,48.8,0.0,27.2,1.7,891.001,49.869,70.0
2024-06-25 11:00:00,755,985.9,48.9,0.0,27.3,1.8,923.007,50.957,70.0
2024-06-25 11:15:00,757,985.9,48.8,0.0,27.5,1.9,972.001,51.77,70.0
2024-06-25 11:30:00,756,985.9,48.8,0.0,27.6,2.0,1008.009,50.521,70.0
2024-06-25 11:45:00,751,985.9,48.4,0.0,27.8,2.0,999.005,50.824,70.0
2024-06-25 12:00:00,743,985.9,47.7,0.0,27.9,2.1,990.001,54.657,70.0
2024-06-25 12:15:00,733,985.9,46.4,0.0,28.1,2.2,1027.006,53.899,70.0
2024-06-25 12:30:00,721,985.9,44.8,0.0,28.2,2.3,997.007,53.431,70.0
2024-06-25 12:45:00,706,985.9,43.7,0.0,28.3,2.4,983.007,52.571,70.0
2024-06-25 13:00:00,689,985.9,43.4,0.0,28.4,2.4,957.005,43.864,70.0
2024-06-25 13:15:00,670,985.9,43.7,0.0,28.5,2.5,949.008,48.351,70.0
2024-06-25 13:30:00,647,985.9,43.7,0.0,28.5,2.6,933.007,42.393,70.0
2024-06-25 13:45:00,623,985.9,43.6,0.0,28.6,2.6,918.008,46.603,70.0
2024-06-25 14:00:00,596,985.9,43.2,0.0,28.6,2.7,903.009,35.436,70.0
2024-06-25 14:15:00,568,985.9,43.1,0.0,28.6,2.8,875.001,47.021,70.0
2024-06-25 14:30:00,539,985.9,43.7,0.0,28.6,2.9,814.008,44.689,70.0
2024-06-25 14:45:00,508,985.9,45.1,0.0,28.6,3.0,769.001,41.515,70.0
2024-06-25 15:00:00,477,985.9,45.7,0.0,28.6,3.0,738.004,39.632,70.0
2024-06-25 15:15:00,445,985.9,45.3,0.0,28.5,3.1,719.005,32.236,70.0
2024-06-25 15:30:00,413,985.9,45.6,0.0,28.5,3.2,673.01,30.609,70.0
2024-06-25 15:45:00,381,985.9,46.6,0.0,28.4,3.2,596.004,30.418,70.0
2024-06-25 16:00:00,348,985.9,48.1,0.0,28.2,3.3,592.005,28.295,70.0
2024-06-25 16:15:00,314,985.9,49.2,0.0,28.1,3.3,533.003,25.549,70.0
2024-06-25 16:30:00,281,985.9,49.6,0.0,28.0,3.3,428.005,21.761,70.0
2024-06-25 16:45:00,249,985.9,50.8,0.0,27.8,3.3,308.01,16.3,70.0
2024-06-25 17:00:00,218,985.9,52.4,0.0,27.6,3.3,357.008,15.829,70.0
2024-06-25 17:15:00,188,985.9,52.8,0.0,27.3,3.3,268.001,12.545,70.0
2024-06-25 17:30:00,160,985.9,53.4,0.0,27.1,3.2,243.003,10.869,70.0
2024-06-25 17:45:00,134,985.9,53.8,0.0,26.7,3.2,213.006,7.167,70.0
2024-06-25 18:00:00,110,985.9,54.7,0.0,26.4,3.2,180.009,5.481,70.0
2024-06-25 18:15:00,88,985.9,56.3,0.0,25.9,3.1,132.008,4.623,70.0
2024-06-25 18:30:00,68,985.9,57.6,0.0,25.4,3.0,83.001,2.752,70.0
2024-06-25 18:45:00,49,985.9,59.6,0.0,24.8,3.0,37.001,1.585,70.0
2024-06-25 19:00:00,31,985.9,61.6,0.0,24.2,2.9,16.005,0.748,70.0
2024-06-25 19:15:00,15,985.9,63.6,0.0,23.7,2.9,0.0,0.191,70.0
2024-06-25 19:30:00,1,985.9,65.4,0.0,23.2,2.8,0.0,0.0,70.0
2024-06-25 19:45:00,0,985.9,67.3,0.0,22.9,2.7,0.0,0.0,70.0
2024-06-25 20:00:00,0,985.9,69.1,0.0,22.6,2.6,0.0,0.0,70.0
2024-06-25 20:15:00,0,985.9,70.5,0.0,22.3,2.5,0.0,0.0,70.0
2024-06-25 20:30:00,0,985.9,71.6,0.0,22.1,2.4,0.0,0.0,70.0
2024-06-25 20:45:00,0,985.9,72.5,0.0,21.8,2.2,0.0,0.0,70.0
2024-06-25 21:00:00,0,985.9,73.3,0.0,21.6,2.1,0.0,0.0,70.0
2024-06-25 21:15:00,0,985.9,74.2,0.0,21.4,2.0,0.0,0.0,70.0
2024-06-25 21:30:00,0,985.9,75.1,0.0,21.2,1.9,0.0,0.0,70.0
2024-06-25 21:45:00,0,985.9,75.9,0.0,21.1,1.8,0.0,0.0,70.0
2024-06-25 22:00:00,0,985.9,76.7,0.0,20.9,1.7,0.0,0.0,70.0
2024-06-25 22:15:00,0,985.9,77.3,0.0,20.8,1.6,0.0,0.0,70.0
2024-06-25 22:30:00,0,985.9,77.8,0.0,20.7,1.5,0.0,0.0,70.0
2024-06-25 22:45:00,0,985.9,78.2,0.0,20.6,1.4,0.0,0.0,70.0
2024-06-25 23:00:00,0,985.9,78.4,0.0,20.5,1.4,0.0,0.0,70.0
2024-06-25 23:15:00,0,985.9,78.6,0.0,20.4,1.3,0.0,0.0,70.0
2024-06-25 23:30:00,0,985.9,78.9,0.0,20.3,1.3,0.0,0.0,70.0
2024-06-25 23:45:00,0,985.9,79.2,0.0,20.2,1.2,0.0,0.0,70.0
2024-06-26 00:00:00,0,986.0,74.3,0.0,21.2,1.5,0.0,0.0,70.0
2024-06-26 00:15:00,0,986.0,74.3,0.0,21.1,1.4,0.0,0.0,70.0
2024-06-26 00:30:00,0,986.0,74.3,0.0,21.0,1.4,0.0,0.0,70.0
2024-06-26 00:45:00,0,986.0,74.4,0.0,21.0,1.3,0.0,0.0,70.0
2024-06-26 01:00:00,0,986.0,74.7,0.0,20.9,1.3,0.0,0.0,70.0
2024-06-26 01:15:00,0,986.0,75.1,0.0,20.8,1.3,0.0,0.0,70.0
2024-06-26 01:30:00,0,986.0,75.6,0.0,20.7,1.3,0.0,0.0,70.0
2024-06-26 01:45:00,0,986.0,76.2,0.0,20.6,1.2,0.0,0.0,70.0
2024-06-26 02:00:00,0,986.0,76.8,0.0,20.5,1.2,0.0,0.0,70.0
2024-06-26 02:15:00,0,986.0,77.3,0.0,20.4,1.2,0.0,0.0,70.0
2024-06-26 02:30:00,0,986.0,77.7,0.0,20.3,1.2,0.0,0.0,70.0
2024-06-26 02:45:00,0,986.0,77.9,0.0,20.3,1.2,0.0,0.0,70.0
2024-06-26 03:00:00,0,986.0,78.0,0.0,20.2,1.2,0.0,0.0,70.0
2024-06-26 03:15:00,0,986.0,77.8,0.0,20.2,1.2,0.0,0.0,70.0
2024-06-26 03:30:00,0,986.0,77.3,0.0,20.2,1.2,0.0,0.0,70.0
2024-06-26 03:45:00,0,986.0,76.6,0.0,20.1,1.1,0.0,0.0,70.0
2024-06-26 04:00:00,0,986.0,75.8,0.0,20.1,1.1,0.0,0.0,70.0
2024-06-26 04:15:00,0,986.0,75.2,0.0,20.0,1.1,0.0,0.0,70.0
2024-06-26 04:30:00,0,986.0,74.8,0.0,19.9,1.1,0.0,0.0,70.0
2024-06-26 04:45:00,0,986.0,74.4,0.0,19.9,1.0,0.0,0.0,70.0
2024-06-26 05:00:00,0,986.0,73.6,0.0,19.9,1.0,0.0,0.0,70.0
2024-06-26 05:15:00,22,986.0,72.5,0.0,20.0,1.0,16.007,0.73,70.0
2024-06-26 05:30:00,51,986.0,71.4,0.0,20.0,0.9,32.002,1.558,70.0
2024-06-26 05:45:00,81,986.0,70.3,0.0,20.2,0.9,45.005,2.356,70.0
2024-06-26 06:00:00,111,986.0,69.1,0.0,20.4,0.9,87.007,3.249,70.0
2024-06-26 06:15:00,142,986.0,68.2,0.0,20.7,0.9,127.004,4.696,70.0
2024-06-26 06:30:00,175,986.0,68.0,0.0,21.1,0.9,172.006,6.662,70.0
2024-06-26 06:45:00,208,986.0,68.7,0.0,21.5,0.9,214.005,9.021,70.0
2024-06-26 07:00:00,244,986.0,69.1,0.0,21.9,0.9,264.008,11.888,70.0
2024-06-26 07:15:00,282,986.0,69.4,0.0,22.3,0.8,318.006,15.324,70.0
2024-06-26 07:30:00,322,986.0,69.9,0.0,22.8,0.8,380.004,18.846,70.0
2024-06-26 07:45:00,364,986.0,67.9,0.0,23.4,0.8,380.003,21.998,70.0
2024-06-26 08:00:00,407,986.0,65.1,0.0,23.9,0.9,486.004,25.581,70.0
2024-06-26 08:15:00,452,986.1,64.5,0.0,24.4,0.9,558.002,28.948,70.0
2024-06-26 08:30:00,497,986.1,62.1,0.0,24.8,0.9,604.007,31.978,70.0
2024-06-26 08:45:00,542,986.1,61.4,0.0,25.3,1.0,643.007,35.178,70.0
2024-06-26 09:00:00,587,986.1,60.2,0.0,25.7,1.0,692.002,38.031,70.0
2024-06-26 09:15:00,629,986.1,58.1,0.0,26.2,1.1,737.006,40.513,70.0
2024-06-26 09:30:00,669,986.1,55.9,0.0,26.6,1.1,779.005,42.988,70.0
2024-06-26 09:45:00,705,986.1,54.5,0.0,27.0,1.2,804.005,44.788,70.0
2024-06-26 10:00:00,739,986.1,52.5,0.0,27.3,1.3,832.007,46.708,70.0
2024-06-26 10:15:00,770,986.1,51.1,0.0,27.7,1.4,864.005,48.248,70.0
2024-06-26 10:30:00,799,986.1,49.9,0.0,27.9,1.5,891.009,49.563,70.0
2024-06-26 10:45:00,824,986.1,49.1,0.0,28.2,1.6,926.008,49.98,70.0
2024-06-26 11:00:00,847,986.1,47.5,0.0,28.5,1.7,949.006,51.643,70.0
2024-06-26 11:15:00,865,986.1,46.3,0.0,28.7,1.8,934.002,51.983,70.0
2024-06-26 11:30:00,880,986.1,46.0,0.0,28.8,1.9,974.006,51.627,70.0
2024-06-26 11:45:00,890,986.1,45.6,1.0,28.9,2.0,974.01,44.654,70.0
2024-06-26 12:00:00,896,986.1,44.8,1.0,28.9,2.1,977.005,52.359,70.0
2024-06-26 12:15:00,898,986.1,45.4,1.0,28.9,2.2,974.004,52.289,70.0
2024-06-26 12:30:00,895,986.1,46.0,0.0,28.9,2.3,998.007,53.049,70.0
2024-06-26 12:45:00,888,986.1,44.1,0.4,29.3,2.4,980.009,51.998,70.0
2024-06-26 13:00:00,876,986.1,43.6,1.0,29.4,2.4,967.005,51.642,70.0
2024-06-26 13:15:00,860,986.1,45.1,1.0,29.1,2.5,958.007,51.02,70.0
2024-06-26 13:30:00,840,986.1,44.9,0.5,29.3,2.6,974.004,45.608,70.0
2024-06-26 13:45:00,817,986.1,45.0,0.0,29.5,2.6,953.004,46.821,70.0
2024-06-26 14:00:00,789,986.1,45.3,0.3,29.5,2.7,288.0,36.93,70.0
2024-06-26 14:15:00,759,986.1,44.9,1.0,29.5,2.7,616.008,44.739,70.0
2024-06-26 14:30:00,726,986.1,44.9,0.0,29.5,2.8,865.0,46.245,70.0
2024-06-26 14:45:00,690,986.1,44.6,1.0,29.5,2.8,810.004,39.529,70.0
2024-06-26 15:00:00,652,986.1,44.8,1.0,29.3,2.9,800.003,20.865,70.0
2024-06-26 15:15:00,612,986.1,44.7,1.0,29.3,2.9,256.002,35.671,70.0
2024-06-26 15:30:00,570,986.1,43.9,0.0,29.3,2.9,677.007,33.498,70.0
2024-06-26 15:45:00,528,986.1,43.0,1.0,29.3,3.0,635.008,29.876,70.0
2024-06-26 16:00:00,483,986.1,43.0,0.0,29.2,3.0,585.005,27.234,70.0
2024-06-26 16:15:00,436,986.1,43.8,0.0,29.1,3.0,541.009,24.446,70.0
2024-06-26 16:30:00,389,986.1,45.0,0.0,28.8,3.0,494.003,21.123,70.0
2024-06-26 16:45:00,343,986.1,45.2,1.0,28.6,3.0,445.004,17.352,70.0
2024-06-26 17:00:00,299,986.1,46.9,0.0,28.4,3.0,390.009,14.375,70.0
2024-06-26 17:15:00,256,986.1,49.9,0.3,27.9,3.0,346.006,11.288,70.0
2024-06-26 17:30:00,216,986.1,52.1,0.4,27.5,3.0,291.0,8.711,70.0
2024-06-26 17:45:00,180,986.1,54.3,1.0,27.1,3.0,232.001,6.226,70.0
2024-06-26 18:00:00,146,986.1,55.9,0.4,26.7,2.9,189.008,4.369,70.0
2024-06-26 18:15:00,116,986.1,56.4,0.2,26.4,2.9,132.002,3.208,70.0
2024-06-26 18:30:00,89,986.1,58.6,1.0,25.8,2.9,96.003,2.427,70.0
2024-06-26 18:45:00,64,986.1,59.5,0.0,25.2,2.8,56.004,1.772,70.0
2024-06-26 19:00:00,41,986.1,61.4,0.0,24.7,2.8,29.008,1.008,70.0
2024-06-26 19:15:00,19,986.0,64.2,0.0,24.2,2.7,7.003,0.322,70.0
2024-06-26 19:30:00,1,986.0,66.7,0.0,23.7,2.7,0.0,0.0,70.0
2024-06-26 19:45:00,0,986.0,68.8,0.0,23.4,2.6,0.0,0.0,70.0
2024-06-26 20:00:00,0,986.0,70.5,0.0,23.1,2.5,0.0,0.0,70.0
2024-06-26 20:15:00,0,986.0,71.8,0.0,22.8,2.4,0.0,0.0,70.0
2024-06-26 20:30:00,0,986.0,73.0,0.0,22.5,2.3,0.0,0.0,70.0
2024-06-26 20:45:00,0,986.0,73.9,0.5,22.2,2.2,0.0,0.0,70.0
2024-06-26 21:00:00,0,986.0,74.8,0.0,22.0,2.1,0.0,0.0,70.0
2024-06-26 21:15:00,0,986.0,75.8,0.0,21.8,1.9,0.0,0.0,70.0
2024-06-26 21:30:00,0,986.0,76.7,1.0,21.6,1.8,0.0,0.0,70.0
2024-06-26 21:45:00,0,986.0,77.4,1.0,21.5,1.7,0.0,0.0,70.0
2024-06-26 22:00:00,0,986.0,78.1,0.0,21.4,1.6,0.0,0.0,70.0
2024-06-26 22:15:00,0,986.0,78.8,0.0,21.3,1.5,0.0,0.0,70.0
2024-06-26 22:30:00,0,986.0,79.6,0.0,21.2,1.4,0.0,0.0,70.0
2024-06-26 22:45:00,0,986.0,80.5,0.0,21.1,1.3,0.0,0.0,70.0
2024-06-26 23:00:00,0,986.0,81.3,0.0,21.0,1.2,0.0,0.0,70.0
2024-06-26 23:15:00,0,986.0,81.8,0.0,21.0,1.1,0.0,0.0,70.0
2024-06-26 23:30:00,0,986.0,82.1,0.0,20.9,1.1,0.0,0.0,70.0
2024-06-26 23:45:00,0,986.0,82.2,0.0,20.8,1.0,0.0,0.0,70.0
2024-06-27 00:00:00,0,986.3,73.0,0.0,21.0,1.1,0.0,0.0,70.0
2024-06-27 00:15:00,0,986.3,72.7,0.0,20.9,1.1,0.0,0.0,70.0
2024-06-27 00:30:00,0,986.3,72.4,0.0,20.8,1.0,0.0,0.0,70.0
2024-06-27 00:45:00,0,986.3,72.1,0.0,20.7,1.0,0.0,0.0,70.0
2024-06-27 01:00:00,0,986.3,71.9,0.0,20.7,1.0,0.0,0.0,70.0
2024-06-27 01:15:00,0,986.3,71.6,0.0,20.6,1.0,0.0,0.0,70.0
2024-06-27 01:30:00,0,986.3,71.4,0.0,20.5,1.0,0.0,0.0,70.0
2024-06-27 01:45:00,0,986.3,71.3,0.0,20.4,1.0,0.0,0.0,70.0
2024-06-27 02:00:00,0,986.2,71.2,0.0,20.4,1.0,0.0,0.0,70.0
2024-06-27 02:15:00,0,986.2,71.4,0.0,20.3,1.0,0.0,0.0,70.0
2024-06-27 02:30:00,0,986.2,71.5,0.0,20.3,1.0,0.0,0.0,70.0
2024-06-27 02:45:00,0,986.2,71.7,0.0,20.2,1.0,0.0,0.0,70.0
2024-06-27 03:00:00,0,986.2,72.0,0.0,20.2,1.0,0.0,0.0,70.0
2024-06-27 03:15:00,0,986.2,72.3,0.0,20.1,1.0,0.0,0.0,70.0
2024-06-27 03:30:00,0,986.2,72.6,0.0,20.1,1.0,0.0,0.0,70.0
2024-06-27 03:45:00,0,986.2,72.9,0.0,20.0,1.0,0.0,0.0,70.0
2024-06-27 04:00:00,0,986.2,73.1,0.0,20.0,0.9,0.0,0.0,70.0
2024-06-27 04:15:00,0,986.2,73.4,0.0,19.9,0.9,0.0,0.0,70.0
2024-06-27 04:30:00,0,986.2,73.6,0.0,19.9,0.9,0.0,0.0,70.0
2024-06-27 04:45:00,0,986.2,73.8,0.0,19.9,0.9,0.0,0.0,70.0
2024-06-27 05:00:00,0,986.2,73.9,0.0,19.9,0.9,0.0,0.0,70.0
2024-06-27 05:15:00,20,986.2,74.0,0.0,19.9,0.9,17.009,0.721,70.0
2024-06-27 05:30:00,48,986.2,74.1,0.0,19.9,0.9,28.006,1.433,70.0
2024-06-27 05:45:00,77,986.2,74.1,0.0,19.9,0.9,44.009,2.138,70.0
2024-06-27 06:00:00,106,986.2,74.0,0.0,20.0,0.9,92.004,2.992,70.0
2024-06-27 06:15:00,136,986.2,73.8,0.0,20.1,0.9,133.005,4.324,70.0
2024-06-27 06:30:00,167,986.2,73.4,0.0,20.3,0.9,179.006,6.201,70.0
2024-06-27 06:45:00,200,986.2,73.4,0.0,20.5,0.9,228.009,8.869,70.0
2024-06-27 07:00:00,235,986.2,73.3,0.0,20.8,1.0,285.006,11.943,70.0
2024-06-27 07:15:00,273,986.2,73.8,0.0,21.1,1.0,336.004,15.694,70.0
2024-06-27 07:30:00,314,986.3,74.6,0.0,21.4,1.0,402.007,19.486,70.0
2024-06-27 07:45:00,357,986.3,75.1,0.0,21.8,1.1,467.002,23.199,70.0
2024-06-27 08:00:00,403,986.3,73.5,0.0,22.3,1.1,516.006,26.881,70.0
2024-06-27 08:15:00,450,986.3,72.8,0.0,22.7,1.2,579.005,30.576,70.0
2024-06-27 08:30:00,498,986.3,72.4,0.0,23.1,1.2,590.005,33.856,70.0
2024-06-27 08:45:00,545,986.3,70.1,0.0,23.6,1.3,673.005,37.145,70.0
2024-06-27 09:00:00,592,986.3,69.7,0.0,24.0,1.3,711.006,39.906,70.0
2024-06-27 09:15:00,637,986.3,68.0,0.0,24.3,1.4,758.003,42.699,70.0
2024-06-27 09:30:00,678,986.3,65.4,0.0,24.7,1.4,785.005,45.042,70.0
2024-06-27 09:45:00,716,986.3,63.0,0.0,25.0,1.5,826.008,47.429,70.0
2024-06-27 10:00:00,750,986.3,61.6,0.0,25.3,1.6,864.002,49.256,70.0
2024-06-27 10:15:00,780,986.3,59.8,0.0,25.6,1.6,897.0,50.667,70.0
2024-06-27 10:30:00,808,986.3,58.0,0.0,25.9,1.7,919.006,51.721,70.0
2024-06-27 10:45:00,831,986.3,55.4,0.0,26.2,1.8,946.002,52.304,70.0
2024-06-27 11:00:00,851,986.3,54.3,0.0,26.5,1.9,967.001,52.681,70.0
2024-06-27 11:15:00,867,986.3,53.5,0.0,26.8,2.0,978.0,54.588,70.0
2024-06-27 11:30:00,879,986.3,52.6,0.0,27.1,2.1,1012.002,54.975,70.0
2024-06-27 11:45:00,887,986.3,50.9,0.0,27.4,2.2,1060.01,55.181,70.0
2024-06-27 12:00:00,891,986.3,49.8,0.0,27.6,2.3,1018.004,55.433,70.0
2024-06-27 12:15:00,891,986.3,49.9,0.0,27.8,2.4,1030.0,55.27,70.0
2024-06-27 12:30:00,888,986.3,49.2,0.0,28.0,2.5,1024.002,54.75,70.0
2024-06-27 12:45:00,881,986.3,47.8,0.0,28.2,2.5,1018.0,53.84,70.0
2024-06-27 13:00:00,871,986.3,48.0,0.0,28.3,2.6,993.0,53.145,70.0
2024-06-27 13:15:00,857,986.3,47.9,0.0,28.4,2.6,992.002,53.396,70.0
2024-06-27 13:30:00,839,986.3,47.5,0.0,28.4,2.7,873.005,49.564,70.0
2024-06-27 13:45:00,818,986.3,47.5,0.0,28.5,2.8,922.0,47.411,70.0
2024-06-27 14:00:00,794,986.3,47.7,0.0,28.5,2.8,532.004,37.681,70.0
2024-06-27 14:15:00,766,986.3,47.9,0.0,28.5,2.9,917.005,48.302,70.0
2024-06-27 14:30:00,735,986.3,48.4,0.0,28.6,3.0,854.006,45.453,70.0
2024-06-27 14:45:00,701,986.3,48.1,0.0,28.6,3.0,817.006,43.671,70.0
2024-06-27 15:00:00,665,986.3,47.2,0.0,28.6,3.1,783.001,40.523,70.0
2024-06-27 15:15:00,626,986.3,46.2,0.0,28.5,3.1,738.004,34.018,70.0
2024-06-27 15:30:00,585,986.3,45.6,0.0,28.5,3.2,677.001,34.633,70.0
2024-06-27 15:45:00,542,986.3,46.3,0.0,28.4,3.2,685.006,32.41,70.0
2024-06-27 16:00:00,496,986.3,46.4,0.0,28.3,3.2,586.001,29.151,70.0
2024-06-27 16:15:00,448,986.3,45.7,0.0,28.2,3.2,548.007,25.251,70.0
2024-06-27 16:30:00,399,986.3,45.9,0.0,28.0,3.1,494.008,21.398,70.0
2024-06-27 16:45:00,351,986.3,46.7,0.0,27.8,3.1,434.003,17.811,70.0
2024-06-27 17:00:00,305,986.3,47.5,0.0,27.6,3.1,387.002,14.229,70.0
2024-06-27 17:15:00,261,986.3,48.1,0.0,27.4,3.0,337.003,11.07,70.0
2024-06-27 17:30:00,220,986.3,48.9,0.0,27.1,2.9,285.006,8.22,70.0
2024-06-27 17:45:00,182,986.3,50.3,0.0,26.8,2.9,243.001,5.754,70.0
2024-06-27 18:00:00,148,986.3,53.0,0.0,26.5,2.8,197.006,4.03,70.0
2024-06-27 18:15:00,117,986.3,55.6,0.0,26.1,2.8,139.009,2.883,70.0
2024-06-27 18:30:00,89,986.3,57.5,0.0,25.6,2.7,106.0,2.173,70.0
2024-06-27 18:45:00,64,986.3,59.7,0.0,25.1,2.6,64.002,1.551,70.0
2024-06-27 19:00:00,41,986.3,62.4,0.0,24.5,2.5,28.002,0.872,70.0
2024-06-27 19:15:00,19,986.3,65.3,0.0,24.0,2.5,7.003,0.289,70.0
2024-06-27 19:30:00,1,986.3,68.1,0.0,23.7,2.4,0.0,0.0,70.0
2024-06-27 19:45:00,0,986.3,70.3,0.0,23.4,2.3,0.0,0.0,70.0
2024-06-27 20:00:00,0,986.3,71.7,0.0,23.1,2.2,0.0,0.0,70.0
2024-06-27 20:15:00,0,986.3,72.7,0.0,22.9,2.1,0.0,0.0,70.0
2024-06-27 20:30:00,0,986.3,73.6,0.0,22.6,2.0,0.0,0.0,70.0
2024-06-27 20:45:00,0,986.2,74.3,0.0,22.4,2.0,0.0,0.0,70.0
2024-06-27 21:00:00,0,986.2,74.8,0.0,22.2,1.9,0.0,0.0,70.0
2024-06-27 21:15:00,0,986.2,75.2,0.0,22.1,1.8,0.0,0.0,70.0
2024-06-27 21:30:00,0,986.2,75.8,0.0,21.9,1.8,0.0,0.0,70.0
2024-06-27 21:45:00,0,986.2,76.6,0.0,21.7,1.7,0.0,0.0,70.0
2024-06-27 22:00:00,0,986.2,77.1,0.0,21.6,1.7,0.0,0.0,70.0
2024-06-27 22:15:00,0,986.2,77.3,0.0,21.4,1.7,0.0,0.0,70.0
2024-06-27 22:30:00,0,986.2,77.2,0.0,21.3,1.7,0.0,0.0,70.0
2024-06-27 22:45:00,0,986.2,77.1,0.0,21.1,1.7,0.0,0.0,70.0
2024-06-27 23:00:00,0,986.2,77.0,0.0,21.0,1.6,0.0,0.0,70.0
2024-06-27 23:15:00,0,986.2,76.7,0.0,20.9,1.6,0.0,0.0,70.0
2024-06-27 23:30:00,0,986.2,76.4,0.0,20.8,1.6,0.0,0.0,70.0
2024-06-27 23:45:00,0,986.2,76.1,0.0,20.7,1.6,0.0,0.0,70.0
2024-06-28 00:00:00,0,986.2,90.2,0.0,19.8,1.2,0.0,0.0,70.0
2024-06-28 00:15:00,0,986.2,90.4,0.0,19.7,1.2,0.0,0.0,70.0
2024-06-28 00:30:00,0,986.2,90.5,0.0,19.6,1.1,0.0,0.0,70.0
2024-06-28 00:45:00,0,986.2,90.6,0.0,19.5,1.1,0.0,0.0,70.0
2024-06-28 01:00:00,0,986.2,90.7,0.0,19.5,1.1,0.0,0.0,70.0
2024-06-28 01:15:00,0,986.2,90.8,0.0,19.4,1.0,0.0,0.0,70.0
2024-06-28 01:30:00,0,986.2,91.0,0.0,19.3,1.0,0.0,0.0,70.0
2024-06-28 01:45:00,0,986.2,91.0,0.0,19.2,1.0,0.0,0.0,70.0
2024-06-28 02:00:00,0,986.2,91.1,0.0,19.1,1.0,0.0,0.0,70.0
2024-06-28 02:15:00,0,986.2,91.2,0.0,19.1,1.0,0.0,0.0,70.0
2024-06-28 02:30:00,0,986.2,91.4,0.0,19.0,0.9,0.0,0.0,70.0
2024-06-28 02:45:00,0,986.2,91.7,0.0,18.9,0.9,0.0,0.0,70.0
2024-06-28 03:00:00,0,986.2,91.9,0.0,18.9,0.9,0.0,0.0,70.0
2024-06-28 03:15:00,0,986.2,92.2,0.0,18.8,0.9,0.0,0.0,70.0
2024-06-28 03:30:00,0,986.2,92.4,0.0,18.8,0.9,0.0,0.0,70.0
2024-06-28 03:45:00,0,986.2,92.8,0.0,18.8,0.8,0.0,0.0,70.0
2024-06-28 04:00:00,0,986.2,93.2,0.0,18.8,0.8,0.0,0.0,70.0
2024-06-28 04:15:00,0,986.2,93.8,0.0,18.8,0.8,0.0,0.0,70.0
2024-06-28 04:30:00,0,986.2,94.4,0.0,18.8,0.8,0.0,0.0,70.0
2024-06-28 04:45:00,0,986.2,95.0,0.0,18.7,0.7,0.0,0.0,70.0
2024-06-28 05:00:00,0,986.2,95.8,0.0,18.7,0.7,0.0,0.0,70.0
2024-06-28 05:15:00,19,986.2,96.6,0.0,18.6,0.7,20.006,0.945,70.0
2024-06-28 05:30:00,47,986.2,97.6,0.0,18.6,0.8,35.007,1.899,70.0
2024-06-28 05:45:00,75,986.2,98.4,0.0,18.6,0.8,55.0,3.111,70.0
2024-06-28 06:00:00,104,986.2,99.1,0.0,18.7,0.8,84.005,3.889,70.0
2024-06-28 06:15:00,134,986.2,99.3,0.0,18.8,0.9,124.006,5.552,70.0
2024-06-28 06:30:00,165,986.2,99.4,0.0,18.8,0.9,157.009,7.561,70.0
2024-06-28 06:45:00,198,986.2,99.5,0.0,18.9,1.0,214.002,10.251,70.0
2024-06-28 07:00:00,232,986.2,99.6,0.0,19.0,1.0,259.004,12.137,70.0
2024-06-28 07:15:00,270,986.2,99.5,0.0,19.1,1.1,313.002,15.271,70.0
2024-06-28 07:30:00,309,986.2,99.4,0.0,19.3,1.2,363.01,19.342,70.0
2024-06-28 07:45:00,351,986.2,98.7,0.0,19.6,1.3,397.001,21.255,70.0
2024-06-28 08:00:00,395,986.2,97.4,0.0,20.1,1.3,447.01,23.621,70.0
2024-06-28 08:15:00,440,986.2,95.8,0.0,20.7,1.4,472.009,26.564,70.0
2024-06-28 08:30:00,486,986.2,93.9,0.0,21.3,1.5,565.006,30.789,70.0
2024-06-28 08:45:00,532,986.2,91.8,0.0,21.8,1.6,570.005,33.579,70.0
2024-06-28 09:00:00,577,986.2,89.8,0.0,22.4,1.7,607.008,36.886,70.0
2024-06-28 09:15:00,619,986.2,88.3,0.0,22.9,1.7,677.002,38.831,70.0
2024-06-28 09:30:00,659,986.2,86.6,0.0,23.5,1.8,674.006,38.541,70.0
2024-06-28 09:45:00,695,986.2,84.6,0.0,24.0,1.9,770.004,41.845,70.0
2024-06-28 10:00:00,727,986.2,83.6,0.0,24.5,2.0,820.008,46.442,70.0
2024-06-28 10:15:00,756,986.3,82.9,0.0,24.9,2.1,777.005,42.102,70.0
2024-06-28 10:30:00,782,986.3,82.4,0.0,25.3,2.2,765.004,44.435,70.0
2024-06-28 10:45:00,804,986.3,81.4,0.0,25.8,2.3,830.006,45.723,70.0
2024-06-28 11:00:00,822,986.3,79.9,0.0,26.3,2.4,883.007,48.264,70.0
2024-06-28 11:15:00,837,986.3,78.2,0.0,26.7,2.5,954.003,52.5,70.0
2024-06-28 11:30:00,847,986.3,77.5,0.0,27.0,2.6,966.01,50.541,70.0
2024-06-28 11:45:00,854,986.3,76.1,0.0,27.4,2.6,1012.008,44.756,70.0
2024-06-28 12:00:00,858,986.3,73.7,0.0,27.7,2.7,902.007,50.664,70.0
2024-06-28 12:15:00,857,986.3,72.3,0.0,28.0,2.7,878.006,45.951,70.0
2024-06-28 12:30:00,853,986.3,71.1,0.0,28.2,2.7,957.007,50.451,70.0
2024-06-28 12:45:00,845,986.3,69.0,0.0,28.4,2.8,968.003,51.833,70.0
2024-06-28 13:00:00,834,986.3,67.9,0.0,28.6,2.8,815.002,47.206,70.0
2024-06-28 13:15:00,820,986.3,67.1,0.0,28.8,2.8,864.006,40.753,70.0
2024-06-28 13:30:00,803,986.3,66.3,0.0,28.9,2.9,791.003,50.376,70.0
2024-06-28 13:45:00,782,986.3,65.0,0.0,29.0,2.9,953.007,41.744,70.0
2024-06-28 14:00:00,758,986.3,63.7,0.0,29.1,3.0,962.004,45.4,70.0
2024-06-28 14:15:00,731,986.3,63.9,0.0,29.1,3.1,871.004,45.329,70.0
2024-06-28 14:30:00,701,986.3,65.0,0.1,28.9,3.1,829.007,45.055,70.0
2024-06-28 14:45:00,667,986.3,63.0,0.0,29.1,3.2,810.002,42.499,70.0
2024-06-28 15:00:00,631,986.3,61.8,0.0,29.3,3.2,782.002,41.023,70.0
2024-06-28 15:15:00,592,986.3,62.1,0.0,29.3,3.2,676.003,34.949,70.0
2024-06-28 15:30:00,550,986.3,62.2,0.0,29.3,3.2,679.008,33.903,70.0
2024-06-28 15:45:00,507,986.3,62.6,0.0,29.3,3.3,643.007,32.223,70.0
2024-06-28 16:00:00,460,986.3,62.6,0.0,28.9,3.3,627.007,29.955,70.0
2024-06-28 16:15:00,411,986.3,63.2,0.0,28.7,3.3,398.005,20.855,70.0
2024-06-28 16:30:00,362,986.3,68.4,0.0,28.3,3.3,434.004,23.819,70.0
2024-06-28 16:45:00,314,986.3,71.9,0.2,27.7,3.4,497.002,21.234,70.0
2024-06-28 17:00:00,267,986.3,74.9,0.3,27.1,3.4,263.001,12.706,70.0
2024-06-28 17:15:00,224,986.3,74.5,0.2,26.9,3.4,253.006,13.406,70.0
2024-06-28 17:30:00,184,986.3,76.7,0.1,26.7,3.4,318.004,12.997,70.0
2024-06-28 17:45:00,149,986.3,78.2,0.1,26.7,3.5,257.003,9.83,70.0
2024-06-28 18:00:00,118,986.3,78.0,0.0,26.8,3.5,221.009,8.559,70.0
2024-06-28 18:15:00,91,986.3,78.3,0.0,26.7,3.5,116.001,5.209,70.0
2024-06-28 18:30:00,68,986.3,81.2,0.2,26.4,3.5,79.009,3.425,70.0
2024-06-28 18:45:00,48,986.3,83.2,0.3,25.9,3.4,37.001,1.806,70.0
2024-06-28 19:00:00,30,986.2,84.3,0.3,25.6,3.4,25.009,1.071,70.0
2024-06-28 19:15:00,14,986.2,85.1,0.3,25.3,3.4,8.004,0.303,70.0
2024-06-28 19:30:00,1,986.2,86.2,0.1,25.0,3.3,0.0,0.0,70.0
2024-06-28 19:45:00,0,986.2,87.8,0.0,24.7,3.2,0.0,0.0,70.0
2024-06-28 20:00:00,0,986.2,89.5,0.0,24.4,3.1,0.0,0.0,70.0
2024-06-28 20:15:00,0,986.2,90.2,0.0,24.2,3.0,0.0,0.0,70.0
2024-06-28 20:30:00,0,986.2,90.1,0.0,23.9,2.9,0.0,0.0,70.0
2024-06-28 20:45:00,0,986.2,90.0,0.0,23.7,2.8,0.0,0.0,70.0
2024-06-28 21:00:00,0,986.2,90.1,0.0,23.5,2.8,0.0,0.0,70.0
2024-06-28 21:15:00,0,986.2,90.6,0.0,23.3,2.7,0.0,0.0,70.0
2024-06-28 21:30:00,0,986.2,91.0,0.0,23.1,2.6,0.0,0.0,70.0
2024-06-28 21:45:00,0,986.2,91.3,0.0,22.9,2.5,0.0,0.0,70.0
2024-06-28 22:00:00,0,986.2,91.3,0.0,22.8,2.4,0.0,0.0,70.0
2024-06-28 22:15:00,0,986.2,91.2,0.0,22.7,2.3,0.0,0.0,70.0
2024-06-28 22:30:00,0,986.2,91.4,0.0,22.5,2.2,0.0,0.0,70.0
2024-06-28 22:45:00,0,986.2,91.5,0.1,22.4,2.1,0.0,0.0,70.0
2024-06-28 23:00:00,0,986.2,91.2,0.0,22.3,2.0,0.0,0.0,70.0
2024-06-28 23:15:00,0,986.2,90.8,0.0,22.2,1.9,0.0,0.0,70.0
2024-06-28 23:30:00,0,986.2,90.5,0.0,22.1,1.9,0.0,0.0,70.0
2024-06-28 23:45:00,0,986.2,90.3,0.0,22.0,1.8,0.0,0.0,70.0
2024-06-29 00:00:00,0,985.8,91.2,0.0,22.1,1.9,0.0,0.0,70.0
2024-06-29 00:15:00,0,985.8,91.8,0.0,22.1,1.9,0.0,0.0,70.0
2024-06-29 00:30:00,0,985.8,92.6,0.0,22.0,1.9,0.0,0.0,70.0
2024-06-29 00:45:00,0,985.8,93.3,0.0,22.0,1.9,0.0,0.0,70.0
2024-06-29 01:00:00,0,985.8,93.9,0.0,22.0,1.9,0.0,0.0,70.0
2024-06-29 01:15:00,0,985.8,94.5,0.0,22.0,1.9,0.0,0.0,70.0
2024-06-29 01:30:00,0,985.8,95.0,0.0,22.0,1.9,0.0,0.0,70.0
2024-06-29 01:45:00,0,985.8,95.6,0.0,22.0,2.0,0.0,0.0,70.0
2024-06-29 02:00:00,0,985.8,96.2,0.0,22.0,2.0,0.0,0.0,70.0
2024-06-29 02:15:00,0,985.7,96.8,0.0,21.9,2.1,0.0,0.0,70.0
2024-06-29 02:30:00,0,985.7,97.3,0.0,21.9,2.1,0.0,0.0,70.0
2024-06-29 02:45:00,0,985.7,97.7,0.0,22.0,2.1,0.0,0.0,70.0
2024-06-29 03:00:00,0,985.7,98.1,0.1,22.0,2.2,0.0,0.0,70.0
2024-06-29 03:15:00,0,985.7,98.4,0.2,22.0,2.3,0.0,0.0,70.0
2024-06-29 03:30:00,0,985.7,98.6,0.1,22.0,2.3,0.0,0.0,70.0
2024-06-29 03:45:00,0,985.7,98.9,0.0,22.1,2.4,0.0,0.0,70.0
2024-06-29 04:00:00,0,985.7,99.1,0.0,22.1,2.5,0.0,0.0,70.0
2024-06-29 04:15:00,0,985.7,99.3,0.1,22.1,2.5,0.0,0.0,70.0
2024-06-29 04:30:00,0,985.7,99.6,0.1,22.1,2.6,0.0,0.0,70.0
2024-06-29 04:45:00,0,985.7,99.7,0.0,22.1,2.6,0.0,0.0,70.0
2024-06-29 05:00:00,0,985.7,99.7,0.1,22.2,2.7,0.0,0.0,70.0
2024-06-29 05:15:00,3,985.7,99.8,0.2,22.2,2.7,0.0,0.131,70.0
2024-06-29 05:30:00,8,985.7,99.8,0.2,22.2,2.8,18.007,0.651,70.0
2024-06-29 05:45:00,14,985.7,99.8,0.2,22.2,2.8,26.001,1.394,70.0
2024-06-29 06:00:00,19,985.7,99.8,0.1,22.3,2.9,36.005,1.714,70.0
2024-06-29 06:15:00,24,985.7,99.9,0.1,22.3,3.0,57.004,3.25,70.0
2024-06-29 06:30:00,30,985.7,99.9,0.1,22.4,3.0,80.0,4.579,70.0
2024-06-29 06:45:00,36,985.7,99.8,0.1,22.4,3.1,120.008,6.821,70.0
2024-06-29 07:00:00,43,985.7,99.8,0.0,22.5,3.1,150.001,9.144,70.0
2024-06-29 07:15:00,50,985.7,99.7,0.0,22.6,3.2,148.005,6.842,70.0
2024-06-29 07:30:00,57,985.7,99.5,0.0,22.7,3.2,196.007,7.516,70.0
2024-06-29 07:45:00,64,985.7,99.3,0.0,22.9,3.3,141.006,6.953,70.0
2024-06-29 08:00:00,72,985.7,99.1,0.1,23.0,3.3,92.004,3.907,70.0
2024-06-29 08:15:00,81,985.7,98.8,0.0,23.1,3.4,48.001,1.828,70.0
2024-06-29 08:30:00,90,985.7,98.6,0.0,23.3,3.4,36.0,2.093,70.0
2024-06-29 08:45:00,98,985.7,98.0,0.0,23.4,3.5,26.002,1.76,70.0
2024-06-29 09:00:00,108,985.7,97.4,0.0,23.6,3.5,33.008,1.421,70.0
2024-06-29 09:15:00,117,985.8,97.4,0.1,23.7,3.5,96.001,6.389,70.0
2024-06-29 09:30:00,126,985.8,97.1,0.1,23.8,3.5,145.0,6.116,70.0
2024-06-29 09:45:00,135,985.8,96.5,0.2,23.9,3.5,96.003,6.955,70.0
2024-06-29 10:00:00,144,985.8,95.9,0.3,24.1,3.6,274.008,10.02,70.0
2024-06-29 10:15:00,153,985.8,95.3,0.3,24.2,3.6,349.009,11.012,70.0
2024-06-29 10:30:00,162,985.8,94.3,0.1,24.4,3.7,212.001,11.77,70.0
2024-06-29 10:45:00,170,985.8,93.6,0.0,24.5,3.7,154.001,9.264,70.0
2024-06-29 11:00:00,178,985.8,93.1,0.0,24.7,3.7,170.008,6.434,70.0
2024-06-29 11:15:00,187,985.8,92.2,0.0,24.9,3.7,119.004,5.731,70.0
2024-06-29 11:30:00,194,985.8,91.3,0.0,25.0,3.7,105.005,4.404,70.0
2024-06-29 11:45:00,201,985.8,90.4,0.0,25.1,3.7,121.009,4.843,70.0
2024-06-29 12:00:00,208,985.8,89.7,0.0,25.2,3.7,149.009,6.444,70.0
2024-06-29 12:15:00,214,985.8,89.0,0.0,25.5,3.7,53.008,3.714,70.0
2024-06-29 12:30:00,220,985.8,88.4,0.1,25.7,3.7,130.006,7.033,70.0
2024-06-29 12:45:00,225,985.8,87.7,0.0,25.9,3.8,206.009,11.884,70.0
2024-06-29 13:00:00,229,985.8,87.6,0.1,26.0,3.8,62.005,6.043,70.0
2024-06-29 13:15:00,232,985.8,88.6,0.0,25.8,3.8,149.005,9.785,70.0
2024-06-29 13:30:00,234,985.7,89.2,0.1,25.5,3.8,270.004,13.504,70.0
2024-06-29 13:45:00,236,985.7,89.6,0.2,25.5,3.8,94.007,4.49,70.0
2024-06-29 14:00:00,236,985.8,88.9,0.0,25.7,3.9,52.007,5.574,70.0
2024-06-29 14:15:00,236,985.8,88.0,0.0,25.9,3.9,145.01,7.102,70.0
2024-06-29 14:30:00,235,985.8,87.3,0.0,26.0,3.9,49.003,4.673,70.0
2024-06-29 14:45:00,233,985.8,87.6,0.0,26.0,3.9,46.001,4.276,70.0
2024-06-29 15:00:00,229,985.7,87.3,0.0,26.0,3.9,60.009,4.86,70.0
2024-06-29 15:15:00,225,985.8,86.4,0.0,26.3,3.9,148.001,10.572,70.0
2024-06-29 15:30:00,220,985.8,86.0,0.0,26.3,3.9,150.003,5.819,70.0
2024-06-29 15:45:00,213,985.8,85.7,0.0,26.3,3.9,52.0,5.223,70.0
2024-06-29 16:00:00,206,985.8,84.8,0.0,26.5,3.9,113.01,5.994,70.0
2024-06-29 16:15:00,199,985.8,83.4,0.0,26.6,3.8,93.005,5.936,70.0
2024-06-29 16:30:00,190,985.8,82.8,0.0,26.5,3.7,85.01,4.824,70.0
2024-06-29 16:45:00,180,985.8,81.8,0.1,26.5,3.6,87.002,5.168,70.0
2024-06-29 17:00:00,169,985.8,82.5,0.1,26.4,3.6,91.007,6.975,70.0
2024-06-29 17:15:00,156,985.8,83.2,0.1,26.2,3.5,91.004,4.434,70.0
2024-06-29 17:30:00,142,985.8,84.3,0.1,26.0,3.5,67.007,3.58,70.0
2024-06-29 17:45:00,127,985.8,85.4,0.0,25.9,3.4,67.0,2.852,70.0
2024-06-29 18:00:00,111,985.8,85.6,0.0,25.7,3.3,51.004,2.826,70.0
2024-06-29 18:15:00,93,985.8,85.9,0.1,25.5,3.2,24.004,1.106,70.0
2024-06-29 18:30:00,75,985.8,86.5,0.2,25.3,3.2,12.009,0.835,70.0
2024-06-29 18:45:00,56,985.8,87.2,0.1,25.1,3.1,16.007,1.361,70.0
2024-06-29 19:00:00,37,985.8,88.1,0.1,24.8,3.0,29.004,1.412,70.0
2024-06-29 19:15:00,18,985.8,88.9,0.0,24.6,2.9,13.003,0.22,70.0
2024-06-29 19:30:00,1,985.8,89.5,0.0,24.5,2.8,0.0,0.0,70.0
2024-06-29 19:45:00,0,985.8,90.0,0.0,24.3,2.7,0.0,0.0,70.0
2024-06-29 20:00:00,0,985.8,90.4,0.0,24.2,2.6,0.0,0.0,70.0
2024-06-29 20:15:00,0,985.7,90.9,0.0,24.1,2.5,0.0,0.0,70.0
2024-06-29 20:30:00,0,985.7,91.3,0.0,24.0,2.4,0.0,0.0,70.0
2024-06-29 20:45:00,0,985.7,91.8,0.0,23.9,2.4,0.0,0.0,70.0
2024-06-29 21:00:00,0,985.7,92.2,0.0,23.8,2.3,0.0,0.0,70.0
2024-06-29 21:15:00,0,985.7,92.4,0.0,23.7,2.3,0.0,0.0,70.0
2024-06-29 21:30:00,0,985.7,92.6,0.0,23.6,2.2,0.0,0.0,70.0
2024-06-29 21:45:00,0,985.7,92.6,0.0,23.5,2.2,0.0,0.0,70.0
2024-06-29 22:00:00,0,985.7,92.3,0.0,23.5,2.2,0.0,0.0,70.0
2024-06-29 22:15:00,0,985.7,92.0,0.0,23.4,2.2,0.0,0.0,70.0
2024-06-29 22:30:00,0,985.7,92.0,0.0,23.3,2.2,0.0,0.0,70.0
2024-06-29 22:45:00,0,985.7,92.3,0.0,23.3,2.1,0.0,0.0,70.0
2024-06-29 23:00:00,0,985.7,92.8,0.0,23.1,2.1,0.0,0.0,70.0
2024-06-29 23:15:00,0,985.7,93.3,0.0,23.1,2.1,0.0,0.0,70.0
2024-06-29 23:30:00,0,985.7,93.7,0.0,23.0,2.1,0.0,0.0,70.0
2024-06-29 23:45:00,0,985.7,93.9,0.0,22.9,2.1,0.0,0.0,70.0
2024-06-30 00:00:00,0,985.7,85.3,0.0,20.6,2.1,0.0,0.0,70.0
2024-06-30 00:15:00,0,985.7,85.5,0.0,20.5,2.1,0.0,0.0,70.0
2024-06-30 00:30:00,0,985.7,85.7,0.0,20.4,2.0,0.0,0.0,70.0
2024-06-30 00:45:00,0,985.7,86.2,0.0,20.3,2.0,0.0,0.0,70.0
2024-06-30 01:00:00,0,985.7,86.8,0.0,20.2,1.9,0.0,0.0,70.0
2024-06-30 01:15:00,0,985.7,87.4,0.0,20.2,1.8,0.0,0.0,70.0
2024-06-30 01:30:00,0,985.7,87.8,0.0,20.1,1.8,0.0,0.0,70.0
2024-06-30 01:45:00,0,985.7,88.1,0.0,20.0,1.7,0.0,0.0,70.0
2024-06-30 02:00:00,0,985.7,88.3,0.0,20.0,1.6,0.0,0.0,70.0
2024-06-30 02:15:00,0,985.7,88.4,0.0,20.0,1.5,0.0,0.0,70.0
2024-06-30 02:30:00,0,985.7,88.1,0.0,20.0,1.5,0.0,0.0,70.0
2024-06-30 02:45:00,0,985.7,88.0,0.0,20.0,1.4,0.0,0.0,70.0
2024-06-30 03:00:00,0,985.7,88.2,0.0,20.0,1.3,0.0,0.0,70.0
2024-06-30 03:15:00,0,985.7,88.4,0.0,20.0,1.3,0.0,0.0,70.0
2024-06-30 03:30:00,0,985.7,88.7,0.0,20.0,1.2,0.0,0.0,70.0
2024-06-30 03:45:00,0,985.7,88.8,0.0,20.0,1.1,0.0,0.0,70.0
2024-06-30 04:00:00,0,985.7,88.8,0.0,20.0,1.1,0.0,0.0,70.0
2024-06-30 04:15:00,0,985.7,88.6,0.0,20.0,1.0,0.0,0.0,70.0
2024-06-30 04:30:00,0,985.7,88.4,0.0,20.1,1.0,0.0,0.0,70.0
2024-06-30 04:45:00,0,985.7,88.1,0.0,20.1,0.9,0.0,0.0,70.0
2024-06-30 05:00:00,0,985.7,87.8,0.0,20.1,0.9,0.0,0.0,70.0
2024-06-30 05:15:00,18,985.7,87.6,0.0,20.2,0.9,17.003,0.771,70.0
2024-06-30 05:30:00,47,985.7,87.4,0.0,20.3,0.8,37.007,1.708,70.0
2024-06-30 05:45:00,77,985.7,87.0,0.0,20.4,0.8,53.003,2.662,70.0
2024-06-30 06:00:00,107,985.7,86.4,0.0,20.6,0.8,81.009,3.687,70.0
2024-06-30 06:15:00,138,985.7,86.0,0.0,21.1,0.9,105.01,4.999,70.0
2024-06-30 06:30:00,170,985.7,85.6,0.0,21.5,0.9,139.004,6.978,70.0
2024-06-30 06:45:00,203,985.7,85.3,0.0,22.0,0.9,184.001,8.984,70.0
2024-06-30 07:00:00,238,985.7,84.9,0.0,22.6,1.0,222.008,11.743,70.0
2024-06-30 07:15:00,276,985.7,84.3,0.0,23.2,1.0,279.005,14.389,70.0
2024-06-30 07:30:00,315,985.7,81.8,0.0,23.9,1.1,315.001,17.476,70.0
2024-06-30 07:45:00,357,985.8,79.8,0.0,24.4,1.1,368.004,20.553,70.0
2024-06-30 08:00:00,400,985.8,78.9,0.0,25.0,1.2,423.006,23.737,70.0
2024-06-30 08:15:00,445,985.8,77.6,0.0,25.7,1.2,469.0,26.666,70.0
2024-06-30 08:30:00,490,985.8,75.7,0.0,26.3,1.3,527.001,29.622,70.0
2024-06-30 08:45:00,534,985.8,73.6,0.0,26.8,1.3,583.005,32.721,70.0
2024-06-30 09:00:00,578,985.8,72.4,0.0,27.2,1.4,619.001,35.268,70.0
2024-06-30 09:15:00,620,985.8,71.7,0.0,27.6,1.5,658.002,37.599,70.0
2024-06-30 09:30:00,658,985.8,70.9,0.0,28.0,1.5,702.009,40.141,70.0
2024-06-30 09:45:00,693,985.8,70.2,0.0,28.4,1.6,729.006,42.706,70.0
2024-06-30 10:00:00,725,985.8,69.7,0.0,28.7,1.7,771.008,44.556,70.0
2024-06-30 10:15:00,754,985.8,69.0,0.0,29.1,1.8,808.002,46.264,70.0
2024-06-30 10:30:00,780,985.8,67.8,0.0,29.3,1.9,835.005,47.827,70.0
2024-06-30 10:45:00,802,985.8,66.1,0.0,29.6,2.0,865.003,49.131,70.0
2024-06-30 11:00:00,821,985.8,64.4,0.0,29.9,2.1,887.004,49.858,70.0
2024-06-30 11:15:00,836,985.8,63.1,0.0,30.2,2.1,920.002,50.419,70.0
2024-06-30 11:30:00,847,985.8,62.3,0.0,30.3,2.2,912.008,50.752,70.0
2024-06-30 11:45:00,855,985.8,61.9,0.0,30.5,2.3,934.008,50.544,70.0
2024-06-30 12:00:00,858,985.8,61.7,0.0,30.6,2.3,903.005,50.804,70.0
2024-06-30 12:15:00,858,985.8,61.7,0.0,30.6,2.4,920.006,50.318,70.0
2024-06-30 12:30:00,854,985.8,61.8,0.0,30.8,2.5,928.003,50.455,70.0
2024-06-30 12:45:00,846,985.8,61.7,0.0,30.9,2.5,921.003,50.058,70.0
2024-06-30 13:00:00,835,985.8,61.2,0.0,31.1,2.6,905.006,48.946,70.0
2024-06-30 13:15:00,820,985.8,60.8,0.1,31.2,2.6,878.005,48.028,70.0
2024-06-30 13:30:00,801,985.8,61.5,0.1,31.2,2.7,869.009,39.55,70.0
2024-06-30 13:45:00,780,985.8,62.7,0.1,31.1,2.8,857.007,46.446,70.0
2024-06-30 14:00:00,755,985.8,63.4,0.0,31.1,2.8,821.01,44.369,70.0
2024-06-30 14:15:00,726,985.8,61.7,0.0,31.3,2.9,815.005,42.753,70.0
2024-06-30 14:30:00,695,985.8,60.4,0.0,31.5,2.9,744.004,41.212,70.0
2024-06-30 14:45:00,662,985.8,59.6,0.0,31.5,3.0,729.009,39.137,70.0
2024-06-30 15:00:00,625,985.8,59.5,0.1,31.5,3.0,704.001,36.611,70.0
2024-06-30 15:15:00,587,985.8,60.2,0.1,31.5,3.0,657.007,34.668,70.0
2024-06-30 15:30:00,547,985.8,60.7,0.1,31.4,3.0,611.002,31.886,70.0
2024-06-30 15:45:00,505,985.8,60.4,0.0,31.5,3.1,567.002,29.323,70.0
2024-06-30 16:00:00,460,985.8,59.7,0.0,31.5,3.0,533.003,26.062,70.0
2024-06-30 16:15:00,414,985.8,60.0,0.0,31.4,3.0,478.007,22.822,70.0
2024-06-30 16:30:00,367,985.8,61.1,0.0,31.3,3.0,442.009,19.85,70.0
2024-06-30 16:45:00,321,985.8,61.8,0.0,31.2,3.0,402.004,16.755,70.0
2024-06-30 17:00:00,277,985.8,61.4,0.0,31.2,2.9,341.007,13.941,70.0
2024-06-30 17:15:00,235,985.8,61.4,0.0,31.0,2.9,280.007,11.204,70.0
2024-06-30 17:30:00,196,985.8,62.4,0.0,30.8,2.8,245.005,8.723,70.0
2024-06-30 17:45:00,161,985.8,64.6,0.0,30.5,2.8,160.007,7.033,70.0
2024-06-30 18:00:00,130,985.8,66.7,0.0,30.2,2.8,177.007,6.656,70.0
2024-06-30 18:15:00,102,985.8,68.3,0.0,29.9,2.8,126.003,4.586,70.0
2024-06-30 18:30:00,77,985.8,70.5,0.0,29.5,2.8,87.001,3.182,70.0
2024-06-30 18:45:00,55,985.8,73.0,0.0,29.0,2.7,51.005,2.06,70.0
2024-06-30 19:00:00,35,985.8,75.1,0.0,28.5,2.7,20.003,0.833,70.0
2024-06-30 19:15:00,16,985.8,76.8,0.0,28.1,2.7,0.0,0.143,70.0
2024-06-30 19:30:00,1,985.8,77.9,0.0,27.8,2.7,0.0,0.0,70.0
2024-06-30 19:45:00,0,985.8,78.5,0.0,27.6,2.6,0.0,0.0,70.0
2024-06-30 20:00:00,0,985.8,78.9,0.0,27.4,2.6,0.0,0.0,70.0
2024-06-30 20:15:00,0,985.8,79.6,0.0,27.2,2.5,0.0,0.0,70.0
2024-06-30 20:30:00,0,985.8,80.7,0.0,26.9,2.4,0.0,0.0,70.0
2024-06-30 20:45:00,0,985.8,82.8,0.0,26.7,2.4,0.0,0.0,70.0
2024-06-30 21:00:00,0,985.8,84.6,0.0,26.4,2.3,0.0,0.0,70.0
2024-06-30 21:15:00,0,985.8,85.7,0.0,26.2,2.3,0.0,0.0,70.0
2024-06-30 21:30:00,0,985.8,86.8,0.0,25.9,2.2,0.0,0.0,70.0
2024-06-30 21:45:00,0,985.8,87.8,0.0,25.7,2.2,0.0,0.0,70.0
2024-06-30 22:00:00,0,985.8,89.0,0.0,25.5,2.1,0.0,0.0,70.0
2024-06-30 22:15:00,0,985.8,89.9,0.0,25.3,2.1,0.0,0.0,70.0
2024-06-30 22:30:00,0,985.8,90.6,0.0,25.1,2.1,0.0,0.0,70.0
2024-06-30 22:45:00,0,985.8,90.9,0.0,24.9,2.0,0.0,0.0,70.0
2024-06-30 23:00:00,0,985.8,91.2,0.0,24.7,2.0,0.0,0.0,70.0
2024-06-30 23:15:00,0,985.8,91.6,0.0,24.5,1.9,0.0,0.0,70.0
2024-06-30 23:30:00,0,985.8,91.9,0.0,24.4,1.9,0.0,0.0,70.0
2024-06-30 23:45:00,0,985.8,92.2,0.0,24.3,1.8,0.0,0.0,70.0
2024-07-01 00:00:00,0,985.8,89.3,0.0,23.9,1.8,0.0,0.0,70.0
2024-07-01 00:15:00,0,985.8,89.6,0.0,23.8,1.7,0.0,0.0,70.0
2024-07-01 00:30:00,0,985.8,90.0,0.0,23.6,1.6,0.0,0.0,70.0
2024-07-01 00:45:00,0,985.8,90.3,0.0,23.6,1.5,0.0,0.0,70.0
2024-07-01 01:00:00,0,985.8,90.7,0.0,23.5,1.4,0.0,0.0,70.0
2024-07-01 01:15:00,0,985.8,91.1,0.0,23.4,1.4,0.0,0.0,70.0
2024-07-01 01:30:00,0,985.8,91.4,0.0,23.3,1.3,0.0,0.0,70.0
2024-07-01 01:45:00,0,985.8,91.8,0.0,23.3,1.2,0.0,0.0,70.0
2024-07-01 02:00:00,0,985.8,92.2,0.0,23.2,1.2,0.0,0.0,70.0
2024-07-01 02:15:00,0,985.8,92.6,0.0,23.1,1.1,0.0,0.0,70.0
2024-07-01 02:30:00,0,985.8,92.9,0.0,23.0,1.0,0.0,0.0,70.0
2024-07-01 02:45:00,0,985.8,93.2,0.0,22.9,1.0,0.0,0.0,70.0
2024-07-01 03:00:00,0,985.8,93.5,0.0,22.9,0.9,0.0,0.0,70.0
2024-07-01 03:15:00,0,985.8,93.8,0.0,22.8,0.9,0.0,0.0,70.0
2024-07-01 03:30:00,0,985.8,94.1,0.0,22.7,0.8,0.0,0.0,70.0
2024-07-01 03:45:00,0,985.8,94.4,0.0,22.7,0.8,0.0,0.0,70.0
2024-07-01 04:00:00,0,985.8,94.7,0.0,22.6,0.7,0.0,0.0,70.0
2024-07-01 04:15:00,0,985.8,94.9,0.0,22.5,0.7,0.0,0.0,70.0
2024-07-01 04:30:00,0,985.8,95.1,0.0,22.5,0.7,0.0,0.0,70.0
2024-07-01 04:45:00,0,985.8,95.3,0.0,22.4,0.6,0.0,0.0,70.0
2024-07-01 05:00:00,0,985.8,95.4,0.0,22.4,0.6,0.0,0.0,70.0
2024-07-01 05:15:00,14,985.8,95.5,0.0,22.3,0.6,8.008,0.491,70.0
2024-07-01 05:30:00,39,985.8,95.5,0.0,22.3,0.6,16.008,0.765,70.0
2024-07-01 05:45:00,63,985.8,95.4,0.0,22.4,0.6,12.001,0.755,70.0
2024-07-01 06:00:00,88,985.8,95.3,0.0,22.5,0.6,25.009,1.539,70.0
2024-07-01 06:15:00,113,985.8,95.3,0.0,22.7,0.7,49.001,3.496,70.0
2024-07-01 06:30:00,139,985.8,95.0,0.0,23.0,0.7,102.001,6.123,70.0
2024-07-01 06:45:00,165,985.8,94.3,0.0,23.4,0.8,92.004,6.073,70.0
2024-07-01 07:00:00,194,985.8,93.1,0.0,23.7,0.8,101.004,5.46,70.0
2024-07-01 07:15:00,224,985.8,91.9,0.0,24.1,0.9,131.01,7.259,70.0
2024-07-01 07:30:00,257,985.8,91.1,0.0,24.5,0.9,146.007,7.661,70.0
2024-07-01 07:45:00,290,985.8,89.8,0.0,25.0,1.0,173.005,9.307,70.0
2024-07-01 08:00:00,325,985.8,88.7,0.0,25.4,1.1,223.001,12.911,70.0
2024-07-01 08:15:00,360,985.8,87.6,0.0,25.8,1.2,472.008,21.799,70.0
2024-07-01 08:30:00,394,985.8,86.5,0.0,26.3,1.3,266.008,24.126,70.0
2024-07-01 08:45:00,426,985.8,84.8,0.0,26.8,1.4,667.0,39.481,70.0
2024-07-01 09:00:00,455,985.8,83.0,0.0,27.3,1.5,697.002,42.66,70.0
2024-07-01 09:15:00,479,985.8,81.0,0.0,27.8,1.6,415.009,32.262,70.0
2024-07-01 09:30:00,496,985.8,79.4,0.0,28.2,1.7,789.008,30.38,70.0
2024-07-01 09:45:00,505,985.8,76.8,0.0,28.7,1.8,874.004,49.804,70.0
2024-07-01 10:00:00,504,985.8,75.5,0.0,29.1,2.0,954.009,30.027,70.0
2024-07-01 10:15:00,492,985.8,74.0,0.0,29.4,2.2,332.004,19.531,70.0
2024-07-01 10:30:00,471,985.8,71.8,0.0,29.7,2.3,929.0,40.847,70.0
2024-07-01 10:45:00,442,985.8,71.0,0.0,30.0,2.5,863.005,43.879,70.0
2024-07-01 11:00:00,408,985.8,69.4,0.0,30.2,2.7,608.006,45.977,70.0
2024-07-01 11:15:00,371,985.8,67.8,0.0,30.4,2.9,1006.002,52.895,70.0
2024-07-01 11:30:00,332,985.8,65.8,0.0,30.6,3.1,989.003,46.582,70.0
2024-07-01 11:45:00,295,985.8,64.8,0.0,30.8,3.2,609.009,34.87,70.0
2024-07-01 12:00:00,261,985.8,63.9,0.0,30.9,3.4,498.009,27.097,70.0
2024-07-01 12:15:00,233,985.8,62.9,0.0,31.0,3.6,420.0,21.308,70.0
2024-07-01 12:30:00,213,985.8,61.1,0.0,31.1,3.8,242.002,10.888,70.0
2024-07-01 12:45:00,203,985.8,62.5,0.1,30.3,3.9,145.002,12.962,70.0
2024-07-01 13:00:00,203,985.8,62.7,0.1,30.2,4.1,202.001,9.452,70.0
2024-07-01 13:15:00,209,985.8,63.3,0.1,30.3,4.2,100.003,3.765,70.0
2024-07-01 13:30:00,221,985.8,63.1,0.1,30.2,4.3,46.004,1.696,70.0
2024-07-01 13:45:00,237,985.8,62.3,0.0,30.2,4.4,33.002,1.657,70.0
2024-07-01 14:00:00,254,985.8,61.5,0.0,30.1,4.5,50.001,3.476,70.0
2024-07-01 14:15:00,271,985.8,62.9,0.0,29.9,4.6,103.01,5.888,70.0
2024-07-01 14:30:00,286,985.8,65.9,0.1,29.3,4.6,121.006,7.341,70.0
2024-07-01 14:45:00,297,985.8,66.7,0.1,29.3,4.7,116.004,6.428,70.0
2024-07-01 15:00:00,303,985.8,65.9,0.1,29.4,4.7,96.005,3.884,70.0
2024-07-01 15:15:00,304,985.8,65.8,0.3,29.2,4.7,98.001,3.416,70.0
2024-07-01 15:30:00,298,985.8,66.5,0.2,29.1,4.7,90.009,5.092,70.0
2024-07-01 15:45:00,285,985.8,68.2,0.3,28.5,4.6,92.009,4.618,70.0
2024-07-01 16:00:00,267,985.8,68.4,0.2,28.6,4.5,93.007,4.098,70.0
2024-07-01 16:15:00,246,985.8,67.4,0.0,28.5,4.4,32.001,1.405,70.0
2024-07-01 16:30:00,223,985.8,67.3,0.0,28.2,4.3,30.008,0.852,70.0
2024-07-01 16:45:00,199,985.8,67.5,0.0,28.1,4.2,68.0,3.111,70.0
2024-07-01 17:00:00,175,985.8,68.1,0.0,27.9,4.1,64.006,3.827,70.0
2024-07-01 17:15:00,151,985.8,68.8,0.0,27.7,4.0,76.004,4.852,70.0
2024-07-01 17:30:00,129,985.8,69.8,0.0,27.4,3.8,100.005,5.813,70.0
2024-07-01 17:45:00,107,985.8,72.1,0.0,27.1,3.7,100.002,5.774,70.0
2024-07-01 18:00:00,88,985.8,73.6,0.0,26.7,3.5,69.001,3.558,70.0
2024-07-01 18:15:00,70,985.8,75.3,0.0,26.5,3.4,37.007,1.708,70.0
2024-07-01 18:30:00,54,985.8,77.3,0.0,26.3,3.2,17.001,1.146,70.0
2024-07-01 18:45:00,39,985.8,78.7,0.0,26.0,3.1,15.009,0.625,70.0
2024-07-01 19:00:00,25,985.8,80.4,0.0,25.7,3.0,15.009,0.683,70.0
2024-07-01 19:15:00,12,985.8,82.4,0.0,25.4,2.9,0.0,0.107,70.0
2024-07-01 19:30:00,1,985.8,84.2,0.0,25.3,2.8,0.0,0.0,70.0
2024-07-01 19:45:00,0,985.8,85.7,0.0,25.1,2.7,0.0,0.0,70.0
2024-07-01 20:00:00,0,985.8,87.0,0.0,24.9,2.5,0.0,0.0,70.0
2024-07-01 20:15:00,0,985.8,88.2,0.0,24.7,2.4,0.0,0.0,70.0
2024-07-01 20:30:00,0,985.8,89.2,0.0,24.6,2.4,0.0,0.0,70.0
2024-07-01 20:45:00,0,985.8,90.0,0.0,24.4,2.3,0.0,0.0,70.0
2024-07-01 21:00:00,0,985.8,90.6,0.0,24.2,2.3,0.0,0.0,70.0
2024-07-01 21:15:00,0,985.8,91.1,0.0,24.1,2.2,0.0,0.0,70.0
2024-07-01 21:30:00,0,985.8,91.4,0.0,23.9,2.2,0.0,0.0,70.0
2024-07-01 21:45:00,0,985.8,91.6,0.0,23.7,2.2,0.0,0.0,70.0
2024-07-01 22:00:00,0,985.8,91.8,0.0,23.6,2.1,0.0,0.0,70.0
2024-07-01 22:15:00,0,985.8,91.9,0.0,23.5,2.1,0.0,0.0,70.0
2024-07-01 22:30:00,0,985.8,92.2,0.0,23.4,2.1,0.0,0.0,70.0
2024-07-01 22:45:00,0,985.8,92.9,0.0,23.3,2.1,0.0,0.0,70.0
2024-07-01 23:00:00,0,985.8,93.7,0.0,23.2,2.1,0.0,0.0,70.0
2024-07-01 23:15:00,0,985.8,94.4,0.0,23.1,2.1,0.0,0.0,70.0
2024-07-01 23:30:00,0,985.8,95.0,0.0,23.0,2.1,0.0,0.0,70.0
2024-07-01 23:45:00,0,985.8,95.1,0.0,23.0,2.1,0.0,0.0,70.0
2024-07-02 00:00:00,0,985.8,96.3,0.0,23.3,3.2,0.0,0.0,70.0
2024-07-02 00:15:00,0,985.8,96.6,0.0,23.2,3.2,0.0,0.0,70.0
2024-07-02 00:30:00,0,985.8,97.0,0.0,23.2,3.3,0.0,0.0,70.0
2024-07-02 00:45:00,0,985.8,97.3,0.0,23.2,3.3,0.0,0.0,70.0
2024-07-02 01:00:00,0,985.8,97.5,0.0,23.2,3.3,0.0,0.0,70.0
2024-07-02 01:15:00,0,985.8,97.7,0.0,23.2,3.4,0.0,0.0,70.0
2024-07-02 01:30:00,0,985.8,97.9,0.0,23.2,3.4,0.0,0.0,70.0
2024-07-02 01:45:00,0,985.8,97.5,0.1,23.2,3.5,0.0,0.0,70.0
2024-07-02 02:00:00,0,985.8,97.5,0.1,23.1,3.6,0.0,0.0,70.0
2024-07-02 02:15:00,0,985.8,97.9,0.0,23.1,3.7,0.0,0.0,70.0
2024-07-02 02:30:00,0,985.7,98.1,0.2,23.1,3.7,0.0,0.0,70.0
2024-07-02 02:45:00,0,985.7,98.2,0.1,23.0,3.8,0.0,0.0,70.0
2024-07-02 03:00:00,0,985.7,98.1,0.2,23.0,3.8,0.0,0.0,70.0
2024-07-02 03:15:00,0,985.7,98.2,0.1,22.9,3.8,0.0,0.0,70.0
2024-07-02 03:30:00,0,985.7,98.0,0.0,22.9,3.9,0.0,0.0,70.0
2024-07-02 03:45:00,0,985.7,97.5,0.0,22.9,3.9,0.0,0.0,70.0
2024-07-02 04:00:00,0,985.7,97.2,0.0,22.9,3.9,0.0,0.0,70.0
2024-07-02 04:15:00,0,985.7,96.8,0.0,22.8,3.9,0.0,0.0,70.0
2024-07-02 04:30:00,0,985.7,96.1,0.0,22.8,4.0,0.0,0.0,70.0
2024-07-02 04:45:00,0,985.7,95.7,0.0,22.7,4.0,0.0,0.0,70.0
2024-07-02 05:00:00,0,985.7,95.2,0.0,22.6,4.0,0.0,0.0,70.0
2024-07-02 05:15:00,4,985.7,95.2,0.0,22.5,4.1,0.0,0.006,70.0
2024-07-02 05:30:00,10,985.7,95.3,0.0,22.4,4.1,0.0,0.08,70.0
2024-07-02 05:45:00,17,985.7,95.2,0.0,22.4,4.2,8.002,0.163,70.0
2024-07-02 06:00:00,23,985.7,95.4,0.0,22.3,4.2,14.003,0.345,70.0
2024-07-02 06:15:00,30,985.7,95.2,0.0,22.3,4.2,8.001,0.293,70.0
2024-07-02 06:30:00,37,985.7,95.1,0.0,22.2,4.3,11.009,0.313,70.0
2024-07-02 06:45:00,45,985.7,95.2,0.0,22.2,4.3,32.001,2.197,70.0
2024-07-02 07:00:00,54,985.7,95.3,0.0,22.1,4.3,101.002,1.756,70.0
2024-07-02 07:15:00,63,985.7,95.2,0.0,22.1,4.3,55.007,3.751,70.0
2024-07-02 07:30:00,73,985.7,94.5,0.0,22.2,4.3,93.0,2.655,70.0
2024-07-02 07:45:00,83,985.7,94.1,0.1,22.3,4.3,84.009,5.185,70.0
2024-07-02 08:00:00,94,985.7,93.7,0.0,22.3,4.3,95.002,5.915,70.0
2024-07-02 08:15:00,106,985.7,92.8,0.0,22.4,4.3,89.006,5.011,70.0
2024-07-02 08:30:00,118,985.7,91.4,0.0,22.5,4.3,84.003,4.84,70.0
2024-07-02 08:45:00,130,985.7,90.0,0.0,22.6,4.3,49.005,4.309,70.0
2024-07-02 09:00:00,141,985.7,89.4,0.0,22.7,4.3,93.008,6.211,70.0
2024-07-02 09:15:00,152,985.7,89.3,0.0,22.8,4.3,152.0,7.185,70.0
2024-07-02 09:30:00,162,985.7,88.9,0.0,23.1,4.3,99.005,6.518,70.0
2024-07-02 09:45:00,171,985.7,87.8,0.0,23.3,4.2,141.005,9.049,70.0
2024-07-02 10:00:00,177,985.7,86.1,0.0,23.6,4.2,150.007,11.148,70.0
2024-07-02 10:15:00,180,985.7,84.7,0.1,23.8,4.1,175.0,10.863,70.0
2024-07-02 10:30:00,180,985.7,84.2,0.2,24.0,4.1,135.001,9.608,70.0
2024-07-02 10:45:00,179,985.7,83.9,0.0,24.1,4.0,200.004,11.429,70.0
2024-07-02 11:00:00,177,985.7,82.6,0.0,24.3,3.9,193.003,11.818,70.0
2024-07-02 11:15:00,175,985.8,81.4,0.1,24.6,3.8,114.001,7.755,70.0
2024-07-02 11:30:00,174,985.8,80.1,0.1,25.2,3.7,103.008,7.074,70.0
2024-07-02 11:45:00,175,985.8,79.8,0.2,25.3,3.6,128.007,9.492,70.0
2024-07-02 12:00:00,179,985.8,79.7,0.1,25.3,3.5,118.009,6.745,70.0
2024-07-02 12:15:00,185,985.8,78.1,0.1,25.7,3.4,314.003,14.06,70.0
2024-07-02 12:30:00,197,985.8,76.2,0.0,26.0,3.3,174.007,9.659,70.0
2024-07-02 12:45:00,213,985.8,74.3,0.1,26.2,3.2,80.001,6.041,70.0
2024-07-02 13:00:00,237,985.8,72.8,0.1,26.4,3.1,85.002,5.918,70.0
2024-07-02 13:15:00,267,985.8,72.1,0.2,26.6,3.0,83.007,6.981,70.0
2024-07-02 13:30:00,301,985.8,70.6,0.0,27.0,2.9,106.004,5.208,70.0
2024-07-02 13:45:00,336,985.8,70.5,0.2,27.0,2.8,130.01,7.536,70.0
2024-07-02 14:00:00,370,985.8,71.6,0.2,27.0,2.7,272.01,9.487,70.0
2024-07-02 14:15:00,401,985.8,70.6,0.1,27.0,2.7,126.006,8.894,70.0
2024-07-02 14:30:00,427,985.8,69.4,0.0,27.4,2.6,190.003,12.458,70.0
2024-07-02 14:45:00,446,985.8,69.3,0.2,27.3,2.5,208.008,11.907,70.0
2024-07-02 15:00:00,457,985.8,70.2,0.2,27.2,2.4,153.004,14.661,70.0
2024-07-02 15:15:00,459,985.8,69.0,0.0,27.6,2.4,207.001,13.039,70.0
2024-07-02 15:30:00,451,985.8,68.9,0.0,27.6,2.3,259.008,23.716,70.0
2024-07-02 15:45:00,433,985.8,69.2,0.0,27.6,2.2,270.01,14.864,70.0
2024-07-02 16:00:00,407,985.8,68.7,0.0,27.7,2.1,241.006,13.832,70.0
2024-07-02 16:15:00,374,985.8,68.5,0.0,27.7,2.0,329.009,16.121,70.0
2024-07-02 16:30:00,338,985.8,68.5,0.0,27.7,2.0,604.002,26.257,70.0
2024-07-02 16:45:00,299,985.8,68.5,0.1,27.6,2.0,610.001,19.679,70.0
2024-07-02 17:00:00,260,985.8,67.7,0.0,27.8,1.9,283.009,14.746,70.0
2024-07-02 17:15:00,222,985.8,67.3,0.0,27.7,1.9,201.002,9.94,70.0
2024-07-02 17:30:00,186,985.8,69.9,0.2,27.3,1.9,156.008,5.998,70.0
2024-07-02 17:45:00,152,985.8,74.3,0.3,26.7,1.9,108.001,7.956,70.0
2024-07-02 18:00:00,123,985.8,77.5,0.2,26.5,1.9,276.003,4.838,70.0
2024-07-02 18:15:00,96,985.8,78.4,0.1,26.4,1.9,145.01,2.39,70.0
2024-07-02 18:30:00,73,985.8,79.3,0.0,26.4,1.8,110.004,1.791,70.0
2024-07-02 18:45:00,53,985.8,80.0,0.0,26.2,1.8,61.007,1.607,70.0
2024-07-02 19:00:00,34,985.8,81.1,0.1,26.0,1.8,19.0,0.681,70.0
2024-07-02 19:15:00,16,985.8,83.3,0.3,25.6,1.7,0.0,0.0,70.0
2024-07-02 19:30:00,1,985.8,85.7,0.4,25.2,1.7,0.0,0.0,70.0
2024-07-02 19:45:00,0,985.8,86.7,0.1,25.0,1.7,0.0,0.0,70.0
2024-07-02 20:00:00,0,985.8,87.2,0.0,24.8,1.6,0.0,0.0,70.0
2024-07-02 20:15:00,0,985.8,87.6,0.1,24.7,1.6,0.0,0.0,70.0
2024-07-02 20:30:00,0,985.8,88.4,0.0,24.6,1.6,0.0,0.0,70.0
2024-07-02 20:45:00,0,985.8,89.2,0.0,24.5,1.6,0.0,0.0,70.0
2024-07-02 21:00:00,0,985.8,89.7,0.0,24.4,1.6,0.0,0.0,70.0
2024-07-02 21:15:00,0,985.8,89.9,0.0,24.3,1.6,0.0,0.0,70.0
2024-07-02 21:30:00,0,985.8,90.3,0.0,24.2,1.7,0.0,0.0,70.0
2024-07-02 21:45:00,0,985.8,90.9,0.0,24.0,1.7,0.0,0.0,70.0
2024-07-02 22:00:00,0,985.8,91.6,0.0,23.9,1.7,0.0,0.0,70.0
2024-07-02 22:15:00,0,985.8,92.2,0.0,23.8,1.7,0.0,0.0,70.0
2024-07-02 22:30:00,0,985.8,92.6,0.0,23.7,1.7,0.0,0.0,70.0
2024-07-02 22:45:00,0,985.8,93.0,0.0,23.6,1.8,0.0,0.0,70.0
2024-07-02 23:00:00,0,985.8,93.3,0.0,23.5,1.8,0.0,0.0,70.0
2024-07-02 23:15:00,0,985.8,93.7,0.0,23.4,1.8,0.0,0.0,70.0
2024-07-02 23:30:00,0,985.8,94.0,0.0,23.3,1.8,0.0,0.0,70.0
2024-07-02 23:45:00,0,985.8,94.3,0.0,23.2,1.8,0.0,0.0,70.0
2024-07-03 00:00:00,0,985.8,92.0,0.0,20.4,2.1,0.0,0.0,70.0
2024-07-03 00:15:00,0,985.8,92.5,0.0,20.3,2.0,0.0,0.0,70.0
2024-07-03 00:30:00,0,985.8,92.9,0.0,20.2,2.0,0.0,0.0,70.0
2024-07-03 00:45:00,0,985.8,92.9,0.0,20.1,1.9,0.0,0.0,70.0
2024-07-03 01:00:00,0,985.8,92.9,0.0,20.0,1.9,0.0,0.0,70.0
2024-07-03 01:15:00,0,985.8,93.2,0.0,20.0,1.9,0.0,0.0,70.0
2024-07-03 01:30:00,0,985.8,93.4,0.0,19.9,1.8,0.0,0.0,70.0
2024-07-03 01:45:00,0,985.8,93.5,0.0,19.8,1.8,0.0,0.0,70.0
2024-07-03 02:00:00,0,985.8,93.8,0.0,19.8,1.8,0.0,0.0,70.0
2024-07-03 02:15:00,0,985.8,94.2,0.0,19.7,1.7,0.0,0.0,70.0
2024-07-03 02:30:00,0,985.8,94.8,0.0,19.6,1.7,0.0,0.0,70.0
2024-07-03 02:45:00,0,985.8,95.1,0.0,19.6,1.7,0.0,0.0,70.0
2024-07-03 03:00:00,0,985.8,95.4,0.0,19.6,1.6,0.0,0.0,70.0
2024-07-03 03:15:00,0,985.8,95.4,0.0,19.6,1.6,0.0,0.0,70.0
2024-07-03 03:30:00,0,985.8,95.4,0.0,19.6,1.6,0.0,0.0,70.0
2024-07-03 03:45:00,0,985.8,95.3,0.0,19.6,1.6,0.0,0.0,70.0
2024-07-03 04:00:00,0,985.8,95.2,0.0,19.5,1.6,0.0,0.0,70.0
2024-07-03 04:15:00,0,985.8,95.1,0.0,19.4,1.5,0.0,0.0,70.0
2024-07-03 04:30:00,0,985.8,95.2,0.0,19.4,1.5,0.0,0.0,70.0
2024-07-03 04:45:00,0,985.8,95.4,0.0,19.3,1.6,0.0,0.0,70.0
2024-07-03 05:00:00,0,985.8,95.6,0.0,19.3,1.6,0.0,0.0,70.0
2024-07-03 05:15:00,15,985.8,95.9,0.0,19.3,1.6,23.001,1.21,70.0
2024-07-03 05:30:00,43,985.8,96.1,0.0,19.3,1.6,48.007,2.991,70.0
2024-07-03 05:45:00,71,985.8,96.2,0.0,19.3,1.6,83.007,4.46,70.0
2024-07-03 06:00:00,100,985.8,96.1,0.0,19.5,1.6,66.005,3.494,70.0
2024-07-03 06:15:00,130,985.8,95.7,0.0,19.7,1.6,64.009,2.996,70.0
2024-07-03 06:30:00,160,985.8,95.0,0.0,19.9,1.7,202.008,7.942,70.0
2024-07-03 06:45:00,192,985.8,94.1,0.0,20.1,1.7,252.01,10.868,70.0
2024-07-03 07:00:00,226,985.8,92.9,0.0,20.4,1.8,379.001,16.464,70.0
2024-07-03 07:15:00,262,985.8,91.7,0.0,20.8,1.8,340.002,16.042,70.0
2024-07-03 07:30:00,301,985.8,90.3,0.0,21.2,1.9,460.008,23.303,70.0
2024-07-03 07:45:00,341,985.8,88.8,0.0,21.6,2.0,465.009,22.891,70.0
2024-07-03 08:00:00,383,985.8,86.7,0.0,22.1,2.0,522.002,26.322,70.0
2024-07-03 08:15:00,426,985.8,84.5,0.0,22.7,2.1,547.002,27.736,70.0
2024-07-03 08:30:00,469,985.8,82.6,0.0,23.2,2.2,569.002,34.98,70.0
2024-07-03 08:45:00,513,985.8,80.8,0.0,23.8,2.3,302.0,23.3,70.0
2024-07-03 09:00:00,555,985.8,78.5,0.0,24.4,2.3,734.003,41.899,70.0
2024-07-03 09:15:00,595,985.8,75.8,0.0,24.9,2.4,507.005,39.755,70.0
2024-07-03 09:30:00,632,985.8,73.4,0.0,25.5,2.5,450.001,33.155,70.0
2024-07-03 09:45:00,665,985.8,72.3,0.0,25.9,2.6,652.001,42.481,70.0
2024-07-03 10:00:00,694,985.9,71.2,0.0,26.3,2.6,694.007,37.762,70.0
2024-07-03 10:15:00,720,985.9,69.8,0.0,26.7,2.7,730.009,44.486,70.0
2024-07-03 10:30:00,743,985.9,68.1,0.0,27.1,2.8,818.008,44.391,70.0
2024-07-03 10:45:00,762,985.9,66.8,0.0,27.5,2.9,945.005,45.911,70.0
2024-07-03 11:00:00,777,985.9,65.7,0.0,27.8,2.9,977.001,44.968,70.0
2024-07-03 11:15:00,789,985.9,64.2,0.0,28.2,3.0,1008.003,49.604,70.0
2024-07-03 11:30:00,797,985.9,62.6,0.0,28.5,3.1,783.004,37.0,70.0
2024-07-03 11:45:00,802,985.9,61.3,0.0,28.8,3.1,1006.006,54.216,70.0
2024-07-03 12:00:00,804,985.9,60.6,0.0,29.0,3.2,973.0,54.903,70.0
2024-07-03 12:15:00,803,985.9,60.6,0.0,29.3,3.2,952.001,44.753,70.0
2024-07-03 12:30:00,800,985.9,61.2,0.0,29.5,3.3,1008.003,56.431,70.0
2024-07-03 12:45:00,794,985.9,61.8,0.0,29.7,3.3,983.007,54.389,70.0
2024-07-03 13:00:00,786,985.9,61.6,0.0,29.9,3.3,885.002,47.606,70.0
2024-07-03 13:15:00,776,985.9,61.1,0.0,30.1,3.3,1013.006,53.9,70.0
2024-07-03 13:30:00,763,985.9,61.0,0.0,30.2,3.4,932.0,31.05,70.0
2024-07-03 13:45:00,747,985.9,60.6,0.0,30.3,3.4,1054.001,46.504,70.0
2024-07-03 14:00:00,729,985.9,59.4,0.0,30.4,3.4,752.004,50.387,70.0
2024-07-03 14:15:00,707,985.9,58.7,0.0,30.5,3.4,875.009,46.975,70.0
2024-07-03 14:30:00,682,985.9,58.9,0.0,30.6,3.4,823.005,44.901,70.0
2024-07-03 14:45:00,654,985.9,59.3,0.0,30.7,3.4,780.004,42.72,70.0
2024-07-03 15:00:00,624,985.9,59.4,0.0,30.7,3.4,752.005,39.928,70.0
2024-07-03 15:15:00,590,985.9,59.5,0.0,30.7,3.4,710.006,37.58,70.0
2024-07-03 15:30:00,553,985.9,60.1,0.0,30.7,3.4,681.002,35.863,70.0
2024-07-03 15:45:00,514,985.9,61.0,0.0,30.6,3.4,626.003,31.39,70.0
2024-07-03 16:00:00,472,985.9,61.7,0.0,30.6,3.3,583.006,25.683,70.0
2024-07-03 16:15:00,427,985.9,62.0,0.0,30.6,3.3,533.002,25.066,70.0
2024-07-03 16:30:00,382,985.9,62.2,0.0,30.5,3.3,287.001,16.955,70.0
2024-07-03 16:45:00,337,985.9,62.8,0.0,30.4,3.2,429.004,16.645,70.0
2024-07-03 17:00:00,294,985.9,63.3,0.0,30.3,3.2,265.004,15.503,70.0
2024-07-03 17:15:00,252,985.9,63.9,0.0,30.2,3.2,314.01,10.544,70.0
2024-07-03 17:30:00,213,985.9,64.2,0.0,30.0,3.2,244.003,8.375,70.0
2024-07-03 17:45:00,177,985.9,64.6,0.0,29.9,3.1,234.007,6.465,70.0
2024-07-03 18:00:00,144,985.9,65.5,0.0,29.7,3.1,177.0,4.405,70.0
2024-07-03 18:15:00,114,985.9,67.3,0.0,29.5,3.0,132.006,3.465,70.0
2024-07-03 18:30:00,87,985.9,69.7,0.0,29.1,3.0,95.006,2.491,70.0
2024-07-03 18:45:00,63,985.9,72.2,0.0,28.6,3.0,14.002,0.541,70.0
2024-07-03 19:00:00,40,985.9,74.0,0.0,28.2,3.0,0.0,0.278,70.0
2024-07-03 19:15:00,19,985.9,75.5,0.0,27.7,2.9,0.0,0.127,70.0
2024-07-03 19:30:00,1,985.9,77.1,0.0,27.4,2.9,0.0,0.0,70.0
2024-07-03 19:45:00,0,985.9,78.5,0.0,27.1,2.8,0.0,0.0,70.0
2024-07-03 20:00:00,0,985.9,79.7,0.0,26.9,2.8,0.0,0.0,70.0
2024-07-03 20:15:00,0,985.9,81.0,0.0,26.7,2.7,0.0,0.0,70.0
2024-07-03 20:30:00,0,985.9,82.1,0.0,26.5,2.6,0.0,0.0,70.0
2024-07-03 20:45:00,0,985.9,83.6,0.0,26.3,2.6,0.0,0.0,70.0
2024-07-03 21:00:00,0,985.9,85.6,0.0,26.1,2.5,0.0,0.0,70.0
2024-07-03 21:15:00,0,985.9,87.6,0.0,25.9,2.5,0.0,0.0,70.0
2024-07-03 21:30:00,0,985.9,89.1,0.0,25.8,2.4,0.0,0.0,70.0
2024-07-03 21:45:00,0,985.9,89.9,0.0,25.6,2.4,0.0,0.0,70.0
2024-07-03 22:00:00,0,985.9,90.4,0.0,25.5,2.4,0.0,0.0,70.0
2024-07-03 22:15:00,0,985.9,91.0,0.0,25.3,2.4,0.0,0.0,70.0
2024-07-03 22:30:00,0,985.9,91.7,0.0,25.2,2.3,0.0,0.0,70.0
2024-07-03 22:45:00,0,985.9,92.4,0.0,25.1,2.3,0.0,0.0,70.0
2024-07-03 23:00:00,0,985.9,93.1,0.0,25.0,2.3,0.0,0.0,70.0
2024-07-03 23:15:00,0,985.9,93.6,0.0,24.9,2.3,0.0,0.0,70.0
2024-07-03 23:30:00,0,985.9,94.1,0.0,24.8,2.3,0.0,0.0,70.0
2024-07-03 23:45:00,0,985.9,94.6,0.0,24.7,2.3,0.0,0.0,70.0
2024-07-04 00:00:00,0,985.9,92.3,0.0,24.7,2.6,0.0,0.0,70.0
2024-07-04 00:15:00,0,985.9,93.1,0.0,24.6,2.6,0.0,0.0,70.0
2024-07-04 00:30:00,0,985.9,93.6,0.0,24.5,2.6,0.0,0.0,70.0
2024-07-04 00:45:00,0,985.9,93.9,0.0,24.5,2.6,0.0,0.0,70.0
2024-07-04 01:00:00,0,985.9,94.3,0.0,24.4,2.6,0.0,0.0,70.0
2024-07-04 01:15:00,0,985.9,94.6,0.0,24.4,2.6,0.0,0.0,70.0
2024-07-04 01:30:00,0,985.9,95.0,0.0,24.3,2.6,0.0,0.0,70.0
2024-07-04 01:45:00,0,985.9,95.5,0.0,24.3,2.6,0.0,0.0,70.0
2024-07-04 02:00:00,0,985.8,95.9,0.0,24.2,2.6,0.0,0.0,70.0
2024-07-04 02:15:00,0,985.8,96.3,0.0,24.2,2.6,0.0,0.0,70.0
2024-07-04 02:30:00,0,985.8,96.7,0.0,24.2,2.7,0.0,0.0,70.0
2024-07-04 02:45:00,0,985.8,96.9,0.0,24.2,2.7,0.0,0.0,70.0
2024-07-04 03:00:00,0,985.8,97.2,0.0,24.2,2.8,0.0,0.0,70.0
2024-07-04 03:15:00,0,985.8,97.3,0.0,24.2,2.8,0.0,0.0,70.0
2024-07-04 03:30:00,0,985.8,97.0,0.0,24.2,2.8,0.0,0.0,70.0
2024-07-04 03:45:00,0,985.8,96.7,0.0,24.2,2.8,0.0,0.0,70.0
2024-07-04 04:00:00,0,985.8,96.8,0.0,24.2,2.8,0.0,0.0,70.0
2024-07-04 04:15:00,0,985.8,96.9,0.0,24.1,2.8,0.0,0.0,70.0
2024-07-04 04:30:00,0,985.8,96.8,0.0,24.1,2.9,0.0,0.0,70.0
2024-07-04 04:45:00,0,985.8,95.7,0.0,24.1,2.9,0.0,0.0,70.0
2024-07-04 05:00:00,0,985.8,93.7,0.0,24.0,3.0,0.0,0.0,70.0
2024-07-04 05:15:00,2,985.8,92.1,0.0,24.1,3.0,0.0,0.179,70.0
2024-07-04 05:30:00,7,985.8,86.8,0.0,23.8,3.1,0.0,0.14,70.0
2024-07-04 05:45:00,12,985.8,87.7,0.0,23.3,3.2,0.0,0.027,70.0
2024-07-04 06:00:00,16,985.8,89.2,0.0,22.9,3.2,0.0,0.078,70.0
2024-07-04 06:15:00,21,985.8,90.0,0.2,22.6,3.3,0.0,0.078,70.0
2024-07-04 06:30:00,27,985.8,92.7,0.3,22.2,3.3,0.0,0.058,70.0
2024-07-04 06:45:00,32,985.8,94.5,0.3,21.8,3.4,0.0,0.088,70.0
2024-07-04 07:00:00,37,985.8,95.0,0.6,21.6,3.4,0.0,0.128,70.0
2024-07-04 07:15:00,43,985.8,96.0,0.6,21.4,3.4,0.0,0.068,70.0
2024-07-04 07:30:00,48,985.8,96.1,0.6,21.3,3.5,0.0,0.048,70.0
2024-07-04 07:45:00,54,985.8,96.6,0.5,21.1,3.5,0.0,0.089,70.0
2024-07-04 08:00:00,60,985.8,96.9,0.7,21.1,3.6,0.0,0.078,70.0
2024-07-04 08:15:00,66,985.8,96.9,0.3,21.0,3.6,0.0,0.038,70.0
2024-07-04 08:30:00,73,985.8,96.9,0.5,21.1,3.6,14.009,0.841,70.0
2024-07-04 08:45:00,80,985.8,96.5,0.4,21.1,3.6,63.001,8.926,70.0
2024-07-04 09:00:00,88,985.8,95.8,0.4,21.3,3.6,98.001,5.282,70.0
2024-07-04 09:15:00,98,985.8,95.8,0.5,21.3,3.6,129.006,21.412,70.0
2024-07-04 09:30:00,108,985.8,96.1,0.5,21.5,3.6,253.01,10.062,70.0
2024-07-04 09:45:00,120,985.8,95.9,0.5,21.7,3.6,97.004,5.203,70.0
2024-07-04 10:00:00,134,985.8,95.2,0.6,21.9,3.5,62.004,4.437,70.0
2024-07-04 10:15:00,148,985.8,94.6,0.4,22.1,3.5,87.009,4.048,70.0
2024-07-04 10:30:00,164,985.8,94.1,0.5,22.2,3.5,88.008,5.075,70.0
2024-07-04 10:45:00,180,985.8,93.3,0.5,22.4,3.4,219.004,6.898,70.0
2024-07-04 11:00:00,197,985.8,92.9,0.4,22.5,3.3,164.003,9.667,70.0
2024-07-04 11:15:00,215,985.8,92.6,0.4,22.6,3.2,138.006,7.76,70.0
2024-07-04 11:30:00,234,985.8,92.1,0.4,22.8,3.2,179.009,14.191,70.0
2024-07-04 11:45:00,253,985.8,91.7,0.2,23.0,3.1,225.003,17.546,70.0
2024-07-04 12:00:00,273,985.8,91.0,0.2,23.1,3.1,183.002,31.011,70.0
2024-07-04 12:15:00,292,985.8,90.6,0.1,23.3,3.0,278.005,22.42,70.0
2024-07-04 12:30:00,312,985.8,90.4,0.0,23.4,3.0,653.003,29.906,70.0
2024-07-04 12:45:00,331,985.8,90.0,0.0,23.6,2.9,311.006,28.028,70.0
2024-07-04 13:00:00,354,985.8,89.8,0.0,23.6,2.9,238.009,17.588,70.0
2024-07-04 13:15:00,379,985.8,89.7,0.0,23.7,2.8,148.007,9.639,70.0
2024-07-04 13:30:00,404,985.8,89.2,0.0,23.9,2.8,266.007,17.343,70.0
2024-07-04 13:45:00,429,985.8,88.7,0.0,24.2,2.7,472.008,24.369,70.0
2024-07-04 14:00:00,451,985.8,87.9,0.0,24.4,2.6,296.007,28.976,70.0
2024-07-04 14:15:00,469,985.8,87.2,0.0,24.6,2.6,844.002,42.039,70.0
2024-07-04 14:30:00,483,985.8,87.0,0.0,24.7,2.5,202.007,35.332,70.0
2024-07-04 14:45:00,490,985.8,86.9,0.0,24.8,2.5,107.002,16.218,70.0
2024-07-04 15:00:00,490,985.8,86.8,0.0,24.9,2.4,267.005,36.416,70.0
2024-07-04 15:15:00,483,985.8,86.4,0.0,25.0,2.4,473.005,14.004,70.0
2024-07-04 15:30:00,468,985.8,86.0,0.0,25.2,2.4,262.001,11.771,70.0
2024-07-04 15:45:00,445,985.8,85.3,0.0,25.3,2.3,705.001,24.097,70.0
2024-07-04 16:00:00,415,985.8,84.7,0.0,25.4,2.3,626.004,30.779,70.0
2024-07-04 16:15:00,380,985.8,84.9,0.0,25.4,2.2,493.0,19.555,70.0
2024-07-04 16:30:00,341,985.8,84.7,0.0,25.5,2.2,532.002,20.721,70.0
2024-07-04 16:45:00,300,985.8,84.1,0.0,25.6,2.2,443.005,11.436,70.0
2024-07-04 17:00:00,260,985.8,83.8,0.0,25.6,2.1,399.0,13.187,70.0
2024-07-04 17:15:00,221,985.8,84.2,0.0,25.5,2.1,148.0,6.485,70.0
2024-07-04 17:30:00,184,985.8,84.7,0.0,25.5,2.0,138.008,7.724,70.0
2024-07-04 17:45:00,151,985.8,85.2,0.0,25.4,2.0,107.001,6.945,70.0
2024-07-04 18:00:00,121,985.8,85.5,0.0,25.2,2.0,102.005,5.894,70.0
2024-07-04 18:15:00,94,985.8,86.0,0.0,25.1,2.0,170.004,6.906,70.0
2024-07-04 18:30:00,71,985.8,86.8,0.0,24.9,1.9,76.001,4.152,70.0
2024-07-04 18:45:00,51,985.8,87.7,0.0,24.8,1.9,42.001,2.089,70.0
2024-07-04 19:00:00,33,985.8,88.5,0.0,24.5,1.9,24.004,0.986,70.0
2024-07-04 19:15:00,15,985.8,89.2,0.0,24.4,1.9,7.009,0.31,70.0
2024-07-04 19:30:00,1,985.8,89.9,0.0,24.2,1.9,0.0,0.0,70.0
2024-07-04 19:45:00,0,985.8,90.4,0.0,24.1,1.8,0.0,0.0,70.0
2024-07-04 20:00:00,0,985.8,91.0,0.0,23.9,1.8,0.0,0.0,70.0
2024-07-04 20:15:00,0,985.8,91.7,0.0,23.8,1.8,0.0,0.0,70.0
2024-07-04 20:30:00,0,985.8,92.6,0.0,23.6,1.8,0.0,0.0,70.0
2024-07-04 20:45:00,0,985.8,93.4,0.0,23.4,1.8,0.0,0.0,70.0
2024-07-04 21:00:00,0,985.8,93.9,0.0,23.3,1.8,0.0,0.0,70.0
2024-07-04 21:15:00,0,985.8,94.1,0.0,23.2,1.8,0.0,0.0,70.0
2024-07-04 21:30:00,0,985.8,94.3,0.0,23.2,1.8,0.0,0.0,70.0
2024-07-04 21:45:00,0,985.8,94.4,0.0,23.1,1.8,0.0,0.0,70.0
2024-07-04 22:00:00,0,985.8,94.4,0.0,23.1,1.9,0.0,0.0,70.0
2024-07-04 22:15:00,0,985.8,94.4,0.0,23.0,1.9,0.0,0.0,70.0
2024-07-04 22:30:00,0,985.8,94.5,0.0,22.9,1.9,0.0,0.0,70.0
2024-07-04 22:45:00,0,985.8,94.8,0.0,22.9,1.9,0.0,0.0,70.0
2024-07-04 23:00:00,0,985.8,95.1,0.0,22.8,1.9,0.0,0.0,70.0
2024-07-04 23:15:00,0,985.8,95.5,0.0,22.8,1.9,0.0,0.0,70.0
2024-07-04 23:30:00,0,985.8,95.9,0.0,22.7,1.8,0.0,0.0,70.0
2024-07-04 23:45:00,0,985.8,96.2,0.0,22.7,1.8,0.0,0.0,70.0
2024-07-05 00:00:00,0,985.8,93.5,0.0,23.0,1.6,0.0,0.0,70.0
2024-07-05 00:15:00,0,985.8,93.7,0.0,22.9,1.6,0.0,0.0,70.0
2024-07-05 00:30:00,0,985.8,93.8,0.0,22.9,1.5,0.0,0.0,70.0
2024-07-05 00:45:00,0,985.8,93.9,0.0,22.9,1.5,0.0,0.0,70.0
2024-07-05 01:00:00,0,985.8,94.0,0.0,22.9,1.4,0.0,0.0,70.0
2024-07-05 01:15:00,0,985.8,94.2,0.0,22.8,1.3,0.0,0.0,70.0
2024-07-05 01:30:00,0,985.8,94.5,0.0,22.8,1.3,0.0,0.0,70.0
2024-07-05 01:45:00,0,985.8,94.8,0.0,22.8,1.2,0.0,0.0,70.0
2024-07-05 02:00:00,0,985.8,95.1,0.0,22.7,1.2,0.0,0.0,70.0
2024-07-05 02:15:00,0,985.8,95.5,0.0,22.7,1.1,0.0,0.0,70.0
2024-07-05 02:30:00,0,985.8,96.0,0.0,22.6,1.1,0.0,0.0,70.0
2024-07-05 02:45:00,0,985.8,96.3,0.0,22.6,1.0,0.0,0.0,70.0
2024-07-05 03:00:00,0,985.8,96.7,0.0,22.5,1.0,0.0,0.0,70.0
2024-07-05 03:15:00,0,985.8,97.0,0.0,22.5,0.9,0.0,0.0,70.0
2024-07-05 03:30:00,0,985.8,97.3,0.0,22.4,0.9,0.0,0.0,70.0
2024-07-05 03:45:00,0,985.8,97.6,0.0,22.3,0.9,0.0,0.0,70.0
2024-07-05 04:00:00,0,985.8,97.8,0.0,22.3,0.8,0.0,0.0,70.0
2024-07-05 04:15:00,0,985.8,97.8,0.0,22.3,0.8,0.0,0.0,70.0
2024-07-05 04:30:00,0,985.8,97.9,0.0,22.2,0.7,0.0,0.0,70.0
2024-07-05 04:45:00,0,985.8,97.9,0.0,22.2,0.7,0.0,0.0,70.0
2024-07-05 05:00:00,0,985.8,97.9,0.0,22.2,0.7,0.0,0.0,70.0
2024-07-05 05:15:00,13,985.8,98.0,0.0,22.2,0.7,11.002,0.661,70.0
2024-07-05 05:30:00,40,985.8,98.1,0.0,22.1,0.7,19.001,1.426,70.0
2024-07-05 05:45:00,67,985.8,98.5,0.0,22.1,0.7,34.009,2.484,70.0
2024-07-05 06:00:00,95,985.8,98.8,0.0,22.2,0.8,44.003,3.84,70.0
2024-07-05 06:15:00,123,985.8,98.8,0.0,22.3,0.9,56.002,4.951,70.0
2024-07-05 06:30:00,152,985.8,98.6,0.0,22.4,0.9,72.008,3.413,70.0
2024-07-05 06:45:00,182,985.8,98.4,0.0,22.6,1.0,89.009,3.502,70.0
2024-07-05 07:00:00,213,985.8,98.0,0.0,22.7,1.1,94.008,6.635,70.0
2024-07-05 07:15:00,246,985.8,97.2,0.0,22.9,1.2,139.004,9.044,70.0
2024-07-05 07:30:00,280,985.8,97.0,0.0,23.1,1.3,189.005,9.599,70.0
2024-07-05 07:45:00,316,985.8,96.7,0.0,23.3,1.5,125.0,6.408,70.0
2024-07-05 08:00:00,352,985.8,96.0,0.0,23.5,1.6,131.004,12.763,70.0
2024-07-05 08:15:00,389,985.8,95.6,0.0,23.8,1.7,87.009,6.434,70.0
2024-07-05 08:30:00,425,985.8,95.0,0.0,24.1,1.8,280.003,18.123,70.0
2024-07-05 08:45:00,461,985.8,93.9,0.0,24.5,1.9,513.006,24.699,70.0
2024-07-05 09:00:00,494,985.8,91.8,0.0,25.1,2.1,796.009,31.847,70.0
2024-07-05 09:15:00,525,985.8,89.7,0.0,25.6,2.2,796.0,31.708,70.0
2024-07-05 09:30:00,552,985.8,87.6,0.0,26.2,2.4,799.006,39.122,70.0
2024-07-05 09:45:00,574,985.8,85.9,0.0,26.7,2.5,770.008,45.729,70.0
2024-07-05 10:00:00,591,985.8,84.3,0.0,27.2,2.6,297.0,42.818,70.0
2024-07-05 10:15:00,604,985.8,82.3,0.0,27.6,2.8,610.007,38.324,70.0
2024-07-05 10:30:00,613,985.8,81.2,0.0,28.0,2.9,311.004,11.988,70.0
2024-07-05 10:45:00,618,985.8,80.4,0.0,28.4,3.0,198.001,11.627,70.0
2024-07-05 11:00:00,618,985.8,79.1,0.0,28.8,3.1,126.005,4.912,70.0
2024-07-05 11:15:00,615,985.9,78.2,0.0,29.1,3.2,111.006,5.487,70.0
2024-07-05 11:30:00,609,985.9,77.6,0.0,29.4,3.3,138.009,7.154,70.0
2024-07-05 11:45:00,600,985.9,77.2,0.0,29.7,3.4,109.002,8.298,70.0
2024-07-05 12:00:00,588,985.9,76.5,0.0,29.8,3.4,907.007,27.782,70.0
2024-07-05 12:15:00,575,985.9,77.5,0.0,29.7,3.5,702.007,25.916,70.0
2024-07-05 12:30:00,560,985.9,80.0,0.0,29.5,3.5,885.008,34.227,70.0
2024-07-05 12:45:00,545,985.9,82.0,0.0,29.5,3.5,395.001,17.203,70.0
2024-07-05 13:00:00,527,985.9,82.7,0.2,29.7,3.6,359.002,35.79,70.0
2024-07-05 13:15:00,508,985.9,82.2,0.1,29.6,3.6,358.008,12.889,70.0
2024-07-05 13:30:00,487,985.9,82.8,0.0,29.6,3.7,108.005,8.286,70.0
2024-07-05 13:45:00,465,985.9,83.8,0.0,29.7,3.7,600.006,21.387,70.0
2024-07-05 14:00:00,442,985.9,81.9,0.0,30.0,3.7,259.01,11.489,70.0
2024-07-05 14:15:00,417,985.9,80.8,0.0,30.1,3.6,67.003,2.862,70.0
2024-07-05 14:30:00,392,985.8,81.8,0.0,29.9,3.7,133.007,10.744,70.0
2024-07-05 14:45:00,365,985.8,82.7,0.0,29.9,3.6,244.007,15.193,70.0
2024-07-05 15:00:00,339,985.8,82.0,0.0,29.9,3.6,346.0,20.598,70.0
2024-07-05 15:15:00,312,985.8,80.4,0.0,30.1,3.7,397.005,15.817,70.0
2024-07-05 15:30:00,285,985.8,79.3,0.0,30.2,3.7,175.008,6.105,70.0
2024-07-05 15:45:00,258,985.8,80.6,0.0,29.8,3.7,110.004,8.68,70.0
2024-07-05 16:00:00,231,985.8,81.6,0.2,29.5,3.7,120.006,8.7,70.0
2024-07-05 16:15:00,203,985.8,85.6,0.3,29.0,3.8,150.007,6.872,70.0
2024-07-05 16:30:00,177,985.8,86.6,0.1,28.6,3.8,48.006,4.437,70.0
2024-07-05 16:45:00,151,985.8,86.5,0.0,28.6,3.9,45.01,2.54,70.0
2024-07-05 17:00:00,127,985.8,87.2,0.2,28.6,4.0,51.004,3.066,70.0
2024-07-05 17:15:00,105,985.8,89.6,0.3,28.3,4.1,49.005,1.329,70.0
2024-07-05 17:30:00,85,985.8,90.5,0.1,28.2,4.2,19.003,0.719,70.0
2024-07-05 17:45:00,68,985.8,91.0,0.0,28.1,4.2,7.0,0.232,70.0
2024-07-05 18:00:00,53,985.8,91.5,0.1,27.9,4.2,0.0,0.16,70.0
2024-07-05 18:15:00,40,985.8,92.1,0.0,27.7,4.3,0.0,0.099,70.0
2024-07-05 18:30:00,29,985.8,92.0,0.2,27.5,4.3,0.0,0.059,70.0
2024-07-05 18:45:00,20,985.8,92.4,0.2,27.4,4.4,0.0,0.039,70.0
2024-07-05 19:00:00,13,985.8,93.1,0.2,27.1,4.5,0.0,0.028,70.0
2024-07-05 19:15:00,6,985.8,94.7,0.3,26.8,4.6,0.0,0.0,70.0
2024-07-05 19:30:00,0,985.8,96.2,0.2,26.6,4.7,0.0,0.0,70.0
2024-07-05 19:45:00,0,985.8,96.5,0.0,26.5,4.8,0.0,0.0,70.0
2024-07-05 20:00:00,0,985.8,97.0,0.3,26.4,4.9,0.0,0.0,70.0
2024-07-05 20:15:00,0,985.8,97.3,0.4,26.3,4.9,0.0,0.0,70.0
2024-07-05 20:30:00,0,985.8,97.3,0.5,26.3,5.0,0.0,0.0,70.0
2024-07-05 20:45:00,0,985.8,96.6,0.6,26.4,5.0,0.0,0.0,70.0
2024-07-05 21:00:00,0,985.8,96.5,0.3,26.4,5.1,0.0,0.0,70.0
2024-07-05 21:15:00,0,985.8,97.1,0.2,26.3,5.2,0.0,0.0,70.0
2024-07-05 21:30:00,0,985.8,97.0,0.4,26.3,5.2,0.0,0.0,70.0
2024-07-05 21:45:00,0,985.8,95.9,0.4,26.4,5.3,0.0,0.0,70.0
2024-07-05 22:00:00,0,985.8,95.6,0.5,26.5,5.3,0.0,0.0,70.0
2024-07-05 22:15:00,0,985.8,96.0,0.6,26.5,5.3,0.0,0.0,70.0
2024-07-05 22:30:00,0,985.8,96.2,0.1,26.6,5.3,0.0,0.0,70.0
2024-07-05 22:45:00,0,985.8,96.4,0.4,26.7,5.3,0.0,0.0,70.0
2024-07-05 23:00:00,0,985.8,96.3,0.5,26.8,5.4,0.0,0.0,70.0
2024-07-05 23:15:00,0,985.8,95.6,0.3,26.9,5.4,0.0,0.0,70.0
2024-07-05 23:30:00,0,985.8,95.4,0.2,26.9,5.5,0.0,0.0,70.0
2024-07-05 23:45:00,0,985.8,95.3,0.1,26.9,5.6,0.0,0.0,70.0
2024-07-06 00:00:00,0,985.8,92.2,0.0,27.1,5.1,0.0,0.0,70.0
2024-07-06 00:15:00,0,985.8,93.0,0.2,27.1,5.1,0.0,0.0,70.0
2024-07-06 00:30:00,0,985.8,92.9,0.0,27.0,5.2,0.0,0.0,70.0
2024-07-06 00:45:00,0,985.8,93.1,0.3,27.0,5.2,0.0,0.0,70.0
2024-07-06 01:00:00,0,985.8,94.7,0.3,26.7,5.2,0.0,0.0,70.0
2024-07-06 01:15:00,0,985.8,94.7,0.3,26.5,5.2,0.0,0.0,70.0
2024-07-06 01:30:00,0,985.8,94.6,0.0,26.0,5.2,0.0,0.0,70.0
2024-07-06 01:45:00,0,985.7,94.8,0.2,25.6,5.1,0.0,0.0,70.0
2024-07-06 02:00:00,0,985.7,95.3,0.0,25.4,5.1,0.0,0.0,70.0
2024-07-06 02:15:00,0,985.7,95.0,0.3,25.3,5.0,0.0,0.0,70.0
2024-07-06 02:30:00,0,985.7,94.1,0.0,25.1,4.9,0.0,0.0,70.0
2024-07-06 02:45:00,0,985.7,95.3,0.1,25.0,4.8,0.0,0.0,70.0
2024-07-06 03:00:00,0,985.7,96.5,0.0,24.8,4.7,0.0,0.0,70.0
2024-07-06 03:15:00,0,985.7,96.8,0.0,24.8,4.6,0.0,0.0,70.0
2024-07-06 03:30:00,0,985.7,96.8,0.0,24.7,4.5,0.0,0.0,70.0
2024-07-06 03:45:00,0,985.7,96.8,0.0,24.7,4.4,0.0,0.0,70.0
2024-07-06 04:00:00,0,985.7,96.6,0.0,24.6,4.4,0.0,0.0,70.0
2024-07-06 04:15:00,0,985.7,96.0,0.1,24.6,4.3,0.0,0.0,70.0
2024-07-06 04:30:00,0,985.7,95.0,0.2,24.5,4.3,0.0,0.0,70.0
2024-07-06 04:45:00,0,985.7,94.3,0.1,24.3,4.3,0.0,0.0,70.0
2024-07-06 05:00:00,0,985.7,94.4,0.2,24.1,4.3,0.0,0.0,70.0
2024-07-06 05:15:00,4,985.7,94.8,0.1,24.0,4.2,0.0,0.092,70.0
2024-07-06 05:30:00,12,985.7,94.9,0.2,23.9,4.2,9.002,0.307,70.0
2024-07-06 05:45:00,21,985.7,94.6,0.2,23.9,4.2,13.008,0.475,70.0
2024-07-06 06:00:00,30,985.7,94.5,0.1,23.8,4.1,32.005,1.445,70.0
2024-07-06 06:15:00,41,985.7,93.9,0.0,23.7,4.1,56.004,3.02,70.0
2024-07-06 06:30:00,54,985.7,93.4,0.2,23.7,4.1,56.006,2.492,70.0
2024-07-06 06:45:00,70,985.7,92.9,0.0,23.7,4.0,85.002,3.742,70.0
2024-07-06 07:00:00,91,985.7,91.8,0.1,23.8,4.0,64.007,4.687,70.0
2024-07-06 07:15:00,117,985.8,91.2,0.1,24.0,4.0,82.003,4.813,70.0
2024-07-06 07:30:00,149,985.8,91.0,0.1,24.1,3.9,138.001,7.084,70.0
2024-07-06 07:45:00,187,985.8,90.5,0.1,24.3,3.9,84.006,5.558,70.0
2024-07-06 08:00:00,229,985.8,89.4,0.1,24.6,3.8,69.007,5.68,70.0
2024-07-06 08:15:00,275,985.8,87.8,0.0,25.2,3.7,109.007,9.992,70.0
2024-07-06 08:30:00,325,985.8,85.7,0.0,25.5,3.7,198.002,12.433,70.0
2024-07-06 08:45:00,375,985.8,83.7,0.0,25.9,3.6,213.002,15.521,70.0
2024-07-06 09:00:00,425,985.8,81.8,0.0,26.2,3.5,293.009,25.817,70.0
2024-07-06 09:15:00,472,985.8,80.1,0.0,26.6,3.4,280.007,18.113,70.0
2024-07-06 09:30:00,515,985.8,78.7,0.0,27.0,3.3,406.001,17.974,70.0
2024-07-06 09:45:00,551,985.8,77.4,0.0,27.3,3.2,237.005,14.344,70.0
2024-07-06 10:00:00,580,985.8,76.0,0.0,27.6,3.1,260.004,27.287,70.0
2024-07-06 10:15:00,603,985.8,74.7,0.0,27.9,3.0,458.006,20.81,70.0
2024-07-06 10:30:00,620,985.8,73.2,0.0,28.3,2.8,767.007,25.16,70.0
2024-07-06 10:45:00,632,985.8,71.4,0.0,28.6,2.7,1074.006,38.09,70.0
2024-07-06 11:00:00,639,985.8,69.9,0.0,28.9,2.6,345.003,51.514,70.0
2024-07-06 11:15:00,642,985.8,68.5,0.0,29.2,2.6,1100.006,47.933,70.0
2024-07-06 11:30:00,641,985.8,67.9,0.0,29.5,2.5,1174.009,52.942,70.0
2024-07-06 11:45:00,639,985.8,67.5,0.0,29.7,2.4,1065.009,54.703,70.0
2024-07-06 12:00:00,636,985.8,66.7,0.0,29.9,2.4,262.007,40.876,70.0
2024-07-06 12:15:00,632,985.8,65.7,0.0,30.1,2.4,1062.01,49.453,70.0
2024-07-06 12:30:00,630,985.8,64.5,0.0,30.3,2.3,1160.003,45.308,70.0
2024-07-06 12:45:00,629,985.8,63.5,0.0,30.5,2.3,1074.009,52.796,70.0
2024-07-06 13:00:00,630,985.8,63.0,0.0,30.7,2.3,1137.004,52.305,70.0
2024-07-06 13:15:00,632,985.8,63.0,0.0,30.8,2.3,979.008,51.845,70.0
2024-07-06 13:30:00,633,985.8,63.2,0.0,31.0,2.3,968.009,50.428,70.0
2024-07-06 13:45:00,632,985.8,63.0,0.0,31.1,2.3,966.006,48.676,70.0
2024-07-06 14:00:00,629,985.8,62.1,0.0,31.3,2.4,915.005,42.665,70.0
2024-07-06 14:15:00,624,985.8,61.8,0.0,31.3,2.4,268.001,41.792,70.0
2024-07-06 14:30:00,614,985.8,62.4,0.0,31.3,2.4,889.009,45.043,70.0
2024-07-06 14:45:00,601,985.8,63.3,0.0,31.3,2.5,859.008,41.183,70.0
2024-07-06 15:00:00,582,985.8,64.3,0.0,31.3,2.5,703.004,39.414,70.0
2024-07-06 15:15:00,558,985.8,64.5,0.0,31.3,2.6,722.004,32.077,70.0
2024-07-06 15:30:00,529,985.8,63.9,0.0,31.4,2.6,621.008,27.498,70.0
2024-07-06 15:45:00,495,985.8,63.4,0.0,31.4,2.6,628.002,33.029,70.0
2024-07-06 16:00:00,456,985.8,62.3,0.0,31.4,2.6,646.009,29.521,70.0
2024-07-06 16:15:00,413,985.8,61.8,0.0,31.3,2.6,192.009,27.634,70.0
2024-07-06 16:30:00,369,985.8,62.2,0.0,31.4,2.6,575.003,23.87,70.0
2024-07-06 16:45:00,324,985.8,63.3,0.0,31.1,2.6,497.002,13.569,70.0
2024-07-06 17:00:00,280,985.8,64.0,0.0,31.0,2.6,344.002,16.263,70.0
2024-07-06 17:15:00,238,985.8,64.6,0.0,30.9,2.5,189.008,6.767,70.0
2024-07-06 17:30:00,199,985.9,65.9,0.0,30.8,2.5,136.007,6.126,70.0
2024-07-06 17:45:00,164,985.9,66.4,0.0,30.6,2.5,110.005,6.411,70.0
2024-07-06 18:00:00,132,985.9,67.2,0.0,30.4,2.4,58.001,3.322,70.0
2024-07-06 18:15:00,103,985.9,69.7,0.0,30.2,2.4,87.002,4.786,70.0
2024-07-06 18:30:00,78,985.9,72.6,0.0,29.8,2.3,69.009,2.86,70.0
2024-07-06 18:45:00,56,985.9,74.8,0.0,29.4,2.3,56.002,1.977,70.0
2024-07-06 19:00:00,35,985.9,76.1,0.0,29.0,2.3,24.008,0.838,70.0
2024-07-06 19:15:00,16,985.9,76.8,0.0,28.7,2.2,0.0,0.0,70.0
2024-07-06 19:30:00,1,985.9,77.3,0.0,28.5,2.2,0.0,0.0,70.0
2024-07-06 19:45:00,0,985.9,78.3,0.0,28.4,2.1,0.0,0.0,70.0
2024-07-06 20:00:00,0,985.9,79.3,0.0,28.2,2.1,0.0,0.0,70.0
2024-07-06 20:15:00,0,985.9,80.2,0.0,28.0,2.1,0.0,0.0,70.0
2024-07-06 20:30:00,0,985.8,80.9,0.0,27.8,2.0,0.0,0.0,70.0
2024-07-06 20:45:00,0,985.8,81.4,0.0,27.6,1.9,0.0,0.0,70.0
2024-07-06 21:00:00,0,985.8,81.9,0.0,27.5,1.9,0.0,0.0,70.0
2024-07-06 21:15:00,0,985.8,82.2,0.0,27.4,1.9,0.0,0.0,70.0
2024-07-06 21:30:00,0,985.8,82.7,0.0,27.3,1.8,0.0,0.0,70.0
2024-07-06 21:45:00,0,985.8,83.2,0.0,27.1,1.8,0.0,0.0,70.0
2024-07-06 22:00:00,0,985.8,83.8,0.0,27.0,1.8,0.0,0.0,70.0
2024-07-06 22:15:00,0,985.8,84.6,0.0,26.9,1.8,0.0,0.0,70.0
2024-07-06 22:30:00,0,985.8,85.2,0.0,26.8,1.8,0.0,0.0,70.0
2024-07-06 22:45:00,0,985.8,85.7,0.0,26.7,1.7,0.0,0.0,70.0
2024-07-06 23:00:00,0,985.8,86.1,0.0,26.7,1.7,0.0,0.0,70.0
2024-07-06 23:15:00,0,985.8,86.8,0.0,26.6,1.7,0.0,0.0,70.0
2024-07-06 23:30:00,0,985.8,87.5,0.0,26.4,1.7,0.0,0.0,70.0
2024-07-06 23:45:00,0,985.8,88.4,0.0,26.3,1.7,0.0,0.0,70.0
2024-07-07 00:00:00,0,986.0,94.0,0.0,25.8,1.5,0.0,0.0,70.0
2024-07-07 00:15:00,0,986.0,94.3,0.0,25.7,1.4,0.0,0.0,70.0
2024-07-07 00:30:00,0,986.0,94.6,0.0,25.7,1.4,0.0,0.0,70.0
2024-07-07 00:45:00,0,986.0,94.7,0.0,25.7,1.4,0.0,0.0,70.0
2024-07-07 01:00:00,0,986.0,94.7,0.0,25.7,1.4,0.0,0.0,70.0
2024-07-07 01:15:00,0,986.0,94.9,0.0,25.7,1.3,0.0,0.0,70.0
2024-07-07 01:30:00,0,986.0,95.5,0.0,25.6,1.3,0.0,0.0,70.0
2024-07-07 01:45:00,0,986.0,96.1,0.0,25.5,1.3,0.0,0.0,70.0
2024-07-07 02:00:00,0,986.0,96.7,0.0,25.5,1.3,0.0,0.0,70.0
2024-07-07 02:15:00,0,986.0,97.2,0.0,25.4,1.3,0.0,0.0,70.0
2024-07-07 02:30:00,0,986.0,97.5,0.0,25.4,1.2,0.0,0.0,70.0
2024-07-07 02:45:00,0,986.0,97.9,0.0,25.2,1.2,0.0,0.0,70.0
2024-07-07 03:00:00,0,986.0,98.2,0.0,25.2,1.2,0.0,0.0,70.0
2024-07-07 03:15:00,0,986.0,98.5,0.0,25.3,1.2,0.0,0.0,70.0
2024-07-07 03:30:00,0,986.0,98.7,0.0,25.3,1.2,0.0,0.0,70.0
2024-07-07 03:45:00,0,986.0,99.0,0.0,25.2,1.2,0.0,0.0,70.0
2024-07-07 04:00:00,0,986.0,99.3,0.0,25.1,1.2,0.0,0.0,70.0
2024-07-07 04:15:00,0,986.0,99.5,0.0,25.2,1.1,0.0,0.0,70.0
2024-07-07 04:30:00,0,986.0,99.8,0.0,25.1,1.2,0.0,0.0,70.0
2024-07-07 04:45:00,0,986.0,99.9,0.0,25.2,1.2,0.0,0.0,70.0
2024-07-07 05:00:00,0,986.0,100.0,0.0,25.2,1.3,0.0,0.0,70.0
2024-07-07 05:15:00,4,986.0,100.0,0.0,25.2,1.3,0.0,0.114,70.0
2024-07-07 05:30:00,15,986.0,100.0,0.0,25.2,1.4,0.0,0.074,70.0
2024-07-07 05:45:00,25,986.0,100.0,0.0,25.2,1.4,0.0,0.331,70.0
2024-07-07 06:00:00,36,986.0,99.9,0.0,25.2,1.4,16.002,0.593,70.0
2024-07-07 06:15:00,47,986.0,99.8,0.0,25.2,1.5,14.006,0.492,70.0
2024-07-07 06:30:00,57,986.0,99.8,0.0,25.2,1.5,9.005,0.348,70.0
2024-07-07 06:45:00,67,986.0,99.9,0.0,25.3,1.6,0.0,0.248,70.0
2024-07-07 07:00:00,77,986.0,99.9,0.0,25.4,1.6,7.007,0.217,70.0
2024-07-07 07:15:00,86,986.0,99.9,0.0,25.6,1.7,0.0,0.219,70.0
2024-07-07 07:30:00,95,986.0,99.1,0.0,26.0,1.8,10.009,0.381,70.0
2024-07-07 07:45:00,104,986.0,97.9,0.1,26.3,2.0,8.008,0.703,70.0
2024-07-07 08:00:00,111,986.0,96.3,0.0,26.8,2.1,8.008,0.377,70.0
2024-07-07 08:15:00,118,986.0,94.4,0.0,27.2,2.3,0.0,0.257,70.0
2024-07-07 08:30:00,124,986.0,93.8,0.0,27.2,2.4,10.007,0.469,70.0
2024-07-07 08:45:00,129,986.0,93.1,0.0,27.4,2.5,12.009,0.424,70.0
2024-07-07 09:00:00,133,986.0,92.7,0.0,27.6,2.7,8.008,0.305,70.0
2024-07-07 09:15:00,136,986.0,92.5,0.0,27.8,2.8,8.0,0.222,70.0
2024-07-07 09:30:00,138,986.0,90.8,0.0,28.2,2.9,0.0,0.171,70.0
2024-07-07 09:45:00,139,986.0,89.4,0.3,28.3,3.1,0.0,0.202,70.0
2024-07-07 10:00:00,137,986.0,88.3,0.0,28.8,3.2,8.007,0.232,70.0
2024-07-07 10:15:00,134,986.0,90.0,0.2,28.4,3.2,8.005,0.333,70.0
2024-07-07 10:30:00,128,986.0,90.0,0.0,28.5,3.3,10.003,0.399,70.0
2024-07-07 10:45:00,121,986.0,90.1,0.3,28.3,3.3,16.005,0.757,70.0
2024-07-07 11:00:00,113,986.0,89.6,0.4,28.2,3.4,14.002,0.784,70.0
2024-07-07 11:15:00,105,986.0,89.5,0.0,28.0,3.4,16.002,0.793,70.0
2024-07-07 11:30:00,97,986.0,86.0,0.1,28.8,3.4,0.0,0.14,70.0
2024-07-07 11:45:00,89,986.0,84.4,0.2,29.0,3.5,23.003,0.895,70.0
2024-07-07 12:00:00,83,986.0,83.5,0.0,29.2,3.5,16.006,0.226,70.0
2024-07-07 12:15:00,78,986.0,82.6,0.0,29.6,3.6,22.009,1.207,70.0
2024-07-07 12:30:00,76,986.0,81.8,0.0,29.9,3.6,22.007,0.796,70.0
2024-07-07 12:45:00,76,986.0,80.2,0.2,30.1,3.6,20.0,0.915,70.0
2024-07-07 13:00:00,79,986.0,79.3,0.1,30.3,3.7,22.008,1.007,70.0
2024-07-07 13:15:00,85,986.0,79.4,0.3,30.2,3.6,27.004,1.373,70.0
2024-07-07 13:30:00,92,986.0,83.8,0.3,29.6,3.6,39.008,1.268,70.0
2024-07-07 13:45:00,101,986.0,82.4,0.1,29.3,3.5,34.008,1.41,70.0
2024-07-07 14:00:00,109,986.0,82.4,0.0,29.5,3.5,35.002,1.893,70.0
2024-07-07 14:15:00,118,986.0,84.4,0.1,29.4,3.4,36.008,1.553,70.0
2024-07-07 14:30:00,125,986.0,86.3,0.0,29.0,3.4,38.008,2.14,70.0
2024-07-07 14:45:00,130,986.0,85.1,0.0,28.6,3.3,26.01,1.276,70.0
2024-07-07 15:00:00,133,986.0,84.5,0.0,28.4,3.3,48.005,2.053,70.0
2024-07-07 15:15:00,134,986.0,86.0,0.0,28.0,3.2,48.009,1.897,70.0
2024-07-07 15:30:00,132,986.0,87.4,0.0,27.8,3.2,23.006,0.888,70.0
2024-07-07 15:45:00,126,986.0,88.1,0.0,27.6,3.2,23.007,1.005,70.0
2024-07-07 16:00:00,119,986.0,89.7,0.2,27.3,3.2,25.005,1.357,70.0
2024-07-07 16:15:00,110,986.0,91.5,0.3,26.9,3.2,49.004,2.045,70.0
2024-07-07 16:30:00,100,986.0,92.7,0.2,26.2,3.2,51.006,2.672,70.0
2024-07-07 16:45:00,89,986.0,93.1,0.1,25.8,3.2,54.009,2.57,70.0
2024-07-07 17:00:00,79,986.0,92.5,0.2,25.7,3.2,46.0,2.813,70.0
2024-07-07 17:15:00,68,986.0,92.1,0.3,25.6,3.3,83.003,4.844,70.0
2024-07-07 17:30:00,58,986.0,92.3,0.2,25.5,3.3,59.003,2.851,70.0
2024-07-07 17:45:00,48,986.0,91.7,0.3,25.1,3.3,47.002,2.884,70.0
2024-07-07 18:00:00,39,986.0,91.1,0.2,24.8,3.3,67.008,3.531,70.0
2024-07-07 18:15:00,31,986.0,92.3,0.2,24.6,3.3,35.008,1.594,70.0
2024-07-07 18:30:00,24,985.9,93.0,0.2,24.5,3.3,75.009,3.647,70.0
2024-07-07 18:45:00,17,985.9,94.7,0.2,24.3,3.2,39.004,1.527,70.0
2024-07-07 19:00:00,11,986.0,95.3,0.1,24.3,3.2,17.0,0.589,70.0
2024-07-07 19:15:00,5,986.0,95.7,0.4,24.2,3.2,0.0,0.0,70.0
2024-07-07 19:30:00,0,986.0,95.5,0.5,24.2,3.2,0.0,0.0,70.0
2024-07-07 19:45:00,0,986.0,95.5,0.1,24.2,3.1,0.0,0.0,70.0
2024-07-07 20:00:00,0,985.9,96.2,0.1,24.0,3.1,0.0,0.0,70.0
2024-07-07 20:15:00,0,985.9,96.4,0.3,23.9,3.0,0.0,0.0,70.0
2024-07-07 20:30:00,0,985.9,96.9,0.3,23.9,3.0,0.0,0.0,70.0
2024-07-07 20:45:00,0,985.9,97.4,0.0,23.8,3.0,0.0,0.0,70.0
2024-07-07 21:00:00,0,985.9,97.6,0.2,23.7,3.0,0.0,0.0,70.0
2024-07-07 21:15:00,0,985.9,97.5,0.0,23.7,3.0,0.0,0.0,70.0
2024-07-07 21:30:00,0,985.9,97.5,0.4,23.6,2.9,0.0,0.0,70.0
2024-07-07 21:45:00,0,985.9,97.6,0.0,23.5,2.9,0.0,0.0,70.0
2024-07-07 22:00:00,0,985.9,97.4,0.0,23.4,2.9,0.0,0.0,70.0
2024-07-07 22:15:00,0,985.9,97.4,0.0,23.4,2.8,0.0,0.0,70.0
2024-07-07 22:30:00,0,985.9,97.6,0.0,23.4,2.8,0.0,0.0,70.0
2024-07-07 22:45:00,0,985.9,97.9,0.1,23.3,2.7,0.0,0.0,70.0
2024-07-07 23:00:00,0,985.9,98.3,0.2,23.3,2.7,0.0,0.0,70.0
2024-07-07 23:15:00,0,985.9,98.9,0.3,23.2,2.7,0.0,0.0,70.0
2024-07-07 23:30:00,0,985.9,99.1,0.0,23.2,2.7,0.0,0.0,70.0
2024-07-07 23:45:00,0,985.9,99.2,0.0,23.2,2.7,0.0,0.0,70.0
2024-07-08 00:00:00,0,985.8,98.5,0.0,23.3,1.3,0.0,0.0,70.0
2024-07-08 00:15:00,0,985.8,98.6,0.0,23.3,1.3,0.0,0.0,70.0
2024-07-08 00:30:00,0,985.8,98.8,0.2,23.3,1.2,0.0,0.0,70.0
2024-07-08 00:45:00,0,985.8,98.9,0.3,23.4,1.2,0.0,0.0,70.0
2024-07-08 01:00:00,0,985.8,99.1,0.2,23.4,1.2,0.0,0.0,70.0
2024-07-08 01:15:00,0,985.8,99.1,0.2,23.4,1.2,0.0,0.0,70.0
2024-07-08 01:30:00,0,985.8,99.2,0.3,23.5,1.2,0.0,0.0,70.0
2024-07-08 01:45:00,0,985.8,99.1,0.4,23.5,1.2,0.0,0.0,70.0
2024-07-08 02:00:00,0,985.8,99.2,0.1,23.6,1.2,0.0,0.0,70.0
2024-07-08 02:15:00,0,985.8,99.3,0.2,23.6,1.2,0.0,0.0,70.0
2024-07-08 02:30:00,0,985.8,99.0,0.2,23.6,1.2,0.0,0.0,70.0
2024-07-08 02:45:00,0,985.8,99.0,0.2,23.6,1.2,0.0,0.0,70.0
2024-07-08 03:00:00,0,985.8,99.0,0.0,23.6,1.2,0.0,0.0,70.0
2024-07-08 03:15:00,0,985.8,99.0,0.1,23.7,1.2,0.0,0.0,70.0
2024-07-08 03:30:00,0,985.8,99.0,0.2,23.7,1.2,0.0,0.0,70.0
2024-07-08 03:45:00,0,985.8,99.1,0.2,23.7,1.2,0.0,0.0,70.0
2024-07-08 04:00:00,0,985.8,99.1,0.2,23.7,1.2,0.0,0.0,70.0
2024-07-08 04:15:00,0,985.8,98.9,0.1,23.7,1.2,0.0,0.0,70.0
2024-07-08 04:30:00,0,985.8,99.0,0.3,23.7,1.2,0.0,0.0,70.0
2024-07-08 04:45:00,0,985.8,99.1,0.4,23.7,1.1,0.0,0.0,70.0
2024-07-08 05:00:00,0,985.8,99.2,0.3,23.8,1.1,0.0,0.0,70.0
2024-07-08 05:15:00,4,985.8,99.3,0.2,23.8,1.1,8.002,0.403,70.0
2024-07-08 05:30:00,13,985.8,99.3,0.1,23.8,1.1,31.009,1.603,70.0
2024-07-08 05:45:00,23,985.8,99.3,0.1,23.8,1.1,25.004,1.159,70.0
2024-07-08 06:00:00,33,985.8,99.2,0.3,23.8,1.1,29.005,1.914,70.0
2024-07-08 06:15:00,43,985.8,99.2,0.3,23.9,1.1,27.007,0.929,70.0
2024-07-08 06:30:00,54,985.8,99.3,0.4,23.8,1.1,101.0,5.039,70.0
2024-07-08 06:45:00,67,985.8,99.4,0.0,23.9,1.2,108.003,5.709,70.0
2024-07-08 07:00:00,81,985.8,99.5,0.2,23.9,1.2,146.009,7.479,70.0
2024-07-08 07:15:00,97,985.8,99.2,0.2,24.1,1.2,65.006,4.457,70.0
2024-07-08 07:30:00,115,985.8,99.0,0.2,24.2,1.2,82.009,5.689,70.0
2024-07-08 07:45:00,135,985.8,98.6,0.0,24.3,1.3,110.002,5.309,70.0
2024-07-08 08:00:00,157,985.8,98.6,0.0,24.4,1.3,116.007,7.926,70.0
2024-07-08 08:15:00,179,985.8,98.5,0.0,24.5,1.4,146.008,8.382,70.0
2024-07-08 08:30:00,203,985.8,97.9,0.2,24.7,1.4,183.006,11.011,70.0
2024-07-08 08:45:00,226,985.8,97.1,0.3,24.9,1.5,247.008,14.842,70.0
2024-07-08 09:00:00,248,985.8,96.9,0.2,25.0,1.5,393.008,17.897,70.0
2024-07-08 09:15:00,268,985.8,96.9,0.2,25.1,1.6,181.003,9.714,70.0
2024-07-08 09:30:00,285,985.8,96.6,0.3,25.4,1.7,128.001,7.65,70.0
2024-07-08 09:45:00,298,985.8,97.0,0.2,25.3,1.8,147.008,9.203,70.0
2024-07-08 10:00:00,308,985.8,97.2,0.4,25.4,1.8,187.0,10.181,70.0
2024-07-08 10:15:00,314,985.8,97.1,0.3,25.5,1.9,259.005,14.955,70.0
2024-07-08 10:30:00,316,985.8,96.7,0.4,25.6,2.0,324.009,19.496,70.0
2024-07-08 10:45:00,315,985.8,96.0,0.1,25.8,2.0,335.003,20.989,70.0
2024-07-08 11:00:00,311,985.8,94.6,0.0,26.1,2.1,252.002,14.621,70.0
2024-07-08 11:15:00,305,985.8,93.7,0.1,26.2,2.2,169.002,10.844,70.0
2024-07-08 11:30:00,297,985.8,94.0,0.2,26.1,2.2,216.009,9.799,70.0
2024-07-08 11:45:00,287,985.8,94.4,0.2,26.1,2.3,105.007,4.306,70.0
2024-07-08 12:00:00,277,985.8,93.9,0.1,26.4,2.3,46.008,4.475,70.0
2024-07-08 12:15:00,266,985.8,92.6,0.2,26.6,2.3,88.002,6.419,70.0
2024-07-08 12:30:00,256,985.8,91.6,0.2,26.8,2.3,72.006,7.152,70.0
2024-07-08 12:45:00,246,985.8,91.4,0.2,26.8,2.3,171.005,12.322,70.0
2024-07-08 13:00:00,236,985.8,90.8,0.2,26.9,2.3,142.007,11.917,70.0
2024-07-08 13:15:00,225,985.8,90.7,0.2,26.9,2.3,170.005,13.77,70.0
2024-07-08 13:30:00,214,985.8,90.9,0.2,27.0,2.3,273.006,14.525,70.0
2024-07-08 13:45:00,202,985.8,91.5,0.3,26.9,2.3,177.0,8.077,70.0
2024-07-08 14:00:00,190,985.8,92.6,0.3,26.9,2.3,102.006,5.396,70.0
2024-07-08 14:15:00,178,985.8,93.4,0.2,26.8,2.3,199.009,9.374,70.0
2024-07-08 14:30:00,166,985.8,92.8,0.2,26.8,2.3,145.007,9.74,70.0
2024-07-08 14:45:00,154,985.8,93.0,0.3,26.8,2.3,159.009,10.769,70.0
2024-07-08 15:00:00,141,985.8,93.4,0.2,26.8,2.3,168.003,10.798,70.0
2024-07-08 15:15:00,129,985.8,94.0,0.4,26.7,2.3,107.001,4.696,70.0
2024-07-08 15:30:00,118,985.8,94.5,0.4,26.6,2.2,92.009,5.424,70.0
2024-07-08 15:45:00,106,985.8,94.2,0.4,26.6,2.1,70.01,4.054,70.0
2024-07-08 16:00:00,95,985.8,92.6,0.0,26.7,2.1,70.01,4.317,70.0
2024-07-08 16:15:00,84,985.8,91.7,0.0,26.8,2.1,108.001,7.094,70.0
2024-07-08 16:30:00,73,985.8,92.3,0.0,26.6,2.1,149.002,8.782,70.0
2024-07-08 16:45:00,63,985.8,94.0,0.2,26.4,2.1,138.007,8.68,70.0
2024-07-08 17:00:00,54,985.8,95.1,0.2,26.3,2.2,101.004,5.166,70.0
2024-07-08 17:15:00,45,985.8,96.1,0.2,26.2,2.2,59.009,3.853,70.0
2024-07-08 17:30:00,37,985.8,96.9,0.6,26.1,2.2,61.001,3.494,70.0
2024-07-08 17:45:00,30,985.8,98.0,0.3,26.0,2.3,43.002,2.106,70.0
2024-07-08 18:00:00,24,985.8,98.3,0.3,25.9,2.4,24.004,1.392,70.0
2024-07-08 18:15:00,19,985.8,98.7,0.3,25.8,2.5,15.005,0.73,70.0
2024-07-08 18:30:00,14,985.8,98.8,0.1,25.7,2.6,8.004,0.223,70.0
2024-07-08 18:45:00,10,985.8,98.9,0.1,25.6,2.7,0.0,0.172,70.0
2024-07-08 19:00:00,6,985.8,98.9,0.3,25.6,2.8,0.0,0.142,70.0
2024-07-08 19:15:00,3,985.8,99.0,0.3,25.4,2.9,0.0,0.0,70.0
2024-07-08 19:30:00,0,985.8,99.3,0.4,25.3,3.0,0.0,0.0,70.0
2024-07-08 19:45:00,0,985.8,99.4,0.3,25.2,3.1,0.0,0.0,70.0
2024-07-08 20:00:00,0,985.8,98.3,0.1,25.3,3.1,0.0,0.0,70.0
2024-07-08 20:15:00,0,985.8,98.2,0.4,25.3,3.2,0.0,0.0,70.0
2024-07-08 20:30:00,0,985.8,98.3,0.4,25.0,3.2,0.0,0.0,70.0
2024-07-08 20:45:00,0,985.8,98.8,0.3,24.9,3.3,0.0,0.0,70.0
2024-07-08 21:00:00,0,985.8,98.8,0.3,24.8,3.4,0.0,0.0,70.0
2024-07-08 21:15:00,0,985.8,98.3,0.1,24.7,3.6,0.0,0.0,70.0
2024-07-08 21:30:00,0,985.8,98.5,0.2,24.5,3.7,0.0,0.0,70.0
2024-07-08 21:45:00,0,985.8,98.7,0.0,24.4,3.9,0.0,0.0,70.0
2024-07-08 22:00:00,0,985.8,98.4,0.2,24.4,4.0,0.0,0.0,70.0
2024-07-08 22:15:00,0,985.8,98.8,0.2,24.3,4.0,0.0,0.0,70.0
2024-07-08 22:30:00,0,985.8,98.9,0.1,24.3,4.1,0.0,0.0,70.0
2024-07-08 22:45:00,0,985.8,98.4,0.3,24.4,4.1,0.0,0.0,70.0
2024-07-08 23:00:00,0,985.8,98.3,0.3,24.3,4.2,0.0,0.0,70.0
2024-07-08 23:15:00,0,985.8,98.4,0.3,24.3,4.3,0.0,0.0,70.0
2024-07-08 23:30:00,0,985.8,98.5,0.2,24.2,4.4,0.0,0.0,70.0
2024-07-08 23:45:00,0,985.8,98.5,0.4,24.2,4.5,0.0,0.0,70.0
2024-07-09 00:00:00,0,985.8,98.1,0.2,24.3,2.6,0.0,0.0,70.0
2024-07-09 00:15:00,0,985.8,98.5,0.0,24.2,2.7,0.0,0.0,70.0
2024-07-09 00:30:00,0,985.8,99.2,0.0,24.2,2.7,0.0,0.0,70.0
2024-07-09 00:45:00,0,985.8,99.4,0.2,24.1,2.8,0.0,0.0,70.0
2024-07-09 01:00:00,0,985.8,99.2,0.1,24.1,2.9,0.0,0.0,70.0
2024-07-09 01:15:00,0,985.8,99.0,0.1,24.1,3.0,0.0,0.0,70.0
2024-07-09 01:30:00,0,985.8,99.2,0.0,24.1,3.1,0.0,0.0,70.0
2024-07-09 01:45:00,0,985.8,99.2,0.1,24.1,3.2,0.0,0.0,70.0
2024-07-09 02:00:00,0,985.8,98.6,0.3,24.1,3.3,0.0,0.0,70.0
2024-07-09 02:15:00,0,985.8,98.5,0.2,24.1,3.5,0.0,0.0,70.0
2024-07-09 02:30:00,0,985.8,98.4,0.2,24.1,3.6,0.0,0.0,70.0
2024-07-09 02:45:00,0,985.8,97.9,0.0,24.1,3.8,0.0,0.0,70.0
2024-07-09 03:00:00,0,985.8,97.6,0.2,24.1,3.8,0.0,0.0,70.0
2024-07-09 03:15:00,0,985.8,97.5,0.0,24.1,3.9,0.0,0.0,70.0
2024-07-09 03:30:00,0,985.8,97.7,0.3,24.0,4.0,0.0,0.0,70.0
2024-07-09 03:45:00,0,985.8,97.8,0.3,24.0,4.1,0.0,0.0,70.0
2024-07-09 04:00:00,0,985.8,97.6,0.2,24.0,4.2,0.0,0.0,70.0
2024-07-09 04:15:00,0,985.8,97.5,0.2,23.9,4.2,0.0,0.0,70.0
2024-07-09 04:30:00,0,985.8,97.5,0.0,23.9,4.2,0.0,0.0,70.0
2024-07-09 04:45:00,0,985.8,97.3,0.0,23.8,4.2,0.0,0.0,70.0
2024-07-09 05:00:00,0,985.8,97.2,0.1,23.8,4.2,0.0,0.0,70.0
2024-07-09 05:15:00,6,985.8,97.4,0.1,23.7,4.2,0.0,0.0,70.0
2024-07-09 05:30:00,24,985.8,97.4,0.1,23.7,4.3,0.0,0.0,70.0
2024-07-09 05:45:00,43,985.8,97.4,0.4,23.7,4.4,0.0,0.0,70.0
2024-07-09 06:00:00,61,985.8,97.2,0.4,23.7,4.5,0.0,0.055,70.0
2024-07-09 06:15:00,79,985.8,96.9,0.3,23.7,4.5,0.0,0.155,70.0
2024-07-09 06:30:00,96,985.8,96.6,0.4,23.8,4.6,8.01,0.501,70.0
2024-07-09 06:45:00,112,985.8,96.0,0.3,23.9,4.7,14.009,0.58,70.0
2024-07-09 07:00:00,126,985.8,95.2,0.2,24.0,4.7,34.003,1.261,70.0
2024-07-09 07:15:00,137,985.8,94.4,0.2,24.1,4.8,121.009,7.76,70.0
2024-07-09 07:30:00,145,985.8,93.6,0.2,24.2,4.8,129.008,5.921,70.0
2024-07-09 07:45:00,150,985.8,92.7,0.4,24.4,4.8,166.002,10.684,70.0
2024-07-09 08:00:00,153,985.8,92.2,0.3,24.5,4.8,182.002,11.893,70.0
2024-07-09 08:15:00,153,985.8,92.0,0.2,24.6,4.8,105.001,8.479,70.0
2024-07-09 08:30:00,153,985.8,90.3,0.2,25.1,4.9,60.0,3.782,70.0
2024-07-09 08:45:00,152,985.8,88.9,0.3,25.4,4.9,75.001,5.491,70.0
2024-07-09 09:00:00,151,985.8,88.2,0.2,25.6,4.9,70.002,5.382,70.0
2024-07-09 09:15:00,153,985.8,87.6,0.2,25.7,5.0,187.003,12.925,70.0
2024-07-09 09:30:00,157,985.8,85.9,0.2,26.0,5.0,350.009,24.738,70.0
2024-07-09 09:45:00,166,985.8,84.0,0.3,26.3,5.0,200.003,14.627,70.0
2024-07-09 10:00:00,179,985.8,82.9,0.2,26.5,5.1,140.005,8.268,70.0
2024-07-09 10:15:00,197,985.8,81.8,0.1,26.7,5.1,133.006,8.787,70.0
2024-07-09 10:30:00,218,985.8,80.6,0.1,26.9,5.2,178.001,12.3,70.0
2024-07-09 10:45:00,242,985.8,79.1,0.1,27.3,5.2,222.002,19.554,70.0
2024-07-09 11:00:00,268,985.8,78.0,0.1,27.5,5.2,724.002,45.117,70.0
2024-07-09 11:15:00,296,985.8,76.8,0.1,27.7,5.2,677.007,38.389,70.0
2024-07-09 11:30:00,325,985.8,75.3,0.0,28.2,5.1,569.004,32.038,70.0
2024-07-09 11:45:00,352,985.8,73.5,0.0,28.7,5.1,269.007,19.724,70.0
2024-07-09 12:00:00,379,985.8,71.9,0.0,29.0,5.1,873.006,38.23,70.0
2024-07-09 12:15:00,402,985.8,70.8,0.0,29.2,5.1,384.007,19.584,70.0
2024-07-09 12:30:00,422,985.8,69.9,0.0,29.3,5.1,229.002,19.134,70.0
2024-07-09 12:45:00,438,985.8,69.8,0.0,29.3,5.1,404.0,31.646,70.0
2024-07-09 13:00:00,453,985.8,70.1,0.0,29.3,5.1,583.005,46.684,70.0
2024-07-09 13:15:00,467,985.8,69.6,0.0,29.3,5.1,728.004,50.858,70.0
2024-07-09 13:30:00,480,985.8,68.7,0.0,29.3,5.1,608.009,43.065,70.0
2024-07-09 13:45:00,490,985.8,68.9,0.0,29.5,5.1,492.004,25.62,70.0
2024-07-09 14:00:00,497,985.8,69.3,0.0,29.5,5.1,620.001,27.978,70.0
2024-07-09 14:15:00,501,985.8,70.0,0.0,29.6,5.0,931.008,30.259,70.0
2024-07-09 14:30:00,501,985.8,70.1,0.0,29.5,5.0,855.009,43.578,70.0
2024-07-09 14:45:00,496,985.8,69.5,0.0,29.5,5.0,777.008,19.775,70.0
2024-07-09 15:00:00,487,985.8,67.8,0.0,29.8,5.0,245.007,22.338,70.0
2024-07-09 15:15:00,473,985.8,65.9,0.0,29.9,4.9,766.004,28.134,70.0
2024-07-09 15:30:00,454,985.8,65.6,0.0,29.8,4.9,697.002,25.125,70.0
2024-07-09 15:45:00,430,985.8,64.2,0.0,29.8,4.8,614.008,24.312,70.0
2024-07-09 16:00:00,402,985.8,62.6,0.0,29.7,4.7,579.004,24.614,70.0
2024-07-09 16:15:00,369,985.8,62.6,0.0,29.6,4.7,483.005,24.019,70.0
2024-07-09 16:30:00,335,985.8,62.5,0.0,29.4,4.6,428.007,19.491,70.0
2024-07-09 16:45:00,299,985.8,62.8,0.0,29.2,4.5,360.003,17.905,70.0
2024-07-09 17:00:00,263,985.8,63.7,0.0,29.0,4.4,259.009,15.353,70.0
2024-07-09 17:15:00,228,985.8,64.2,0.0,28.8,4.3,293.009,11.764,70.0
2024-07-09 17:30:00,195,985.8,65.3,0.0,28.6,4.2,212.003,5.988,70.0
2024-07-09 17:45:00,163,985.8,66.8,0.0,28.2,4.1,131.003,5.03,70.0
2024-07-09 18:00:00,134,985.8,67.8,0.0,27.9,4.0,161.004,4.253,70.0
2024-07-09 18:15:00,107,985.8,69.2,0.0,27.5,3.8,119.001,3.833,70.0
2024-07-09 18:30:00,82,985.8,70.7,0.0,27.1,3.7,26.002,1.238,70.0
2024-07-09 18:45:00,59,985.8,72.4,0.0,26.7,3.5,19.004,0.85,70.0
2024-07-09 19:00:00,38,985.8,74.2,0.0,26.2,3.4,13.009,0.615,70.0
2024-07-09 19:15:00,17,985.8,75.9,0.0,25.8,3.2,0.0,0.0,70.0
2024-07-09 19:30:00,0,985.8,77.5,0.0,25.4,3.1,0.0,0.0,70.0
2024-07-09 19:45:00,0,985.8,78.8,0.0,25.2,3.0,0.0,0.0,70.0
2024-07-09 20:00:00,0,985.8,79.8,0.0,24.9,2.9,0.0,0.0,70.0
2024-07-09 20:15:00,0,985.8,80.7,0.0,24.7,2.8,0.0,0.0,70.0
2024-07-09 20:30:00,0,985.8,81.6,0.0,24.5,2.7,0.0,0.0,70.0
2024-07-09 20:45:00,0,985.8,82.4,0.0,24.2,2.5,0.0,0.0,70.0
2024-07-09 21:00:00,0,985.8,83.1,0.0,24.0,2.4,0.0,0.0,70.0
2024-07-09 21:15:00,0,985.8,83.7,0.0,23.8,2.3,0.0,0.0,70.0
2024-07-09 21:30:00,0,985.8,84.1,0.0,23.6,2.3,0.0,0.0,70.0
2024-07-09 21:45:00,0,985.8,84.5,0.0,23.5,2.2,0.0,0.0,70.0
2024-07-09 22:00:00,0,985.8,84.9,0.0,23.3,2.1,0.0,0.0,70.0
2024-07-09 22:15:00,0,985.8,85.1,0.0,23.1,2.1,0.0,0.0,70.0
2024-07-09 22:30:00,0,985.8,85.3,0.0,22.9,2.1,0.0,0.0,70.0
2024-07-09 22:45:00,0,985.8,85.6,0.0,22.8,2.0,0.0,0.0,70.0
2024-07-09 23:00:00,0,985.8,86.2,0.0,22.6,2.0,0.0,0.0,70.0
2024-07-09 23:15:00,0,985.8,86.9,0.0,22.4,2.0,0.0,0.0,70.0
2024-07-09 23:30:00,0,985.8,87.6,0.0,22.3,2.0,0.0,0.0,70.0
2024-07-09 23:45:00,0,985.8,88.0,0.0,22.1,2.0,0.0,0.0,70.0
2024-07-10 00:00:00,0,985.8,92.7,0.0,22.1,2.1,0.0,0.0,70.0
2024-07-10 00:15:00,0,985.8,92.8,0.0,22.0,2.1,0.0,0.0,70.0
2024-07-10 00:30:00,0,985.8,92.9,0.0,21.8,2.1,0.0,0.0,70.0
2024-07-10 00:45:00,0,985.8,92.9,0.0,21.7,2.1,0.0,0.0,70.0
2024-07-10 01:00:00,0,985.8,92.9,0.0,21.6,2.1,0.0,0.0,70.0
2024-07-10 01:15:00,0,985.8,93.1,0.0,21.5,2.1,0.0,0.0,70.0
2024-07-10 01:30:00,0,985.8,93.3,0.0,21.4,2.1,0.0,0.0,70.0
2024-07-10 01:45:00,0,985.8,93.6,0.0,21.2,2.1,0.0,0.0,70.0
2024-07-10 02:00:00,0,985.8,93.8,0.0,21.1,2.1,0.0,0.0,70.0
2024-07-10 02:15:00,0,985.8,93.8,0.0,21.0,2.1,0.0,0.0,70.0
2024-07-10 02:30:00,0,985.8,93.5,0.0,20.9,2.1,0.0,0.0,70.0
2024-07-10 02:45:00,0,985.8,93.0,0.0,20.8,2.1,0.0,0.0,70.0
2024-07-10 03:00:00,0,985.8,92.5,0.0,20.7,2.1,0.0,0.0,70.0
2024-07-10 03:15:00,0,985.8,91.9,0.0,20.6,2.1,0.0,0.0,70.0
2024-07-10 03:30:00,0,985.8,91.3,0.0,20.5,2.1,0.0,0.0,70.0
2024-07-10 03:45:00,0,985.8,90.8,0.0,20.4,2.1,0.0,0.0,70.0
2024-07-10 04:00:00,0,985.8,90.2,0.0,20.4,2.1,0.0,0.0,70.0
2024-07-10 04:15:00,0,985.8,89.4,0.0,20.3,2.1,0.0,0.0,70.0
2024-07-10 04:30:00,0,985.8,88.5,0.0,20.2,2.1,0.0,0.0,70.0
2024-07-10 04:45:00,0,985.8,87.5,0.0,20.2,2.1,0.0,0.0,70.0
2024-07-10 05:00:00,0,985.8,86.6,0.0,20.1,2.2,0.0,0.0,70.0
2024-07-10 05:15:00,8,985.8,85.7,0.0,20.1,2.2,11.0,0.49,70.0
2024-07-10 05:30:00,36,985.8,84.8,0.0,20.1,2.2,32.01,1.724,70.0
2024-07-10 05:45:00,63,985.8,84.1,0.0,20.2,2.2,56.004,2.853,70.0
2024-07-10 06:00:00,92,985.8,83.5,0.0,20.5,2.2,101.004,5.063,70.0
2024-07-10 06:15:00,121,985.8,83.1,0.0,20.8,2.2,119.002,5.617,70.0
2024-07-10 06:30:00,151,985.8,82.6,0.0,21.2,2.2,157.01,7.849,70.0
2024-07-10 06:45:00,183,985.8,81.9,0.0,21.6,2.2,214.001,11.287,70.0
2024-07-10 07:00:00,217,985.8,80.4,0.0,22.1,2.3,259.006,11.951,70.0
2024-07-10 07:15:00,254,985.8,78.0,0.0,22.5,2.3,295.002,14.195,70.0
2024-07-10 07:30:00,293,985.8,76.4,0.0,23.0,2.4,347.005,17.405,70.0
2024-07-10 07:45:00,335,985.8,74.3,0.0,23.5,2.4,379.002,20.41,70.0
2024-07-10 08:00:00,379,985.8,72.4,0.0,24.0,2.4,434.003,23.6,70.0
2024-07-10 08:15:00,424,985.8,71.2,0.0,24.4,2.5,487.007,27.462,70.0
2024-07-10 08:30:00,469,985.8,69.8,0.0,24.9,2.5,540.004,30.478,70.0
2024-07-10 08:45:00,515,985.8,68.6,0.0,25.3,2.6,390.008,31.916,70.0
2024-07-10 09:00:00,559,985.8,66.8,0.0,25.7,2.6,656.009,36.491,70.0
2024-07-10 09:15:00,601,985.8,65.4,0.0,26.0,2.7,667.001,35.515,70.0
2024-07-10 09:30:00,639,985.8,64.1,0.0,26.4,2.7,630.008,40.817,70.0
2024-07-10 09:45:00,672,985.8,62.3,0.0,26.7,2.7,764.002,44.877,70.0
2024-07-10 10:00:00,700,985.8,60.6,0.0,27.0,2.8,476.004,41.485,70.0
2024-07-10 10:15:00,724,985.8,59.2,0.0,27.3,2.8,838.009,47.394,70.0
2024-07-10 10:30:00,743,985.8,57.7,0.0,27.5,2.8,828.008,48.803,70.0
2024-07-10 10:45:00,757,985.8,56.5,0.0,27.8,2.9,854.006,50.132,70.0
2024-07-10 11:00:00,768,985.8,55.3,0.0,28.0,2.9,713.0,38.146,70.0
2024-07-10 11:15:00,775,985.8,54.0,0.0,28.2,2.9,897.01,39.735,70.0
2024-07-10 11:30:00,778,985.8,52.7,0.0,28.4,3.0,922.006,51.28,70.0
2024-07-10 11:45:00,780,985.8,51.5,0.0,28.6,3.0,615.004,43.359,70.0
2024-07-10 12:00:00,779,985.8,50.4,0.0,28.8,3.0,626.001,49.993,70.0
2024-07-10 12:15:00,777,985.8,49.3,0.0,29.0,3.0,929.001,43.613,70.0
2024-07-10 12:30:00,775,985.8,48.8,0.0,29.1,3.0,1044.009,39.868,70.0
2024-07-10 12:45:00,772,985.8,48.3,0.0,29.2,3.0,961.008,42.688,70.0
2024-07-10 13:00:00,770,985.8,47.7,0.0,29.3,3.0,1086.003,54.115,70.0
2024-07-10 13:15:00,768,985.8,47.5,0.0,29.4,3.0,981.004,49.285,70.0
2024-07-10 13:30:00,765,985.8,47.7,0.0,29.5,3.0,841.001,49.258,70.0
2024-07-10 13:45:00,761,985.8,47.9,0.0,29.5,2.9,778.001,46.143,70.0
2024-07-10 14:00:00,753,985.8,47.3,0.0,29.6,2.9,839.004,47.322,70.0
2024-07-10 14:15:00,742,985.8,46.4,0.0,29.6,2.9,806.006,43.253,70.0
2024-07-10 14:30:00,726,985.8,45.9,0.0,29.7,2.8,768.006,40.999,70.0
2024-07-10 14:45:00,706,985.8,46.0,0.0,29.7,2.8,487.002,35.456,70.0
2024-07-10 15:00:00,680,985.8,46.1,0.0,29.7,2.7,710.007,37.546,70.0
2024-07-10 15:15:00,649,985.8,46.0,0.0,29.7,2.7,658.009,35.191,70.0
2024-07-10 15:30:00,612,985.8,45.5,0.0,29.6,2.6,628.002,32.07,70.0
2024-07-10 15:45:00,569,985.8,45.3,0.0,29.5,2.5,571.006,29.644,70.0
2024-07-10 16:00:00,521,985.8,45.9,0.0,29.5,2.5,524.003,26.423,70.0
2024-07-10 16:15:00,469,985.8,46.9,0.0,29.4,2.4,500.001,23.679,70.0
2024-07-10 16:30:00,415,985.8,47.7,0.0,29.3,2.3,411.004,20.694,70.0
2024-07-10 16:45:00,361,985.8,48.5,0.0,29.2,2.2,388.006,17.262,70.0
2024-07-10 17:00:00,309,985.8,49.0,0.0,29.0,2.2,346.009,15.452,70.0
2024-07-10 17:15:00,259,985.8,49.1,0.0,28.8,2.1,208.003,9.205,70.0
2024-07-10 17:30:00,214,985.8,49.8,0.0,28.5,2.0,116.004,6.761,70.0
2024-07-10 17:45:00,173,985.8,51.2,0.0,28.3,1.9,142.002,7.014,70.0
2024-07-10 18:00:00,137,985.8,53.4,0.0,28.0,1.8,136.004,6.098,70.0
2024-07-10 18:15:00,106,985.8,55.5,0.0,27.7,1.8,61.005,3.408,70.0
2024-07-10 18:30:00,79,985.8,57.1,0.0,27.3,1.7,59.0,3.297,70.0
2024-07-10 18:45:00,55,985.8,58.0,0.0,26.8,1.6,43.002,2.234,70.0
2024-07-10 19:00:00,34,985.8,58.4,0.0,26.6,1.5,14.003,0.755,70.0
2024-07-10 19:15:00,15,985.8,58.5,0.0,26.4,1.5,0.0,0.0,70.0
2024-07-10 19:30:00,0,985.8,58.6,0.0,26.2,1.4,0.0,0.0,70.0
2024-07-10 19:45:00,0,985.8,58.7,0.0,26.1,1.4,0.0,0.0,70.0
2024-07-10 20:00:00,0,985.8,59.1,0.0,25.9,1.3,0.0,0.0,70.0
2024-07-10 20:15:00,0,985.8,59.8,0.0,25.7,1.3,0.0,0.0,70.0
2024-07-10 20:30:00,0,985.8,60.9,0.0,25.5,1.2,0.0,0.0,70.0
2024-07-10 20:45:00,0,985.8,62.0,0.0,25.3,1.2,0.0,0.0,70.0
2024-07-10 21:00:00,0,985.8,62.8,0.0,25.1,1.2,0.0,0.0,70.0
2024-07-10 21:15:00,0,985.8,63.2,0.0,24.9,1.2,0.0,0.0,70.0
2024-07-10 21:30:00,0,985.8,63.3,0.0,24.8,1.2,0.0,0.0,70.0
2024-07-10 21:45:00,0,985.8,63.1,0.0,24.7,1.2,0.0,0.0,70.0
2024-07-10 22:00:00,0,985.8,62.6,0.0,24.6,1.2,0.0,0.0,70.0
2024-07-10 22:15:00,0,985.8,62.3,0.0,24.6,1.2,0.0,0.0,70.0
2024-07-10 22:30:00,0,985.8,62.2,0.0,24.5,1.2,0.0,0.0,70.0
2024-07-10 22:45:00,0,985.8,62.0,0.0,24.3,1.2,0.0,0.0,70.0
2024-07-10 23:00:00,0,985.8,61.7,0.0,24.2,1.2,0.0,0.0,70.0
2024-07-10 23:15:00,0,985.8,61.3,0.0,24.2,1.2,0.0,0.0,70.0
2024-07-10 23:30:00,0,985.8,60.9,0.0,24.1,1.2,0.0,0.0,70.0
2024-07-10 23:45:00,0,985.8,60.7,0.0,24.1,1.2,0.0,0.0,70.0
2024-07-12 00:00:00,0,985.8,82.9,0.0,24.2,1.7,0.0,0.0,70.0
2024-07-12 00:15:00,0,985.8,83.4,0.0,24.0,1.7,0.0,0.0,70.0
2024-07-12 00:30:00,0,985.8,83.7,0.0,23.9,1.6,0.0,0.0,70.0
2024-07-12 00:45:00,0,985.8,83.9,0.0,23.8,1.6,0.0,0.0,70.0
2024-07-12 01:00:00,0,985.8,83.9,0.0,23.7,1.5,0.0,0.0,70.0
2024-07-12 01:15:00,0,985.8,84.3,0.0,23.6,1.5,0.0,0.0,70.0
2024-07-12 01:30:00,0,985.8,84.9,0.0,23.5,1.5,0.0,0.0,70.0
2024-07-12 01:45:00,0,985.8,85.7,0.0,23.5,1.4,0.0,0.0,70.0
2024-07-12 02:00:00,0,985.8,86.4,0.0,23.4,1.4,0.0,0.0,70.0
2024-07-12 02:15:00,0,985.8,87.0,0.0,23.3,1.4,0.0,0.0,70.0
2024-07-12 02:30:00,0,985.8,87.6,0.0,23.3,1.4,0.0,0.0,70.0
2024-07-12 02:45:00,0,985.8,88.1,0.0,23.3,1.3,0.0,0.0,70.0
2024-07-12 03:00:00,0,985.8,88.6,0.0,23.2,1.3,0.0,0.0,70.0
2024-07-12 03:15:00,0,985.8,89.0,0.0,23.1,1.3,0.0,0.0,70.0
2024-07-12 03:30:00,0,985.8,89.2,0.0,23.1,1.2,0.0,0.0,70.0
2024-07-12 03:45:00,0,985.8,89.1,0.0,23.0,1.2,0.0,0.0,70.0
2024-07-12 04:00:00,0,985.8,89.0,0.0,22.9,1.1,0.0,0.0,70.0
2024-07-12 04:15:00,0,985.8,89.0,0.0,22.9,1.1,0.0,0.0,70.0
2024-07-12 04:30:00,0,985.8,89.2,0.0,22.9,1.1,0.0,0.0,70.0
2024-07-12 04:45:00,0,985.8,89.8,0.0,22.8,1.0,0.0,0.0,70.0
2024-07-12 05:00:00,0,985.8,90.5,0.0,22.7,1.0,0.0,0.0,70.0
2024-07-12 05:15:00,6,985.8,91.3,0.0,22.6,1.0,0.0,0.0,70.0
2024-07-12 05:30:00,31,985.8,92.0,0.0,22.5,1.0,20.005,0.816,70.0
2024-07-12 05:45:00,57,985.8,92.6,0.0,22.6,0.9,22.003,1.075,70.0
2024-07-12 06:00:00,83,985.8,92.8,0.0,22.6,0.9,32.003,1.725,70.0
2024-07-12 06:15:00,110,985.8,92.6,0.0,22.8,0.9,45.005,3.602,70.0
2024-07-12 06:30:00,138,985.8,92.3,0.0,23.1,0.9,123.005,6.774,70.0
2024-07-12 06:45:00,168,985.8,91.9,0.0,23.5,0.9,161.002,9.941,70.0
2024-07-12 07:00:00,199,985.8,91.4,0.0,23.8,0.8,231.003,13.782,70.0
2024-07-12 07:15:00,233,985.8,90.6,0.0,24.2,0.8,300.004,16.25,70.0
2024-07-12 07:30:00,269,985.8,89.8,0.0,24.7,0.8,388.001,21.075,70.0
2024-07-12 07:45:00,308,985.8,87.8,0.0,25.1,0.8,258.009,13.002,70.0
2024-07-12 08:00:00,348,985.8,86.2,0.0,25.5,0.8,181.01,12.615,70.0
2024-07-12 08:15:00,389,985.8,85.0,0.0,26.0,0.9,185.003,23.572,70.0
2024-07-12 08:30:00,431,985.8,82.5,0.0,26.6,0.9,577.008,33.795,70.0
2024-07-12 08:45:00,471,985.8,80.6,0.0,27.0,0.9,655.0,35.426,70.0
2024-07-12 09:00:00,510,985.8,78.6,0.0,27.5,1.0,436.008,28.543,70.0
2024-07-12 09:15:00,545,985.8,77.1,0.0,27.9,1.0,339.003,24.887,70.0
2024-07-12 09:30:00,576,985.8,74.4,0.0,28.2,1.1,589.001,39.934,70.0
2024-07-12 09:45:00,600,985.8,72.9,0.0,28.6,1.1,751.009,35.656,70.0
2024-07-12 10:00:00,618,985.8,70.0,0.0,28.9,1.1,414.005,23.763,70.0
2024-07-12 10:15:00,628,985.8,67.5,0.0,29.2,1.2,475.001,29.347,70.0
2024-07-12 10:30:00,633,985.8,65.4,0.0,29.4,1.2,539.009,30.265,70.0
2024-07-12 10:45:00,632,985.8,64.1,0.0,29.6,1.2,561.009,29.742,70.0
2024-07-12 11:00:00,626,985.8,62.7,0.0,29.8,1.3,651.007,40.446,70.0
2024-07-12 11:15:00,617,985.8,61.5,0.0,29.9,1.3,773.01,37.22,70.0
2024-07-12 11:30:00,605,985.8,60.4,0.0,30.1,1.4,397.005,48.552,70.0
2024-07-12 11:45:00,593,985.8,59.3,0.0,30.2,1.4,948.003,50.429,70.0
2024-07-12 12:00:00,580,985.8,58.5,0.0,30.3,1.5,805.006,43.385,70.0
2024-07-12 12:15:00,570,985.8,57.9,0.0,30.3,1.5,853.003,32.715,70.0
2024-07-12 12:30:00,562,985.8,57.3,0.0,30.3,1.6,996.002,41.2,70.0
2024-07-12 12:45:00,557,985.8,57.1,0.0,30.4,1.6,685.006,37.866,70.0
2024-07-12 13:00:00,557,985.8,56.5,0.0,30.5,1.6,760.007,46.667,70.0
2024-07-12 13:15:00,559,985.8,55.8,0.0,30.7,1.6,666.002,43.91,70.0
2024-07-12 13:30:00,563,985.8,55.7,0.0,30.8,1.6,665.007,42.594,70.0
2024-07-12 13:45:00,567,985.8,55.3,0.0,30.8,1.6,831.009,30.489,70.0
2024-07-12 14:00:00,569,985.8,54.9,0.0,30.9,1.6,452.003,23.727,70.0
2024-07-12 14:15:00,570,985.8,54.5,0.0,30.9,1.6,477.009,33.644,70.0
2024-07-12 14:30:00,567,985.8,54.2,0.0,31.0,1.6,588.004,37.183,70.0
2024-07-12 14:45:00,559,985.8,54.4,0.0,30.9,1.6,754.004,34.366,70.0
2024-07-12 15:00:00,547,985.8,54.9,0.0,30.9,1.5,760.003,29.599,70.0
2024-07-12 15:15:00,529,985.8,55.4,0.0,30.8,1.5,834.003,36.564,70.0
2024-07-12 15:30:00,506,985.8,55.9,0.0,30.7,1.5,412.007,21.218,70.0
2024-07-12 15:45:00,476,985.8,56.3,0.0,30.6,1.6,276.01,13.827,70.0
2024-07-12 16:00:00,441,985.8,56.5,0.0,30.6,1.6,116.004,7.238,70.0
2024-07-12 16:15:00,403,985.8,56.4,0.0,30.6,1.6,79.004,7.579,70.0
2024-07-12 16:30:00,363,985.8,56.6,0.0,30.5,1.7,297.001,14.941,70.0
2024-07-12 16:45:00,322,985.8,57.4,0.0,30.3,1.7,231.006,14.184,70.0
2024-07-12 17:00:00,282,985.8,59.0,0.1,30.2,1.8,164.004,7.698,70.0
2024-07-12 17:15:00,243,985.8,60.6,0.1,29.9,1.8,132.006,7.27,70.0
2024-07-12 17:30:00,206,985.8,62.0,0.1,29.7,1.8,104.005,5.938,70.0
2024-07-12 17:45:00,171,985.8,63.8,0.1,29.4,1.9,91.006,5.412,70.0
2024-07-12 18:00:00,139,985.8,66.3,0.1,29.1,1.9,87.0,4.972,70.0
2024-07-12 18:15:00,110,985.8,69.1,0.0,28.8,1.9,111.001,5.558,70.0
2024-07-12 18:30:00,84,985.8,74.3,0.1,28.2,1.9,85.005,3.275,70.0
2024-07-12 18:45:00,60,985.8,76.5,0.2,27.8,1.9,19.003,0.839,70.0
2024-07-12 19:00:00,37,985.8,77.0,0.1,27.5,1.9,11.003,0.483,70.0
2024-07-12 19:15:00,16,985.8,77.8,0.1,27.2,1.9,0.0,0.0,70.0
2024-07-12 19:30:00,0,985.8,78.8,0.0,26.8,1.9,0.0,0.0,70.0
2024-07-12 19:45:00,0,985.8,79.4,0.0,26.5,1.9,0.0,0.0,70.0
2024-07-12 20:00:00,0,985.8,80.4,0.0,26.1,1.9,0.0,0.0,70.0
2024-07-12 20:15:00,0,985.8,81.8,0.0,25.8,1.9,0.0,0.0,70.0
2024-07-12 20:30:00,0,985.8,83.2,0.0,25.5,1.9,0.0,0.0,70.0
2024-07-12 20:45:00,0,985.8,83.9,0.0,25.3,1.9,0.0,0.0,70.0
2024-07-12 21:00:00,0,985.8,84.1,0.0,25.1,1.8,0.0,0.0,70.0
2024-07-12 21:15:00,0,985.8,84.3,0.0,24.9,1.8,0.0,0.0,70.0
2024-07-12 21:30:00,0,985.8,84.5,0.0,24.7,1.7,0.0,0.0,70.0
2024-07-12 21:45:00,0,985.8,84.6,0.0,24.5,1.7,0.0,0.0,70.0
2024-07-12 22:00:00,0,985.8,84.5,0.0,24.4,1.6,0.0,0.0,70.0
2024-07-12 22:15:00,0,985.8,84.3,0.0,24.3,1.6,0.0,0.0,70.0
2024-07-12 22:30:00,0,985.8,84.1,0.0,24.1,1.5,0.0,0.0,70.0
2024-07-12 22:45:00,0,985.8,83.9,0.0,24.0,1.4,0.0,0.0,70.0
2024-07-12 23:00:00,0,985.8,84.0,0.0,24.0,1.3,0.0,0.0,70.0
2024-07-12 23:15:00,0,985.8,84.4,0.0,23.9,1.3,0.0,0.0,70.0
2024-07-12 23:30:00,0,985.8,84.9,0.0,23.8,1.2,0.0,0.0,70.0
2024-07-12 23:45:00,0,985.8,85.3,0.0,23.6,1.2,0.0,0.0,70.0
2024-07-13 00:00:00,0,985.8,93.6,0.0,24.0,1.2,0.0,0.0,70.0
2024-07-13 00:15:00,0,985.8,93.7,0.0,23.9,1.2,0.0,0.0,70.0
2024-07-13 00:30:00,0,985.8,94.1,0.0,23.8,1.1,0.0,0.0,70.0
2024-07-13 00:45:00,0,985.8,94.5,0.0,23.6,1.0,0.0,0.0,70.0
2024-07-13 01:00:00,0,985.8,94.8,0.0,23.5,1.0,0.0,0.0,70.0
2024-07-13 01:15:00,0,985.8,95.3,0.0,23.4,1.0,0.0,0.0,70.0
2024-07-13 01:30:00,0,985.8,95.8,0.0,23.3,0.9,0.0,0.0,70.0
2024-07-13 01:45:00,0,985.8,96.1,0.0,23.2,0.9,0.0,0.0,70.0
2024-07-13 02:00:00,0,985.8,96.4,0.0,23.0,0.9,0.0,0.0,70.0
2024-07-13 02:15:00,0,985.8,96.7,0.0,22.9,0.9,0.0,0.0,70.0
2024-07-13 02:30:00,0,985.8,96.9,0.0,22.8,0.9,0.0,0.0,70.0
2024-07-13 02:45:00,0,985.8,97.1,0.0,22.7,0.9,0.0,0.0,70.0
2024-07-13 03:00:00,0,985.8,97.3,0.0,22.6,0.9,0.0,0.0,70.0
2024-07-13 03:15:00,0,985.8,97.5,0.0,22.5,0.9,0.0,0.0,70.0
2024-07-13 03:30:00,0,985.8,97.8,0.0,22.4,0.9,0.0,0.0,70.0
2024-07-13 03:45:00,0,985.8,98.2,0.0,22.3,0.9,0.0,0.0,70.0
2024-07-13 04:00:00,0,985.8,98.6,0.0,22.2,0.9,0.0,0.0,70.0
2024-07-13 04:15:00,0,985.8,98.9,0.0,22.1,1.0,0.0,0.0,70.0
2024-07-13 04:30:00,0,985.8,99.0,0.0,22.1,1.0,0.0,0.0,70.0
2024-07-13 04:45:00,0,985.8,99.2,0.0,22.1,1.0,0.0,0.0,70.0
2024-07-13 05:00:00,0,985.8,99.3,0.0,22.0,1.0,0.0,0.0,70.0
2024-07-13 05:15:00,5,985.8,99.4,0.0,22.0,1.0,0.0,0.0,70.0
2024-07-13 05:30:00,35,985.8,99.5,0.0,22.1,1.0,25.007,0.971,70.0
2024-07-13 05:45:00,65,985.8,99.7,0.0,22.0,1.1,46.009,2.137,70.0
2024-07-13 06:00:00,95,985.8,100.0,0.0,22.0,1.1,71.008,3.371,70.0
2024-07-13 06:15:00,126,985.8,100.0,0.0,22.1,1.1,109.003,4.941,70.0
2024-07-13 06:30:00,158,985.8,100.0,0.0,22.1,1.1,140.007,6.521,70.0
2024-07-13 06:45:00,192,985.8,100.0,0.0,22.2,1.2,186.008,8.434,70.0
2024-07-13 07:00:00,227,985.8,100.0,0.0,22.2,1.2,245.001,10.643,70.0
2024-07-13 07:15:00,265,985.8,100.0,0.0,22.3,1.2,297.004,13.404,70.0
2024-07-13 07:30:00,304,985.8,100.0,0.0,22.4,1.3,334.008,16.002,70.0
2024-07-13 07:45:00,346,985.8,99.9,0.0,22.5,1.3,386.008,19.107,70.0
2024-07-13 08:00:00,389,985.8,99.4,0.0,22.8,1.4,423.002,22.5,70.0
2024-07-13 08:15:00,433,985.8,97.7,0.0,23.2,1.4,497.007,25.407,70.0
2024-07-13 08:30:00,478,985.8,95.6,0.0,23.7,1.5,542.01,28.585,70.0
2024-07-13 08:45:00,523,985.8,91.8,0.0,24.4,1.6,589.005,31.551,70.0
2024-07-13 09:00:00,568,985.8,88.1,0.0,25.0,1.6,630.008,34.118,70.0
2024-07-13 09:15:00,610,985.8,85.8,0.0,25.5,1.7,683.008,36.918,70.0
2024-07-13 09:30:00,650,985.8,83.1,0.1,25.9,1.8,730.01,40.756,70.0
2024-07-13 09:45:00,686,985.8,81.0,0.1,26.1,1.9,780.004,42.946,70.0
2024-07-13 10:00:00,720,985.8,78.7,0.2,26.4,2.0,785.003,45.75,70.0
2024-07-13 10:15:00,752,985.8,76.9,0.1,26.8,2.1,814.001,47.664,70.0
2024-07-13 10:30:00,781,985.8,75.5,0.1,27.2,2.2,827.008,47.524,70.0
2024-07-13 10:45:00,808,985.8,74.0,0.1,27.5,2.3,857.006,47.353,70.0
2024-07-13 11:00:00,831,985.8,72.7,0.1,27.8,2.4,791.005,50.747,70.0
2024-07-13 11:15:00,850,985.8,71.5,0.1,28.1,2.5,979.002,52.623,70.0
2024-07-13 11:30:00,865,985.8,70.3,0.1,28.3,2.6,1002.009,47.308,70.0
2024-07-13 11:45:00,876,985.8,68.8,0.0,28.7,2.7,474.001,47.423,70.0
2024-07-13 12:00:00,882,985.8,66.6,0.0,29.0,2.8,1088.003,33.405,70.0
2024-07-13 12:15:00,884,985.8,64.7,0.0,29.2,3.0,472.006,43.043,70.0
2024-07-13 12:30:00,881,985.8,63.7,0.0,29.3,3.1,374.004,41.061,70.0
2024-07-13 12:45:00,873,985.8,63.0,0.0,29.5,3.2,379.009,40.24,70.0
2024-07-13 13:00:00,860,985.8,63.0,0.0,29.6,3.3,1067.009,41.748,70.0
2024-07-13 13:15:00,843,985.8,62.9,0.0,29.6,3.3,376.002,44.819,70.0
2024-07-13 13:30:00,821,985.8,62.7,0.1,29.7,3.4,413.003,34.07,70.0
2024-07-13 13:45:00,796,985.8,62.4,0.1,29.7,3.5,350.006,31.372,70.0
2024-07-13 14:00:00,767,985.8,61.6,0.1,29.7,3.6,391.006,36.966,70.0
2024-07-13 14:15:00,735,985.8,60.7,0.1,29.8,3.7,423.006,24.795,70.0
2024-07-13 14:30:00,700,985.8,61.1,0.0,29.8,3.7,325.006,20.448,70.0
2024-07-13 14:45:00,662,985.8,62.0,0.0,29.8,3.8,380.01,26.998,70.0
2024-07-13 15:00:00,622,985.8,63.3,0.0,29.8,3.8,329.01,35.141,70.0
2024-07-13 15:15:00,580,985.8,64.9,0.0,29.6,3.9,769.001,30.984,70.0
2024-07-13 15:30:00,537,985.8,64.7,0.0,29.4,3.9,332.004,29.731,70.0
2024-07-13 15:45:00,493,985.8,64.4,0.0,29.3,3.9,657.01,25.052,70.0
2024-07-13 16:00:00,446,985.8,64.7,0.0,29.2,3.9,421.006,17.085,70.0
2024-07-13 16:15:00,397,985.8,65.5,0.0,29.0,3.9,238.005,18.996,70.0
2024-07-13 16:30:00,349,985.8,66.1,0.0,28.7,3.8,228.001,11.091,70.0
2024-07-13 16:45:00,302,985.8,66.2,0.0,28.5,3.8,222.01,12.028,70.0
2024-07-13 17:00:00,257,985.8,66.4,0.0,28.3,3.7,220.003,14.214,70.0
2024-07-13 17:15:00,215,985.8,66.6,0.0,28.0,3.6,330.005,12.848,70.0
2024-07-13 17:30:00,176,985.8,67.4,0.0,27.7,3.6,256.008,10.282,70.0
2024-07-13 17:45:00,142,985.8,69.0,0.0,27.4,3.5,195.0,7.314,70.0
2024-07-13 18:00:00,112,985.8,70.7,0.0,27.1,3.4,152.001,5.291,70.0
2024-07-13 18:15:00,86,985.8,72.3,0.0,26.7,3.3,104.002,3.93,70.0
2024-07-13 18:30:00,63,985.8,73.5,0.0,26.3,3.2,84.009,2.882,70.0
2024-07-13 18:45:00,44,985.8,74.9,0.0,25.9,3.1,24.005,1.31,70.0
2024-07-13 19:00:00,27,985.8,76.8,0.0,25.4,3.0,10.008,0.39,70.0
2024-07-13 19:15:00,11,985.8,79.0,0.0,25.1,2.9,0.0,0.0,70.0
2024-07-13 19:30:00,0,985.8,81.0,0.0,24.8,2.7,0.0,0.0,70.0
2024-07-13 19:45:00,0,985.8,82.8,0.0,24.5,2.6,0.0,0.0,70.0
2024-07-13 20:00:00,0,985.8,84.4,0.0,24.3,2.5,0.0,0.0,70.0
2024-07-13 20:15:00,0,985.8,85.8,0.0,24.0,2.4,0.0,0.0,70.0
2024-07-13 20:30:00,0,985.8,87.3,0.0,23.8,2.2,0.0,0.0,70.0
2024-07-13 20:45:00,0,985.8,89.0,0.0,23.6,2.1,0.0,0.0,70.0
2024-07-13 21:00:00,0,985.8,90.4,0.0,23.4,2.0,0.0,0.0,70.0
2024-07-13 21:15:00,0,985.8,91.4,0.0,23.2,1.9,0.0,0.0,70.0
2024-07-13 21:30:00,0,985.8,92.3,0.0,23.0,1.8,0.0,0.0,70.0
2024-07-13 21:45:00,0,985.8,93.2,0.0,22.8,1.7,0.0,0.0,70.0
2024-07-13 22:00:00,0,985.8,94.0,0.0,22.7,1.7,0.0,0.0,70.0
2024-07-13 22:15:00,0,985.8,94.8,0.0,22.5,1.6,0.0,0.0,70.0
2024-07-13 22:30:00,0,985.8,95.5,0.0,22.3,1.6,0.0,0.0,70.0
2024-07-13 22:45:00,0,985.8,96.0,0.0,22.2,1.5,0.0,0.0,70.0
2024-07-13 23:00:00,0,985.8,96.5,0.0,22.1,1.5,0.0,0.0,70.0
2024-07-13 23:15:00,0,985.8,96.9,0.0,22.1,1.5,0.0,0.0,70.0
2024-07-13 23:30:00,0,985.8,97.3,0.0,22.0,1.5,0.0,0.0,70.0
2024-07-13 23:45:00,0,985.8,97.6,0.0,22.0,1.5,0.0,0.0,70.0
2024-07-15 00:00:00,0,985.2,97.8,0.0,23.5,1.1,0.0,0.0,70.0
2024-07-15 00:15:00,0,985.2,98.0,0.0,23.4,1.0,0.0,0.0,70.0
2024-07-15 00:30:00,0,985.2,98.1,0.0,23.3,1.0,0.0,0.0,70.0
2024-07-15 00:45:00,0,985.2,98.2,0.0,23.3,1.0,0.0,0.0,70.0
2024-07-15 01:00:00,0,985.2,98.5,0.0,23.2,0.9,0.0,0.0,70.0
2024-07-15 01:15:00,0,985.2,98.8,0.0,23.1,0.9,0.0,0.0,70.0
2024-07-15 01:30:00,0,985.2,99.2,0.0,23.1,0.9,0.0,0.0,70.0
2024-07-15 01:45:00,0,985.2,99.5,0.0,23.0,0.9,0.0,0.0,70.0
2024-07-15 02:00:00,0,985.2,99.8,0.0,22.9,0.9,0.0,0.0,70.0
2024-07-15 02:15:00,0,985.2,99.9,0.0,22.9,0.8,0.0,0.0,70.0
2024-07-15 02:30:00,0,985.2,99.9,0.0,22.8,0.8,0.0,0.0,70.0
2024-07-15 02:45:00,0,985.2,99.9,0.0,22.8,0.8,0.0,0.0,70.0
2024-07-15 03:00:00,0,985.2,99.9,0.0,22.8,0.8,0.0,0.0,70.0
2024-07-15 03:15:00,0,985.2,99.8,0.0,22.7,0.8,0.0,0.0,70.0
2024-07-15 03:30:00,0,985.2,99.8,0.0,22.7,0.9,0.0,0.0,70.0
2024-07-15 03:45:00,0,985.2,99.7,0.0,22.6,0.9,0.0,0.0,70.0
2024-07-15 04:00:00,0,985.2,99.6,0.0,22.6,0.9,0.0,0.0,70.0
2024-07-15 04:15:00,0,985.2,99.6,0.0,22.5,0.9,0.0,0.0,70.0
2024-07-15 04:30:00,0,985.2,99.6,0.0,22.4,0.9,0.0,0.0,70.0
2024-07-15 04:45:00,0,985.2,99.7,0.0,22.3,0.9,0.0,0.0,70.0
2024-07-15 05:00:00,0,985.2,99.8,0.0,22.2,0.9,0.0,0.0,70.0
2024-07-15 05:15:00,4,985.2,99.9,0.0,22.2,0.9,0.0,0.0,70.0
2024-07-15 05:30:00,31,985.2,100.0,0.0,22.1,1.0,11.008,0.469,70.0
2024-07-15 05:45:00,60,985.2,100.0,0.0,22.1,1.0,21.005,1.064,70.0
2024-07-15 06:00:00,89,985.2,100.0,0.0,22.1,1.0,37.006,2.094,70.0
2024-07-15 06:15:00,118,985.2,100.0,0.0,22.1,1.1,49.003,3.171,70.0
2024-07-15 06:30:00,148,985.2,100.0,0.0,22.0,1.1,96.004,4.828,70.0
2024-07-15 06:45:00,179,985.2,100.0,0.0,22.0,1.1,124.003,5.403,70.0
2024-07-15 07:00:00,210,985.2,100.0,0.0,22.0,1.1,99.001,6.365,70.0
2024-07-15 07:15:00,242,985.2,100.0,0.0,22.1,1.2,125.001,8.304,70.0
2024-07-15 07:30:00,274,985.2,100.0,0.0,22.2,1.2,232.001,10.02,70.0
2024-07-15 07:45:00,307,985.2,100.0,0.0,22.2,1.2,229.002,16.54,70.0
2024-07-15 08:00:00,340,985.2,99.9,0.0,22.4,1.2,495.001,16.671,70.0
2024-07-15 08:15:00,373,985.2,99.7,0.0,22.5,1.2,666.01,18.259,70.0
2024-07-15 08:30:00,406,985.2,99.3,0.0,22.7,1.3,381.003,19.789,70.0
2024-07-15 08:45:00,439,985.2,98.8,0.0,22.9,1.3,668.004,30.963,70.0
2024-07-15 09:00:00,471,985.2,98.3,0.0,23.1,1.3,749.009,32.688,70.0
2024-07-15 09:15:00,502,985.2,97.6,0.0,23.3,1.4,425.001,27.809,70.0
2024-07-15 09:30:00,532,985.2,96.4,0.0,23.7,1.4,228.006,33.01,70.0
2024-07-15 09:45:00,560,985.2,94.8,0.0,24.1,1.4,645.001,29.972,70.0
2024-07-15 10:00:00,589,985.2,92.9,0.0,24.7,1.5,321.007,37.56,70.0
2024-07-15 10:15:00,618,985.3,90.5,0.0,25.2,1.5,339.001,31.527,70.0
2024-07-15 10:30:00,647,985.3,88.3,0.0,25.8,1.6,242.007,33.503,70.0
2024-07-15 10:45:00,674,985.3,86.0,0.0,26.3,1.6,990.002,29.621,70.0
2024-07-15 11:00:00,699,985.3,83.5,0.0,26.9,1.7,556.004,42.235,70.0
2024-07-15 11:15:00,721,985.3,81.4,0.0,27.3,1.7,1031.008,49.213,70.0
2024-07-15 11:30:00,740,985.3,79.6,0.0,27.7,1.8,1010.001,40.878,70.0
2024-07-15 11:45:00,754,985.3,77.4,0.0,28.0,1.8,408.009,37.408,70.0
2024-07-15 12:00:00,762,985.3,76.5,0.0,28.4,1.9,1077.001,43.632,70.0
2024-07-15 12:15:00,765,985.3,75.7,0.0,28.6,2.0,964.001,38.942,70.0
2024-07-15 12:30:00,760,985.3,74.3,0.0,28.9,2.1,774.003,19.351,70.0
2024-07-15 12:45:00,748,985.3,72.8,0.0,29.2,2.1,568.006,52.802,70.0
2024-07-15 13:00:00,728,985.3,71.5,0.0,29.4,2.2,898.002,41.806,70.0
2024-07-15 13:15:00,702,985.3,70.7,0.0,29.6,2.3,1067.008,45.952,70.0
2024-07-15 13:30:00,670,985.3,70.1,0.0,29.8,2.4,885.009,51.907,70.0
2024-07-15 13:45:00,633,985.3,70.5,0.0,29.9,2.5,470.0,37.329,70.0
2024-07-15 14:00:00,594,985.3,70.2,0.0,30.0,2.5,630.003,48.773,70.0
2024-07-15 14:15:00,552,985.3,69.5,0.0,30.0,2.6,979.01,45.492,70.0
2024-07-15 14:30:00,509,985.3,70.1,0.0,30.0,2.7,486.004,37.886,70.0
2024-07-15 14:45:00,466,985.3,70.0,0.0,30.0,2.7,850.006,41.538,70.0
2024-07-15 15:00:00,424,985.3,69.0,0.0,30.0,2.8,820.001,23.642,70.0
2024-07-15 15:15:00,384,985.3,68.6,0.0,29.8,2.9,347.005,28.544,70.0
2024-07-15 15:30:00,347,985.3,69.3,0.0,29.7,2.9,758.006,36.53,70.0
2024-07-15 15:45:00,312,985.3,70.0,0.0,29.7,3.0,339.001,19.817,70.0
2024-07-15 16:00:00,277,985.3,72.1,0.0,29.5,3.1,245.009,14.743,70.0
2024-07-15 16:15:00,244,985.3,74.6,0.0,29.2,3.1,280.009,21.464,70.0
2024-07-15 16:30:00,212,985.3,74.3,0.0,29.0,3.1,222.008,20.573,70.0
2024-07-15 16:45:00,181,985.3,72.7,0.0,29.0,3.1,172.004,8.839,70.0
2024-07-15 17:00:00,153,985.3,72.6,0.0,29.0,3.2,136.008,7.611,70.0
2024-07-15 17:15:00,127,985.3,75.7,0.0,28.8,3.2,92.003,5.981,70.0
2024-07-15 17:30:00,104,985.3,78.9,0.0,28.5,3.2,121.006,7.57,70.0
2024-07-15 17:45:00,84,985.3,80.4,0.0,28.3,3.2,101.003,5.358,70.0
2024-07-15 18:00:00,66,985.3,82.0,0.0,27.9,3.1,83.004,3.933,70.0
2024-07-15 18:15:00,50,985.3,83.3,0.0,27.6,3.1,42.008,1.826,70.0
2024-07-15 18:30:00,37,985.3,84.8,0.0,27.3,3.1,28.005,1.528,70.0
2024-07-15 18:45:00,25,985.3,86.1,0.0,26.9,3.1,14.009,0.697,70.0
2024-07-15 19:00:00,15,985.3,87.2,0.0,26.6,3.1,12.007,0.474,70.0
2024-07-15 19:15:00,6,985.3,88.1,0.0,26.3,3.0,0.0,0.0,70.0
2024-07-15 19:30:00,0,985.3,88.8,0.0,26.1,2.9,0.0,0.0,70.0
2024-07-15 19:45:00,0,985.3,89.4,0.0,25.9,2.9,0.0,0.0,70.0
2024-07-15 20:00:00,0,985.3,89.9,0.0,25.7,2.8,0.0,0.0,70.0
2024-07-15 20:15:00,0,985.3,90.6,0.0,25.5,2.7,0.0,0.0,70.0
2024-07-15 20:30:00,0,985.2,91.5,0.0,25.3,2.6,0.0,0.0,70.0
2024-07-15 20:45:00,0,985.2,92.5,0.0,25.1,2.5,0.0,0.0,70.0
2024-07-15 21:00:00,0,985.2,93.2,0.0,25.0,2.4,0.0,0.0,70.0
2024-07-15 21:15:00,0,985.2,93.9,0.0,24.9,2.4,0.0,0.0,70.0
2024-07-15 21:30:00,0,985.2,94.5,0.0,24.8,2.3,0.0,0.0,70.0
2024-07-15 21:45:00,0,985.2,94.9,0.1,24.7,2.2,0.0,0.0,70.0
2024-07-15 22:00:00,0,985.2,94.7,0.0,24.5,2.1,0.0,0.0,70.0
2024-07-15 22:15:00,0,985.2,94.7,0.0,24.5,2.0,0.0,0.0,70.0
2024-07-15 22:30:00,0,985.2,95.2,0.0,24.4,1.9,0.0,0.0,70.0
2024-07-15 22:45:00,0,985.2,95.5,0.0,24.3,1.8,0.0,0.0,70.0
2024-07-15 23:00:00,0,985.2,96.0,0.0,24.2,1.7,0.0,0.0,70.0
2024-07-15 23:15:00,0,985.2,96.5,0.0,24.2,1.6,0.0,0.0,70.0
2024-07-15 23:30:00,0,985.2,96.9,0.0,24.1,1.5,0.0,0.0,70.0
2024-07-15 23:45:00,0,985.2,97.3,0.0,24.0,1.4,0.0,0.0,70.0
2024-07-17 00:00:00,0,986.2,97.2,0.3,25.5,3.5,0.0,0.0,70.0
2024-07-17 00:15:00,0,986.2,98.7,0.0,25.4,3.4,0.0,0.0,70.0
2024-07-17 00:30:00,0,986.2,99.8,0.0,25.3,3.4,0.0,0.0,70.0
2024-07-17 00:45:00,0,986.2,99.9,0.0,25.3,3.3,0.0,0.0,70.0
2024-07-17 01:00:00,0,986.2,99.7,0.0,25.3,3.3,0.0,0.0,70.0
2024-07-17 01:15:00,0,986.2,99.6,0.0,25.2,3.3,0.0,0.0,70.0
2024-07-17 01:30:00,0,986.2,99.4,0.0,25.2,3.2,0.0,0.0,70.0
2024-07-17 01:45:00,0,986.2,99.3,0.0,25.2,3.2,0.0,0.0,70.0
2024-07-17 02:00:00,0,986.2,99.2,0.0,25.1,3.2,0.0,0.0,70.0
2024-07-17 02:15:00,0,986.2,99.3,0.0,25.1,3.2,0.0,0.0,70.0
2024-07-17 02:30:00,0,986.2,99.3,0.0,25.1,3.1,0.0,0.0,70.0
2024-07-17 02:45:00,0,986.2,99.4,0.0,25.1,3.0,0.0,0.0,70.0
2024-07-17 03:00:00,0,986.2,99.7,0.1,25.0,3.0,0.0,0.0,70.0
2024-07-17 03:15:00,0,986.2,99.8,0.3,25.0,2.9,0.0,0.0,70.0
2024-07-17 03:30:00,0,986.2,99.9,0.2,25.0,3.0,0.0,0.0,70.0
2024-07-17 03:45:00,0,986.2,99.9,0.4,25.0,3.0,0.0,0.0,70.0
2024-07-17 04:00:00,0,986.2,99.8,0.5,25.0,3.0,0.0,0.0,70.0
2024-07-17 04:15:00,0,986.2,99.7,0.2,25.0,3.0,0.0,0.0,70.0
2024-07-17 04:30:00,0,986.2,99.5,0.0,25.0,3.0,0.0,0.0,70.0
2024-07-17 04:45:00,0,986.2,99.4,0.0,25.1,2.9,0.0,0.0,70.0
2024-07-17 05:00:00,0,986.2,99.2,0.1,25.0,2.8,0.0,0.0,70.0
2024-07-17 05:15:00,0,986.2,99.2,0.2,25.0,2.8,0.0,0.0,70.0
2024-07-17 05:30:00,4,986.2,99.2,0.1,25.1,2.7,0.0,0.054,70.0
2024-07-17 05:45:00,7,986.2,98.6,0.0,25.1,2.7,0.0,0.084,70.0
2024-07-17 06:00:00,11,986.2,97.5,0.0,25.2,2.7,15.002,0.497,70.0
2024-07-17 06:15:00,16,986.2,96.1,0.3,25.2,2.7,29.007,1.432,70.0
2024-07-17 06:30:00,22,986.2,95.9,0.0,25.4,2.6,36.001,2.38,70.0
2024-07-17 06:45:00,30,986.2,95.0,0.1,25.5,2.5,24.007,1.539,70.0
2024-07-17 07:00:00,41,986.2,94.4,0.0,25.6,2.5,36.001,1.864,70.0
2024-07-17 07:15:00,54,986.2,94.3,0.2,25.7,2.4,75.007,3.007,70.0
2024-07-17 07:30:00,71,986.2,94.9,0.6,25.6,2.4,27.009,0.591,70.0
2024-07-17 07:45:00,91,986.2,95.5,0.3,25.7,2.3,26.001,0.846,70.0
2024-07-17 08:00:00,115,986.2,95.4,0.3,25.8,2.4,36.009,4.123,70.0
2024-07-17 08:15:00,140,986.2,95.1,0.3,25.9,2.4,121.006,9.0,70.0
2024-07-17 08:30:00,168,986.2,94.9,0.2,26.0,2.4,135.004,8.441,70.0
2024-07-17 08:45:00,197,986.2,94.6,0.0,26.2,2.5,44.009,2.799,70.0
2024-07-17 09:00:00,226,986.2,94.4,0.4,26.3,2.6,151.007,10.575,70.0
2024-07-17 09:15:00,254,986.2,94.8,0.0,26.2,2.7,171.0,12.577,70.0
2024-07-17 09:30:00,280,986.2,94.7,0.1,26.4,2.7,104.007,6.864,70.0
2024-07-17 09:45:00,303,986.2,93.6,0.3,26.7,2.7,109.01,9.713,70.0
2024-07-17 10:00:00,324,986.3,92.4,0.3,27.0,2.8,83.008,8.602,70.0
2024-07-17 10:15:00,345,986.3,92.0,0.2,27.0,2.9,84.005,5.321,70.0
2024-07-17 10:30:00,364,986.3,92.5,0.2,27.0,3.0,75.003,4.707,70.0
2024-07-17 10:45:00,380,986.3,91.3,0.1,27.2,3.0,120.003,12.831,70.0
2024-07-17 11:00:00,395,986.3,90.5,0.0,27.4,3.0,130.002,5.98,70.0
2024-07-17 11:15:00,407,986.3,92.0,0.3,27.2,3.1,195.003,11.402,70.0
2024-07-17 11:30:00,415,986.2,94.2,0.1,26.6,3.1,107.005,10.773,70.0
2024-07-17 11:45:00,421,986.2,94.4,0.0,26.2,3.1,131.0,6.98,70.0
2024-07-17 12:00:00,423,986.2,95.3,0.0,26.1,3.1,49.008,2.443,70.0
2024-07-17 12:15:00,421,986.2,96.7,0.3,26.2,3.2,29.006,1.529,70.0
2024-07-17 12:30:00,415,986.2,97.1,0.0,26.3,3.3,31.005,2.114,70.0
2024-07-17 12:45:00,406,986.2,96.8,0.1,26.4,3.3,113.002,5.106,70.0
2024-07-17 13:00:00,390,986.2,95.8,0.3,26.5,3.5,243.001,7.116,70.0
2024-07-17 13:15:00,370,986.2,94.9,0.0,26.6,3.5,108.007,9.596,70.0
2024-07-17 13:30:00,345,986.2,94.7,0.2,26.7,3.6,122.005,8.75,70.0
2024-07-17 13:45:00,318,986.2,94.5,0.4,26.7,3.6,192.007,10.953,70.0
2024-07-17 14:00:00,289,986.2,93.2,0.0,27.0,3.6,128.01,5.415,70.0
2024-07-17 14:15:00,259,986.2,91.7,0.3,27.2,3.6,19.009,1.209,70.0
2024-07-17 14:30:00,230,986.2,91.3,0.0,27.3,3.6,31.008,1.216,70.0
2024-07-17 14:45:00,202,986.2,90.9,0.0,27.6,3.6,14.009,0.311,70.0
2024-07-17 15:00:00,176,986.2,90.4,0.0,27.7,3.5,0.0,0.07,70.0
2024-07-17 15:15:00,153,986.2,90.4,0.0,27.7,3.4,0.0,0.233,70.0
2024-07-17 15:30:00,134,986.2,90.6,0.0,27.7,3.3,12.01,0.638,70.0
2024-07-17 15:45:00,118,986.2,89.0,0.1,27.7,3.1,30.007,1.422,70.0
2024-07-17 16:00:00,104,986.2,89.1,0.0,27.5,3.0,45.008,3.722,70.0
2024-07-17 16:15:00,92,986.2,90.5,0.3,27.2,3.0,37.008,1.657,70.0
2024-07-17 16:30:00,81,986.2,91.8,0.1,27.3,3.0,60.005,4.005,70.0
2024-07-17 16:45:00,71,986.2,92.8,0.0,27.3,2.9,122.009,6.999,70.0
2024-07-17 17:00:00,63,986.2,93.7,0.0,27.2,3.0,99.008,4.22,70.0
2024-07-17 17:15:00,55,986.2,94.8,0.4,27.1,3.0,59.002,3.576,70.0
2024-07-17 17:30:00,47,986.2,95.0,0.6,26.7,3.0,73.004,3.525,70.0
2024-07-17 17:45:00,40,986.2,95.3,0.3,26.4,3.0,91.001,4.37,70.0
2024-07-17 18:00:00,34,986.2,95.7,0.3,26.2,3.0,51.003,2.602,70.0
2024-07-17 18:15:00,27,986.2,96.2,0.2,26.1,3.0,28.002,1.222,70.0
2024-07-17 18:30:00,21,986.2,96.2,0.2,26.1,2.9,17.005,0.957,70.0
2024-07-17 18:45:00,15,986.2,96.0,0.2,26.0,2.8,23.009,1.395,70.0
2024-07-17 19:00:00,9,986.2,95.9,0.5,25.9,2.8,21.002,1.08,70.0
2024-07-17 19:15:00,3,986.2,96.3,0.2,25.8,2.7,0.0,0.0,70.0
2024-07-17 19:30:00,0,986.2,97.1,0.5,25.7,2.6,0.0,0.0,70.0
2024-07-17 19:45:00,0,986.2,97.0,0.5,25.6,2.5,0.0,0.0,70.0
2024-07-17 20:00:00,0,986.2,97.0,0.2,25.5,2.4,0.0,0.0,70.0
2024-07-17 20:15:00,0,986.2,96.6,0.0,25.4,2.4,0.0,0.0,70.0
2024-07-17 20:30:00,0,986.2,96.4,0.0,25.3,2.4,0.0,0.0,70.0
2024-07-17 20:45:00,0,986.2,96.6,0.0,25.2,2.4,0.0,0.0,70.0
2024-07-17 21:00:00,0,986.2,96.9,0.0,25.2,2.4,0.0,0.0,70.0
2024-07-17 21:15:00,0,986.2,96.9,0.0,25.1,2.4,0.0,0.0,70.0
2024-07-17 21:30:00,0,986.2,97.2,0.0,25.0,2.5,0.0,0.0,70.0
2024-07-17 21:45:00,0,986.2,97.6,0.0,25.0,2.5,0.0,0.0,70.0
2024-07-17 22:00:00,0,986.2,97.7,0.0,24.9,2.5,0.0,0.0,70.0
2024-07-17 22:15:00,0,986.2,98.0,0.0,24.8,2.6,0.0,0.0,70.0
2024-07-17 22:30:00,0,986.2,98.1,0.0,24.7,2.7,0.0,0.0,70.0
2024-07-17 22:45:00,0,986.2,97.9,0.0,24.7,2.7,0.0,0.0,70.0
2024-07-17 23:00:00,0,986.2,97.8,0.0,24.7,2.7,0.0,0.0,70.0
2024-07-17 23:15:00,0,986.2,97.8,0.0,24.7,2.7,0.0,0.0,70.0
2024-07-17 23:30:00,0,986.2,97.6,0.0,24.7,2.7,0.0,0.0,70.0
2024-07-17 23:45:00,0,986.2,97.0,0.0,24.6,2.7,0.0,0.0,70.0
2024-07-31 00:00:00,0,985.6,97.3,0.0,27.8,2.1,0.0,0.0,70.0
2024-07-31 00:15:00,0,985.6,97.5,0.0,27.7,2.1,0.0,0.0,70.0
2024-07-31 00:30:00,0,985.6,97.7,0.0,27.6,2.1,0.0,0.0,70.0
2024-07-31 00:45:00,0,985.6,97.8,0.0,27.6,2.2,0.0,0.0,70.0
2024-07-31 01:00:00,0,985.6,97.9,0.0,27.5,2.2,0.0,0.0,70.0
2024-07-31 01:15:00,0,985.6,98.1,0.0,27.5,2.2,0.0,0.0,70.0
2024-07-31 01:30:00,0,985.6,98.4,0.0,27.4,2.2,0.0,0.0,70.0
2024-07-31 01:45:00,0,985.6,98.7,0.0,27.3,2.3,0.0,0.0,70.0
2024-07-31 02:00:00,0,985.6,98.9,0.0,27.3,2.3,0.0,0.0,70.0
2024-07-31 02:15:00,0,985.6,99.1,0.0,27.3,2.3,0.0,0.0,70.0
2024-07-31 02:30:00,0,985.6,99.3,0.0,27.2,2.4,0.0,0.0,70.0
2024-07-31 02:45:00,0,985.6,99.5,0.0,27.2,2.4,0.0,0.0,70.0
2024-07-31 03:00:00,0,985.6,99.7,0.0,27.1,2.5,0.0,0.0,70.0
2024-07-31 03:15:00,0,985.6,99.8,0.0,27.1,2.5,0.0,0.0,70.0
2024-07-31 03:30:00,0,985.6,99.9,0.0,27.0,2.6,0.0,0.0,70.0
2024-07-31 03:45:00,0,985.6,99.9,0.0,27.0,2.6,0.0,0.0,70.0
2024-07-31 04:00:00,0,985.6,99.9,0.0,27.1,2.6,0.0,0.0,70.0
2024-07-31 04:15:00,0,985.6,99.9,0.0,27.1,2.7,0.0,0.0,70.0
2024-07-31 04:30:00,0,985.6,99.5,0.0,27.1,2.7,0.0,0.0,70.0
2024-07-31 04:45:00,0,985.6,99.2,0.0,27.2,2.7,0.0,0.0,70.0
2024-07-31 05:00:00,0,985.6,99.1,0.0,27.1,2.8,0.0,0.0,70.0
2024-07-31 05:15:00,0,985.6,99.1,0.0,27.1,2.8,0.0,0.0,70.0
2024-07-31 05:30:00,9,985.6,98.9,0.0,27.1,2.8,0.0,0.0,70.0
2024-07-31 05:45:00,37,985.6,98.4,0.0,27.1,2.8,37.005,1.128,70.0
2024-07-31 06:00:00,66,985.6,98.1,0.0,27.1,2.9,73.009,1.812,70.0
2024-07-31 06:15:00,95,985.6,97.8,0.0,27.2,2.9,114.005,2.662,70.0
2024-07-31 06:30:00,125,985.6,97.6,0.0,27.3,3.0,161.005,4.279,70.0
2024-07-31 06:45:00,157,985.6,97.1,0.0,27.5,3.0,211.009,6.637,70.0
2024-07-31 07:00:00,192,985.6,96.4,0.0,27.8,3.1,264.006,9.422,70.0
2024-07-31 07:15:00,228,985.6,95.7,0.0,28.1,3.2,313.009,12.671,70.0
2024-07-31 07:30:00,268,985.6,94.8,0.0,28.4,3.3,370.003,16.246,70.0
2024-07-31 07:45:00,309,985.6,94.0,0.0,28.6,3.4,422.005,19.828,70.0
2024-07-31 08:00:00,353,985.6,93.0,0.0,29.0,3.5,470.01,22.947,70.0
2024-07-31 08:15:00,399,985.6,91.7,0.0,29.4,3.6,506.004,26.2,70.0
2024-07-31 08:30:00,445,985.6,90.3,0.0,29.8,3.7,559.009,29.18,70.0
2024-07-31 08:45:00,492,985.6,88.5,0.0,30.4,3.8,594.001,31.84,70.0
2024-07-31 09:00:00,538,985.6,85.8,0.0,30.9,3.8,639.002,34.77,70.0
2024-07-31 09:15:00,581,985.6,82.4,0.0,31.5,3.9,684.006,37.602,70.0
2024-07-31 09:30:00,622,985.7,79.3,0.0,32.0,4.1,716.004,40.636,70.0
2024-07-31 09:45:00,658,985.7,76.9,0.0,32.4,4.2,768.004,42.56,70.0
2024-07-31 10:00:00,691,985.7,74.9,0.0,32.8,4.4,793.0,44.685,70.0
2024-07-31 10:15:00,720,985.7,73.0,0.0,33.1,4.5,815.002,45.712,70.0
2024-07-31 10:30:00,745,985.7,71.0,0.0,33.4,4.7,856.0,48.41,70.0
2024-07-31 10:45:00,767,985.7,69.2,0.0,33.7,4.9,867.009,44.979,70.0
2024-07-31 11:00:00,784,985.7,67.4,0.0,33.9,5.1,888.0,46.199,70.0
2024-07-31 11:15:00,798,985.7,65.6,0.0,34.1,5.2,918.007,38.259,70.0
2024-07-31 11:30:00,808,985.7,65.1,0.0,34.2,5.4,950.009,51.103,70.0
2024-07-31 11:45:00,815,985.7,65.1,0.0,34.3,5.5,916.001,51.585,70.0
2024-07-31 12:00:00,819,985.7,64.7,0.0,34.4,5.6,968.004,52.672,70.0
2024-07-31 12:15:00,819,985.7,63.9,0.0,34.5,5.7,970.009,46.203,70.0
2024-07-31 12:30:00,816,985.7,63.4,0.0,34.6,5.8,1014.001,42.027,70.0
2024-07-31 12:45:00,811,985.7,63.7,0.0,34.5,5.9,425.004,50.802,70.0
2024-07-31 13:00:00,803,985.7,63.5,0.0,34.5,5.9,952.004,40.334,70.0
2024-07-31 13:15:00,793,985.7,63.3,0.0,34.4,6.0,971.002,31.997,70.0
2024-07-31 13:30:00,781,985.7,62.3,0.0,34.7,5.9,958.004,39.318,70.0
2024-07-31 13:45:00,765,985.7,61.8,0.0,34.6,5.9,901.005,43.746,70.0
2024-07-31 14:00:00,746,985.7,61.6,0.0,34.6,6.0,886.007,30.549,70.0
2024-07-31 14:15:00,723,985.7,65.3,0.0,34.0,6.0,842.009,20.833,70.0
2024-07-31 14:30:00,697,985.7,63.8,0.0,34.3,6.0,836.001,15.338,70.0
2024-07-31 14:45:00,667,985.7,62.4,0.0,34.4,6.0,791.0,24.619,70.0
2024-07-31 15:00:00,634,985.7,62.9,0.0,34.5,6.0,454.002,30.717,70.0
2024-07-31 15:15:00,597,985.7,62.4,0.0,34.5,5.9,720.0,28.086,70.0
2024-07-31 15:30:00,556,985.7,62.3,0.0,34.4,5.7,667.008,35.428,70.0
2024-07-31 15:45:00,513,985.7,63.1,0.0,34.2,5.6,662.009,28.985,70.0
2024-07-31 16:00:00,465,985.6,65.1,0.2,33.7,5.6,595.0,15.921,70.0
2024-07-31 16:15:00,415,985.6,65.9,0.1,33.4,5.4,525.004,22.947,70.0
2024-07-31 16:30:00,365,985.6,66.9,0.0,33.4,5.3,471.006,18.381,70.0
2024-07-31 16:45:00,315,985.6,68.8,0.0,33.3,5.1,85.006,11.176,70.0
2024-07-31 17:00:00,267,985.6,69.9,0.0,32.9,4.9,140.01,15.861,70.0
2024-07-31 17:15:00,222,985.6,69.3,0.0,32.8,4.8,96.007,9.43,70.0
2024-07-31 17:30:00,181,985.6,70.5,0.0,32.7,4.6,192.002,5.667,70.0
2024-07-31 17:45:00,144,985.6,71.8,0.0,32.5,4.5,68.003,3.416,70.0
2024-07-31 18:00:00,112,985.6,73.5,0.0,32.2,4.5,60.008,4.682,70.0
2024-07-31 18:15:00,83,985.6,74.4,0.0,31.9,4.3,70.0,2.22,70.0
2024-07-31 18:30:00,58,985.6,75.6,0.0,31.5,4.2,56.001,2.984,70.0
2024-07-31 18:45:00,37,985.6,77.4,0.0,31.0,4.0,8.01,0.453,70.0
2024-07-31 19:00:00,17,985.6,79.0,0.0,30.7,3.9,0.0,0.126,70.0
2024-07-31 19:15:00,1,985.6,80.4,0.0,30.4,3.8,0.0,0.0,70.0
2024-07-31 19:30:00,0,985.6,81.8,0.0,30.2,3.7,0.0,0.0,70.0
2024-07-31 19:45:00,0,985.6,83.0,0.0,30.0,3.6,0.0,0.0,70.0
2024-07-31 20:00:00,0,985.6,83.8,0.0,29.8,3.6,0.0,0.0,70.0
2024-07-31 20:15:00,0,985.6,84.4,0.0,29.6,3.5,0.0,0.0,70.0
2024-07-31 20:30:00,0,985.6,85.1,0.0,29.4,3.5,0.0,0.0,70.0
2024-07-31 20:45:00,0,985.6,85.3,0.0,29.3,3.4,0.0,0.0,70.0
2024-07-31 21:00:00,0,985.6,85.7,0.0,29.1,3.3,0.0,0.0,70.0
2024-07-31 21:15:00,0,985.6,86.2,0.0,29.0,3.3,0.0,0.0,70.0
2024-07-31 21:30:00,0,985.6,86.6,0.0,28.9,3.2,0.0,0.0,70.0
2024-07-31 21:45:00,0,985.6,87.1,0.0,28.8,3.2,0.0,0.0,70.0
2024-07-31 22:00:00,0,985.6,87.6,0.0,28.7,3.2,0.0,0.0,70.0
2024-07-31 22:15:00,0,985.6,88.2,0.0,28.6,3.1,0.0,0.0,70.0
2024-07-31 22:30:00,0,985.6,88.7,0.0,28.5,3.1,0.0,0.0,70.0
2024-07-31 22:45:00,0,985.6,89.1,0.0,28.4,3.1,0.0,0.0,70.0
2024-07-31 23:00:00,0,985.6,89.5,0.0,28.4,3.2,0.0,0.0,70.0
2024-07-31 23:15:00,0,985.6,89.7,0.0,28.3,3.2,0.0,0.0,70.0
2024-07-31 23:30:00,0,985.6,89.9,0.0,28.2,3.2,0.0,0.0,70.0
2024-07-31 23:45:00,0,985.6,90.0,0.0,28.2,3.2,0.0,0.0,70.0
2024-08-01 00:00:00,0,985.7,89.9,0.0,28.2,3.8,0.0,0.0,70.0
2024-08-01 00:15:00,0,985.7,90.2,0.0,28.1,3.8,0.0,0.0,70.0
2024-08-01 00:30:00,0,985.7,90.4,0.0,28.0,3.7,0.0,0.0,70.0
2024-08-01 00:45:00,0,985.7,90.6,0.0,27.9,3.7,0.0,0.0,70.0
2024-08-01 01:00:00,0,985.7,90.8,0.0,27.9,3.6,0.0,0.0,70.0
2024-08-01 01:15:00,0,985.7,90.9,0.0,27.8,3.6,0.0,0.0,70.0
2024-08-01 01:30:00,0,985.7,91.0,0.0,27.8,3.6,0.0,0.0,70.0
2024-08-01 01:45:00,0,985.7,91.2,0.0,27.7,3.6,0.0,0.0,70.0
2024-08-01 02:00:00,0,985.7,91.4,0.0,27.7,3.5,0.0,0.0,70.0
2024-08-01 02:15:00,0,985.7,91.6,0.0,27.6,3.5,0.0,0.0,70.0
2024-08-01 02:30:00,0,985.7,91.9,0.0,27.6,3.5,0.0,0.0,70.0
2024-08-01 02:45:00,0,985.7,92.4,0.0,27.5,3.5,0.0,0.0,70.0
2024-08-01 03:00:00,0,985.7,92.8,0.0,27.4,3.5,0.0,0.0,70.0
2024-08-01 03:15:00,0,985.7,93.1,0.0,27.4,3.5,0.0,0.0,70.0
2024-08-01 03:30:00,0,985.7,93.5,0.0,27.3,3.5,0.0,0.0,70.0
2024-08-01 03:45:00,0,985.7,93.8,0.0,27.3,3.5,0.0,0.0,70.0
2024-08-01 04:00:00,0,985.7,94.2,0.0,27.2,3.5,0.0,0.0,70.0
2024-08-01 04:15:00,0,985.7,94.6,0.0,27.1,3.5,0.0,0.0,70.0
2024-08-01 04:30:00,0,985.7,95.2,0.0,27.1,3.5,0.0,0.0,70.0
2024-08-01 04:45:00,0,985.7,95.8,0.0,27.0,3.5,0.0,0.0,70.0
2024-08-01 05:00:00,0,985.7,96.3,0.0,26.9,3.5,0.0,0.0,70.0
2024-08-01 05:15:00,0,985.7,96.6,0.0,26.8,3.5,0.0,0.0,70.0
2024-08-01 05:30:00,5,985.7,96.9,0.0,26.8,3.5,0.0,0.0,70.0
2024-08-01 05:45:00,24,985.7,97.1,0.0,26.7,3.4,26.004,1.638,70.0
2024-08-01 06:00:00,43,985.7,97.1,0.0,26.8,3.4,33.003,2.038,70.0
2024-08-01 06:15:00,62,985.7,96.8,0.0,26.9,3.4,38.003,1.646,70.0
2024-08-01 06:30:00,81,985.7,96.3,0.0,27.1,3.5,27.005,1.402,70.0
2024-08-01 06:45:00,100,985.7,95.5,0.0,27.3,3.5,45.007,2.959,70.0
2024-08-01 07:00:00,120,985.7,94.6,0.0,27.6,3.6,60.005,3.687,70.0
2024-08-01 07:15:00,139,985.7,93.7,0.0,28.0,3.6,84.002,4.51,70.0
2024-08-01 07:30:00,158,985.7,92.8,0.0,28.3,3.7,80.007,4.689,70.0
2024-08-01 07:45:00,176,985.7,91.5,0.0,28.8,3.8,92.002,4.98,70.0
2024-08-01 08:00:00,195,985.7,89.6,0.0,29.2,3.9,108.003,5.277,70.0
2024-08-01 08:15:00,213,985.7,88.1,0.0,29.5,4.1,98.004,5.852,70.0
2024-08-01 08:30:00,230,985.7,86.8,0.0,29.9,4.2,127.002,7.343,70.0
2024-08-01 08:45:00,246,985.8,85.6,0.0,30.2,4.3,187.009,10.167,70.0
2024-08-01 09:00:00,261,985.8,83.9,0.0,30.6,4.5,258.002,18.326,70.0
2024-08-01 09:15:00,274,985.8,81.7,0.0,31.0,4.6,344.008,17.636,70.0
2024-08-01 09:30:00,286,985.8,79.7,0.0,31.4,4.7,363.004,20.357,70.0
2024-08-01 09:45:00,295,985.8,77.4,0.0,31.6,4.8,417.001,23.474,70.0
2024-08-01 10:00:00,302,985.8,75.9,0.0,31.8,4.9,350.006,19.13,70.0
2024-08-01 10:15:00,307,985.8,74.9,0.0,31.9,5.0,279.006,17.591,70.0
2024-08-01 10:30:00,309,985.8,74.4,0.0,31.9,5.1,521.001,36.063,70.0
2024-08-01 10:45:00,309,985.8,74.1,0.0,32.0,5.2,442.005,40.577,70.0
2024-08-01 11:00:00,307,985.8,73.7,0.0,32.1,5.2,433.005,50.328,70.0
2024-08-01 11:15:00,304,985.8,73.0,0.0,32.2,5.2,717.003,39.813,70.0
2024-08-01 11:30:00,299,985.8,72.1,0.0,32.3,5.2,631.009,53.218,70.0
2024-08-01 11:45:00,294,985.8,71.6,0.0,32.4,5.2,838.003,49.731,70.0
2024-08-01 12:00:00,289,985.8,70.7,0.0,32.4,5.2,397.006,45.036,70.0
2024-08-01 12:15:00,284,985.8,71.3,0.0,32.2,5.1,607.001,32.315,70.0
2024-08-01 12:30:00,279,985.8,72.0,0.0,32.0,4.9,553.007,36.865,70.0
2024-08-01 12:45:00,275,985.8,72.8,0.0,31.7,4.8,1047.002,31.337,70.0
2024-08-01 13:00:00,272,985.8,73.0,0.0,31.6,4.7,462.002,24.473,70.0
2024-08-01 13:15:00,270,985.8,72.3,0.0,31.7,4.5,526.007,26.165,70.0
2024-08-01 13:30:00,268,985.8,72.0,0.0,31.7,4.4,627.005,33.384,70.0
2024-08-01 13:45:00,265,985.8,71.7,0.0,31.8,4.3,469.004,20.341,70.0
2024-08-01 14:00:00,263,985.8,71.6,0.0,31.9,4.3,818.008,23.121,70.0
2024-08-01 14:15:00,259,985.8,71.9,0.0,31.9,4.4,428.01,22.178,70.0
2024-08-01 14:30:00,254,985.8,71.7,0.0,32.0,4.4,403.003,24.152,70.0
2024-08-01 14:45:00,247,985.8,72.2,0.0,32.0,4.4,925.007,18.386,70.0
2024-08-01 15:00:00,239,985.8,73.9,0.0,31.9,4.4,264.007,17.22,70.0
2024-08-01 15:15:00,228,985.8,74.7,0.0,31.5,4.3,254.008,10.354,70.0
2024-08-01 15:30:00,216,985.7,76.2,0.0,31.2,4.2,222.01,10.725,70.0
2024-08-01 15:45:00,201,985.7,77.5,0.0,31.0,4.1,136.003,9.511,70.0
2024-08-01 16:00:00,185,985.7,76.7,0.0,30.9,4.0,229.002,12.057,70.0
2024-08-01 16:15:00,168,985.7,77.3,0.0,30.8,3.9,122.003,6.798,70.0
2024-08-01 16:30:00,149,985.7,77.5,0.0,30.8,3.7,144.002,8.646,70.0
2024-08-01 16:45:00,131,985.7,78.6,0.0,30.7,3.5,156.003,8.097,70.0
2024-08-01 17:00:00,114,985.7,80.3,0.0,30.5,3.4,134.002,9.0,70.0
2024-08-01 17:15:00,96,985.7,80.3,0.0,30.5,3.4,126.002,6.931,70.0
2024-08-01 17:30:00,80,985.7,80.5,0.0,30.3,3.4,110.001,5.817,70.0
2024-08-01 17:45:00,65,985.7,81.0,0.1,30.2,3.3,100.003,5.484,70.0
2024-08-01 18:00:00,52,985.7,82.2,0.0,29.9,3.3,55.007,3.488,70.0
2024-08-01 18:15:00,39,985.7,83.8,0.0,29.6,3.2,86.003,4.442,70.0
2024-08-01 18:30:00,28,985.7,85.8,0.0,29.1,3.1,28.009,1.433,70.0
2024-08-01 18:45:00,18,985.7,87.2,0.0,28.7,3.0,12.006,0.699,70.0
2024-08-01 19:00:00,8,985.7,88.0,0.0,28.4,3.0,0.0,0.0,70.0
2024-08-01 19:15:00,0,985.7,89.1,0.0,28.2,2.9,0.0,0.0,70.0
2024-08-01 19:30:00,0,985.7,90.1,0.0,28.0,2.9,0.0,0.0,70.0
2024-08-01 19:45:00,0,985.7,90.8,0.0,27.9,2.8,0.0,0.0,70.0
2024-08-01 20:00:00,0,985.7,91.3,0.0,27.7,2.8,0.0,0.0,70.0
2024-08-01 20:15:00,0,985.7,91.7,0.0,27.6,2.8,0.0,0.0,70.0
2024-08-01 20:30:00,0,985.7,91.9,0.0,27.5,2.9,0.0,0.0,70.0
2024-08-01 20:45:00,0,985.7,92.1,0.0,27.5,2.9,0.0,0.0,70.0
2024-08-01 21:00:00,0,985.7,92.5,0.0,27.4,2.9,0.0,0.0,70.0
2024-08-01 21:15:00,0,985.7,93.2,0.0,27.3,2.9,0.0,0.0,70.0
2024-08-01 21:30:00,0,985.7,94.1,0.0,27.2,2.9,0.0,0.0,70.0
2024-08-01 21:45:00,0,985.7,94.9,0.0,27.1,2.9,0.0,0.0,70.0
2024-08-01 22:00:00,0,985.7,95.7,0.0,27.0,3.0,0.0,0.0,70.0
2024-08-01 22:15:00,0,985.7,96.4,0.0,26.9,3.0,0.0,0.0,70.0
2024-08-01 22:30:00,0,985.7,97.1,0.0,26.8,2.9,0.0,0.0,70.0
2024-08-01 22:45:00,0,985.7,97.5,0.0,26.8,2.9,0.0,0.0,70.0
2024-08-01 23:00:00,0,985.7,98.0,0.0,26.7,2.9,0.0,0.0,70.0
2024-08-01 23:15:00,0,985.7,98.5,0.0,26.7,3.0,0.0,0.0,70.0
2024-08-01 23:30:00,0,985.7,98.9,0.0,26.7,3.0,0.0,0.0,70.0
2024-08-01 23:45:00,0,985.7,99.1,0.0,26.6,3.0,0.0,0.0,70.0
2024-08-02 00:00:00,0,985.7,96.4,0.0,26.7,2.8,0.0,0.0,70.0
2024-08-02 00:15:00,0,985.7,96.5,0.0,26.6,2.8,0.0,0.0,70.0
2024-08-02 00:30:00,0,985.7,96.6,0.0,26.6,2.8,0.0,0.0,70.0
2024-08-02 00:45:00,0,985.7,96.8,0.0,26.6,2.7,0.0,0.0,70.0
2024-08-02 01:00:00,0,985.7,97.2,0.0,26.6,2.6,0.0,0.0,70.0
2024-08-02 01:15:00,0,985.7,97.7,0.0,26.5,2.5,0.0,0.0,70.0
2024-08-02 01:30:00,0,985.7,98.1,0.0,26.5,2.4,0.0,0.0,70.0
2024-08-02 01:45:00,0,985.7,98.6,0.0,26.4,2.3,0.0,0.0,70.0
2024-08-02 02:00:00,0,985.7,99.0,0.0,26.4,2.2,0.0,0.0,70.0
2024-08-02 02:15:00,0,985.7,99.3,0.0,26.3,2.2,0.0,0.0,70.0
2024-08-02 02:30:00,0,985.7,99.4,0.0,26.3,2.1,0.0,0.0,70.0
2024-08-02 02:45:00,0,985.7,99.5,0.0,26.2,2.0,0.0,0.0,70.0
2024-08-02 03:00:00,0,985.7,99.5,0.0,26.2,2.0,0.0,0.0,70.0
2024-08-02 03:15:00,0,985.7,99.6,0.0,26.2,2.0,0.0,0.0,70.0
2024-08-02 03:30:00,0,985.7,99.7,0.0,26.2,2.0,0.0,0.0,70.0
2024-08-02 03:45:00,0,985.7,99.7,0.0,26.2,2.0,0.0,0.0,70.0
2024-08-02 04:00:00,0,985.7,99.4,0.0,26.2,2.0,0.0,0.0,70.0
2024-08-02 04:15:00,0,985.7,98.7,0.0,26.2,2.0,0.0,0.0,70.0
2024-08-02 04:30:00,0,985.7,98.5,0.0,26.1,2.0,0.0,0.0,70.0
2024-08-02 04:45:00,0,985.7,98.3,0.0,26.1,2.0,0.0,0.0,70.0
2024-08-02 05:00:00,0,985.7,98.0,0.0,26.1,2.0,0.0,0.0,70.0
2024-08-02 05:15:00,0,985.7,97.7,0.0,26.1,2.0,0.0,0.0,70.0
2024-08-02 05:30:00,5,985.7,97.5,0.0,26.1,2.0,0.0,0.0,70.0
2024-08-02 05:45:00,28,985.7,97.5,0.0,26.1,2.0,28.009,1.297,70.0
2024-08-02 06:00:00,51,985.7,97.4,0.0,26.1,2.0,52.002,2.364,70.0
2024-08-02 06:15:00,75,985.7,97.4,0.0,26.2,1.9,70.003,3.629,70.0
2024-08-02 06:30:00,100,985.7,97.3,0.0,26.3,1.9,109.001,5.333,70.0
2024-08-02 06:45:00,127,985.7,97.1,0.0,26.5,1.9,143.007,5.381,70.0
2024-08-02 07:00:00,156,985.7,96.9,0.0,26.6,1.9,141.008,7.086,70.0
2024-08-02 07:15:00,187,985.7,96.8,0.0,26.8,1.9,208.004,9.733,70.0
2024-08-02 07:30:00,222,985.7,96.6,0.0,27.0,1.9,146.002,14.552,70.0
2024-08-02 07:45:00,259,985.7,96.3,0.0,27.2,1.9,397.008,20.319,70.0
2024-08-02 08:00:00,298,985.7,95.7,0.0,27.4,2.0,451.008,24.013,70.0
2024-08-02 08:15:00,339,985.8,94.7,0.0,27.8,2.0,520.006,27.372,70.0
2024-08-02 08:30:00,381,985.8,93.6,0.0,28.1,2.1,557.008,30.479,70.0
2024-08-02 08:45:00,424,985.8,92.3,0.0,28.5,2.2,611.002,34.404,70.0
2024-08-02 09:00:00,466,985.8,90.8,0.0,28.9,2.3,666.008,37.735,70.0
2024-08-02 09:15:00,506,985.8,89.2,0.0,29.3,2.4,713.009,34.661,70.0
2024-08-02 09:30:00,544,985.8,87.3,0.0,29.8,2.5,827.007,38.367,70.0
2024-08-02 09:45:00,577,985.8,85.6,0.0,30.2,2.6,889.004,41.304,70.0
2024-08-02 10:00:00,608,985.8,84.1,0.0,30.5,2.7,547.002,35.179,70.0
2024-08-02 10:15:00,636,985.8,82.8,0.0,30.8,2.7,950.003,38.971,70.0
2024-08-02 10:30:00,661,985.8,81.4,0.0,31.1,2.7,884.002,45.058,70.0
2024-08-02 10:45:00,683,985.8,80.4,0.0,31.4,2.8,780.001,51.04,70.0
2024-08-02 11:00:00,702,985.8,79.9,0.0,31.4,2.8,845.003,40.275,70.0
2024-08-02 11:15:00,716,985.8,79.1,0.0,31.6,2.8,1001.001,50.171,70.0
2024-08-02 11:30:00,727,985.8,77.7,0.0,31.9,2.8,1018.007,51.233,70.0
2024-08-02 11:45:00,734,985.8,76.5,0.0,32.2,2.8,383.007,53.739,70.0
2024-08-02 12:00:00,737,985.8,75.4,0.0,32.5,2.8,1018.007,50.307,70.0
2024-08-02 12:15:00,737,985.8,75.4,0.0,32.4,2.8,1043.005,39.989,70.0
2024-08-02 12:30:00,733,985.8,75.1,0.1,32.3,2.8,992.001,44.491,70.0
2024-08-02 12:45:00,725,985.8,73.7,0.0,32.5,2.8,1010.005,37.761,70.0
2024-08-02 13:00:00,712,985.8,72.9,0.1,32.6,2.8,995.001,32.942,70.0
2024-08-02 13:15:00,696,985.8,72.1,0.0,32.7,2.8,977.009,44.028,70.0
2024-08-02 13:30:00,676,985.8,71.0,0.0,33.0,2.8,967.007,48.04,70.0
2024-08-02 13:45:00,652,985.8,70.4,0.0,33.1,2.8,907.001,42.762,70.0
2024-08-02 14:00:00,626,985.8,69.9,0.0,33.3,2.9,869.003,45.867,70.0
2024-08-02 14:15:00,597,985.8,68.8,0.0,33.5,2.9,443.002,40.161,70.0
2024-08-02 14:30:00,566,985.8,68.1,0.0,33.6,3.0,808.004,45.118,70.0
2024-08-02 14:45:00,534,985.8,67.2,0.0,33.6,3.0,818.005,39.518,70.0
2024-08-02 15:00:00,500,985.8,68.2,0.0,33.2,3.0,725.001,31.471,70.0
2024-08-02 15:15:00,465,985.8,67.9,0.0,33.3,3.1,746.008,29.05,70.0
2024-08-02 15:30:00,430,985.8,68.1,0.1,33.2,3.1,652.01,28.536,70.0
2024-08-02 15:45:00,395,985.8,67.8,0.0,33.2,3.0,655.007,17.086,70.0
2024-08-02 16:00:00,359,985.8,68.1,0.0,33.2,3.0,568.003,21.363,70.0
2024-08-02 16:15:00,321,985.8,68.7,0.0,33.2,3.0,148.003,17.885,70.0
2024-08-02 16:30:00,284,985.8,69.2,0.0,33.0,3.0,472.008,22.322,70.0
2024-08-02 16:45:00,248,985.8,70.4,0.0,32.9,3.0,147.009,15.731,70.0
2024-08-02 17:00:00,213,985.8,71.2,0.0,32.7,3.0,318.006,13.724,70.0
2024-08-02 17:15:00,180,985.8,71.9,0.0,32.5,3.0,268.001,9.984,70.0
2024-08-02 17:30:00,150,985.8,73.4,0.0,32.2,2.9,234.003,7.945,70.0
2024-08-02 17:45:00,122,985.8,75.5,0.0,31.7,2.9,175.009,5.373,70.0
2024-08-02 18:00:00,96,985.8,76.9,0.0,31.5,2.8,127.001,3.717,70.0
2024-08-02 18:15:00,73,985.8,78.4,0.0,31.3,2.7,88.0,2.602,70.0
2024-08-02 18:30:00,52,985.8,79.9,0.0,31.0,2.7,36.004,1.618,70.0
2024-08-02 18:45:00,32,985.8,81.8,0.0,30.6,2.5,20.009,0.948,70.0
2024-08-02 19:00:00,14,985.8,83.3,0.0,30.3,2.4,0.0,0.0,70.0
2024-08-02 19:15:00,0,985.8,84.2,0.0,30.0,2.3,0.0,0.0,70.0
2024-08-02 19:30:00,0,985.8,84.9,0.0,29.8,2.2,0.0,0.0,70.0
2024-08-02 19:45:00,0,985.8,85.8,0.0,29.6,2.2,0.0,0.0,70.0
2024-08-02 20:00:00,0,985.8,86.7,0.0,29.4,2.2,0.0,0.0,70.0
2024-08-02 20:15:00,0,985.8,87.8,0.0,29.2,2.1,0.0,0.0,70.0
2024-08-02 20:30:00,0,985.8,89.0,0.0,29.1,2.1,0.0,0.0,70.0
2024-08-02 20:45:00,0,985.8,89.7,0.0,28.9,2.0,0.0,0.0,70.0
2024-08-02 21:00:00,0,985.8,90.4,0.0,28.8,2.0,0.0,0.0,70.0
2024-08-02 21:15:00,0,985.8,91.1,0.0,28.7,2.0,0.0,0.0,70.0
2024-08-02 21:30:00,0,985.8,91.7,0.0,28.6,1.9,0.0,0.0,70.0
2024-08-02 21:45:00,0,985.8,92.2,0.0,28.5,1.9,0.0,0.0,70.0
2024-08-02 22:00:00,0,985.8,92.8,0.0,28.4,1.9,0.0,0.0,70.0
2024-08-02 22:15:00,0,985.8,93.7,0.0,28.3,1.9,0.0,0.0,70.0
2024-08-02 22:30:00,0,985.8,94.5,0.0,28.2,1.9,0.0,0.0,70.0
2024-08-02 22:45:00,0,985.8,95.1,0.0,28.1,1.8,0.0,0.0,70.0
2024-08-02 23:00:00,0,985.8,95.5,0.0,28.1,1.8,0.0,0.0,70.0
2024-08-02 23:15:00,0,985.8,95.9,0.0,28.0,1.8,0.0,0.0,70.0
2024-08-02 23:30:00,0,985.8,96.3,0.0,27.9,1.8,0.0,0.0,70.0
2024-08-02 23:45:00,0,985.8,96.7,0.0,27.8,1.7,0.0,0.0,70.0
2024-08-03 00:00:00,0,985.8,95.3,0.0,27.8,1.7,0.0,0.0,70.0
2024-08-03 00:15:00,0,985.8,95.5,0.0,27.8,1.6,0.0,0.0,70.0
2024-08-03 00:30:00,0,985.8,95.8,0.0,27.7,1.5,0.0,0.0,70.0
2024-08-03 00:45:00,0,985.8,96.2,0.0,27.6,1.4,0.0,0.0,70.0
2024-08-03 01:00:00,0,985.8,96.6,0.0,27.5,1.4,0.0,0.0,70.0
2024-08-03 01:15:00,0,985.8,97.0,0.0,27.4,1.3,0.0,0.0,70.0
2024-08-03 01:30:00,0,985.8,97.4,0.0,27.4,1.2,0.0,0.0,70.0
2024-08-03 01:45:00,0,985.8,97.9,0.0,27.3,1.1,0.0,0.0,70.0
2024-08-03 02:00:00,0,985.8,98.3,0.0,27.2,1.1,0.0,0.0,70.0
2024-08-03 02:15:00,0,985.8,98.5,0.0,27.1,1.0,0.0,0.0,70.0
2024-08-03 02:30:00,0,985.8,98.7,0.0,27.1,1.0,0.0,0.0,70.0
2024-08-03 02:45:00,0,985.8,99.0,0.0,27.1,0.9,0.0,0.0,70.0
2024-08-03 03:00:00,0,985.8,99.3,0.0,27.0,0.9,0.0,0.0,70.0
2024-08-03 03:15:00,0,985.8,99.5,0.0,27.0,0.9,0.0,0.0,70.0
2024-08-03 03:30:00,0,985.8,99.7,0.0,26.9,0.8,0.0,0.0,70.0
2024-08-03 03:45:00,0,985.8,99.9,0.0,26.9,0.8,0.0,0.0,70.0
2024-08-03 04:00:00,0,985.8,99.9,0.0,26.8,0.8,0.0,0.0,70.0
2024-08-03 04:15:00,0,985.8,99.9,0.0,26.8,0.8,0.0,0.0,70.0
2024-08-03 04:30:00,0,985.8,100.0,0.0,26.8,0.8,0.0,0.0,70.0
2024-08-03 04:45:00,0,985.8,100.0,0.0,26.8,0.8,0.0,0.0,70.0
2024-08-03 05:00:00,0,985.8,100.0,0.0,26.8,0.8,0.0,0.0,70.0
2024-08-03 05:15:00,0,985.8,100.0,0.1,26.8,0.8,0.0,0.0,70.0
2024-08-03 05:30:00,4,985.8,100.0,0.0,26.8,0.8,0.0,0.0,70.0
2024-08-03 05:45:00,26,985.8,100.0,0.0,26.8,0.8,18.007,0.577,70.0
2024-08-03 06:00:00,49,985.8,100.0,0.0,26.9,0.8,52.005,2.262,70.0
2024-08-03 06:15:00,72,985.8,100.0,0.0,27.0,0.9,94.009,3.862,70.0
2024-08-03 06:30:00,96,985.8,100.0,0.0,27.0,0.9,137.009,7.886,70.0
2024-08-03 06:45:00,122,985.8,100.0,0.0,27.1,1.0,204.007,13.53,70.0
2024-08-03 07:00:00,149,985.8,100.0,0.0,27.2,1.0,161.006,8.952,70.0
2024-08-03 07:15:00,178,985.8,100.0,0.0,27.3,1.1,187.002,6.067,70.0
2024-08-03 07:30:00,210,985.8,100.0,0.0,27.4,1.3,155.007,9.981,70.0
2024-08-03 07:45:00,243,985.8,99.9,0.0,27.5,1.4,221.003,10.996,70.0
2024-08-03 08:00:00,278,985.8,99.7,0.0,27.8,1.5,125.0,7.067,70.0
2024-08-03 08:15:00,315,985.8,99.2,0.0,28.1,1.7,143.009,8.456,70.0
2024-08-03 08:30:00,352,985.8,98.1,0.0,28.5,1.9,137.005,8.329,70.0
2024-08-03 08:45:00,390,985.8,96.0,0.0,29.1,2.0,131.006,8.17,70.0
2024-08-03 09:00:00,426,985.8,93.5,0.0,29.7,2.2,137.006,8.474,70.0
2024-08-03 09:15:00,461,985.8,90.5,0.0,30.3,2.4,145.003,9.603,70.0
2024-08-03 09:30:00,494,985.8,87.4,0.0,30.8,2.6,156.001,9.962,70.0
2024-08-03 09:45:00,523,985.8,84.8,0.0,31.3,2.7,185.01,11.415,70.0
2024-08-03 10:00:00,551,985.8,82.7,0.0,31.8,2.9,231.007,13.774,70.0
2024-08-03 10:15:00,576,985.8,80.1,0.0,32.1,3.0,258.009,15.449,70.0
2024-08-03 10:30:00,600,985.8,78.5,0.0,32.5,3.2,300.004,17.639,70.0
2024-08-03 10:45:00,620,985.8,75.8,0.0,32.8,3.3,366.008,21.187,70.0
2024-08-03 11:00:00,637,985.8,74.3,0.0,33.1,3.5,485.002,33.659,70.0
2024-08-03 11:15:00,651,985.8,72.6,0.0,33.3,3.6,709.006,43.001,70.0
2024-08-03 11:30:00,661,985.8,71.6,0.0,33.5,3.7,788.007,48.172,70.0
2024-08-03 11:45:00,666,985.8,70.5,0.0,33.7,3.8,870.005,49.388,70.0
2024-08-03 12:00:00,667,985.8,69.4,0.0,33.9,3.9,736.001,48.787,70.0
2024-08-03 12:15:00,663,985.8,68.8,0.0,34.1,4.0,334.007,39.799,70.0
2024-08-03 12:30:00,654,985.8,68.6,0.0,34.2,4.0,616.0,36.423,70.0
2024-08-03 12:45:00,639,985.8,68.0,0.0,34.3,4.1,685.009,39.823,70.0
2024-08-03 13:00:00,617,985.8,68.2,0.0,34.3,4.1,667.002,36.276,70.0
2024-08-03 13:15:00,589,985.8,70.0,0.1,33.8,4.2,783.003,32.391,70.0
2024-08-03 13:30:00,556,985.8,68.2,0.0,34.1,4.2,835.002,36.051,70.0
2024-08-03 13:45:00,519,985.8,68.9,0.0,34.1,4.2,924.005,45.645,70.0
2024-08-03 14:00:00,480,985.8,68.8,0.0,34.3,4.3,803.004,28.141,70.0
2024-08-03 14:15:00,440,985.8,68.2,0.0,34.4,4.3,401.001,16.732,70.0
2024-08-03 14:30:00,401,985.8,68.3,0.0,34.2,4.3,293.003,30.446,70.0
2024-08-03 14:45:00,362,985.8,68.0,0.0,34.3,4.3,224.009,22.351,70.0
2024-08-03 15:00:00,326,985.8,68.5,0.0,34.0,4.2,133.003,5.128,70.0
2024-08-03 15:15:00,294,985.8,69.1,0.1,33.8,4.1,78.008,4.455,70.0
2024-08-03 15:30:00,265,985.8,68.4,0.1,33.7,4.0,126.006,9.61,70.0
2024-08-03 15:45:00,240,985.8,67.6,0.0,33.9,4.0,148.01,10.147,70.0
2024-08-03 16:00:00,217,985.8,67.7,0.0,33.9,4.0,142.003,10.337,70.0
2024-08-03 16:15:00,197,985.8,66.8,0.0,33.9,3.8,142.003,9.796,70.0
2024-08-03 16:30:00,178,985.8,67.6,0.0,33.7,3.8,110.01,9.428,70.0
2024-08-03 16:45:00,160,985.8,71.1,0.0,33.1,3.8,161.007,9.057,70.0
2024-08-03 17:00:00,142,985.8,72.0,0.0,32.5,3.7,185.002,13.269,70.0
2024-08-03 17:15:00,126,985.8,74.8,0.0,32.0,3.6,115.005,7.801,70.0
2024-08-03 17:30:00,109,985.8,77.6,0.0,31.7,3.4,80.007,5.652,70.0
2024-08-03 17:45:00,93,985.8,82.5,0.0,30.8,3.2,59.008,3.673,70.0
2024-08-03 18:00:00,77,985.8,85.3,0.0,30.3,3.0,49.002,3.145,70.0
2024-08-03 18:15:00,60,985.8,86.0,0.0,29.9,2.8,82.005,2.838,70.0
2024-08-03 18:30:00,44,985.8,85.1,0.0,29.7,2.6,37.0,1.813,70.0
2024-08-03 18:45:00,28,985.8,84.6,0.0,29.5,2.5,20.009,0.897,70.0
2024-08-03 19:00:00,12,985.8,85.2,0.0,29.4,2.3,0.0,0.0,70.0
2024-08-03 19:15:00,0,985.8,85.8,0.0,29.3,2.2,0.0,0.0,70.0
2024-08-03 19:30:00,0,985.8,87.4,0.0,29.2,2.1,0.0,0.0,70.0
2024-08-03 19:45:00,0,985.8,89.2,0.0,29.1,2.0,0.0,0.0,70.0
2024-08-03 20:00:00,0,985.8,90.9,0.0,29.0,2.0,0.0,0.0,70.0
2024-08-03 20:15:00,0,985.8,92.0,0.0,28.9,1.9,0.0,0.0,70.0
2024-08-03 20:30:00,0,985.8,92.3,0.0,28.8,1.9,0.0,0.0,70.0
2024-08-03 20:45:00,0,985.8,92.5,0.0,28.7,1.9,0.0,0.0,70.0
2024-08-03 21:00:00,0,985.8,92.9,0.0,28.7,1.8,0.0,0.0,70.0
2024-08-03 21:15:00,0,985.8,93.3,0.0,28.7,1.7,0.0,0.0,70.0
2024-08-03 21:30:00,0,985.8,93.4,0.0,28.6,1.6,0.0,0.0,70.0
2024-08-03 21:45:00,0,985.8,93.4,0.0,28.6,1.6,0.0,0.0,70.0
2024-08-03 22:00:00,0,985.8,93.5,0.0,28.5,1.6,0.0,0.0,70.0
2024-08-03 22:15:00,0,985.8,93.7,0.0,28.5,1.5,0.0,0.0,70.0
2024-08-03 22:30:00,0,985.8,93.8,0.0,28.5,1.5,0.0,0.0,70.0
2024-08-03 22:45:00,0,985.8,93.9,0.0,28.4,1.5,0.0,0.0,70.0
2024-08-03 23:00:00,0,985.8,94.1,0.0,28.4,1.5,0.0,0.0,70.0
2024-08-03 23:15:00,0,985.8,94.3,0.0,28.3,1.4,0.0,0.0,70.0
2024-08-03 23:30:00,0,985.8,94.7,0.0,28.3,1.4,0.0,0.0,70.0
2024-08-03 23:45:00,0,985.8,95.2,0.0,28.2,1.5,0.0,0.0,70.0
2024-08-04 00:00:00,0,985.6,99.4,0.0,28.4,1.7,0.0,0.0,70.0
2024-08-04 00:15:00,0,985.6,99.6,0.0,28.3,1.7,0.0,0.0,70.0
2024-08-04 00:30:00,0,985.6,99.7,0.0,28.3,1.7,0.0,0.0,70.0
2024-08-04 00:45:00,0,985.6,99.8,0.0,28.3,1.7,0.0,0.0,70.0
2024-08-04 01:00:00,0,985.6,99.8,0.0,28.3,1.7,0.0,0.0,70.0
2024-08-04 01:15:00,0,985.6,99.8,0.0,28.3,1.7,0.0,0.0,70.0
2024-08-04 01:30:00,0,985.6,99.8,0.0,28.2,1.7,0.0,0.0,70.0
2024-08-04 01:45:00,0,985.6,99.9,0.0,28.2,1.7,0.0,0.0,70.0
2024-08-04 02:00:00,0,985.6,99.9,0.0,28.2,1.7,0.0,0.0,70.0
2024-08-04 02:15:00,0,985.6,99.9,0.0,28.1,1.8,0.0,0.0,70.0
2024-08-04 02:30:00,0,985.6,100.0,0.0,28.1,1.8,0.0,0.0,70.0
2024-08-04 02:45:00,0,985.6,100.0,0.0,28.1,1.8,0.0,0.0,70.0
2024-08-04 03:00:00,0,985.6,100.0,0.0,28.1,1.9,0.0,0.0,70.0
2024-08-04 03:15:00,0,985.6,100.0,0.0,28.1,2.0,0.0,0.0,70.0
2024-08-04 03:30:00,0,985.6,100.0,0.0,28.1,2.0,0.0,0.0,70.0
2024-08-04 03:45:00,0,985.6,100.0,0.0,28.0,2.1,0.0,0.0,70.0
2024-08-04 04:00:00,0,985.6,100.0,0.0,28.0,2.2,0.0,0.0,70.0
2024-08-04 04:15:00,0,985.6,100.0,0.0,28.0,2.3,0.0,0.0,70.0
2024-08-04 04:30:00,0,985.6,100.0,0.0,28.0,2.4,0.0,0.0,70.0
2024-08-04 04:45:00,0,985.6,100.0,0.0,28.0,2.5,0.0,0.0,70.0
2024-08-04 05:00:00,0,985.6,100.0,0.0,28.0,2.5,0.0,0.0,70.0
2024-08-04 05:15:00,0,985.6,100.0,0.0,27.9,2.6,0.0,0.0,70.0
2024-08-04 05:30:00,4,985.6,100.0,0.0,27.9,2.6,0.0,0.0,70.0
2024-08-04 05:45:00,30,985.6,100.0,0.0,27.9,2.7,28.007,1.267,70.0
2024-08-04 06:00:00,58,985.6,100.0,0.0,27.9,2.7,48.008,2.155,70.0
2024-08-04 06:15:00,86,985.6,100.0,0.0,28.0,2.7,84.009,3.282,70.0
2024-08-04 06:30:00,115,985.6,99.8,0.0,28.0,2.8,141.001,5.27,70.0
2024-08-04 06:45:00,145,985.6,99.6,0.0,28.1,2.8,185.006,7.333,70.0
2024-08-04 07:00:00,178,985.6,99.3,0.0,28.2,2.9,218.003,9.726,70.0
2024-08-04 07:15:00,212,985.6,99.0,0.0,28.4,3.0,243.005,12.12,70.0
2024-08-04 07:30:00,249,985.6,98.5,0.0,28.6,3.1,337.005,13.884,70.0
2024-08-04 07:45:00,289,985.6,97.8,0.0,28.8,3.2,312.001,18.596,70.0
2024-08-04 08:00:00,330,985.6,97.2,0.0,29.1,3.3,439.003,23.076,70.0
2024-08-04 08:15:00,372,985.6,96.3,0.0,29.5,3.4,447.001,26.652,70.0
2024-08-04 08:30:00,416,985.6,94.5,0.0,30.0,3.6,542.002,29.824,70.0
2024-08-04 08:45:00,459,985.6,91.9,0.0,30.6,3.7,536.002,33.391,70.0
2024-08-04 09:00:00,502,985.6,89.2,0.0,31.1,3.8,574.004,36.119,70.0
2024-08-04 09:15:00,543,985.6,86.2,0.0,31.6,3.9,669.007,38.175,70.0
2024-08-04 09:30:00,580,985.6,82.8,0.0,32.2,4.0,729.006,41.022,70.0
2024-08-04 09:45:00,614,985.6,80.4,0.0,32.6,4.1,674.001,43.983,70.0
2024-08-04 10:00:00,645,985.6,77.6,0.0,33.1,4.2,790.003,45.325,70.0
2024-08-04 10:15:00,672,985.6,75.2,0.0,33.5,4.4,834.0,44.085,70.0
2024-08-04 10:30:00,696,985.6,72.5,0.0,33.8,4.5,860.002,50.371,70.0
2024-08-04 10:45:00,717,985.6,70.6,0.0,34.1,4.6,861.01,39.947,70.0
2024-08-04 11:00:00,734,985.6,69.0,0.0,34.3,4.7,922.0,17.005,70.0
2024-08-04 11:15:00,747,985.6,67.3,0.0,34.6,4.9,444.003,23.758,70.0
2024-08-04 11:30:00,757,985.6,65.8,0.0,34.7,5.0,249.0,24.193,70.0
2024-08-04 11:45:00,763,985.6,64.8,0.0,34.9,5.1,571.0,33.288,70.0
2024-08-04 12:00:00,766,985.6,64.1,0.0,35.0,5.3,472.004,48.261,70.0
2024-08-04 12:15:00,766,985.6,63.6,0.0,35.1,5.4,975.0,36.273,70.0
2024-08-04 12:30:00,763,985.6,63.1,0.0,35.2,5.5,979.007,42.112,70.0
2024-08-04 12:45:00,758,985.6,61.8,0.0,35.3,5.6,969.007,50.075,70.0
2024-08-04 13:00:00,750,985.6,61.3,0.0,35.4,5.6,928.003,47.144,70.0
2024-08-04 13:15:00,739,985.6,61.1,0.0,35.4,5.7,507.001,51.726,70.0
2024-08-04 13:30:00,725,985.6,60.9,0.0,35.4,5.8,941.009,50.675,70.0
2024-08-04 13:45:00,708,985.6,62.8,0.0,35.2,5.8,972.005,44.347,70.0
2024-08-04 14:00:00,689,985.6,63.0,0.0,35.3,5.9,907.005,48.78,70.0
2024-08-04 14:15:00,666,985.6,63.0,0.0,35.2,5.9,272.009,29.465,70.0
2024-08-04 14:30:00,640,985.6,63.5,0.0,35.1,5.9,849.005,22.468,70.0
2024-08-04 14:45:00,611,985.6,63.5,0.0,35.0,5.8,761.004,38.876,70.0
2024-08-04 15:00:00,579,985.6,62.7,0.0,35.1,5.8,727.002,24.898,70.0
2024-08-04 15:15:00,545,985.6,62.8,0.1,34.9,5.8,453.005,31.897,70.0
2024-08-04 15:30:00,508,985.6,62.9,0.0,35.0,5.7,576.007,24.685,70.0
2024-08-04 15:45:00,468,985.6,62.9,0.0,35.0,5.6,577.002,31.443,70.0
2024-08-04 16:00:00,426,985.6,63.1,0.0,34.8,5.4,558.009,27.651,70.0
2024-08-04 16:15:00,381,985.6,65.3,0.1,34.5,5.3,504.004,24.215,70.0
2024-08-04 16:30:00,337,985.6,65.3,0.0,34.4,5.1,432.007,20.82,70.0
2024-08-04 16:45:00,292,985.6,64.9,0.0,34.4,5.0,392.002,16.613,70.0
2024-08-04 17:00:00,250,985.6,65.6,0.0,34.2,4.9,128.007,5.445,70.0
2024-08-04 17:15:00,209,985.6,67.3,0.0,33.9,4.6,102.004,5.474,70.0
2024-08-04 17:30:00,172,985.6,68.7,0.0,33.7,4.4,78.002,7.633,70.0
2024-08-04 17:45:00,138,985.6,70.5,0.1,33.1,4.1,64.0,5.991,70.0
2024-08-04 18:00:00,107,985.6,72.5,0.2,32.0,3.8,56.004,3.708,70.0
2024-08-04 18:15:00,80,985.6,72.3,0.0,31.7,3.5,26.007,1.316,70.0
2024-08-04 18:30:00,56,985.6,72.9,0.0,31.4,3.3,13.007,0.726,70.0
2024-08-04 18:45:00,34,985.6,74.0,0.0,31.1,3.1,0.0,0.158,70.0
2024-08-04 19:00:00,14,985.6,75.2,0.0,30.8,2.7,0.0,0.0,70.0
2024-08-04 19:15:00,0,985.6,76.6,0.0,30.6,2.4,0.0,0.0,70.0
2024-08-04 19:30:00,0,985.6,77.9,0.0,30.4,2.2,0.0,0.0,70.0
2024-08-04 19:45:00,0,985.6,79.1,0.0,30.3,2.0,0.0,0.0,70.0
2024-08-04 20:00:00,0,985.6,79.7,0.0,30.3,2.0,0.0,0.0,70.0
2024-08-04 20:15:00,0,985.6,80.4,0.0,30.2,2.2,0.0,0.0,70.0
2024-08-04 20:30:00,0,985.6,81.0,0.0,30.1,2.3,0.0,0.0,70.0
2024-08-04 20:45:00,0,985.6,81.8,0.0,29.9,2.4,0.0,0.0,70.0
2024-08-04 21:00:00,0,985.6,82.9,0.0,29.4,2.4,0.0,0.0,70.0
2024-08-04 21:15:00,0,985.6,84.1,0.1,28.6,2.4,0.0,0.0,70.0
2024-08-04 21:30:00,0,985.6,85.2,0.1,28.2,2.4,0.0,0.0,70.0
2024-08-04 21:45:00,0,985.6,85.4,0.0,28.1,2.4,0.0,0.0,70.0
2024-08-04 22:00:00,0,985.6,86.5,0.0,28.1,2.4,0.0,0.0,70.0
2024-08-04 22:15:00,0,985.6,87.6,0.0,28.0,2.2,0.0,0.0,70.0
2024-08-04 22:30:00,0,985.6,88.2,0.0,27.9,2.0,0.0,0.0,70.0
2024-08-04 22:45:00,0,985.6,88.4,0.0,27.9,1.8,0.0,0.0,70.0
2024-08-04 23:00:00,0,985.6,88.7,0.0,27.8,1.7,0.0,0.0,70.0
2024-08-04 23:15:00,0,985.6,88.9,0.0,27.8,1.6,0.0,0.0,70.0
2024-08-04 23:30:00,0,985.6,89.2,0.0,27.7,1.6,0.0,0.0,70.0
2024-08-04 23:45:00,0,985.6,89.6,0.1,27.7,1.6,0.0,0.0,70.0
2024-08-05 00:00:00,0,985.8,91.5,0.0,28.0,2.1,0.0,0.0,70.0
2024-08-05 00:15:00,0,985.8,91.9,0.0,27.9,2.0,0.0,0.0,70.0
2024-08-05 00:30:00,0,985.8,92.2,0.0,27.8,1.9,0.0,0.0,70.0
2024-08-05 00:45:00,0,985.8,92.4,0.0,27.7,1.8,0.0,0.0,70.0
2024-08-05 01:00:00,0,985.8,92.6,0.0,27.6,1.8,0.0,0.0,70.0
2024-08-05 01:15:00,0,985.8,93.0,0.0,27.5,1.7,0.0,0.0,70.0
2024-08-05 01:30:00,0,985.8,93.6,0.0,27.4,1.7,0.0,0.0,70.0
2024-08-05 01:45:00,0,985.8,94.5,0.0,27.3,1.6,0.0,0.0,70.0
2024-08-05 02:00:00,0,985.8,95.2,0.1,27.2,1.6,0.0,0.0,70.0
2024-08-05 02:15:00,0,985.8,95.0,0.0,27.1,1.6,0.0,0.0,70.0
2024-08-05 02:30:00,0,985.8,94.6,0.0,27.0,1.7,0.0,0.0,70.0
2024-08-05 02:45:00,0,985.8,94.4,0.0,26.9,1.9,0.0,0.0,70.0
2024-08-05 03:00:00,0,985.8,93.8,0.0,26.9,2.0,0.0,0.0,70.0
2024-08-05 03:15:00,0,985.8,93.5,0.0,26.9,2.1,0.0,0.0,70.0
2024-08-05 03:30:00,0,985.8,93.1,0.1,26.9,2.2,0.0,0.0,70.0
2024-08-05 03:45:00,0,985.8,94.1,0.2,26.5,2.2,0.0,0.0,70.0
2024-08-05 04:00:00,0,985.7,93.5,0.0,26.5,2.2,0.0,0.0,70.0
2024-08-05 04:15:00,0,985.7,92.7,0.0,26.5,2.2,0.0,0.0,70.0
2024-08-05 04:30:00,0,985.7,92.0,0.0,26.5,2.1,0.0,0.0,70.0
2024-08-05 04:45:00,0,985.7,92.3,0.0,26.4,2.0,0.0,0.0,70.0
2024-08-05 05:00:00,0,985.7,92.7,0.0,26.4,1.9,0.0,0.0,70.0
2024-08-05 05:15:00,0,985.7,93.5,0.0,26.4,1.8,0.0,0.0,70.0
2024-08-05 05:30:00,3,985.7,93.7,0.0,26.4,1.7,0.0,0.0,70.0
2024-08-05 05:45:00,23,985.7,93.8,0.0,26.4,1.5,25.006,0.812,70.0
2024-08-05 06:00:00,45,985.7,94.0,0.0,26.4,1.5,88.001,4.549,70.0
2024-08-05 06:15:00,69,985.7,94.2,0.0,26.5,1.5,59.008,1.941,70.0
2024-08-05 06:30:00,93,985.7,94.1,0.0,26.6,1.6,55.002,3.727,70.0
2024-08-05 06:45:00,119,985.8,93.9,0.0,26.8,1.6,111.002,2.635,70.0
2024-08-05 07:00:00,149,985.8,93.8,0.0,27.0,1.7,36.007,1.46,70.0
2024-08-05 07:15:00,181,985.8,93.7,0.0,27.3,1.8,54.0,2.012,70.0
2024-08-05 07:30:00,218,985.8,93.6,0.0,27.5,1.8,59.007,3.1,70.0
2024-08-05 07:45:00,257,985.8,93.4,0.0,27.8,2.0,98.006,5.465,70.0
2024-08-05 08:00:00,300,985.8,92.7,0.0,28.2,2.1,274.009,26.927,70.0
2024-08-05 08:15:00,346,985.8,91.5,0.0,28.6,2.2,145.009,7.814,70.0
2024-08-05 08:30:00,393,985.8,90.4,0.1,29.0,2.4,185.005,11.179,70.0
2024-08-05 08:45:00,440,985.8,87.1,0.2,29.2,2.5,29.003,1.818,70.0
2024-08-05 09:00:00,487,985.8,84.7,0.0,29.7,2.6,37.007,0.594,70.0
2024-08-05 09:15:00,532,985.8,82.3,0.0,30.3,2.8,21.006,0.846,70.0
2024-08-05 09:30:00,574,985.8,79.7,0.0,30.9,2.9,18.001,0.495,70.0
2024-08-05 09:45:00,610,985.8,78.7,0.0,31.2,3.1,8.008,0.252,70.0
2024-08-05 10:00:00,643,985.8,77.5,0.0,31.6,3.2,13.001,0.709,70.0
2024-08-05 10:15:00,671,985.8,76.0,0.0,31.9,3.4,22.006,1.086,70.0
2024-08-05 10:30:00,694,985.8,74.4,0.0,32.2,3.7,44.001,2.062,70.0
2024-08-05 10:45:00,714,985.8,73.2,0.0,32.5,3.8,40.007,1.385,70.0
2024-08-05 11:00:00,729,985.8,72.5,0.2,32.2,3.9,30.009,1.646,70.0
2024-08-05 11:15:00,741,985.8,72.8,0.2,31.5,4.0,36.008,1.416,70.0
2024-08-05 11:30:00,749,985.8,73.2,0.1,31.5,4.2,26.003,1.314,70.0
2024-08-05 11:45:00,754,985.8,72.4,0.0,31.6,4.3,38.008,2.225,70.0
2024-08-05 12:00:00,756,985.8,70.1,0.1,31.8,4.4,59.001,3.389,70.0
2024-08-05 12:15:00,756,985.8,69.7,0.2,31.9,4.5,103.007,7.672,70.0
2024-08-05 12:30:00,755,985.8,70.6,0.2,31.5,4.4,173.006,11.893,70.0
2024-08-05 12:45:00,752,985.8,72.5,0.0,31.3,4.3,181.002,13.587,70.0
2024-08-05 13:00:00,750,985.8,72.7,0.0,31.2,4.2,225.0,15.52,70.0
2024-08-05 13:15:00,746,985.8,71.5,0.1,31.4,4.2,318.003,21.133,70.0
2024-08-05 13:30:00,740,985.8,71.9,0.0,31.4,4.1,463.01,26.171,70.0
2024-08-05 13:45:00,732,985.8,71.2,0.0,31.7,3.9,439.005,21.574,70.0
2024-08-05 14:00:00,720,985.8,71.7,0.0,31.6,3.8,353.006,20.468,70.0
2024-08-05 14:15:00,705,985.8,68.2,0.0,32.1,3.6,316.002,17.977,70.0
2024-08-05 14:30:00,685,985.8,66.8,0.0,32.6,3.6,302.009,20.164,70.0
2024-08-05 14:45:00,660,985.8,65.5,0.0,32.8,3.5,440.009,20.35,70.0
2024-08-05 15:00:00,631,985.8,65.6,0.0,32.6,3.4,424.01,26.346,70.0
2024-08-05 15:15:00,595,985.8,66.9,0.1,32.4,3.5,525.005,40.139,70.0
2024-08-05 15:30:00,555,985.8,74.0,0.5,31.2,3.5,737.006,40.212,70.0
2024-08-05 15:45:00,510,985.8,76.7,0.6,30.5,3.6,619.002,34.591,70.0
2024-08-05 16:00:00,459,985.8,76.7,0.1,30.7,3.7,595.001,30.566,70.0
2024-08-05 16:15:00,405,985.8,79.0,0.4,30.2,3.6,535.008,26.752,70.0
2024-08-05 16:30:00,350,985.8,80.6,0.0,29.4,3.6,485.007,22.961,70.0
2024-08-05 16:45:00,295,985.7,81.3,0.0,28.2,3.6,432.009,19.057,70.0
2024-08-05 17:00:00,244,985.7,80.1,0.1,28.3,3.6,292.009,12.095,70.0
2024-08-05 17:15:00,196,985.8,81.7,0.2,28.2,3.7,337.001,12.514,70.0
2024-08-05 17:30:00,154,985.8,84.0,0.0,28.1,3.6,282.01,9.171,70.0
2024-08-05 17:45:00,117,985.8,85.6,0.2,27.9,3.5,215.004,5.727,70.0
2024-08-05 18:00:00,86,985.8,86.1,0.0,27.7,3.5,156.003,4.041,70.0
2024-08-05 18:15:00,60,985.7,86.6,0.0,27.5,3.4,119.001,3.377,70.0
2024-08-05 18:30:00,39,985.7,87.0,0.2,27.3,3.6,62.0,1.673,70.0
2024-08-05 18:45:00,22,985.7,87.6,0.0,27.1,3.7,12.003,0.655,70.0
2024-08-05 19:00:00,8,985.7,89.1,0.2,26.8,3.8,0.0,0.0,70.0
2024-08-05 19:15:00,0,985.7,89.3,0.2,26.7,3.9,0.0,0.0,70.0
2024-08-05 19:30:00,0,985.7,91.4,0.2,26.4,3.8,0.0,0.0,70.0
2024-08-05 19:45:00,0,985.7,91.2,0.0,26.3,3.8,0.0,0.0,70.0
2024-08-05 20:00:00,0,985.7,90.8,0.0,26.2,3.8,0.0,0.0,70.0
2024-08-05 20:15:00,0,985.7,90.4,0.0,26.2,3.5,0.0,0.0,70.0
2024-08-05 20:30:00,0,985.7,90.1,0.0,26.2,3.3,0.0,0.0,70.0
2024-08-05 20:45:00,0,985.7,90.1,0.0,26.1,3.0,0.0,0.0,70.0
2024-08-05 21:00:00,0,985.7,90.0,0.0,26.1,2.8,0.0,0.0,70.0
2024-08-05 21:15:00,0,985.7,90.1,0.0,26.1,2.4,0.0,0.0,70.0
2024-08-05 21:30:00,0,985.7,90.0,0.0,26.0,2.1,0.0,0.0,70.0
2024-08-05 21:45:00,0,985.7,89.8,0.0,25.9,1.8,0.0,0.0,70.0
2024-08-05 22:00:00,0,985.7,88.8,0.0,26.0,1.6,0.0,0.0,70.0
2024-08-05 22:15:00,0,985.7,88.2,0.0,26.0,1.4,0.0,0.0,70.0
2024-08-05 22:30:00,0,985.7,88.6,0.0,26.0,1.3,0.0,0.0,70.0
2024-08-05 22:45:00,0,985.7,88.4,0.0,26.0,1.3,0.0,0.0,70.0
2024-08-05 23:00:00,0,985.7,87.5,0.0,26.0,1.4,0.0,0.0,70.0
2024-08-05 23:15:00,0,985.7,87.3,0.0,26.0,1.4,0.0,0.0,70.0
2024-08-05 23:30:00,0,985.7,86.8,0.0,26.0,1.5,0.0,0.0,70.0
2024-08-05 23:45:00,0,985.7,86.9,0.0,26.0,1.5,0.0,0.0,70.0
2024-08-06 00:00:00,0,985.7,90.9,0.0,24.7,1.6,0.0,0.0,70.0
2024-08-06 00:15:00,0,985.7,91.0,0.0,24.6,1.4,0.0,0.0,70.0
2024-08-06 00:30:00,0,985.7,91.7,0.0,24.6,1.4,0.0,0.0,70.0
2024-08-06 00:45:00,0,985.7,92.0,0.0,24.5,1.4,0.0,0.0,70.0
2024-08-06 01:00:00,0,985.7,92.3,0.0,24.5,1.4,0.0,0.0,70.0
2024-08-06 01:15:00,0,985.7,92.7,0.0,24.5,1.3,0.0,0.0,70.0
2024-08-06 01:30:00,0,985.7,92.2,0.0,24.5,1.3,0.0,0.0,70.0
2024-08-06 01:45:00,0,985.7,92.7,0.0,24.4,1.2,0.0,0.0,70.0
2024-08-06 02:00:00,0,985.7,93.5,0.0,24.4,1.2,0.0,0.0,70.0
2024-08-06 02:15:00,0,985.7,94.4,0.0,24.4,1.2,0.0,0.0,70.0
2024-08-06 02:30:00,0,985.7,94.6,0.0,24.3,1.3,0.0,0.0,70.0
2024-08-06 02:45:00,0,985.7,94.4,0.0,24.3,1.4,0.0,0.0,70.0
2024-08-06 03:00:00,0,985.7,94.2,0.1,24.4,1.4,0.0,0.0,70.0
2024-08-06 03:15:00,0,985.7,93.8,0.1,24.5,1.6,0.0,0.0,70.0
2024-08-06 03:30:00,0,985.7,91.9,0.2,24.3,1.7,0.0,0.0,70.0
2024-08-06 03:45:00,0,985.7,91.2,0.0,24.2,1.8,0.0,0.0,70.0
2024-08-06 04:00:00,0,985.7,89.9,0.0,24.2,2.0,0.0,0.0,70.0
2024-08-06 04:15:00,0,985.7,88.8,0.1,24.2,2.1,0.0,0.0,70.0
2024-08-06 04:30:00,0,985.7,88.8,0.1,24.1,2.1,0.0,0.0,70.0
2024-08-06 04:45:00,0,985.7,89.8,0.0,24.0,2.0,0.0,0.0,70.0
2024-08-06 05:00:00,0,985.7,90.6,0.1,24.0,2.0,0.0,0.0,70.0
2024-08-06 05:15:00,0,985.7,91.8,0.1,23.9,2.1,0.0,0.0,70.0
2024-08-06 05:30:00,1,985.7,92.1,0.1,23.9,2.1,0.0,0.0,70.0
2024-08-06 05:45:00,9,985.7,91.9,0.1,23.9,2.1,8.004,0.513,70.0
2024-08-06 06:00:00,19,985.7,92.6,0.0,23.8,2.1,20.0,1.463,70.0
2024-08-06 06:15:00,29,985.7,93.3,0.1,23.8,2.1,48.003,1.976,70.0
2024-08-06 06:30:00,41,985.7,92.7,0.2,24.0,2.2,36.006,1.931,70.0
2024-08-06 06:45:00,55,985.7,92.2,0.1,24.1,2.3,50.001,2.474,70.0
2024-08-06 07:00:00,72,985.7,93.1,0.3,24.1,2.4,61.01,4.33,70.0
2024-08-06 07:15:00,92,985.7,93.4,0.2,24.2,2.4,85.01,8.611,70.0
2024-08-06 07:30:00,117,985.7,93.0,0.0,24.3,2.4,118.005,8.538,70.0
2024-08-06 07:45:00,146,985.7,92.6,0.0,24.6,2.5,201.004,14.995,70.0
2024-08-06 08:00:00,178,985.7,91.1,0.2,24.9,2.6,547.005,31.738,70.0
2024-08-06 08:15:00,213,985.7,88.5,0.1,25.4,2.6,650.001,27.421,70.0
2024-08-06 08:30:00,251,985.7,86.1,0.2,25.7,2.5,688.003,37.265,70.0
2024-08-06 08:45:00,291,985.7,85.1,0.1,26.0,2.5,493.005,19.018,70.0
2024-08-06 09:00:00,332,985.7,84.9,0.0,26.2,2.3,320.007,17.669,70.0
2024-08-06 09:15:00,372,985.7,84.6,0.1,26.3,2.3,373.01,19.456,70.0
2024-08-06 09:30:00,410,985.7,82.9,0.0,26.6,2.2,329.008,20.134,70.0
2024-08-06 09:45:00,446,985.7,81.1,0.0,27.1,2.1,482.008,30.143,70.0
2024-08-06 10:00:00,481,985.8,79.9,0.0,27.4,2.0,610.001,40.546,70.0
2024-08-06 10:15:00,515,985.8,78.7,0.0,27.6,1.8,488.01,38.191,70.0
2024-08-06 10:30:00,548,985.8,77.3,0.0,27.9,1.7,568.004,34.19,70.0
2024-08-06 10:45:00,579,985.8,76.2,0.0,28.2,1.7,567.001,28.863,70.0
2024-08-06 11:00:00,607,985.8,75.4,0.0,28.5,1.8,574.001,36.107,70.0
2024-08-06 11:15:00,632,985.8,74.8,0.0,28.8,1.9,644.003,40.149,70.0
2024-08-06 11:30:00,653,985.8,73.4,0.0,29.2,2.0,559.009,39.222,70.0
2024-08-06 11:45:00,671,985.8,72.0,0.0,29.6,2.2,340.006,51.961,70.0
2024-08-06 12:00:00,684,985.8,71.0,0.0,29.9,2.3,1000.006,53.504,70.0
2024-08-06 12:15:00,693,985.8,71.9,0.2,28.8,2.4,1061.002,50.191,70.0
2024-08-06 12:30:00,696,985.8,71.4,0.0,28.9,2.4,960.007,50.66,70.0
2024-08-06 12:45:00,694,985.8,71.8,0.1,28.9,2.5,949.009,44.435,70.0
2024-08-06 13:00:00,686,985.8,71.8,0.0,29.2,2.6,1014.003,46.042,70.0
2024-08-06 13:15:00,673,985.8,72.7,0.1,29.3,2.6,937.002,52.707,70.0
2024-08-06 13:30:00,656,985.8,72.6,0.2,29.5,2.5,967.009,44.23,70.0
2024-08-06 13:45:00,634,985.8,72.0,0.0,29.7,2.4,905.001,50.215,70.0
2024-08-06 14:00:00,609,985.8,72.1,0.0,29.6,2.3,867.002,42.786,70.0
2024-08-06 14:15:00,580,985.8,69.9,0.0,29.7,2.2,860.003,46.67,70.0
2024-08-06 14:30:00,549,985.8,68.9,0.0,29.9,2.2,868.002,42.828,70.0
2024-08-06 14:45:00,516,985.8,68.8,0.0,30.0,2.2,858.006,33.068,70.0
2024-08-06 15:00:00,482,985.8,69.1,0.0,30.2,2.0,753.009,38.234,70.0
2024-08-06 15:15:00,447,985.8,67.5,0.0,30.4,1.9,430.008,38.956,70.0
2024-08-06 15:30:00,412,985.8,64.8,0.0,30.6,1.9,658.002,35.719,70.0
2024-08-06 15:45:00,377,985.8,63.6,0.0,30.8,1.8,589.0,32.395,70.0
2024-08-06 16:00:00,340,985.8,63.3,0.0,30.8,1.7,538.004,29.391,70.0
2024-08-06 16:15:00,302,985.8,63.4,0.0,30.9,1.6,502.001,25.094,70.0
2024-08-06 16:30:00,265,985.8,63.5,0.0,30.9,1.6,443.004,21.741,70.0
2024-08-06 16:45:00,228,985.8,63.9,0.0,30.8,1.6,397.006,17.74,70.0
2024-08-06 17:00:00,193,985.8,64.6,0.1,30.7,1.5,345.006,13.822,70.0
2024-08-06 17:15:00,161,985.8,66.2,0.2,30.4,1.5,275.01,10.47,70.0
2024-08-06 17:30:00,131,985.8,68.0,0.0,30.3,1.5,232.005,7.433,70.0
2024-08-06 17:45:00,104,985.8,69.2,0.0,30.1,1.5,180.005,5.101,70.0
2024-08-06 18:00:00,80,985.8,70.7,0.0,29.9,1.5,129.003,3.208,70.0
2024-08-06 18:15:00,58,985.8,72.5,0.0,29.6,1.4,85.006,2.324,70.0
2024-08-06 18:30:00,40,985.8,74.1,0.0,29.2,1.4,48.003,1.558,70.0
2024-08-06 18:45:00,23,985.8,75.7,0.0,28.9,1.3,16.009,0.804,70.0
2024-08-06 19:00:00,8,985.8,76.6,0.0,28.6,1.3,0.0,0.0,70.0
2024-08-06 19:15:00,0,985.8,76.8,0.0,28.4,1.3,0.0,0.0,70.0
2024-08-06 19:30:00,0,985.8,76.5,0.0,28.3,1.2,0.0,0.0,70.0
2024-08-06 19:45:00,0,985.8,76.2,0.0,28.2,1.2,0.0,0.0,70.0
2024-08-06 20:00:00,0,985.8,76.7,0.0,28.2,1.2,0.0,0.0,70.0
2024-08-06 20:15:00,0,985.8,77.0,0.0,28.1,1.2,0.0,0.0,70.0
2024-08-06 20:30:00,0,985.8,77.6,0.0,28.0,1.2,0.0,0.0,70.0
2024-08-06 20:45:00,0,985.8,78.2,0.0,27.9,1.1,0.0,0.0,70.0
2024-08-06 21:00:00,0,985.8,78.6,0.0,27.8,1.1,0.0,0.0,70.0
2024-08-06 21:15:00,0,985.8,78.5,0.0,27.7,1.1,0.0,0.0,70.0
2024-08-06 21:30:00,0,985.8,78.3,0.0,27.7,1.1,0.0,0.0,70.0
2024-08-06 21:45:00,0,985.8,78.1,0.0,27.7,1.0,0.0,0.0,70.0
2024-08-06 22:00:00,0,985.8,77.9,0.0,27.6,1.0,0.0,0.0,70.0
2024-08-06 22:15:00,0,985.8,78.1,0.0,27.5,0.9,0.0,0.0,70.0
2024-08-06 22:30:00,0,985.8,78.5,0.0,27.4,0.9,0.0,0.0,70.0
2024-08-06 22:45:00,0,985.8,79.3,0.0,27.3,0.9,0.0,0.0,70.0
2024-08-06 23:00:00,0,985.8,80.4,0.0,27.2,0.8,0.0,0.0,70.0
2024-08-06 23:15:00,0,985.8,81.4,0.0,27.0,0.8,0.0,0.0,70.0
2024-08-06 23:30:00,0,985.8,82.4,0.0,26.9,0.8,0.0,0.0,70.0
2024-08-06 23:45:00,0,985.8,83.2,0.0,26.8,0.8,0.0,0.0,70.0
2024-08-07 00:00:00,0,985.8,91.6,0.0,25.9,1.7,0.0,0.0,70.0
2024-08-07 00:15:00,0,985.7,91.8,0.0,25.8,1.7,0.0,0.0,70.0
2024-08-07 00:30:00,0,985.7,91.5,0.0,25.8,1.6,0.0,0.0,70.0
2024-08-07 00:45:00,0,985.7,91.6,0.0,25.8,1.6,0.0,0.0,70.0
2024-08-07 01:00:00,0,985.7,91.8,0.1,25.7,1.6,0.0,0.0,70.0
2024-08-07 01:15:00,0,985.7,91.2,0.0,25.7,1.7,0.0,0.0,70.0
2024-08-07 01:30:00,0,985.7,91.4,0.0,25.6,1.6,0.0,0.0,70.0
2024-08-07 01:45:00,0,985.7,91.7,0.0,25.6,1.6,0.0,0.0,70.0
2024-08-07 02:00:00,0,985.7,92.7,0.0,25.5,1.6,0.0,0.0,70.0
2024-08-07 02:15:00,0,985.7,92.8,0.0,25.5,1.6,0.0,0.0,70.0
2024-08-07 02:30:00,0,985.7,92.8,0.0,25.6,1.6,0.0,0.0,70.0
2024-08-07 02:45:00,0,985.7,93.7,0.0,25.5,1.7,0.0,0.0,70.0
2024-08-07 03:00:00,0,985.7,94.2,0.0,25.5,1.6,0.0,0.0,70.0
2024-08-07 03:15:00,0,985.7,94.3,0.0,25.6,1.6,0.0,0.0,70.0
2024-08-07 03:30:00,0,985.7,94.2,0.0,25.6,1.5,0.0,0.0,70.0
2024-08-07 03:45:00,0,985.7,94.0,0.0,25.6,1.5,0.0,0.0,70.0
2024-08-07 04:00:00,0,985.7,94.0,0.0,25.6,1.5,0.0,0.0,70.0
2024-08-07 04:15:00,0,985.7,94.1,0.0,25.5,1.6,0.0,0.0,70.0
2024-08-07 04:30:00,0,985.7,94.1,0.1,25.5,1.6,0.0,0.0,70.0
2024-08-07 04:45:00,0,985.7,94.4,0.0,25.5,1.7,0.0,0.0,70.0
2024-08-07 05:00:00,0,985.7,94.5,0.0,25.5,1.7,0.0,0.0,70.0
2024-08-07 05:15:00,0,985.7,94.1,0.0,25.5,1.7,0.0,0.0,70.0
2024-08-07 05:30:00,2,985.7,92.6,0.1,25.3,1.7,0.0,0.0,70.0
2024-08-07 05:45:00,18,985.7,92.4,0.2,25.2,1.7,28.001,1.017,70.0
2024-08-07 06:00:00,38,985.7,91.1,0.0,25.2,1.7,67.0,1.868,70.0
2024-08-07 06:15:00,58,985.7,90.0,0.1,25.3,1.6,109.009,3.055,70.0
2024-08-07 06:30:00,79,985.7,89.4,0.0,25.5,1.6,157.002,4.624,70.0
2024-08-07 06:45:00,102,985.7,90.3,0.0,25.6,1.5,208.007,6.975,70.0
2024-08-07 07:00:00,128,985.7,90.3,0.0,25.8,1.3,236.005,9.56,70.0
2024-08-07 07:15:00,158,985.7,89.1,0.0,26.1,1.2,250.008,12.852,70.0
2024-08-07 07:30:00,190,985.8,88.5,0.0,26.5,1.2,331.0,16.53,70.0
2024-08-07 07:45:00,227,985.8,88.0,0.0,26.9,1.2,389.001,20.148,70.0
2024-08-07 08:00:00,266,985.8,87.6,0.0,27.2,1.3,437.0,23.646,70.0
2024-08-07 08:15:00,307,985.8,87.4,0.0,27.4,1.4,495.0,27.64,70.0
2024-08-07 08:30:00,351,985.8,86.7,0.0,27.7,1.5,544.006,31.055,70.0
2024-08-07 08:45:00,395,985.8,86.5,0.1,28.0,1.6,599.002,34.236,70.0
2024-08-07 09:00:00,439,985.8,87.1,0.1,28.0,1.7,625.004,36.682,70.0
2024-08-07 09:15:00,481,985.8,86.0,0.0,28.3,1.9,651.004,40.37,70.0
2024-08-07 09:30:00,521,985.8,84.9,0.0,28.6,2.0,710.004,42.262,70.0
2024-08-07 09:45:00,556,985.8,83.4,0.0,29.0,2.1,757.002,44.295,70.0
2024-08-07 10:00:00,590,985.8,82.6,0.0,29.3,2.2,794.006,46.556,70.0
2024-08-07 10:15:00,622,985.8,81.9,0.0,29.6,2.2,832.008,48.557,70.0
2024-08-07 10:30:00,652,985.8,81.5,0.0,29.8,2.2,840.001,48.458,70.0
2024-08-07 10:45:00,679,985.8,80.5,0.0,30.0,2.2,882.004,49.225,70.0
2024-08-07 11:00:00,702,985.8,79.7,0.0,30.2,2.3,895.008,50.694,70.0
2024-08-07 11:15:00,720,985.8,79.0,0.0,30.5,2.3,893.009,51.108,70.0
2024-08-07 11:30:00,734,985.8,78.2,0.0,30.7,2.4,915.009,51.47,70.0
2024-08-07 11:45:00,742,985.8,77.4,0.0,30.9,2.4,920.006,51.481,70.0
2024-08-07 12:00:00,743,985.8,76.9,0.0,31.1,2.4,930.003,49.097,70.0
2024-08-07 12:15:00,739,985.8,76.0,0.0,31.4,2.4,923.007,48.342,70.0
2024-08-07 12:30:00,727,985.8,75.1,0.0,31.5,2.5,929.007,51.427,70.0
2024-08-07 12:45:00,707,985.8,74.6,0.1,31.6,2.5,955.007,47.768,70.0
2024-08-07 13:00:00,677,985.8,75.6,0.1,31.6,2.5,750.004,39.676,70.0
2024-08-07 13:15:00,639,985.8,75.8,0.1,31.6,2.6,976.006,24.824,70.0
2024-08-07 13:30:00,593,985.8,75.4,0.0,31.7,2.6,239.005,23.346,70.0
2024-08-07 13:45:00,543,985.8,76.1,0.0,31.3,2.7,894.001,41.191,70.0
2024-08-07 14:00:00,490,985.8,76.1,0.0,31.4,2.8,890.01,47.775,70.0
2024-08-07 14:15:00,437,985.8,76.0,0.1,31.3,2.9,874.007,45.75,70.0
2024-08-07 14:30:00,385,985.8,76.1,0.1,31.3,3.0,841.008,45.443,70.0
2024-08-07 14:45:00,335,985.8,76.6,0.0,31.2,3.0,800.007,37.998,70.0
2024-08-07 15:00:00,290,985.8,76.2,0.1,31.1,2.9,719.009,23.316,70.0
2024-08-07 15:15:00,250,985.8,76.4,0.0,31.1,2.9,641.009,30.465,70.0
2024-08-07 15:30:00,216,985.8,76.5,0.0,30.9,2.8,643.007,31.107,70.0
2024-08-07 15:45:00,189,985.8,75.5,0.0,30.9,2.6,391.002,8.303,70.0
2024-08-07 16:00:00,166,985.8,75.7,0.0,30.9,2.4,166.008,6.292,70.0
2024-08-07 16:15:00,147,985.8,76.5,0.0,30.8,2.4,92.003,4.567,70.0
2024-08-07 16:30:00,130,985.8,76.5,0.0,30.7,2.2,71.007,3.166,70.0
2024-08-07 16:45:00,115,985.8,77.1,0.0,30.7,2.1,41.002,2.747,70.0
2024-08-07 17:00:00,101,985.8,78.5,0.1,30.4,2.1,97.003,4.648,70.0
2024-08-07 17:15:00,88,985.8,80.2,0.0,30.2,2.1,35.005,2.24,70.0
2024-08-07 17:30:00,76,985.8,82.7,0.2,29.8,2.2,31.001,2.93,70.0
2024-08-07 17:45:00,64,985.8,84.7,0.2,29.4,2.2,65.005,4.147,70.0
2024-08-07 18:00:00,53,985.8,85.4,0.2,29.2,2.3,42.007,3.644,70.0
2024-08-07 18:15:00,41,985.8,86.0,0.0,29.0,2.3,34.001,1.915,70.0
2024-08-07 18:30:00,29,985.8,87.4,0.2,28.6,2.4,22.008,1.092,70.0
2024-08-07 18:45:00,17,985.8,88.0,0.0,28.3,2.5,7.001,0.364,70.0
2024-08-07 19:00:00,6,985.8,89.2,0.1,28.1,2.6,0.0,0.0,70.0
2024-08-07 19:15:00,0,985.8,90.5,0.0,27.9,2.7,0.0,0.0,70.0
2024-08-07 19:30:00,0,985.8,91.0,0.1,27.7,2.8,0.0,0.0,70.0
2024-08-07 19:45:00,0,985.8,91.6,0.1,27.5,2.7,0.0,0.0,70.0
2024-08-07 20:00:00,0,985.8,92.3,0.2,27.3,2.7,0.0,0.0,70.0
2024-08-07 20:15:00,0,985.8,92.5,0.2,27.1,2.8,0.0,0.0,70.0
2024-08-07 20:30:00,0,985.8,92.4,0.2,26.9,2.8,0.0,0.0,70.0
2024-08-07 20:45:00,0,985.7,92.6,0.1,26.9,2.6,0.0,0.0,70.0
2024-08-07 21:00:00,0,985.7,93.2,0.0,26.7,2.4,0.0,0.0,70.0
2024-08-07 21:15:00,0,985.7,94.0,0.1,26.6,2.2,0.0,0.0,70.0
2024-08-07 21:30:00,0,985.7,94.6,0.0,26.5,2.0,0.0,0.0,70.0
2024-08-07 21:45:00,0,985.7,94.8,0.0,26.4,1.8,0.0,0.0,70.0
2024-08-07 22:00:00,0,985.7,94.8,0.0,26.4,1.6,0.0,0.0,70.0
2024-08-07 22:15:00,0,985.7,94.9,0.0,26.4,1.5,0.0,0.0,70.0
2024-08-07 22:30:00,0,985.7,94.5,0.0,26.3,1.3,0.0,0.0,70.0
2024-08-07 22:45:00,0,985.7,94.1,0.0,26.4,1.2,0.0,0.0,70.0
2024-08-07 23:00:00,0,985.7,93.9,0.0,26.4,1.1,0.0,0.0,70.0
2024-08-07 23:15:00,0,985.7,93.9,0.0,26.3,1.1,0.0,0.0,70.0
2024-08-07 23:30:00,0,985.7,94.1,0.0,26.2,1.1,0.0,0.0,70.0
2024-08-07 23:45:00,0,985.7,94.1,0.0,26.2,1.1,0.0,0.0,70.0
2024-08-08 00:00:00,0,985.5,96.4,0.0,26.0,1.2,0.0,0.0,70.0
2024-08-08 00:15:00,0,985.5,96.2,0.0,25.9,1.1,0.0,0.0,70.0
2024-08-08 00:30:00,0,985.5,96.1,0.0,25.9,1.1,0.0,0.0,70.0
2024-08-08 00:45:00,0,985.5,95.9,0.0,25.9,1.1,0.0,0.0,70.0
2024-08-08 01:00:00,0,985.5,95.8,0.0,25.8,1.0,0.0,0.0,70.0
2024-08-08 01:15:00,0,985.5,95.8,0.0,25.8,1.0,0.0,0.0,70.0
2024-08-08 01:30:00,0,985.5,95.7,0.1,25.8,0.9,0.0,0.0,70.0
2024-08-08 01:45:00,0,985.5,95.8,0.0,25.7,0.9,0.0,0.0,70.0
2024-08-08 02:00:00,0,985.5,95.7,0.0,25.7,0.9,0.0,0.0,70.0
2024-08-08 02:15:00,0,985.5,95.6,0.1,25.6,0.9,0.0,0.0,70.0
2024-08-08 02:30:00,0,985.5,95.6,0.0,25.6,0.9,0.0,0.0,70.0
2024-08-08 02:45:00,0,985.5,95.7,0.1,25.6,0.9,0.0,0.0,70.0
2024-08-08 03:00:00,0,985.5,95.7,0.0,25.5,0.9,0.0,0.0,70.0
2024-08-08 03:15:00,0,985.5,95.6,0.0,25.5,0.9,0.0,0.0,70.0
2024-08-08 03:30:00,0,985.5,95.4,0.0,25.5,1.0,0.0,0.0,70.0
2024-08-08 03:45:00,0,985.5,95.3,0.0,25.5,1.0,0.0,0.0,70.0
2024-08-08 04:00:00,0,985.5,95.1,0.1,25.5,1.1,0.0,0.0,70.0
2024-08-08 04:15:00,0,985.5,95.0,0.2,25.5,1.1,0.0,0.0,70.0
2024-08-08 04:30:00,0,985.5,95.2,0.1,25.5,1.2,0.0,0.0,70.0
2024-08-08 04:45:00,0,985.5,95.6,0.1,25.4,1.2,0.0,0.0,70.0
2024-08-08 05:00:00,0,985.5,95.9,0.2,25.4,1.3,0.0,0.0,70.0
2024-08-08 05:15:00,0,985.5,96.1,0.3,25.4,1.4,0.0,0.0,70.0
2024-08-08 05:30:00,1,985.5,95.7,0.1,25.3,1.5,0.0,0.0,70.0
2024-08-08 05:45:00,10,985.5,95.6,0.1,25.2,1.6,7.004,0.235,70.0
2024-08-08 06:00:00,22,985.5,95.9,0.1,25.2,1.7,7.002,0.154,70.0
2024-08-08 06:15:00,33,985.5,96.4,0.3,25.2,1.7,0.0,0.103,70.0
2024-08-08 06:30:00,45,985.5,96.7,0.3,25.3,1.7,0.0,0.144,70.0
2024-08-08 06:45:00,59,985.5,96.9,0.2,25.4,1.8,11.007,0.387,70.0
2024-08-08 07:00:00,72,985.5,97.1,0.1,25.6,1.8,39.005,1.848,70.0
2024-08-08 07:15:00,87,985.5,96.7,0.3,25.8,1.9,58.008,3.73,70.0
2024-08-08 07:30:00,103,985.5,95.7,0.3,26.0,1.8,73.006,6.72,70.0
2024-08-08 07:45:00,120,985.5,95.2,0.2,26.1,1.8,117.0,7.36,70.0
2024-08-08 08:00:00,138,985.5,94.5,0.0,26.3,1.8,83.008,4.992,70.0
2024-08-08 08:15:00,157,985.5,93.9,0.2,26.5,1.8,101.005,5.661,70.0
2024-08-08 08:30:00,177,985.5,93.6,0.2,26.7,1.9,103.007,8.998,70.0
2024-08-08 08:45:00,198,985.5,92.8,0.0,26.9,1.9,218.004,13.923,70.0
2024-08-08 09:00:00,220,985.5,92.1,0.2,27.1,2.0,267.005,16.533,70.0
2024-08-08 09:15:00,244,985.5,91.1,0.2,27.3,2.0,427.007,25.767,70.0
2024-08-08 09:30:00,268,985.5,89.9,0.0,27.6,2.0,304.009,14.366,70.0
2024-08-08 09:45:00,294,985.6,88.7,0.0,27.8,2.2,235.003,11.939,70.0
2024-08-08 10:00:00,323,985.6,87.7,0.0,28.0,2.2,302.003,17.229,70.0
2024-08-08 10:15:00,355,985.6,85.5,0.2,28.5,2.3,734.0,32.142,70.0
2024-08-08 10:30:00,389,985.6,84.2,0.1,28.8,2.4,463.007,32.992,70.0
2024-08-08 10:45:00,425,985.6,83.1,0.1,28.9,2.5,400.009,15.423,70.0
2024-08-08 11:00:00,461,985.6,81.5,0.2,29.0,2.5,268.006,20.013,70.0
2024-08-08 11:15:00,495,985.6,80.0,0.1,29.2,2.5,353.005,34.324,70.0
2024-08-08 11:30:00,527,985.6,79.4,0.0,29.4,2.6,958.0,27.846,70.0
2024-08-08 11:45:00,555,985.6,79.4,0.0,29.6,2.6,734.003,42.839,70.0
2024-08-08 12:00:00,578,985.6,78.2,0.0,29.9,2.6,1094.007,49.342,70.0
2024-08-08 12:15:00,594,985.6,77.4,0.0,30.1,2.5,1017.004,29.625,70.0
2024-08-08 12:30:00,603,985.6,76.8,0.0,30.4,2.5,876.007,29.911,70.0
2024-08-08 12:45:00,603,985.6,75.5,0.0,30.6,2.5,416.005,39.115,70.0
2024-08-08 13:00:00,594,985.6,74.1,0.0,31.0,2.5,331.005,50.332,70.0
2024-08-08 13:15:00,579,985.6,72.5,0.2,31.2,2.5,579.003,34.398,70.0
2024-08-08 13:30:00,558,985.6,71.1,0.0,31.6,2.5,841.008,42.954,70.0
2024-08-08 13:45:00,531,985.6,70.5,0.0,31.7,2.5,290.003,47.818,70.0
2024-08-08 14:00:00,501,985.6,70.7,0.0,31.8,2.5,280.005,42.378,70.0
2024-08-08 14:15:00,469,985.6,69.8,0.0,32.0,2.6,566.004,35.464,70.0
2024-08-08 14:30:00,435,985.6,69.4,0.0,32.1,2.7,863.007,22.951,70.0
2024-08-08 14:45:00,400,985.6,69.6,0.0,32.2,2.7,800.006,37.037,70.0
2024-08-08 15:00:00,366,985.6,70.9,0.0,32.1,2.7,751.005,34.943,70.0
2024-08-08 15:15:00,333,985.6,71.8,0.0,31.9,2.7,752.008,32.416,70.0
2024-08-08 15:30:00,302,985.6,73.7,0.1,31.6,2.7,620.009,34.636,70.0
2024-08-08 15:45:00,273,985.6,74.0,0.0,31.6,2.7,595.006,27.737,70.0
2024-08-08 16:00:00,245,985.6,74.1,0.0,31.6,2.8,370.005,26.62,70.0
2024-08-08 16:15:00,216,985.6,75.6,0.0,31.3,2.8,415.008,15.42,70.0
2024-08-08 16:30:00,189,985.6,76.2,0.1,31.1,2.8,293.004,14.038,70.0
2024-08-08 16:45:00,162,985.6,77.4,0.0,30.9,2.7,275.01,11.938,70.0
2024-08-08 17:00:00,137,985.6,79.6,0.0,30.6,2.6,142.001,11.515,70.0
2024-08-08 17:15:00,114,985.6,80.4,0.0,30.3,2.5,146.001,3.67,70.0
2024-08-08 17:30:00,93,985.6,80.0,0.0,30.1,2.4,22.006,0.46,70.0
2024-08-08 17:45:00,74,985.6,80.3,0.0,29.9,2.4,17.007,0.392,70.0
2024-08-08 18:00:00,57,985.6,80.3,0.0,29.8,2.3,11.002,0.415,70.0
2024-08-08 18:15:00,42,985.6,80.9,0.0,29.6,2.2,11.006,0.639,70.0
2024-08-08 18:30:00,28,985.6,82.0,0.0,29.4,2.0,7.003,0.395,70.0
2024-08-08 18:45:00,16,985.6,83.7,0.0,29.1,1.9,0.0,0.161,70.0
2024-08-08 19:00:00,5,985.6,86.1,0.0,28.8,1.9,0.0,0.0,70.0
2024-08-08 19:15:00,0,985.6,87.1,0.0,28.7,1.9,0.0,0.0,70.0
2024-08-08 19:30:00,0,985.6,88.2,0.0,28.5,1.8,0.0,0.0,70.0
2024-08-08 19:45:00,0,985.6,89.4,0.0,28.4,1.8,0.0,0.0,70.0
2024-08-08 20:00:00,0,985.6,90.4,0.0,28.2,1.8,0.0,0.0,70.0
2024-08-08 20:15:00,0,985.6,91.5,0.0,28.1,1.8,0.0,0.0,70.0
2024-08-08 20:30:00,0,985.6,92.2,0.0,28.0,1.8,0.0,0.0,70.0
2024-08-08 20:45:00,0,985.6,92.9,0.0,27.9,1.7,0.0,0.0,70.0
2024-08-08 21:00:00,0,985.6,93.5,0.0,27.8,1.7,0.0,0.0,70.0
2024-08-08 21:15:00,0,985.6,93.8,0.0,27.7,1.6,0.0,0.0,70.0
2024-08-08 21:30:00,0,985.6,94.1,0.0,27.5,1.6,0.0,0.0,70.0
2024-08-08 21:45:00,0,985.6,94.3,0.0,27.5,1.5,0.0,0.0,70.0
2024-08-08 22:00:00,0,985.6,94.7,0.0,27.4,1.4,0.0,0.0,70.0
2024-08-08 22:15:00,0,985.6,95.2,0.0,27.3,1.4,0.0,0.0,70.0
2024-08-08 22:30:00,0,985.6,95.7,0.0,27.2,1.3,0.0,0.0,70.0
2024-08-08 22:45:00,0,985.6,96.2,0.0,27.1,1.3,0.0,0.0,70.0
2024-08-08 23:00:00,0,985.6,96.6,0.0,27.0,1.3,0.0,0.0,70.0
2024-08-08 23:15:00,0,985.5,96.9,0.0,26.9,1.3,0.0,0.0,70.0
2024-08-08 23:30:00,0,985.5,97.1,0.0,26.8,1.2,0.0,0.0,70.0
2024-08-08 23:45:00,0,985.5,97.2,0.0,26.7,1.2,0.0,0.0,70.0
2024-08-09 00:00:00,0,985.7,97.8,0.0,26.6,0.9,0.0,0.0,70.0
2024-08-09 00:15:00,0,985.7,97.9,0.0,26.5,0.9,0.0,0.0,70.0
2024-08-09 00:30:00,0,985.7,97.8,0.0,26.4,0.9,0.0,0.0,70.0
2024-08-09 00:45:00,0,985.7,97.8,0.0,26.4,0.8,0.0,0.0,70.0
2024-08-09 01:00:00,0,985.7,97.8,0.0,26.3,0.8,0.0,0.0,70.0
2024-08-09 01:15:00,0,985.7,97.9,0.0,26.2,0.8,0.0,0.0,70.0
2024-08-09 01:30:00,0,985.7,98.3,0.0,26.2,0.8,0.0,0.0,70.0
2024-08-09 01:45:00,0,985.7,98.6,0.0,26.1,0.8,0.0,0.0,70.0
2024-08-09 02:00:00,0,985.7,98.8,0.0,26.1,0.9,0.0,0.0,70.0
2024-08-09 02:15:00,0,985.7,98.9,0.0,26.0,0.9,0.0,0.0,70.0
2024-08-09 02:30:00,0,985.7,98.8,0.0,26.0,0.9,0.0,0.0,70.0
2024-08-09 02:45:00,0,985.7,98.7,0.0,26.0,0.9,0.0,0.0,70.0
2024-08-09 03:00:00,0,985.7,98.5,0.0,25.9,0.9,0.0,0.0,70.0
2024-08-09 03:15:00,0,985.7,98.4,0.0,25.9,0.9,0.0,0.0,70.0
2024-08-09 03:30:00,0,985.7,98.4,0.0,25.9,0.8,0.0,0.0,70.0
2024-08-09 03:45:00,0,985.7,98.6,0.0,25.9,0.9,0.0,0.0,70.0
2024-08-09 04:00:00,0,985.7,98.7,0.0,25.8,0.9,0.0,0.0,70.0
2024-08-09 04:15:00,0,985.7,98.9,0.0,25.8,0.9,0.0,0.0,70.0
2024-08-09 04:30:00,0,985.7,99.0,0.0,25.8,0.9,0.0,0.0,70.0
2024-08-09 04:45:00,0,985.7,99.1,0.0,25.8,0.9,0.0,0.0,70.0
2024-08-09 05:00:00,0,985.7,99.3,0.0,25.7,0.9,0.0,0.0,70.0
2024-08-09 05:15:00,0,985.7,99.4,0.0,25.7,0.9,0.0,0.0,70.0
2024-08-09 05:30:00,1,985.7,99.5,0.0,25.7,0.9,0.0,0.0,70.0
2024-08-09 05:45:00,19,985.7,99.5,0.0,25.7,1.0,7.003,0.206,70.0
2024-08-09 06:00:00,41,985.7,99.4,0.0,25.7,1.0,0.0,0.417,70.0
2024-08-09 06:15:00,64,985.7,99.4,0.0,25.7,0.9,9.001,0.881,70.0
2024-08-09 06:30:00,86,985.7,99.3,0.0,25.8,0.9,41.006,3.09,70.0
2024-08-09 06:45:00,109,985.7,99.2,0.0,25.8,0.9,103.002,4.268,70.0
2024-08-09 07:00:00,132,985.7,99.0,0.0,25.9,0.9,129.004,6.869,70.0
2024-08-09 07:15:00,155,985.7,98.7,0.0,26.0,0.9,182.001,11.984,70.0
2024-08-09 07:30:00,178,985.7,98.3,0.0,26.2,0.9,203.0,7.53,70.0
2024-08-09 07:45:00,201,985.7,97.8,0.0,26.3,0.9,353.008,16.593,70.0
2024-08-09 08:00:00,224,985.7,97.4,0.0,26.5,0.9,319.008,15.686,70.0
2024-08-09 08:15:00,246,985.7,96.9,0.0,26.7,1.0,299.0,20.132,70.0
2024-08-09 08:30:00,269,985.7,96.4,0.0,26.9,1.1,469.009,21.273,70.0
2024-08-09 08:45:00,291,985.7,95.2,0.0,27.3,1.2,279.003,18.503,70.0
2024-08-09 09:00:00,314,985.7,93.6,0.0,27.6,1.3,390.003,20.704,70.0
2024-08-09 09:15:00,337,985.8,92.1,0.0,28.1,1.4,343.003,18.996,70.0
2024-08-09 09:30:00,360,985.8,90.8,0.0,28.4,1.6,339.008,20.406,70.0
2024-08-09 09:45:00,383,985.8,89.5,0.0,28.9,1.7,292.01,24.231,70.0
2024-08-09 10:00:00,409,985.8,87.7,0.0,29.4,1.8,626.007,43.141,70.0
2024-08-09 10:15:00,437,985.8,86.2,0.0,29.9,2.0,599.006,37.275,70.0
2024-08-09 10:30:00,466,985.8,84.2,0.0,30.4,2.1,480.005,28.034,70.0
2024-08-09 10:45:00,496,985.8,82.7,0.0,30.8,2.2,421.003,30.372,70.0
2024-08-09 11:00:00,525,985.8,81.2,0.0,31.2,2.3,445.004,26.206,70.0
2024-08-09 11:15:00,552,985.8,79.8,0.0,31.6,2.4,406.006,22.046,70.0
2024-08-09 11:30:00,576,985.8,78.5,0.0,31.8,2.5,465.009,20.633,70.0
2024-08-09 11:45:00,597,985.8,77.6,0.0,32.1,2.6,353.003,21.655,70.0
2024-08-09 12:00:00,612,985.8,76.9,0.0,32.2,2.7,470.005,38.433,70.0
2024-08-09 12:15:00,622,985.8,76.2,0.0,32.4,2.8,762.004,50.352,70.0
2024-08-09 12:30:00,625,985.8,75.7,0.0,32.6,2.9,921.005,51.662,70.0
2024-08-09 12:45:00,620,985.8,75.1,0.0,32.7,2.9,942.009,46.931,70.0
2024-08-09 13:00:00,608,985.8,74.1,0.0,32.9,3.0,944.005,50.651,70.0
2024-08-09 13:15:00,590,985.8,73.7,0.0,33.0,3.2,911.008,46.749,70.0
2024-08-09 13:30:00,566,985.8,73.3,0.0,33.2,3.3,870.009,47.345,70.0
2024-08-09 13:45:00,539,985.8,72.9,0.0,33.3,3.4,793.004,41.561,70.0
2024-08-09 14:00:00,508,985.8,72.7,0.0,33.4,3.4,502.009,44.82,70.0
2024-08-09 14:15:00,474,985.8,73.0,0.0,33.2,3.4,617.003,32.006,70.0
2024-08-09 14:30:00,439,985.8,72.2,0.0,33.0,3.5,322.003,22.096,70.0
2024-08-09 14:45:00,404,985.8,73.1,0.0,32.8,3.5,639.005,32.43,70.0
2024-08-09 15:00:00,369,985.8,73.3,0.0,32.8,3.5,660.003,32.753,70.0
2024-08-09 15:15:00,334,985.8,73.4,0.0,32.8,3.5,753.008,28.436,70.0
2024-08-09 15:30:00,301,985.8,74.1,0.0,32.6,3.4,643.003,35.378,70.0
2024-08-09 15:45:00,270,985.8,74.0,0.0,32.8,3.4,277.008,14.905,70.0
2024-08-09 16:00:00,239,985.8,73.9,0.0,32.7,3.3,393.003,27.343,70.0
2024-08-09 16:15:00,208,985.8,77.4,0.0,32.1,3.3,545.001,23.661,70.0
2024-08-09 16:30:00,178,985.8,79.1,0.1,31.8,3.2,192.009,9.299,70.0
2024-08-09 16:45:00,149,985.8,79.0,0.0,31.6,3.2,182.003,12.716,70.0
2024-08-09 17:00:00,123,985.8,80.3,0.0,31.3,3.1,174.008,6.618,70.0
2024-08-09 17:15:00,99,985.8,81.0,0.0,31.2,3.1,141.005,7.707,70.0
2024-08-09 17:30:00,78,985.8,81.9,0.0,31.0,3.1,203.001,10.026,70.0
2024-08-09 17:45:00,59,985.8,82.9,0.0,30.8,3.1,183.01,7.904,70.0
2024-08-09 18:00:00,44,985.8,84.3,0.0,30.6,3.0,91.002,5.563,70.0
2024-08-09 18:15:00,30,985.8,86.4,0.0,30.2,3.0,81.002,3.745,70.0
2024-08-09 18:30:00,19,985.8,88.1,0.0,29.9,3.0,46.009,1.771,70.0
2024-08-09 18:45:00,10,985.8,89.3,0.0,29.5,3.1,8.003,0.387,70.0
2024-08-09 19:00:00,3,985.8,90.3,0.0,29.3,3.1,0.0,0.0,70.0
2024-08-09 19:15:00,0,985.8,91.0,0.0,29.0,3.1,0.0,0.0,70.0
2024-08-09 19:30:00,0,985.8,91.5,0.0,28.8,3.0,0.0,0.0,70.0
2024-08-09 19:45:00,0,985.7,91.8,0.0,28.5,2.9,0.0,0.0,70.0
2024-08-09 20:00:00,0,985.7,92.2,0.0,28.3,2.8,0.0,0.0,70.0
2024-08-09 20:15:00,0,985.7,92.7,0.0,28.2,2.7,0.0,0.0,70.0
2024-08-09 20:30:00,0,985.7,93.3,0.0,28.0,2.6,0.0,0.0,70.0
2024-08-09 20:45:00,0,985.7,93.8,0.0,27.9,2.4,0.0,0.0,70.0
2024-08-09 21:00:00,0,985.7,94.1,0.0,27.7,2.2,0.0,0.0,70.0
2024-08-09 21:15:00,0,985.7,94.5,0.0,27.6,2.1,0.0,0.0,70.0
2024-08-09 21:30:00,0,985.7,94.9,0.0,27.4,2.0,0.0,0.0,70.0
2024-08-09 21:45:00,0,985.7,95.2,0.0,27.3,1.9,0.0,0.0,70.0
2024-08-09 22:00:00,0,985.7,95.3,0.0,27.2,1.8,0.0,0.0,70.0
2024-08-09 22:15:00,0,985.7,95.5,0.0,27.1,1.7,0.0,0.0,70.0
2024-08-09 22:30:00,0,985.7,95.6,0.0,27.1,1.6,0.0,0.0,70.0
2024-08-09 22:45:00,0,985.7,95.6,0.0,27.0,1.5,0.0,0.0,70.0
2024-08-09 23:00:00,0,985.7,95.7,0.0,26.9,1.4,0.0,0.0,70.0
2024-08-09 23:15:00,0,985.7,95.9,0.0,26.9,1.4,0.0,0.0,70.0
2024-08-09 23:30:00,0,985.7,96.2,0.0,26.8,1.3,0.0,0.0,70.0
2024-08-09 23:45:00,0,985.7,96.4,0.0,26.8,1.3,0.0,0.0,70.0
2024-08-10 00:00:00,0,985.5,95.2,0.0,26.8,1.8,0.0,0.0,70.0
2024-08-10 00:15:00,0,985.5,95.5,0.0,26.7,1.8,0.0,0.0,70.0
2024-08-10 00:30:00,0,985.5,95.7,0.0,26.7,1.8,0.0,0.0,70.0
2024-08-10 00:45:00,0,985.5,96.0,0.0,26.6,1.9,0.0,0.0,70.0
2024-08-10 01:00:00,0,985.5,96.3,0.0,26.6,1.9,0.0,0.0,70.0
2024-08-10 01:15:00,0,985.5,96.7,0.0,26.5,2.0,0.0,0.0,70.0
2024-08-10 01:30:00,0,985.5,97.2,0.0,26.5,2.0,0.0,0.0,70.0
2024-08-10 01:45:00,0,985.5,97.6,0.0,26.4,2.0,0.0,0.0,70.0
2024-08-10 02:00:00,0,985.5,97.9,0.0,26.4,2.1,0.0,0.0,70.0
2024-08-10 02:15:00,0,985.5,98.3,0.0,26.4,2.2,0.0,0.0,70.0
2024-08-10 02:30:00,0,985.5,98.6,0.0,26.4,2.2,0.0,0.0,70.0
2024-08-10 02:45:00,0,985.5,98.9,0.0,26.3,2.3,0.0,0.0,70.0
2024-08-10 03:00:00,0,985.5,99.2,0.0,26.3,2.3,0.0,0.0,70.0
2024-08-10 03:15:00,0,985.5,99.4,0.0,26.3,2.4,0.0,0.0,70.0
2024-08-10 03:30:00,0,985.5,99.5,0.0,26.3,2.4,0.0,0.0,70.0
2024-08-10 03:45:00,0,985.5,99.6,0.0,26.3,2.5,0.0,0.0,70.0
2024-08-10 04:00:00,0,985.5,99.6,0.0,26.3,2.6,0.0,0.0,70.0
2024-08-10 04:15:00,0,985.5,99.6,0.0,26.3,2.6,0.0,0.0,70.0
2024-08-10 04:30:00,0,985.5,99.6,0.0,26.3,2.7,0.0,0.0,70.0
2024-08-10 04:45:00,0,985.5,99.6,0.0,26.3,2.8,0.0,0.0,70.0
2024-08-10 05:00:00,0,985.5,99.7,0.0,26.3,2.9,0.0,0.0,70.0
2024-08-10 05:15:00,0,985.5,99.7,0.0,26.3,2.9,0.0,0.0,70.0
2024-08-10 05:30:00,0,985.5,99.7,0.0,26.3,3.0,0.0,0.0,70.0
2024-08-10 05:45:00,5,985.5,99.7,0.0,26.4,3.1,0.0,0.122,70.0
2024-08-10 06:00:00,11,985.5,99.7,0.0,26.4,3.2,0.0,0.467,70.0
2024-08-10 06:15:00,18,985.5,99.7,0.0,26.4,3.3,28.003,1.619,70.0
2024-08-10 06:30:00,26,985.5,99.6,0.0,26.5,3.4,42.005,1.968,70.0
2024-08-10 06:45:00,36,985.5,99.4,0.0,26.6,3.5,57.007,3.427,70.0
2024-08-10 07:00:00,48,985.5,99.2,0.0,26.7,3.7,85.007,6.104,70.0
2024-08-10 07:15:00,64,985.5,99.0,0.0,26.9,3.8,109.002,7.08,70.0
2024-08-10 07:30:00,84,985.5,98.6,0.0,27.1,3.9,144.001,7.825,70.0
2024-08-10 07:45:00,107,985.5,98.0,0.0,27.5,4.0,88.008,5.039,70.0
2024-08-10 08:00:00,133,985.5,97.0,0.0,27.8,4.1,75.009,6.148,70.0
2024-08-10 08:15:00,162,985.5,95.8,0.0,28.3,4.2,65.006,7.289,70.0
2024-08-10 08:30:00,194,985.5,94.2,0.0,28.6,4.4,62.003,10.017,70.0
2024-08-10 08:45:00,227,985.5,92.3,0.0,29.1,4.5,190.006,12.233,70.0
2024-08-10 09:00:00,261,985.5,90.2,0.0,29.7,4.6,221.003,12.787,70.0
2024-08-10 09:15:00,294,985.5,88.1,0.0,30.3,4.7,215.001,13.453,70.0
2024-08-10 09:30:00,325,985.5,85.6,0.0,30.8,4.8,243.009,18.079,70.0
2024-08-10 09:45:00,354,985.5,83.2,0.0,31.4,4.9,311.005,17.994,70.0
2024-08-10 10:00:00,381,985.5,80.4,0.0,32.0,5.0,289.003,18.163,70.0
2024-08-10 10:15:00,407,985.5,77.9,0.0,32.5,5.1,313.009,17.693,70.0
2024-08-10 10:30:00,430,985.6,76.2,0.0,32.9,5.3,323.0,21.015,70.0
2024-08-10 10:45:00,452,985.6,74.0,0.0,33.3,5.4,541.002,36.306,70.0
2024-08-10 11:00:00,471,985.6,72.2,0.0,33.6,5.5,698.001,34.467,70.0
2024-08-10 11:15:00,488,985.6,70.8,0.0,33.9,5.7,349.001,35.097,70.0
2024-08-10 11:30:00,502,985.6,69.3,0.0,34.1,5.8,971.01,33.876,70.0
2024-08-10 11:45:00,514,985.6,67.9,0.0,34.2,5.9,583.009,33.558,70.0
2024-08-10 12:00:00,523,985.6,67.3,0.0,34.3,6.0,285.002,28.378,70.0
2024-08-10 12:15:00,530,985.6,66.7,0.0,34.4,6.1,446.006,34.216,70.0
2024-08-10 12:30:00,534,985.6,66.2,0.0,34.4,6.2,497.003,29.432,70.0
2024-08-10 12:45:00,536,985.6,65.9,0.0,34.5,6.2,387.006,27.815,70.0
2024-08-10 13:00:00,535,985.6,65.4,0.0,34.5,6.3,145.005,21.54,70.0
2024-08-10 13:15:00,532,985.6,64.5,0.0,34.6,6.4,967.009,51.554,70.0
2024-08-10 13:30:00,526,985.6,64.6,0.0,34.5,6.3,906.006,42.098,70.0
2024-08-10 13:45:00,517,985.6,63.3,0.0,34.7,6.3,945.005,38.256,70.0
2024-08-10 14:00:00,506,985.5,63.3,0.0,34.6,6.2,864.003,30.286,70.0
2024-08-10 14:15:00,492,985.5,69.3,0.2,33.5,6.2,775.009,27.304,70.0
2024-08-10 14:30:00,475,985.5,68.8,0.0,33.3,6.1,821.001,43.811,70.0
2024-08-10 14:45:00,456,985.5,69.6,0.1,33.2,6.1,736.004,39.503,70.0
2024-08-10 15:00:00,434,985.5,69.8,0.0,33.4,6.0,750.0,38.718,70.0
2024-08-10 15:15:00,411,985.5,66.9,0.0,33.8,5.9,681.004,37.589,70.0
2024-08-10 15:30:00,385,985.5,66.0,0.0,34.0,5.7,609.005,36.178,70.0
2024-08-10 15:45:00,357,985.5,65.0,0.0,34.1,5.7,577.009,27.454,70.0
2024-08-10 16:00:00,327,985.5,64.5,0.0,34.1,5.6,528.007,26.49,70.0
2024-08-10 16:15:00,295,985.5,64.2,0.0,33.9,5.4,477.002,25.772,70.0
2024-08-10 16:30:00,263,985.5,65.8,0.0,33.6,5.3,362.005,20.883,70.0
2024-08-10 16:45:00,230,985.5,66.9,0.0,33.3,5.1,294.0,17.119,70.0
2024-08-10 17:00:00,198,985.5,67.1,0.0,33.0,4.9,314.0,13.748,70.0
2024-08-10 17:15:00,168,985.5,68.1,0.0,32.7,4.7,130.005,11.011,70.0
2024-08-10 17:30:00,139,985.5,70.9,0.0,32.2,4.4,208.001,6.237,70.0
2024-08-10 17:45:00,112,985.5,72.9,0.0,31.8,4.2,51.004,3.789,70.0
2024-08-10 18:00:00,87,985.5,74.9,0.0,31.4,3.9,44.0,2.864,70.0
2024-08-10 18:15:00,64,985.5,75.9,0.0,31.0,3.7,44.001,2.375,70.0
2024-08-10 18:30:00,43,985.5,76.9,0.0,30.7,3.5,52.005,2.558,70.0
2024-08-10 18:45:00,24,985.5,78.9,0.1,30.2,3.3,19.008,1.062,70.0
2024-08-10 19:00:00,5,985.5,80.2,0.0,29.8,3.1,0.0,0.0,70.0
2024-08-10 19:15:00,0,985.5,80.1,0.0,29.6,3.0,0.0,0.0,70.0
2024-08-10 19:30:00,0,985.5,81.0,0.0,29.3,3.0,0.0,0.0,70.0
2024-08-10 19:45:00,0,985.5,82.5,0.0,29.1,2.9,0.0,0.0,70.0
2024-08-10 20:00:00,0,985.5,83.8,0.0,28.9,2.8,0.0,0.0,70.0
2024-08-10 20:15:00,0,985.5,84.0,0.0,28.7,2.8,0.0,0.0,70.0
2024-08-10 20:30:00,0,985.5,84.1,0.0,28.5,2.7,0.0,0.0,70.0
2024-08-10 20:45:00,0,985.5,84.4,0.0,28.4,2.7,0.0,0.0,70.0
2024-08-10 21:00:00,0,985.5,84.6,0.0,28.3,2.6,0.0,0.0,70.0
2024-08-10 21:15:00,0,985.5,85.0,0.0,28.2,2.6,0.0,0.0,70.0
2024-08-10 21:30:00,0,985.5,85.7,0.0,28.0,2.5,0.0,0.0,70.0
2024-08-10 21:45:00,0,985.5,86.5,0.0,27.9,2.5,0.0,0.0,70.0
2024-08-10 22:00:00,0,985.5,87.0,0.0,27.8,2.4,0.0,0.0,70.0
2024-08-10 22:15:00,0,985.5,87.5,0.0,27.7,2.3,0.0,0.0,70.0
2024-08-10 22:30:00,0,985.5,88.2,0.0,27.5,2.3,0.0,0.0,70.0
2024-08-10 22:45:00,0,985.5,89.0,0.0,27.4,2.2,0.0,0.0,70.0
2024-08-10 23:00:00,0,985.5,89.7,0.0,27.3,2.2,0.0,0.0,70.0
2024-08-10 23:15:00,0,985.5,90.3,0.0,27.2,2.2,0.0,0.0,70.0
2024-08-10 23:30:00,0,985.5,91.0,0.0,27.1,2.2,0.0,0.0,70.0
2024-08-10 23:45:00,0,985.5,91.6,0.0,27.0,2.2,0.0,0.0,70.0
2024-08-11 00:00:00,0,985.7,91.6,0.0,27.1,2.6,0.0,0.0,70.0
2024-08-11 00:15:00,0,985.7,92.2,0.0,27.0,2.6,0.0,0.0,70.0
2024-08-11 00:30:00,0,985.7,92.6,0.0,26.9,2.6,0.0,0.0,70.0
2024-08-11 00:45:00,0,985.7,93.1,0.0,26.8,2.6,0.0,0.0,70.0
2024-08-11 01:00:00,0,985.7,93.7,0.0,26.6,2.6,0.0,0.0,70.0
2024-08-11 01:15:00,0,985.7,94.3,0.0,26.5,2.6,0.0,0.0,70.0
2024-08-11 01:30:00,0,985.7,94.7,0.0,26.4,2.6,0.0,0.0,70.0
2024-08-11 01:45:00,0,985.7,95.2,0.0,26.3,2.6,0.0,0.0,70.0
2024-08-11 02:00:00,0,985.7,95.9,0.0,26.2,2.6,0.0,0.0,70.0
2024-08-11 02:15:00,0,985.7,96.5,0.0,26.1,2.5,0.0,0.0,70.0
2024-08-11 02:30:00,0,985.7,97.0,0.0,26.0,2.5,0.0,0.0,70.0
2024-08-11 02:45:00,0,985.7,97.4,0.0,25.9,2.5,0.0,0.0,70.0
2024-08-11 03:00:00,0,985.7,97.9,0.0,25.8,2.4,0.0,0.0,70.0
2024-08-11 03:15:00,0,985.7,98.2,0.0,25.7,2.4,0.0,0.0,70.0
2024-08-11 03:30:00,0,985.7,98.6,0.0,25.7,2.4,0.0,0.0,70.0
2024-08-11 03:45:00,0,985.7,98.8,0.0,25.6,2.4,0.0,0.0,70.0
2024-08-11 04:00:00,0,985.7,98.9,0.0,25.5,2.3,0.0,0.0,70.0
2024-08-11 04:15:00,0,985.7,99.0,0.0,25.5,2.3,0.0,0.0,70.0
2024-08-11 04:30:00,0,985.7,99.1,0.0,25.4,2.3,0.0,0.0,70.0
2024-08-11 04:45:00,0,985.7,99.3,0.0,25.3,2.3,0.0,0.0,70.0
2024-08-11 05:00:00,0,985.7,99.4,0.0,25.2,2.3,0.0,0.0,70.0
2024-08-11 05:15:00,0,985.7,99.5,0.0,25.1,2.3,0.0,0.0,70.0
2024-08-11 05:30:00,0,985.7,99.6,0.0,25.0,2.3,0.0,0.0,70.0
2024-08-11 05:45:00,22,985.7,99.6,0.0,25.0,2.3,12.001,0.641,70.0
2024-08-11 06:00:00,51,985.7,99.7,0.0,25.0,2.3,38.003,1.945,70.0
2024-08-11 06:15:00,80,985.7,99.7,0.0,25.0,2.3,69.002,3.274,70.0
2024-08-11 06:30:00,111,985.7,99.7,0.0,25.1,2.3,106.006,4.786,70.0
2024-08-11 06:45:00,144,985.7,99.4,0.0,25.2,2.4,166.002,6.927,70.0
2024-08-11 07:00:00,179,985.7,99.2,0.0,25.3,2.4,211.002,9.299,70.0
2024-08-11 07:15:00,218,985.7,99.0,0.0,25.4,2.5,254.003,12.273,70.0
2024-08-11 07:30:00,259,985.7,98.9,0.0,25.6,2.6,312.005,15.216,70.0
2024-08-11 07:45:00,303,985.7,98.4,0.0,26.0,2.7,334.006,18.628,70.0
2024-08-11 08:00:00,350,985.7,96.2,0.0,26.6,2.7,408.002,22.335,70.0
2024-08-11 08:15:00,399,985.7,93.4,0.0,27.2,2.8,434.003,26.103,70.0
2024-08-11 08:30:00,449,985.7,91.3,0.0,27.6,2.9,516.001,28.902,70.0
2024-08-11 08:45:00,500,985.7,88.9,0.0,28.2,2.9,552.009,32.592,70.0
2024-08-11 09:00:00,550,985.7,85.8,0.0,28.8,3.0,598.004,35.647,70.0
2024-08-11 09:15:00,598,985.7,81.7,0.0,29.4,3.0,655.009,38.579,70.0
2024-08-11 09:30:00,643,985.7,78.0,0.0,29.9,3.1,689.009,40.813,70.0
2024-08-11 09:45:00,683,985.7,75.7,0.0,30.4,3.1,733.008,42.711,70.0
2024-08-11 10:00:00,720,985.7,73.6,0.0,30.8,3.2,771.002,45.282,70.0
2024-08-11 10:15:00,753,985.7,71.3,0.0,31.2,3.3,797.005,47.352,70.0
2024-08-11 10:30:00,782,985.7,68.9,0.0,31.5,3.4,818.006,48.723,70.0
2024-08-11 10:45:00,808,985.7,66.9,0.0,31.8,3.6,849.003,50.058,70.0
2024-08-11 11:00:00,829,985.7,64.8,0.0,32.1,3.7,865.006,50.667,70.0
2024-08-11 11:15:00,846,985.7,62.7,0.0,32.4,3.9,875.01,51.266,70.0
2024-08-11 11:30:00,859,985.7,60.9,0.0,32.6,4.0,884.007,51.904,70.0
2024-08-11 11:45:00,868,985.7,59.0,0.0,32.8,4.2,899.001,52.189,70.0
2024-08-11 12:00:00,874,985.7,57.1,0.0,32.9,4.3,902.005,52.679,70.0
2024-08-11 12:15:00,875,985.7,55.9,0.0,33.1,4.4,922.005,52.614,70.0
2024-08-11 12:30:00,874,985.7,55.2,0.0,33.1,4.5,896.0,52.532,70.0
2024-08-11 12:45:00,869,985.7,54.9,0.0,33.2,4.6,886.003,51.64,70.0
2024-08-11 13:00:00,861,985.7,53.8,0.0,33.3,4.7,903.001,50.917,70.0
2024-08-11 13:15:00,851,985.7,52.8,0.0,33.3,4.8,867.009,49.234,70.0
2024-08-11 13:30:00,837,985.7,52.2,0.0,33.3,4.8,851.003,45.148,70.0
2024-08-11 13:45:00,820,985.7,51.8,0.0,33.3,4.8,813.004,44.325,70.0
2024-08-11 14:00:00,799,985.7,51.7,0.0,33.3,4.8,825.008,44.373,70.0
2024-08-11 14:15:00,774,985.7,51.6,0.0,33.3,4.8,795.005,32.662,70.0
2024-08-11 14:30:00,745,985.7,51.9,0.0,33.2,4.8,742.006,28.776,70.0
2024-08-11 14:45:00,712,985.7,52.7,0.0,33.2,4.8,771.009,28.837,70.0
2024-08-11 15:00:00,675,985.7,52.7,0.0,33.1,4.7,267.006,39.629,70.0
2024-08-11 15:15:00,634,985.7,51.6,0.0,33.1,4.7,654.005,31.822,70.0
2024-08-11 15:30:00,589,985.7,51.4,0.0,32.9,4.6,615.001,27.617,70.0
2024-08-11 15:45:00,540,985.7,52.3,0.0,32.8,4.6,559.008,17.58,70.0
2024-08-11 16:00:00,488,985.7,53.0,0.0,32.7,4.5,155.007,20.997,70.0
2024-08-11 16:15:00,433,985.7,53.1,0.0,32.5,4.5,486.003,21.022,70.0
2024-08-11 16:30:00,377,985.7,52.8,0.0,32.3,4.3,396.006,21.758,70.0
2024-08-11 16:45:00,323,985.7,53.3,0.0,32.1,4.2,358.01,14.774,70.0
2024-08-11 17:00:00,270,985.7,54.5,0.0,31.8,4.0,264.009,14.073,70.0
2024-08-11 17:15:00,222,985.7,56.0,0.0,31.5,3.8,237.003,12.557,70.0
2024-08-11 17:30:00,177,985.7,57.6,0.0,31.2,3.6,237.009,10.636,70.0
2024-08-11 17:45:00,138,985.7,59.8,0.0,30.8,3.4,228.009,6.502,70.0
2024-08-11 18:00:00,103,985.7,62.2,0.0,30.4,3.2,149.002,3.76,70.0
2024-08-11 18:15:00,73,985.7,64.0,0.0,29.9,3.0,89.003,2.517,70.0
2024-08-11 18:30:00,47,985.7,65.3,0.0,29.4,2.8,39.01,1.503,70.0
2024-08-11 18:45:00,25,985.7,66.6,0.0,28.9,2.6,12.006,0.598,70.0
2024-08-11 19:00:00,4,985.7,68.3,0.0,28.5,2.5,0.0,0.0,70.0
2024-08-11 19:15:00,0,985.7,69.7,0.0,28.2,2.4,0.0,0.0,70.0
2024-08-11 19:30:00,0,985.7,71.0,0.0,27.9,2.3,0.0,0.0,70.0
2024-08-11 19:45:00,0,985.7,71.9,0.0,27.6,2.2,0.0,0.0,70.0
2024-08-11 20:00:00,0,985.7,72.4,0.0,27.4,2.2,0.0,0.0,70.0
2024-08-11 20:15:00,0,985.7,72.9,0.0,27.2,2.1,0.0,0.0,70.0
2024-08-11 20:30:00,0,985.7,73.5,0.0,27.0,2.1,0.0,0.0,70.0
2024-08-11 20:45:00,0,985.7,74.0,0.0,26.8,2.1,0.0,0.0,70.0
2024-08-11 21:00:00,0,985.7,74.1,0.0,26.7,2.1,0.0,0.0,70.0
2024-08-11 21:15:00,0,985.7,73.8,0.0,26.6,2.1,0.0,0.0,70.0
2024-08-11 21:30:00,0,985.7,73.4,0.0,26.5,2.0,0.0,0.0,70.0
2024-08-11 21:45:00,0,985.7,73.0,0.0,26.5,2.0,0.0,0.0,70.0
2024-08-11 22:00:00,0,985.7,72.8,0.0,26.5,2.0,0.0,0.0,70.0
2024-08-11 22:15:00,0,985.7,73.0,0.0,26.4,1.9,0.0,0.0,70.0
2024-08-11 22:30:00,0,985.7,73.4,0.0,26.3,1.9,0.0,0.0,70.0
2024-08-11 22:45:00,0,985.7,73.5,0.0,26.3,1.8,0.0,0.0,70.0
2024-08-11 23:00:00,0,985.7,73.7,0.0,26.3,1.7,0.0,0.0,70.0
2024-08-11 23:15:00,0,985.7,74.1,0.0,26.2,1.7,0.0,0.0,70.0
2024-08-11 23:30:00,0,985.7,74.5,0.0,26.1,1.6,0.0,0.0,70.0
2024-08-11 23:45:00,0,985.7,74.8,0.0,26.0,1.6,0.0,0.0,70.0
2024-08-12 00:00:00,0,985.7,74.9,0.0,26.2,1.6,0.0,0.0,70.0
2024-08-12 00:15:00,0,985.7,74.9,0.0,26.1,1.6,0.0,0.0,70.0
2024-08-12 00:30:00,0,985.7,74.7,0.0,26.1,1.5,0.0,0.0,70.0
2024-08-12 00:45:00,0,985.7,74.5,0.0,26.0,1.5,0.0,0.0,70.0
2024-08-12 01:00:00,0,985.7,74.4,0.0,25.9,1.5,0.0,0.0,70.0
2024-08-12 01:15:00,0,985.7,74.4,0.0,25.8,1.4,0.0,0.0,70.0
2024-08-12 01:30:00,0,985.7,74.6,0.0,25.8,1.4,0.0,0.0,70.0
2024-08-12 01:45:00,0,985.7,74.8,0.0,25.7,1.4,0.0,0.0,70.0
2024-08-12 02:00:00,0,985.7,75.1,0.0,25.6,1.4,0.0,0.0,70.0
2024-08-12 02:15:00,0,985.7,75.5,0.0,25.5,1.4,0.0,0.0,70.0
2024-08-12 02:30:00,0,985.7,75.8,0.0,25.4,1.4,0.0,0.0,70.0
2024-08-12 02:45:00,0,985.7,76.1,0.0,25.3,1.4,0.0,0.0,70.0
2024-08-12 03:00:00,0,985.7,76.4,0.0,25.2,1.4,0.0,0.0,70.0
2024-08-12 03:15:00,0,985.7,76.6,0.0,25.2,1.4,0.0,0.0,70.0
2024-08-12 03:30:00,0,985.7,76.7,0.0,25.1,1.4,0.0,0.0,70.0
2024-08-12 03:45:00,0,985.7,76.8,0.0,25.1,1.4,0.0,0.0,70.0
2024-08-12 04:00:00,0,985.7,76.8,0.0,25.0,1.4,0.0,0.0,70.0
2024-08-12 04:15:00,0,985.7,76.9,0.0,24.9,1.4,0.0,0.0,70.0
2024-08-12 04:30:00,0,985.7,76.9,0.0,24.9,1.4,0.0,0.0,70.0
2024-08-12 04:45:00,0,985.7,76.8,0.0,24.9,1.4,0.0,0.0,70.0
2024-08-12 05:00:00,0,985.7,76.8,0.0,24.8,1.3,0.0,0.0,70.0
2024-08-12 05:15:00,0,985.7,76.9,0.0,24.8,1.3,0.0,0.0,70.0
2024-08-12 05:30:00,0,985.7,76.9,0.0,24.8,1.3,0.0,0.0,70.0
2024-08-12 05:45:00,20,985.7,77.1,0.0,24.7,1.2,19.008,0.782,70.0
2024-08-12 06:00:00,50,985.7,77.1,0.0,24.8,1.2,49.009,1.766,70.0
2024-08-12 06:15:00,79,985.7,77.0,0.0,24.9,1.1,94.009,2.777,70.0
2024-08-12 06:30:00,111,985.7,76.7,0.0,25.1,1.0,131.009,4.338,70.0
2024-08-12 06:45:00,143,985.7,76.8,0.0,25.4,0.9,185.001,6.706,70.0
2024-08-12 07:00:00,179,985.7,77.5,0.0,25.8,0.8,231.006,9.652,70.0
2024-08-12 07:15:00,217,985.7,78.1,0.0,26.1,0.7,281.009,12.843,70.0
2024-08-12 07:30:00,258,985.7,78.5,0.0,26.6,0.6,337.004,16.708,70.0
2024-08-12 07:45:00,302,985.7,78.4,0.0,27.1,0.5,388.01,20.545,70.0
2024-08-12 08:00:00,348,985.7,73.9,0.0,27.7,0.5,442.006,24.399,70.0
2024-08-12 08:15:00,397,985.7,73.8,0.0,28.1,0.4,485.003,27.693,70.0
2024-08-12 08:30:00,447,985.7,72.4,0.0,28.6,0.4,532.002,30.979,70.0
2024-08-12 08:45:00,497,985.7,70.7,0.0,29.1,0.4,582.01,34.264,70.0
2024-08-12 09:00:00,546,985.7,69.7,0.0,29.5,0.5,629.004,37.348,70.0
2024-08-12 09:15:00,592,985.7,68.2,0.0,29.9,0.5,673.008,40.039,70.0
2024-08-12 09:30:00,636,985.7,67.0,0.0,30.2,0.5,723.002,42.982,70.0
2024-08-12 09:45:00,674,985.7,65.3,0.0,30.6,0.6,741.003,45.021,70.0
2024-08-12 10:00:00,708,985.8,63.6,0.0,31.0,0.7,824.003,47.951,70.0
2024-08-12 10:15:00,739,985.8,62.3,0.0,31.3,0.7,575.0,49.692,70.0
2024-08-12 10:30:00,765,985.8,60.5,0.0,31.5,0.8,864.003,51.067,70.0
2024-08-12 10:45:00,787,985.8,59.1,0.0,31.8,0.9,918.005,52.169,70.0
2024-08-12 11:00:00,805,985.8,57.8,0.0,32.0,1.0,884.01,52.905,70.0
2024-08-12 11:15:00,818,985.8,56.4,0.0,32.2,1.0,923.006,53.5,70.0
2024-08-12 11:30:00,828,985.8,55.5,0.0,32.4,1.1,954.001,54.231,70.0
2024-08-12 11:45:00,833,985.8,54.8,0.0,32.6,1.2,748.003,54.021,70.0
2024-08-12 12:00:00,835,985.8,53.9,0.0,32.7,1.2,964.005,50.659,70.0
2024-08-12 12:15:00,833,985.8,52.7,0.0,32.9,1.3,975.002,51.114,70.0
2024-08-12 12:30:00,827,985.8,51.6,0.0,33.0,1.3,1040.007,46.497,70.0
2024-08-12 12:45:00,819,985.8,50.4,0.0,33.2,1.4,1009.006,42.157,70.0
2024-08-12 13:00:00,808,985.8,49.5,0.0,33.3,1.4,985.001,44.367,70.0
2024-08-12 13:15:00,794,985.8,48.7,0.0,33.4,1.4,953.007,47.303,70.0
2024-08-12 13:30:00,777,985.8,48.1,0.0,33.5,1.4,893.008,46.735,70.0
2024-08-12 13:45:00,756,985.8,47.9,0.0,33.6,1.4,868.007,49.447,70.0
2024-08-12 14:00:00,732,985.8,47.9,0.0,33.6,1.3,874.005,47.467,70.0
2024-08-12 14:15:00,705,985.8,48.1,0.0,33.6,1.3,810.009,44.23,70.0
2024-08-12 14:30:00,674,985.8,48.4,0.0,33.7,1.3,823.0,44.711,70.0
2024-08-12 14:45:00,640,985.8,48.7,0.0,33.7,1.4,812.002,41.497,70.0
2024-08-12 15:00:00,603,985.8,49.0,0.0,33.7,1.4,750.007,38.17,70.0
2024-08-12 15:15:00,563,985.8,49.2,0.0,33.7,1.4,685.004,34.133,70.0
2024-08-12 15:30:00,521,985.8,49.5,0.0,33.6,1.5,614.002,28.99,70.0
2024-08-12 15:45:00,476,985.8,50.1,0.0,33.5,1.5,579.007,29.814,70.0
2024-08-12 16:00:00,428,985.8,50.5,0.0,33.5,1.5,524.005,26.809,70.0
2024-08-12 16:15:00,378,985.8,50.8,0.0,33.4,1.5,458.003,23.665,70.0
2024-08-12 16:30:00,328,985.8,51.2,0.0,33.3,1.5,400.001,16.274,70.0
2024-08-12 16:45:00,279,985.8,52.6,0.1,33.0,1.4,360.002,15.317,70.0
2024-08-12 17:00:00,233,985.8,54.6,0.2,32.8,1.3,290.006,12.603,70.0
2024-08-12 17:15:00,190,985.8,57.3,0.1,32.5,1.3,243.004,9.748,70.0
2024-08-12 17:30:00,151,985.8,59.6,0.0,32.3,1.2,194.001,6.656,70.0
2024-08-12 17:45:00,116,985.8,61.0,0.0,32.1,1.1,150.008,4.977,70.0
2024-08-12 18:00:00,86,985.8,62.1,0.0,31.8,1.1,107.007,3.462,70.0
2024-08-12 18:15:00,60,985.8,63.2,0.0,31.4,1.1,67.006,2.248,70.0
2024-08-12 18:30:00,38,985.8,64.6,0.0,31.0,1.1,32.006,1.36,70.0
2024-08-12 18:45:00,19,985.8,65.9,0.0,30.8,1.1,7.004,0.516,70.0
2024-08-12 19:00:00,3,985.8,66.9,0.0,30.4,1.1,0.0,0.0,70.0
2024-08-12 19:15:00,0,985.8,67.2,0.0,30.1,1.2,0.0,0.0,70.0
2024-08-12 19:30:00,0,985.8,67.0,0.0,30.0,1.2,0.0,0.0,70.0
2024-08-12 19:45:00,0,985.8,66.9,0.0,30.0,1.2,0.0,0.0,70.0
2024-08-12 20:00:00,0,985.8,67.2,0.0,29.9,1.3,0.0,0.0,70.0
2024-08-12 20:15:00,0,985.8,67.5,0.0,29.8,1.3,0.0,0.0,70.0
2024-08-12 20:30:00,0,985.8,67.9,0.0,29.7,1.3,0.0,0.0,70.0
2024-08-12 20:45:00,0,985.8,68.8,0.0,29.5,1.3,0.0,0.0,70.0
2024-08-12 21:00:00,0,985.8,70.0,0.0,29.3,1.3,0.0,0.0,70.0
2024-08-12 21:15:00,0,985.8,71.4,0.0,29.0,1.4,0.0,0.0,70.0
2024-08-12 21:30:00,0,985.8,73.2,0.0,28.8,1.4,0.0,0.0,70.0
2024-08-12 21:45:00,0,985.8,74.9,0.0,28.5,1.4,0.0,0.0,70.0
2024-08-12 22:00:00,0,985.8,76.4,0.0,28.2,1.5,0.0,0.0,70.0
2024-08-12 22:15:00,0,985.8,77.5,0.0,28.0,1.5,0.0,0.0,70.0
2024-08-12 22:30:00,0,985.8,78.4,0.0,27.8,1.4,0.0,0.0,70.0
2024-08-12 22:45:00,0,985.8,79.6,0.0,27.7,1.4,0.0,0.0,70.0
2024-08-12 23:00:00,0,985.8,80.6,0.0,27.6,1.4,0.0,0.0,70.0
2024-08-12 23:15:00,0,985.8,81.5,0.0,27.4,1.4,0.0,0.0,70.0
2024-08-12 23:30:00,0,985.8,82.1,0.0,27.3,1.3,0.0,0.0,70.0
2024-08-12 23:45:00,0,985.8,82.4,0.0,27.2,1.3,0.0,0.0,70.0
2024-08-13 00:00:00,0,985.8,78.9,0.0,26.8,1.9,0.0,0.0,70.0
2024-08-13 00:15:00,0,985.8,79.4,0.0,26.7,1.9,0.0,0.0,70.0
2024-08-13 00:30:00,0,985.8,79.8,0.0,26.6,1.9,0.0,0.0,70.0
2024-08-13 00:45:00,0,985.8,80.0,0.0,26.6,1.9,0.0,0.0,70.0
2024-08-13 01:00:00,0,985.8,80.2,0.0,26.5,1.9,0.0,0.0,70.0
2024-08-13 01:15:00,0,985.8,80.3,0.0,26.4,1.9,0.0,0.0,70.0
2024-08-13 01:30:00,0,985.8,80.4,0.0,26.3,1.9,0.0,0.0,70.0
2024-08-13 01:45:00,0,985.8,80.6,0.0,26.2,1.9,0.0,0.0,70.0
2024-08-13 02:00:00,0,985.7,80.9,0.0,26.1,2.0,0.0,0.0,70.0
2024-08-13 02:15:00,0,985.7,81.2,0.0,26.0,2.0,0.0,0.0,70.0
2024-08-13 02:30:00,0,985.7,81.4,0.0,25.9,2.0,0.0,0.0,70.0
2024-08-13 02:45:00,0,985.7,81.6,0.0,25.8,2.0,0.0,0.0,70.0
2024-08-13 03:00:00,0,985.7,81.8,0.0,25.8,2.0,0.0,0.0,70.0
2024-08-13 03:15:00,0,985.7,81.9,0.0,25.7,2.0,0.0,0.0,70.0
2024-08-13 03:30:00,0,985.7,82.0,0.0,25.7,2.0,0.0,0.0,70.0
2024-08-13 03:45:00,0,985.7,82.0,0.0,25.6,2.0,0.0,0.0,70.0
2024-08-13 04:00:00,0,985.7,82.0,0.0,25.6,2.0,0.0,0.0,70.0
2024-08-13 04:15:00,0,985.7,82.1,0.0,25.6,2.0,0.0,0.0,70.0
2024-08-13 04:30:00,0,985.7,82.2,0.0,25.5,2.0,0.0,0.0,70.0
2024-08-13 04:45:00,0,985.7,82.5,0.0,25.4,2.0,0.0,0.0,70.0
2024-08-13 05:00:00,0,985.7,82.8,0.0,25.4,2.1,0.0,0.0,70.0
2024-08-13 05:15:00,0,985.7,83.2,0.0,25.3,2.1,0.0,0.0,70.0
2024-08-13 05:30:00,0,985.7,83.5,0.0,25.2,2.1,0.0,0.0,70.0
2024-08-13 05:45:00,18,985.8,83.7,0.0,25.2,2.1,21.007,1.075,70.0
2024-08-13 06:00:00,46,985.8,83.8,0.0,25.2,2.0,52.008,2.105,70.0
2024-08-13 06:15:00,75,985.8,83.7,0.0,25.5,2.0,91.004,3.272,70.0
2024-08-13 06:30:00,105,985.8,83.7,0.0,25.8,1.9,132.008,5.182,70.0
2024-08-13 06:45:00,137,985.8,83.7,0.0,26.2,1.8,174.004,6.98,70.0
2024-08-13 07:00:00,171,985.8,83.8,0.0,26.6,1.8,220.007,9.773,70.0
2024-08-13 07:15:00,209,985.8,83.5,0.0,27.0,1.8,273.001,13.285,70.0
2024-08-13 07:30:00,249,985.8,82.3,0.0,27.6,1.7,248.006,20.085,70.0
2024-08-13 07:45:00,293,985.8,80.3,0.0,28.1,1.7,433.003,21.798,70.0
2024-08-13 08:00:00,339,985.8,78.0,0.0,28.6,1.6,428.005,23.088,70.0
2024-08-13 08:15:00,388,985.8,76.4,0.0,29.0,1.7,307.005,20.41,70.0
2024-08-13 08:30:00,437,985.8,75.2,0.0,29.4,1.7,534.003,29.791,70.0
2024-08-13 08:45:00,487,985.8,74.5,0.0,29.8,1.7,557.01,35.265,70.0
2024-08-13 09:00:00,536,985.8,73.1,0.0,30.2,1.7,318.009,25.531,70.0
2024-08-13 09:15:00,583,985.8,72.0,0.0,30.5,1.7,249.009,21.619,70.0
2024-08-13 09:30:00,626,985.8,71.7,0.0,30.8,1.7,328.001,34.422,70.0
2024-08-13 09:45:00,663,985.8,70.9,0.0,31.1,1.6,321.007,18.286,70.0
2024-08-13 10:00:00,697,985.8,69.2,0.0,31.3,1.6,566.001,45.395,70.0
2024-08-13 10:15:00,726,985.8,68.4,0.0,31.6,1.5,611.004,45.131,70.0
2024-08-13 10:30:00,750,985.8,66.9,0.0,31.8,1.4,413.004,25.604,70.0
2024-08-13 10:45:00,770,985.8,64.8,0.0,32.1,1.4,340.005,20.213,70.0
2024-08-13 11:00:00,785,985.8,63.2,0.0,32.3,1.4,342.001,20.393,70.0
2024-08-13 11:15:00,796,985.8,61.7,0.0,32.4,1.5,333.007,23.008,70.0
2024-08-13 11:30:00,803,985.8,60.6,0.0,32.6,1.5,418.007,31.986,70.0
2024-08-13 11:45:00,806,985.8,60.2,0.0,32.7,1.6,907.003,41.685,70.0
2024-08-13 12:00:00,805,985.8,60.3,0.0,32.7,1.6,716.003,39.551,70.0
2024-08-13 12:15:00,801,985.8,60.1,0.0,32.7,1.6,817.002,39.658,70.0
2024-08-13 12:30:00,794,985.8,59.3,0.0,32.7,1.7,957.0,39.44,70.0
2024-08-13 12:45:00,785,985.8,58.0,0.0,32.9,1.9,950.006,45.898,70.0
2024-08-13 13:00:00,772,985.8,57.5,0.0,32.9,1.9,880.007,48.156,70.0
2024-08-13 13:15:00,757,985.8,58.1,0.0,32.8,1.8,880.005,50.203,70.0
2024-08-13 13:30:00,738,985.8,58.5,0.1,32.7,1.8,889.004,49.017,70.0
2024-08-13 13:45:00,717,985.8,58.3,0.0,32.7,1.8,827.002,47.963,70.0
2024-08-13 14:00:00,692,985.8,57.0,0.0,33.0,1.9,807.006,46.76,70.0
2024-08-13 14:15:00,664,985.8,56.8,0.0,33.1,2.0,773.006,42.432,70.0
2024-08-13 14:30:00,633,985.8,57.9,0.0,33.0,2.2,758.003,41.232,70.0
2024-08-13 14:45:00,600,985.8,58.8,0.0,32.9,2.3,705.004,40.218,70.0
2024-08-13 15:00:00,564,985.8,60.8,0.0,32.6,2.4,624.001,38.184,70.0
2024-08-13 15:15:00,526,985.8,61.6,0.0,32.5,2.5,516.007,30.473,70.0
2024-08-13 15:30:00,486,985.8,63.2,0.0,32.3,2.5,502.008,23.461,70.0
2024-08-13 15:45:00,444,985.8,65.3,0.0,31.8,2.6,398.008,31.628,70.0
2024-08-13 16:00:00,399,985.8,66.7,0.0,31.6,2.6,256.006,11.028,70.0
2024-08-13 16:15:00,353,985.8,68.0,0.1,31.3,2.6,200.003,11.987,70.0
2024-08-13 16:30:00,308,985.8,69.9,0.1,30.9,2.5,118.001,7.76,70.0
2024-08-13 16:45:00,263,985.8,69.6,0.0,30.9,2.4,77.005,4.042,70.0
2024-08-13 17:00:00,220,985.8,68.9,0.0,30.9,2.4,67.002,2.723,70.0
2024-08-13 17:15:00,181,985.8,69.8,0.0,30.8,2.4,49.004,1.465,70.0
2024-08-13 17:30:00,144,985.8,71.7,0.0,30.7,2.3,34.005,1.126,70.0
2024-08-13 17:45:00,112,985.8,75.9,0.0,30.1,2.3,24.007,0.942,70.0
2024-08-13 18:00:00,84,985.8,78.7,0.0,29.4,2.3,15.009,0.741,70.0
2024-08-13 18:15:00,59,985.8,80.1,0.1,29.1,2.3,11.006,0.497,70.0
2024-08-13 18:30:00,37,985.8,81.2,0.1,28.8,2.3,0.0,0.131,70.0
2024-08-13 18:45:00,18,985.8,81.4,0.1,28.6,2.3,0.0,0.08,70.0
2024-08-13 19:00:00,2,985.8,82.2,0.1,28.4,2.2,0.0,0.0,70.0
2024-08-13 19:15:00,0,985.8,84.2,0.1,28.1,2.0,0.0,0.0,70.0
2024-08-13 19:30:00,0,985.8,86.3,0.1,27.9,1.9,0.0,0.0,70.0
2024-08-13 19:45:00,0,985.8,87.4,0.0,27.7,1.8,0.0,0.0,70.0
2024-08-13 20:00:00,0,985.8,87.8,0.1,27.6,1.8,0.0,0.0,70.0
2024-08-13 20:15:00,0,985.8,87.7,0.1,27.5,1.7,0.0,0.0,70.0
2024-08-13 20:30:00,0,985.8,88.2,0.1,27.4,1.6,0.0,0.0,70.0
2024-08-13 20:45:00,0,985.8,88.9,0.0,27.3,1.5,0.0,0.0,70.0
2024-08-13 21:00:00,0,985.8,89.1,0.0,27.2,1.5,0.0,0.0,70.0
2024-08-13 21:15:00,0,985.8,89.0,0.0,27.2,1.5,0.0,0.0,70.0
2024-08-13 21:30:00,0,985.8,89.4,0.0,27.1,1.5,0.0,0.0,70.0
2024-08-13 21:45:00,0,985.8,90.2,0.0,26.9,1.6,0.0,0.0,70.0
2024-08-13 22:00:00,0,985.8,91.0,0.0,26.8,1.6,0.0,0.0,70.0
2024-08-13 22:15:00,0,985.8,91.3,0.0,26.7,1.7,0.0,0.0,70.0
2024-08-13 22:30:00,0,985.8,91.0,0.0,26.7,1.7,0.0,0.0,70.0
2024-08-13 22:45:00,0,985.8,91.3,0.0,26.6,1.8,0.0,0.0,70.0
2024-08-13 23:00:00,0,985.8,92.5,0.0,26.4,1.8,0.0,0.0,70.0
2024-08-13 23:15:00,0,985.8,93.7,0.0,26.2,1.8,0.0,0.0,70.0
2024-08-13 23:30:00,0,985.8,94.4,0.0,26.1,1.7,0.0,0.0,70.0
2024-08-13 23:45:00,0,985.8,94.9,0.0,26.0,1.7,0.0,0.0,70.0
2024-08-14 00:00:00,0,985.8,88.0,0.0,25.9,1.8,0.0,0.0,70.0
2024-08-14 00:15:00,0,985.8,73.7,0.0,-23.7,1.7,0.0,0.0,70.0
2024-08-14 00:30:00,0,985.8,88.5,0.0,25.7,1.7,0.0,0.0,70.0
2024-08-14 00:45:00,0,985.8,88.9,0.0,25.6,1.6,0.0,0.0,70.0
2024-08-14 01:00:00,0,985.8,89.4,0.0,25.5,1.6,0.0,0.0,70.0
2024-08-14 01:15:00,0,985.8,89.9,0.0,25.5,1.6,0.0,0.0,70.0
2024-08-14 01:30:00,0,985.8,90.3,0.0,25.4,1.7,0.0,0.0,70.0
2024-08-14 01:45:00,0,985.8,90.5,0.0,25.4,1.7,0.0,0.0,70.0
2024-08-14 02:00:00,0,985.8,90.8,0.0,25.4,1.7,0.0,0.0,70.0
2024-08-14 02:15:00,0,985.8,91.3,0.0,25.3,1.7,0.0,0.0,70.0
2024-08-14 02:30:00,0,985.8,92.1,0.0,25.2,1.7,0.0,0.0,70.0
2024-08-14 02:45:00,0,985.8,92.9,0.0,25.2,1.7,0.0,0.0,70.0
2024-08-14 03:00:00,0,985.8,93.4,0.0,25.1,1.7,0.0,0.0,70.0
2024-08-14 03:15:00,0,985.8,93.8,0.0,25.0,1.7,0.0,0.0,70.0
2024-08-14 03:30:00,0,985.8,94.2,0.0,24.9,1.7,0.0,0.0,70.0
2024-08-14 03:45:00,0,985.8,94.5,0.0,24.9,1.7,0.0,0.0,70.0
2024-08-14 04:00:00,0,985.8,94.7,0.0,24.8,1.7,0.0,0.0,70.0
2024-08-14 04:15:00,0,985.8,94.8,0.0,24.8,1.7,0.0,0.0,70.0
2024-08-14 04:30:00,0,985.8,94.9,0.0,24.7,1.7,0.0,0.0,70.0
2024-08-14 04:45:00,0,985.8,95.1,0.0,24.7,1.7,0.0,0.0,70.0
2024-08-14 05:00:00,0,985.8,95.3,0.0,24.7,1.7,0.0,0.0,70.0
2024-08-14 05:15:00,0,985.8,95.5,0.0,24.6,1.7,0.0,0.0,70.0
2024-08-14 05:30:00,0,985.8,95.6,0.0,24.6,1.6,0.0,0.0,70.0
2024-08-14 05:45:00,15,985.8,95.8,0.0,24.6,1.6,0.0,0.0,70.0
2024-08-14 06:00:00,41,985.8,96.1,0.0,24.7,1.6,13.006,0.787,70.0
2024-08-14 06:15:00,68,985.8,96.3,0.0,24.8,1.5,36.006,2.0,70.0
2024-08-14 06:30:00,95,985.8,96.3,0.0,25.0,1.5,40.002,1.999,70.0
2024-08-14 06:45:00,123,985.8,96.1,0.0,25.2,1.5,48.002,3.068,70.0
2024-08-14 07:00:00,153,985.8,95.7,0.0,25.4,1.5,62.007,4.003,70.0
2024-08-14 07:15:00,185,985.8,94.9,0.0,25.7,1.5,64.006,4.163,70.0
2024-08-14 07:30:00,220,985.8,94.3,0.0,25.9,1.5,85.01,5.995,70.0
2024-08-14 07:45:00,256,985.8,93.5,0.0,26.2,1.6,108.008,6.514,70.0
2024-08-14 08:00:00,294,985.8,92.9,0.0,26.5,1.6,195.005,10.188,70.0
2024-08-14 08:15:00,333,985.8,91.9,0.0,26.8,1.7,123.006,6.472,70.0
2024-08-14 08:30:00,373,985.8,89.8,0.0,27.2,1.7,111.003,7.075,70.0
2024-08-14 08:45:00,413,985.8,88.4,0.0,27.6,1.8,103.007,7.918,70.0
2024-08-14 09:00:00,452,985.8,86.8,0.0,28.1,1.8,123.001,9.495,70.0
2024-08-14 09:15:00,490,985.8,85.4,0.0,28.5,1.9,146.001,13.144,70.0
2024-08-14 09:30:00,525,985.8,83.9,0.0,28.9,1.9,204.008,13.253,70.0
2024-08-14 09:45:00,557,985.8,82.4,0.0,29.2,1.9,176.005,11.084,70.0
2024-08-14 10:00:00,585,985.8,81.4,0.0,29.4,2.0,144.003,8.372,70.0
2024-08-14 10:15:00,612,985.8,80.3,0.0,29.6,2.0,160.008,8.333,70.0
2024-08-14 10:30:00,635,985.8,79.5,0.0,29.8,2.0,181.0,10.115,70.0
2024-08-14 10:45:00,655,985.8,78.6,0.0,30.0,2.0,231.0,12.971,70.0
2024-08-14 11:00:00,671,985.8,76.9,0.0,30.2,2.1,253.007,14.17,70.0
2024-08-14 11:15:00,685,985.8,75.7,0.0,30.5,2.1,277.001,13.195,70.0
2024-08-14 11:30:00,695,985.8,74.9,0.0,30.7,2.1,239.008,11.082,70.0
2024-08-14 11:45:00,701,985.8,74.1,0.0,30.8,2.2,181.001,9.102,70.0
2024-08-14 12:00:00,705,985.8,73.6,0.0,30.9,2.2,189.008,10.477,70.0
2024-08-14 12:15:00,705,985.8,74.9,0.1,30.6,2.2,219.003,10.831,70.0
2024-08-14 12:30:00,703,985.8,74.2,0.0,30.6,2.2,216.004,9.706,70.0
2024-08-14 12:45:00,697,985.8,74.1,0.1,30.6,2.2,286.008,14.737,70.0
2024-08-14 13:00:00,688,985.8,74.5,0.0,30.5,2.2,293.003,15.271,70.0
2024-08-14 13:15:00,677,985.8,73.9,0.0,30.6,2.3,279.01,15.023,70.0
2024-08-14 13:30:00,663,985.8,74.0,0.0,30.7,2.3,287.01,14.821,70.0
2024-08-14 13:45:00,645,985.8,74.6,0.1,30.6,2.3,321.009,19.52,70.0
2024-08-14 14:00:00,625,985.8,73.6,0.0,30.7,2.2,320.004,21.725,70.0
2024-08-14 14:15:00,602,985.8,72.5,0.0,30.9,2.2,464.008,26.602,70.0
2024-08-14 14:30:00,577,985.8,72.6,0.0,31.0,2.3,502.005,31.676,70.0
2024-08-14 14:45:00,548,985.8,72.3,0.0,31.0,2.4,481.009,27.717,70.0
2024-08-14 15:00:00,518,985.8,71.6,0.0,31.1,2.4,470.004,28.93,70.0
2024-08-14 15:15:00,485,985.8,71.8,0.0,30.9,2.4,400.008,21.114,70.0
2024-08-14 15:30:00,450,985.8,73.2,0.1,30.6,2.4,342.002,21.851,70.0
2024-08-14 15:45:00,413,985.8,74.3,0.1,30.4,2.3,415.004,13.879,70.0
2024-08-14 16:00:00,374,985.8,73.8,0.1,30.3,2.3,225.008,12.229,70.0
2024-08-14 16:15:00,333,985.8,72.7,0.1,30.4,2.4,161.008,11.477,70.0
2024-08-14 16:30:00,292,985.8,72.0,0.0,30.5,2.4,114.001,6.212,70.0
2024-08-14 16:45:00,252,985.8,72.1,0.0,30.5,2.3,110.003,5.897,70.0
2024-08-14 17:00:00,213,985.8,72.6,0.0,30.4,2.2,131.009,5.662,70.0
2024-08-14 17:15:00,177,985.8,74.3,0.0,30.2,2.1,68.003,4.414,70.0
2024-08-14 17:30:00,143,985.8,75.1,0.0,30.1,2.0,61.008,7.854,70.0
2024-08-14 17:45:00,113,985.8,75.7,0.0,29.9,1.9,73.006,4.868,70.0
2024-08-14 18:00:00,85,985.8,76.8,0.0,29.7,1.8,62.01,2.914,70.0
2024-08-14 18:15:00,60,985.8,78.2,0.0,29.4,1.7,9.006,1.279,70.0
2024-08-14 18:30:00,38,985.8,79.6,0.0,29.0,1.6,0.0,0.234,70.0
2024-08-14 18:45:00,18,985.8,80.9,0.0,28.7,1.5,0.0,0.162,70.0
2024-08-14 19:00:00,2,985.8,81.9,0.0,28.5,1.4,0.0,0.0,70.0
2024-08-14 19:15:00,0,985.8,82.4,0.0,28.3,1.4,0.0,0.0,70.0
2024-08-14 19:30:00,0,985.8,83.2,0.0,28.1,1.4,0.0,0.0,70.0
2024-08-14 19:45:00,0,985.8,84.4,0.0,28.0,1.4,0.0,0.0,70.0
2024-08-14 20:00:00,0,985.8,85.7,0.0,27.9,1.4,0.0,0.0,70.0
2024-08-14 20:15:00,0,985.8,87.0,0.0,27.6,1.4,0.0,0.0,70.0
2024-08-14 20:30:00,0,985.8,88.3,0.0,27.4,1.4,0.0,0.0,70.0
2024-08-14 20:45:00,0,985.8,89.5,0.0,27.3,1.4,0.0,0.0,70.0
2024-08-14 21:00:00,0,985.8,90.5,0.0,27.1,1.4,0.0,0.0,70.0
2024-08-14 21:15:00,0,985.8,91.2,0.0,26.9,1.4,0.0,0.0,70.0
2024-08-14 21:30:00,0,985.8,91.7,0.0,26.8,1.4,0.0,0.0,70.0
2024-08-14 21:45:00,0,985.8,91.9,0.0,26.7,1.3,0.0,0.0,70.0
2024-08-14 22:00:00,0,985.8,92.0,0.0,26.6,1.3,0.0,0.0,70.0
2024-08-14 22:15:00,0,985.8,92.5,0.0,26.5,1.3,0.0,0.0,70.0
2024-08-14 22:30:00,0,985.8,93.0,0.0,26.4,1.2,0.0,0.0,70.0
2024-08-14 22:45:00,0,985.8,93.4,0.0,26.3,1.2,0.0,0.0,70.0
2024-08-14 23:00:00,0,985.8,93.8,0.0,26.2,1.2,0.0,0.0,70.0
2024-08-14 23:15:00,0,985.8,94.0,0.0,26.1,1.2,0.0,0.0,70.0
2024-08-14 23:30:00,0,985.8,94.0,0.0,26.1,1.2,0.0,0.0,70.0
2024-08-14 23:45:00,0,985.8,94.0,0.0,26.1,1.2,0.0,0.0,70.0
2024-08-15 00:00:00,0,985.8,93.8,0.0,25.9,1.6,0.0,0.0,70.0
2024-08-15 00:15:00,0,985.8,94.3,0.0,25.9,1.5,0.0,0.0,70.0
2024-08-15 00:30:00,0,985.8,94.7,0.0,25.8,1.5,0.0,0.0,70.0
2024-08-15 00:45:00,0,985.8,95.0,0.0,25.8,1.5,0.0,0.0,70.0
2024-08-15 01:00:00,0,985.8,95.3,0.0,25.7,1.4,0.0,0.0,70.0
2024-08-15 01:15:00,0,985.8,95.7,0.0,25.7,1.4,0.0,0.0,70.0
2024-08-15 01:30:00,0,985.8,96.0,0.0,25.6,1.4,0.0,0.0,70.0
2024-08-15 01:45:00,0,985.8,96.3,0.0,25.5,1.4,0.0,0.0,70.0
2024-08-15 02:00:00,0,985.8,96.5,0.0,25.4,1.4,0.0,0.0,70.0
2024-08-15 02:15:00,0,985.8,96.7,0.0,25.4,1.4,0.0,0.0,70.0
2024-08-15 02:30:00,0,985.8,96.8,0.0,25.3,1.4,0.0,0.0,70.0
2024-08-15 02:45:00,0,985.8,96.8,0.0,25.3,1.4,0.0,0.0,70.0
2024-08-15 03:00:00,0,985.8,96.8,0.0,25.3,1.4,0.0,0.0,70.0
2024-08-15 03:15:00,0,985.8,96.8,0.0,25.3,1.4,0.0,0.0,70.0
2024-08-15 03:30:00,0,985.8,96.8,0.0,25.3,1.4,0.0,0.0,70.0
2024-08-15 03:45:00,0,985.8,96.9,0.0,25.3,1.4,0.0,0.0,70.0
2024-08-15 04:00:00,0,985.8,97.0,0.0,25.2,1.4,0.0,0.0,70.0
2024-08-15 04:15:00,0,985.8,97.2,0.0,25.2,1.4,0.0,0.0,70.0
2024-08-15 04:30:00,0,985.8,97.2,0.0,25.2,1.3,0.0,0.0,70.0
2024-08-15 04:45:00,0,985.8,97.3,0.0,25.2,1.3,0.0,0.0,70.0
2024-08-15 05:00:00,0,985.8,97.5,0.0,25.2,1.3,0.0,0.0,70.0
2024-08-15 05:15:00,0,985.8,97.7,0.0,25.2,1.3,0.0,0.0,70.0
2024-08-15 05:30:00,0,985.8,98.0,0.0,25.1,1.3,0.0,0.0,70.0
2024-08-15 05:45:00,13,985.8,98.1,0.0,25.1,1.3,13.005,0.664,70.0
2024-08-15 06:00:00,38,985.8,98.1,0.0,25.1,1.3,28.005,1.815,70.0
2024-08-15 06:15:00,63,985.8,98.1,0.0,25.2,1.2,72.001,3.394,70.0
2024-08-15 06:30:00,89,985.8,98.1,0.0,25.3,1.2,107.008,4.885,70.0
2024-08-15 06:45:00,116,985.8,98.0,0.0,25.4,1.1,149.006,7.065,70.0
2024-08-15 07:00:00,146,985.8,97.7,0.0,25.5,1.1,196.006,9.241,70.0
2024-08-15 07:15:00,178,985.8,97.4,0.0,25.7,1.1,235.005,11.901,70.0
2024-08-15 07:30:00,212,985.8,96.7,0.0,25.9,1.2,289.005,15.037,70.0
2024-08-15 07:45:00,249,985.8,95.8,0.0,26.2,1.2,334.008,18.196,70.0
2024-08-15 08:00:00,289,985.8,94.6,0.0,26.5,1.2,387.008,21.169,70.0
2024-08-15 08:15:00,330,985.8,93.6,0.0,26.8,1.2,468.002,24.046,70.0
2024-08-15 08:30:00,372,985.8,92.2,0.0,27.1,1.3,528.009,26.082,70.0
2024-08-15 08:45:00,415,985.8,90.7,0.0,27.4,1.3,402.007,29.816,70.0
2024-08-15 09:00:00,457,985.8,89.1,0.0,27.8,1.4,536.003,27.345,70.0
2024-08-15 09:15:00,497,985.8,87.7,0.0,28.1,1.5,694.006,30.371,70.0
2024-08-15 09:30:00,535,985.8,86.8,0.0,28.3,1.5,762.002,30.559,70.0
2024-08-15 09:45:00,569,985.8,86.0,0.0,28.4,1.5,753.002,29.817,70.0
2024-08-15 10:00:00,600,985.8,85.2,0.0,28.6,1.6,749.009,33.503,70.0
2024-08-15 10:15:00,629,985.8,84.1,0.1,28.8,1.6,875.01,38.047,70.0
2024-08-15 10:30:00,655,985.8,83.0,0.1,29.1,1.7,816.01,37.59,70.0
2024-08-15 10:45:00,677,985.8,81.4,0.1,29.4,1.8,791.01,34.631,70.0
2024-08-15 11:00:00,696,985.8,79.5,0.1,29.8,1.8,935.002,45.405,70.0
2024-08-15 11:15:00,711,985.8,78.1,0.0,30.0,1.9,867.01,37.24,70.0
2024-08-15 11:30:00,723,985.8,77.3,0.0,30.2,2.0,960.006,41.458,70.0
2024-08-15 11:45:00,731,985.8,76.3,0.0,30.2,2.0,887.001,41.326,70.0
2024-08-15 12:00:00,736,985.8,74.8,0.0,30.4,2.1,940.002,49.416,70.0
2024-08-15 12:15:00,737,985.8,73.3,0.0,30.6,2.1,964.002,42.802,70.0
2024-08-15 12:30:00,734,985.8,72.2,0.0,30.7,2.2,981.008,48.458,70.0
2024-08-15 12:45:00,729,985.8,72.2,0.0,30.8,2.1,402.006,40.591,70.0
2024-08-15 13:00:00,720,985.8,71.4,0.1,30.9,2.1,902.007,46.952,70.0
2024-08-15 13:15:00,710,985.8,70.4,0.1,31.0,2.0,874.005,44.665,70.0
2024-08-15 13:30:00,696,985.8,69.0,0.0,31.3,2.0,929.001,46.28,70.0
2024-08-15 13:45:00,679,985.8,67.3,0.0,31.5,2.0,256.001,40.364,70.0
2024-08-15 14:00:00,658,985.8,66.6,0.0,31.6,2.0,820.01,45.85,70.0
2024-08-15 14:15:00,635,985.8,66.2,0.1,31.6,2.0,768.008,41.228,70.0
2024-08-15 14:30:00,607,985.8,66.8,0.1,31.6,2.1,241.008,34.027,70.0
2024-08-15 14:45:00,576,985.8,68.9,0.1,31.4,2.1,757.001,35.533,70.0
2024-08-15 15:00:00,542,985.8,69.2,0.1,31.3,2.2,661.007,39.246,70.0
2024-08-15 15:15:00,504,985.8,68.6,0.1,31.4,2.3,630.009,36.144,70.0
2024-08-15 15:30:00,464,985.8,68.3,0.0,31.4,2.4,591.007,27.646,70.0
2024-08-15 15:45:00,421,985.8,67.7,0.0,31.4,2.4,565.007,30.105,70.0
2024-08-15 16:00:00,374,985.8,67.8,0.0,31.4,2.5,511.0,27.297,70.0
2024-08-15 16:15:00,325,985.8,68.9,0.0,31.2,2.5,465.009,23.42,70.0
2024-08-15 16:30:00,277,985.8,69.9,0.0,31.0,2.6,439.0,20.913,70.0
2024-08-15 16:45:00,230,985.8,71.0,0.0,30.9,2.6,378.002,16.693,70.0
2024-08-15 17:00:00,186,985.8,73.9,0.0,30.4,2.7,275.008,13.402,70.0
2024-08-15 17:15:00,146,985.8,76.1,0.0,29.9,2.7,226.001,9.865,70.0
2024-08-15 17:30:00,110,985.8,77.9,0.0,29.6,2.6,197.007,7.186,70.0
2024-08-15 17:45:00,81,985.8,79.8,0.1,29.1,2.6,138.005,4.931,70.0
2024-08-15 18:00:00,56,985.8,82.5,0.2,28.6,2.6,68.001,3.07,70.0
2024-08-15 18:15:00,36,985.8,84.2,0.2,28.2,2.5,13.005,0.524,70.0
2024-08-15 18:30:00,21,985.8,85.4,0.2,27.9,2.4,7.002,0.248,70.0
2024-08-15 18:45:00,9,985.8,87.2,0.1,27.6,2.3,0.0,0.0,70.0
2024-08-15 19:00:00,1,985.8,88.1,0.0,27.4,2.1,0.0,0.0,70.0
2024-08-15 19:15:00,0,985.8,88.4,0.0,27.2,2.0,0.0,0.0,70.0
2024-08-15 19:30:00,0,985.8,88.9,0.0,27.2,1.8,0.0,0.0,70.0
2024-08-15 19:45:00,0,985.8,89.6,0.0,27.1,1.7,0.0,0.0,70.0
2024-08-15 20:00:00,0,985.8,90.0,0.0,27.0,1.6,0.0,0.0,70.0
2024-08-15 20:15:00,0,985.8,90.5,0.0,26.9,1.5,0.0,0.0,70.0
2024-08-15 20:30:00,0,985.8,91.0,0.0,26.8,1.4,0.0,0.0,70.0
2024-08-15 20:45:00,0,985.8,91.6,0.0,26.8,1.4,0.0,0.0,70.0
2024-08-15 21:00:00,0,985.8,92.1,0.0,26.7,1.3,0.0,0.0,70.0
2024-08-15 21:15:00,0,985.8,92.3,0.0,26.6,1.3,0.0,0.0,70.0
2024-08-15 21:30:00,0,985.8,92.6,0.0,26.6,1.3,0.0,0.0,70.0
2024-08-15 21:45:00,0,985.8,92.8,0.0,26.5,1.3,0.0,0.0,70.0
2024-08-15 22:00:00,0,985.8,93.1,0.0,26.5,1.4,0.0,0.0,70.0
2024-08-15 22:15:00,0,985.8,93.6,0.0,26.5,1.3,0.0,0.0,70.0
2024-08-15 22:30:00,0,985.8,94.3,0.0,26.5,1.3,0.0,0.0,70.0
2024-08-15 22:45:00,0,985.8,94.8,0.0,26.4,1.3,0.0,0.0,70.0
2024-08-15 23:00:00,0,985.8,95.3,0.0,26.3,1.3,0.0,0.0,70.0
2024-08-15 23:15:00,0,985.8,95.8,0.0,26.3,1.3,0.0,0.0,70.0
2024-08-15 23:30:00,0,985.8,96.1,0.0,26.2,1.3,0.0,0.0,70.0
2024-08-15 23:45:00,0,985.8,96.3,0.0,26.1,1.3,0.0,0.0,70.0
2024-08-16 00:00:00,0,985.8,95.2,0.0,25.6,1.6,0.0,0.0,70.0
2024-08-16 00:15:00,0,985.8,95.3,0.0,25.5,1.6,0.0,0.0,70.0
2024-08-16 00:30:00,0,985.8,95.4,0.0,25.4,1.6,0.0,0.0,70.0
2024-08-16 00:45:00,0,985.8,95.5,0.0,25.3,1.7,0.0,0.0,70.0
2024-08-16 01:00:00,0,985.8,95.5,0.0,25.2,1.7,0.0,0.0,70.0
2024-08-16 01:15:00,0,985.8,95.3,0.0,25.1,1.7,0.0,0.0,70.0
2024-08-16 01:30:00,0,985.8,94.9,0.0,25.0,1.7,0.0,0.0,70.0
2024-08-16 01:45:00,0,985.8,94.3,0.0,25.0,1.8,0.0,0.0,70.0
2024-08-16 02:00:00,0,985.8,93.6,0.0,24.9,1.8,0.0,0.0,70.0
2024-08-16 02:15:00,0,985.8,93.1,0.0,24.9,1.9,0.0,0.0,70.0
2024-08-16 02:30:00,0,985.8,92.8,0.0,24.8,1.9,0.0,0.0,70.0
2024-08-16 02:45:00,0,985.8,92.5,0.0,24.7,1.9,0.0,0.0,70.0
2024-08-16 03:00:00,0,985.8,92.3,0.0,24.7,1.9,0.0,0.0,70.0
2024-08-16 03:15:00,0,985.8,92.1,0.0,24.6,1.9,0.0,0.0,70.0
2024-08-16 03:30:00,0,985.8,92.0,0.0,24.6,1.9,0.0,0.0,70.0
2024-08-16 03:45:00,0,985.8,91.9,0.0,24.5,1.9,0.0,0.0,70.0
2024-08-16 04:00:00,0,985.8,91.9,0.0,24.4,1.9,0.0,0.0,70.0
2024-08-16 04:15:00,0,985.8,91.9,0.0,24.4,1.9,0.0,0.0,70.0
2024-08-16 04:30:00,0,985.8,92.0,0.0,24.3,1.9,0.0,0.0,70.0
2024-08-16 04:45:00,0,985.8,92.0,0.0,24.2,1.9,0.0,0.0,70.0
2024-08-16 05:00:00,0,985.8,92.1,0.0,24.2,1.9,0.0,0.0,70.0
2024-08-16 05:15:00,0,985.8,92.1,0.0,24.1,1.9,0.0,0.0,70.0
2024-08-16 05:30:00,0,985.8,92.1,0.0,24.1,1.9,0.0,0.0,70.0
2024-08-16 05:45:00,13,985.8,92.0,0.0,24.1,1.9,13.008,0.686,70.0
2024-08-16 06:00:00,40,985.8,91.9,0.0,24.2,1.8,35.002,1.685,70.0
2024-08-16 06:15:00,67,985.8,91.8,0.0,24.4,1.8,64.002,3.041,70.0
2024-08-16 06:30:00,96,985.8,91.5,0.0,24.7,1.7,100.007,4.674,70.0
2024-08-16 06:45:00,126,985.8,91.2,0.0,25.0,1.6,139.006,6.479,70.0
2024-08-16 07:00:00,158,985.8,90.6,0.0,25.3,1.6,186.007,8.655,70.0
2024-08-16 07:15:00,193,985.8,89.5,0.0,25.8,1.5,226.003,11.712,70.0
2024-08-16 07:30:00,231,985.8,87.7,0.0,26.2,1.5,279.007,14.337,70.0
2024-08-16 07:45:00,272,985.8,85.1,0.0,26.7,1.4,329.008,17.979,70.0
2024-08-16 08:00:00,315,985.8,83.4,0.0,27.1,1.4,388.006,21.485,70.0
2024-08-16 08:15:00,361,985.8,82.3,0.0,27.4,1.4,437.002,25.072,70.0
2024-08-16 08:30:00,407,985.8,81.3,0.0,27.7,1.4,487.003,28.152,70.0
2024-08-16 08:45:00,454,985.8,80.5,0.0,28.0,1.4,536.0,31.681,70.0
2024-08-16 09:00:00,499,985.8,79.7,0.0,28.3,1.4,574.008,34.377,70.0
2024-08-16 09:15:00,543,985.8,78.8,0.0,28.7,1.4,626.003,37.491,70.0
2024-08-16 09:30:00,584,985.8,78.0,0.0,29.0,1.5,657.01,39.563,70.0
2024-08-16 09:45:00,620,985.8,76.8,0.0,29.3,1.5,687.009,41.856,70.0
2024-08-16 10:00:00,653,985.8,75.4,0.0,29.6,1.5,727.001,44.401,70.0
2024-08-16 10:15:00,682,985.8,74.3,0.0,29.9,1.6,773.005,46.156,70.0
2024-08-16 10:30:00,708,985.8,73.5,0.0,30.1,1.6,795.01,48.026,70.0
2024-08-16 10:45:00,730,985.8,72.3,0.1,30.3,1.7,811.006,49.229,70.0
2024-08-16 11:00:00,747,985.8,72.7,0.1,30.2,1.8,851.007,49.474,70.0
2024-08-16 11:15:00,761,985.8,73.4,0.2,30.0,1.9,898.003,44.826,70.0
2024-08-16 11:30:00,771,985.8,74.0,0.3,30.0,1.9,875.004,52.261,70.0
2024-08-16 11:45:00,776,985.8,74.2,0.3,29.9,2.0,891.001,47.979,70.0
2024-08-16 12:00:00,778,985.8,73.8,0.2,30.0,2.1,913.009,52.093,70.0
2024-08-16 12:15:00,775,985.8,73.6,0.2,30.1,2.1,911.006,51.979,70.0
2024-08-16 12:30:00,769,985.8,71.0,0.0,30.5,2.2,902.007,48.163,70.0
2024-08-16 12:45:00,759,985.8,67.8,0.0,31.1,2.2,381.01,46.166,70.0
2024-08-16 13:00:00,745,985.8,66.1,0.1,31.3,2.2,915.003,52.997,70.0
2024-08-16 13:15:00,728,985.8,65.4,0.1,31.5,2.2,379.004,49.46,70.0
2024-08-16 13:30:00,706,985.8,65.0,0.0,31.6,2.2,912.009,45.971,70.0
2024-08-16 13:45:00,682,985.8,64.3,0.0,31.6,2.2,828.001,49.034,70.0
2024-08-16 14:00:00,654,985.8,64.4,0.0,31.5,2.2,347.009,43.572,70.0
2024-08-16 14:15:00,624,985.8,64.0,0.1,31.4,2.2,837.004,40.084,70.0
2024-08-16 14:30:00,591,985.8,62.9,0.1,31.8,2.2,733.006,42.959,70.0
2024-08-16 14:45:00,556,985.8,64.9,0.1,31.6,2.2,331.004,41.122,70.0
2024-08-16 15:00:00,519,985.8,65.1,0.1,31.5,2.2,728.001,30.504,70.0
2024-08-16 15:15:00,481,985.8,64.7,0.0,31.6,2.2,634.008,35.507,70.0
2024-08-16 15:30:00,441,985.8,65.0,0.1,31.5,2.2,578.003,32.228,70.0
2024-08-16 15:45:00,401,985.8,65.6,0.0,31.3,2.2,530.004,28.101,70.0
2024-08-16 16:00:00,359,985.8,65.6,0.0,31.3,2.2,497.007,26.121,70.0
2024-08-16 16:15:00,317,985.8,66.3,0.0,31.3,2.3,485.003,22.75,70.0
2024-08-16 16:30:00,274,985.8,69.2,0.0,30.9,2.3,175.009,21.889,70.0
2024-08-16 16:45:00,234,985.8,70.5,0.1,30.7,2.4,207.003,10.501,70.0
2024-08-16 17:00:00,195,985.8,71.3,0.1,30.4,2.4,128.006,8.685,70.0
2024-08-16 17:15:00,159,985.8,71.9,0.0,30.3,2.3,41.003,3.509,70.0
2024-08-16 17:30:00,126,985.8,74.7,0.1,29.8,2.2,47.002,1.793,70.0
2024-08-16 17:45:00,97,985.8,76.0,0.1,29.4,2.1,27.008,0.909,70.0
2024-08-16 18:00:00,71,985.8,76.4,0.1,29.2,2.0,15.006,0.57,70.0
2024-08-16 18:15:00,49,985.8,78.2,0.2,29.0,1.9,10.002,0.267,70.0
2024-08-16 18:30:00,30,985.8,79.8,0.2,28.7,1.7,0.0,0.116,70.0
2024-08-16 18:45:00,13,985.8,81.3,0.1,28.4,1.6,0.0,0.0,70.0
2024-08-16 19:00:00,0,985.8,82.9,0.1,28.2,1.5,0.0,0.0,70.0
2024-08-16 19:15:00,0,985.8,84.7,0.2,27.9,1.4,0.0,0.0,70.0
2024-08-16 19:30:00,0,985.8,85.3,0.1,27.8,1.4,0.0,0.0,70.0
2024-08-16 19:45:00,0,985.8,85.3,0.1,27.7,1.4,0.0,0.0,70.0
2024-08-16 20:00:00,0,985.8,85.3,0.0,27.6,1.4,0.0,0.0,70.0
2024-08-16 20:15:00,0,985.8,85.5,0.0,27.5,1.4,0.0,0.0,70.0
2024-08-16 20:30:00,0,985.8,85.9,0.0,27.4,1.4,0.0,0.0,70.0
2024-08-16 20:45:00,0,985.8,86.8,0.0,27.2,1.4,0.0,0.0,70.0
2024-08-16 21:00:00,0,985.8,87.8,0.0,27.1,1.4,0.0,0.0,70.0
2024-08-16 21:15:00,0,985.8,88.7,0.0,27.0,1.3,0.0,0.0,70.0
2024-08-16 21:30:00,0,985.8,89.3,0.0,26.9,1.3,0.0,0.0,70.0
2024-08-16 21:45:00,0,985.8,89.9,0.0,26.8,1.3,0.0,0.0,70.0
2024-08-16 22:00:00,0,985.8,90.6,0.0,26.7,1.2,0.0,0.0,70.0
2024-08-16 22:15:00,0,985.8,90.9,0.0,26.6,1.1,0.0,0.0,70.0
2024-08-16 22:30:00,0,985.8,91.3,0.0,26.6,1.1,0.0,0.0,70.0
2024-08-16 22:45:00,0,985.8,91.7,0.0,26.5,1.0,0.0,0.0,70.0
2024-08-16 23:00:00,0,985.8,92.3,0.0,26.4,1.0,0.0,0.0,70.0
2024-08-16 23:15:00,0,985.8,92.9,0.0,26.3,0.9,0.0,0.0,70.0
2024-08-16 23:30:00,0,985.8,93.1,0.0,26.3,0.9,0.0,0.0,70.0
2024-08-16 23:45:00,0,985.8,93.2,0.0,26.2,0.9,0.0,0.0,70.0
2024-08-17 00:00:00,0,985.8,92.9,0.0,26.2,1.1,0.0,0.0,70.0
2024-08-17 00:15:00,0,985.8,93.3,0.0,26.1,1.1,0.0,0.0,70.0
2024-08-17 00:30:00,0,985.8,93.5,0.0,26.0,1.1,0.0,0.0,70.0
2024-08-17 00:45:00,0,985.8,93.7,0.0,25.9,1.1,0.0,0.0,70.0
2024-08-17 01:00:00,0,985.8,93.9,0.0,25.8,1.1,0.0,0.0,70.0
2024-08-17 01:15:00,0,985.8,94.2,0.0,25.8,1.1,0.0,0.0,70.0
2024-08-17 01:30:00,0,985.8,94.4,0.0,25.7,1.2,0.0,0.0,70.0
2024-08-17 01:45:00,0,985.8,94.6,0.0,25.6,1.2,0.0,0.0,70.0
2024-08-17 02:00:00,0,985.8,94.8,0.0,25.5,1.2,0.0,0.0,70.0
2024-08-17 02:15:00,0,985.8,94.9,0.0,25.4,1.2,0.0,0.0,70.0
2024-08-17 02:30:00,0,985.8,95.0,0.0,25.4,1.2,0.0,0.0,70.0
2024-08-17 02:45:00,0,985.8,95.0,0.0,25.3,1.2,0.0,0.0,70.0
2024-08-17 03:00:00,0,985.8,95.1,0.0,25.3,1.3,0.0,0.0,70.0
2024-08-17 03:15:00,0,985.8,95.1,0.0,25.2,1.3,0.0,0.0,70.0
2024-08-17 03:30:00,0,985.8,95.2,0.0,25.1,1.3,0.0,0.0,70.0
2024-08-17 03:45:00,0,985.8,95.2,0.0,25.1,1.3,0.0,0.0,70.0
2024-08-17 04:00:00,0,985.8,95.2,0.0,25.0,1.3,0.0,0.0,70.0
2024-08-17 04:15:00,0,985.8,95.3,0.0,24.9,1.3,0.0,0.0,70.0
2024-08-17 04:30:00,0,985.8,95.3,0.0,24.9,1.4,0.0,0.0,70.0
2024-08-17 04:45:00,0,985.8,95.3,0.0,24.8,1.4,0.0,0.0,70.0
2024-08-17 05:00:00,0,985.8,95.3,0.0,24.8,1.4,0.0,0.0,70.0
2024-08-17 05:15:00,0,985.8,95.3,0.0,24.8,1.4,0.0,0.0,70.0
2024-08-17 05:30:00,0,985.8,95.2,0.0,24.7,1.3,0.0,0.0,70.0
2024-08-17 05:45:00,12,985.8,95.2,0.0,24.7,1.3,0.0,0.0,70.0
2024-08-17 06:00:00,38,985.8,95.2,0.0,24.7,1.3,35.004,1.715,70.0
2024-08-17 06:15:00,65,985.8,95.2,0.0,24.9,1.2,68.009,3.057,70.0
2024-08-17 06:30:00,93,985.8,95.1,0.0,25.1,1.2,107.008,4.543,70.0
2024-08-17 06:45:00,123,985.8,95.0,0.0,25.3,1.2,154.004,6.7,70.0
2024-08-17 07:00:00,155,985.8,94.7,0.0,25.6,1.1,194.007,9.166,70.0
2024-08-17 07:15:00,191,985.8,93.8,0.0,26.0,1.1,244.007,12.503,70.0
2024-08-17 07:30:00,229,985.8,92.4,0.0,26.4,1.0,306.005,16.201,70.0
2024-08-17 07:45:00,269,985.8,90.8,0.0,26.8,1.0,370.006,19.949,70.0
2024-08-17 08:00:00,313,985.8,89.1,0.0,27.1,1.0,425.001,22.808,70.0
2024-08-17 08:15:00,358,985.8,87.7,0.0,27.5,1.0,456.006,26.144,70.0
2024-08-17 08:30:00,405,985.8,85.7,0.0,27.9,1.0,539.01,30.349,70.0
2024-08-17 08:45:00,452,985.8,84.1,0.0,28.3,1.0,585.007,34.121,70.0
2024-08-17 09:00:00,498,985.8,81.5,0.0,28.7,1.0,631.003,37.27,70.0
2024-08-17 09:15:00,543,985.8,79.9,0.0,29.0,0.9,667.004,40.283,70.0
2024-08-17 09:30:00,584,985.8,77.2,0.0,29.3,1.0,682.008,42.286,70.0
2024-08-17 09:45:00,620,985.8,74.8,0.0,29.6,1.0,711.005,44.198,70.0
2024-08-17 10:00:00,653,985.8,73.7,0.0,29.9,1.0,697.009,46.182,70.0
2024-08-17 10:15:00,682,985.8,71.7,0.0,30.2,1.0,778.001,44.13,70.0
2024-08-17 10:30:00,706,985.8,70.0,0.0,30.4,1.0,759.004,45.222,70.0
2024-08-17 10:45:00,727,985.8,68.5,0.0,30.7,1.1,855.002,48.402,70.0
2024-08-17 11:00:00,743,985.8,67.6,0.0,30.9,1.2,849.008,47.765,70.0
2024-08-17 11:15:00,756,985.8,66.8,0.0,31.1,1.2,906.001,51.516,70.0
2024-08-17 11:30:00,765,985.8,65.6,0.0,31.3,1.3,894.006,41.64,70.0
2024-08-17 11:45:00,771,985.8,64.5,0.0,31.5,1.4,892.007,51.54,70.0
2024-08-17 12:00:00,773,985.8,63.9,0.0,31.6,1.4,923.002,51.839,70.0
2024-08-17 12:15:00,773,985.8,63.4,0.0,31.7,1.5,960.004,45.731,70.0
2024-08-17 12:30:00,771,985.8,62.7,0.0,31.8,1.5,912.008,51.837,70.0
2024-08-17 12:45:00,766,985.8,62.4,0.0,32.0,1.6,895.01,52.267,70.0
2024-08-17 13:00:00,760,985.8,61.8,0.0,32.1,1.6,880.009,51.659,70.0
2024-08-17 13:15:00,752,985.8,61.3,0.0,32.1,1.7,884.001,50.527,70.0
2024-08-17 13:30:00,742,985.8,61.1,0.0,32.2,1.7,859.004,49.554,70.0
2024-08-17 13:45:00,729,985.8,60.9,0.0,32.3,1.8,852.002,42.352,70.0
2024-08-17 14:00:00,713,985.8,60.8,0.0,32.3,1.8,825.006,40.536,70.0
2024-08-17 14:15:00,692,985.8,60.7,0.0,32.4,1.9,798.0,38.675,70.0
2024-08-17 14:30:00,668,985.8,60.5,0.0,32.4,2.0,768.004,38.457,70.0
2024-08-17 14:45:00,640,985.8,60.3,0.0,32.4,2.0,728.007,40.369,70.0
2024-08-17 15:00:00,607,985.8,60.4,0.0,32.4,2.0,683.009,33.649,70.0
2024-08-17 15:15:00,571,985.8,60.7,0.0,32.3,2.0,639.005,29.007,70.0
2024-08-17 15:30:00,530,985.8,61.6,0.0,32.2,2.1,691.005,31.255,70.0
2024-08-17 15:45:00,486,985.8,61.1,0.0,32.2,2.1,598.001,28.168,70.0
2024-08-17 16:00:00,437,985.8,61.0,0.0,32.1,2.1,504.003,25.889,70.0
2024-08-17 16:15:00,385,985.8,61.1,0.0,32.0,2.1,464.003,23.465,70.0
2024-08-17 16:30:00,334,985.8,62.2,0.0,31.7,2.1,414.003,20.017,70.0
2024-08-17 16:45:00,283,985.8,64.2,0.1,31.5,2.0,146.005,11.794,70.0
2024-08-17 17:00:00,234,985.8,66.1,0.1,31.2,2.0,152.006,8.65,70.0
2024-08-17 17:15:00,189,985.8,68.0,0.0,31.0,2.0,203.005,8.783,70.0
2024-08-17 17:30:00,149,985.8,69.0,0.1,30.8,2.1,132.008,5.576,70.0
2024-08-17 17:45:00,113,985.8,71.7,0.1,30.4,2.1,104.005,5.012,70.0
2024-08-17 18:00:00,82,985.8,74.1,0.1,30.1,2.1,49.002,2.274,70.0
2024-08-17 18:15:00,55,985.8,76.0,0.0,29.7,2.1,32.001,0.977,70.0
2024-08-17 18:30:00,33,985.8,78.6,0.0,29.1,2.0,0.0,0.231,70.0
2024-08-17 18:45:00,13,985.8,80.3,0.0,28.7,2.0,0.0,0.0,70.0
2024-08-17 19:00:00,0,985.8,80.6,0.1,28.5,2.0,0.0,0.0,70.0
2024-08-17 19:15:00,0,985.8,81.2,0.0,28.3,2.0,0.0,0.0,70.0
2024-08-17 19:30:00,0,985.8,82.2,0.0,28.1,2.0,0.0,0.0,70.0
2024-08-17 19:45:00,0,985.8,82.9,0.0,27.9,1.9,0.0,0.0,70.0
2024-08-17 20:00:00,0,985.8,83.8,0.0,27.8,1.8,0.0,0.0,70.0
2024-08-17 20:15:00,0,985.8,84.5,0.0,27.6,1.7,0.0,0.0,70.0
2024-08-17 20:30:00,0,985.8,85.6,0.0,27.5,1.7,0.0,0.0,70.0
2024-08-17 20:45:00,0,985.8,86.9,0.0,27.3,1.6,0.0,0.0,70.0
2024-08-17 21:00:00,0,985.8,87.9,0.0,27.1,1.6,0.0,0.0,70.0
2024-08-17 21:15:00,0,985.8,88.8,0.0,27.0,1.6,0.0,0.0,70.0
2024-08-17 21:30:00,0,985.8,89.4,0.0,26.8,1.5,0.0,0.0,70.0
2024-08-17 21:45:00,0,985.8,90.0,0.0,26.7,1.5,0.0,0.0,70.0
2024-08-17 22:00:00,0,985.8,90.3,0.0,26.6,1.5,0.0,0.0,70.0
2024-08-17 22:15:00,0,985.8,90.5,0.0,26.4,1.4,0.0,0.0,70.0
2024-08-17 22:30:00,0,985.8,90.7,0.0,26.3,1.4,0.0,0.0,70.0
2024-08-17 22:45:00,0,985.8,90.9,0.0,26.2,1.3,0.0,0.0,70.0
2024-08-17 23:00:00,0,985.8,91.2,0.0,26.2,1.2,0.0,0.0,70.0
2024-08-17 23:15:00,0,985.8,91.5,0.0,26.1,1.2,0.0,0.0,70.0
2024-08-17 23:30:00,0,985.8,91.7,0.0,26.0,1.1,0.0,0.0,70.0
2024-08-17 23:45:00,0,985.8,92.1,0.0,25.9,1.0,0.0,0.0,70.0
2024-08-18 00:00:00,0,985.8,95.2,0.0,25.8,1.0,0.0,0.0,70.0
2024-08-18 00:15:00,0,985.8,95.7,0.0,25.7,0.9,0.0,0.0,70.0
2024-08-18 00:30:00,0,985.8,96.1,0.0,25.7,0.9,0.0,0.0,70.0
2024-08-18 00:45:00,0,985.8,96.4,0.0,25.6,0.9,0.0,0.0,70.0
2024-08-18 01:00:00,0,985.8,96.5,0.0,25.5,0.8,0.0,0.0,70.0
2024-08-18 01:15:00,0,985.8,96.6,0.0,25.4,0.8,0.0,0.0,70.0
2024-08-18 01:30:00,0,985.8,96.6,0.0,25.4,0.8,0.0,0.0,70.0
2024-08-18 01:45:00,0,985.8,96.7,0.0,25.4,0.8,0.0,0.0,70.0
2024-08-18 02:00:00,0,985.8,96.7,0.0,25.3,0.8,0.0,0.0,70.0
2024-08-18 02:15:00,0,985.8,96.7,0.0,25.2,0.8,0.0,0.0,70.0
2024-08-18 02:30:00,0,985.8,96.8,0.0,25.2,0.8,0.0,0.0,70.0
2024-08-18 02:45:00,0,985.8,96.8,0.0,25.1,0.8,0.0,0.0,70.0
2024-08-18 03:00:00,0,985.8,96.9,0.0,25.1,0.8,0.0,0.0,70.0
2024-08-18 03:15:00,0,985.8,97.0,0.0,25.0,0.8,0.0,0.0,70.0
2024-08-18 03:30:00,0,985.8,97.1,0.0,25.0,0.8,0.0,0.0,70.0
2024-08-18 03:45:00,0,985.8,97.1,0.0,24.9,0.7,0.0,0.0,70.0
2024-08-18 04:00:00,0,985.8,97.2,0.0,24.9,0.7,0.0,0.0,70.0
2024-08-18 04:15:00,0,985.8,97.2,0.0,24.9,0.7,0.0,0.0,70.0
2024-08-18 04:30:00,0,985.8,97.2,0.0,24.9,0.7,0.0,0.0,70.0
2024-08-18 04:45:00,0,985.8,97.2,0.0,24.9,0.7,0.0,0.0,70.0
2024-08-18 05:00:00,0,985.8,97.2,0.0,24.9,0.7,0.0,0.0,70.0
2024-08-18 05:15:00,0,985.8,97.3,0.0,24.9,0.7,0.0,0.0,70.0
2024-08-18 05:30:00,0,985.8,97.3,0.0,24.9,0.8,0.0,0.0,70.0
2024-08-18 05:45:00,10,985.8,97.4,0.0,24.9,0.8,0.0,0.0,70.0
2024-08-18 06:00:00,34,985.8,97.4,0.0,24.9,0.8,30.005,1.206,70.0
2024-08-18 06:15:00,58,985.8,97.4,0.0,24.8,0.8,42.008,2.458,70.0
2024-08-18 06:30:00,84,985.8,97.5,0.0,24.9,0.9,63.005,3.921,70.0
2024-08-18 06:45:00,110,985.8,97.6,0.0,24.9,0.9,105.005,6.008,70.0
2024-08-18 07:00:00,138,985.8,97.6,0.0,25.0,0.9,197.004,9.395,70.0
2024-08-18 07:15:00,168,985.8,97.5,0.0,25.1,0.9,301.007,12.121,70.0
2024-08-18 07:30:00,200,985.8,97.2,0.0,25.2,0.9,184.005,15.6,70.0
2024-08-18 07:45:00,234,985.8,97.1,0.0,25.3,0.9,372.006,17.84,70.0
2024-08-18 08:00:00,269,985.8,96.8,0.0,25.5,0.9,387.006,19.949,70.0
2024-08-18 08:15:00,306,985.8,96.3,0.0,25.7,0.9,513.004,25.658,70.0
2024-08-18 08:30:00,344,985.8,96.0,0.0,25.9,0.9,396.002,33.643,70.0
2024-08-18 08:45:00,382,985.8,95.5,0.0,26.1,0.9,316.0,34.423,70.0
2024-08-18 09:00:00,420,985.8,94.4,0.0,26.4,0.9,235.006,20.678,70.0
2024-08-18 09:15:00,457,985.8,93.3,0.0,26.7,1.0,521.01,39.071,70.0
2024-08-18 09:30:00,493,985.8,91.7,0.0,27.0,1.0,614.007,42.717,70.0
2024-08-18 09:45:00,526,985.8,90.1,0.0,27.5,1.1,764.003,38.005,70.0
2024-08-18 10:00:00,559,985.8,88.0,0.0,27.9,1.2,807.006,46.166,70.0
2024-08-18 10:15:00,590,985.8,86.1,0.0,28.3,1.3,839.002,41.857,70.0
2024-08-18 10:30:00,620,985.8,84.2,0.0,28.6,1.3,869.001,33.649,70.0
2024-08-18 10:45:00,648,985.8,82.3,0.0,29.0,1.4,917.009,40.554,70.0
2024-08-18 11:00:00,674,985.8,80.3,0.0,29.3,1.5,871.009,40.183,70.0
2024-08-18 11:15:00,697,985.8,78.6,0.0,29.6,1.6,932.0,41.725,70.0
2024-08-18 11:30:00,716,985.8,76.7,0.0,29.9,1.6,909.007,42.446,70.0
2024-08-18 11:45:00,731,985.8,74.7,0.0,30.3,1.7,996.004,41.371,70.0
2024-08-18 12:00:00,742,985.8,73.1,0.0,30.5,1.8,956.002,51.546,70.0
2024-08-18 12:15:00,749,985.8,71.8,0.0,30.7,1.9,611.01,46.529,70.0
2024-08-18 12:30:00,751,985.8,70.7,0.0,30.9,1.9,987.009,51.86,70.0
2024-08-18 12:45:00,747,985.8,69.8,0.0,31.0,2.0,945.002,52.659,70.0
2024-08-18 13:00:00,739,985.8,69.2,0.0,31.2,2.1,946.007,53.161,70.0
2024-08-18 13:15:00,728,985.8,68.5,0.0,31.2,2.2,899.009,49.341,70.0
2024-08-18 13:30:00,713,985.8,67.4,0.0,31.3,2.3,882.004,51.061,70.0
2024-08-18 13:45:00,693,985.8,66.1,0.0,31.4,2.5,854.009,49.226,70.0
2024-08-18 14:00:00,670,985.8,66.1,0.0,31.4,2.6,859.004,46.387,70.0
2024-08-18 14:15:00,643,985.8,67.8,0.0,31.3,2.6,837.004,46.209,70.0
2024-08-18 14:30:00,613,985.8,68.9,0.0,31.3,2.7,808.002,45.914,70.0
2024-08-18 14:45:00,580,985.8,69.4,0.0,31.2,2.8,759.006,41.977,70.0
2024-08-18 15:00:00,543,985.8,69.2,0.0,31.1,2.9,710.002,40.569,70.0
2024-08-18 15:15:00,504,985.8,69.3,0.0,31.1,3.0,646.008,36.69,70.0
2024-08-18 15:30:00,463,985.8,70.1,0.0,30.8,3.0,598.01,26.203,70.0
2024-08-18 15:45:00,420,985.8,70.9,0.1,30.6,2.9,559.007,23.814,70.0
2024-08-18 16:00:00,374,985.8,71.6,0.0,30.4,2.8,503.0,26.007,70.0
2024-08-18 16:15:00,326,985.8,72.2,0.0,30.3,2.8,467.006,23.576,70.0
2024-08-18 16:30:00,279,985.8,72.1,0.0,30.3,2.8,419.005,18.853,70.0
2024-08-18 16:45:00,232,985.8,72.1,0.1,30.1,2.7,249.004,12.502,70.0
2024-08-18 17:00:00,189,985.8,73.2,0.1,30.0,2.7,240.006,8.734,70.0
2024-08-18 17:15:00,150,985.8,74.8,0.0,29.8,2.7,210.007,5.57,70.0
2024-08-18 17:30:00,115,985.8,77.5,0.0,29.4,2.6,102.008,4.931,70.0
2024-08-18 17:45:00,85,985.8,79.4,0.0,29.1,2.5,106.001,3.961,70.0
2024-08-18 18:00:00,59,985.8,81.2,0.0,28.7,2.5,44.002,2.525,70.0
2024-08-18 18:15:00,39,985.8,82.8,0.0,28.3,2.5,27.009,1.478,70.0
2024-08-18 18:30:00,22,985.8,83.4,0.0,28.0,2.4,13.007,0.527,70.0
2024-08-18 18:45:00,8,985.8,84.2,0.0,27.8,2.3,0.0,0.0,70.0
2024-08-18 19:00:00,0,985.8,85.9,0.0,27.5,2.2,0.0,0.0,70.0
2024-08-18 19:15:00,0,985.8,86.6,0.0,27.3,2.1,0.0,0.0,70.0
2024-08-18 19:30:00,0,985.8,87.2,0.0,27.2,1.9,0.0,0.0,70.0
2024-08-18 19:45:00,0,985.8,87.8,0.0,27.1,1.8,0.0,0.0,70.0
2024-08-18 20:00:00,0,985.8,88.8,0.0,27.1,1.7,0.0,0.0,70.0
2024-08-18 20:15:00,0,985.8,89.8,0.0,26.9,1.6,0.0,0.0,70.0
2024-08-18 20:30:00,0,985.8,90.4,0.0,26.8,1.5,0.0,0.0,70.0
2024-08-18 20:45:00,0,985.8,91.1,0.0,26.7,1.5,0.0,0.0,70.0
2024-08-18 21:00:00,0,985.8,91.6,0.0,26.6,1.4,0.0,0.0,70.0
2024-08-18 21:15:00,0,985.8,92.3,0.0,26.5,1.3,0.0,0.0,70.0
2024-08-18 21:30:00,0,985.8,93.0,0.0,26.4,1.2,0.0,0.0,70.0
2024-08-18 21:45:00,0,985.8,93.6,0.0,26.3,1.2,0.0,0.0,70.0
2024-08-18 22:00:00,0,985.8,94.2,0.0,26.2,1.1,0.0,0.0,70.0
2024-08-18 22:15:00,0,985.8,94.6,0.0,26.1,1.1,0.0,0.0,70.0
2024-08-18 22:30:00,0,985.8,95.0,0.0,26.0,1.1,0.0,0.0,70.0
2024-08-18 22:45:00,0,985.8,95.3,0.0,25.9,1.1,0.0,0.0,70.0
2024-08-18 23:00:00,0,985.8,95.7,0.0,25.8,1.1,0.0,0.0,70.0
2024-08-18 23:15:00,0,985.8,96.0,0.0,25.7,1.0,0.0,0.0,70.0
2024-08-18 23:30:00,0,985.8,96.2,0.0,25.7,1.0,0.0,0.0,70.0
2024-08-18 23:45:00,0,985.8,96.4,0.0,25.6,1.0,0.0,0.0,70.0
2024-08-19 00:00:00,0,985.8,97.5,0.0,25.8,1.2,0.0,0.0,70.0
2024-08-19 00:15:00,0,985.8,97.8,0.0,25.8,1.2,0.0,0.0,70.0
2024-08-19 00:30:00,0,985.8,98.1,0.0,25.8,1.2,0.0,0.0,70.0
2024-08-19 00:45:00,0,985.8,98.4,0.0,25.7,1.1,0.0,0.0,70.0
2024-08-19 01:00:00,0,985.8,98.6,0.0,25.7,1.1,0.0,0.0,70.0
2024-08-19 01:15:00,0,985.8,98.8,0.0,25.7,1.0,0.0,0.0,70.0
2024-08-19 01:30:00,0,985.8,99.0,0.0,25.7,1.0,0.0,0.0,70.0
2024-08-19 01:45:00,0,985.8,99.1,0.0,25.7,1.0,0.0,0.0,70.0
2024-08-19 02:00:00,0,985.8,99.1,0.0,25.7,0.9,0.0,0.0,70.0
2024-08-19 02:15:00,0,985.8,99.2,0.0,25.6,0.9,0.0,0.0,70.0
2024-08-19 02:30:00,0,985.8,99.2,0.0,25.6,0.9,0.0,0.0,70.0
2024-08-19 02:45:00,0,985.8,99.3,0.0,25.6,0.9,0.0,0.0,70.0
2024-08-19 03:00:00,0,985.7,99.4,0.0,25.5,0.9,0.0,0.0,70.0
2024-08-19 03:15:00,0,985.7,99.4,0.0,25.5,0.9,0.0,0.0,70.0
2024-08-19 03:30:00,0,985.7,99.5,0.0,25.5,0.9,0.0,0.0,70.0
2024-08-19 03:45:00,0,985.7,99.5,0.0,25.4,0.9,0.0,0.0,70.0
2024-08-19 04:00:00,0,985.7,99.5,0.0,25.4,0.9,0.0,0.0,70.0
2024-08-19 04:15:00,0,985.7,99.5,0.0,25.4,0.9,0.0,0.0,70.0
2024-08-19 04:30:00,0,985.7,99.6,0.0,25.3,0.9,0.0,0.0,70.0
2024-08-19 04:45:00,0,985.7,99.6,0.0,25.3,0.9,0.0,0.0,70.0
2024-08-19 05:00:00,0,985.7,99.6,0.0,25.3,1.0,0.0,0.0,70.0
2024-08-19 05:15:00,0,985.7,99.7,0.0,25.3,1.0,0.0,0.0,70.0
2024-08-19 05:30:00,0,985.7,99.7,0.0,25.2,1.0,0.0,0.0,70.0
2024-08-19 05:45:00,8,985.7,99.8,0.0,25.2,1.0,0.0,0.0,70.0
2024-08-19 06:00:00,30,985.7,99.9,0.0,25.2,1.0,37.008,2.372,70.0
2024-08-19 06:15:00,52,985.7,99.9,0.0,25.2,1.0,23.009,1.216,70.0
2024-08-19 06:30:00,75,985.7,99.9,0.0,25.3,1.0,52.007,2.468,70.0
2024-08-19 06:45:00,99,985.7,99.9,0.0,25.3,1.0,86.004,4.246,70.0
2024-08-19 07:00:00,123,985.7,99.9,0.0,25.4,1.0,95.003,7.459,70.0
2024-08-19 07:15:00,148,985.7,99.7,0.0,25.5,1.0,174.001,8.652,70.0
2024-08-19 07:30:00,173,985.7,99.5,0.0,25.7,1.0,246.006,10.976,70.0
2024-08-19 07:45:00,200,985.8,99.3,0.0,25.8,1.1,295.008,15.627,70.0
2024-08-19 08:00:00,226,985.8,98.9,0.0,26.0,1.1,272.003,19.163,70.0
2024-08-19 08:15:00,254,985.8,98.5,0.0,26.1,1.1,486.008,26.737,70.0
2024-08-19 08:30:00,281,985.8,98.2,0.0,26.3,1.1,626.01,32.268,70.0
2024-08-19 08:45:00,307,985.8,97.8,0.0,26.5,1.1,316.01,29.72,70.0
2024-08-19 09:00:00,333,985.8,96.8,0.0,26.7,1.2,261.002,34.179,70.0
2024-08-19 09:15:00,358,985.8,95.7,0.0,27.0,1.2,365.001,28.101,70.0
2024-08-19 09:30:00,381,985.8,94.2,0.1,27.3,1.3,404.002,38.703,70.0
2024-08-19 09:45:00,401,985.8,92.0,0.1,27.7,1.4,797.001,38.918,70.0
2024-08-19 10:00:00,421,985.8,90.0,0.2,28.1,1.5,408.001,24.011,70.0
2024-08-19 10:15:00,439,985.8,87.6,0.1,28.6,1.6,393.003,29.295,70.0
2024-08-19 10:30:00,456,985.8,84.5,0.1,29.0,1.7,457.004,20.664,70.0
2024-08-19 10:45:00,471,985.8,81.3,0.0,29.6,1.8,339.004,17.202,70.0
2024-08-19 11:00:00,484,985.8,78.7,0.0,30.0,2.0,304.005,14.221,70.0
2024-08-19 11:15:00,494,985.8,75.9,0.0,30.4,2.1,511.003,15.567,70.0
2024-08-19 11:30:00,501,985.8,74.6,0.0,30.6,2.2,224.004,11.605,70.0
2024-08-19 11:45:00,504,985.8,74.2,0.0,30.8,2.4,188.001,10.047,70.0
2024-08-19 12:00:00,504,985.8,73.5,0.0,31.0,2.4,128.002,9.34,70.0
2024-08-19 12:15:00,500,985.8,73.5,0.1,31.0,2.4,89.007,4.083,70.0
2024-08-19 12:30:00,491,985.8,74.7,0.1,30.8,2.5,22.002,1.269,70.0
2024-08-19 12:45:00,478,985.8,73.3,0.0,31.0,2.6,17.003,0.673,70.0
2024-08-19 13:00:00,460,985.8,71.3,0.1,31.2,2.7,12.001,0.499,70.0
2024-08-19 13:15:00,436,985.8,72.5,0.0,30.9,2.8,12.003,0.733,70.0
2024-08-19 13:30:00,409,985.8,74.2,0.1,30.6,2.9,20.004,1.455,70.0
2024-08-19 13:45:00,378,985.8,76.2,0.1,30.1,3.1,50.005,4.015,70.0
2024-08-19 14:00:00,347,985.8,76.0,0.2,30.1,3.2,85.0,6.88,70.0
2024-08-19 14:15:00,314,985.8,76.2,0.2,30.1,3.3,95.0,7.288,70.0
2024-08-19 14:30:00,283,985.8,78.3,0.1,29.7,3.4,48.006,5.897,70.0
2024-08-19 14:45:00,252,985.8,81.3,0.1,29.0,3.4,84.0,6.463,70.0
2024-08-19 15:00:00,224,985.8,81.2,0.3,28.8,3.4,120.001,9.42,70.0
2024-08-19 15:15:00,198,985.8,81.1,0.0,28.8,3.5,193.004,12.613,70.0
2024-08-19 15:30:00,176,985.8,80.3,0.1,28.9,3.6,173.0,10.468,70.0
2024-08-19 15:45:00,157,985.8,80.6,0.2,28.7,3.7,120.008,7.255,70.0
2024-08-19 16:00:00,141,985.8,83.1,0.2,28.3,3.6,110.006,5.804,70.0
2024-08-19 16:15:00,126,985.7,87.1,0.2,27.5,3.5,125.004,5.889,70.0
2024-08-19 16:30:00,112,985.7,88.9,0.0,27.2,3.4,81.009,4.506,70.0
2024-08-19 16:45:00,99,985.7,87.8,0.0,27.0,3.3,48.01,2.674,70.0
2024-08-19 17:00:00,87,985.7,87.9,0.0,26.8,3.3,42.006,2.336,70.0
2024-08-19 17:15:00,75,985.7,88.9,0.1,26.5,3.2,50.005,3.928,70.0
2024-08-19 17:30:00,64,985.7,90.3,0.2,26.3,3.0,74.004,4.549,70.0
2024-08-19 17:45:00,52,985.7,90.5,0.0,26.3,2.8,55.008,2.816,70.0
2024-08-19 18:00:00,41,985.7,90.7,0.0,26.2,2.6,34.008,2.712,70.0
2024-08-19 18:15:00,29,985.7,90.9,0.1,26.0,2.4,22.008,0.899,70.0
2024-08-19 18:30:00,18,985.7,91.9,0.0,25.8,2.3,0.0,0.187,70.0
2024-08-19 18:45:00,7,985.7,92.2,0.0,25.7,2.2,0.0,0.0,70.0
2024-08-19 19:00:00,0,985.7,92.2,0.0,25.6,2.0,0.0,0.0,70.0
2024-08-19 19:15:00,0,985.7,91.9,0.0,25.6,1.8,0.0,0.0,70.0
2024-08-19 19:30:00,0,985.7,92.0,0.0,25.6,1.6,0.0,0.0,70.0
2024-08-19 19:45:00,0,985.7,92.2,0.0,25.6,1.4,0.0,0.0,70.0
2024-08-19 20:00:00,0,985.7,92.3,0.0,25.6,1.2,0.0,0.0,70.0
2024-08-19 20:15:00,0,985.7,92.3,0.0,25.6,1.1,0.0,0.0,70.0
2024-08-19 20:30:00,0,985.7,92.4,0.0,25.5,1.0,0.0,0.0,70.0
2024-08-19 20:45:00,0,985.7,92.6,0.0,25.5,1.0,0.0,0.0,70.0
2024-08-19 21:00:00,0,985.7,92.6,0.0,25.5,1.0,0.0,0.0,70.0
2024-08-19 21:15:00,0,985.7,92.7,0.0,25.4,1.0,0.0,0.0,70.0
2024-08-19 21:30:00,0,985.7,92.9,0.0,25.4,1.1,0.0,0.0,70.0
2024-08-19 21:45:00,0,985.7,93.1,0.0,25.4,1.1,0.0,0.0,70.0
2024-08-19 22:00:00,0,985.7,93.3,0.0,25.3,1.2,0.0,0.0,70.0
2024-08-19 22:15:00,0,985.7,93.4,0.0,25.3,1.2,0.0,0.0,70.0
2024-08-19 22:30:00,0,985.7,93.3,0.0,25.3,1.2,0.0,0.0,70.0
2024-08-19 22:45:00,0,985.7,93.3,0.0,25.3,1.2,0.0,0.0,70.0
2024-08-19 23:00:00,0,985.7,93.3,0.0,25.3,1.3,0.0,0.0,70.0
2024-08-19 23:15:00,0,985.7,93.5,0.0,25.3,1.3,0.0,0.0,70.0
2024-08-19 23:30:00,0,985.7,93.7,0.0,25.2,1.2,0.0,0.0,70.0
2024-08-19 23:45:00,0,985.7,93.9,0.0,25.2,1.2,0.0,0.0,70.0
2024-08-20 00:00:00,0,985.7,96.3,0.2,25.0,1.4,0.0,0.0,70.0
2024-08-20 00:15:00,0,985.7,96.8,0.1,25.0,1.4,0.0,0.0,70.0
2024-08-20 00:30:00,0,985.7,96.7,0.0,25.1,1.5,0.0,0.0,70.0
2024-08-20 00:45:00,0,985.7,97.2,0.1,25.0,1.6,0.0,0.0,70.0
2024-08-20 01:00:00,0,985.7,97.6,0.0,25.0,1.6,0.0,0.0,70.0
2024-08-20 01:15:00,0,985.7,98.0,0.1,25.0,1.6,0.0,0.0,70.0
2024-08-20 01:30:00,0,985.7,97.9,0.1,24.9,1.6,0.0,0.0,70.0
2024-08-20 01:45:00,0,985.7,97.8,0.1,25.0,1.6,0.0,0.0,70.0
2024-08-20 02:00:00,0,985.7,98.0,0.2,25.0,1.5,0.0,0.0,70.0
2024-08-20 02:15:00,0,985.7,98.3,0.2,25.0,1.5,0.0,0.0,70.0
2024-08-20 02:30:00,0,985.7,98.2,0.0,24.9,1.5,0.0,0.0,70.0
2024-08-20 02:45:00,0,985.7,98.1,0.0,25.0,1.5,0.0,0.0,70.0
2024-08-20 03:00:00,0,985.7,98.0,0.1,25.0,1.5,0.0,0.0,70.0
2024-08-20 03:15:00,0,985.7,98.0,0.0,24.9,1.5,0.0,0.0,70.0
2024-08-20 03:30:00,0,985.7,98.1,0.1,24.9,1.5,0.0,0.0,70.0
2024-08-20 03:45:00,0,985.7,97.3,0.1,24.9,1.6,0.0,0.0,70.0
2024-08-20 04:00:00,0,985.7,97.5,0.1,24.9,1.6,0.0,0.0,70.0
2024-08-20 04:15:00,0,985.7,97.8,0.2,24.8,1.6,0.0,0.0,70.0
2024-08-20 04:30:00,0,985.7,97.7,0.1,24.8,1.7,0.0,0.0,70.0
2024-08-20 04:45:00,0,985.7,97.8,0.1,24.8,1.6,0.0,0.0,70.0
2024-08-20 05:00:00,0,985.7,98.0,0.2,24.8,1.6,0.0,0.0,70.0
2024-08-20 05:15:00,0,985.7,98.0,0.1,24.7,1.6,0.0,0.0,70.0
2024-08-20 05:30:00,0,985.7,97.6,0.0,24.7,1.6,0.0,0.0,70.0
2024-08-20 05:45:00,2,985.7,96.9,0.0,24.7,1.6,0.0,0.0,70.0
2024-08-20 06:00:00,7,985.7,96.6,0.0,24.8,1.6,0.0,0.225,70.0
2024-08-20 06:15:00,13,985.7,96.6,0.0,24.8,1.7,22.004,0.865,70.0
2024-08-20 06:30:00,19,985.7,97.0,0.0,24.9,1.7,40.003,1.496,70.0
2024-08-20 06:45:00,26,985.7,97.1,0.0,25.1,1.7,58.008,3.33,70.0
2024-08-20 07:00:00,32,985.7,96.5,0.0,25.3,1.8,57.002,2.131,70.0
2024-08-20 07:15:00,39,985.7,95.3,0.0,25.5,1.9,78.008,3.446,70.0
2024-08-20 07:30:00,46,985.7,94.1,0.0,25.8,1.9,174.003,9.431,70.0
2024-08-20 07:45:00,53,985.7,92.7,0.0,26.1,2.0,399.001,15.178,70.0
2024-08-20 08:00:00,60,985.7,91.5,0.0,26.3,2.1,152.006,14.155,70.0
2024-08-20 08:15:00,68,985.8,90.5,0.0,26.6,2.1,176.009,6.012,70.0
2024-08-20 08:30:00,76,985.8,89.6,0.0,26.9,2.2,153.003,12.347,70.0
2024-08-20 08:45:00,84,985.8,88.3,0.0,27.3,2.2,210.002,15.239,70.0
2024-08-20 09:00:00,93,985.8,87.6,0.0,27.6,2.3,290.003,21.624,70.0
2024-08-20 09:15:00,103,985.8,87.0,0.0,27.8,2.3,305.007,8.495,70.0
2024-08-20 09:30:00,113,985.8,86.3,0.0,28.0,2.3,250.003,10.955,70.0
2024-08-20 09:45:00,124,985.8,85.6,0.1,28.1,2.3,210.004,26.576,70.0
2024-08-20 10:00:00,137,985.8,85.3,0.1,28.3,2.4,380.009,32.885,70.0
2024-08-20 10:15:00,150,985.8,84.3,0.1,28.7,2.4,442.001,29.094,70.0
2024-08-20 10:30:00,165,985.8,83.3,0.1,28.9,2.4,851.007,36.504,70.0
2024-08-20 10:45:00,181,985.8,82.9,0.0,29.1,2.5,390.003,19.41,70.0
2024-08-20 11:00:00,196,985.8,82.3,0.0,29.4,2.6,900.005,21.222,70.0
2024-08-20 11:15:00,212,985.8,81.2,0.0,29.5,2.7,338.004,17.558,70.0
2024-08-20 11:30:00,226,985.8,80.0,0.0,29.6,2.8,580.008,9.718,70.0
2024-08-20 11:45:00,240,985.8,79.3,0.0,29.7,2.9,320.009,8.508,70.0
2024-08-20 12:00:00,252,985.8,79.0,0.0,29.8,3.0,151.002,8.91,70.0
2024-08-20 12:15:00,263,985.8,78.9,0.0,29.6,3.0,116.008,13.647,70.0
2024-08-20 12:30:00,270,985.8,79.3,0.2,29.7,3.1,122.006,12.809,70.0
2024-08-20 12:45:00,275,985.8,77.3,0.0,30.0,3.1,125.007,15.548,70.0
2024-08-20 13:00:00,278,985.8,75.3,0.0,30.5,3.1,76.01,21.004,70.0
2024-08-20 13:15:00,279,985.8,76.4,0.1,30.4,3.0,60.008,7.544,70.0
2024-08-20 13:30:00,279,985.8,74.9,0.0,30.4,3.0,87.003,6.959,70.0
2024-08-20 13:45:00,276,985.8,75.3,0.0,30.5,2.9,152.009,4.072,70.0
2024-08-20 14:00:00,272,985.8,75.5,0.0,30.4,2.9,146.01,7.483,70.0
2024-08-20 14:15:00,266,985.8,74.9,0.0,30.5,2.8,159.002,13.406,70.0
2024-08-20 14:30:00,258,985.8,74.6,0.0,30.6,2.7,88.003,14.174,70.0
2024-08-20 14:45:00,249,985.8,73.7,0.0,30.7,2.7,85.006,28.421,70.0
2024-08-20 15:00:00,238,985.8,72.1,0.1,30.9,2.8,222.009,11.579,70.0
2024-08-20 15:15:00,226,985.8,72.5,0.0,30.8,2.8,227.01,13.833,70.0
2024-08-20 15:30:00,212,985.8,74.0,0.0,30.5,2.9,676.003,34.404,70.0
2024-08-20 15:45:00,198,985.8,75.9,0.1,30.1,3.0,559.002,29.041,70.0
2024-08-20 16:00:00,182,985.8,77.0,0.0,29.9,2.9,534.006,26.631,70.0
2024-08-20 16:15:00,164,985.8,78.7,0.0,29.6,2.9,451.003,23.007,70.0
2024-08-20 16:30:00,146,985.8,82.3,0.1,29.2,2.9,312.003,13.994,70.0
2024-08-20 16:45:00,128,985.8,84.0,0.0,29.0,3.0,130.002,15.039,70.0
2024-08-20 17:00:00,110,985.8,84.1,0.0,29.0,2.9,84.001,5.218,70.0
2024-08-20 17:15:00,93,985.8,83.3,0.2,29.0,2.8,53.005,1.887,70.0
2024-08-20 17:30:00,76,985.8,84.2,0.0,28.9,2.8,57.008,2.56,70.0
2024-08-20 17:45:00,60,985.8,86.3,0.1,28.6,2.7,47.005,1.82,70.0
2024-08-20 18:00:00,46,985.8,88.4,0.0,28.3,2.7,43.003,2.195,70.0
2024-08-20 18:15:00,32,985.8,89.3,0.0,28.0,2.7,26.001,1.325,70.0
2024-08-20 18:30:00,19,985.8,90.4,0.0,27.8,2.7,14.002,0.686,70.0
2024-08-20 18:45:00,6,985.8,91.3,0.0,27.6,2.7,0.0,0.0,70.0
2024-08-20 19:00:00,0,985.8,92.5,0.0,27.4,2.6,0.0,0.0,70.0
2024-08-20 19:15:00,0,985.8,93.2,0.0,27.2,2.5,0.0,0.0,70.0
2024-08-20 19:30:00,0,985.8,93.4,0.1,27.1,2.5,0.0,0.0,70.0
2024-08-20 19:45:00,0,985.8,93.7,0.1,26.9,2.4,0.0,0.0,70.0
2024-08-20 20:00:00,0,985.8,94.2,0.0,26.7,2.3,0.0,0.0,70.0
2024-08-20 20:15:00,0,985.8,94.6,0.0,26.6,2.1,0.0,0.0,70.0
2024-08-20 20:30:00,0,985.8,95.0,0.0,26.5,2.0,0.0,0.0,70.0
2024-08-20 20:45:00,0,985.8,95.5,0.2,26.5,1.9,0.0,0.0,70.0
2024-08-20 21:00:00,0,985.8,95.9,0.1,26.5,1.7,0.0,0.0,70.0
2024-08-20 21:15:00,0,985.8,96.1,0.0,26.4,1.6,0.0,0.0,70.0
2024-08-20 21:30:00,0,985.8,96.1,0.0,26.4,1.5,0.0,0.0,70.0
2024-08-20 21:45:00,0,985.8,95.9,0.0,26.3,1.5,0.0,0.0,70.0
2024-08-20 22:00:00,0,985.8,95.9,0.0,26.3,1.5,0.0,0.0,70.0
2024-08-20 22:15:00,0,985.8,95.9,0.0,26.2,1.5,0.0,0.0,70.0
2024-08-20 22:30:00,0,985.8,96.0,0.0,26.2,1.5,0.0,0.0,70.0
2024-08-20 22:45:00,0,985.8,96.1,0.0,26.1,1.4,0.0,0.0,70.0
2024-08-20 23:00:00,0,985.8,96.2,0.0,26.0,1.5,0.0,0.0,70.0
2024-08-20 23:15:00,0,985.8,96.3,0.0,26.0,1.4,0.0,0.0,70.0
2024-08-20 23:30:00,0,985.8,96.5,0.0,26.0,1.4,0.0,0.0,70.0
2024-08-20 23:45:00,0,985.8,96.8,0.1,25.9,1.4,0.0,0.0,70.0
2024-08-21 00:00:00,0,985.8,96.1,0.0,25.5,1.1,0.0,0.0,70.0
2024-08-21 00:15:00,0,985.7,96.3,0.0,25.4,1.1,0.0,0.0,70.0
2024-08-21 00:30:00,0,985.7,96.4,0.0,25.4,1.1,0.0,0.0,70.0
2024-08-21 00:45:00,0,985.7,96.6,0.0,25.4,1.1,0.0,0.0,70.0
2024-08-21 01:00:00,0,985.7,96.7,0.0,25.4,1.1,0.0,0.0,70.0
2024-08-21 01:15:00,0,985.7,96.8,0.0,25.4,1.2,0.0,0.0,70.0
2024-08-21 01:30:00,0,985.7,97.0,0.0,25.3,1.2,0.0,0.0,70.0
2024-08-21 01:45:00,0,985.7,97.2,0.0,25.3,1.2,0.0,0.0,70.0
2024-08-21 02:00:00,0,985.7,97.3,0.0,25.2,1.3,0.0,0.0,70.0
2024-08-21 02:15:00,0,985.7,97.4,0.0,25.1,1.3,0.0,0.0,70.0
2024-08-21 02:30:00,0,985.7,97.5,0.0,25.1,1.4,0.0,0.0,70.0
2024-08-21 02:45:00,0,985.7,97.5,0.0,25.0,1.4,0.0,0.0,70.0
2024-08-21 03:00:00,0,985.7,97.4,0.0,24.9,1.5,0.0,0.0,70.0
2024-08-21 03:15:00,0,985.7,97.5,0.0,24.9,1.6,0.0,0.0,70.0
2024-08-21 03:30:00,0,985.7,97.7,0.0,24.8,1.6,0.0,0.0,70.0
2024-08-21 03:45:00,0,985.7,98.1,0.0,24.8,1.6,0.0,0.0,70.0
2024-08-21 04:00:00,0,985.7,98.4,0.0,24.7,1.7,0.0,0.0,70.0
2024-08-21 04:15:00,0,985.7,98.5,0.0,24.7,1.7,0.0,0.0,70.0
2024-08-21 04:30:00,0,985.7,98.5,0.0,24.7,1.7,0.0,0.0,70.0
2024-08-21 04:45:00,0,985.7,98.5,0.0,24.6,1.8,0.0,0.0,70.0
2024-08-21 05:00:00,0,985.7,98.4,0.0,24.5,1.8,0.0,0.0,70.0
2024-08-21 05:15:00,0,985.7,98.3,0.0,24.5,1.8,0.0,0.0,70.0
2024-08-21 05:30:00,0,985.7,98.2,0.0,24.4,1.8,0.0,0.0,70.0
2024-08-21 05:45:00,6,985.7,98.1,0.0,24.4,1.8,0.0,0.0,70.0
2024-08-21 06:00:00,28,985.7,98.0,0.0,24.3,1.8,30.001,1.464,70.0
2024-08-21 06:15:00,52,985.7,97.7,0.0,24.4,1.8,55.002,2.631,70.0
2024-08-21 06:30:00,77,985.7,97.5,0.0,24.5,1.9,87.01,4.181,70.0
2024-08-21 06:45:00,104,985.7,97.2,0.0,24.7,1.9,127.002,6.547,70.0
2024-08-21 07:00:00,135,985.7,96.4,0.0,24.9,2.0,173.0,9.38,70.0
2024-08-21 07:15:00,171,985.7,95.1,0.0,25.3,2.0,231.004,12.166,70.0
2024-08-21 07:30:00,210,985.7,93.6,0.0,25.6,2.1,292.002,15.667,70.0
2024-08-21 07:45:00,254,985.7,92.1,0.0,26.0,2.1,352.001,20.214,70.0
2024-08-21 08:00:00,302,985.7,90.7,0.0,26.4,2.2,415.007,25.392,70.0
2024-08-21 08:15:00,353,985.8,88.4,0.0,26.8,2.3,446.005,28.114,70.0
2024-08-21 08:30:00,407,985.8,86.5,0.0,27.2,2.3,511.009,30.128,70.0
2024-08-21 08:45:00,461,985.8,84.6,0.0,27.6,2.3,552.009,34.641,70.0
2024-08-21 09:00:00,514,985.8,81.7,0.0,28.1,2.3,606.004,40.601,70.0
2024-08-21 09:15:00,565,985.8,79.5,0.0,28.5,2.2,661.003,34.652,70.0
2024-08-21 09:30:00,612,985.8,77.3,0.0,28.8,2.1,378.002,42.336,70.0
2024-08-21 09:45:00,652,985.8,75.4,0.0,29.2,2.0,751.002,45.268,70.0
2024-08-21 10:00:00,686,985.8,73.6,0.0,29.5,1.9,832.007,35.909,70.0
2024-08-21 10:15:00,716,985.8,72.1,0.0,29.7,1.8,860.008,47.23,70.0
2024-08-21 10:30:00,740,985.8,70.8,0.0,30.0,1.7,907.004,38.958,70.0
2024-08-21 10:45:00,758,985.8,69.7,0.0,30.2,1.6,920.001,30.842,70.0
2024-08-21 11:00:00,771,985.8,68.5,0.0,30.5,1.5,951.0,49.993,70.0
2024-08-21 11:15:00,779,985.8,67.5,0.0,30.7,1.4,921.002,51.087,70.0
2024-08-21 11:30:00,783,985.8,66.8,0.0,30.9,1.4,943.002,51.306,70.0
2024-08-21 11:45:00,783,985.8,66.0,0.0,31.0,1.3,849.007,47.765,70.0
2024-08-21 12:00:00,779,985.8,65.0,0.0,31.2,1.3,938.009,42.693,70.0
2024-08-21 12:15:00,773,985.8,64.2,0.0,31.4,1.2,942.003,39.089,70.0
2024-08-21 12:30:00,764,985.8,63.7,0.0,31.5,1.2,929.003,52.688,70.0
2024-08-21 12:45:00,753,985.8,63.1,0.0,31.7,1.2,731.003,51.968,70.0
2024-08-21 13:00:00,739,985.8,62.6,0.0,31.8,1.1,799.001,49.341,70.0
2024-08-21 13:15:00,723,985.8,62.1,0.0,31.9,1.1,827.005,52.899,70.0
2024-08-21 13:30:00,703,985.8,61.7,0.0,32.0,1.1,892.008,51.161,70.0
2024-08-21 13:45:00,681,985.8,61.2,0.0,32.1,1.1,877.004,49.691,70.0
2024-08-21 14:00:00,655,985.8,61.1,0.0,32.1,1.2,844.009,48.335,70.0
2024-08-21 14:15:00,627,985.8,61.3,0.1,32.1,1.2,811.008,42.032,70.0
2024-08-21 14:30:00,597,985.8,61.5,0.0,32.1,1.3,679.0,41.585,70.0
2024-08-21 14:45:00,564,985.8,60.9,0.0,32.2,1.4,498.001,38.002,70.0
2024-08-21 15:00:00,528,985.8,60.9,0.0,32.1,1.5,629.001,48.502,70.0
2024-08-21 15:15:00,491,985.8,61.7,0.0,32.0,1.7,525.009,28.161,70.0
2024-08-21 15:30:00,452,985.8,62.5,0.0,31.8,1.8,599.004,25.814,70.0
2024-08-21 15:45:00,411,985.8,64.4,0.0,31.6,1.9,533.005,19.96,70.0
2024-08-21 16:00:00,369,985.8,66.6,0.1,31.1,2.0,240.007,21.863,70.0
2024-08-21 16:15:00,325,985.8,68.4,0.2,30.7,2.0,248.009,21.649,70.0
2024-08-21 16:30:00,282,985.8,70.2,0.2,30.3,1.9,423.006,13.943,70.0
2024-08-21 16:45:00,240,985.8,70.6,0.2,30.1,1.8,372.006,10.685,70.0
2024-08-21 17:00:00,199,985.8,70.8,0.2,30.0,1.7,228.005,8.012,70.0
2024-08-21 17:15:00,162,985.8,70.6,0.1,30.0,1.6,159.004,7.854,70.0
2024-08-21 17:30:00,128,985.8,71.2,0.0,29.9,1.4,159.001,10.696,70.0
2024-08-21 17:45:00,97,985.8,72.1,0.0,29.8,1.3,85.009,7.97,70.0
2024-08-21 18:00:00,70,985.8,73.3,0.0,29.6,1.2,67.002,4.012,70.0
2024-08-21 18:15:00,47,985.8,74.6,0.0,29.3,1.1,55.01,2.091,70.0
2024-08-21 18:30:00,26,985.8,75.5,0.0,29.0,1.1,34.006,1.341,70.0
2024-08-21 18:45:00,7,985.8,76.6,0.0,28.8,1.1,0.0,0.0,70.0
2024-08-21 19:00:00,0,985.8,77.4,0.0,28.6,1.1,0.0,0.0,70.0
2024-08-21 19:15:00,0,985.8,77.9,0.0,28.4,1.2,0.0,0.0,70.0
2024-08-21 19:30:00,0,985.8,78.4,0.0,28.3,1.2,0.0,0.0,70.0
2024-08-21 19:45:00,0,985.8,78.7,0.0,28.1,1.3,0.0,0.0,70.0
2024-08-21 20:00:00,0,985.8,79.0,0.0,28.0,1.3,0.0,0.0,70.0
2024-08-21 20:15:00,0,985.8,79.5,0.0,27.9,1.3,0.0,0.0,70.0
2024-08-21 20:30:00,0,985.8,80.3,0.0,27.8,1.4,0.0,0.0,70.0
2024-08-21 20:45:00,0,985.8,81.2,0.0,27.5,1.4,0.0,0.0,70.0
2024-08-21 21:00:00,0,985.8,81.8,0.0,27.4,1.4,0.0,0.0,70.0
2024-08-21 21:15:00,0,985.8,82.0,0.0,27.3,1.5,0.0,0.0,70.0
2024-08-21 21:30:00,0,985.8,82.3,0.0,27.1,1.5,0.0,0.0,70.0
2024-08-21 21:45:00,0,985.8,82.8,0.0,27.0,1.5,0.0,0.0,70.0
2024-08-21 22:00:00,0,985.8,83.4,0.0,26.8,1.6,0.0,0.0,70.0
2024-08-21 22:15:00,0,985.8,83.8,0.0,26.7,1.6,0.0,0.0,70.0
2024-08-21 22:30:00,0,985.8,84.2,0.0,26.6,1.7,0.0,0.0,70.0
2024-08-21 22:45:00,0,985.8,84.6,0.0,26.5,1.7,0.0,0.0,70.0
2024-08-21 23:00:00,0,985.8,84.8,0.0,26.4,1.7,0.0,0.0,70.0
2024-08-21 23:15:00,0,985.7,85.0,0.0,26.2,1.8,0.0,0.0,70.0
2024-08-21 23:30:00,0,985.7,85.1,0.0,26.1,1.8,0.0,0.0,70.0
2024-08-21 23:45:00,0,985.7,85.4,0.0,26.0,1.8,0.0,0.0,70.0
2024-08-22 00:00:00,0,985.8,87.2,0.0,26.4,1.5,0.0,0.0,70.0
2024-08-22 00:15:00,0,985.8,87.3,0.0,26.3,1.5,0.0,0.0,70.0
2024-08-22 00:30:00,0,985.7,87.3,0.0,26.2,1.5,0.0,0.0,70.0
2024-08-22 00:45:00,0,985.7,87.4,0.0,26.2,1.5,0.0,0.0,70.0
2024-08-22 01:00:00,0,985.7,87.6,0.0,26.1,1.5,0.0,0.0,70.0
2024-08-22 01:15:00,0,985.7,87.8,0.0,26.0,1.6,0.0,0.0,70.0
2024-08-22 01:30:00,0,985.7,88.0,0.0,25.9,1.6,0.0,0.0,70.0
2024-08-22 01:45:00,0,985.7,88.1,0.0,25.9,1.6,0.0,0.0,70.0
2024-08-22 02:00:00,0,985.7,88.2,0.0,25.8,1.6,0.0,0.0,70.0
2024-08-22 02:15:00,0,985.7,88.2,0.0,25.7,1.6,0.0,0.0,70.0
2024-08-22 02:30:00,0,985.7,88.2,0.0,25.7,1.7,0.0,0.0,70.0
2024-08-22 02:45:00,0,985.7,88.0,0.0,25.6,1.7,0.0,0.0,70.0
2024-08-22 03:00:00,0,985.7,87.9,0.0,25.6,1.7,0.0,0.0,70.0
2024-08-22 03:15:00,0,985.7,87.8,0.0,25.5,1.8,0.0,0.0,70.0
2024-08-22 03:30:00,0,985.7,87.7,0.0,25.4,1.8,0.0,0.0,70.0
2024-08-22 03:45:00,0,985.7,87.6,0.0,25.4,1.8,0.0,0.0,70.0
2024-08-22 04:00:00,0,985.7,87.6,0.0,25.3,1.8,0.0,0.0,70.0
2024-08-22 04:15:00,0,985.7,87.7,0.0,25.3,1.8,0.0,0.0,70.0
2024-08-22 04:30:00,0,985.7,87.9,0.0,25.2,1.8,0.0,0.0,70.0
2024-08-22 04:45:00,0,985.7,88.1,0.0,25.1,1.7,0.0,0.0,70.0
2024-08-22 05:00:00,0,985.7,88.3,0.0,25.1,1.7,0.0,0.0,70.0
2024-08-22 05:15:00,0,985.7,88.7,0.0,25.0,1.7,0.0,0.0,70.0
2024-08-22 05:30:00,0,985.7,88.9,0.0,24.9,1.7,0.0,0.0,70.0
2024-08-22 05:45:00,6,985.7,89.0,0.0,24.9,1.6,0.0,0.0,70.0
2024-08-22 06:00:00,33,985.7,89.1,0.0,24.9,1.6,28.004,1.314,70.0
2024-08-22 06:15:00,61,985.7,89.0,0.0,24.9,1.5,43.007,2.181,70.0
2024-08-22 06:30:00,90,985.7,88.7,0.0,25.1,1.3,96.003,4.276,70.0
2024-08-22 06:45:00,120,985.7,88.4,0.0,25.5,1.2,131.008,6.638,70.0
2024-08-22 07:00:00,153,985.7,88.2,0.0,25.9,1.1,180.004,8.886,70.0
2024-08-22 07:15:00,189,985.7,87.9,0.0,26.3,1.0,224.002,11.671,70.0
2024-08-22 07:30:00,228,985.8,87.3,0.0,26.7,0.9,271.001,14.914,70.0
2024-08-22 07:45:00,269,985.8,85.2,0.0,27.3,0.8,324.009,18.42,70.0
2024-08-22 08:00:00,313,985.8,83.0,0.0,27.8,0.8,372.006,21.65,70.0
2024-08-22 08:15:00,359,985.8,81.2,0.0,28.3,0.8,412.001,25.056,70.0
2024-08-22 08:30:00,406,985.8,79.6,0.0,28.7,0.9,460.01,28.136,70.0
2024-08-22 08:45:00,453,985.8,77.9,0.0,29.1,1.1,519.004,31.427,70.0
2024-08-22 09:00:00,499,985.8,75.8,0.0,29.5,1.2,573.0,33.67,70.0
2024-08-22 09:15:00,544,985.8,73.5,0.0,29.9,1.4,254.005,37.793,70.0
2024-08-22 09:30:00,584,985.8,71.5,0.0,30.2,1.5,704.004,42.834,70.0
2024-08-22 09:45:00,620,985.8,70.0,0.0,30.4,1.7,767.008,42.419,70.0
2024-08-22 10:00:00,652,985.8,69.0,0.0,30.5,1.9,772.003,45.525,70.0
2024-08-22 10:15:00,679,985.8,68.4,0.0,30.7,2.1,841.004,45.892,70.0
2024-08-22 10:30:00,702,985.8,67.8,0.0,30.9,2.2,315.007,42.0,70.0
2024-08-22 10:45:00,721,985.8,67.3,0.0,31.0,2.3,784.007,47.675,70.0
2024-08-22 11:00:00,736,985.8,67.3,0.0,31.0,2.4,860.005,46.955,70.0
2024-08-22 11:15:00,746,985.8,66.7,0.1,31.2,2.4,904.003,52.432,70.0
2024-08-22 11:30:00,753,985.8,65.3,0.0,31.5,2.5,882.003,41.229,70.0
2024-08-22 11:45:00,757,985.8,64.8,0.0,31.6,2.6,898.004,51.03,70.0
2024-08-22 12:00:00,757,985.8,64.3,0.0,31.7,2.6,957.009,50.495,70.0
2024-08-22 12:15:00,755,985.8,64.5,0.0,31.7,2.7,318.001,54.201,70.0
2024-08-22 12:30:00,751,985.8,63.1,0.0,31.9,2.7,875.009,47.224,70.0
2024-08-22 12:45:00,744,985.8,63.0,0.0,31.9,2.8,740.004,43.267,70.0
2024-08-22 13:00:00,737,985.8,61.6,0.0,32.1,2.9,532.001,42.471,70.0
2024-08-22 13:15:00,727,985.8,60.7,0.0,32.2,2.9,856.001,36.758,70.0
2024-08-22 13:30:00,716,985.8,60.3,0.0,32.3,3.0,857.007,37.741,70.0
2024-08-22 13:45:00,701,985.8,60.5,0.0,32.3,3.0,240.002,43.236,70.0
2024-08-22 14:00:00,684,985.8,62.1,0.0,32.1,3.1,832.009,43.35,70.0
2024-08-22 14:15:00,663,985.8,61.0,0.0,32.1,3.1,816.008,43.947,70.0
2024-08-22 14:30:00,638,985.8,60.6,0.0,32.2,3.1,315.009,34.111,70.0
2024-08-22 14:45:00,609,985.8,61.6,0.0,32.1,3.1,732.005,39.758,70.0
2024-08-22 15:00:00,576,985.8,61.3,0.0,32.1,3.0,312.002,36.158,70.0
2024-08-22 15:15:00,540,985.8,61.3,0.0,32.2,2.9,234.007,37.022,70.0
2024-08-22 15:30:00,499,985.8,60.4,0.0,32.2,2.9,578.002,33.472,70.0
2024-08-22 15:45:00,456,985.8,59.5,0.0,32.2,2.8,522.003,29.623,70.0
2024-08-22 16:00:00,408,985.8,59.3,0.0,32.2,2.7,479.005,26.046,70.0
2024-08-22 16:15:00,358,985.8,60.3,0.0,32.1,2.6,404.004,20.602,70.0
2024-08-22 16:30:00,308,985.8,60.8,0.0,32.0,2.5,371.01,18.839,70.0
2024-08-22 16:45:00,259,985.8,61.6,0.0,31.9,2.4,303.002,15.01,70.0
2024-08-22 17:00:00,212,985.8,62.9,0.0,31.7,2.2,252.001,11.737,70.0
2024-08-22 17:15:00,170,985.8,64.7,0.0,31.4,2.1,198.001,8.567,70.0
2024-08-22 17:30:00,131,985.8,66.8,0.0,31.1,2.0,151.008,6.233,70.0
2024-08-22 17:45:00,97,985.8,68.7,0.0,30.9,1.9,109.01,4.173,70.0
2024-08-22 18:00:00,68,985.8,71.4,0.0,30.5,1.8,64.008,2.671,70.0
2024-08-22 18:15:00,44,985.8,73.7,0.0,29.9,1.7,36.001,1.664,70.0
2024-08-22 18:30:00,23,985.8,75.1,0.0,29.4,1.6,11.004,0.703,70.0
2024-08-22 18:45:00,6,985.8,75.0,0.0,29.3,1.6,0.0,0.0,70.0
2024-08-22 19:00:00,0,985.8,75.0,0.0,29.1,1.7,0.0,0.0,70.0
2024-08-22 19:15:00,0,985.8,75.5,0.0,28.9,1.7,0.0,0.0,70.0
2024-08-22 19:30:00,0,985.8,76.1,0.0,28.7,1.8,0.0,0.0,70.0
2024-08-22 19:45:00,0,985.8,76.7,0.0,28.5,1.8,0.0,0.0,70.0
2024-08-22 20:00:00,0,985.8,77.1,0.0,28.3,1.8,0.0,0.0,70.0
2024-08-22 20:15:00,0,985.8,77.5,0.0,28.1,1.8,0.0,0.0,70.0
2024-08-22 20:30:00,0,985.8,78.1,0.0,28.0,1.8,0.0,0.0,70.0
2024-08-22 20:45:00,0,985.8,78.5,0.0,27.8,1.9,0.0,0.0,70.0
2024-08-22 21:00:00,0,985.8,79.0,0.0,27.7,1.9,0.0,0.0,70.0
2024-08-22 21:15:00,0,985.8,79.5,0.0,27.6,1.9,0.0,0.0,70.0
2024-08-22 21:30:00,0,985.8,79.9,0.0,27.5,1.9,0.0,0.0,70.0
2024-08-22 21:45:00,0,985.8,80.3,0.0,27.4,1.9,0.0,0.0,70.0
2024-08-22 22:00:00,0,985.8,80.4,0.0,27.3,1.9,0.0,0.0,70.0
2024-08-22 22:15:00,0,985.8,80.4,0.0,27.2,1.9,0.0,0.0,70.0
2024-08-22 22:30:00,0,985.8,80.5,0.0,27.1,1.8,0.0,0.0,70.0
2024-08-22 22:45:00,0,985.8,80.7,0.0,27.0,1.8,0.0,0.0,70.0
2024-08-22 23:00:00,0,985.8,81.0,0.0,27.0,1.8,0.0,0.0,70.0
2024-08-22 23:15:00,0,985.8,81.4,0.0,26.9,1.8,0.0,0.0,70.0
2024-08-22 23:30:00,0,985.8,81.8,0.0,26.8,1.7,0.0,0.0,70.0
2024-08-22 23:45:00,0,985.8,82.1,0.0,26.8,1.7,0.0,0.0,70.0
2024-08-23 00:00:00,0,985.8,80.7,0.0,26.9,1.4,0.0,0.0,70.0
2024-08-23 00:15:00,0,985.8,80.9,0.0,26.9,1.3,0.0,0.0,70.0
2024-08-23 00:30:00,0,985.8,81.0,0.0,26.8,1.3,0.0,0.0,70.0
2024-08-23 00:45:00,0,985.8,81.1,0.0,26.8,1.3,0.0,0.0,70.0
2024-08-23 01:00:00,0,985.8,81.2,0.0,26.7,1.3,0.0,0.0,70.0
2024-08-23 01:15:00,0,985.8,81.3,0.0,26.6,1.3,0.0,0.0,70.0
2024-08-23 01:30:00,0,985.8,81.5,0.0,26.6,1.3,0.0,0.0,70.0
2024-08-23 01:45:00,0,985.8,81.6,0.0,26.5,1.3,0.0,0.0,70.0
2024-08-23 02:00:00,0,985.8,81.7,0.0,26.4,1.3,0.0,0.0,70.0
2024-08-23 02:15:00,0,985.8,81.9,0.0,26.3,1.3,0.0,0.0,70.0
2024-08-23 02:30:00,0,985.8,82.2,0.0,26.2,1.3,0.0,0.0,70.0
2024-08-23 02:45:00,0,985.8,82.7,0.0,26.2,1.3,0.0,0.0,70.0
2024-08-23 03:00:00,0,985.8,83.1,0.0,26.1,1.3,0.0,0.0,70.0
2024-08-23 03:15:00,0,985.8,83.5,0.0,26.0,1.3,0.0,0.0,70.0
2024-08-23 03:30:00,0,985.8,83.9,0.0,26.0,1.3,0.0,0.0,70.0
2024-08-23 03:45:00,0,985.8,84.3,0.0,25.9,1.2,0.0,0.0,70.0
2024-08-23 04:00:00,0,985.8,84.7,0.0,25.8,1.2,0.0,0.0,70.0
2024-08-23 04:15:00,0,985.8,85.0,0.0,25.8,1.2,0.0,0.0,70.0
2024-08-23 04:30:00,0,985.8,85.4,0.0,25.7,1.2,0.0,0.0,70.0
2024-08-23 04:45:00,0,985.8,85.7,0.0,25.7,1.2,0.0,0.0,70.0
2024-08-23 05:00:00,0,985.8,86.0,0.0,25.6,1.1,0.0,0.0,70.0
2024-08-23 05:15:00,0,985.8,86.3,0.0,25.6,1.1,0.0,0.0,70.0
2024-08-23 05:30:00,0,985.8,86.6,0.0,25.6,1.0,0.0,0.0,70.0
2024-08-23 05:45:00,5,985.8,87.0,0.0,25.5,1.0,0.0,0.0,70.0
2024-08-23 06:00:00,31,985.8,87.4,0.0,25.5,0.9,36.003,1.466,70.0
2024-08-23 06:15:00,59,985.8,87.7,0.0,25.5,0.9,66.003,2.603,70.0
2024-08-23 06:30:00,88,985.8,87.9,0.0,25.5,0.8,113.001,4.338,70.0
2024-08-23 06:45:00,119,985.8,88.0,0.0,25.7,0.7,157.005,6.548,70.0
2024-08-23 07:00:00,152,985.8,88.3,0.0,26.0,0.7,197.0,9.204,70.0
2024-08-23 07:15:00,189,985.8,88.3,0.0,26.4,0.6,243.004,12.132,70.0
2024-08-23 07:30:00,230,985.8,88.1,0.0,26.8,0.6,287.005,15.648,70.0
2024-08-23 07:45:00,274,985.8,86.8,0.0,27.3,0.5,343.003,19.473,70.0
2024-08-23 08:00:00,320,985.8,85.2,0.0,27.7,0.5,395.004,23.082,70.0
2024-08-23 08:15:00,370,985.8,84.3,0.0,28.2,0.4,439.009,26.563,70.0
2024-08-23 08:30:00,420,985.8,82.9,0.0,28.7,0.4,492.001,30.273,70.0
2024-08-23 08:45:00,471,985.8,81.1,0.0,29.1,0.5,531.009,33.258,70.0
2024-08-23 09:00:00,522,985.8,79.6,0.0,29.6,0.5,581.005,36.201,70.0
2024-08-23 09:15:00,570,985.8,78.3,0.0,30.0,0.6,631.008,38.571,70.0
2024-08-23 09:30:00,614,985.8,76.7,0.0,30.4,0.7,661.003,41.446,70.0
2024-08-23 09:45:00,654,985.8,75.4,0.0,30.7,0.8,713.004,43.682,70.0
2024-08-23 10:00:00,688,985.8,74.0,0.0,31.0,0.9,750.001,45.913,70.0
2024-08-23 10:15:00,719,985.8,72.7,0.0,31.3,0.9,770.006,47.663,70.0
2024-08-23 10:30:00,744,985.8,71.0,0.0,31.5,1.0,801.003,49.148,70.0
2024-08-23 10:45:00,765,985.8,69.6,0.0,31.7,1.1,822.009,50.098,70.0
2024-08-23 11:00:00,782,985.8,68.5,0.0,31.9,1.2,851.006,47.827,70.0
2024-08-23 11:15:00,794,985.8,67.4,0.0,32.1,1.3,855.009,51.551,70.0
2024-08-23 11:30:00,802,985.8,66.3,0.0,32.2,1.3,870.007,51.987,70.0
2024-08-23 11:45:00,806,985.8,65.4,0.0,32.3,1.4,874.001,49.077,70.0
2024-08-23 12:00:00,806,985.8,64.4,0.0,32.5,1.4,870.001,51.618,70.0
2024-08-23 12:15:00,803,985.8,63.3,0.0,32.7,1.5,882.002,40.887,70.0
2024-08-23 12:30:00,797,985.8,62.1,0.0,32.8,1.5,892.007,43.096,70.0
2024-08-23 12:45:00,789,985.8,61.1,0.0,33.0,1.6,889.002,40.228,70.0
2024-08-23 13:00:00,779,985.8,60.1,0.0,33.2,1.6,877.003,46.309,70.0
2024-08-23 13:15:00,766,985.8,59.2,0.0,33.3,1.7,806.004,41.161,70.0
2024-08-23 13:30:00,750,985.8,58.4,0.0,33.3,1.7,818.001,49.041,70.0
2024-08-23 13:45:00,731,985.8,58.0,0.0,33.3,1.7,780.005,47.436,70.0
2024-08-23 14:00:00,708,985.8,57.8,0.0,33.3,1.8,791.001,46.559,70.0
2024-08-23 14:15:00,682,985.8,57.9,0.0,33.3,1.8,774.004,45.018,70.0
2024-08-23 14:30:00,653,985.8,58.3,0.0,33.3,1.8,719.01,42.204,70.0
2024-08-23 14:45:00,620,985.8,58.2,0.0,33.3,1.8,674.01,40.28,70.0
2024-08-23 15:00:00,583,985.8,57.8,0.0,33.4,1.9,659.005,37.362,70.0
2024-08-23 15:15:00,543,985.8,57.9,0.0,33.4,1.9,594.009,34.672,70.0
2024-08-23 15:30:00,500,985.8,58.3,0.0,33.3,1.9,552.007,31.386,70.0
2024-08-23 15:45:00,455,985.8,58.7,0.0,33.2,1.9,497.004,27.87,70.0
2024-08-23 16:00:00,406,985.8,58.6,0.0,33.2,1.9,449.003,24.831,70.0
2024-08-23 16:15:00,355,985.8,59.2,0.0,33.0,1.9,394.007,21.134,70.0
2024-08-23 16:30:00,304,985.8,60.4,0.0,32.9,1.8,346.001,17.524,70.0
2024-08-23 16:45:00,255,985.8,61.5,0.0,32.8,1.7,281.001,13.633,70.0
2024-08-23 17:00:00,209,985.8,62.8,0.0,32.6,1.7,227.006,10.76,70.0
2024-08-23 17:15:00,166,985.8,64.7,0.0,32.4,1.6,187.008,7.692,70.0
2024-08-23 17:30:00,128,985.8,67.6,0.0,32.2,1.6,134.006,5.575,70.0
2024-08-23 17:45:00,94,985.8,70.5,0.0,31.8,1.6,88.007,3.65,70.0
2024-08-23 18:00:00,65,985.8,73.0,0.0,31.3,1.5,58.01,2.633,70.0
2024-08-23 18:15:00,41,985.8,74.4,0.0,30.8,1.5,25.007,1.319,70.0
2024-08-23 18:30:00,21,985.8,75.1,0.0,30.4,1.5,9.005,0.603,70.0
2024-08-23 18:45:00,4,985.8,76.3,0.0,30.1,1.5,0.0,0.0,70.0
2024-08-23 19:00:00,0,985.8,77.5,0.0,29.8,1.5,0.0,0.0,70.0
2024-08-23 19:15:00,0,985.8,78.5,0.0,29.5,1.5,0.0,0.0,70.0
2024-08-23 19:30:00,0,985.8,79.1,0.0,29.4,1.5,0.0,0.0,70.0
2024-08-23 19:45:00,0,985.8,79.4,0.0,29.2,1.6,0.0,0.0,70.0
2024-08-23 20:00:00,0,985.8,79.5,0.0,29.2,1.6,0.0,0.0,70.0
2024-08-23 20:15:00,0,985.8,79.9,0.0,29.1,1.6,0.0,0.0,70.0
2024-08-23 20:30:00,0,985.8,80.1,0.0,29.0,1.6,0.0,0.0,70.0
2024-08-23 20:45:00,0,985.8,80.3,0.0,28.9,1.5,0.0,0.0,70.0
2024-08-23 21:00:00,0,985.8,81.0,0.0,28.8,1.5,0.0,0.0,70.0
2024-08-23 21:15:00,0,985.8,82.0,0.0,28.6,1.5,0.0,0.0,70.0
2024-08-23 21:30:00,0,985.8,82.8,0.0,28.5,1.5,0.0,0.0,70.0
2024-08-23 21:45:00,0,985.8,83.4,0.0,28.4,1.4,0.0,0.0,70.0
2024-08-23 22:00:00,0,985.8,84.0,0.0,28.3,1.4,0.0,0.0,70.0
2024-08-23 22:15:00,0,985.8,85.1,0.0,28.1,1.4,0.0,0.0,70.0
2024-08-23 22:30:00,0,985.8,86.2,0.0,27.8,1.4,0.0,0.0,70.0
2024-08-23 22:45:00,0,985.8,87.5,0.0,27.6,1.4,0.0,0.0,70.0
2024-08-23 23:00:00,0,985.8,88.8,0.0,27.4,1.4,0.0,0.0,70.0
2024-08-23 23:15:00,0,985.8,90.2,0.0,27.2,1.4,0.0,0.0,70.0
2024-08-23 23:30:00,0,985.8,91.4,0.0,27.0,1.4,0.0,0.0,70.0
2024-08-23 23:45:00,0,985.8,92.3,0.0,26.9,1.4,0.0,0.0,70.0
2024-08-24 00:00:00,0,985.8,91.9,0.0,26.9,1.3,0.0,0.0,70.0
2024-08-24 00:15:00,0,985.8,92.6,0.0,26.8,1.2,0.0,0.0,70.0
2024-08-24 00:30:00,0,985.8,93.1,0.0,26.7,1.1,0.0,0.0,70.0
2024-08-24 00:45:00,0,985.8,93.4,0.0,26.6,1.0,0.0,0.0,70.0
2024-08-24 01:00:00,0,985.8,93.7,0.0,26.6,0.9,0.0,0.0,70.0
2024-08-24 01:15:00,0,985.8,94.1,0.0,26.5,0.9,0.0,0.0,70.0
2024-08-24 01:30:00,0,985.8,94.4,0.0,26.5,0.9,0.0,0.0,70.0
2024-08-24 01:45:00,0,985.8,94.7,0.0,26.4,0.9,0.0,0.0,70.0
2024-08-24 02:00:00,0,985.8,95.0,0.0,26.3,0.9,0.0,0.0,70.0
2024-08-24 02:15:00,0,985.8,95.2,0.0,26.2,0.9,0.0,0.0,70.0
2024-08-24 02:30:00,0,985.8,95.3,0.0,26.1,1.0,0.0,0.0,70.0
2024-08-24 02:45:00,0,985.8,95.1,0.0,26.0,1.1,0.0,0.0,70.0
2024-08-24 03:00:00,0,985.8,94.8,0.0,26.0,1.2,0.0,0.0,70.0
2024-08-24 03:15:00,0,985.8,94.5,0.0,25.9,1.2,0.0,0.0,70.0
2024-08-24 03:30:00,0,985.8,94.3,0.0,25.9,1.3,0.0,0.0,70.0
2024-08-24 03:45:00,0,985.8,94.0,0.0,25.9,1.3,0.0,0.0,70.0
2024-08-24 04:00:00,0,985.8,93.8,0.0,25.9,1.4,0.0,0.0,70.0
2024-08-24 04:15:00,0,985.8,93.6,0.0,25.9,1.4,0.0,0.0,70.0
2024-08-24 04:30:00,0,985.8,93.4,0.0,25.8,1.4,0.0,0.0,70.0
2024-08-24 04:45:00,0,985.8,93.4,0.0,25.8,1.4,0.0,0.0,70.0
2024-08-24 05:00:00,0,985.8,93.4,0.0,25.8,1.3,0.0,0.0,70.0
2024-08-24 05:15:00,0,985.8,93.6,0.0,25.7,1.3,0.0,0.0,70.0
2024-08-24 05:30:00,0,985.8,93.7,0.0,25.7,1.3,0.0,0.0,70.0
2024-08-24 05:45:00,4,985.8,93.9,0.0,25.7,1.3,0.0,0.0,70.0
2024-08-24 06:00:00,29,985.8,94.1,0.0,25.6,1.2,25.007,1.366,70.0
2024-08-24 06:15:00,56,985.8,94.2,0.0,25.7,1.2,49.007,2.506,70.0
2024-08-24 06:30:00,84,985.8,94.1,0.0,25.8,1.1,82.002,4.02,70.0
2024-08-24 06:45:00,114,985.8,94.0,0.0,26.0,1.1,115.007,5.789,70.0
2024-08-24 07:00:00,147,985.8,93.8,0.0,26.4,1.0,155.007,7.667,70.0
2024-08-24 07:15:00,183,985.8,93.4,0.0,26.7,0.9,196.004,10.02,70.0
2024-08-24 07:30:00,222,985.8,92.4,0.0,27.2,0.8,227.001,12.808,70.0
2024-08-24 07:45:00,264,985.8,91.4,0.0,27.7,0.8,276.006,15.943,70.0
2024-08-24 08:00:00,309,985.8,89.5,0.0,28.2,0.7,326.005,18.912,70.0
2024-08-24 08:15:00,357,985.8,87.6,0.0,28.7,0.6,382.007,22.002,70.0
2024-08-24 08:30:00,406,985.8,86.3,0.0,29.1,0.6,433.001,25.34,70.0
2024-08-24 08:45:00,456,985.8,84.1,0.0,29.6,0.6,460.001,27.248,70.0
2024-08-24 09:00:00,505,985.9,82.4,0.0,30.0,0.6,528.002,32.034,70.0
2024-08-24 09:15:00,552,985.9,80.9,0.0,30.4,0.6,567.005,35.455,70.0
2024-08-24 09:30:00,595,985.9,78.7,0.0,30.8,0.7,618.006,38.276,70.0
2024-08-24 09:45:00,634,985.9,75.9,0.0,31.2,0.7,667.005,40.423,70.0
2024-08-24 10:00:00,669,985.9,73.2,0.0,31.5,0.8,680.005,42.294,70.0
2024-08-24 10:15:00,700,985.9,71.1,0.0,31.8,0.8,715.006,44.135,70.0
2024-08-24 10:30:00,727,985.9,69.4,0.0,32.0,0.9,732.009,45.778,70.0
2024-08-24 10:45:00,750,985.9,67.8,0.0,32.2,1.0,796.008,44.338,70.0
2024-08-24 11:00:00,769,985.9,67.3,0.0,32.4,1.1,812.003,47.267,70.0
2024-08-24 11:15:00,783,985.9,66.5,0.0,32.6,1.2,845.002,50.059,70.0
2024-08-24 11:30:00,793,985.9,66.0,0.0,32.7,1.3,862.008,50.964,70.0
2024-08-24 11:45:00,800,985.9,65.2,0.0,32.8,1.4,893.0,50.282,70.0
2024-08-24 12:00:00,802,985.9,64.4,0.0,32.9,1.4,889.01,49.482,70.0
2024-08-24 12:15:00,802,985.9,63.6,0.0,33.0,1.5,898.005,47.37,70.0
2024-08-24 12:30:00,798,985.9,63.5,0.0,33.0,1.5,919.003,48.888,70.0
2024-08-24 12:45:00,791,985.9,63.1,0.0,33.1,1.6,919.001,48.888,70.0
2024-08-24 13:00:00,782,985.9,62.2,0.0,33.2,1.6,893.001,43.485,70.0
2024-08-24 13:15:00,770,985.9,61.3,0.0,33.4,1.7,868.004,44.572,70.0
2024-08-24 13:30:00,756,985.9,60.7,0.0,33.5,1.7,847.001,42.966,70.0
2024-08-24 13:45:00,738,985.9,60.3,0.0,33.5,1.7,835.001,45.122,70.0
2024-08-24 14:00:00,716,985.9,60.1,0.0,33.5,1.7,835.009,45.122,70.0
2024-08-24 14:15:00,691,985.9,60.2,0.0,33.5,1.7,835.006,45.122,70.0
2024-08-24 14:30:00,661,985.9,60.1,0.0,33.5,1.7,835.009,45.122,70.0
2024-08-24 14:45:00,628,985.9,59.7,0.0,33.6,1.8,835.01,45.122,70.0
2024-08-24 15:00:00,592,985.9,59.2,0.0,33.6,1.8,835.002,45.122,70.0
2024-08-24 15:15:00,552,985.9,59.2,0.0,33.5,1.8,835.0,45.122,70.0
2024-08-24 15:30:00,508,985.9,59.7,0.0,33.4,1.8,835.008,45.122,70.0
2024-08-24 15:45:00,462,985.9,60.0,0.0,33.3,1.8,835.007,45.122,70.0
2024-08-24 16:00:00,411,985.9,59.9,0.0,33.2,1.9,835.007,45.122,70.0
2024-08-24 16:15:00,359,985.9,60.0,0.0,33.1,1.9,835.006,45.122,70.0
2024-08-24 16:30:00,307,985.9,61.2,0.0,33.0,1.9,835.004,45.122,70.0
2024-08-24 16:45:00,256,985.9,63.0,0.0,32.8,2.0,835.002,45.122,70.0
2024-08-24 17:00:00,209,985.9,64.7,0.0,32.6,2.0,835.003,45.122,70.0
2024-08-24 17:15:00,165,985.9,67.1,0.0,32.3,2.1,835.004,45.122,70.0
2024-08-24 17:30:00,126,985.9,70.5,0.0,32.0,2.1,835.004,45.122,70.0
2024-08-24 17:45:00,92,985.8,74.0,0.0,31.4,2.1,835.007,45.122,70.0
2024-08-24 18:00:00,63,985.8,76.2,0.0,30.9,2.1,835.004,45.122,70.0
2024-08-24 18:15:00,39,985.8,78.0,0.0,30.5,2.0,835.008,45.122,70.0
2024-08-24 18:30:00,19,985.8,79.4,0.0,30.1,2.0,835.006,45.122,70.0
2024-08-24 18:45:00,3,985.8,80.5,0.0,29.9,2.0,0.0,0.0,70.0
2024-08-24 19:00:00,0,985.8,81.5,0.0,29.7,1.9,0.0,0.0,70.0
2024-08-24 19:15:00,0,985.8,82.3,0.0,29.5,1.8,0.0,0.0,70.0
2024-08-24 19:30:00,0,985.8,83.2,0.0,29.3,1.8,0.0,0.0,70.0
2024-08-24 19:45:00,0,985.8,84.2,0.0,29.0,1.7,0.0,0.0,70.0
2024-08-24 20:00:00,0,985.8,85.6,0.0,28.8,1.7,0.0,0.0,70.0
2024-08-24 20:15:00,0,985.8,87.1,0.0,28.5,1.7,0.0,0.0,70.0
2024-08-24 20:30:00,0,985.8,88.6,0.0,28.2,1.7,0.0,0.0,70.0
2024-08-24 20:45:00,0,985.8,90.0,0.0,28.0,1.7,0.0,0.0,70.0
2024-08-24 21:00:00,0,985.8,91.1,0.0,27.9,1.7,0.0,0.0,70.0
2024-08-24 21:15:00,0,985.8,92.1,0.0,27.7,1.6,0.0,0.0,70.0
2024-08-24 21:30:00,0,985.8,93.1,0.0,27.5,1.6,0.0,0.0,70.0
2024-08-24 21:45:00,0,985.8,94.0,0.0,27.4,1.5,0.0,0.0,70.0
2024-08-24 22:00:00,0,985.8,94.8,0.0,27.3,1.5,0.0,0.0,70.0
2024-08-24 22:15:00,0,985.8,95.6,0.0,27.2,1.4,0.0,0.0,70.0
2024-08-24 22:30:00,0,985.8,96.3,0.0,27.0,1.4,0.0,0.0,70.0
2024-08-24 22:45:00,0,985.8,97.0,0.0,26.9,1.3,0.0,0.0,70.0
2024-08-24 23:00:00,0,985.8,97.6,0.0,26.8,1.3,0.0,0.0,70.0
2024-08-24 23:15:00,0,985.8,98.0,0.0,26.7,1.3,0.0,0.0,70.0
2024-08-24 23:30:00,0,985.8,98.3,0.0,26.6,1.2,0.0,0.0,70.0
2024-08-24 23:45:00,0,985.8,98.5,0.0,26.5,1.2,0.0,0.0,70.0
2024-08-25 00:00:00,0,985.8,94.7,0.0,27.0,1.2,0.0,0.0,70.0
2024-08-25 00:15:00,0,985.8,94.7,0.0,26.9,1.1,0.0,0.0,70.0
2024-08-25 00:30:00,0,985.8,94.7,0.0,26.8,1.1,0.0,0.0,70.0
2024-08-25 00:45:00,0,985.8,94.7,0.0,26.7,1.0,0.0,0.0,70.0
2024-08-25 01:00:00,0,985.8,94.8,0.0,26.7,1.0,0.0,0.0,70.0
2024-08-25 01:15:00,0,985.8,94.8,0.0,26.6,0.9,0.0,0.0,70.0
2024-08-25 01:30:00,0,985.8,94.8,0.0,26.6,0.8,0.0,0.0,70.0
2024-08-25 01:45:00,0,985.8,94.8,0.0,26.5,0.8,0.0,0.0,70.0
2024-08-25 02:00:00,0,985.8,94.6,0.0,26.4,0.8,0.0,0.0,70.0
2024-08-25 02:15:00,0,985.8,94.5,0.0,26.3,0.8,0.0,0.0,70.0
2024-08-25 02:30:00,0,985.8,94.5,0.0,26.2,0.8,0.0,0.0,70.0
2024-08-25 02:45:00,0,985.8,94.4,0.0,26.1,0.8,0.0,0.0,70.0
2024-08-25 03:00:00,0,985.8,94.4,0.0,26.0,0.8,0.0,0.0,70.0
2024-08-25 03:15:00,0,985.8,94.2,0.0,25.9,0.9,0.0,0.0,70.0
2024-08-25 03:30:00,0,985.8,94.0,0.0,25.9,0.9,0.0,0.0,70.0
2024-08-25 03:45:00,0,985.8,93.7,0.0,25.8,0.9,0.0,0.0,70.0
2024-08-25 04:00:00,0,985.8,93.4,0.0,25.7,1.0,0.0,0.0,70.0
2024-08-25 04:15:00,0,985.8,93.2,0.0,25.6,1.0,0.0,0.0,70.0
2024-08-25 04:30:00,0,985.8,93.0,0.0,25.6,1.0,0.0,0.0,70.0
2024-08-25 04:45:00,0,985.8,92.9,0.0,25.5,1.0,0.0,0.0,70.0
2024-08-25 05:00:00,0,985.8,92.8,0.0,25.5,1.0,0.0,0.0,70.0
2024-08-25 05:15:00,0,985.8,92.8,0.0,25.4,1.0,0.0,0.0,70.0
2024-08-25 05:30:00,0,985.8,93.0,0.0,25.4,1.0,0.0,0.0,70.0
2024-08-25 05:45:00,3,985.8,93.1,0.0,25.3,1.0,0.0,0.0,70.0
2024-08-25 06:00:00,21,985.8,93.2,0.0,25.3,1.0,835.004,45.122,70.0
2024-08-25 06:15:00,42,985.8,93.4,0.0,25.3,0.9,835.0,45.122,70.0
2024-08-25 06:30:00,64,985.8,93.4,0.0,25.3,0.9,835.006,45.122,70.0
2024-08-25 06:45:00,88,985.8,93.5,0.0,25.5,0.8,835.009,45.122,70.0
2024-08-25 07:00:00,115,985.8,93.7,0.0,25.6,0.8,835.005,45.122,70.0
2024-08-25 07:15:00,146,985.8,93.8,0.0,25.8,0.7,835.004,45.122,70.0
2024-08-25 07:30:00,180,985.8,93.4,0.0,26.1,0.7,835.007,45.122,70.0
2024-08-25 07:45:00,218,985.8,92.6,0.0,26.4,0.6,835.009,45.122,70.0
2024-08-25 08:00:00,259,985.8,92.0,0.0,26.6,0.6,835.002,45.122,70.0
2024-08-25 08:15:00,303,985.8,91.6,0.0,27.0,0.6,835.001,45.122,70.0
2024-08-25 08:30:00,349,985.8,89.9,0.0,27.4,0.6,835.002,45.122,70.0
2024-08-25 08:45:00,396,985.8,88.4,0.0,27.8,0.7,835.007,45.122,70.0
2024-08-25 09:00:00,443,985.8,87.1,0.0,28.3,0.8,835.005,45.122,70.0
2024-08-25 09:15:00,489,985.8,84.5,0.0,28.9,0.8,835.007,45.122,70.0
2024-08-25 09:30:00,531,985.8,81.3,0.0,29.3,1.0,835.001,45.122,70.0
2024-08-25 09:45:00,570,985.8,79.0,0.0,29.8,1.1,835.001,45.122,70.0
2024-08-25 10:00:00,605,985.8,76.2,0.0,30.2,1.2,835.006,45.122,70.0
2024-08-25 10:15:00,638,985.8,74.5,0.0,30.5,1.3,835.006,45.122,70.0
2024-08-25 10:30:00,667,985.8,73.3,0.0,30.8,1.4,601.004,36.735,70.0
2024-08-25 10:45:00,693,985.8,71.6,0.0,31.1,1.5,693.009,43.689,70.0
2024-08-25 11:00:00,714,985.8,70.1,0.0,31.4,1.6,691.003,44.949,70.0
2024-08-25 11:15:00,732,985.8,69.4,0.0,31.5,1.7,682.009,45.908,70.0
2024-08-25 11:30:00,746,985.8,68.7,0.0,31.7,1.7,660.002,39.261,70.0
2024-08-25 11:45:00,755,985.8,67.3,0.0,31.9,1.8,660.006,48.084,70.0
2024-08-25 12:00:00,760,985.8,66.4,0.0,32.1,1.9,720.003,46.362,70.0
2024-08-25 12:15:00,761,985.8,65.5,0.0,32.2,1.9,783.005,43.356,70.0
2024-08-25 12:30:00,757,985.8,64.3,0.0,32.3,1.9,911.001,40.635,70.0
2024-08-25 12:45:00,750,985.8,63.3,0.0,32.4,2.0,756.008,44.406,70.0
2024-08-25 13:00:00,738,985.8,62.6,0.0,32.5,2.0,768.003,43.775,70.0
2024-08-25 13:15:00,722,985.8,62.0,0.0,32.6,2.1,667.004,49.004,70.0
2024-08-25 13:30:00,702,985.8,61.5,0.0,32.7,2.1,740.008,38.1,70.0
2024-08-25 13:45:00,679,985.8,61.3,0.0,32.8,2.2,756.001,38.565,70.0
2024-08-25 14:00:00,651,985.8,61.1,0.0,32.8,2.2,477.008,20.731,70.0
2024-08-25 14:15:00,621,985.8,61.2,0.0,32.7,2.2,361.002,19.823,70.0
2024-08-25 14:30:00,588,985.8,61.1,0.0,32.7,2.3,253.002,14.82,70.0
2024-08-25 14:45:00,552,985.8,61.4,0.0,32.7,2.3,226.006,17.27,70.0
2024-08-25 15:00:00,514,985.8,61.2,0.0,32.7,2.4,185.002,15.201,70.0
2024-08-25 15:15:00,474,985.8,61.7,0.0,32.7,2.4,213.007,26.279,70.0
2024-08-25 15:30:00,433,985.8,62.7,0.0,32.6,2.4,340.01,20.5,70.0
2024-08-25 15:45:00,390,985.8,63.5,0.0,32.5,2.4,552.006,24.514,70.0
2024-08-25 16:00:00,346,985.8,63.8,0.0,32.4,2.4,304.006,20.779,70.0
2024-08-25 16:15:00,300,985.8,64.2,0.0,32.2,2.4,490.007,29.045,70.0
2024-08-25 16:30:00,255,985.8,65.2,0.0,32.0,2.5,504.003,20.707,70.0
2024-08-25 16:45:00,211,985.8,66.1,0.0,31.8,2.5,339.007,16.887,70.0
2024-08-25 17:00:00,171,985.8,67.1,0.0,31.6,2.5,308.001,15.64,70.0
2024-08-25 17:15:00,134,985.8,68.5,0.0,31.3,2.5,181.007,6.714,70.0
2024-08-25 17:30:00,102,985.8,70.9,0.0,31.0,2.5,62.001,3.157,70.0
2024-08-25 17:45:00,73,985.8,74.7,0.0,30.4,2.5,31.002,1.825,70.0
2024-08-25 18:00:00,50,985.8,76.4,0.0,30.1,2.5,33.005,1.621,70.0
2024-08-25 18:15:00,30,985.8,77.6,0.0,29.7,2.5,12.004,0.531,70.0
2024-08-25 18:30:00,14,985.8,79.0,0.0,29.4,2.6,0.0,0.0,70.0
2024-08-25 18:45:00,2,985.8,81.1,0.0,29.1,2.6,0.0,0.0,70.0
2024-08-25 19:00:00,0,985.8,82.9,0.0,28.7,2.5,0.0,0.0,70.0
2024-08-25 19:15:00,0,985.8,84.2,0.0,28.5,2.6,0.0,0.0,70.0
2024-08-25 19:30:00,0,985.8,85.4,0.0,28.2,2.6,0.0,0.0,70.0
2024-08-25 19:45:00,0,985.8,86.5,0.0,28.0,2.5,0.0,0.0,70.0
2024-08-25 20:00:00,0,985.8,87.5,0.0,27.8,2.5,0.0,0.0,70.0
2024-08-25 20:15:00,0,985.8,88.1,0.0,27.6,2.4,0.0,0.0,70.0
2024-08-25 20:30:00,0,985.8,88.9,0.0,27.4,2.3,0.0,0.0,70.0
2024-08-25 20:45:00,0,985.8,89.7,0.0,27.2,2.2,0.0,0.0,70.0
2024-08-25 21:00:00,0,985.8,90.3,0.0,27.0,2.1,0.0,0.0,70.0
2024-08-25 21:15:00,0,985.8,90.9,0.0,26.9,2.1,0.0,0.0,70.0
2024-08-25 21:30:00,0,985.8,91.5,0.0,26.7,2.0,0.0,0.0,70.0
2024-08-25 21:45:00,0,985.8,91.9,0.0,26.5,1.9,0.0,0.0,70.0
2024-08-25 22:00:00,0,985.8,92.3,0.0,26.4,1.8,0.0,0.0,70.0
2024-08-25 22:15:00,0,985.8,92.9,0.0,26.3,1.8,0.0,0.0,70.0
2024-08-25 22:30:00,0,985.8,93.4,0.0,26.1,1.7,0.0,0.0,70.0
2024-08-25 22:45:00,0,985.8,94.0,0.0,26.0,1.6,0.0,0.0,70.0
2024-08-25 23:00:00,0,985.8,94.6,0.0,25.9,1.6,0.0,0.0,70.0
2024-08-25 23:15:00,0,985.8,95.2,0.0,25.8,1.5,0.0,0.0,70.0
2024-08-25 23:30:00,0,985.8,95.9,0.0,25.7,1.5,0.0,0.0,70.0
2024-08-25 23:45:00,0,985.8,96.5,0.0,25.6,1.5,0.0,0.0,70.0
2024-08-26 00:00:00,0,985.8,94.5,0.0,26.5,1.4,0.0,0.0,70.0
2024-08-26 00:15:00,0,985.8,94.8,0.0,26.4,1.4,0.0,0.0,70.0
2024-08-26 00:30:00,0,985.8,95.1,0.0,26.2,1.4,0.0,0.0,70.0
2024-08-26 00:45:00,0,985.8,95.5,0.0,26.1,1.4,0.0,0.0,70.0
2024-08-26 01:00:00,0,985.8,96.0,0.0,26.0,1.4,0.0,0.0,70.0
2024-08-26 01:15:00,0,985.8,96.6,0.0,25.9,1.4,0.0,0.0,70.0
2024-08-26 01:30:00,0,985.8,97.1,0.0,25.8,1.4,0.0,0.0,70.0
2024-08-26 01:45:00,0,985.8,97.7,0.0,25.7,1.3,0.0,0.0,70.0
2024-08-26 02:00:00,0,985.8,98.1,0.0,25.7,1.3,0.0,0.0,70.0
2024-08-26 02:15:00,0,985.8,98.4,0.0,25.6,1.4,0.0,0.0,70.0
2024-08-26 02:30:00,0,985.8,98.6,0.0,25.6,1.4,0.0,0.0,70.0
2024-08-26 02:45:00,0,985.8,98.8,0.0,25.6,1.4,0.0,0.0,70.0
2024-08-26 03:00:00,0,985.8,98.9,0.0,25.5,1.4,0.0,0.0,70.0
2024-08-26 03:15:00,0,985.8,99.0,0.0,25.5,1.4,0.0,0.0,70.0
2024-08-26 03:30:00,0,985.8,99.2,0.0,25.5,1.4,0.0,0.0,70.0
2024-08-26 03:45:00,0,985.8,99.4,0.0,25.4,1.4,0.0,0.0,70.0
2024-08-26 04:00:00,0,985.7,99.5,0.0,25.4,1.4,0.0,0.0,70.0
2024-08-26 04:15:00,0,985.7,99.6,0.0,25.4,1.4,0.0,0.0,70.0
2024-08-26 04:30:00,0,985.7,99.6,0.0,25.3,1.5,0.0,0.0,70.0
2024-08-26 04:45:00,0,985.7,99.6,0.0,25.3,1.5,0.0,0.0,70.0
2024-08-26 05:00:00,0,985.7,99.7,0.0,25.2,1.5,0.0,0.0,70.0
2024-08-26 05:15:00,0,985.7,99.7,0.0,25.2,1.6,0.0,0.0,70.0
2024-08-26 05:30:00,0,985.7,99.7,0.0,25.2,1.6,0.0,0.0,70.0
2024-08-26 05:45:00,1,985.7,99.7,0.0,25.2,1.7,0.0,0.0,70.0
2024-08-26 06:00:00,9,985.7,99.7,0.0,25.2,1.7,8.007,0.319,70.0
2024-08-26 06:15:00,19,985.7,99.7,0.0,25.2,1.8,16.008,0.725,70.0
2024-08-26 06:30:00,29,985.7,99.7,0.0,25.2,1.9,19.001,0.949,70.0
2024-08-26 06:45:00,40,985.7,99.7,0.0,25.2,1.9,33.01,1.576,70.0
2024-08-26 07:00:00,51,985.7,99.7,0.0,25.2,2.0,50.001,2.338,70.0
2024-08-26 07:15:00,64,985.7,99.5,0.0,25.3,2.1,77.005,3.662,70.0
2024-08-26 07:30:00,78,985.7,99.3,0.0,25.4,2.2,150.008,8.988,70.0
2024-08-26 07:45:00,93,985.7,99.1,0.0,25.5,2.3,211.008,10.933,70.0
2024-08-26 08:00:00,108,985.7,98.8,0.0,25.6,2.3,213.006,6.02,70.0
2024-08-26 08:15:00,125,985.7,98.5,0.0,25.7,2.4,167.009,10.581,70.0
2024-08-26 08:30:00,142,985.7,98.2,0.0,25.9,2.5,193.0,12.001,70.0
2024-08-26 08:45:00,158,985.7,97.7,0.0,26.1,2.6,215.006,12.913,70.0
2024-08-26 09:00:00,174,985.8,97.1,0.0,26.3,2.7,232.006,14.725,70.0
2024-08-26 09:15:00,189,985.8,96.2,0.0,26.6,2.9,323.003,15.932,70.0
2024-08-26 09:30:00,203,985.8,95.0,0.0,26.9,3.0,312.0,16.747,70.0
2024-08-26 09:45:00,214,985.8,93.3,0.0,27.3,3.2,352.009,23.504,70.0
2024-08-26 10:00:00,222,985.8,91.5,0.0,27.6,3.4,719.007,22.389,70.0
2024-08-26 10:15:00,227,985.8,90.1,0.0,28.0,3.6,465.007,27.857,70.0
2024-08-26 10:30:00,229,985.8,88.6,0.0,28.2,3.8,540.01,36.728,70.0
2024-08-26 10:45:00,230,985.8,87.0,0.0,28.5,4.0,868.003,38.735,70.0
2024-08-26 11:00:00,228,985.8,85.4,0.0,28.7,4.2,564.005,31.513,70.0
2024-08-26 11:15:00,225,985.8,83.0,0.0,29.1,4.4,396.009,18.309,70.0
2024-08-26 11:30:00,222,985.8,80.0,0.0,29.5,4.6,373.004,33.04,70.0
2024-08-26 11:45:00,218,985.8,78.2,0.0,29.7,4.8,736.006,36.422,70.0
2024-08-26 12:00:00,215,985.8,76.7,0.0,30.1,4.9,584.0,30.537,70.0
2024-08-26 12:15:00,212,985.8,75.1,0.0,30.3,5.1,344.002,21.291,70.0
2024-08-26 12:30:00,211,985.8,74.3,0.0,30.4,5.2,397.008,24.454,70.0
2024-08-26 12:45:00,213,985.8,73.6,0.0,30.5,5.3,318.008,19.161,70.0
2024-08-26 13:00:00,216,985.8,73.8,0.0,30.5,5.3,234.008,11.701,70.0
2024-08-26 13:15:00,222,985.8,73.5,0.0,30.5,5.4,209.007,11.497,70.0
2024-08-26 13:30:00,228,985.8,74.1,0.0,30.3,5.4,295.009,18.602,70.0
2024-08-26 13:45:00,234,985.8,74.4,0.0,30.1,5.5,143.009,7.447,70.0
2024-08-26 14:00:00,240,985.8,75.7,0.0,30.1,5.5,79.004,5.925,70.0
2024-08-26 14:15:00,244,985.8,76.2,0.0,30.2,5.6,181.001,9.881,70.0
2024-08-26 14:30:00,246,985.8,76.5,0.0,30.2,5.6,98.004,9.584,70.0
2024-08-26 14:45:00,245,985.8,76.7,0.0,30.1,5.6,194.002,17.07,70.0
2024-08-26 15:00:00,241,985.8,77.8,0.0,29.9,5.6,272.001,14.86,70.0
2024-08-26 15:15:00,234,985.7,78.8,0.0,29.7,5.7,176.002,9.336,70.0
2024-08-26 15:30:00,223,985.7,80.7,0.0,29.4,5.7,117.001,6.983,70.0
2024-08-26 15:45:00,208,985.7,82.8,0.1,29.1,5.7,62.001,3.291,70.0
2024-08-26 16:00:00,190,985.7,84.6,0.0,28.8,5.6,47.009,2.493,70.0
2024-08-26 16:15:00,171,985.7,85.8,0.0,28.5,5.6,25.006,1.702,70.0
2024-08-26 16:30:00,150,985.7,87.0,0.2,28.3,5.5,17.009,0.791,70.0
2024-08-26 16:45:00,129,985.7,88.7,0.1,28.1,5.5,0.0,0.169,70.0
2024-08-26 17:00:00,108,985.7,90.3,0.2,27.9,5.5,0.0,0.118,70.0
2024-08-26 17:15:00,88,985.7,91.6,0.2,27.7,5.4,0.0,0.058,70.0
2024-08-26 17:30:00,70,985.7,92.6,0.3,27.4,5.5,0.0,0.058,70.0
2024-08-26 17:45:00,53,985.7,93.6,0.3,27.3,5.6,0.0,0.038,70.0
2024-08-26 18:00:00,38,985.7,94.7,0.2,27.0,5.7,0.0,0.038,70.0
2024-08-26 18:15:00,24,985.7,94.5,0.1,26.9,5.8,0.0,0.028,70.0
2024-08-26 18:30:00,11,985.7,95.1,0.1,26.8,5.8,0.0,0.0,70.0
2024-08-26 18:45:00,1,985.7,94.5,0.2,26.6,5.8,0.0,0.0,70.0
2024-08-26 19:00:00,0,985.7,94.0,0.2,26.5,5.7,0.0,0.0,70.0
2024-08-26 19:15:00,0,985.7,95.2,0.4,26.4,5.6,0.0,0.0,70.0
2024-08-26 19:30:00,0,985.7,95.8,0.5,26.1,5.4,0.0,0.0,70.0
2024-08-26 19:45:00,0,985.7,95.3,0.5,26.1,5.2,0.0,0.0,70.0
2024-08-26 20:00:00,0,985.7,95.0,0.5,26.1,4.9,0.0,0.0,70.0
2024-08-26 20:15:00,0,985.7,95.3,0.6,26.1,4.6,0.0,0.0,70.0
2024-08-26 20:30:00,0,985.7,95.8,0.8,26.1,4.5,0.0,0.0,70.0
2024-08-26 20:45:00,0,985.7,96.8,0.5,26.1,4.5,0.0,0.0,70.0
2024-08-26 21:00:00,0,985.7,97.1,0.5,26.0,4.6,0.0,0.0,70.0
2024-08-26 21:15:00,0,985.7,97.2,0.5,26.0,4.6,0.0,0.0,70.0
2024-08-26 21:30:00,0,985.7,97.3,0.5,25.9,4.7,0.0,0.0,70.0
2024-08-26 21:45:00,0,985.7,96.9,0.2,25.8,4.9,0.0,0.0,70.0
2024-08-26 22:00:00,0,985.7,97.2,0.2,25.6,5.1,0.0,0.0,70.0
2024-08-26 22:15:00,0,985.7,97.3,0.2,25.5,5.3,0.0,0.0,70.0
2024-08-26 22:30:00,0,985.7,97.5,0.3,25.3,5.4,0.0,0.0,70.0
2024-08-26 22:45:00,0,985.7,97.3,0.3,25.3,5.5,0.0,0.0,70.0
2024-08-26 23:00:00,0,985.7,97.0,0.4,25.2,5.4,0.0,0.0,70.0
2024-08-26 23:15:00,0,985.7,96.8,0.4,25.1,5.3,0.0,0.0,70.0
2024-08-26 23:30:00,0,985.7,96.3,0.6,25.1,5.2,0.0,0.0,70.0
2024-08-26 23:45:00,0,985.7,96.3,0.5,25.0,5.0,0.0,0.0,70.0
2024-08-27 00:00:00,0,985.9,96.2,0.2,25.2,5.2,0.0,0.0,70.0
2024-08-27 00:15:00,0,985.9,95.7,0.0,25.0,5.0,0.0,0.0,70.0
2024-08-27 00:30:00,0,985.9,94.6,0.0,24.8,4.8,0.0,0.0,70.0
2024-08-27 00:45:00,0,985.9,93.5,0.1,24.6,4.6,0.0,0.0,70.0
2024-08-27 01:00:00,0,985.9,93.2,0.0,24.5,4.5,0.0,0.0,70.0
2024-08-27 01:15:00,0,985.9,93.5,0.0,24.5,4.4,0.0,0.0,70.0
2024-08-27 01:30:00,0,985.9,93.9,0.0,24.4,4.3,0.0,0.0,70.0
2024-08-27 01:45:00,0,985.9,94.1,0.0,24.4,4.2,0.0,0.0,70.0
2024-08-27 02:00:00,0,985.9,94.3,0.0,24.4,4.1,0.0,0.0,70.0
2024-08-27 02:15:00,0,985.9,94.6,0.0,24.3,4.0,0.0,0.0,70.0
2024-08-27 02:30:00,0,985.9,94.7,0.0,24.3,3.8,0.0,0.0,70.0
2024-08-27 02:45:00,0,985.9,94.9,0.0,24.3,3.7,0.0,0.0,70.0
2024-08-27 03:00:00,0,985.9,94.9,0.1,24.3,3.5,0.0,0.0,70.0
2024-08-27 03:15:00,0,985.9,95.1,0.0,24.3,3.4,0.0,0.0,70.0
2024-08-27 03:30:00,0,985.9,95.3,0.0,24.3,3.3,0.0,0.0,70.0
2024-08-27 03:45:00,0,985.9,95.6,0.0,24.3,3.2,0.0,0.0,70.0
2024-08-27 04:00:00,0,985.9,95.8,0.0,24.3,3.2,0.0,0.0,70.0
2024-08-27 04:15:00,0,985.9,96.0,0.2,24.3,3.3,0.0,0.0,70.0
2024-08-27 04:30:00,0,985.9,95.7,0.0,24.4,3.5,0.0,0.0,70.0
2024-08-27 04:45:00,0,985.9,95.3,0.0,24.3,3.8,0.0,0.0,70.0
2024-08-27 05:00:00,0,985.9,94.5,0.0,24.2,4.3,0.0,0.0,70.0
2024-08-27 05:15:00,0,985.9,93.6,0.2,24.1,4.8,0.0,0.0,70.0
2024-08-27 05:30:00,0,985.9,93.3,0.0,24.0,5.3,0.0,0.0,70.0
2024-08-27 05:45:00,1,985.9,93.3,0.1,23.9,5.9,0.0,0.0,70.0
2024-08-27 06:00:00,17,985.9,91.6,0.0,23.9,6.6,0.0,0.008,70.0
2024-08-27 06:15:00,34,985.9,91.9,0.0,23.9,7.4,0.0,0.071,70.0
2024-08-27 06:30:00,52,985.9,92.8,0.0,23.9,7.9,0.0,0.153,70.0
2024-08-27 06:45:00,71,985.9,93.2,0.1,23.5,8.4,7.008,0.285,70.0
2024-08-27 07:00:00,90,985.9,92.4,0.3,23.4,8.8,0.0,0.18,70.0
2024-08-27 07:15:00,109,985.9,91.9,0.3,23.3,9.0,13.001,0.463,70.0
2024-08-27 07:30:00,128,985.9,91.9,0.3,23.2,9.2,14.009,0.801,70.0
2024-08-27 07:45:00,148,985.9,91.2,0.5,23.2,9.3,17.005,0.717,70.0
2024-08-27 08:00:00,168,985.9,91.6,0.5,23.1,9.2,30.009,1.175,70.0
2024-08-27 08:15:00,189,985.9,91.2,0.6,23.2,9.1,25.0,1.608,70.0
2024-08-27 08:30:00,209,985.9,91.2,0.5,23.1,8.9,44.007,2.238,70.0
2024-08-27 08:45:00,230,985.9,91.3,0.5,23.1,8.7,35.004,2.207,70.0
2024-08-27 09:00:00,250,985.9,91.3,0.5,23.2,8.6,60.009,4.068,70.0
2024-08-27 09:15:00,271,985.9,91.1,0.5,23.5,8.5,117.008,7.493,70.0
2024-08-27 09:30:00,290,985.9,90.9,0.4,23.5,8.5,58.008,5.129,70.0
2024-08-27 09:45:00,309,985.9,91.2,0.3,23.5,8.6,56.009,2.765,70.0
2024-08-27 10:00:00,329,985.9,91.4,0.2,23.5,8.6,80.004,4.846,70.0
2024-08-27 10:15:00,349,985.9,91.3,0.2,23.6,8.7,110.005,5.752,70.0
2024-08-27 10:30:00,370,986.0,90.7,0.2,23.8,8.8,194.01,8.763,70.0
2024-08-27 10:45:00,390,986.0,89.7,0.1,24.0,8.9,220.009,10.58,70.0
2024-08-27 11:00:00,409,986.0,88.9,0.1,24.2,9.0,184.007,9.11,70.0
2024-08-27 11:15:00,426,986.0,88.2,0.1,24.3,9.2,185.002,10.135,70.0
2024-08-27 11:30:00,441,986.0,87.1,0.2,24.6,9.3,82.004,6.151,70.0
2024-08-27 11:45:00,452,986.0,86.2,0.2,24.9,9.5,94.009,3.843,70.0
2024-08-27 12:00:00,460,986.0,84.9,0.2,25.1,9.7,63.003,3.985,70.0
2024-08-27 12:15:00,463,986.0,83.7,0.1,25.2,9.7,94.002,5.849,70.0
2024-08-27 12:30:00,460,986.0,81.9,0.0,25.6,9.8,199.009,5.999,70.0
2024-08-27 12:45:00,453,986.0,79.8,0.0,25.9,9.8,226.007,12.061,70.0
2024-08-27 13:00:00,439,986.0,78.9,0.2,25.9,9.8,376.008,14.071,70.0
2024-08-27 13:15:00,421,986.0,78.4,0.1,25.9,9.8,288.006,11.26,70.0
2024-08-27 13:30:00,399,986.0,77.6,0.1,26.0,9.7,225.008,11.458,70.0
2024-08-27 13:45:00,374,986.0,77.1,0.2,26.2,9.5,99.002,7.077,70.0
2024-08-27 14:00:00,346,986.0,76.4,0.2,26.4,9.3,84.005,5.728,70.0
2024-08-27 14:15:00,318,986.0,75.9,0.0,26.5,9.0,256.003,13.44,70.0
2024-08-27 14:30:00,289,986.0,76.1,0.0,26.4,8.8,206.0,14.003,70.0
2024-08-27 14:45:00,260,986.0,76.7,0.0,26.4,8.6,146.008,9.035,70.0
2024-08-27 15:00:00,232,986.0,77.8,0.0,26.3,8.4,128.002,5.63,70.0
2024-08-27 15:15:00,206,986.0,77.9,0.1,26.4,8.2,178.0,6.65,70.0
2024-08-27 15:30:00,182,986.0,78.0,0.1,26.3,7.9,291.008,10.087,70.0
2024-08-27 15:45:00,160,986.0,78.0,0.2,26.4,7.8,190.002,8.525,70.0
2024-08-27 16:00:00,139,986.0,78.1,0.0,26.4,7.7,197.001,7.979,70.0
2024-08-27 16:15:00,119,986.0,77.2,0.2,26.3,7.6,253.008,9.017,70.0
2024-08-27 16:30:00,100,986.0,76.6,0.2,26.2,7.6,206.003,8.851,70.0
2024-08-27 16:45:00,83,986.0,77.0,0.1,26.0,7.5,131.002,4.723,70.0
2024-08-27 17:00:00,67,986.0,75.6,0.0,26.0,7.5,105.005,4.024,70.0
2024-08-27 17:15:00,53,986.0,75.2,0.0,25.9,7.4,54.001,2.277,70.0
2024-08-27 17:30:00,40,986.0,74.3,0.2,25.7,7.2,41.002,2.028,70.0
2024-08-27 17:45:00,29,986.0,74.5,0.0,25.5,7.1,50.006,1.76,70.0
2024-08-27 18:00:00,20,986.0,74.8,0.0,25.3,7.0,31.008,0.891,70.0
2024-08-27 18:15:00,12,986.0,75.2,0.2,24.9,6.8,14.007,0.476,70.0
2024-08-27 18:30:00,5,986.0,76.1,0.2,24.6,6.7,0.0,0.0,70.0
2024-08-27 18:45:00,0,986.0,76.9,0.1,24.4,6.5,0.0,0.0,70.0
2024-08-27 19:00:00,0,986.0,77.6,0.0,24.1,6.3,0.0,0.0,70.0
2024-08-27 19:15:00,0,986.0,77.6,0.1,24.0,6.2,0.0,0.0,70.0
2024-08-27 19:30:00,0,986.0,77.6,0.1,23.8,6.1,0.0,0.0,70.0
2024-08-27 19:45:00,0,986.0,78.2,0.2,23.6,6.0,0.0,0.0,70.0
2024-08-27 20:00:00,0,986.0,78.9,0.2,23.4,5.9,0.0,0.0,70.0
2024-08-27 20:15:00,0,986.0,79.0,0.2,23.3,5.8,0.0,0.0,70.0
2024-08-27 20:30:00,0,986.0,79.1,0.2,23.1,5.7,0.0,0.0,70.0
2024-08-27 20:45:00,0,986.0,79.2,0.2,23.0,5.6,0.0,0.0,70.0
2024-08-27 21:00:00,0,986.0,79.4,0.1,22.9,5.5,0.0,0.0,70.0
2024-08-27 21:15:00,0,986.0,79.8,0.1,22.8,5.5,0.0,0.0,70.0
2024-08-27 21:30:00,0,986.0,80.2,0.0,22.7,5.4,0.0,0.0,70.0
2024-08-27 21:45:00,0,986.0,80.4,0.0,22.6,5.3,0.0,0.0,70.0
2024-08-27 22:00:00,0,986.0,80.0,0.0,22.5,5.2,0.0,0.0,70.0
2024-08-27 22:15:00,0,986.0,79.5,0.0,22.4,5.1,0.0,0.0,70.0
2024-08-27 22:30:00,0,986.0,79.6,0.0,22.3,5.0,0.0,0.0,70.0
2024-08-27 22:45:00,0,986.0,80.1,0.0,22.2,4.9,0.0,0.0,70.0
2024-08-27 23:00:00,0,986.0,80.9,0.1,22.1,4.8,0.0,0.0,70.0
2024-08-27 23:15:00,0,986.0,81.7,0.2,22.0,4.7,0.0,0.0,70.0
2024-08-27 23:30:00,0,986.0,82.5,0.1,21.9,4.6,0.0,0.0,70.0
2024-08-27 23:45:00,0,986.0,83.3,0.2,21.8,4.5,0.0,0.0,70.0
2024-08-28 00:00:00,0,986.0,86.1,0.0,21.9,4.3,0.0,0.0,70.0
2024-08-28 00:15:00,0,986.0,86.1,0.0,21.8,4.2,0.0,0.0,70.0
2024-08-28 00:30:00,0,986.0,86.1,0.0,21.7,4.1,0.0,0.0,70.0
2024-08-28 00:45:00,0,986.0,85.9,0.0,21.5,4.1,0.0,0.0,70.0
2024-08-28 01:00:00,0,986.0,85.7,0.0,21.4,4.0,0.0,0.0,70.0
2024-08-28 01:15:00,0,986.0,85.3,0.0,21.3,4.0,0.0,0.0,70.0
2024-08-28 01:30:00,0,986.0,84.9,0.0,21.1,3.9,0.0,0.0,70.0
2024-08-28 01:45:00,0,986.0,84.4,0.0,21.0,3.9,0.0,0.0,70.0
2024-08-28 02:00:00,0,986.0,84.0,0.0,20.9,3.9,0.0,0.0,70.0
2024-08-28 02:15:00,0,986.0,83.6,0.0,20.8,3.9,0.0,0.0,70.0
2024-08-28 02:30:00,0,986.0,83.2,0.0,20.7,3.9,0.0,0.0,70.0
2024-08-28 02:45:00,0,986.0,82.8,0.0,20.6,3.9,0.0,0.0,70.0
2024-08-28 03:00:00,0,986.0,82.5,0.0,20.5,3.9,0.0,0.0,70.0
2024-08-28 03:15:00,0,986.0,82.2,0.0,20.5,3.9,0.0,0.0,70.0
2024-08-28 03:30:00,0,986.0,82.0,0.0,20.4,3.9,0.0,0.0,70.0
2024-08-28 03:45:00,0,986.0,81.9,0.0,20.3,3.9,0.0,0.0,70.0
2024-08-28 04:00:00,0,986.0,81.9,0.0,20.3,3.9,0.0,0.0,70.0
2024-08-28 04:15:00,0,986.0,82.1,0.0,20.2,3.9,0.0,0.0,70.0
2024-08-28 04:30:00,0,986.0,82.2,0.0,20.2,3.8,0.0,0.0,70.0
2024-08-28 04:45:00,0,986.0,82.5,0.0,20.1,3.8,0.0,0.0,70.0
2024-08-28 05:00:00,0,986.0,82.7,0.0,20.1,3.7,0.0,0.0,70.0
2024-08-28 05:15:00,0,986.0,83.1,0.0,20.0,3.7,0.0,0.0,70.0
2024-08-28 05:30:00,0,986.0,83.6,0.0,20.0,3.6,0.0,0.0,70.0
2024-08-28 05:45:00,1,986.0,84.0,0.0,19.9,3.6,0.0,0.0,70.0
2024-08-28 06:00:00,24,986.0,84.5,0.0,19.9,3.5,27.006,1.083,70.0
2024-08-28 06:15:00,51,986.0,84.8,0.0,20.1,3.5,68.001,2.096,70.0
2024-08-28 06:30:00,80,986.0,84.8,0.0,20.4,3.5,115.005,3.915,70.0
2024-08-28 06:45:00,110,986.0,84.3,0.0,20.9,3.6,160.009,6.483,70.0
2024-08-28 07:00:00,144,986.0,83.4,0.0,21.4,3.6,214.009,9.768,70.0
2024-08-28 07:15:00,181,986.0,82.0,0.0,22.0,3.7,269.005,13.533,70.0
2024-08-28 07:30:00,222,986.0,80.4,0.0,22.6,3.8,325.002,17.832,70.0
2024-08-28 07:45:00,266,986.0,78.7,0.0,23.2,4.0,386.003,21.769,70.0
2024-08-28 08:00:00,313,986.0,77.1,0.0,23.7,4.2,441.006,25.862,70.0
2024-08-28 08:15:00,363,986.0,75.7,0.0,24.2,4.3,490.005,29.819,70.0
2024-08-28 08:30:00,415,986.0,74.4,0.0,24.7,4.5,538.005,33.766,70.0
2024-08-28 08:45:00,468,986.0,72.8,0.0,25.2,4.7,593.005,37.252,70.0
2024-08-28 09:00:00,520,986.0,71.3,0.0,25.6,4.8,630.008,40.237,70.0
2024-08-28 09:15:00,571,986.0,69.7,0.0,26.0,5.0,682.006,43.104,70.0
2024-08-28 09:30:00,617,986.0,68.0,0.0,26.3,5.1,719.003,46.005,70.0
2024-08-28 09:45:00,660,986.0,66.0,0.0,26.6,5.2,764.0,48.272,70.0
2024-08-28 10:00:00,698,986.0,64.7,0.0,26.9,5.3,792.004,50.487,70.0
2024-08-28 10:15:00,732,986.0,63.5,0.0,27.1,5.3,826.004,52.28,70.0
2024-08-28 10:30:00,761,986.0,62.3,0.0,27.4,5.4,851.003,53.755,70.0
2024-08-28 10:45:00,787,986.0,61.1,0.0,27.6,5.4,877.009,55.258,70.0
2024-08-28 11:00:00,808,986.0,60.1,0.0,27.8,5.3,900.007,56.169,70.0
2024-08-28 11:15:00,824,986.0,59.2,0.0,28.0,5.3,911.006,56.596,70.0
2024-08-28 11:30:00,837,986.0,58.8,0.0,28.2,5.2,926.009,56.977,70.0
2024-08-28 11:45:00,845,986.0,58.5,0.0,28.3,5.2,930.007,57.212,70.0
2024-08-28 12:00:00,849,986.0,58.5,0.0,28.5,5.1,937.005,57.249,70.0
2024-08-28 12:15:00,850,986.0,58.6,0.0,28.6,5.0,946.01,57.142,70.0
2024-08-28 12:30:00,847,986.0,58.6,0.0,28.7,4.9,915.003,56.809,70.0
2024-08-28 12:45:00,841,986.0,58.3,0.0,28.9,4.8,929.007,56.39,70.0
2024-08-28 13:00:00,833,986.0,57.8,0.0,29.0,4.8,912.009,55.853,70.0
2024-08-28 13:15:00,821,986.0,57.3,0.0,29.1,4.7,895.003,54.946,70.0
2024-08-28 13:30:00,807,986.0,57.4,0.0,29.2,4.6,878.007,54.037,70.0
2024-08-28 13:45:00,789,986.0,57.8,0.0,29.2,4.5,854.002,52.328,70.0
2024-08-28 14:00:00,767,986.0,58.1,0.0,29.3,4.5,821.008,51.113,70.0
2024-08-28 14:15:00,741,986.0,57.7,0.0,29.3,4.5,791.004,49.206,70.0
2024-08-28 14:30:00,710,986.0,56.7,0.0,29.3,4.4,733.008,43.708,70.0
2024-08-28 14:45:00,675,986.0,56.0,0.0,29.3,4.4,715.003,44.238,70.0
2024-08-28 15:00:00,636,986.0,55.0,0.0,29.3,4.3,675.006,33.527,70.0
2024-08-28 15:15:00,592,986.0,53.9,0.0,29.3,4.3,621.005,36.426,70.0
2024-08-28 15:30:00,545,986.0,53.2,0.0,29.2,4.3,571.008,34.764,70.0
2024-08-28 15:45:00,494,986.0,53.5,0.0,29.1,4.2,542.006,31.213,70.0
2024-08-28 16:00:00,439,986.0,54.5,0.0,29.0,4.2,492.007,27.448,70.0
2024-08-28 16:15:00,382,986.0,55.5,0.0,28.9,4.1,434.008,23.626,70.0
2024-08-28 16:30:00,325,986.0,56.9,0.0,28.7,4.0,374.009,19.439,70.0
2024-08-28 16:45:00,269,986.0,58.4,0.0,28.6,3.9,321.001,15.786,70.0
2024-08-28 17:00:00,217,986.0,59.1,0.0,28.3,3.7,261.005,11.701,70.0
2024-08-28 17:15:00,169,986.0,60.2,0.0,28.1,3.5,205.004,8.058,70.0
2024-08-28 17:30:00,127,986.0,61.7,0.0,27.7,3.3,149.003,5.339,70.0
2024-08-28 17:45:00,91,986.0,62.9,0.0,27.3,3.2,101.006,3.221,70.0
2024-08-28 18:00:00,60,986.0,64.3,0.0,26.8,3.0,61.003,1.967,70.0
2024-08-28 18:15:00,35,986.0,66.5,0.0,26.3,2.8,24.003,1.049,70.0
2024-08-28 18:30:00,14,986.0,68.5,0.0,25.8,2.7,0.0,0.0,70.0
2024-08-28 18:45:00,0,986.0,69.9,0.0,25.5,2.6,0.0,0.0,70.0
2024-08-28 19:00:00,0,986.0,71.4,0.0,25.2,2.5,0.0,0.0,70.0
2024-08-28 19:15:00,0,986.0,73.1,0.0,24.9,2.5,0.0,0.0,70.0
2024-08-28 19:30:00,0,986.0,75.0,0.0,24.6,2.5,0.0,0.0,70.0
2024-08-28 19:45:00,0,986.0,76.5,0.0,24.4,2.5,0.0,0.0,70.0
2024-08-28 20:00:00,0,986.0,77.4,0.0,24.1,2.5,0.0,0.0,70.0
2024-08-28 20:15:00,0,986.0,78.3,0.0,23.9,2.5,0.0,0.0,70.0
2024-08-28 20:30:00,0,986.0,79.3,0.0,23.7,2.4,0.0,0.0,70.0
2024-08-28 20:45:00,0,986.0,80.3,0.0,23.4,2.4,0.0,0.0,70.0
2024-08-28 21:00:00,0,986.0,81.4,0.0,23.2,2.4,0.0,0.0,70.0
2024-08-28 21:15:00,0,986.0,82.5,0.0,23.0,2.3,0.0,0.0,70.0
2024-08-28 21:30:00,0,986.0,83.5,0.0,22.8,2.3,0.0,0.0,70.0
2024-08-28 21:45:00,0,986.0,84.4,0.0,22.6,2.2,0.0,0.0,70.0
2024-08-28 22:00:00,0,986.0,85.0,0.0,22.5,2.2,0.0,0.0,70.0
2024-08-28 22:15:00,0,986.0,85.4,0.0,22.4,2.2,0.0,0.0,70.0
2024-08-28 22:30:00,0,986.0,85.7,0.0,22.2,2.2,0.0,0.0,70.0
2024-08-28 22:45:00,0,986.0,85.8,0.0,22.1,2.2,0.0,0.0,70.0
2024-08-28 23:00:00,0,986.0,85.8,0.0,22.0,2.2,0.0,0.0,70.0
2024-08-28 23:15:00,0,986.0,85.7,0.0,21.9,2.2,0.0,0.0,70.0
2024-08-28 23:30:00,0,986.0,85.6,0.0,21.8,2.2,0.0,0.0,70.0
2024-08-28 23:45:00,0,986.0,85.4,0.0,21.7,2.2,0.0,0.0,70.0
2024-08-29 00:00:00,0,985.7,85.2,0.0,22.3,2.1,0.0,0.0,70.0
2024-08-29 00:15:00,0,985.7,85.2,0.0,22.3,2.2,0.0,0.0,70.0
2024-08-29 00:30:00,0,985.7,85.2,0.0,22.2,2.2,0.0,0.0,70.0
2024-08-29 00:45:00,0,985.7,85.2,0.0,22.1,2.3,0.0,0.0,70.0
2024-08-29 01:00:00,0,985.7,85.4,0.0,22.0,2.4,0.0,0.0,70.0
2024-08-29 01:15:00,0,985.7,85.6,0.0,22.0,2.4,0.0,0.0,70.0
2024-08-29 01:30:00,0,985.7,85.9,0.0,21.9,2.4,0.0,0.0,70.0
2024-08-29 01:45:00,0,985.7,86.3,0.0,21.9,2.5,0.0,0.0,70.0
2024-08-29 02:00:00,0,985.7,86.8,0.0,21.8,2.5,0.0,0.0,70.0
2024-08-29 02:15:00,0,985.7,87.3,0.0,21.7,2.5,0.0,0.0,70.0
2024-08-29 02:30:00,0,985.7,87.7,0.0,21.7,2.5,0.0,0.0,70.0
2024-08-29 02:45:00,0,985.7,88.1,0.0,21.6,2.6,0.0,0.0,70.0
2024-08-29 03:00:00,0,985.7,88.6,0.0,21.6,2.6,0.0,0.0,70.0
2024-08-29 03:15:00,0,985.7,89.0,0.0,21.6,2.6,0.0,0.0,70.0
2024-08-29 03:30:00,0,985.7,89.4,0.0,21.5,2.5,0.0,0.0,70.0
2024-08-29 03:45:00,0,985.7,89.8,0.0,21.5,2.5,0.0,0.0,70.0
2024-08-29 04:00:00,0,985.7,90.1,0.0,21.4,2.5,0.0,0.0,70.0
2024-08-29 04:15:00,0,985.7,90.4,0.0,21.4,2.5,0.0,0.0,70.0
2024-08-29 04:30:00,0,985.7,90.6,0.0,21.3,2.5,0.0,0.0,70.0
2024-08-29 04:45:00,0,985.7,90.8,0.0,21.3,2.5,0.0,0.0,70.0
2024-08-29 05:00:00,0,985.7,90.9,0.0,21.3,2.5,0.0,0.0,70.0
2024-08-29 05:15:00,0,985.7,91.1,0.0,21.2,2.4,0.0,0.0,70.0
2024-08-29 05:30:00,0,985.7,91.1,0.0,21.2,2.4,0.0,0.0,70.0
2024-08-29 05:45:00,1,985.7,91.2,0.0,21.2,2.4,0.0,0.0,70.0
2024-08-29 06:00:00,23,985.7,91.3,0.0,21.2,2.4,28.006,1.114,70.0
2024-08-29 06:15:00,51,985.7,91.3,0.0,21.3,2.3,64.0,2.187,70.0
2024-08-29 06:30:00,80,985.7,91.2,0.0,21.7,2.2,108.006,4.023,70.0
2024-08-29 06:45:00,111,985.7,91.1,0.0,22.1,2.0,157.003,6.631,70.0
2024-08-29 07:00:00,145,985.7,90.9,0.0,22.5,2.0,208.0,9.81,70.0
2024-08-29 07:15:00,183,985.7,90.4,0.0,23.0,1.9,266.007,13.83,70.0
2024-08-29 07:30:00,224,985.7,90.0,0.0,23.4,1.8,314.006,17.726,70.0
2024-08-29 07:45:00,268,985.8,89.6,0.0,23.8,1.8,372.007,22.035,70.0
2024-08-29 08:00:00,316,985.8,88.6,0.0,24.2,1.7,425.008,26.094,70.0
2024-08-29 08:15:00,366,985.8,88.3,0.0,24.4,1.6,476.001,30.027,70.0
2024-08-29 08:30:00,418,985.8,88.5,0.0,24.6,1.6,527.007,33.553,70.0
2024-08-29 08:45:00,471,985.8,88.4,0.0,24.9,1.7,577.008,36.85,70.0
2024-08-29 09:00:00,523,985.8,87.9,0.0,25.2,1.7,624.003,39.834,70.0
2024-08-29 09:15:00,574,985.8,87.2,0.0,25.6,1.7,666.0,42.631,70.0
2024-08-29 09:30:00,621,985.8,86.1,0.0,26.1,1.7,697.004,45.031,70.0
2024-08-29 09:45:00,663,985.8,84.5,0.0,26.6,1.7,750.003,47.216,70.0
2024-08-29 10:00:00,701,985.8,82.5,0.0,27.0,1.7,776.009,48.161,70.0
2024-08-29 10:15:00,735,985.8,80.6,0.0,27.4,1.6,805.007,50.379,70.0
2024-08-29 10:30:00,765,985.8,78.3,0.0,27.8,1.6,830.008,51.797,70.0
2024-08-29 10:45:00,790,985.8,76.1,0.0,28.1,1.6,853.008,52.617,70.0
2024-08-29 11:00:00,811,985.8,73.7,0.0,28.4,1.6,866.001,53.414,70.0
2024-08-29 11:15:00,828,985.8,71.6,0.0,28.7,1.5,881.008,54.056,70.0
2024-08-29 11:30:00,840,985.8,70.0,0.0,28.9,1.5,894.0,54.338,70.0
2024-08-29 11:45:00,848,985.8,67.4,0.0,29.2,1.4,904.008,54.454,70.0
2024-08-29 12:00:00,851,985.8,65.5,0.0,29.4,1.4,913.003,54.554,70.0
2024-08-29 12:15:00,851,985.8,64.6,0.0,29.5,1.3,923.009,54.42,70.0
2024-08-29 12:30:00,847,985.8,63.7,0.0,29.7,1.3,919.008,54.115,70.0
2024-08-29 12:45:00,839,985.8,62.5,0.0,29.9,1.2,907.001,53.903,70.0
2024-08-29 13:00:00,828,985.8,61.1,0.0,30.0,1.2,915.006,53.061,70.0
2024-08-29 13:15:00,815,985.8,59.8,0.0,30.2,1.1,897.007,52.592,70.0
2024-08-29 13:30:00,797,985.8,58.9,0.0,30.3,1.1,872.004,51.619,70.0
2024-08-29 13:45:00,776,985.8,58.3,0.0,30.4,1.1,848.002,50.245,70.0
2024-08-29 14:00:00,751,985.8,58.1,0.0,30.4,1.1,820.001,48.93,70.0
2024-08-29 14:15:00,722,985.8,58.2,0.0,30.4,1.1,780.002,47.268,70.0
2024-08-29 14:30:00,689,985.8,58.2,0.0,30.5,1.1,745.004,44.995,70.0
2024-08-29 14:45:00,652,985.8,58.0,0.0,30.5,1.0,708.002,42.935,70.0
2024-08-29 15:00:00,611,985.8,57.9,0.0,30.5,1.0,658.002,40.004,70.0
2024-08-29 15:15:00,567,985.8,57.7,0.0,30.5,1.0,614.007,36.974,70.0
2024-08-29 15:30:00,520,985.8,57.7,0.0,30.4,1.0,568.008,33.839,70.0
2024-08-29 15:45:00,469,985.8,57.7,0.0,30.4,1.0,522.002,30.712,70.0
2024-08-29 16:00:00,415,985.8,57.8,0.0,30.3,1.0,469.006,26.661,70.0
2024-08-29 16:15:00,359,985.8,58.2,0.0,30.3,1.0,415.009,22.835,70.0
2024-08-29 16:30:00,303,985.8,58.7,0.0,30.2,1.1,353.001,18.966,70.0
2024-08-29 16:45:00,250,985.8,59.5,0.0,30.0,1.1,302.001,15.012,70.0
2024-08-29 17:00:00,200,985.8,60.6,0.0,29.8,1.1,247.008,11.042,70.0
2024-08-29 17:15:00,155,985.8,62.3,0.0,29.6,1.1,198.007,8.146,70.0
2024-08-29 17:30:00,115,985.8,65.1,0.0,29.4,1.1,142.008,5.453,70.0
2024-08-29 17:45:00,81,985.8,67.6,0.0,29.0,1.2,100.002,3.393,70.0
2024-08-29 18:00:00,53,985.8,69.2,0.0,28.6,1.2,58.002,1.893,70.0
2024-08-29 18:15:00,30,985.8,69.5,0.0,28.1,1.2,21.002,1.008,70.0
2024-08-29 18:30:00,11,985.8,69.7,0.0,28.0,1.2,0.0,0.0,70.0
2024-08-29 18:45:00,0,985.8,70.7,0.0,27.7,1.2,0.0,0.0,70.0
2024-08-29 19:00:00,0,985.8,72.0,0.0,27.5,1.2,0.0,0.0,70.0
2024-08-29 19:15:00,0,985.8,73.0,0.0,27.3,1.2,0.0,0.0,70.0
2024-08-29 19:30:00,0,985.8,73.5,0.0,27.2,1.2,0.0,0.0,70.0
2024-08-29 19:45:00,0,985.8,73.7,0.0,27.1,1.2,0.0,0.0,70.0
2024-08-29 20:00:00,0,985.8,74.1,0.0,26.9,1.1,0.0,0.0,70.0
2024-08-29 20:15:00,0,985.8,74.7,0.0,26.8,1.0,0.0,0.0,70.0
2024-08-29 20:30:00,0,985.8,75.4,0.0,26.6,1.0,0.0,0.0,70.0
2024-08-29 20:45:00,0,985.8,76.0,0.0,26.5,0.9,0.0,0.0,70.0
2024-08-29 21:00:00,0,985.8,76.6,0.0,26.3,0.9,0.0,0.0,70.0
2024-08-29 21:15:00,0,985.8,77.2,0.0,26.2,0.8,0.0,0.0,70.0
2024-08-29 21:30:00,0,985.8,78.1,0.0,26.1,0.9,0.0,0.0,70.0
2024-08-29 21:45:00,0,985.8,78.8,0.0,25.9,0.9,0.0,0.0,70.0
2024-08-29 22:00:00,0,985.8,79.3,0.0,25.7,0.9,0.0,0.0,70.0
2024-08-29 22:15:00,0,985.8,80.0,0.0,25.5,0.9,0.0,0.0,70.0
2024-08-29 22:30:00,0,985.8,80.7,0.0,25.3,1.0,0.0,0.0,70.0
2024-08-29 22:45:00,0,985.8,81.4,0.0,25.1,1.0,0.0,0.0,70.0
2024-08-29 23:00:00,0,985.8,82.1,0.0,24.9,1.1,0.0,0.0,70.0
2024-08-29 23:15:00,0,985.8,82.8,0.0,24.7,1.1,0.0,0.0,70.0
2024-08-29 23:30:00,0,985.8,83.4,0.0,24.5,1.1,0.0,0.0,70.0
2024-08-29 23:45:00,0,985.8,83.9,0.0,24.4,1.2,0.0,0.0,70.0
2024-08-30 00:00:00,0,985.7,88.1,0.0,23.7,2.0,0.0,0.0,70.0
2024-08-30 00:15:00,0,985.7,88.1,0.0,23.6,2.0,0.0,0.0,70.0
2024-08-30 00:30:00,0,985.7,88.1,0.0,23.5,1.9,0.0,0.0,70.0
2024-08-30 00:45:00,0,985.7,88.0,0.0,23.5,1.8,0.0,0.0,70.0
2024-08-30 01:00:00,0,985.7,87.9,0.0,23.4,1.8,0.0,0.0,70.0
2024-08-30 01:15:00,0,985.7,87.8,0.0,23.4,1.7,0.0,0.0,70.0
2024-08-30 01:30:00,0,985.7,87.8,0.0,23.3,1.6,0.0,0.0,70.0
2024-08-30 01:45:00,0,985.7,87.8,0.0,23.3,1.6,0.0,0.0,70.0
2024-08-30 02:00:00,0,985.7,87.7,0.0,23.2,1.5,0.0,0.0,70.0
2024-08-30 02:15:00,0,985.7,87.6,0.0,23.2,1.5,0.0,0.0,70.0
2024-08-30 02:30:00,0,985.7,87.5,0.0,23.1,1.4,0.0,0.0,70.0
2024-08-30 02:45:00,0,985.7,87.4,0.0,23.1,1.3,0.0,0.0,70.0
2024-08-30 03:00:00,0,985.7,87.4,0.0,23.0,1.3,0.0,0.0,70.0
2024-08-30 03:15:00,0,985.7,87.4,0.0,23.0,1.2,0.0,0.0,70.0
2024-08-30 03:30:00,0,985.7,87.6,0.0,22.9,1.2,0.0,0.0,70.0
2024-08-30 03:45:00,0,985.7,87.8,0.0,22.9,1.1,0.0,0.0,70.0
2024-08-30 04:00:00,0,985.7,88.2,0.0,22.8,1.0,0.0,0.0,70.0
2024-08-30 04:15:00,0,985.7,88.5,0.0,22.7,1.0,0.0,0.0,70.0
2024-08-30 04:30:00,0,985.7,88.8,0.0,22.7,1.0,0.0,0.0,70.0
2024-08-30 04:45:00,0,985.7,89.1,0.0,22.6,0.9,0.0,0.0,70.0
2024-08-30 05:00:00,0,985.7,89.3,0.0,22.6,0.9,0.0,0.0,70.0
2024-08-30 05:15:00,0,985.7,89.4,0.0,22.6,0.9,0.0,0.0,70.0
2024-08-30 05:30:00,0,985.7,89.6,0.0,22.5,0.9,0.0,0.0,70.0
2024-08-30 05:45:00,0,985.7,89.6,0.0,22.5,0.9,0.0,0.0,70.0
2024-08-30 06:00:00,21,985.7,89.7,0.0,22.5,0.9,23.008,0.997,70.0
2024-08-30 06:15:00,48,985.7,89.6,0.0,22.5,0.8,50.0,2.243,70.0
2024-08-30 06:30:00,77,985.7,89.4,0.0,22.7,0.8,86.001,4.087,70.0
2024-08-30 06:45:00,107,985.7,89.1,0.0,22.8,0.7,124.004,6.464,70.0
2024-08-30 07:00:00,141,985.7,88.9,0.0,23.2,0.7,164.0,9.382,70.0
2024-08-30 07:15:00,178,985.7,89.0,0.0,23.5,0.6,226.006,12.804,70.0
2024-08-30 07:30:00,218,985.7,88.8,0.0,24.0,0.5,295.001,16.82,70.0
2024-08-30 07:45:00,263,985.8,88.2,0.0,24.5,0.5,354.006,20.365,70.0
2024-08-30 08:00:00,311,985.8,86.0,0.0,25.1,0.4,393.009,23.965,70.0
2024-08-30 08:15:00,361,985.8,84.2,0.0,25.6,0.4,449.005,28.002,70.0
2024-08-30 08:30:00,414,985.8,83.2,0.0,26.1,0.4,496.006,31.733,70.0
2024-08-30 08:45:00,467,985.8,81.1,0.0,26.7,0.5,551.004,35.07,70.0
2024-08-30 09:00:00,520,985.8,79.4,0.0,27.1,0.6,601.005,38.192,70.0
2024-08-30 09:15:00,571,985.8,77.8,0.0,27.6,0.7,641.002,41.112,70.0
2024-08-30 09:30:00,618,985.8,75.8,0.0,28.1,0.9,671.004,43.505,70.0
2024-08-30 09:45:00,661,985.8,73.6,0.0,28.5,1.0,726.002,46.986,70.0
2024-08-30 10:00:00,699,985.8,71.2,0.0,28.8,1.1,755.008,49.196,70.0
2024-08-30 10:15:00,733,985.8,68.6,0.0,29.2,1.3,759.005,50.962,70.0
2024-08-30 10:30:00,763,985.8,66.5,0.0,29.4,1.4,205.007,52.735,70.0
2024-08-30 10:45:00,788,985.8,64.8,0.0,29.7,1.4,867.007,39.393,70.0
2024-08-30 11:00:00,809,985.8,63.7,0.0,29.9,1.5,888.008,45.774,70.0
2024-08-30 11:15:00,826,985.8,62.7,0.0,30.1,1.5,242.006,54.676,70.0
2024-08-30 11:30:00,837,985.8,61.7,0.0,30.2,1.4,907.001,54.642,70.0
2024-08-30 11:45:00,845,985.8,60.6,0.0,30.4,1.4,355.003,54.45,70.0
2024-08-30 12:00:00,849,985.8,60.0,0.0,30.5,1.4,912.002,54.75,70.0
2024-08-30 12:15:00,849,985.8,59.5,0.0,30.6,1.4,874.008,51.993,70.0
2024-08-30 12:30:00,845,985.8,59.1,0.0,30.8,1.4,878.008,49.856,70.0
2024-08-30 12:45:00,839,985.8,58.8,0.0,30.9,1.4,888.001,52.374,70.0
2024-08-30 13:00:00,829,985.8,58.6,0.0,30.9,1.4,879.0,52.279,70.0
2024-08-30 13:15:00,817,985.8,58.5,0.0,31.0,1.4,808.003,51.555,70.0
2024-08-30 13:30:00,802,985.8,58.4,0.0,31.0,1.4,827.001,50.2,70.0
2024-08-30 13:45:00,783,985.8,58.2,0.0,31.1,1.5,793.006,49.264,70.0
2024-08-30 14:00:00,760,985.8,58.0,0.0,31.2,1.5,787.007,44.741,70.0
2024-08-30 14:15:00,733,985.8,57.8,0.0,31.3,1.6,772.002,43.857,70.0
2024-08-30 14:30:00,702,985.8,57.8,0.0,31.3,1.6,708.002,44.239,70.0
2024-08-30 14:45:00,666,985.8,58.2,0.0,31.3,1.6,676.003,41.552,70.0
2024-08-30 15:00:00,626,985.8,58.3,0.0,31.3,1.6,629.002,37.812,70.0
2024-08-30 15:15:00,582,985.8,58.3,0.0,31.3,1.6,587.007,34.751,70.0
2024-08-30 15:30:00,534,985.8,58.3,0.0,31.2,1.6,551.009,31.53,70.0
2024-08-30 15:45:00,483,985.8,58.2,0.0,31.2,1.6,495.005,28.139,70.0
2024-08-30 16:00:00,428,985.8,58.2,0.0,31.2,1.5,437.008,24.782,70.0
2024-08-30 16:15:00,371,985.8,58.2,0.0,31.2,1.5,383.005,21.514,70.0
2024-08-30 16:30:00,314,985.8,58.2,0.0,31.1,1.5,333.007,16.816,70.0
2024-08-30 16:45:00,259,985.8,58.7,0.0,30.9,1.5,150.001,13.089,70.0
2024-08-30 17:00:00,207,985.8,59.8,0.0,30.7,1.5,209.008,12.542,70.0
2024-08-30 17:15:00,161,985.8,61.6,0.0,30.4,1.4,164.0,6.612,70.0
2024-08-30 17:30:00,119,985.8,63.6,0.0,30.1,1.4,115.008,4.87,70.0
2024-08-30 17:45:00,84,985.8,65.1,0.0,29.8,1.5,66.005,3.226,70.0
2024-08-30 18:00:00,54,985.8,65.8,0.0,29.3,1.5,39.005,1.924,70.0
2024-08-30 18:15:00,30,985.8,65.2,0.0,28.9,1.5,16.004,0.893,70.0
2024-08-30 18:30:00,10,985.8,64.1,0.0,28.8,1.6,0.0,0.0,70.0
2024-08-30 18:45:00,0,985.8,63.3,0.0,28.6,1.6,0.0,0.0,70.0
2024-08-30 19:00:00,0,985.8,63.6,0.0,28.5,1.7,0.0,0.0,70.0
2024-08-30 19:15:00,0,985.8,64.9,0.0,28.3,1.7,0.0,0.0,70.0
2024-08-30 19:30:00,0,985.8,66.8,0.0,28.1,1.8,0.0,0.0,70.0
2024-08-30 19:45:00,0,985.8,68.6,0.0,27.9,1.8,0.0,0.0,70.0
2024-08-30 20:00:00,0,985.8,70.1,0.0,27.6,1.8,0.0,0.0,70.0
2024-08-30 20:15:00,0,985.8,71.2,0.0,27.5,1.8,0.0,0.0,70.0
2024-08-30 20:30:00,0,985.8,72.2,0.0,27.3,1.8,0.0,0.0,70.0
2024-08-30 20:45:00,0,985.8,72.8,0.0,27.2,1.8,0.0,0.0,70.0
2024-08-30 21:00:00,0,985.8,73.2,0.0,27.2,1.7,0.0,0.0,70.0
2024-08-30 21:15:00,0,985.8,73.4,0.0,27.1,1.7,0.0,0.0,70.0
2024-08-30 21:30:00,0,985.8,73.9,0.0,27.0,1.6,0.0,0.0,70.0
2024-08-30 21:45:00,0,985.8,74.6,0.0,26.9,1.6,0.0,0.0,70.0
2024-08-30 22:00:00,0,985.8,75.4,0.0,26.9,1.6,0.0,0.0,70.0
2024-08-30 22:15:00,0,985.8,76.3,0.0,26.7,1.5,0.0,0.0,70.0
2024-08-30 22:30:00,0,985.8,77.1,0.0,26.6,1.5,0.0,0.0,70.0
2024-08-30 22:45:00,0,985.8,77.6,0.0,26.5,1.5,0.0,0.0,70.0
2024-08-30 23:00:00,0,985.8,77.9,0.0,26.4,1.5,0.0,0.0,70.0
2024-08-30 23:15:00,0,985.8,78.2,0.0,26.3,1.4,0.0,0.0,70.0
2024-08-30 23:30:00,0,985.8,78.5,0.0,26.2,1.4,0.0,0.0,70.0
2024-08-30 23:45:00,0,985.8,78.9,0.0,26.2,1.4,0.0,0.0,70.0
2024-08-31 00:00:00,0,985.8,78.0,0.0,26.1,1.7,0.0,0.0,70.0
2024-08-31 00:15:00,0,985.8,79.1,0.0,26.0,1.7,0.0,0.0,70.0
2024-08-31 00:30:00,0,985.8,80.2,0.0,25.8,1.8,0.0,0.0,70.0
2024-08-31 00:45:00,0,985.8,81.0,0.0,25.7,1.8,0.0,0.0,70.0
2024-08-31 01:00:00,0,985.8,81.8,0.0,25.6,1.8,0.0,0.0,70.0
2024-08-31 01:15:00,0,985.8,82.6,0.0,25.4,1.8,0.0,0.0,70.0
2024-08-31 01:30:00,0,985.8,83.4,0.0,25.3,1.9,0.0,0.0,70.0
2024-08-31 01:45:00,0,985.8,83.9,0.0,25.1,1.9,0.0,0.0,70.0
2024-08-31 02:00:00,0,985.8,84.1,0.0,25.1,1.9,0.0,0.0,70.0
2024-08-31 02:15:00,0,985.8,84.3,0.0,25.0,2.0,0.0,0.0,70.0
2024-08-31 02:30:00,0,985.8,84.5,0.0,24.9,2.0,0.0,0.0,70.0
2024-08-31 02:45:00,0,985.8,84.7,0.0,24.9,2.0,0.0,0.0,70.0
2024-08-31 03:00:00,0,985.8,84.9,0.0,24.8,2.0,0.0,0.0,70.0
2024-08-31 03:15:00,0,985.8,85.2,0.0,24.7,2.0,0.0,0.0,70.0
2024-08-31 03:30:00,0,985.8,85.4,0.0,24.6,2.1,0.0,0.0,70.0
2024-08-31 03:45:00,0,985.8,85.6,0.0,24.5,2.1,0.0,0.0,70.0
2024-08-31 04:00:00,0,985.8,85.8,0.0,24.5,2.1,0.0,0.0,70.0
2024-08-31 04:15:00,0,985.8,86.1,0.0,24.4,2.1,0.0,0.0,70.0
2024-08-31 04:30:00,0,985.8,86.4,0.0,24.3,2.1,0.0,0.0,70.0
2024-08-31 04:45:00,0,985.8,86.7,0.0,24.2,2.1,0.0,0.0,70.0
2024-08-31 05:00:00,0,985.8,86.9,0.0,24.2,2.1,0.0,0.0,70.0
2024-08-31 05:15:00,0,985.8,86.9,0.0,24.2,2.1,0.0,0.0,70.0
2024-08-31 05:30:00,0,985.8,86.9,0.0,24.2,2.1,0.0,0.0,70.0
2024-08-31 05:45:00,0,985.8,87.0,0.0,24.1,2.1,0.0,0.0,70.0
2024-08-31 06:00:00,19,985.8,87.1,0.0,24.1,2.1,21.009,1.007,70.0
2024-08-31 06:15:00,46,985.8,87.1,0.0,24.1,2.0,51.01,2.183,70.0
2024-08-31 06:30:00,74,985.8,87.1,0.0,24.3,1.9,92.004,3.659,70.0
2024-08-31 06:45:00,104,985.8,87.0,0.0,24.8,1.8,127.007,5.445,70.0
2024-08-31 07:00:00,137,985.8,87.3,0.0,25.2,1.7,186.004,8.146,70.0
2024-08-31 07:15:00,173,985.8,87.4,0.0,25.6,1.7,231.003,11.623,70.0
2024-08-31 07:30:00,213,985.8,87.2,0.0,26.0,1.6,270.008,15.079,70.0
2024-08-31 07:45:00,257,985.8,86.1,0.0,26.6,1.5,317.01,18.589,70.0
2024-08-31 08:00:00,304,985.8,83.2,0.0,27.1,1.4,375.009,22.57,70.0
2024-08-31 08:15:00,354,985.8,81.7,0.0,27.6,1.4,424.004,26.099,70.0
2024-08-31 08:30:00,405,985.8,79.9,0.0,28.0,1.4,476.0,29.735,70.0
2024-08-31 08:45:00,458,985.8,78.9,0.0,28.3,1.4,519.008,32.729,70.0
2024-08-31 09:00:00,510,985.8,77.3,0.0,28.6,1.4,559.002,35.909,70.0
2024-08-31 09:15:00,560,985.8,76.0,0.0,28.9,1.4,606.006,38.566,70.0
2024-08-31 09:30:00,607,985.8,74.9,0.0,29.2,1.3,643.008,41.019,70.0
2024-08-31 09:45:00,648,985.8,73.5,0.0,29.4,1.3,684.004,43.665,70.0
2024-08-31 10:00:00,686,985.8,72.5,0.0,29.7,1.2,715.007,46.098,70.0
2024-08-31 10:15:00,719,985.8,71.4,0.0,29.9,1.1,709.004,45.86,70.0
2024-08-31 10:30:00,748,985.8,70.2,0.0,30.1,1.0,794.007,45.765,70.0
2024-08-31 10:45:00,773,985.8,68.6,0.0,30.3,0.9,851.005,49.754,70.0
2024-08-31 11:00:00,793,985.8,67.2,0.0,30.5,0.8,852.001,52.16,70.0
2024-08-31 11:15:00,809,985.8,66.3,0.0,30.7,0.8,855.008,52.19,70.0
2024-08-31 11:30:00,820,985.8,65.6,0.0,30.8,0.7,858.008,51.966,70.0
2024-08-31 11:45:00,827,985.8,65.0,0.0,31.0,0.7,869.002,47.832,70.0
2024-08-31 12:00:00,830,985.8,64.3,0.0,31.1,0.6,852.005,53.31,70.0
2024-08-31 12:15:00,829,985.8,63.6,0.0,31.3,0.7,905.009,48.521,70.0
2024-08-31 12:30:00,824,985.8,63.0,0.0,31.4,0.7,878.01,50.049,70.0
2024-08-31 12:45:00,815,985.8,62.3,0.0,31.5,0.8,885.002,43.167,70.0
2024-08-31 13:00:00,804,985.8,61.8,0.0,31.6,0.9,839.002,35.506,70.0
2024-08-31 13:15:00,789,985.8,61.9,0.0,31.7,0.9,804.009,34.607,70.0
2024-08-31 13:30:00,770,985.8,62.0,0.0,31.7,1.0,740.008,43.543,70.0
2024-08-31 13:45:00,748,985.8,61.9,0.0,31.7,1.1,802.007,33.237,70.0
2024-08-31 14:00:00,723,985.8,61.4,0.0,31.7,1.2,787.008,37.452,70.0
2024-08-31 14:15:00,693,985.8,61.3,0.0,31.7,1.3,732.009,34.362,70.0
2024-08-31 14:30:00,660,985.8,61.7,0.0,31.6,1.4,706.006,26.951,70.0
2024-08-31 14:45:00,623,985.8,61.0,0.0,31.8,1.4,637.004,33.025,70.0
2024-08-31 15:00:00,582,985.8,60.7,0.0,31.8,1.5,588.004,22.283,70.0
2024-08-31 15:15:00,539,985.8,60.9,0.0,31.8,1.5,533.002,25.71,70.0
2024-08-31 15:30:00,492,985.8,61.5,0.0,31.7,1.6,235.003,27.031,70.0
2024-08-31 15:45:00,444,985.8,61.6,0.0,31.6,1.6,384.004,22.826,70.0
2024-08-31 16:00:00,392,985.8,61.9,0.1,31.5,1.7,438.0,21.757,70.0
2024-08-31 16:15:00,338,985.8,61.9,0.1,31.4,1.7,380.002,16.178,70.0
2024-08-31 16:30:00,285,985.8,62.6,0.1,31.2,1.7,317.003,16.633,70.0
2024-08-31 16:45:00,234,985.8,64.4,0.0,31.0,1.6,244.008,12.324,70.0
2024-08-31 17:00:00,187,985.8,65.8,0.0,30.8,1.6,206.006,9.181,70.0
2024-08-31 17:15:00,144,985.8,67.9,0.0,30.5,1.5,152.008,7.053,70.0
2024-08-31 17:30:00,106,985.8,70.2,0.0,30.2,1.5,109.007,4.872,70.0
2024-08-31 17:45:00,74,985.8,72.1,0.0,29.9,1.5,69.009,3.191,70.0
2024-08-31 18:00:00,47,985.8,73.5,0.0,29.5,1.4,38.003,1.854,70.0
2024-08-31 18:15:00,25,985.8,74.0,0.0,29.1,1.4,15.007,0.805,70.0
2024-08-31 18:30:00,8,985.8,74.2,0.1,28.9,1.4,0.0,0.0,70.0
2024-08-31 18:45:00,0,985.8,74.5,0.1,28.7,1.5,0.0,0.0,70.0
2024-08-31 19:00:00,0,985.8,75.1,0.1,28.6,1.5,0.0,0.0,70.0
2024-08-31 19:15:00,0,985.8,76.0,0.0,28.4,1.6,0.0,0.0,70.0
2024-08-31 19:30:00,0,985.8,77.4,0.1,28.2,1.6,0.0,0.0,70.0
2024-08-31 19:45:00,0,985.8,79.3,0.1,28.0,1.7,0.0,0.0,70.0
2024-08-31 20:00:00,0,985.8,81.3,0.1,27.8,1.7,0.0,0.0,70.0
2024-08-31 20:15:00,0,985.8,82.4,0.1,27.7,1.7,0.0,0.0,70.0
2024-08-31 20:30:00,0,985.8,82.9,0.1,27.6,1.7,0.0,0.0,70.0
2024-08-31 20:45:00,0,985.8,83.0,0.1,27.5,1.7,0.0,0.0,70.0
2024-08-31 21:00:00,0,985.8,83.2,0.1,27.4,1.7,0.0,0.0,70.0
2024-08-31 21:15:00,0,985.8,83.7,0.0,27.3,1.6,0.0,0.0,70.0
2024-08-31 21:30:00,0,985.8,84.5,0.0,27.1,1.6,0.0,0.0,70.0
2024-08-31 21:45:00,0,985.8,85.4,0.0,26.9,1.6,0.0,0.0,70.0
2024-08-31 22:00:00,0,985.8,86.7,0.0,26.7,1.6,0.0,0.0,70.0
2024-08-31 22:15:00,0,985.8,88.2,0.0,26.5,1.7,0.0,0.0,70.0
2024-08-31 22:30:00,0,985.8,89.7,0.0,26.2,1.7,0.0,0.0,70.0
2024-08-31 22:45:00,0,985.8,91.1,0.0,26.0,1.8,0.0,0.0,70.0
2024-08-31 23:00:00,0,985.8,92.5,0.0,25.8,1.9,0.0,0.0,70.0
2024-08-31 23:15:00,0,985.8,93.9,0.0,25.6,2.0,0.0,0.0,70.0
2024-08-31 23:30:00,0,985.8,95.2,0.0,25.4,2.0,0.0,0.0,70.0
2024-08-31 23:45:00,0,985.8,96.2,0.0,25.2,2.1,0.0,0.0,70.0
2024-09-01 00:00:00,0,985.8,95.8,0.0,25.2,2.3,0.0,0.0,70.0
2024-09-01 00:15:00,0,985.8,95.9,0.0,25.1,2.3,0.0,0.0,70.0
2024-09-01 00:30:00,0,985.8,95.9,0.0,25.0,2.2,0.0,0.0,70.0
2024-09-01 00:45:00,0,985.8,95.9,0.0,24.9,2.2,0.0,0.0,70.0
2024-09-01 01:00:00,0,985.8,95.9,0.0,24.8,2.1,0.0,0.0,70.0
2024-09-01 01:15:00,0,985.8,96.1,0.0,24.8,2.1,0.0,0.0,70.0
2024-09-01 01:30:00,0,985.8,96.2,0.0,24.7,2.0,0.0,0.0,70.0
2024-09-01 01:45:00,0,985.8,96.4,0.0,24.6,1.9,0.0,0.0,70.0
2024-09-01 02:00:00,0,985.7,96.5,0.0,24.5,1.9,0.0,0.0,70.0
2024-09-01 02:15:00,0,985.7,96.7,0.0,24.5,1.8,0.0,0.0,70.0
2024-09-01 02:30:00,0,985.7,96.8,0.0,24.4,1.8,0.0,0.0,70.0
2024-09-01 02:45:00,0,985.7,96.9,0.0,24.4,1.7,0.0,0.0,70.0
2024-09-01 03:00:00,0,985.7,97.1,0.0,24.3,1.6,0.0,0.0,70.0
2024-09-01 03:15:00,0,985.7,97.4,0.0,24.3,1.6,0.0,0.0,70.0
2024-09-01 03:30:00,0,985.7,97.7,0.0,24.2,1.5,0.0,0.0,70.0
2024-09-01 03:45:00,0,985.7,97.9,0.0,24.2,1.5,0.0,0.0,70.0
2024-09-01 04:00:00,0,985.7,98.3,0.0,24.2,1.5,0.0,0.0,70.0
2024-09-01 04:15:00,0,985.7,98.5,0.0,24.1,1.4,0.0,0.0,70.0
2024-09-01 04:30:00,0,985.7,98.6,0.0,24.1,1.4,0.0,0.0,70.0
2024-09-01 04:45:00,0,985.7,98.7,0.0,24.0,1.3,0.0,0.0,70.0
2024-09-01 05:00:00,0,985.7,98.7,0.0,24.0,1.3,0.0,0.0,70.0
2024-09-01 05:15:00,0,985.7,98.6,0.0,24.0,1.3,0.0,0.0,70.0
2024-09-01 05:30:00,0,985.7,98.6,0.0,24.0,1.2,0.0,0.0,70.0
2024-09-01 05:45:00,0,985.7,98.5,0.0,23.9,1.2,0.0,0.0,70.0
2024-09-01 06:00:00,17,985.7,98.4,0.0,23.9,1.2,24.002,1.217,70.0
2024-09-01 06:15:00,42,985.7,98.3,0.0,23.9,1.2,41.004,2.268,70.0
2024-09-01 06:30:00,69,985.7,98.2,0.0,24.1,1.2,85.006,3.94,70.0
2024-09-01 06:45:00,97,985.7,98.0,0.0,24.2,1.3,113.002,4.834,70.0
2024-09-01 07:00:00,128,985.7,97.4,0.0,24.4,1.3,151.002,6.734,70.0
2024-09-01 07:15:00,163,985.7,96.3,0.0,24.8,1.4,119.001,7.524,70.0
2024-09-01 07:30:00,202,985.7,94.8,0.0,25.2,1.5,169.001,11.486,70.0
2024-09-01 07:45:00,245,985.8,93.5,0.0,25.5,1.6,260.005,16.788,70.0
2024-09-01 08:00:00,291,985.8,92.4,0.0,25.9,1.8,336.0,20.44,70.0
2024-09-01 08:15:00,339,985.8,91.1,0.0,26.4,1.9,386.004,24.532,70.0
2024-09-01 08:30:00,390,985.8,88.8,0.0,27.1,2.1,438.008,24.522,70.0
2024-09-01 08:45:00,440,985.8,86.4,0.0,27.6,2.2,451.0,26.527,70.0
2024-09-01 09:00:00,491,985.8,84.7,0.0,28.2,2.3,510.004,33.033,70.0
2024-09-01 09:15:00,538,985.8,83.0,0.0,28.7,2.4,584.001,36.057,70.0
2024-09-01 09:30:00,582,985.8,81.5,0.0,29.2,2.5,625.002,38.122,70.0
2024-09-01 09:45:00,620,985.8,79.6,0.0,29.7,2.6,578.007,35.695,70.0
2024-09-01 10:00:00,653,985.8,78.0,0.0,30.2,2.6,640.01,42.633,70.0
2024-09-01 10:15:00,681,985.8,76.6,0.0,30.7,2.6,733.003,44.107,70.0
2024-09-01 10:30:00,704,985.8,75.3,0.0,31.2,2.6,774.001,44.825,70.0
2024-09-01 10:45:00,721,985.8,73.8,0.0,31.6,2.7,867.004,39.158,70.0
2024-09-01 11:00:00,734,985.8,72.2,0.0,32.0,2.7,726.003,48.062,70.0
2024-09-01 11:15:00,743,985.8,70.7,0.0,32.3,2.7,375.008,40.003,70.0
2024-09-01 11:30:00,746,985.8,69.5,0.0,32.6,2.7,361.003,26.226,70.0
2024-09-01 11:45:00,746,985.8,68.5,0.0,32.9,2.7,452.004,30.017,70.0
2024-09-01 12:00:00,742,985.8,67.9,0.0,33.0,2.6,386.002,30.785,70.0
2024-09-01 12:15:00,735,985.8,67.4,0.0,33.1,2.6,574.007,33.869,70.0
2024-09-01 12:30:00,725,985.8,67.0,0.0,33.3,2.6,426.004,46.479,70.0
2024-09-01 12:45:00,713,985.8,66.5,0.0,33.4,2.6,694.007,47.881,70.0
2024-09-01 13:00:00,699,985.8,65.6,0.0,33.5,2.6,820.004,35.436,70.0
2024-09-01 13:15:00,681,985.8,64.9,0.0,33.6,2.6,850.006,45.293,70.0
2024-09-01 13:30:00,661,985.8,64.0,0.0,33.7,2.6,381.008,27.525,70.0
2024-09-01 13:45:00,638,985.8,63.9,0.0,33.6,2.5,306.003,35.084,70.0
2024-09-01 14:00:00,612,985.8,66.6,0.1,33.1,2.5,736.003,43.034,70.0
2024-09-01 14:15:00,583,985.8,65.0,0.0,33.1,2.5,673.003,34.762,70.0
2024-09-01 14:30:00,551,985.8,64.0,0.0,33.4,2.6,668.008,30.693,70.0
2024-09-01 14:45:00,517,985.8,63.6,0.0,33.5,2.6,353.004,24.042,70.0
2024-09-01 15:00:00,480,985.8,64.2,0.0,33.5,2.6,226.004,13.764,70.0
2024-09-01 15:15:00,442,985.8,65.5,0.1,33.3,2.5,195.005,12.025,70.0
2024-09-01 15:30:00,401,985.8,66.9,0.0,33.0,2.5,130.001,18.54,70.0
2024-09-01 15:45:00,359,985.8,68.3,0.2,32.7,2.4,158.002,24.954,70.0
2024-09-01 16:00:00,315,985.8,71.4,0.1,32.2,2.4,151.007,17.101,70.0
2024-09-01 16:15:00,270,985.8,72.2,0.0,31.8,2.3,232.005,13.484,70.0
2024-09-01 16:30:00,226,985.8,72.5,0.1,31.8,2.2,128.008,11.366,70.0
2024-09-01 16:45:00,184,985.8,73.9,0.0,31.7,2.1,168.009,7.689,70.0
2024-09-01 17:00:00,145,985.8,76.0,0.0,31.4,1.9,92.006,6.301,70.0
2024-09-01 17:15:00,110,985.8,78.7,0.0,31.0,1.8,56.009,3.12,70.0
2024-09-01 17:30:00,80,985.8,80.4,0.0,30.8,1.6,22.001,0.78,70.0
2024-09-01 17:45:00,55,985.8,81.6,0.0,30.4,1.5,9.003,0.546,70.0
2024-09-01 18:00:00,34,985.8,81.9,0.0,30.1,1.4,0.0,0.09,70.0
2024-09-01 18:15:00,18,985.8,82.5,0.0,29.9,1.4,0.0,0.15,70.0
2024-09-01 18:30:00,5,985.8,82.5,0.0,29.9,1.5,0.0,0.0,70.0
2024-09-01 18:45:00,0,985.8,82.4,0.1,29.8,1.6,0.0,0.0,70.0
2024-09-01 19:00:00,0,985.8,82.7,0.2,29.7,1.8,0.0,0.0,70.0
2024-09-01 19:15:00,0,985.8,83.9,0.2,29.4,2.0,0.0,0.0,70.0
2024-09-01 19:30:00,0,985.8,87.1,0.1,29.0,2.1,0.0,0.0,70.0
2024-09-01 19:45:00,0,985.8,89.2,0.0,28.5,2.3,0.0,0.0,70.0
2024-09-01 20:00:00,0,985.8,90.6,0.1,28.3,2.5,0.0,0.0,70.0
2024-09-01 20:15:00,0,985.8,91.3,0.1,28.1,2.7,0.0,0.0,70.0
2024-09-01 20:30:00,0,985.8,92.9,0.1,27.9,2.8,0.0,0.0,70.0
2024-09-01 20:45:00,0,985.8,94.4,0.2,27.7,2.8,0.0,0.0,70.0
2024-09-01 21:00:00,0,985.8,94.8,0.2,27.6,2.7,0.0,0.0,70.0
2024-09-01 21:15:00,0,985.8,95.3,0.3,27.5,2.7,0.0,0.0,70.0
2024-09-01 21:30:00,0,985.8,95.8,0.3,27.4,2.8,0.0,0.0,70.0
2024-09-01 21:45:00,0,985.8,95.7,0.2,27.3,2.8,0.0,0.0,70.0
2024-09-01 22:00:00,0,985.8,95.7,0.1,27.3,2.9,0.0,0.0,70.0
2024-09-01 22:15:00,0,985.8,96.1,0.1,27.1,3.1,0.0,0.0,70.0
2024-09-01 22:30:00,0,985.8,96.3,0.1,27.0,3.2,0.0,0.0,70.0
2024-09-01 22:45:00,0,985.8,96.0,0.1,26.9,3.4,0.0,0.0,70.0
2024-09-01 23:00:00,0,985.8,95.5,0.1,26.7,3.6,0.0,0.0,70.0
2024-09-01 23:15:00,0,985.8,95.3,0.0,26.5,3.9,0.0,0.0,70.0
2024-09-01 23:30:00,0,985.8,95.2,0.2,26.3,4.1,0.0,0.0,70.0
2024-09-01 23:45:00,0,985.8,95.0,0.2,26.1,4.3,0.0,0.0,70.0
