Time,irradiance,pressure,humidity,cloudiness,temperature,windSpeed,irradianceReal,realPower,capacity
2024-04-16 00:00:00,0,1006.5,76.5,0.0,13.3,2.7,0.0,0.0,100.0
2024-04-16 00:15:00,0,1006.5,78.2,0.0,13.1,2.8,0.0,0.0,100.0
2024-04-16 00:30:00,0,1006.5,80.0,0.0,13.0,2.8,0.0,0.0,100.0
2024-04-16 00:45:00,0,1006.5,82.0,0.0,12.8,2.8,0.0,0.0,100.0
2024-04-16 01:00:00,0,1006.5,84.2,0.0,12.7,2.8,0.0,0.0,100.0
2024-04-16 01:15:00,0,1006.5,86.2,0.0,12.5,2.9,0.0,0.0,100.0
2024-04-16 01:30:00,0,1006.5,88.0,0.0,12.4,2.9,0.0,0.0,100.0
2024-04-16 01:45:00,0,1006.5,89.3,0.0,12.2,2.9,0.0,0.0,100.0
2024-04-16 02:00:00,0,1006.5,90.4,0.0,12.1,2.8,0.0,0.0,100.0
2024-04-16 02:15:00,0,1006.5,91.7,0.0,11.9,2.8,0.0,0.0,100.0
2024-04-16 02:30:00,0,1006.5,92.9,0.0,11.8,2.8,0.0,0.0,100.0
2024-04-16 02:45:00,0,1006.5,94.0,0.0,11.7,2.7,0.0,0.0,100.0
2024-04-16 03:00:00,0,1006.5,94.5,0.0,11.5,2.7,0.0,0.0,100.0
2024-04-16 03:15:00,0,1006.5,94.8,0.0,11.4,2.6,0.0,0.0,100.0
2024-04-16 03:30:00,0,1006.5,95.1,0.0,11.3,2.5,0.0,0.0,100.0
2024-04-16 03:45:00,0,1006.5,95.2,0.0,11.2,2.5,0.0,0.0,100.0
2024-04-16 04:00:00,0,1006.5,94.8,0.0,11.1,2.5,0.0,0.0,100.0
2024-04-16 04:15:00,0,1006.5,94.6,0.0,10.9,2.5,0.0,0.0,100.0
2024-04-16 04:30:00,0,1006.5,94.5,0.0,10.8,2.4,0.0,0.0,100.0
2024-04-16 04:45:00,0,1006.5,94.7,0.0,10.7,2.4,0.0,0.0,100.0
2024-04-16 05:00:00,0,1006.5,95.0,0.0,10.7,2.4,0.0,0.0,100.0
2024-04-16 05:15:00,0,1006.5,95.2,0.0,10.7,2.3,0.0,0.0,100.0
2024-04-16 05:30:00,0,1006.5,95.6,0.0,10.6,2.3,0.0,0.66,100.0
2024-04-16 05:45:00,14,1006.5,95.8,0.0,10.6,2.3,15.0,2.25,100.0
2024-04-16 06:00:00,42,1006.5,93.8,0.0,10.8,2.3,39.0,4.49,100.0
2024-04-16 06:15:00,70,1006.5,92.7,0.0,10.9,2.3,78.0,7.87,100.0
2024-04-16 06:30:00,99,1006.5,90.7,0.0,11.1,2.3,118.0,11.75,100.0
2024-04-16 06:45:00,131,1006.5,85.8,0.0,11.5,2.4,176.0,18.14,100.0
2024-04-16 07:00:00,165,1006.5,83.7,0.0,11.8,2.4,227.0,24.88,100.0
2024-04-16 07:15:00,202,1006.5,83.2,0.0,11.9,2.4,295.0,33.59,100.0
2024-04-16 07:30:00,242,1006.5,83.2,0.0,12.1,2.5,355.0,41.47,100.0
2024-04-16 07:45:00,286,1006.5,83.2,0.0,12.2,2.5,418.0,50.7,100.0
2024-04-16 08:00:00,333,1006.5,84.1,0.0,12.4,2.6,478.0,58.64,100.0
2024-04-16 08:15:00,381,1006.5,85.3,0.0,12.5,2.7,537.0,66.88,100.0
2024-04-16 08:30:00,432,1006.5,86.0,0.0,12.6,2.8,586.0,74.06,100.0
2024-04-16 08:45:00,483,1006.5,85.9,0.0,12.6,2.9,637.0,81.75,100.0
2024-04-16 09:00:00,533,1006.5,84.9,0.0,12.7,3.1,672.0,87.26,100.0
2024-04-16 09:15:00,581,1006.5,83.7,0.0,12.8,3.2,714.0,93.69,100.0
2024-04-16 09:30:00,625,1006.5,82.3,0.0,12.9,3.4,746.0,98.23,100.0
2024-04-16 09:45:00,665,1006.5,80.6,0.0,13.0,3.5,789.0,100.0,100.0
2024-04-16 10:00:00,701,1006.5,79.3,0.0,13.1,3.6,823.0,100.0,100.0
2024-04-16 10:15:00,734,1006.5,78.2,0.0,13.2,3.7,855.0,100.0,100.0
2024-04-16 10:30:00,762,1006.5,77.4,0.0,13.3,3.9,878.0,100.0,100.0
2024-04-16 10:45:00,786,1006.5,76.7,0.0,13.4,4.0,913.0,100.0,100.0
2024-04-16 11:00:00,806,1006.5,76.5,0.0,13.4,4.1,942.0,100.0,100.0
2024-04-16 11:15:00,822,1006.5,76.2,0.0,13.5,4.3,968.0,100.0,100.0
2024-04-16 11:30:00,833,1006.5,75.9,0.0,13.5,4.4,985.0,100.0,100.0
2024-04-16 11:45:00,840,1006.5,74.9,0.0,13.5,4.5,1000.0,100.0,100.0
2024-04-16 12:00:00,843,1006.5,74.2,0.0,13.5,4.6,1008.0,100.0,100.0
2024-04-16 12:15:00,843,1006.5,74.3,0.0,13.5,4.6,1013.0,100.0,100.0
2024-04-16 12:30:00,838,1006.5,74.5,0.0,13.5,4.7,1005.0,100.0,100.0
2024-04-16 12:45:00,830,1006.5,74.2,0.0,13.5,4.8,980.0,100.0,100.0
2024-04-16 13:00:00,819,1006.5,73.6,0.0,13.6,4.8,973.0,100.0,100.0
2024-04-16 13:15:00,806,1006.5,73.0,0.0,13.6,4.8,950.0,100.0,100.0
2024-04-16 13:30:00,789,1006.5,72.4,0.0,13.6,4.9,917.0,100.0,100.0
2024-04-16 13:45:00,768,1006.5,71.7,0.0,13.6,4.9,878.0,100.0,100.0
2024-04-16 14:00:00,743,1006.5,70.8,0.0,13.6,4.8,848.0,100.0,100.0
2024-04-16 14:15:00,715,1006.5,69.6,0.0,13.7,4.8,836.0,100.0,100.0
2024-04-16 14:30:00,682,1006.5,68.0,0.0,13.8,4.8,810.0,100.0,100.0
2024-04-16 14:45:00,646,1006.5,66.7,0.0,13.8,4.7,775.0,98.81,100.0
2024-04-16 15:00:00,606,1006.5,65.7,0.0,13.9,4.7,693.0,88.9,100.0
2024-04-16 15:15:00,562,1006.5,64.8,0.0,13.9,4.6,722.0,87.96,100.0
2024-04-16 15:30:00,515,1006.5,63.8,0.0,14.0,4.5,664.0,81.07,100.0
2024-04-16 15:45:00,465,1006.5,63.1,0.0,14.0,4.4,605.0,71.91,100.0
2024-04-16 16:00:00,411,1006.5,62.5,0.0,14.1,4.3,548.0,45.23,100.0
2024-04-16 16:15:00,355,1006.5,62.0,0.0,14.1,4.2,481.0,44.91,100.0
2024-04-16 16:30:00,300,1006.5,61.7,0.0,14.1,4.1,407.0,45.11,100.0
2024-04-16 16:45:00,247,1006.5,61.4,0.0,14.1,4.0,366.0,38.74,100.0
2024-04-16 17:00:00,198,1006.5,61.4,0.0,14.0,3.9,296.0,30.71,100.0
2024-04-16 17:15:00,153,1006.5,61.7,0.0,14.0,3.8,236.0,22.15,100.0
2024-04-16 17:30:00,113,1006.5,61.9,0.0,13.9,3.7,184.0,15.97,100.0
2024-04-16 17:45:00,80,1006.5,61.9,0.0,13.9,3.6,127.0,9.19,100.0
2024-04-16 18:00:00,51,1006.5,61.8,0.0,13.8,3.4,70.0,5.74,100.0
2024-04-16 18:15:00,29,1006.5,61.6,0.0,13.8,3.3,27.0,2.89,100.0
2024-04-16 18:30:00,10,1006.5,61.3,0.0,13.7,3.2,5.0,1.23,100.0
2024-04-16 18:45:00,0,1006.5,61.0,0.0,13.7,3.1,0.0,0.0,100.0
2024-04-16 19:00:00,0,1006.5,60.7,0.0,13.7,3.0,0.0,0.0,100.0
2024-04-16 19:15:00,0,1006.5,60.6,0.0,13.7,2.9,0.0,0.0,100.0
2024-04-16 19:30:00,0,1006.5,60.7,0.0,13.7,2.8,0.0,0.0,100.0
2024-04-16 19:45:00,0,1006.5,60.9,0.0,13.7,2.7,0.0,0.0,100.0
2024-04-16 20:00:00,0,1006.5,60.6,0.0,13.7,2.6,0.0,0.0,100.0
2024-04-16 20:15:00,0,1006.5,59.8,0.0,13.8,2.5,0.0,0.0,100.0
2024-04-16 20:30:00,0,1006.5,58.8,0.0,13.8,2.5,0.0,0.0,100.0
2024-04-16 20:45:00,0,1006.5,58.0,0.0,13.8,2.4,0.0,0.0,100.0
2024-04-16 21:00:00,0,1006.5,57.6,0.0,13.8,2.3,0.0,0.0,100.0
2024-04-16 21:15:00,0,1006.5,57.6,0.0,13.8,2.3,0.0,0.0,100.0
2024-04-16 21:30:00,0,1006.5,57.7,0.0,13.8,2.2,0.0,0.0,100.0
2024-04-16 21:45:00,0,1006.5,57.6,0.0,13.8,2.2,0.0,0.0,100.0
2024-04-16 22:00:00,0,1006.5,57.0,0.0,13.8,2.2,0.0,0.0,100.0
2024-04-16 22:15:00,0,1006.5,55.9,0.0,13.8,2.1,0.0,0.0,100.0
2024-04-16 22:30:00,0,1006.5,54.4,0.0,13.8,2.1,0.0,0.0,100.0
2024-04-16 22:45:00,0,1006.5,52.8,0.0,13.7,2.1,0.0,0.0,100.0
2024-04-16 23:00:00,0,1006.5,51.2,0.0,13.7,2.1,0.0,0.0,100.0
2024-04-16 23:15:00,0,1006.5,49.5,0.0,13.6,2.1,0.0,0.0,100.0
2024-04-16 23:30:00,0,1006.5,47.6,0.0,13.5,2.1,0.0,0.0,100.0
2024-04-16 23:45:00,0,1006.5,45.8,0.0,13.5,2.0,0.0,0.0,100.0
2024-04-17 00:00:00,0,1006.5,49.9,0.0,13.2,2.3,0.0,0.0,100.0
2024-04-17 00:15:00,0,1006.5,52.4,0.0,13.0,2.3,0.0,0.0,100.0
2024-04-17 00:30:00,0,1006.5,54.2,0.0,12.8,2.3,0.0,0.0,100.0
2024-04-17 00:45:00,0,1006.5,55.6,0.0,12.7,2.3,0.0,0.0,100.0
2024-04-17 01:00:00,0,1006.5,56.9,0.0,12.6,2.3,0.0,0.0,100.0
2024-04-17 01:15:00,0,1006.5,58.2,0.0,12.5,2.3,0.0,0.0,100.0
2024-04-17 01:30:00,0,1006.5,59.1,0.0,12.3,2.4,0.0,0.0,100.0
2024-04-17 01:45:00,0,1006.5,59.4,0.0,12.2,2.4,0.0,0.0,100.0
2024-04-17 02:00:00,0,1006.5,60.3,0.0,12.0,2.4,0.0,0.0,100.0
2024-04-17 02:15:00,0,1006.5,61.7,0.0,11.9,2.4,0.0,0.0,100.0
2024-04-17 02:30:00,0,1006.5,63.1,0.0,11.8,2.4,0.0,0.0,100.0
2024-04-17 02:45:00,0,1006.5,64.5,0.0,11.6,2.4,0.0,0.0,100.0
2024-04-17 03:00:00,0,1006.5,65.0,0.0,11.6,2.4,0.0,0.0,100.0
2024-04-17 03:15:00,0,1006.5,64.4,0.0,11.5,2.4,0.0,0.0,100.0
2024-04-17 03:30:00,0,1006.5,63.3,0.0,11.5,2.4,0.0,0.0,100.0
2024-04-17 03:45:00,0,1006.5,62.6,0.0,11.5,2.4,0.0,0.0,100.0
2024-04-17 04:00:00,0,1006.5,62.3,0.0,11.4,2.4,0.0,0.0,100.0
2024-04-17 04:15:00,0,1006.5,62.0,0.0,11.4,2.4,0.0,0.0,100.0
2024-04-17 04:30:00,0,1006.5,61.9,0.0,11.4,2.4,0.0,0.0,100.0
2024-04-17 04:45:00,0,1006.5,62.2,0.0,11.3,2.4,0.0,0.0,100.0
2024-04-17 05:00:00,0,1006.5,62.9,0.0,11.2,2.4,0.0,0.0,100.0
2024-04-17 05:15:00,0,1006.5,63.8,0.0,11.0,2.3,0.0,0.0,100.0
2024-04-17 05:30:00,0,1006.5,64.8,0.0,10.9,2.3,0.0,0.89,100.0
2024-04-17 05:45:00,16,1006.5,66.1,0.0,10.8,2.3,21.0,2.88,100.0
2024-04-17 06:00:00,43,1006.5,67.6,0.0,10.7,2.3,61.0,5.78,100.0
2024-04-17 06:15:00,71,1006.5,69.0,0.0,10.6,2.3,117.0,11.38,100.0
2024-04-17 06:30:00,99,1006.5,70.1,0.0,10.7,2.3,118.0,11.77,100.0
2024-04-17 06:45:00,130,1006.5,70.9,0.0,10.7,2.3,147.0,14.11,100.0
2024-04-17 07:00:00,164,1006.5,71.4,0.0,11.0,2.3,222.0,25.15,100.0
2024-04-17 07:15:00,201,1006.5,71.5,0.0,11.3,2.2,331.0,35.78,100.0
2024-04-17 07:30:00,241,1006.5,71.3,0.0,11.6,2.2,386.0,42.29,100.0
2024-04-17 07:45:00,285,1006.5,70.5,0.0,12.1,2.1,457.0,51.11,100.0
2024-04-17 08:00:00,332,1006.5,69.4,0.0,12.7,2.1,499.0,57.8,100.0
2024-04-17 08:15:00,381,1006.5,67.9,0.0,13.3,2.1,561.0,64.96,100.0
2024-04-17 08:30:00,431,1006.5,66.5,0.0,13.9,2.0,588.0,71.82,100.0
2024-04-17 08:45:00,483,1006.5,65.5,0.0,14.4,2.0,647.0,78.76,100.0
2024-04-17 09:00:00,533,1006.5,63.6,0.0,15.0,2.0,702.0,81.49,100.0
2024-04-17 09:15:00,581,1006.6,61.5,0.0,15.4,2.0,729.0,86.56,100.0
2024-04-17 09:30:00,626,1006.6,60.5,0.0,15.9,2.0,698.0,84.59,100.0
2024-04-17 09:45:00,666,1006.6,60.0,0.0,16.3,2.0,811.0,99.61,100.0
2024-04-17 10:00:00,702,1006.6,58.3,0.0,16.7,2.1,765.0,100.0,100.0
2024-04-17 10:15:00,734,1006.6,56.8,0.0,17.0,2.1,868.0,100.0,100.0
2024-04-17 10:30:00,762,1006.6,55.3,0.0,17.2,2.2,900.0,100.0,100.0
2024-04-17 10:45:00,786,1006.6,53.7,0.0,17.3,2.3,861.0,100.0,100.0
2024-04-17 11:00:00,805,1006.6,51.8,0.0,17.4,2.4,903.0,100.0,100.0
2024-04-17 11:15:00,820,1006.6,50.1,0.0,17.4,2.4,979.0,100.0,100.0
2024-04-17 11:30:00,831,1006.6,48.9,0.0,17.3,2.5,990.0,100.0,100.0
2024-04-17 11:45:00,838,1006.6,48.1,0.0,17.3,2.6,1010.0,100.0,100.0
2024-04-17 12:00:00,840,1006.6,47.7,0.0,17.2,2.6,1032.0,100.0,100.0
2024-04-17 12:15:00,839,1006.6,47.3,0.0,17.2,2.7,896.0,100.0,100.0
2024-04-17 12:30:00,834,1006.6,46.4,0.0,17.1,2.8,992.0,100.0,100.0
2024-04-17 12:45:00,826,1006.6,45.6,0.0,17.0,2.8,974.0,100.0,100.0
2024-04-17 13:00:00,815,1006.6,45.0,0.0,17.0,2.9,956.0,100.0,100.0
2024-04-17 13:15:00,801,1006.6,44.5,0.0,17.0,3.0,931.0,100.0,100.0
2024-04-17 13:30:00,784,1006.6,44.1,0.0,16.9,3.1,899.0,100.0,100.0
2024-04-17 13:45:00,763,1006.6,43.9,0.0,16.9,3.2,862.0,100.0,100.0
2024-04-17 14:00:00,738,1006.6,43.9,0.0,16.9,3.3,822.0,100.0,100.0
2024-04-17 14:15:00,710,1006.6,43.8,0.0,16.9,3.3,797.0,99.35,100.0
2024-04-17 14:30:00,677,1006.6,43.5,0.0,17.0,3.4,759.0,98.21,100.0
2024-04-17 14:45:00,641,1006.6,43.0,0.0,17.0,3.4,721.0,93.34,100.0
2024-04-17 15:00:00,601,1006.6,42.5,0.0,17.1,3.4,695.0,88.58,100.0
2024-04-17 15:15:00,557,1006.6,42.1,0.0,17.1,3.4,640.0,81.92,100.0
2024-04-17 15:30:00,510,1006.6,41.6,0.0,17.2,3.3,617.0,76.28,100.0
2024-04-17 15:45:00,461,1006.6,41.2,0.0,17.2,3.3,578.0,67.18,100.0
2024-04-17 16:00:00,407,1006.6,41.3,0.0,17.3,3.3,523.0,46.41,100.0
2024-04-17 16:15:00,352,1006.6,41.4,0.0,17.3,3.2,467.0,46.25,100.0
2024-04-17 16:30:00,297,1006.6,41.6,0.0,17.3,3.1,414.0,43.19,100.0
2024-04-17 16:45:00,245,1006.6,41.8,0.0,17.4,3.1,344.0,36.03,100.0
2024-04-17 17:00:00,196,1006.6,42.2,0.0,17.4,3.0,284.0,28.71,100.0
2024-04-17 17:15:00,151,1006.6,43.1,0.0,17.4,2.9,224.0,19.45,100.0
2024-04-17 17:30:00,112,1006.6,44.5,0.0,17.3,2.9,146.0,13.78,100.0
2024-04-17 17:45:00,79,1006.6,45.9,0.0,17.2,2.8,93.0,8.8,100.0
2024-04-17 18:00:00,51,1006.6,46.8,0.0,17.1,2.8,57.0,5.71,100.0
2024-04-17 18:15:00,29,1006.6,47.4,0.0,17.1,2.8,26.0,3.01,100.0
2024-04-17 18:30:00,11,1006.6,48.1,0.0,17.0,2.8,4.0,1.16,100.0
2024-04-17 18:45:00,0,1006.6,49.2,0.0,16.8,2.8,0.0,0.0,100.0
2024-04-17 19:00:00,0,1006.6,50.5,0.0,16.8,2.9,0.0,0.0,100.0
2024-04-17 19:15:00,0,1006.6,51.5,0.0,16.8,2.9,0.0,0.0,100.0
2024-04-17 19:30:00,0,1006.6,52.4,0.0,16.8,2.9,0.0,0.0,100.0
2024-04-17 19:45:00,0,1006.6,53.8,0.0,16.7,3.0,0.0,0.0,100.0
2024-04-17 20:00:00,0,1006.6,56.1,0.0,16.4,3.0,0.0,0.0,100.0
2024-04-17 20:15:00,0,1006.6,57.3,0.0,16.2,3.1,0.0,0.0,100.0
2024-04-17 20:30:00,0,1006.6,57.7,0.0,16.1,3.2,0.0,0.0,100.0
2024-04-17 20:45:00,0,1006.5,59.0,0.0,15.9,3.2,0.0,0.0,100.0
2024-04-17 21:00:00,0,1006.5,62.4,0.0,15.5,3.3,0.0,0.0,100.0
2024-04-17 21:15:00,0,1006.5,67.0,0.0,14.9,3.4,0.0,0.0,100.0
2024-04-17 21:30:00,0,1006.5,71.0,0.0,14.4,3.5,0.0,0.0,100.0
2024-04-17 21:45:00,0,1006.5,75.2,0.0,14.0,3.6,0.0,0.0,100.0
2024-04-17 22:00:00,0,1006.5,78.3,0.0,13.7,3.7,0.0,0.0,100.0
2024-04-17 22:15:00,0,1006.5,79.7,0.0,13.4,3.7,0.0,0.0,100.0
2024-04-17 22:30:00,0,1006.5,80.3,0.0,13.2,3.8,0.0,0.0,100.0
2024-04-17 22:45:00,0,1006.5,80.8,0.0,13.1,3.9,0.0,0.0,100.0
2024-04-17 23:00:00,0,1006.5,81.1,0.0,12.9,4.0,0.0,0.0,100.0
2024-04-17 23:15:00,0,1006.5,81.2,0.0,12.8,4.1,0.0,0.0,100.0
2024-04-17 23:30:00,0,1006.5,81.5,0.0,12.6,4.1,0.0,0.0,100.0
2024-04-17 23:45:00,0,1006.5,81.6,0.0,12.5,4.2,0.0,0.0,100.0
2024-04-18 00:00:00,0,1006.5,79.7,0.0,12.4,4.1,0.0,0.0,100.0
2024-04-18 00:15:00,0,1006.5,79.9,0.0,12.3,4.1,0.0,0.0,100.0
2024-04-18 00:30:00,0,1006.5,80.1,0.0,12.2,4.0,0.0,0.0,100.0
2024-04-18 00:45:00,0,1006.5,80.1,0.0,12.1,4.0,0.0,0.0,100.0
2024-04-18 01:00:00,0,1006.5,80.2,0.0,12.0,4.0,0.0,0.0,100.0
2024-04-18 01:15:00,0,1006.5,80.2,0.0,11.9,4.0,0.0,0.0,100.0
2024-04-18 01:30:00,0,1006.5,80.3,0.0,11.8,4.0,0.0,0.0,100.0
2024-04-18 01:45:00,0,1006.5,80.3,0.0,11.7,4.0,0.0,0.0,100.0
2024-04-18 02:00:00,0,1006.5,80.5,0.0,11.6,3.9,0.0,0.0,100.0
2024-04-18 02:15:00,0,1006.5,80.7,0.0,11.5,3.9,0.0,0.0,100.0
2024-04-18 02:30:00,0,1006.5,80.7,0.0,11.5,3.9,0.0,0.0,100.0
2024-04-18 02:45:00,0,1006.5,80.7,0.0,11.4,3.9,0.0,0.0,100.0
2024-04-18 03:00:00,0,1006.5,80.7,0.0,11.3,3.8,0.0,0.0,100.0
2024-04-18 03:15:00,0,1006.5,80.7,0.0,11.2,3.8,0.0,0.0,100.0
2024-04-18 03:30:00,0,1006.5,80.7,0.0,11.2,3.8,0.0,0.0,100.0
2024-04-18 03:45:00,0,1006.5,80.6,0.0,11.1,3.8,0.0,0.0,100.0
2024-04-18 04:00:00,0,1006.5,80.7,0.0,11.1,3.7,0.0,0.0,100.0
2024-04-18 04:15:00,0,1006.5,80.7,0.0,11.0,3.6,0.0,0.0,100.0
2024-04-18 04:30:00,0,1006.5,80.7,0.0,11.0,3.6,0.0,0.0,100.0
2024-04-18 04:45:00,0,1006.5,80.9,0.0,11.0,3.5,0.0,0.0,100.0
2024-04-18 05:00:00,0,1006.5,81.1,0.0,10.9,3.5,0.0,0.0,100.0
2024-04-18 05:15:00,0,1006.5,81.7,0.0,10.7,3.4,0.0,0.0,100.0
2024-04-18 05:30:00,0,1006.5,82.0,0.0,10.7,3.4,1.0,0.67,100.0
2024-04-18 05:45:00,19,1006.5,82.2,0.0,10.7,3.3,18.0,2.53,100.0
2024-04-18 06:00:00,45,1006.5,82.3,0.0,10.7,3.3,32.0,3.9,100.0
2024-04-18 06:15:00,73,1006.5,82.2,0.0,10.8,3.2,77.0,7.96,100.0
2024-04-18 06:30:00,102,1006.5,82.0,0.0,11.0,3.1,112.0,11.55,100.0
2024-04-18 06:45:00,132,1006.5,81.7,0.0,11.3,3.0,159.0,16.91,100.0
2024-04-18 07:00:00,165,1006.5,81.2,0.0,11.6,2.9,212.0,22.77,100.0
2024-04-18 07:15:00,202,1006.5,80.4,0.0,12.0,2.8,268.0,30.24,100.0
2024-04-18 07:30:00,241,1006.5,79.3,0.0,12.6,2.7,324.0,37.03,100.0
2024-04-18 07:45:00,284,1006.5,77.9,0.0,13.2,2.6,387.0,45.42,100.0
2024-04-18 08:00:00,329,1006.5,76.0,0.0,13.8,2.4,434.0,52.43,100.0
2024-04-18 08:15:00,377,1006.5,74.0,0.0,14.3,2.3,491.0,60.16,100.0
2024-04-18 08:30:00,425,1006.5,72.7,0.0,14.8,2.2,528.0,65.89,100.0
2024-04-18 08:45:00,475,1006.5,72.0,0.0,15.4,2.1,557.0,73.73,100.0
2024-04-18 09:00:00,523,1006.5,71.4,0.0,16.1,2.1,626.0,68.03,100.0
2024-04-18 09:15:00,570,1006.6,70.6,0.0,16.7,2.0,679.0,67.22,100.0
2024-04-18 09:30:00,613,1006.6,69.4,0.0,17.3,2.0,697.0,69.64,100.0
2024-04-18 09:45:00,651,1006.6,66.4,0.0,17.8,2.0,739.0,76.2,100.0
2024-04-18 10:00:00,686,1006.6,63.4,0.0,18.3,2.0,769.0,63.29,100.0
2024-04-18 10:15:00,717,1006.6,61.0,0.0,18.6,2.0,799.0,95.95,100.0
2024-04-18 10:30:00,744,1006.6,58.1,0.0,19.0,2.0,749.0,82.42,100.0
2024-04-18 10:45:00,766,1006.6,54.2,0.0,19.2,2.0,786.0,97.1,100.0
2024-04-18 11:00:00,785,1006.6,50.7,0.0,19.4,2.0,893.0,100.0,100.0
2024-04-18 11:15:00,800,1006.6,48.2,0.0,19.4,2.0,899.0,100.0,100.0
2024-04-18 11:30:00,810,1006.6,46.7,0.0,19.3,2.1,916.0,100.0,100.0
2024-04-18 11:45:00,817,1006.6,46.3,0.0,19.2,2.1,926.0,100.0,100.0
2024-04-18 12:00:00,819,1006.6,46.3,0.0,19.0,2.2,908.0,100.0,100.0
2024-04-18 12:15:00,818,1006.6,46.7,0.0,18.9,2.3,927.0,100.0,100.0
2024-04-18 12:30:00,813,1006.6,46.9,0.0,18.7,2.4,924.0,100.0,100.0
2024-04-18 12:45:00,805,1006.6,46.7,0.0,18.6,2.5,911.0,100.0,100.0
2024-04-18 13:00:00,795,1006.6,46.3,0.0,18.6,2.6,895.0,100.0,100.0
2024-04-18 13:15:00,782,1006.6,45.9,0.0,18.5,2.8,869.0,100.0,100.0
2024-04-18 13:30:00,765,1006.6,45.8,0.0,18.5,3.0,847.0,100.0,100.0
2024-04-18 13:45:00,745,1006.6,45.6,0.0,18.4,3.1,811.0,100.0,100.0
2024-04-18 14:00:00,722,1006.6,45.5,0.0,18.2,3.3,788.0,99.51,100.0
2024-04-18 14:15:00,695,1006.6,45.7,0.0,18.1,3.4,757.0,96.55,100.0
2024-04-18 14:30:00,663,1006.6,46.1,0.0,18.0,3.5,724.0,91.64,100.0
2024-04-18 14:45:00,628,1006.6,47.1,0.0,17.9,3.6,680.0,77.01,100.0
2024-04-18 15:00:00,589,1006.5,48.8,0.0,17.7,3.7,643.0,76.66,100.0
2024-04-18 15:15:00,547,1006.5,50.3,0.0,17.5,3.7,602.0,70.36,100.0
2024-04-18 15:30:00,501,1006.5,51.7,0.0,17.3,3.8,553.0,66.66,100.0
2024-04-18 15:45:00,453,1006.5,52.9,0.0,17.2,3.8,499.0,59.15,100.0
2024-04-18 16:00:00,401,1006.5,54.0,0.0,17.0,3.8,458.0,52.26,100.0
2024-04-18 16:15:00,347,1006.5,56.6,0.0,16.7,3.8,399.0,44.75,100.0
2024-04-18 16:30:00,293,1006.5,57.9,0.0,16.6,3.8,350.0,38.3,100.0
2024-04-18 16:45:00,242,1006.5,58.8,0.0,16.6,3.8,288.0,30.52,100.0
2024-04-18 17:00:00,194,1006.5,59.4,0.0,16.7,3.8,237.0,24.52,100.0
2024-04-18 17:15:00,150,1006.5,60.3,0.0,16.8,3.8,180.0,17.97,100.0
2024-04-18 17:30:00,112,1006.5,61.3,0.0,16.9,3.7,135.0,13.09,100.0
2024-04-18 17:45:00,79,1006.5,62.9,0.0,16.9,3.7,88.0,8.78,100.0
2024-04-18 18:00:00,52,1006.5,65.5,0.0,16.4,3.7,56.0,5.76,100.0
2024-04-18 18:15:00,29,1006.5,67.1,0.0,16.2,3.6,26.0,3.13,100.0
2024-04-18 18:30:00,12,1006.5,68.3,0.0,16.2,3.6,6.0,1.18,100.0
2024-04-18 18:45:00,0,1006.5,69.6,0.0,16.1,3.6,0.0,0.0,100.0
2024-04-18 19:00:00,0,1006.5,71.1,0.0,16.1,3.6,0.0,0.0,100.0
2024-04-18 19:15:00,0,1006.5,72.2,0.0,16.1,3.5,0.0,0.0,100.0
2024-04-18 19:30:00,0,1006.5,72.9,0.0,16.2,3.5,0.0,0.0,100.0
2024-04-18 19:45:00,0,1006.6,73.6,0.0,16.2,3.5,0.0,0.0,100.0
2024-04-18 20:00:00,0,1006.6,74.7,0.0,16.2,3.4,0.0,0.0,100.0
2024-04-18 20:15:00,0,1006.6,76.6,0.0,16.1,3.4,0.0,0.0,100.0
2024-04-18 20:30:00,0,1006.6,78.0,0.0,16.1,3.4,0.0,0.0,100.0
2024-04-18 20:45:00,0,1006.6,78.1,0.0,16.1,3.4,0.0,0.0,100.0
2024-04-18 21:00:00,0,1006.6,80.0,0.0,15.8,3.4,0.0,0.0,100.0
2024-04-18 21:15:00,0,1006.6,81.3,0.0,15.6,3.4,0.0,0.0,100.0
2024-04-18 21:30:00,0,1006.5,82.8,0.0,15.4,3.5,0.0,0.0,100.0
2024-04-18 21:45:00,0,1006.5,83.8,0.0,15.2,3.5,0.0,0.0,100.0
2024-04-18 22:00:00,0,1006.5,84.3,0.0,15.0,3.5,0.0,0.0,100.0
2024-04-18 22:15:00,0,1006.5,84.8,0.0,14.8,3.5,0.0,0.0,100.0
2024-04-18 22:30:00,0,1006.5,85.2,0.0,14.6,3.6,0.0,0.0,100.0
2024-04-18 22:45:00,0,1006.5,85.5,0.0,14.4,3.6,0.0,0.0,100.0
2024-04-18 23:00:00,0,1006.5,85.6,0.0,14.3,3.6,0.0,0.0,100.0
2024-04-18 23:15:00,0,1006.5,85.5,0.0,14.1,3.6,0.0,0.0,100.0
2024-04-18 23:30:00,0,1006.5,85.4,0.0,14.0,3.7,0.0,0.0,100.0
2024-04-18 23:45:00,0,1006.5,85.3,0.0,13.9,3.7,0.0,0.0,100.0
2024-04-20 00:00:00,0,1006.5,62.8,0.0,14.7,3.5,0.0,0.0,100.0
2024-04-20 00:15:00,0,1006.4,64.2,0.0,14.7,3.5,0.0,0.0,100.0
2024-04-20 00:30:00,0,1006.4,65.4,0.0,14.6,3.5,0.0,0.0,100.0
2024-04-20 00:45:00,0,1006.4,66.0,0.0,14.5,3.5,0.0,0.0,100.0
2024-04-20 01:00:00,0,1006.4,66.5,0.0,14.5,3.5,0.0,0.0,100.0
2024-04-20 01:15:00,0,1006.4,67.4,0.0,14.4,3.4,0.0,0.0,100.0
2024-04-20 01:30:00,0,1006.4,68.4,0.0,14.4,3.4,0.0,0.0,100.0
2024-04-20 01:45:00,0,1006.4,69.2,0.0,14.3,3.4,0.0,0.0,100.0
2024-04-20 02:00:00,0,1006.4,70.3,0.0,14.3,3.4,0.0,0.0,100.0
2024-04-20 02:15:00,0,1006.4,71.0,0.0,14.2,3.4,0.0,0.0,100.0
2024-04-20 02:30:00,0,1006.4,71.8,0.0,14.2,3.3,0.0,0.0,100.0
2024-04-20 02:45:00,0,1006.4,72.8,0.0,14.1,3.3,0.0,0.0,100.0
2024-04-20 03:00:00,0,1006.4,74.3,0.0,14.0,3.3,0.0,0.0,100.0
2024-04-20 03:15:00,0,1006.4,75.9,0.0,13.9,3.3,0.0,0.0,100.0
2024-04-20 03:30:00,0,1006.4,76.9,0.0,13.8,3.4,0.0,0.0,100.0
2024-04-20 03:45:00,0,1006.4,77.8,0.0,13.8,3.4,0.0,0.0,100.0
2024-04-20 04:00:00,0,1006.4,78.8,0.0,13.7,3.4,0.0,0.0,100.0
2024-04-20 04:15:00,0,1006.4,79.6,0.0,13.5,3.4,0.0,0.0,100.0
2024-04-20 04:30:00,0,1006.4,80.7,0.0,13.3,3.4,0.0,0.0,100.0
2024-04-20 04:45:00,0,1006.4,81.8,0.0,13.2,3.4,0.0,0.0,100.0
2024-04-20 05:00:00,0,1006.4,82.4,0.0,13.2,3.4,0.0,0.0,100.0
2024-04-20 05:15:00,0,1006.4,83.0,0.0,13.1,3.4,0.0,0.0,100.0
2024-04-20 05:30:00,1,1006.4,83.7,0.0,13.0,3.4,3.0,0.96,100.0
2024-04-20 05:45:00,24,1006.4,84.4,0.0,13.0,3.4,17.0,2.41,100.0
2024-04-20 06:00:00,51,1006.4,84.7,0.0,13.0,3.4,30.0,3.96,100.0
2024-04-20 06:15:00,79,1006.4,84.8,0.0,13.1,3.4,95.0,8.58,100.0
2024-04-20 06:30:00,108,1006.4,84.9,0.0,13.2,3.5,142.0,12.95,100.0
2024-04-20 06:45:00,139,1006.4,84.9,0.0,13.4,3.5,198.0,19.37,100.0
2024-04-20 07:00:00,172,1006.4,84.6,0.0,13.6,3.5,252.0,26.26,100.0
2024-04-20 07:15:00,209,1006.4,83.7,0.0,13.9,3.5,316.0,34.45,100.0
2024-04-20 07:30:00,248,1006.4,82.0,0.0,14.2,3.5,369.0,42.03,100.0
2024-04-20 07:45:00,291,1006.5,80.9,0.0,14.4,3.4,430.0,50.54,100.0
2024-04-20 08:00:00,336,1006.5,80.0,0.0,14.7,3.4,484.0,58.34,100.0
2024-04-20 08:15:00,383,1006.5,79.2,0.0,14.9,3.4,542.0,66.78,100.0
2024-04-20 08:30:00,431,1006.5,78.0,0.0,15.2,3.4,586.0,72.03,100.0
2024-04-20 08:45:00,480,1006.5,76.4,0.0,15.5,3.4,634.0,79.16,100.0
2024-04-20 09:00:00,527,1006.5,75.5,0.0,15.7,3.4,667.0,85.31,100.0
2024-04-20 09:15:00,572,1006.5,74.4,0.0,15.9,3.4,703.0,91.47,100.0
2024-04-20 09:30:00,614,1006.5,73.4,0.0,16.0,3.5,735.0,96.38,100.0
2024-04-20 09:45:00,650,1006.5,73.0,0.0,16.2,3.5,778.0,99.63,100.0
2024-04-20 10:00:00,681,1006.5,72.3,0.0,16.4,3.5,810.0,100.0,100.0
2024-04-20 10:15:00,709,1006.5,71.4,0.0,16.6,3.6,846.0,100.0,100.0
2024-04-20 10:30:00,731,1006.5,71.0,0.0,16.7,3.6,864.0,100.0,100.0
2024-04-20 10:45:00,749,1006.5,71.2,0.0,16.7,3.7,886.0,100.0,100.0
2024-04-20 11:00:00,763,1006.5,71.2,0.0,16.8,3.7,926.0,100.0,100.0
2024-04-20 11:15:00,773,1006.5,71.5,0.0,16.8,3.8,670.0,100.0,100.0
2024-04-20 11:30:00,779,1006.5,72.5,0.0,16.7,3.8,937.0,100.0,100.0
2024-04-20 11:45:00,781,1006.5,72.7,0.0,16.6,3.9,961.0,100.0,100.0
2024-04-20 12:00:00,780,1006.5,72.1,0.0,16.6,3.9,962.0,100.0,100.0
2024-04-20 12:15:00,776,1006.5,71.6,0.0,16.6,4.0,963.0,100.0,100.0
2024-04-20 12:30:00,770,1006.5,71.7,0.0,16.6,4.0,959.0,100.0,100.0
2024-04-20 12:45:00,761,1006.5,71.5,0.0,16.7,4.1,947.0,100.0,100.0
2024-04-20 13:00:00,752,1006.5,71.3,0.0,16.7,4.1,926.0,100.0,100.0
2024-04-20 13:15:00,740,1006.5,70.6,0.0,16.7,4.2,908.0,100.0,100.0
2024-04-20 13:30:00,726,1006.5,70.1,0.0,16.7,4.3,868.0,100.0,100.0
2024-04-20 13:45:00,709,1006.5,70.3,0.0,16.7,4.4,840.0,100.0,100.0
2024-04-20 14:00:00,689,1006.5,70.6,0.0,16.7,4.4,812.0,100.0,100.0
2024-04-20 14:15:00,666,1006.5,70.2,0.0,16.7,4.5,778.0,97.66,100.0
2024-04-20 14:30:00,638,1006.5,69.8,0.0,16.8,4.5,761.0,98.52,100.0
2024-04-20 14:45:00,607,1006.5,70.5,0.0,16.7,4.6,701.0,92.11,100.0
2024-04-20 15:00:00,571,1006.5,70.8,0.0,16.7,4.6,674.0,86.4,100.0
2024-04-20 15:15:00,532,1006.5,70.1,0.0,16.7,4.6,631.0,79.42,100.0
2024-04-20 15:30:00,489,1006.5,69.1,0.0,16.8,4.6,599.0,73.47,100.0
2024-04-20 15:45:00,443,1006.5,69.0,0.0,16.8,4.6,540.0,65.06,100.0
2024-04-20 16:00:00,393,1006.5,69.1,0.0,16.8,4.6,493.0,58.17,100.0
2024-04-20 16:15:00,341,1006.5,68.3,0.0,16.9,4.5,415.0,49.15,100.0
2024-04-20 16:30:00,289,1006.5,68.2,0.0,16.9,4.5,352.0,40.08,100.0
2024-04-20 16:45:00,239,1006.5,68.1,0.0,16.9,4.5,322.0,33.83,100.0
2024-04-20 17:00:00,192,1006.5,68.3,0.0,16.9,4.4,258.0,26.58,100.0
2024-04-20 17:15:00,149,1006.5,68.7,0.0,16.9,4.4,199.0,20.02,100.0
2024-04-20 17:30:00,112,1006.5,68.9,0.0,16.9,4.3,158.0,15.36,100.0
2024-04-20 17:45:00,79,1006.5,68.8,0.0,16.8,4.3,120.0,11.26,100.0
2024-04-20 18:00:00,53,1006.5,69.4,0.0,16.7,4.2,81.0,7.65,100.0
2024-04-20 18:15:00,31,1006.5,70.2,0.0,16.5,4.2,41.0,4.69,100.0
2024-04-20 18:30:00,13,1006.5,70.7,0.0,16.3,4.2,14.0,1.92,100.0
2024-04-20 18:45:00,1,1006.5,71.7,0.0,16.1,4.1,0.0,0.0,100.0
2024-04-20 19:00:00,0,1006.5,72.1,0.0,16.0,4.0,0.0,0.0,100.0
2024-04-20 19:15:00,0,1006.5,72.7,0.0,15.8,3.9,0.0,0.0,100.0
2024-04-20 19:30:00,0,1006.5,73.5,0.0,15.7,3.9,0.0,0.0,100.0
2024-04-20 19:45:00,0,1006.5,74.8,0.0,15.5,3.8,0.0,0.0,100.0
2024-04-20 20:00:00,0,1006.5,76.2,0.0,15.4,3.7,0.0,0.0,100.0
2024-04-20 20:15:00,0,1006.5,77.6,0.0,15.3,3.6,0.0,0.0,100.0
2024-04-20 20:30:00,0,1006.5,78.4,0.0,15.2,3.5,0.0,0.0,100.0
2024-04-20 20:45:00,0,1006.5,78.6,0.0,15.1,3.4,0.0,0.0,100.0
2024-04-20 21:00:00,0,1006.5,78.9,0.0,15.0,3.3,0.0,0.0,100.0
2024-04-20 21:15:00,0,1006.5,79.4,0.0,14.9,3.2,0.0,0.0,100.0
2024-04-20 21:30:00,0,1006.5,80.3,0.0,14.8,3.1,0.0,0.0,100.0
2024-04-20 21:45:00,0,1006.5,80.9,0.0,14.8,3.0,0.0,0.0,100.0
2024-04-20 22:00:00,0,1006.5,81.0,0.0,14.8,2.9,0.0,0.0,100.0
2024-04-20 22:15:00,0,1006.5,81.2,0.0,14.8,2.9,0.0,0.0,100.0
2024-04-20 22:30:00,0,1006.5,81.5,0.0,14.9,2.8,0.0,0.0,100.0
2024-04-20 22:45:00,0,1006.5,82.2,0.0,14.9,2.7,0.0,0.0,100.0
2024-04-20 23:00:00,0,1006.5,83.3,0.0,14.8,2.7,0.0,0.0,100.0
2024-04-20 23:15:00,0,1006.5,84.6,0.0,14.8,2.6,0.0,0.0,100.0
2024-04-20 23:30:00,0,1006.5,86.0,0.0,14.7,2.5,0.0,0.0,100.0
2024-04-20 23:45:00,0,1006.5,87.0,0.0,14.6,2.5,0.0,0.0,100.0
2024-04-21 00:00:00,0,1006.5,89.1,0.0,13.2,2.4,0.0,0.0,100.0
2024-04-21 00:15:00,0,1006.5,89.5,0.0,13.1,2.4,0.0,0.0,100.0
2024-04-21 00:30:00,0,1006.5,89.7,0.0,13.1,2.4,0.0,0.0,100.0
2024-04-21 00:45:00,0,1006.5,90.2,0.0,13.0,2.4,0.0,0.0,100.0
2024-04-21 01:00:00,0,1006.5,90.8,0.0,13.0,2.4,0.0,0.0,100.0
2024-04-21 01:15:00,0,1006.5,91.3,0.0,12.9,2.3,0.0,0.0,100.0
2024-04-21 01:30:00,0,1006.5,91.7,0.0,12.9,2.3,0.0,0.0,100.0
2024-04-21 01:45:00,0,1006.5,91.9,0.0,12.9,2.3,0.0,0.0,100.0
2024-04-21 02:00:00,0,1006.5,92.1,0.0,12.8,2.3,0.0,0.0,100.0
2024-04-21 02:15:00,0,1006.5,92.5,0.0,12.8,2.3,0.0,0.0,100.0
2024-04-21 02:30:00,0,1006.5,93.0,0.0,12.7,2.2,0.0,0.0,100.0
2024-04-21 02:45:00,0,1006.5,93.2,0.0,12.6,2.2,0.0,0.0,100.0
2024-04-21 03:00:00,0,1006.5,93.2,0.0,12.6,2.2,0.0,0.0,100.0
2024-04-21 03:15:00,0,1006.5,93.2,0.0,12.5,2.1,0.0,0.0,100.0
2024-04-21 03:30:00,0,1006.5,93.2,0.0,12.5,2.1,0.0,0.0,100.0
2024-04-21 03:45:00,0,1006.5,93.2,0.0,12.5,2.0,0.0,0.0,100.0
2024-04-21 04:00:00,0,1006.5,93.2,0.0,12.4,2.0,0.0,0.0,100.0
2024-04-21 04:15:00,0,1006.5,93.2,0.0,12.4,1.9,0.0,0.0,100.0
2024-04-21 04:30:00,0,1006.5,93.0,0.0,12.3,1.9,0.0,0.0,100.0
2024-04-21 04:45:00,0,1006.5,92.6,0.0,12.3,1.8,0.0,0.0,100.0
2024-04-21 05:00:00,0,1006.5,92.1,0.0,12.3,1.8,0.0,0.0,100.0
2024-04-21 05:15:00,0,1006.5,91.6,0.0,12.3,1.7,0.0,0.0,100.0
2024-04-21 05:30:00,1,1006.5,91.1,0.0,12.3,1.7,1.0,0.57,100.0
2024-04-21 05:45:00,11,1006.5,90.5,0.0,12.3,1.7,12.0,1.92,100.0
2024-04-21 06:00:00,22,1006.5,89.9,0.0,12.4,1.6,36.0,5.02,100.0
2024-04-21 06:15:00,34,1006.5,89.2,0.0,12.4,1.6,83.0,9.66,100.0
2024-04-21 06:30:00,49,1006.5,88.5,0.0,12.5,1.6,96.0,12.11,100.0
2024-04-21 06:45:00,66,1006.5,87.8,0.0,12.7,1.6,193.0,16.38,100.0
2024-04-21 07:00:00,87,1006.5,86.8,0.0,13.0,1.6,167.0,20.05,100.0
2024-04-21 07:15:00,114,1006.5,85.5,0.0,13.3,1.6,165.0,19.11,100.0
2024-04-21 07:30:00,145,1006.5,84.1,0.0,13.7,1.6,192.0,24.53,100.0
2024-04-21 07:45:00,181,1006.5,82.4,0.0,14.1,1.6,338.0,40.29,100.0
2024-04-21 08:00:00,223,1006.5,81.0,0.0,14.4,1.7,305.0,35.73,100.0
2024-04-21 08:15:00,268,1006.5,80.0,0.0,14.6,1.7,284.0,34.35,100.0
2024-04-21 08:30:00,317,1006.5,79.3,0.0,14.7,1.8,391.0,58.09,100.0
2024-04-21 08:45:00,367,1006.5,79.1,0.0,14.8,1.8,481.0,66.48,100.0
2024-04-21 09:00:00,418,1006.5,78.5,0.0,15.0,1.9,555.0,80.0,100.0
2024-04-21 09:15:00,467,1006.5,77.8,0.0,15.1,2.0,676.0,95.85,100.0
2024-04-21 09:30:00,514,1006.5,76.9,0.0,15.2,2.1,788.0,87.36,100.0
2024-04-21 09:45:00,556,1006.5,76.1,0.0,15.3,2.2,812.0,95.78,100.0
2024-04-21 10:00:00,595,1006.5,75.9,0.0,15.4,2.4,577.0,84.25,100.0
2024-04-21 10:15:00,631,1006.5,76.1,0.0,15.4,2.5,817.0,100.0,100.0
2024-04-21 10:30:00,664,1006.5,76.7,0.0,15.3,2.7,851.0,100.0,100.0
2024-04-21 10:45:00,694,1006.5,77.1,0.0,15.2,2.9,879.0,100.0,100.0
2024-04-21 11:00:00,719,1006.5,77.2,0.0,15.2,3.0,899.0,100.0,100.0
2024-04-21 11:15:00,741,1006.5,77.2,0.0,15.2,3.2,920.0,100.0,100.0
2024-04-21 11:30:00,758,1006.5,77.2,0.0,15.2,3.4,946.0,100.0,100.0
2024-04-21 11:45:00,771,1006.5,77.1,0.0,15.2,3.5,624.0,83.31,100.0
2024-04-21 12:00:00,780,1006.5,77.3,0.0,15.2,3.7,981.0,100.0,100.0
2024-04-21 12:15:00,784,1006.5,77.4,0.0,15.1,3.8,949.0,100.0,100.0
2024-04-21 12:30:00,783,1006.5,77.5,0.0,15.1,4.0,952.0,100.0,100.0
2024-04-21 12:45:00,778,1006.5,77.7,0.0,15.1,4.1,926.0,100.0,100.0
2024-04-21 13:00:00,769,1006.5,77.8,0.0,15.1,4.3,903.0,100.0,100.0
2024-04-21 13:15:00,755,1006.5,77.9,0.0,15.1,4.4,884.0,100.0,100.0
2024-04-21 13:30:00,737,1006.5,78.3,0.0,15.0,4.5,854.0,100.0,100.0
2024-04-21 13:45:00,715,1006.5,78.4,0.0,15.0,4.6,816.0,100.0,100.0
2024-04-21 14:00:00,689,1006.5,78.2,0.0,15.0,4.6,776.0,99.5,100.0
2024-04-21 14:15:00,660,1006.5,78.0,0.0,15.0,4.7,745.0,96.75,100.0
2024-04-21 14:30:00,627,1006.5,77.5,0.0,15.0,4.7,713.0,90.05,100.0
2024-04-21 14:45:00,590,1006.5,77.2,0.0,15.1,4.7,670.0,76.98,100.0
2024-04-21 15:00:00,551,1006.5,77.1,0.0,15.0,4.7,629.0,78.54,100.0
2024-04-21 15:15:00,509,1006.5,76.8,0.0,15.1,4.6,593.0,71.56,100.0
2024-04-21 15:30:00,465,1006.5,76.4,0.0,15.1,4.6,524.0,62.2,100.0
2024-04-21 15:45:00,420,1006.5,76.5,0.0,15.0,4.5,511.0,50.95,100.0
2024-04-21 16:00:00,371,1006.5,76.8,0.0,15.0,4.4,394.0,39.8,100.0
2024-04-21 16:15:00,321,1006.5,76.8,0.0,15.0,4.3,235.0,35.04,100.0
2024-04-21 16:30:00,272,1006.5,75.6,0.0,15.1,4.2,294.0,39.41,100.0
2024-04-21 16:45:00,224,1006.5,74.9,0.0,15.1,4.1,184.0,27.42,100.0
2024-04-21 17:00:00,180,1006.5,74.6,0.0,15.1,4.0,180.0,14.46,100.0
2024-04-21 17:15:00,140,1006.5,74.6,0.0,15.1,3.9,197.0,15.83,100.0
2024-04-21 17:30:00,105,1006.5,75.2,0.0,15.1,3.7,66.0,8.43,100.0
2024-04-21 17:45:00,75,1006.5,76.1,0.0,15.0,3.6,75.0,9.01,100.0
2024-04-21 18:00:00,50,1006.5,76.8,0.0,15.0,3.5,78.0,8.54,100.0
2024-04-21 18:15:00,29,1006.5,77.1,0.0,15.0,3.4,39.0,4.76,100.0
2024-04-21 18:30:00,13,1006.5,77.1,0.0,15.0,3.3,11.0,1.66,100.0
2024-04-21 18:45:00,1,1006.5,77.0,0.0,15.0,3.3,0.0,0.0,100.0
2024-04-21 19:00:00,0,1006.5,76.8,0.0,15.0,3.2,0.0,0.0,100.0
2024-04-21 19:15:00,0,1006.5,76.4,0.0,15.0,3.2,0.0,0.0,100.0
2024-04-21 19:30:00,0,1006.5,76.0,0.0,15.1,3.1,0.0,0.0,100.0
2024-04-21 19:45:00,0,1006.5,76.1,0.0,15.2,3.1,0.0,0.0,100.0
2024-04-21 20:00:00,0,1006.5,76.8,0.0,15.2,3.1,0.0,0.0,100.0
2024-04-21 20:15:00,0,1006.5,77.1,0.0,15.3,3.1,0.0,0.0,100.0
2024-04-21 20:30:00,0,1006.5,77.2,0.0,15.4,3.1,0.0,0.0,100.0
2024-04-21 20:45:00,0,1006.5,77.7,0.0,15.4,3.1,0.0,0.0,100.0
2024-04-21 21:00:00,0,1006.5,79.8,0.0,15.3,3.2,0.0,0.0,100.0
2024-04-21 21:15:00,0,1006.5,81.3,0.0,15.2,3.2,0.0,0.0,100.0
2024-04-21 21:30:00,0,1006.5,82.6,0.0,15.1,3.2,0.0,0.0,100.0
2024-04-21 21:45:00,0,1006.5,82.9,0.0,15.0,3.2,0.0,0.0,100.0
2024-04-21 22:00:00,0,1006.5,83.2,0.0,14.9,3.3,0.0,0.0,100.0
2024-04-21 22:15:00,0,1006.5,83.9,0.0,14.7,3.3,0.0,0.0,100.0
2024-04-21 22:30:00,0,1006.5,84.2,0.0,14.5,3.3,0.0,0.0,100.0
2024-04-21 22:45:00,0,1006.5,84.2,0.0,14.3,3.4,0.0,0.0,100.0
2024-04-21 23:00:00,0,1006.5,84.2,0.0,14.2,3.4,0.0,0.0,100.0
2024-04-21 23:15:00,0,1006.5,84.5,0.0,14.0,3.5,0.0,0.0,100.0
2024-04-21 23:30:00,0,1006.5,85.0,0.0,13.9,3.6,0.0,0.0,100.0
2024-04-21 23:45:00,0,1006.5,85.3,0.0,13.7,3.6,0.0,0.0,100.0
2024-04-22 00:00:00,0,1006.5,84.2,0.0,13.1,4.1,0.0,0.0,100.0
2024-04-22 00:15:00,0,1006.5,84.4,0.0,13.0,4.1,0.0,0.0,100.0
2024-04-22 00:30:00,0,1006.5,84.5,0.0,12.9,4.1,0.0,0.0,100.0
2024-04-22 00:45:00,0,1006.5,84.8,0.0,12.8,4.1,0.0,0.0,100.0
2024-04-22 01:00:00,0,1006.5,85.4,0.0,12.7,4.1,0.0,0.0,100.0
2024-04-22 01:15:00,0,1006.5,86.0,0.0,12.7,4.1,0.0,0.0,100.0
2024-04-22 01:30:00,0,1006.5,86.0,0.0,12.6,4.1,0.0,0.0,100.0
2024-04-22 01:45:00,0,1006.5,85.9,0.0,12.6,4.1,0.0,0.0,100.0
2024-04-22 02:00:00,0,1006.5,85.8,0.0,12.6,4.1,0.0,0.0,100.0
2024-04-22 02:15:00,0,1006.5,85.7,0.0,12.6,4.1,0.0,0.0,100.0
2024-04-22 02:30:00,0,1006.5,85.3,0.2,12.6,4.1,0.0,0.0,100.0
2024-04-22 02:45:00,0,1006.5,84.4,0.2,12.7,4.1,0.0,0.0,100.0
2024-04-22 03:00:00,0,1006.5,83.5,0.2,12.7,4.1,0.0,0.0,100.0
2024-04-22 03:15:00,0,1006.5,82.8,0.2,12.7,4.1,0.0,0.0,100.0
2024-04-22 03:30:00,0,1006.5,82.9,0.1,12.7,4.1,0.0,0.0,100.0
2024-04-22 03:45:00,0,1006.5,83.7,0.0,12.5,4.1,0.0,0.0,100.0
2024-04-22 04:00:00,0,1006.5,84.6,0.0,12.4,4.1,0.0,0.0,100.0
2024-04-22 04:15:00,0,1006.5,84.8,0.0,12.3,4.2,0.0,0.0,100.0
2024-04-22 04:30:00,0,1006.5,84.4,0.0,12.3,4.2,0.0,0.0,100.0
2024-04-22 04:45:00,0,1006.5,84.3,0.0,12.3,4.2,0.0,0.0,100.0
2024-04-22 05:00:00,0,1006.5,84.6,0.0,12.2,4.3,0.0,0.0,100.0
2024-04-22 05:15:00,0,1006.5,85.1,0.0,12.2,4.3,1.0,0.13,100.0
2024-04-22 05:30:00,3,1006.5,85.6,0.0,12.1,4.4,5.0,1.04,100.0
2024-04-22 05:45:00,28,1006.5,85.8,0.0,12.1,4.4,21.0,2.92,100.0
2024-04-22 06:00:00,56,1006.5,85.7,0.0,12.2,4.5,42.0,5.16,100.0
2024-04-22 06:15:00,84,1006.5,85.3,0.0,12.3,4.5,74.0,8.59,100.0
2024-04-22 06:30:00,113,1006.5,84.6,0.0,12.6,4.6,109.0,11.87,100.0
2024-04-22 06:45:00,144,1006.5,83.4,0.0,12.9,4.6,152.0,16.44,100.0
2024-04-22 07:00:00,178,1006.5,81.8,0.0,13.3,4.7,195.0,21.31,100.0
2024-04-22 07:15:00,214,1006.5,79.8,0.0,13.7,4.7,250.0,26.92,100.0
2024-04-22 07:30:00,253,1006.5,78.2,0.0,14.0,4.8,293.0,33.1,100.0
2024-04-22 07:45:00,296,1006.5,76.9,0.0,14.4,4.8,346.0,40.24,100.0
2024-04-22 08:00:00,341,1006.5,75.0,0.0,14.7,4.9,396.0,47.51,100.0
2024-04-22 08:15:00,387,1006.5,73.8,0.0,15.0,4.9,455.0,54.91,100.0
2024-04-22 08:30:00,435,1006.5,73.0,0.0,15.3,4.9,506.0,61.39,100.0
2024-04-22 08:45:00,483,1006.5,71.9,0.0,15.6,4.9,558.0,68.54,100.0
2024-04-22 09:00:00,530,1006.5,70.1,0.0,15.8,5.0,592.0,74.5,100.0
2024-04-22 09:15:00,575,1006.5,69.3,0.0,16.1,5.0,641.0,81.29,100.0
2024-04-22 09:30:00,616,1006.5,68.9,0.0,16.3,5.0,684.0,87.08,100.0
2024-04-22 09:45:00,653,1006.5,68.8,0.0,16.6,5.0,716.0,89.66,100.0
2024-04-22 10:00:00,686,1006.5,68.4,0.0,16.8,5.0,733.0,94.0,100.0
2024-04-22 10:15:00,715,1006.6,67.6,0.0,17.1,5.0,773.0,98.62,100.0
2024-04-22 10:30:00,739,1006.6,66.8,0.0,17.3,5.0,798.0,99.8,100.0
2024-04-22 10:45:00,760,1006.6,66.6,0.0,17.6,4.9,823.0,100.0,100.0
2024-04-22 11:00:00,777,1006.6,66.5,0.0,17.8,4.9,847.0,100.0,100.0
2024-04-22 11:15:00,789,1006.6,66.3,0.0,18.1,4.8,869.0,100.0,100.0
2024-04-22 11:30:00,798,1006.6,65.7,0.0,18.4,4.8,886.0,100.0,100.0
2024-04-22 11:45:00,802,1006.6,64.9,0.0,18.6,4.7,910.0,100.0,100.0
2024-04-22 12:00:00,803,1006.6,64.3,0.0,18.8,4.6,799.0,99.43,100.0
2024-04-22 12:15:00,800,1006.6,63.6,0.0,19.0,4.5,947.0,97.68,100.0
2024-04-22 12:30:00,794,1006.6,62.9,0.0,19.2,4.5,634.0,100.0,100.0
2024-04-22 12:45:00,785,1006.6,62.4,0.0,19.4,4.4,881.0,91.64,100.0
2024-04-22 13:00:00,774,1006.6,61.4,0.0,19.6,4.4,918.0,100.0,100.0
2024-04-22 13:15:00,760,1006.6,61.3,0.0,19.8,4.3,812.0,98.57,100.0
2024-04-22 13:30:00,743,1006.6,60.6,0.0,20.0,4.3,815.0,99.31,100.0
2024-04-22 13:45:00,723,1006.6,59.2,0.0,20.2,4.2,804.0,97.72,100.0
2024-04-22 14:00:00,700,1006.6,58.9,0.0,20.3,4.2,775.0,88.14,100.0
2024-04-22 14:15:00,673,1006.6,58.9,0.0,20.4,4.2,737.0,85.87,100.0
2024-04-22 14:30:00,642,1006.6,58.4,0.0,20.5,4.1,734.0,83.73,100.0
2024-04-22 14:45:00,608,1006.6,57.4,0.0,20.6,4.1,452.0,78.65,100.0
2024-04-22 15:00:00,570,1006.6,56.8,0.0,20.7,4.2,548.0,46.62,100.0
2024-04-22 15:15:00,528,1006.6,56.9,0.0,20.7,4.2,466.0,50.99,100.0
2024-04-22 15:30:00,483,1006.6,57.3,0.0,20.7,4.2,444.0,49.68,100.0
2024-04-22 15:45:00,436,1006.6,57.7,0.0,20.6,4.3,335.0,51.56,100.0
2024-04-22 16:00:00,385,1006.6,57.9,0.0,20.4,4.4,418.0,46.17,100.0
2024-04-22 16:15:00,332,1006.6,58.5,0.0,20.3,4.5,263.0,28.0,100.0
2024-04-22 16:30:00,280,1006.6,59.2,0.0,20.1,4.6,245.0,29.92,100.0
2024-04-22 16:45:00,229,1006.6,60.2,0.0,20.0,4.7,241.0,26.97,100.0
2024-04-22 17:00:00,183,1006.6,62.3,0.0,19.7,4.8,221.0,22.78,100.0
2024-04-22 17:15:00,141,1006.6,63.9,0.0,19.5,4.9,144.0,15.49,100.0
2024-04-22 17:30:00,104,1006.6,65.9,0.0,19.2,5.0,85.0,10.18,100.0
2024-04-22 17:45:00,73,1006.6,68.5,0.0,18.7,5.1,71.0,8.61,100.0
2024-04-22 18:00:00,48,1006.6,70.2,0.0,18.3,5.2,46.0,5.45,100.0
2024-04-22 18:15:00,28,1006.6,71.6,0.0,17.9,5.3,29.0,3.69,100.0
2024-04-22 18:30:00,12,1006.6,71.5,0.0,17.4,5.4,13.0,1.92,100.0
2024-04-22 18:45:00,1,1006.6,71.1,0.0,17.1,5.5,0.0,0.0,100.0
2024-04-22 19:00:00,0,1006.5,71.6,0.0,16.7,5.6,0.0,0.0,100.0
2024-04-22 19:15:00,0,1006.5,71.9,0.0,16.4,5.7,0.0,0.0,100.0
2024-04-22 19:30:00,0,1006.5,72.2,0.0,16.2,5.8,0.0,0.0,100.0
2024-04-22 19:45:00,0,1006.5,72.9,0.0,15.9,5.9,0.0,0.0,100.0
2024-04-22 20:00:00,0,1006.5,73.7,0.0,15.7,5.9,0.0,0.0,100.0
2024-04-22 20:15:00,0,1006.5,74.4,0.0,15.5,6.0,0.0,0.0,100.0
2024-04-22 20:30:00,0,1006.5,75.1,0.0,15.3,6.1,0.0,0.0,100.0
2024-04-22 20:45:00,0,1006.5,75.9,0.0,15.1,6.1,0.0,0.0,100.0
2024-04-22 21:00:00,0,1006.5,76.7,0.0,14.9,6.2,0.0,0.0,100.0
2024-04-22 21:15:00,0,1006.5,77.5,0.0,14.8,6.2,0.0,0.0,100.0
2024-04-22 21:30:00,0,1006.5,78.4,0.0,14.7,6.2,0.0,0.0,100.0
2024-04-22 21:45:00,0,1006.5,79.2,0.0,14.6,6.2,0.0,0.0,100.0
2024-04-22 22:00:00,0,1006.5,80.0,0.0,14.5,6.2,0.0,0.0,100.0
2024-04-22 22:15:00,0,1006.5,80.8,0.0,14.4,6.2,0.0,0.0,100.0
2024-04-22 22:30:00,0,1006.5,81.7,0.0,14.3,6.2,0.0,0.0,100.0
2024-04-22 22:45:00,0,1006.5,82.6,0.0,14.2,6.2,0.0,0.0,100.0
2024-04-22 23:00:00,0,1006.5,83.3,0.0,14.1,6.2,0.0,0.0,100.0
2024-04-22 23:15:00,0,1006.5,84.0,0.0,14.0,6.2,0.0,0.0,100.0
2024-04-22 23:30:00,0,1006.5,84.8,0.0,13.9,6.3,0.0,0.0,100.0
2024-04-22 23:45:00,0,1006.5,85.5,0.0,13.8,6.3,0.0,0.0,100.0
2024-04-23 00:00:00,0,1006.5,81.1,0.0,14.3,6.4,0.0,0.0,100.0
2024-04-23 00:15:00,0,1006.5,81.4,0.0,14.2,6.4,0.0,0.0,100.0
2024-04-23 00:30:00,0,1006.5,81.7,0.0,14.2,6.4,0.0,0.0,100.0
2024-04-23 00:45:00,0,1006.5,82.0,0.0,14.1,6.4,0.0,0.0,100.0
2024-04-23 01:00:00,0,1006.5,82.4,0.0,14.1,6.5,0.0,0.0,100.0
2024-04-23 01:15:00,0,1006.5,83.1,0.0,14.0,6.5,0.0,0.0,100.0
2024-04-23 01:30:00,0,1006.5,83.8,0.0,13.9,6.5,0.0,0.0,100.0
2024-04-23 01:45:00,0,1006.5,84.6,0.0,13.8,6.6,0.0,0.0,100.0
2024-04-23 02:00:00,0,1006.5,85.4,0.0,13.7,6.6,0.0,0.0,100.0
2024-04-23 02:15:00,0,1006.5,86.2,0.0,13.7,6.6,0.0,0.0,100.0
2024-04-23 02:30:00,0,1006.5,87.1,0.0,13.6,6.6,0.0,0.0,100.0
2024-04-23 02:45:00,0,1006.5,87.4,0.0,13.5,6.7,0.0,0.0,100.0
2024-04-23 03:00:00,0,1006.5,87.7,0.0,13.5,6.7,0.0,0.0,100.0
2024-04-23 03:15:00,0,1006.5,87.9,0.0,13.5,6.7,0.0,0.0,100.0
2024-04-23 03:30:00,0,1006.5,88.1,0.0,13.5,6.8,0.0,0.0,100.0
2024-04-23 03:45:00,0,1006.5,88.2,0.0,13.4,6.8,0.0,0.0,100.0
2024-04-23 04:00:00,0,1006.5,88.4,0.0,13.4,6.9,0.0,0.0,100.0
2024-04-23 04:15:00,0,1006.5,88.5,0.0,13.4,6.9,0.0,0.0,100.0
2024-04-23 04:30:00,0,1006.5,88.9,0.0,13.3,7.0,0.0,0.0,100.0
2024-04-23 04:45:00,0,1006.5,89.4,0.0,13.2,7.0,0.0,0.0,100.0
2024-04-23 05:00:00,0,1006.5,89.8,0.0,13.2,7.0,0.0,0.0,100.0
2024-04-23 05:15:00,0,1006.5,90.2,0.0,13.1,7.1,0.0,0.0,100.0
2024-04-23 05:30:00,3,1006.5,90.5,0.0,13.1,7.1,6.0,1.12,100.0
2024-04-23 05:45:00,18,1006.5,91.0,0.0,13.0,7.2,23.0,2.85,100.0
2024-04-23 06:00:00,34,1006.5,91.3,0.0,13.0,7.2,38.0,4.87,100.0
2024-04-23 06:15:00,51,1006.5,91.2,0.0,13.1,7.2,55.0,7.11,100.0
2024-04-23 06:30:00,67,1006.5,91.1,0.0,13.1,7.3,81.0,8.97,100.0
2024-04-23 06:45:00,85,1006.5,90.8,0.0,13.2,7.3,88.0,9.95,100.0
2024-04-23 07:00:00,104,1006.5,90.4,0.0,13.3,7.3,99.0,11.77,100.0
2024-04-23 07:15:00,125,1006.5,90.0,0.0,13.5,7.3,101.0,13.51,100.0
2024-04-23 07:30:00,148,1006.5,89.5,0.0,13.7,7.3,144.0,19.48,100.0
2024-04-23 07:45:00,173,1006.5,88.9,0.0,13.9,7.3,148.0,14.14,100.0
2024-04-23 08:00:00,198,1006.5,88.2,0.0,14.1,7.3,80.0,8.73,100.0
2024-04-23 08:15:00,224,1006.5,87.4,0.0,14.3,7.3,239.0,27.53,100.0
2024-04-23 08:30:00,250,1006.5,86.5,0.0,14.5,7.2,383.0,46.14,100.0
2024-04-23 08:45:00,274,1006.5,85.9,0.0,14.6,7.2,393.0,56.93,100.0
2024-04-23 09:00:00,296,1006.5,85.2,0.0,14.8,7.1,451.0,42.06,100.0
2024-04-23 09:15:00,314,1006.5,84.3,0.0,15.0,7.1,476.0,47.55,100.0
2024-04-23 09:30:00,326,1006.5,83.6,0.2,15.1,7.0,587.0,76.83,100.0
2024-04-23 09:45:00,331,1006.5,83.1,0.4,15.1,7.0,694.0,96.46,100.0
2024-04-23 10:00:00,327,1006.5,83.2,0.4,15.2,7.0,560.0,53.16,100.0
2024-04-23 10:15:00,314,1006.5,83.4,0.4,15.2,7.0,173.0,16.02,100.0
2024-04-23 10:30:00,293,1006.5,85.0,0.7,15.0,6.9,41.0,5.7,100.0
2024-04-23 10:45:00,265,1006.5,85.3,0.4,15.1,6.9,28.0,2.67,100.0
2024-04-23 11:00:00,233,1006.5,85.2,0.3,15.2,6.9,9.0,1.88,100.0
2024-04-23 11:15:00,199,1006.5,84.1,0.5,15.4,6.8,18.0,2.88,100.0
2024-04-23 11:30:00,164,1006.5,85.3,0.5,15.4,6.8,18.0,2.68,100.0
2024-04-23 11:45:00,132,1006.5,86.2,0.7,15.4,6.7,23.0,2.94,100.0
2024-04-23 12:00:00,104,1006.5,86.3,0.3,15.4,6.7,26.0,3.61,100.0
2024-04-23 12:15:00,83,1006.5,86.8,0.5,15.5,6.6,26.0,4.2,100.0
2024-04-23 12:30:00,71,1006.5,88.9,0.5,15.0,6.5,54.0,7.37,100.0
2024-04-23 12:45:00,69,1006.5,89.1,0.7,15.0,6.4,64.0,9.3,100.0
2024-04-23 13:00:00,78,1006.5,89.3,0.5,15.0,6.3,82.0,10.23,100.0
2024-04-23 13:15:00,95,1006.5,92.2,0.4,14.8,6.2,72.0,9.22,100.0
2024-04-23 13:30:00,117,1006.5,92.4,0.2,14.7,6.2,62.0,8.58,100.0
2024-04-23 13:45:00,144,1006.5,93.1,0.4,14.5,6.2,108.0,21.23,100.0
2024-04-23 14:00:00,171,1006.5,92.8,0.3,14.3,6.2,188.0,32.46,100.0
2024-04-23 14:15:00,197,1006.5,93.2,0.2,14.2,6.1,191.0,27.72,100.0
2024-04-23 14:30:00,220,1006.5,92.4,0.1,14.1,6.1,145.0,16.98,100.0
2024-04-23 14:45:00,238,1006.5,91.7,0.1,14.1,6.1,105.0,24.34,100.0
2024-04-23 15:00:00,250,1006.5,91.2,0.0,14.1,6.1,123.0,12.97,100.0
2024-04-23 15:15:00,254,1006.5,90.6,0.0,14.0,6.1,255.0,20.24,100.0
2024-04-23 15:30:00,250,1006.5,89.8,0.0,14.0,6.0,496.0,47.33,100.0
2024-04-23 15:45:00,238,1006.5,90.4,0.0,13.9,5.9,215.0,30.98,100.0
2024-04-23 16:00:00,220,1006.5,91.6,0.0,13.7,5.8,106.0,22.59,100.0
2024-04-23 16:15:00,198,1006.5,91.5,0.0,13.6,5.7,140.0,4.86,100.0
2024-04-23 16:30:00,174,1006.5,91.3,0.0,13.4,5.6,94.0,15.18,100.0
2024-04-23 16:45:00,149,1006.5,91.5,0.0,13.3,5.5,156.0,10.47,100.0
2024-04-23 17:00:00,124,1006.5,91.5,0.0,13.2,5.4,139.0,19.84,100.0
2024-04-23 17:15:00,100,1006.5,90.5,0.0,13.1,5.2,40.0,7.47,100.0
2024-04-23 17:30:00,78,1006.5,88.4,0.0,13.2,5.1,51.0,6.53,100.0
2024-04-23 17:45:00,58,1006.5,87.8,0.0,13.2,5.1,78.0,6.69,100.0
2024-04-23 18:00:00,41,1006.5,86.9,0.0,13.2,5.0,4.0,2.09,100.0
2024-04-23 18:15:00,26,1006.5,86.2,0.0,13.2,4.9,4.0,1.0,100.0
2024-04-23 18:30:00,12,1006.5,86.0,0.0,13.1,4.9,1.0,0.64,100.0
2024-04-23 18:45:00,2,1006.5,85.3,0.0,13.1,4.8,0.0,0.35,100.0
2024-04-23 19:00:00,0,1006.5,84.8,0.0,13.1,4.7,0.0,0.0,100.0
2024-04-23 19:15:00,0,1006.5,84.2,0.0,13.1,4.7,0.0,0.0,100.0
2024-04-23 19:30:00,0,1006.5,83.7,0.0,13.1,4.6,0.0,0.0,100.0
2024-04-23 19:45:00,0,1006.5,83.4,0.0,13.1,4.5,0.0,0.0,100.0
2024-04-23 20:00:00,0,1006.5,83.5,0.0,13.1,4.4,0.0,0.0,100.0
2024-04-23 20:15:00,0,1006.5,83.3,0.0,13.1,4.3,0.0,0.0,100.0
2024-04-23 20:30:00,0,1006.5,83.2,0.0,13.0,4.2,0.0,0.0,100.0
2024-04-23 20:45:00,0,1006.5,83.2,0.0,13.0,4.1,0.0,0.0,100.0
2024-04-23 21:00:00,0,1006.5,83.3,0.0,13.0,4.0,0.0,0.0,100.0
2024-04-23 21:15:00,0,1006.5,83.7,0.0,12.9,4.0,0.0,0.0,100.0
2024-04-23 21:30:00,0,1006.5,84.2,0.0,12.8,3.9,0.0,0.0,100.0
2024-04-23 21:45:00,0,1006.5,84.5,0.0,12.7,3.9,0.0,0.0,100.0
2024-04-23 22:00:00,0,1006.5,84.4,0.0,12.6,3.8,0.0,0.0,100.0
2024-04-23 22:15:00,0,1006.5,85.9,0.0,12.5,3.8,0.0,0.0,100.0
2024-04-23 22:30:00,0,1006.5,87.5,0.0,12.3,3.7,0.0,0.0,100.0
2024-04-23 22:45:00,0,1006.5,88.6,0.0,12.2,3.7,0.0,0.0,100.0
2024-04-23 23:00:00,0,1006.5,89.4,0.0,12.0,3.7,0.0,0.0,100.0
2024-04-23 23:15:00,0,1006.4,89.1,0.0,11.9,3.7,0.0,0.0,100.0
2024-04-23 23:30:00,0,1006.4,89.5,0.0,11.9,3.6,0.0,0.0,100.0
2024-04-23 23:45:00,0,1006.4,89.0,0.0,11.9,3.6,0.0,0.0,100.0
2024-04-24 00:00:00,0,1006.4,90.7,0.0,13.3,5.4,0.0,0.0,100.0
2024-04-24 00:15:00,0,1006.4,90.7,0.0,13.3,5.5,0.0,0.0,100.0
2024-04-24 00:30:00,0,1006.4,90.3,0.0,13.3,5.7,0.0,0.0,100.0
2024-04-24 00:45:00,0,1006.4,89.6,0.0,13.4,5.8,0.0,0.0,100.0
2024-04-24 01:00:00,0,1006.4,88.6,0.0,13.4,5.9,0.0,0.0,100.0
2024-04-24 01:15:00,0,1006.4,84.8,0.0,13.7,6.0,0.0,0.0,100.0
2024-04-24 01:30:00,0,1006.4,83.6,0.0,13.6,6.1,0.0,0.0,100.0
2024-04-24 01:45:00,0,1006.4,84.5,0.0,13.5,6.1,0.0,0.0,100.0
2024-04-24 02:00:00,0,1006.4,85.1,0.0,13.4,6.2,0.0,0.0,100.0
2024-04-24 02:15:00,0,1006.4,84.8,0.0,13.3,6.2,0.0,0.0,100.0
2024-04-24 02:30:00,0,1006.4,84.5,0.0,13.3,6.2,0.0,0.0,100.0
2024-04-24 02:45:00,0,1006.4,85.7,0.0,13.1,6.3,0.0,0.0,100.0
2024-04-24 03:00:00,0,1006.4,85.6,0.0,13.0,6.2,0.0,0.0,100.0
2024-04-24 03:15:00,0,1006.4,85.8,0.0,13.0,6.2,0.0,0.0,100.0
2024-04-24 03:30:00,0,1006.4,86.2,0.0,12.9,6.2,0.0,0.0,100.0
2024-04-24 03:45:00,0,1006.4,86.4,0.0,12.9,6.1,0.0,0.0,100.0
2024-04-24 04:00:00,0,1006.4,86.4,0.0,12.8,6.1,0.0,0.0,100.0
2024-04-24 04:15:00,0,1006.4,86.1,0.0,12.8,5.9,0.0,0.0,100.0
2024-04-24 04:30:00,0,1006.4,85.8,0.0,12.8,5.8,0.0,0.0,100.0
2024-04-24 04:45:00,0,1006.4,85.9,0.0,12.9,5.6,0.0,0.0,100.0
2024-04-24 05:00:00,0,1006.4,85.8,0.0,12.9,5.4,0.0,0.0,100.0
2024-04-24 05:15:00,0,1006.4,86.1,0.0,12.8,5.2,0.0,0.42,100.0
2024-04-24 05:30:00,6,1006.4,87.2,0.0,12.7,5.0,10.0,1.59,100.0
2024-04-24 05:45:00,34,1006.4,88.8,0.0,12.5,4.8,37.0,3.22,100.0
2024-04-24 06:00:00,62,1006.4,90.1,0.0,12.4,4.6,71.0,5.07,100.0
2024-04-24 06:15:00,92,1006.4,91.3,0.0,12.3,4.4,120.0,9.14,100.0
2024-04-24 06:30:00,122,1006.4,93.4,0.0,12.1,4.2,166.0,14.43,100.0
2024-04-24 06:45:00,154,1006.4,93.6,0.0,12.0,4.1,229.0,22.16,100.0
2024-04-24 07:00:00,189,1006.4,93.2,0.0,11.9,3.9,287.0,29.97,100.0
2024-04-24 07:15:00,227,1006.4,93.6,0.0,12.1,3.7,354.0,39.03,100.0
2024-04-24 07:30:00,267,1006.4,94.2,0.0,12.0,3.6,410.0,46.92,100.0
2024-04-24 07:45:00,310,1006.4,94.5,0.0,12.0,3.4,466.0,55.89,100.0
2024-04-24 08:00:00,356,1006.4,94.4,0.0,12.2,3.3,518.0,63.13,100.0
2024-04-24 08:15:00,403,1006.4,94.0,0.0,12.6,3.2,582.0,69.9,100.0
2024-04-24 08:30:00,452,1006.5,93.5,0.0,12.8,3.0,612.0,76.6,100.0
2024-04-24 08:45:00,501,1006.5,91.0,0.0,13.3,2.9,659.0,84.33,100.0
2024-04-24 09:00:00,549,1006.5,86.4,0.0,13.8,2.8,696.0,89.83,100.0
2024-04-24 09:15:00,595,1006.5,83.1,0.0,14.1,2.8,738.0,96.55,100.0
2024-04-24 09:30:00,638,1006.5,81.3,0.0,14.2,2.7,779.0,99.63,100.0
2024-04-24 09:45:00,676,1006.5,80.0,0.0,14.3,2.6,818.0,100.0,100.0
2024-04-24 10:00:00,711,1006.5,78.5,0.0,14.4,2.5,854.0,100.0,100.0
2024-04-24 10:15:00,743,1006.5,77.3,0.0,14.4,2.5,882.0,100.0,100.0
2024-04-24 10:30:00,771,1006.5,76.3,0.0,14.5,2.4,912.0,100.0,100.0
2024-04-24 10:45:00,796,1006.5,75.4,0.0,14.6,2.4,956.0,100.0,100.0
2024-04-24 11:00:00,816,1006.5,74.1,0.0,14.7,2.4,984.0,100.0,100.0
2024-04-24 11:15:00,832,1006.5,72.8,0.0,14.8,2.4,1009.0,100.0,100.0
2024-04-24 11:30:00,844,1006.5,71.8,0.0,14.9,2.4,1029.0,100.0,100.0
2024-04-24 11:45:00,852,1006.5,70.9,0.0,15.0,2.4,1034.0,100.0,100.0
2024-04-24 12:00:00,856,1006.5,69.8,0.0,15.1,2.4,1034.0,100.0,100.0
2024-04-24 12:15:00,856,1006.5,68.6,0.0,15.2,2.4,1034.0,100.0,100.0
2024-04-24 12:30:00,852,1006.5,67.4,0.0,15.3,2.3,1034.0,100.0,100.0
2024-04-24 12:45:00,844,1006.5,65.9,0.0,15.5,2.3,1034.0,100.0,100.0
2024-04-24 13:00:00,833,1006.5,64.1,0.0,15.8,2.2,1007.0,100.0,100.0
2024-04-24 13:15:00,819,1006.5,62.0,0.0,16.0,2.2,976.0,100.0,100.0
2024-04-24 13:30:00,802,1006.5,60.0,0.0,16.3,2.1,940.0,100.0,100.0
2024-04-24 13:45:00,781,1006.5,58.1,0.0,16.6,2.1,898.0,100.0,100.0
2024-04-24 14:00:00,756,1006.5,56.3,0.0,16.9,2.0,868.0,100.0,100.0
2024-04-24 14:15:00,727,1006.5,54.7,0.0,17.2,2.0,832.0,100.0,100.0
2024-04-24 14:30:00,694,1006.5,53.0,0.0,17.5,2.0,796.0,99.44,100.0
2024-04-24 14:45:00,658,1006.5,51.1,0.0,17.9,1.9,755.0,95.24,100.0
2024-04-24 15:00:00,618,1006.5,49.2,0.0,18.2,1.9,724.0,89.79,100.0
2024-04-24 15:15:00,574,1006.5,47.3,0.0,18.6,1.9,680.0,83.38,100.0
2024-04-24 15:30:00,527,1006.5,45.5,0.0,18.9,2.0,648.0,77.41,100.0
2024-04-24 15:45:00,478,1006.5,43.8,0.0,19.2,2.0,594.0,69.76,100.0
2024-04-24 16:00:00,424,1006.5,42.5,0.0,19.6,2.0,544.0,62.52,100.0
2024-04-24 16:15:00,369,1006.5,41.5,0.0,19.8,2.1,480.0,54.55,100.0
2024-04-24 16:30:00,314,1006.5,41.0,0.0,20.1,2.2,428.0,46.97,100.0
2024-04-24 16:45:00,261,1006.5,41.3,0.0,20.3,2.2,373.0,38.86,100.0
2024-04-24 17:00:00,212,1006.5,42.3,0.0,20.4,2.3,319.0,31.84,100.0
2024-04-24 17:15:00,166,1006.5,43.9,0.0,20.4,2.4,254.0,23.4,100.0
2024-04-24 17:30:00,126,1006.5,46.1,0.0,20.4,2.5,203.0,17.23,100.0
2024-04-24 17:45:00,91,1006.6,48.7,0.0,20.2,2.6,148.0,10.78,100.0
2024-04-24 18:00:00,62,1006.6,51.9,0.0,19.9,2.7,91.0,6.69,100.0
2024-04-24 18:15:00,38,1006.6,54.4,0.0,19.6,2.9,44.0,3.85,100.0
2024-04-24 18:30:00,18,1006.5,56.0,0.0,19.2,3.1,16.0,2.16,100.0
2024-04-24 18:45:00,3,1006.5,56.7,0.0,18.8,3.2,0.0,0.65,100.0
2024-04-24 19:00:00,0,1006.5,58.1,0.0,18.5,3.4,0.0,0.0,100.0
2024-04-24 19:15:00,0,1006.5,59.9,0.0,18.2,3.6,0.0,0.0,100.0
2024-04-24 19:30:00,0,1006.5,60.9,0.0,17.9,3.8,0.0,0.0,100.0
2024-04-24 19:45:00,0,1006.5,62.4,0.0,17.6,4.0,0.0,0.0,100.0
2024-04-24 20:00:00,0,1006.5,64.6,0.0,17.4,4.2,0.0,0.0,100.0
2024-04-24 20:15:00,0,1006.5,66.7,0.0,17.1,4.4,0.0,0.0,100.0
2024-04-24 20:30:00,0,1006.5,68.4,0.0,16.8,4.5,0.0,0.0,100.0
2024-04-24 20:45:00,0,1006.5,70.6,0.0,16.6,4.7,0.0,0.0,100.0
2024-04-24 21:00:00,0,1006.5,72.4,0.0,16.5,4.8,0.0,0.0,100.0
2024-04-24 21:15:00,0,1006.5,73.5,0.0,16.4,5.0,0.0,0.0,100.0
2024-04-24 21:30:00,0,1006.5,75.1,0.0,16.3,5.1,0.0,0.0,100.0
2024-04-24 21:45:00,0,1006.5,77.0,0.0,16.1,5.2,0.0,0.0,100.0
2024-04-24 22:00:00,0,1006.5,78.3,0.0,16.0,5.3,0.0,0.0,100.0
2024-04-24 22:15:00,0,1006.5,79.0,0.0,15.9,5.4,0.0,0.0,100.0
2024-04-24 22:30:00,0,1006.5,79.8,0.0,15.8,5.5,0.0,0.0,100.0
2024-04-24 22:45:00,0,1006.5,80.8,0.0,15.6,5.6,0.0,0.0,100.0
2024-04-24 23:00:00,0,1006.5,81.6,0.0,15.5,5.6,0.0,0.0,100.0
2024-04-24 23:15:00,0,1006.5,82.1,0.0,15.4,5.7,0.0,0.0,100.0
2024-04-24 23:30:00,0,1006.5,82.7,0.0,15.2,5.8,0.0,0.0,100.0
2024-04-24 23:45:00,0,1006.5,83.4,0.0,15.1,5.8,0.0,0.0,100.0
2024-04-25 00:00:00,0,1006.5,80.9,0.0,13.4,6.3,0.0,0.0,100.0
2024-04-25 00:15:00,0,1006.5,80.9,0.0,13.3,6.3,0.0,0.0,100.0
2024-04-25 00:30:00,0,1006.5,81.0,0.0,13.2,6.3,0.0,0.0,100.0
2024-04-25 00:45:00,0,1006.5,81.0,0.0,13.1,6.3,0.0,0.0,100.0
2024-04-25 01:00:00,0,1006.4,81.0,0.0,13.0,6.3,0.0,0.0,100.0
2024-04-25 01:15:00,0,1006.4,81.0,0.0,12.9,6.3,0.0,0.0,100.0
2024-04-25 01:30:00,0,1006.4,81.1,0.0,12.9,6.3,0.0,0.0,100.0
2024-04-25 01:45:00,0,1006.4,81.3,0.0,12.8,6.3,0.0,0.0,100.0
2024-04-25 02:00:00,0,1006.4,81.7,0.0,12.7,6.3,0.0,0.0,100.0
2024-04-25 02:15:00,0,1006.4,82.3,0.0,12.6,6.4,0.0,0.0,100.0
2024-04-25 02:30:00,0,1006.4,82.8,0.0,12.6,6.4,0.0,0.0,100.0
2024-04-25 02:45:00,0,1006.4,83.2,0.0,12.5,6.4,0.0,0.0,100.0
2024-04-25 03:00:00,0,1006.4,83.6,0.0,12.5,6.4,0.0,0.0,100.0
2024-04-25 03:15:00,0,1006.4,84.0,0.0,12.4,6.4,0.0,0.0,100.0
2024-04-25 03:30:00,0,1006.4,84.1,0.0,12.4,6.4,0.0,0.0,100.0
2024-04-25 03:45:00,0,1006.4,84.2,0.0,12.3,6.4,0.0,0.0,100.0
2024-04-25 04:00:00,0,1006.4,84.2,0.0,12.3,6.5,0.0,0.0,100.0
2024-04-25 04:15:00,0,1006.4,84.0,0.0,12.2,6.5,0.0,0.0,100.0
2024-04-25 04:30:00,0,1006.4,83.9,0.0,12.2,6.5,0.0,0.0,100.0
2024-04-25 04:45:00,0,1006.4,83.8,0.0,12.2,6.5,0.0,0.0,100.0
2024-04-25 05:00:00,0,1006.4,83.8,0.0,12.1,6.5,0.0,0.0,100.0
2024-04-25 05:15:00,0,1006.4,83.7,0.0,12.1,6.5,0.0,0.55,100.0
2024-04-25 05:30:00,8,1006.4,83.7,0.0,12.1,6.6,14.0,1.91,100.0
2024-04-25 05:45:00,37,1006.4,83.6,0.0,12.1,6.6,39.0,4.03,100.0
2024-04-25 06:00:00,67,1006.4,83.3,0.0,12.2,6.6,69.0,6.36,100.0
2024-04-25 06:15:00,97,1006.4,82.5,0.0,12.4,6.7,114.0,10.23,100.0
2024-04-25 06:30:00,128,1006.4,81.2,0.0,12.6,6.7,159.0,14.92,100.0
2024-04-25 06:45:00,160,1006.4,79.7,0.0,12.9,6.8,236.0,25.6,100.0
2024-04-25 07:00:00,195,1006.4,78.1,0.0,13.3,6.9,326.0,32.58,100.0
2024-04-25 07:15:00,232,1006.5,76.6,0.0,13.6,7.0,147.0,25.12,100.0
2024-04-25 07:30:00,271,1006.5,75.0,0.0,13.9,7.0,311.0,39.27,100.0
2024-04-25 07:45:00,313,1006.5,73.3,0.0,14.3,7.1,448.0,51.74,100.0
2024-04-25 08:00:00,356,1006.5,71.4,0.0,14.6,7.2,491.0,59.4,100.0
2024-04-25 08:15:00,401,1006.5,69.5,0.0,15.0,7.3,565.0,68.8,100.0
2024-04-25 08:30:00,446,1006.5,67.6,0.0,15.4,7.4,615.0,66.55,100.0
2024-04-25 08:45:00,492,1006.5,65.8,0.0,15.8,7.4,653.0,82.82,100.0
2024-04-25 09:00:00,537,1006.5,64.2,0.0,16.2,7.5,713.0,91.8,100.0
2024-04-25 09:15:00,580,1006.5,62.5,0.0,16.6,7.6,763.0,87.8,100.0
2024-04-25 09:30:00,620,1006.5,60.8,0.0,16.9,7.7,501.0,81.5,100.0
2024-04-25 09:45:00,656,1006.5,58.9,0.0,17.3,7.8,797.0,100.0,100.0
2024-04-25 10:00:00,689,1006.5,56.9,0.0,17.7,7.9,817.0,100.0,100.0
2024-04-25 10:15:00,719,1006.5,55.2,0.0,18.0,7.9,857.0,100.0,100.0
2024-04-25 10:30:00,745,1006.5,54.3,0.0,18.3,8.0,877.0,100.0,100.0
2024-04-25 10:45:00,768,1006.5,53.3,0.0,18.5,8.1,913.0,100.0,100.0
2024-04-25 11:00:00,788,1006.5,51.5,0.0,18.8,8.1,940.0,100.0,100.0
2024-04-25 11:15:00,804,1006.6,50.4,0.0,19.1,8.2,970.0,100.0,100.0
2024-04-25 11:30:00,816,1006.6,49.1,0.0,19.3,8.3,981.0,100.0,100.0
2024-04-25 11:45:00,824,1006.6,47.6,0.0,19.5,8.3,984.0,100.0,100.0
2024-04-25 12:00:00,828,1006.6,46.3,0.0,19.7,8.3,991.0,100.0,100.0
2024-04-25 12:15:00,829,1006.6,45.4,0.0,19.8,8.4,991.0,100.0,100.0
2024-04-25 12:30:00,826,1006.6,44.8,0.0,20.0,8.4,995.0,100.0,100.0
2024-04-25 12:45:00,819,1006.6,44.3,0.0,20.1,8.4,974.0,100.0,100.0
2024-04-25 13:00:00,810,1006.6,44.0,0.0,20.3,8.4,964.0,100.0,100.0
2024-04-25 13:15:00,798,1006.6,43.4,0.0,20.4,8.4,932.0,100.0,100.0
2024-04-25 13:30:00,783,1006.6,42.5,0.0,20.5,8.3,910.0,100.0,100.0
2024-04-25 13:45:00,765,1006.6,41.8,0.0,20.5,8.3,875.0,100.0,100.0
2024-04-25 14:00:00,743,1006.6,41.6,0.0,20.6,8.3,845.0,100.0,100.0
2024-04-25 14:15:00,717,1006.6,41.7,0.0,20.6,8.2,811.0,99.82,100.0
2024-04-25 14:30:00,687,1006.6,41.8,0.0,20.6,8.2,771.0,97.26,100.0
2024-04-25 14:45:00,653,1006.6,41.7,0.0,20.7,8.1,733.0,92.27,100.0
2024-04-25 15:00:00,615,1006.6,41.9,0.0,20.7,8.0,701.0,87.08,100.0
2024-04-25 15:15:00,573,1006.6,41.8,0.0,20.7,7.9,664.0,81.26,100.0
2024-04-25 15:30:00,528,1006.6,41.8,0.0,20.7,7.8,626.0,75.12,100.0
2024-04-25 15:45:00,479,1006.6,41.9,0.0,20.6,7.8,574.0,67.15,100.0
2024-04-25 16:00:00,426,1006.6,42.4,0.0,20.6,7.7,522.0,60.34,100.0
2024-04-25 16:15:00,372,1006.6,43.4,0.0,20.6,7.7,459.0,51.96,100.0
2024-04-25 16:30:00,317,1006.6,44.9,0.0,20.5,7.6,419.0,44.72,100.0
2024-04-25 16:45:00,264,1006.6,46.0,0.0,20.3,7.6,358.0,36.76,100.0
2024-04-25 17:00:00,214,1006.6,47.1,0.0,20.1,7.5,303.0,29.93,100.0
2024-04-25 17:15:00,169,1006.6,49.9,0.0,19.9,7.4,245.0,22.3,100.0
2024-04-25 17:30:00,128,1006.6,55.0,0.0,19.7,7.4,191.0,16.3,100.0
2024-04-25 17:45:00,93,1006.5,59.0,0.0,19.2,7.3,136.0,10.56,100.0
2024-04-25 18:00:00,64,1006.5,60.3,0.0,18.7,7.3,86.0,6.92,100.0
2024-04-25 18:15:00,40,1006.5,61.6,0.0,18.1,7.2,45.0,4.13,100.0
2024-04-25 18:30:00,20,1006.5,62.8,0.0,17.6,7.1,17.0,2.23,100.0
2024-04-25 18:45:00,3,1006.5,64.2,0.0,17.2,7.1,0.0,0.66,100.0
2024-04-25 19:00:00,0,1006.5,67.3,0.0,16.8,7.0,0.0,0.0,100.0
2024-04-25 19:15:00,0,1006.5,70.9,0.0,16.5,7.0,0.0,0.0,100.0
2024-04-25 19:30:00,0,1006.5,73.0,0.0,16.2,7.0,0.0,0.0,100.0
2024-04-25 19:45:00,0,1006.5,74.1,0.0,15.9,6.9,0.0,0.0,100.0
2024-04-25 20:00:00,0,1006.5,74.9,0.0,15.6,6.9,0.0,0.0,100.0
2024-04-25 20:15:00,0,1006.5,75.6,0.0,15.3,6.9,0.0,0.0,100.0
2024-04-25 20:30:00,0,1006.5,75.9,0.0,15.1,6.9,0.0,0.0,100.0
2024-04-25 20:45:00,0,1006.5,75.8,0.0,14.9,6.9,0.0,0.0,100.0
2024-04-25 21:00:00,0,1006.5,75.3,0.0,14.6,6.9,0.0,0.0,100.0
2024-04-25 21:15:00,0,1006.5,74.7,0.0,14.4,6.8,0.0,0.0,100.0
2024-04-25 21:30:00,0,1006.5,74.1,0.0,14.2,6.8,0.0,0.0,100.0
2024-04-25 21:45:00,0,1006.5,73.7,0.0,14.1,6.8,0.0,0.0,100.0
2024-04-25 22:00:00,0,1006.5,73.3,0.0,13.9,6.7,0.0,0.0,100.0
2024-04-25 22:15:00,0,1006.5,73.0,0.0,13.7,6.7,0.0,0.0,100.0
2024-04-25 22:30:00,0,1006.4,72.5,0.0,13.6,6.7,0.0,0.0,100.0
2024-04-25 22:45:00,0,1006.4,72.0,0.0,13.5,6.6,0.0,0.0,100.0
2024-04-25 23:00:00,0,1006.4,71.7,0.0,13.4,6.6,0.0,0.0,100.0
2024-04-25 23:15:00,0,1006.4,71.5,0.0,13.3,6.6,0.0,0.0,100.0
2024-04-25 23:30:00,0,1006.4,71.5,0.0,13.2,6.5,0.0,0.0,100.0
2024-04-25 23:45:00,0,1006.4,71.5,0.0,13.1,6.5,0.0,0.0,100.0
2024-04-26 00:00:00,0,1006.4,79.1,0.0,13.3,6.1,0.0,0.0,100.0
2024-04-26 00:15:00,0,1006.4,79.4,0.0,13.2,6.1,0.0,0.0,100.0
2024-04-26 00:30:00,0,1006.4,79.8,0.0,13.1,6.0,0.0,0.0,100.0
2024-04-26 00:45:00,0,1006.4,80.4,0.0,13.1,6.0,0.0,0.0,100.0
2024-04-26 01:00:00,0,1006.4,80.9,0.0,13.0,5.9,0.0,0.0,100.0
2024-04-26 01:15:00,0,1006.4,81.6,0.0,12.9,5.9,0.0,0.0,100.0
2024-04-26 01:30:00,0,1006.4,82.3,0.0,12.8,5.9,0.0,0.0,100.0
2024-04-26 01:45:00,0,1006.4,83.0,0.0,12.7,5.8,0.0,0.0,100.0
2024-04-26 02:00:00,0,1006.4,83.7,0.0,12.7,5.8,0.0,0.0,100.0
2024-04-26 02:15:00,0,1006.4,84.4,0.0,12.6,5.7,0.0,0.0,100.0
2024-04-26 02:30:00,0,1006.4,85.0,0.0,12.5,5.7,0.0,0.0,100.0
2024-04-26 02:45:00,0,1006.4,85.6,0.0,12.5,5.6,0.0,0.0,100.0
2024-04-26 03:00:00,0,1006.4,86.2,0.0,12.4,5.6,0.0,0.0,100.0
2024-04-26 03:15:00,0,1006.4,86.7,0.0,12.4,5.6,0.0,0.0,100.0
2024-04-26 03:30:00,0,1006.4,87.3,0.0,12.3,5.5,0.0,0.0,100.0
2024-04-26 03:45:00,0,1006.4,87.9,0.0,12.3,5.5,0.0,0.0,100.0
2024-04-26 04:00:00,0,1006.4,88.5,0.0,12.3,5.5,0.0,0.0,100.0
2024-04-26 04:15:00,0,1006.4,89.1,0.0,12.2,5.4,0.0,0.0,100.0
2024-04-26 04:30:00,0,1006.4,89.6,0.0,12.2,5.4,0.0,0.0,100.0
2024-04-26 04:45:00,0,1006.4,90.2,0.0,12.2,5.5,0.0,0.0,100.0
2024-04-26 05:00:00,0,1006.4,90.7,0.0,12.1,5.5,0.0,0.0,100.0
2024-04-26 05:15:00,0,1006.4,91.2,0.0,12.1,5.5,0.0,0.59,100.0
2024-04-26 05:30:00,11,1006.4,91.5,0.0,12.1,5.5,12.0,1.68,100.0
2024-04-26 05:45:00,40,1006.4,91.6,0.0,12.1,5.6,39.0,3.65,100.0
2024-04-26 06:00:00,70,1006.4,91.3,0.0,12.2,5.6,73.0,5.88,100.0
2024-04-26 06:15:00,101,1006.4,90.3,0.0,12.4,5.7,123.0,9.85,100.0
2024-04-26 06:30:00,132,1006.4,88.8,0.0,12.7,5.7,172.0,14.93,100.0
2024-04-26 06:45:00,166,1006.4,86.6,0.0,13.1,5.8,229.0,22.26,100.0
2024-04-26 07:00:00,202,1006.4,84.2,0.0,13.6,5.8,288.0,29.67,100.0
2024-04-26 07:15:00,240,1006.4,81.8,0.0,14.0,5.9,354.0,38.29,100.0
2024-04-26 07:30:00,282,1006.4,79.5,0.0,14.3,5.9,408.0,46.18,100.0
2024-04-26 07:45:00,326,1006.5,77.2,0.0,14.7,6.0,472.0,54.9,100.0
2024-04-26 08:00:00,372,1006.5,74.7,0.0,15.1,6.1,523.0,62.13,100.0
2024-04-26 08:15:00,420,1006.5,71.6,0.0,15.5,6.1,584.0,70.57,100.0
2024-04-26 08:30:00,469,1006.5,68.1,0.0,15.9,6.2,626.0,77.07,100.0
2024-04-26 08:45:00,518,1006.5,65.0,0.0,16.2,6.2,666.0,84.14,100.0
2024-04-26 09:00:00,567,1006.5,62.7,0.0,16.5,6.3,701.0,89.85,100.0
2024-04-26 09:15:00,613,1006.5,60.9,0.0,16.8,6.4,743.0,95.62,100.0
2024-04-26 09:30:00,655,1006.5,59.3,0.0,17.1,6.4,777.0,99.15,100.0
2024-04-26 09:45:00,693,1006.5,57.7,0.0,17.5,6.4,816.0,100.0,100.0
2024-04-26 10:00:00,728,1006.5,55.7,0.0,17.8,6.5,856.0,100.0,100.0
2024-04-26 10:15:00,759,1006.5,53.8,0.0,18.1,6.5,885.0,100.0,100.0
2024-04-26 10:30:00,786,1006.5,53.2,0.0,18.4,6.5,920.0,100.0,100.0
2024-04-26 10:45:00,810,1006.5,53.4,0.0,18.6,6.5,942.0,100.0,100.0
2024-04-26 11:00:00,829,1006.5,53.8,0.0,18.9,6.5,983.0,100.0,100.0
2024-04-26 11:15:00,845,1006.5,53.0,0.0,19.3,6.6,995.0,100.0,100.0
2024-04-26 11:30:00,856,1006.5,51.0,0.0,19.5,6.6,1009.0,100.0,100.0
2024-04-26 11:45:00,863,1006.5,50.3,0.0,19.8,6.6,1042.0,100.0,100.0
2024-04-26 12:00:00,865,1006.5,49.9,0.0,20.0,6.6,1031.0,100.0,100.0
2024-04-26 12:15:00,864,1006.5,49.2,0.0,20.3,6.6,1030.0,100.0,100.0
2024-04-26 12:30:00,859,1006.6,48.5,0.0,20.4,6.6,1024.0,100.0,100.0
2024-04-26 12:45:00,850,1006.6,47.5,0.0,20.5,6.6,1013.0,100.0,100.0
2024-04-26 13:00:00,839,1006.6,47.1,0.0,20.6,6.6,1004.0,100.0,100.0
2024-04-26 13:15:00,824,1006.6,47.3,0.0,20.7,6.5,962.0,100.0,100.0
2024-04-26 13:30:00,806,1006.6,47.1,0.0,20.8,6.5,921.0,100.0,100.0
2024-04-26 13:45:00,784,1006.6,46.5,0.0,20.9,6.5,880.0,100.0,100.0
2024-04-26 14:00:00,759,1006.6,46.3,0.0,20.9,6.5,848.0,100.0,100.0
2024-04-26 14:15:00,730,1006.6,46.4,0.0,21.0,6.5,808.0,99.79,100.0
2024-04-26 14:30:00,697,1006.6,46.2,0.0,21.0,6.5,775.0,97.79,100.0
2024-04-26 14:45:00,660,1006.6,45.7,0.0,21.0,6.4,734.0,91.85,100.0
2024-04-26 15:00:00,619,1006.6,45.4,0.0,21.0,6.4,698.0,87.25,100.0
2024-04-26 15:15:00,576,1006.6,45.5,0.0,21.0,6.5,663.0,81.27,100.0
2024-04-26 15:30:00,529,1006.6,45.7,0.0,21.0,6.5,620.0,74.53,100.0
2024-04-26 15:45:00,480,1006.6,46.1,0.0,20.9,6.5,577.0,67.55,100.0
2024-04-26 16:00:00,427,1006.6,46.9,0.0,20.8,6.5,527.0,60.42,100.0
2024-04-26 16:15:00,372,1006.6,47.9,0.0,20.7,6.5,469.0,52.82,100.0
2024-04-26 16:30:00,317,1006.6,48.8,0.0,20.6,6.5,420.0,45.75,100.0
2024-04-26 16:45:00,265,1006.6,49.9,0.0,20.4,6.5,366.0,37.91,100.0
2024-04-26 17:00:00,215,1006.5,52.1,0.0,20.1,6.5,313.0,31.14,100.0
2024-04-26 17:15:00,170,1006.5,55.4,0.0,19.9,6.4,184.0,16.17,100.0
2024-04-26 17:30:00,130,1006.5,59.0,0.0,19.4,6.4,188.0,18.03,100.0
2024-04-26 17:45:00,95,1006.5,60.9,0.0,18.9,6.4,149.0,10.5,100.0
2024-04-26 18:00:00,65,1006.5,61.2,0.0,18.3,6.4,93.0,6.35,100.0
2024-04-26 18:15:00,41,1006.5,61.9,0.0,17.7,6.3,30.0,3.23,100.0
2024-04-26 18:30:00,21,1006.5,63.6,0.0,17.1,6.3,16.0,1.92,100.0
2024-04-26 18:45:00,4,1006.5,64.9,0.0,16.6,6.3,0.0,0.0,100.0
2024-04-26 19:00:00,0,1006.5,66.4,0.0,16.2,6.3,0.0,0.0,100.0
2024-04-26 19:15:00,0,1006.5,68.3,0.0,15.8,6.2,0.0,0.0,100.0
2024-04-26 19:30:00,0,1006.5,70.4,0.0,15.4,6.2,0.0,0.0,100.0
2024-04-26 19:45:00,0,1006.5,72.6,0.0,15.1,6.2,0.0,0.0,100.0
2024-04-26 20:00:00,0,1006.5,74.5,0.0,14.8,6.2,0.0,0.0,100.0
2024-04-26 20:15:00,0,1006.5,76.0,0.0,14.5,6.1,0.0,0.0,100.0
2024-04-26 20:30:00,0,1006.5,76.9,0.0,14.3,6.1,0.0,0.0,100.0
2024-04-26 20:45:00,0,1006.5,77.6,0.0,14.0,6.1,0.0,0.0,100.0
2024-04-26 21:00:00,0,1006.5,78.3,0.0,13.8,6.1,0.0,0.0,100.0
2024-04-26 21:15:00,0,1006.5,78.9,0.0,13.7,6.0,0.0,0.0,100.0
2024-04-26 21:30:00,0,1006.5,79.5,0.0,13.5,6.0,0.0,0.0,100.0
2024-04-26 21:45:00,0,1006.5,80.0,0.0,13.3,5.9,0.0,0.0,100.0
2024-04-26 22:00:00,0,1006.5,80.4,0.0,13.2,5.9,0.0,0.0,100.0
2024-04-26 22:15:00,0,1006.5,80.9,0.0,13.1,5.8,0.0,0.0,100.0
2024-04-26 22:30:00,0,1006.5,81.4,0.0,12.9,5.8,0.0,0.0,100.0
2024-04-26 22:45:00,0,1006.5,82.1,0.0,12.8,5.7,0.0,0.0,100.0
2024-04-26 23:00:00,0,1006.4,82.8,0.0,12.7,5.7,0.0,0.0,100.0
2024-04-26 23:15:00,0,1006.4,83.5,0.0,12.6,5.6,0.0,0.0,100.0
2024-04-26 23:30:00,0,1006.4,84.3,0.0,12.5,5.6,0.0,0.0,100.0
2024-04-26 23:45:00,0,1006.4,85.2,0.0,12.3,5.6,0.0,0.0,100.0
2024-04-27 00:00:00,0,1006.5,89.7,0.0,14.1,6.0,0.0,0.0,100.0
2024-04-27 00:15:00,0,1006.5,90.4,0.0,13.9,6.0,0.0,0.0,100.0
2024-04-27 00:30:00,0,1006.5,91.3,0.0,13.8,6.0,0.0,0.0,100.0
2024-04-27 00:45:00,0,1006.5,92.6,0.0,13.7,6.0,0.0,0.0,100.0
2024-04-27 01:00:00,0,1006.5,93.2,0.0,13.6,6.0,0.0,0.0,100.0
2024-04-27 01:15:00,0,1006.5,93.5,0.0,13.6,6.0,0.0,0.0,100.0
2024-04-27 01:30:00,0,1006.5,93.7,0.0,13.6,6.0,0.0,0.0,100.0
2024-04-27 01:45:00,0,1006.5,94.0,0.0,13.5,6.0,0.0,0.0,100.0
2024-04-27 02:00:00,0,1006.5,94.2,0.0,13.5,6.1,0.0,0.0,100.0
2024-04-27 02:15:00,0,1006.5,94.5,0.0,13.4,6.1,0.0,0.0,100.0
2024-04-27 02:30:00,0,1006.5,94.7,0.0,13.4,6.1,0.0,0.0,100.0
2024-04-27 02:45:00,0,1006.5,94.9,0.0,13.3,6.1,0.0,0.0,100.0
2024-04-27 03:00:00,0,1006.5,95.1,0.0,13.3,6.2,0.0,0.0,100.0
2024-04-27 03:15:00,0,1006.5,95.5,0.0,13.2,6.2,0.0,0.0,100.0
2024-04-27 03:30:00,0,1006.5,96.2,0.0,13.1,6.2,0.0,0.0,100.0
2024-04-27 03:45:00,0,1006.5,97.0,0.0,13.0,6.2,0.0,0.0,100.0
2024-04-27 04:00:00,0,1006.4,97.3,0.0,13.0,6.2,0.0,0.0,100.0
2024-04-27 04:15:00,0,1006.4,97.4,0.0,12.9,6.3,0.0,0.0,100.0
2024-04-27 04:30:00,0,1006.5,97.5,0.0,12.9,6.3,0.0,0.0,100.0
2024-04-27 04:45:00,0,1006.5,97.5,0.0,12.9,6.3,0.0,0.0,100.0
2024-04-27 05:00:00,0,1006.5,97.6,0.0,12.9,6.3,0.0,0.0,100.0
2024-04-27 05:15:00,0,1006.5,97.7,0.0,12.8,6.3,0.0,0.44,100.0
2024-04-27 05:30:00,13,1006.5,97.8,0.0,12.8,6.3,14.0,1.67,100.0
2024-04-27 05:45:00,41,1006.5,97.8,0.0,12.8,6.3,37.0,3.82,100.0
2024-04-27 06:00:00,70,1006.5,97.8,0.0,12.8,6.3,42.0,4.58,100.0
2024-04-27 06:15:00,100,1006.5,97.5,0.0,12.9,6.3,67.0,8.21,100.0
2024-04-27 06:30:00,131,1006.5,97.2,0.0,13.1,6.3,149.0,14.18,100.0
2024-04-27 06:45:00,163,1006.5,97.0,0.0,13.2,6.3,204.0,20.49,100.0
2024-04-27 07:00:00,197,1006.5,96.9,0.0,13.3,6.3,251.0,26.4,100.0
2024-04-27 07:15:00,234,1006.5,96.7,0.0,13.4,6.3,317.0,34.75,100.0
2024-04-27 07:30:00,274,1006.5,96.5,0.0,13.5,6.3,368.0,41.83,100.0
2024-04-27 07:45:00,316,1006.5,96.3,0.0,13.7,6.3,430.0,49.86,100.0
2024-04-27 08:00:00,360,1006.5,95.2,0.0,13.9,6.3,478.0,56.92,100.0
2024-04-27 08:15:00,405,1006.5,93.8,0.0,14.1,6.3,529.0,64.59,100.0
2024-04-27 08:30:00,452,1006.5,91.6,0.0,14.5,6.2,573.0,70.83,100.0
2024-04-27 08:45:00,498,1006.5,89.6,0.0,14.9,6.2,600.0,74.62,100.0
2024-04-27 09:00:00,544,1006.5,87.5,0.0,15.3,6.2,651.0,83.37,100.0
2024-04-27 09:15:00,587,1006.5,85.3,0.0,15.7,6.1,684.0,88.83,100.0
2024-04-27 09:30:00,628,1006.5,83.3,0.0,16.1,6.1,724.0,92.73,100.0
2024-04-27 09:45:00,664,1006.5,81.2,0.0,16.6,6.1,758.0,98.17,100.0
2024-04-27 10:00:00,697,1006.5,79.1,0.0,17.0,6.0,819.0,100.0,100.0
2024-04-27 10:15:00,726,1006.5,76.6,0.0,17.4,6.0,854.0,100.0,100.0
2024-04-27 10:30:00,753,1006.6,74.0,0.0,17.8,5.9,877.0,100.0,100.0
2024-04-27 10:45:00,775,1006.6,71.4,0.0,18.1,5.9,913.0,100.0,100.0
2024-04-27 11:00:00,794,1006.6,70.2,0.0,18.5,5.8,923.0,100.0,100.0
2024-04-27 11:15:00,809,1006.6,69.3,0.0,18.8,5.8,921.0,100.0,100.0
2024-04-27 11:30:00,820,1006.6,68.1,0.0,19.2,5.7,947.0,100.0,100.0
2024-04-27 11:45:00,827,1006.6,66.9,0.0,19.4,5.7,937.0,100.0,100.0
2024-04-27 12:00:00,830,1006.6,65.5,0.0,19.7,5.6,932.0,100.0,100.0
2024-04-27 12:15:00,829,1006.6,63.4,0.0,19.9,5.6,946.0,100.0,100.0
2024-04-27 12:30:00,823,1006.6,62.8,0.0,20.1,5.5,938.0,100.0,100.0
2024-04-27 12:45:00,814,1006.6,61.9,0.0,20.4,5.5,931.0,100.0,100.0
2024-04-27 13:00:00,802,1006.6,61.2,0.0,20.6,5.4,906.0,100.0,100.0
2024-04-27 13:15:00,787,1006.6,60.4,0.0,20.8,5.4,885.0,100.0,100.0
2024-04-27 13:30:00,769,1006.6,58.3,0.0,20.9,5.3,855.0,100.0,100.0
2024-04-27 13:45:00,747,1006.6,57.2,0.0,21.1,5.2,817.0,100.0,100.0
2024-04-27 14:00:00,721,1006.6,55.8,0.0,21.2,5.1,807.0,99.04,100.0
2024-04-27 14:15:00,692,1006.6,55.4,0.0,21.2,5.1,767.0,95.21,100.0
2024-04-27 14:30:00,659,1006.6,55.8,0.0,21.3,5.1,733.0,92.61,100.0
2024-04-27 14:45:00,623,1006.6,56.5,0.0,21.4,5.0,693.0,86.52,100.0
2024-04-27 15:00:00,584,1006.6,57.3,0.0,21.5,5.0,661.0,79.75,100.0
2024-04-27 15:15:00,542,1006.6,58.4,0.0,21.2,5.0,620.0,77.1,100.0
2024-04-27 15:30:00,497,1006.6,59.2,0.0,21.0,4.9,587.0,70.99,100.0
2024-04-27 15:45:00,450,1006.6,60.3,0.0,20.8,4.9,502.0,60.09,100.0
2024-04-27 16:00:00,400,1006.6,60.4,0.0,20.9,4.9,495.0,56.56,100.0
2024-04-27 16:15:00,348,1006.6,60.1,0.0,21.2,4.8,255.0,32.17,100.0
2024-04-27 16:30:00,296,1006.6,59.8,0.0,21.2,4.8,288.0,34.28,100.0
2024-04-27 16:45:00,247,1006.6,60.8,0.0,21.1,4.8,317.0,34.85,100.0
2024-04-27 17:00:00,200,1006.6,61.7,0.0,20.9,4.8,245.0,21.96,100.0
2024-04-27 17:15:00,158,1006.6,62.2,0.0,20.5,4.8,195.0,19.02,100.0
2024-04-27 17:30:00,120,1006.6,63.1,0.0,20.2,4.8,138.0,13.62,100.0
2024-04-27 17:45:00,88,1006.6,64.7,0.0,19.9,4.7,102.0,9.63,100.0
2024-04-27 18:00:00,60,1006.6,66.9,0.0,19.5,4.8,83.0,7.8,100.0
2024-04-27 18:15:00,38,1006.6,69.5,0.0,19.2,4.8,34.0,3.89,100.0
2024-04-27 18:30:00,19,1006.6,71.8,0.0,18.8,4.8,11.0,1.76,100.0
2024-04-27 18:45:00,4,1006.6,73.8,0.0,18.4,4.8,0.0,0.48,100.0
2024-04-27 19:00:00,0,1006.6,75.4,0.0,18.0,4.8,0.0,0.0,100.0
2024-04-27 19:15:00,0,1006.6,76.0,0.0,17.6,4.9,0.0,0.0,100.0
2024-04-27 19:30:00,0,1006.6,76.9,0.0,17.3,4.9,0.0,0.0,100.0
2024-04-27 19:45:00,0,1006.6,78.4,0.0,17.0,5.0,0.0,0.0,100.0
2024-04-27 20:00:00,0,1006.6,79.8,0.0,16.8,5.0,0.0,0.0,100.0
2024-04-27 20:15:00,0,1006.6,80.8,0.0,16.5,5.0,0.0,0.0,100.0
2024-04-27 20:30:00,0,1006.5,81.7,0.0,16.3,5.0,0.0,0.0,100.0
2024-04-27 20:45:00,0,1006.5,82.8,0.0,16.1,5.0,0.0,0.0,100.0
2024-04-27 21:00:00,0,1006.5,83.9,0.0,15.9,5.0,0.0,0.0,100.0
2024-04-27 21:15:00,0,1006.5,84.6,0.0,15.7,5.0,0.0,0.0,100.0
2024-04-27 21:30:00,0,1006.5,85.2,0.0,15.5,5.0,0.0,0.0,100.0
2024-04-27 21:45:00,0,1006.5,85.7,0.0,15.4,5.0,0.0,0.0,100.0
2024-04-27 22:00:00,0,1006.5,86.3,0.0,15.2,4.9,0.0,0.0,100.0
2024-04-27 22:15:00,0,1006.5,86.9,0.0,15.1,4.9,0.0,0.0,100.0
2024-04-27 22:30:00,0,1006.5,87.5,0.0,15.0,4.8,0.0,0.0,100.0
2024-04-27 22:45:00,0,1006.5,88.1,0.0,14.8,4.7,0.0,0.0,100.0
2024-04-27 23:00:00,0,1006.5,88.7,0.0,14.7,4.7,0.0,0.0,100.0
2024-04-27 23:15:00,0,1006.5,89.2,0.0,14.6,4.6,0.0,0.0,100.0
2024-04-27 23:30:00,0,1006.5,89.8,0.0,14.5,4.5,0.0,0.0,100.0
2024-04-27 23:45:00,0,1006.5,90.4,0.0,14.4,4.3,0.0,0.0,100.0
2024-04-28 00:00:00,0,1006.5,87.5,0.0,14.4,4.5,0.0,0.0,100.0
2024-04-28 00:15:00,0,1006.5,88.3,0.0,14.2,4.4,0.0,0.0,100.0
2024-04-28 00:30:00,0,1006.5,89.1,0.0,14.1,4.3,0.0,0.0,100.0
2024-04-28 00:45:00,0,1006.5,89.8,0.0,14.0,4.2,0.0,0.0,100.0
2024-04-28 01:00:00,0,1006.5,90.5,0.0,13.9,4.1,0.0,0.0,100.0
2024-04-28 01:15:00,0,1006.5,91.2,0.0,13.8,4.0,0.0,0.0,100.0
2024-04-28 01:30:00,0,1006.5,91.7,0.0,13.7,3.9,0.0,0.0,100.0
2024-04-28 01:45:00,0,1006.5,92.1,0.0,13.6,3.8,0.0,0.0,100.0
2024-04-28 02:00:00,0,1006.5,92.5,0.0,13.5,3.6,0.0,0.0,100.0
2024-04-28 02:15:00,0,1006.5,92.8,0.0,13.5,3.5,0.0,0.0,100.0
2024-04-28 02:30:00,0,1006.5,93.1,0.0,13.4,3.4,0.0,0.0,100.0
2024-04-28 02:45:00,0,1006.5,93.3,0.0,13.4,3.3,0.0,0.0,100.0
2024-04-28 03:00:00,0,1006.5,93.5,0.0,13.3,3.2,0.0,0.0,100.0
2024-04-28 03:15:00,0,1006.5,93.8,0.0,13.2,3.1,0.0,0.0,100.0
2024-04-28 03:30:00,0,1006.5,94.0,0.0,13.2,3.0,0.0,0.0,100.0
2024-04-28 03:45:00,0,1006.5,94.2,0.0,13.1,2.9,0.0,0.0,100.0
2024-04-28 04:00:00,0,1006.5,94.3,0.0,13.1,2.8,0.0,0.0,100.0
2024-04-28 04:15:00,0,1006.5,94.4,0.0,13.1,2.7,0.0,0.0,100.0
2024-04-28 04:30:00,0,1006.5,93.9,0.0,13.1,2.6,0.0,0.0,100.0
2024-04-28 04:45:00,0,1006.5,93.2,0.0,13.1,2.5,0.0,0.0,100.0
2024-04-28 05:00:00,0,1006.5,93.0,0.0,13.1,2.4,0.0,0.0,100.0
2024-04-28 05:15:00,0,1006.5,93.0,0.0,13.1,2.3,0.0,0.47,100.0
2024-04-28 05:30:00,11,1006.5,92.8,0.0,13.1,2.2,11.0,1.66,100.0
2024-04-28 05:45:00,33,1006.5,92.6,0.0,13.1,2.1,28.0,3.88,100.0
2024-04-28 06:00:00,54,1006.5,92.2,0.0,13.1,2.1,52.0,6.96,100.0
2024-04-28 06:15:00,77,1006.5,91.7,0.0,13.2,2.1,47.0,10.42,100.0
2024-04-28 06:30:00,100,1006.5,91.2,0.0,13.3,2.1,47.0,11.52,100.0
2024-04-28 06:45:00,125,1006.5,89.9,0.0,13.5,2.1,97.0,10.4,100.0
2024-04-28 07:00:00,153,1006.5,88.3,0.0,13.8,2.0,156.0,12.56,100.0
2024-04-28 07:15:00,183,1006.5,86.7,0.0,14.1,2.0,159.0,15.98,100.0
2024-04-28 07:30:00,215,1006.5,85.7,0.0,14.3,2.0,195.0,21.26,100.0
2024-04-28 07:45:00,250,1006.5,85.0,0.0,14.5,2.0,232.0,34.22,100.0
2024-04-28 08:00:00,287,1006.5,84.2,0.0,14.8,2.0,277.0,34.56,100.0
2024-04-28 08:15:00,326,1006.5,83.7,0.0,15.0,2.0,278.0,34.17,100.0
2024-04-28 08:30:00,366,1006.5,83.4,0.0,15.1,2.0,276.0,39.99,100.0
2024-04-28 08:45:00,406,1006.5,82.4,0.0,15.2,2.0,586.0,57.89,100.0
2024-04-28 09:00:00,445,1006.5,81.0,0.0,15.3,2.0,506.0,64.34,100.0
2024-04-28 09:15:00,481,1006.5,79.2,0.0,15.6,2.1,536.0,79.77,100.0
2024-04-28 09:30:00,515,1006.5,77.3,0.0,15.8,2.2,704.0,91.15,100.0
2024-04-28 09:45:00,544,1006.6,75.3,0.0,16.1,2.3,705.0,87.8,100.0
2024-04-28 10:00:00,568,1006.6,73.3,0.0,16.3,2.4,694.0,90.36,100.0
2024-04-28 10:15:00,589,1006.6,73.2,0.0,16.4,2.5,636.0,82.93,100.0
2024-04-28 10:30:00,605,1006.6,73.8,0.0,16.4,2.7,662.0,87.19,100.0
2024-04-28 10:45:00,618,1006.6,73.8,0.0,16.6,2.8,641.0,82.24,100.0
2024-04-28 11:00:00,627,1006.6,73.5,0.0,16.8,3.0,873.0,100.0,100.0
2024-04-28 11:15:00,633,1006.6,72.8,0.0,16.9,3.2,832.0,99.57,100.0
2024-04-28 11:30:00,636,1006.6,72.4,0.0,16.9,3.3,733.0,88.67,100.0
2024-04-28 11:45:00,637,1006.6,72.9,0.0,16.8,3.4,625.0,87.57,100.0
2024-04-28 12:00:00,635,1006.6,71.9,0.0,16.7,3.6,399.0,75.24,100.0
2024-04-28 12:15:00,633,1006.6,71.8,0.0,16.7,3.7,538.0,49.36,100.0
2024-04-28 12:30:00,629,1006.5,74.5,0.0,16.6,3.9,305.0,34.51,100.0
2024-04-28 12:45:00,625,1006.5,74.7,0.0,16.6,4.0,474.0,50.44,100.0
2024-04-28 13:00:00,622,1006.5,76.0,0.0,16.5,4.2,779.0,87.71,100.0
2024-04-28 13:15:00,618,1006.5,77.3,0.0,16.3,4.3,512.0,56.4,100.0
2024-04-28 13:30:00,614,1006.5,77.5,0.0,16.3,4.5,451.0,52.22,100.0
2024-04-28 13:45:00,607,1006.5,77.3,0.0,16.2,4.6,670.0,83.89,100.0
2024-04-28 14:00:00,598,1006.5,77.1,0.0,16.2,4.8,718.0,100.0,100.0
2024-04-28 14:15:00,585,1006.5,77.3,0.0,16.2,4.9,916.0,79.56,100.0
2024-04-28 14:30:00,568,1006.5,77.5,0.0,16.2,5.0,711.0,90.56,100.0
2024-04-28 14:45:00,548,1006.5,77.7,0.0,16.2,5.0,819.0,99.97,100.0
2024-04-28 15:00:00,522,1006.5,77.3,0.0,16.2,5.1,744.0,95.3,100.0
2024-04-28 15:15:00,492,1006.5,76.4,0.0,16.2,5.1,704.0,87.18,100.0
2024-04-28 15:30:00,457,1006.5,75.5,0.0,16.3,5.1,597.0,80.32,100.0
2024-04-28 15:45:00,418,1006.5,74.6,0.0,16.4,5.1,556.0,67.59,100.0
2024-04-28 16:00:00,375,1006.5,74.2,0.0,16.5,5.1,446.0,60.01,100.0
2024-04-28 16:15:00,328,1006.5,74.6,0.0,16.4,5.0,497.0,56.78,100.0
2024-04-28 16:30:00,282,1006.5,74.9,0.0,16.3,4.9,382.0,45.67,100.0
2024-04-28 16:45:00,236,1006.5,74.7,0.0,16.3,4.8,374.0,39.06,100.0
2024-04-28 17:00:00,192,1006.5,73.7,0.0,16.3,4.7,271.0,27.14,100.0
2024-04-28 17:15:00,153,1006.5,72.3,0.0,16.4,4.6,209.0,19.39,100.0
2024-04-28 17:30:00,117,1006.5,71.3,0.0,16.6,4.5,113.0,11.05,100.0
2024-04-28 17:45:00,86,1006.5,71.5,0.0,16.7,4.4,60.0,6.55,100.0
2024-04-28 18:00:00,60,1006.5,73.5,0.0,16.6,4.2,56.0,6.03,100.0
2024-04-28 18:15:00,38,1006.5,76.0,0.0,16.3,4.1,54.0,5.26,100.0
2024-04-28 18:30:00,20,1006.5,77.2,0.0,16.2,4.0,32.0,3.4,100.0
2024-04-28 18:45:00,5,1006.5,77.9,0.0,16.1,3.8,5.0,0.99,100.0
2024-04-28 19:00:00,0,1006.5,78.5,0.0,16.1,3.7,0.0,0.0,100.0
2024-04-28 19:15:00,0,1006.5,79.2,0.0,16.1,3.6,0.0,0.0,100.0
2024-04-28 19:30:00,0,1006.5,80.2,0.0,16.1,3.4,0.0,0.0,100.0
2024-04-28 19:45:00,0,1006.5,81.2,0.0,16.1,3.3,0.0,0.0,100.0
2024-04-28 20:00:00,0,1006.5,82.0,0.0,16.0,3.1,0.0,0.0,100.0
2024-04-28 20:15:00,0,1006.5,82.6,0.0,16.0,3.0,0.0,0.0,100.0
2024-04-28 20:30:00,0,1006.5,83.1,0.0,15.9,2.9,0.0,0.0,100.0
2024-04-28 20:45:00,0,1006.5,83.5,0.0,15.7,2.8,0.0,0.0,100.0
2024-04-28 21:00:00,0,1006.5,83.9,0.0,15.6,2.7,0.0,0.0,100.0
2024-04-28 21:15:00,0,1006.5,84.0,0.0,15.5,2.6,0.0,0.0,100.0
2024-04-28 21:30:00,0,1006.5,84.1,0.0,15.4,2.5,0.0,0.0,100.0
2024-04-28 21:45:00,0,1006.5,84.2,0.0,15.3,2.4,0.0,0.0,100.0
2024-04-28 22:00:00,0,1006.5,83.7,0.0,15.3,2.4,0.0,0.0,100.0
2024-04-28 22:15:00,0,1006.5,83.4,0.0,15.2,2.4,0.0,0.0,100.0
2024-04-28 22:30:00,0,1006.5,83.6,0.0,15.2,2.4,0.0,0.0,100.0
2024-04-28 22:45:00,0,1006.5,83.3,0.0,15.2,2.4,0.0,0.0,100.0
2024-04-28 23:00:00,0,1006.5,83.0,0.0,15.2,2.4,0.0,0.0,100.0
2024-04-28 23:15:00,0,1006.5,83.2,0.0,15.2,2.4,0.0,0.0,100.0
2024-04-28 23:30:00,0,1006.5,83.7,0.0,15.1,2.5,0.0,0.0,100.0
2024-04-28 23:45:00,0,1006.5,84.5,0.0,15.0,2.5,0.0,0.0,100.0
2024-04-29 00:00:00,0,1006.5,86.2,0.0,14.4,4.2,0.0,0.0,100.0
2024-04-29 00:15:00,0,1006.5,86.2,0.0,14.4,4.2,0.0,0.0,100.0
2024-04-29 00:30:00,0,1006.5,86.2,0.0,14.3,4.3,0.0,0.0,100.0
2024-04-29 00:45:00,0,1006.5,86.5,0.0,14.3,4.3,0.0,0.0,100.0
2024-04-29 01:00:00,0,1006.5,87.3,0.0,14.2,4.4,0.0,0.0,100.0
2024-04-29 01:15:00,0,1006.5,89.1,0.0,14.1,4.5,0.0,0.0,100.0
2024-04-29 01:30:00,0,1006.5,91.1,0.0,14.1,4.5,0.0,0.0,100.0
2024-04-29 01:45:00,0,1006.5,92.7,0.0,14.0,4.6,0.0,0.0,100.0
2024-04-29 02:00:00,0,1006.5,93.6,0.0,14.0,4.7,0.0,0.0,100.0
2024-04-29 02:15:00,0,1006.5,93.9,0.0,13.8,4.7,0.0,0.0,100.0
2024-04-29 02:30:00,0,1006.5,93.9,0.0,13.7,4.8,0.0,0.0,100.0
2024-04-29 02:45:00,0,1006.5,94.1,0.0,13.5,4.8,0.0,0.0,100.0
2024-04-29 03:00:00,0,1006.5,94.1,0.0,13.5,4.9,0.0,0.0,100.0
2024-04-29 03:15:00,0,1006.5,94.1,0.0,13.4,5.0,0.0,0.0,100.0
2024-04-29 03:30:00,0,1006.5,93.7,0.0,13.4,5.1,0.0,0.0,100.0
2024-04-29 03:45:00,0,1006.5,93.3,0.0,13.3,5.2,0.0,0.0,100.0
2024-04-29 04:00:00,0,1006.5,93.1,0.0,13.2,5.2,0.0,0.0,100.0
2024-04-29 04:15:00,0,1006.5,93.3,0.0,13.2,5.3,0.0,0.0,100.0
2024-04-29 04:30:00,0,1006.5,93.6,0.0,13.1,5.4,0.0,0.0,100.0
2024-04-29 04:45:00,0,1006.5,93.8,0.0,13.0,5.4,0.0,0.0,100.0
2024-04-29 05:00:00,0,1006.5,94.0,0.0,12.9,5.5,0.0,0.0,100.0
2024-04-29 05:15:00,0,1006.5,94.2,0.0,12.9,5.5,0.0,0.24,100.0
2024-04-29 05:30:00,18,1006.5,94.2,0.0,12.8,5.6,11.0,1.55,100.0
2024-04-29 05:45:00,47,1006.5,94.0,0.0,12.8,5.6,44.0,4.04,100.0
2024-04-29 06:00:00,77,1006.5,93.4,0.0,12.9,5.6,75.0,6.23,100.0
2024-04-29 06:15:00,107,1006.5,93.0,0.0,13.0,5.7,98.0,9.68,100.0
2024-04-29 06:30:00,138,1006.5,92.3,0.0,13.1,5.7,180.0,14.32,100.0
2024-04-29 06:45:00,171,1006.5,91.5,0.0,13.1,5.8,221.0,22.52,100.0
2024-04-29 07:00:00,206,1006.5,90.6,0.0,13.2,5.8,274.0,28.41,100.0
2024-04-29 07:15:00,244,1006.5,90.0,0.0,13.4,5.9,339.0,36.35,100.0
2024-04-29 07:30:00,284,1006.5,89.0,0.0,13.5,5.9,404.0,41.13,100.0
2024-04-29 07:45:00,326,1006.5,88.1,0.0,13.7,6.0,457.0,43.18,100.0
2024-04-29 08:00:00,370,1006.5,87.5,0.0,13.8,6.1,418.0,55.81,100.0
2024-04-29 08:15:00,415,1006.5,86.9,0.0,14.0,6.1,653.0,54.86,100.0
2024-04-29 08:30:00,461,1006.5,86.4,0.0,14.1,6.2,656.0,55.8,100.0
2024-04-29 08:45:00,507,1006.5,86.3,0.0,14.1,6.3,652.0,64.2,100.0
2024-04-29 09:00:00,552,1006.5,86.3,0.0,14.2,6.3,728.0,61.49,100.0
2024-04-29 09:15:00,595,1006.5,86.5,0.0,14.2,6.4,631.0,63.86,100.0
2024-04-29 09:30:00,635,1006.5,87.0,0.0,14.0,6.5,770.0,94.52,100.0
2024-04-29 09:45:00,671,1006.5,87.7,0.0,14.0,6.6,796.0,100.0,100.0
2024-04-29 10:00:00,704,1006.5,88.3,0.0,13.9,6.6,830.0,100.0,100.0
2024-04-29 10:15:00,735,1006.5,88.8,0.0,13.8,6.7,864.0,100.0,100.0
2024-04-29 10:30:00,764,1006.5,89.1,0.0,13.8,6.7,899.0,96.31,100.0
2024-04-29 10:45:00,789,1006.5,89.0,0.0,13.8,6.8,909.0,99.17,100.0
2024-04-29 11:00:00,810,1006.5,88.5,0.0,13.8,6.8,1043.0,87.82,100.0
2024-04-29 11:15:00,826,1006.5,88.2,0.0,13.8,6.9,1046.0,91.25,100.0
2024-04-29 11:30:00,838,1006.5,88.0,0.0,13.7,6.9,1003.0,93.61,100.0
2024-04-29 11:45:00,844,1006.5,88.0,0.0,13.7,7.0,664.0,100.0,100.0
2024-04-29 12:00:00,845,1006.5,88.4,0.0,13.6,7.1,1002.0,93.84,100.0
2024-04-29 12:15:00,840,1006.5,88.6,0.0,13.6,7.1,1159.0,79.03,100.0
2024-04-29 12:30:00,828,1006.5,88.5,0.0,13.6,7.2,902.0,76.38,100.0
2024-04-29 12:45:00,810,1006.5,89.2,0.0,13.6,7.2,717.0,73.37,100.0
2024-04-29 13:00:00,785,1006.5,89.8,0.0,13.6,7.2,498.0,77.36,100.0
2024-04-29 13:15:00,754,1006.5,89.2,0.0,13.6,7.3,1029.0,78.03,100.0
2024-04-29 13:30:00,718,1006.5,89.1,0.0,13.6,7.3,957.0,89.87,100.0
2024-04-29 13:45:00,677,1006.5,88.4,0.0,13.6,7.4,880.0,95.29,100.0
2024-04-29 14:00:00,634,1006.5,87.6,0.0,13.6,7.4,902.0,79.75,100.0
2024-04-29 14:15:00,588,1006.5,87.2,0.0,13.5,7.4,796.0,98.65,100.0
2024-04-29 14:30:00,541,1006.5,87.4,0.0,13.5,7.5,784.0,90.98,100.0
2024-04-29 14:45:00,493,1006.5,87.2,0.0,13.4,7.5,728.0,91.52,100.0
2024-04-29 15:00:00,446,1006.5,86.3,0.0,13.4,7.6,713.0,86.63,100.0
2024-04-29 15:15:00,401,1006.5,86.7,0.0,13.3,7.6,597.0,48.31,100.0
2024-04-29 15:30:00,357,1006.5,86.9,0.0,13.2,7.7,503.0,49.78,100.0
2024-04-29 15:45:00,316,1006.5,87.2,0.0,13.2,7.7,659.0,63.15,100.0
2024-04-29 16:00:00,275,1006.5,87.0,0.0,13.1,7.8,467.0,52.81,100.0
2024-04-29 16:15:00,234,1006.5,86.5,0.0,13.1,7.8,417.0,47.75,100.0
2024-04-29 16:30:00,196,1006.5,86.3,0.0,13.0,7.8,379.0,43.01,100.0
2024-04-29 16:45:00,160,1006.5,85.9,0.0,13.0,7.8,298.0,30.5,100.0
2024-04-29 17:00:00,128,1006.5,85.6,0.0,13.0,7.8,223.0,22.38,100.0
2024-04-29 17:15:00,99,1006.5,84.8,0.0,12.9,7.8,156.0,21.61,100.0
2024-04-29 17:30:00,74,1006.5,84.3,0.0,12.9,7.8,96.0,9.26,100.0
2024-04-29 17:45:00,53,1006.5,84.0,0.0,12.8,7.7,135.0,14.44,100.0
2024-04-29 18:00:00,36,1006.5,83.2,0.1,12.8,7.7,74.0,7.35,100.0
2024-04-29 18:15:00,22,1006.5,82.6,0.1,12.8,7.7,29.0,3.42,100.0
2024-04-29 18:30:00,11,1006.5,82.3,0.1,12.8,7.7,14.0,1.91,100.0
2024-04-29 18:45:00,3,1006.5,82.0,0.1,12.8,7.7,1.0,0.59,100.0
2024-04-29 19:00:00,0,1006.5,81.7,0.0,12.8,7.6,0.0,0.0,100.0
2024-04-29 19:15:00,0,1006.5,81.2,0.0,12.9,7.6,0.0,0.0,100.0
2024-04-29 19:30:00,0,1006.5,80.9,0.0,12.9,7.6,0.0,0.0,100.0
2024-04-29 19:45:00,0,1006.5,80.8,0.1,12.9,7.6,0.0,0.0,100.0
2024-04-29 20:00:00,0,1006.5,80.0,0.0,12.9,7.6,0.0,0.0,100.0
2024-04-29 20:15:00,0,1006.5,79.4,0.0,13.0,7.6,0.0,0.0,100.0
2024-04-29 20:30:00,0,1006.5,79.2,0.1,13.0,7.5,0.0,0.0,100.0
2024-04-29 20:45:00,0,1006.5,79.0,0.2,13.0,7.5,0.0,0.0,100.0
2024-04-29 21:00:00,0,1006.5,78.4,0.3,13.0,7.5,0.0,0.0,100.0
2024-04-29 21:15:00,0,1006.5,78.2,0.2,13.0,7.5,0.0,0.0,100.0
2024-04-29 21:30:00,0,1006.5,77.3,0.3,13.1,7.5,0.0,0.0,100.0
2024-04-29 21:45:00,0,1006.5,76.7,0.1,13.1,7.5,0.0,0.0,100.0
2024-04-29 22:00:00,0,1006.5,76.5,0.2,13.1,7.5,0.0,0.0,100.0
2024-04-29 22:15:00,0,1006.5,76.2,0.2,13.1,7.5,0.0,0.0,100.0
2024-04-29 22:30:00,0,1006.5,76.0,0.0,13.1,7.6,0.0,0.0,100.0
2024-04-29 22:45:00,0,1006.5,75.7,0.0,13.0,7.6,0.0,0.0,100.0
2024-04-29 23:00:00,0,1006.5,75.3,0.1,13.0,7.6,0.0,0.0,100.0
2024-04-29 23:15:00,0,1006.5,75.5,0.1,13.0,7.7,0.0,0.0,100.0
2024-04-29 23:30:00,0,1006.5,75.7,0.0,12.9,7.7,0.0,0.0,100.0
2024-04-29 23:45:00,0,1006.5,75.6,0.0,12.9,7.7,0.0,0.0,100.0
2024-04-30 00:00:00,0,1006.5,76.2,0.0,12.3,7.1,0.0,0.0,100.0
2024-04-30 00:15:00,0,1006.5,76.0,0.0,12.2,7.0,0.0,0.0,100.0
2024-04-30 00:30:00,0,1006.5,75.5,0.0,12.3,7.0,0.0,0.0,100.0
2024-04-30 00:45:00,0,1006.5,75.4,0.0,12.3,6.9,0.0,0.0,100.0
2024-04-30 01:00:00,0,1006.5,75.2,0.0,12.3,6.9,0.0,0.0,100.0
2024-04-30 01:15:00,0,1006.5,75.0,0.0,12.2,6.9,0.0,0.0,100.0
2024-04-30 01:30:00,0,1006.5,74.9,0.0,12.2,6.8,0.0,0.0,100.0
2024-04-30 01:45:00,0,1006.5,74.7,0.0,12.2,6.8,0.0,0.0,100.0
2024-04-30 02:00:00,0,1006.5,74.5,0.0,12.2,6.8,0.0,0.0,100.0
2024-04-30 02:15:00,0,1006.5,74.3,0.0,12.2,6.8,0.0,0.0,100.0
2024-04-30 02:30:00,0,1006.5,74.3,0.0,12.2,6.8,0.0,0.0,100.0
2024-04-30 02:45:00,0,1006.5,74.7,0.0,12.2,6.8,0.0,0.0,100.0
2024-04-30 03:00:00,0,1006.5,75.2,0.0,12.2,6.8,0.0,0.0,100.0
2024-04-30 03:15:00,0,1006.5,75.2,0.0,12.2,6.8,0.0,0.0,100.0
2024-04-30 03:30:00,0,1006.5,74.7,0.0,12.2,6.8,0.0,0.0,100.0
2024-04-30 03:45:00,0,1006.5,73.9,0.0,12.3,6.7,0.0,0.0,100.0
2024-04-30 04:00:00,0,1006.5,73.8,0.0,12.3,6.7,0.0,0.0,100.0
2024-04-30 04:15:00,0,1006.5,73.8,0.0,12.3,6.7,0.0,0.0,100.0
2024-04-30 04:30:00,0,1006.5,73.1,0.0,12.4,6.6,0.0,0.0,100.0
2024-04-30 04:45:00,0,1006.5,72.1,0.0,12.4,6.6,0.0,0.0,100.0
2024-04-30 05:00:00,0,1006.5,71.6,0.0,12.4,6.5,0.0,0.0,100.0
2024-04-30 05:15:00,0,1006.5,71.5,0.0,12.5,6.5,0.0,0.34,100.0
2024-04-30 05:30:00,13,1006.5,71.3,0.0,12.5,6.4,9.0,1.59,100.0
2024-04-30 05:45:00,33,1006.5,71.3,0.0,12.5,6.4,27.0,4.01,100.0
2024-04-30 06:00:00,53,1006.5,71.3,0.0,12.5,6.3,45.0,5.96,100.0
2024-04-30 06:15:00,74,1006.5,71.5,0.0,12.6,6.3,71.0,8.97,100.0
2024-04-30 06:30:00,96,1006.5,71.5,0.0,12.6,6.2,106.0,12.91,100.0
2024-04-30 06:45:00,120,1006.5,71.3,0.0,12.7,6.1,139.0,16.78,100.0
2024-04-30 07:00:00,147,1006.5,71.2,0.0,12.7,6.1,256.0,29.85,100.0
2024-04-30 07:15:00,178,1006.5,71.3,0.0,12.8,6.0,268.0,40.16,100.0
2024-04-30 07:30:00,211,1006.5,71.5,0.0,12.8,5.9,227.0,28.07,100.0
2024-04-30 07:45:00,248,1006.5,71.8,0.0,12.9,5.8,439.0,53.68,100.0
2024-04-30 08:00:00,288,1006.5,72.1,0.0,13.0,5.8,434.0,50.22,100.0
2024-04-30 08:15:00,330,1006.5,72.0,0.0,13.0,5.7,338.0,42.33,100.0
2024-04-30 08:30:00,374,1006.5,71.9,0.0,13.1,5.6,393.0,65.91,100.0
2024-04-30 08:45:00,418,1006.5,71.6,0.0,13.1,5.5,622.0,75.93,100.0
2024-04-30 09:00:00,461,1006.5,71.1,0.0,13.1,5.4,495.0,65.87,100.0
2024-04-30 09:15:00,502,1006.5,70.7,0.0,13.2,5.3,406.0,46.85,100.0
2024-04-30 09:30:00,539,1006.5,70.3,0.0,13.2,5.3,395.0,49.63,100.0
2024-04-30 09:45:00,572,1006.5,70.3,0.0,13.3,5.2,466.0,64.69,100.0
2024-04-30 10:00:00,601,1006.5,70.4,0.0,13.3,5.1,441.0,59.78,100.0
2024-04-30 10:15:00,628,1006.5,70.6,0.0,13.3,5.0,467.0,60.35,100.0
2024-04-30 10:30:00,651,1006.5,70.6,0.0,13.3,4.9,444.0,59.38,100.0
2024-04-30 10:45:00,670,1006.5,70.6,0.0,13.4,4.9,687.0,91.43,100.0
2024-04-30 11:00:00,685,1006.5,70.7,0.0,13.4,4.7,628.0,86.95,100.0
2024-04-30 11:15:00,696,1006.5,70.2,0.0,13.5,4.6,636.0,72.12,100.0
2024-04-30 11:30:00,702,1006.5,69.8,0.0,13.5,4.5,696.0,98.61,100.0
2024-04-30 11:45:00,704,1006.5,70.1,0.0,13.6,4.4,937.0,100.0,100.0
2024-04-30 12:00:00,701,1006.5,71.1,0.0,13.6,4.3,756.0,100.0,100.0
2024-04-30 12:15:00,694,1006.5,71.6,0.0,13.6,4.1,945.0,96.36,100.0
2024-04-30 12:30:00,682,1006.5,71.5,0.0,13.6,4.0,629.0,98.84,100.0
2024-04-30 12:45:00,665,1006.5,71.0,0.0,13.6,3.9,1029.0,100.0,100.0
2024-04-30 13:00:00,642,1006.5,71.0,0.0,13.7,3.7,827.0,98.39,100.0
2024-04-30 13:15:00,613,1006.5,71.3,0.0,13.7,3.6,812.0,96.83,100.0
2024-04-30 13:30:00,580,1006.5,70.9,0.0,13.8,3.5,746.0,98.21,100.0
2024-04-30 13:45:00,543,1006.5,70.5,0.0,13.8,3.3,697.0,83.71,100.0
2024-04-30 14:00:00,504,1006.5,69.8,0.0,13.8,3.2,688.0,90.28,100.0
2024-04-30 14:15:00,464,1006.5,68.9,0.0,13.9,3.0,607.0,73.47,100.0
2024-04-30 14:30:00,423,1006.5,67.5,0.0,13.9,2.9,551.0,70.95,100.0
2024-04-30 14:45:00,384,1006.5,66.2,0.0,14.0,2.7,621.0,83.25,100.0
2024-04-30 15:00:00,346,1006.5,64.4,0.0,14.1,2.6,611.0,63.62,100.0
2024-04-30 15:15:00,311,1006.5,63.2,0.0,14.3,2.4,504.0,56.3,100.0
2024-04-30 15:30:00,279,1006.5,62.8,0.0,14.4,2.3,416.0,51.52,100.0
2024-04-30 15:45:00,250,1006.5,62.6,0.0,14.4,2.1,372.0,47.82,100.0
2024-04-30 16:00:00,222,1006.5,62.9,0.0,14.4,2.0,443.0,56.32,100.0
2024-04-30 16:15:00,196,1006.5,63.1,0.0,14.5,1.9,468.0,53.58,100.0
2024-04-30 16:30:00,171,1006.5,62.7,0.0,14.5,1.7,261.0,32.95,100.0
2024-04-30 16:45:00,148,1006.5,61.9,0.0,14.5,1.6,434.0,41.54,100.0
2024-04-30 17:00:00,126,1006.5,60.6,0.0,14.5,1.6,201.0,22.62,100.0
2024-04-30 17:15:00,105,1006.5,59.0,0.0,14.5,1.5,173.0,17.17,100.0
2024-04-30 17:30:00,86,1006.5,57.4,0.0,14.6,1.4,135.0,14.55,100.0
2024-04-30 17:45:00,68,1006.5,55.6,0.0,14.6,1.4,201.0,16.2,100.0
2024-04-30 18:00:00,51,1006.5,53.7,0.0,14.7,1.4,109.0,7.35,100.0
2024-04-30 18:15:00,35,1006.5,52.9,0.0,14.7,1.3,53.0,3.87,100.0
2024-04-30 18:30:00,21,1006.5,52.0,0.0,14.8,1.3,19.0,2.25,100.0
2024-04-30 18:45:00,7,1006.5,51.1,0.0,14.8,1.3,0.0,0.86,100.0
2024-04-30 19:00:00,0,1006.5,50.3,0.0,14.8,1.3,0.0,0.0,100.0
2024-04-30 19:15:00,0,1006.5,49.3,0.0,14.8,1.3,0.0,0.0,100.0
2024-04-30 19:30:00,0,1006.5,48.3,0.0,14.8,1.3,0.0,0.0,100.0
2024-04-30 19:45:00,0,1006.5,47.5,0.0,14.8,1.3,0.0,0.0,100.0
2024-04-30 20:00:00,0,1006.5,46.9,0.0,14.8,1.4,0.0,0.0,100.0
2024-04-30 20:15:00,0,1006.5,46.3,0.0,14.8,1.4,0.0,0.0,100.0
2024-04-30 20:30:00,0,1006.5,45.8,0.0,14.8,1.5,0.0,0.0,100.0
2024-04-30 20:45:00,0,1006.5,45.4,0.0,14.7,1.5,0.0,0.0,100.0
2024-04-30 21:00:00,0,1006.5,45.2,0.0,14.6,1.6,0.0,0.0,100.0
2024-04-30 21:15:00,0,1006.5,45.3,0.0,14.5,1.7,0.0,0.0,100.0
2024-04-30 21:30:00,0,1006.5,45.9,0.0,14.4,1.7,0.0,0.0,100.0
2024-04-30 21:45:00,0,1006.5,47.0,0.0,14.3,1.8,0.0,0.0,100.0
2024-04-30 22:00:00,0,1006.5,48.5,0.0,14.2,1.9,0.0,0.0,100.0
2024-04-30 22:15:00,0,1006.5,50.3,0.0,14.0,1.9,0.0,0.0,100.0
2024-04-30 22:30:00,0,1006.5,52.0,0.0,13.9,2.0,0.0,0.0,100.0
2024-04-30 22:45:00,0,1006.5,53.4,0.0,13.7,2.0,0.0,0.0,100.0
2024-04-30 23:00:00,0,1006.5,54.4,0.0,13.6,2.1,0.0,0.0,100.0
2024-04-30 23:15:00,0,1006.5,55.0,0.0,13.5,2.2,0.0,0.0,100.0
2024-04-30 23:30:00,0,1006.5,55.4,0.0,13.4,2.2,0.0,0.0,100.0
2024-04-30 23:45:00,0,1006.5,55.9,0.0,13.3,2.3,0.0,0.0,100.0
2024-05-01 00:00:00,0,1006.5,66.0,0.0,12.5,2.0,0.0,0.0,100.0
2024-05-01 00:15:00,0,1006.5,67.3,0.0,12.4,2.1,0.0,0.0,100.0
2024-05-01 00:30:00,0,1006.5,68.2,0.0,12.3,2.1,0.0,0.0,100.0
2024-05-01 00:45:00,0,1006.5,68.9,0.0,12.2,2.2,0.0,0.0,100.0
2024-05-01 01:00:00,0,1006.5,69.5,0.0,12.1,2.2,0.0,0.0,100.0
2024-05-01 01:15:00,0,1006.5,69.9,0.0,12.0,2.2,0.0,0.0,100.0
2024-05-01 01:30:00,0,1006.5,70.2,0.0,12.0,2.2,0.0,0.0,100.0
2024-05-01 01:45:00,0,1006.5,70.4,0.0,11.9,2.3,0.0,0.0,100.0
2024-05-01 02:00:00,0,1006.5,70.9,0.0,11.9,2.3,0.0,0.0,100.0
2024-05-01 02:15:00,0,1006.5,71.7,0.0,11.8,2.3,0.0,0.0,100.0
2024-05-01 02:30:00,0,1006.5,72.7,0.0,11.7,2.3,0.0,0.0,100.0
2024-05-01 02:45:00,0,1006.5,73.7,0.0,11.6,2.3,0.0,0.0,100.0
2024-05-01 03:00:00,0,1006.5,74.4,0.0,11.6,2.3,0.0,0.0,100.0
2024-05-01 03:15:00,0,1006.5,74.9,0.0,11.5,2.3,0.0,0.0,100.0
2024-05-01 03:30:00,0,1006.5,75.1,0.0,11.5,2.3,0.0,0.0,100.0
2024-05-01 03:45:00,0,1006.5,75.4,0.0,11.5,2.3,0.0,0.0,100.0
2024-05-01 04:00:00,0,1006.5,75.8,0.0,11.5,2.3,0.0,0.0,100.0
2024-05-01 04:15:00,0,1006.5,76.3,0.0,11.4,2.3,0.0,0.0,100.0
2024-05-01 04:30:00,0,1006.5,76.9,0.0,11.4,2.3,0.0,0.0,100.0
2024-05-01 04:45:00,0,1006.5,77.6,0.0,11.3,2.3,0.0,0.0,100.0
2024-05-01 05:00:00,0,1006.5,78.4,0.0,11.3,2.3,0.0,0.0,100.0
2024-05-01 05:15:00,0,1006.5,79.1,0.0,11.3,2.2,4.0,0.97,100.0
2024-05-01 05:30:00,21,1006.5,79.8,0.0,11.2,2.2,19.0,2.57,100.0
2024-05-01 05:45:00,48,1006.5,80.4,0.0,11.2,2.2,43.0,5.11,100.0
2024-05-01 06:00:00,76,1006.5,80.9,0.0,11.3,2.2,90.0,8.5,100.0
2024-05-01 06:15:00,105,1006.5,81.4,0.0,11.3,2.2,96.0,11.18,100.0
2024-05-01 06:30:00,135,1006.5,81.9,0.0,11.4,2.2,124.0,14.15,100.0
2024-05-01 06:45:00,168,1006.5,82.1,0.0,11.6,2.2,186.0,18.38,100.0
2024-05-01 07:00:00,202,1006.5,81.8,0.0,11.9,2.3,245.0,24.96,100.0
2024-05-01 07:15:00,240,1006.5,80.9,0.0,12.3,2.3,333.0,34.76,100.0
2024-05-01 07:30:00,281,1006.5,79.7,0.0,12.8,2.3,398.0,46.14,100.0
2024-05-01 07:45:00,325,1006.5,77.7,0.0,13.3,2.4,486.0,55.77,100.0
2024-05-01 08:00:00,371,1006.5,75.4,0.0,13.8,2.4,538.0,62.98,100.0
2024-05-01 08:15:00,420,1006.5,73.3,0.0,14.2,2.4,576.0,68.36,100.0
2024-05-01 08:30:00,469,1006.5,71.5,0.0,14.6,2.4,631.0,76.46,100.0
2024-05-01 08:45:00,519,1006.5,70.4,0.0,14.8,2.5,650.0,79.14,100.0
2024-05-01 09:00:00,568,1006.5,69.1,0.0,15.1,2.5,694.0,87.79,100.0
2024-05-01 09:15:00,614,1006.6,67.3,0.0,15.2,2.5,742.0,94.31,100.0
2024-05-01 09:30:00,658,1006.6,65.9,0.0,15.3,2.5,745.0,97.98,100.0
2024-05-01 09:45:00,696,1006.6,65.6,0.0,15.4,2.5,842.0,100.0,100.0
2024-05-01 10:00:00,731,1006.6,65.4,0.0,15.4,2.6,873.0,100.0,100.0
2024-05-01 10:15:00,763,1006.6,64.8,0.0,15.5,2.6,903.0,100.0,100.0
2024-05-01 10:30:00,790,1006.6,64.0,0.0,15.6,2.7,944.0,88.31,100.0
2024-05-01 10:45:00,814,1006.6,63.2,0.0,15.7,2.7,981.0,76.42,100.0
2024-05-01 11:00:00,833,1006.6,62.2,0.0,15.8,2.8,955.0,70.63,100.0
2024-05-01 11:15:00,849,1006.6,60.9,0.0,15.9,2.8,1030.0,68.9,100.0
2024-05-01 11:30:00,860,1006.6,59.4,0.0,16.0,2.8,1047.0,64.26,100.0
2024-05-01 11:45:00,867,1006.6,57.6,0.0,16.2,2.8,1052.0,58.17,100.0
2024-05-01 12:00:00,870,1006.6,55.8,0.0,16.3,2.8,1057.0,74.7,100.0
2024-05-01 12:15:00,870,1006.6,54.1,0.0,16.4,2.7,1059.0,74.7,100.0
2024-05-01 12:30:00,866,1006.6,52.3,0.0,16.6,2.7,1052.0,74.7,100.0
2024-05-01 12:45:00,858,1006.6,50.5,0.0,16.8,2.6,1044.0,80.5,100.0
2024-05-01 13:00:00,848,1006.6,49.1,0.0,16.9,2.6,1023.0,80.79,100.0
2024-05-01 13:15:00,834,1006.6,48.1,0.0,17.0,2.5,993.0,80.79,100.0
2024-05-01 13:30:00,818,1006.6,46.9,0.0,17.1,2.4,963.0,80.79,100.0
2024-05-01 13:45:00,798,1006.6,45.5,0.0,17.2,2.3,926.0,80.79,100.0
2024-05-01 14:00:00,775,1006.6,44.1,0.0,17.4,2.2,885.0,80.78,100.0
2024-05-01 14:15:00,747,1006.6,42.4,0.0,17.6,2.1,840.0,80.74,100.0
2024-05-01 14:30:00,715,1006.6,40.5,0.0,17.8,2.1,816.0,86.75,100.0
2024-05-01 14:45:00,679,1006.6,38.4,0.0,18.1,2.0,779.0,95.39,100.0
2024-05-01 15:00:00,639,1006.6,36.8,0.0,18.3,1.9,655.0,91.25,100.0
2024-05-01 15:15:00,596,1006.6,35.4,0.0,18.5,1.8,355.0,81.11,100.0
2024-05-01 15:30:00,549,1006.6,34.4,0.0,18.6,1.7,668.0,79.61,100.0
2024-05-01 15:45:00,498,1006.6,33.8,0.0,18.8,1.7,612.0,71.24,100.0
2024-05-01 16:00:00,444,1006.6,33.5,0.0,18.9,1.6,561.0,63.96,100.0
2024-05-01 16:15:00,387,1006.6,33.2,0.0,19.1,1.6,501.0,54.97,100.0
2024-05-01 16:30:00,330,1006.6,32.9,0.0,19.2,1.5,440.0,47.12,100.0
2024-05-01 16:45:00,276,1006.6,32.9,0.0,19.3,1.5,382.0,39.22,100.0
2024-05-01 17:00:00,224,1006.6,32.9,0.0,19.4,1.5,326.0,31.62,100.0
2024-05-01 17:15:00,177,1006.6,33.3,0.0,19.5,1.6,261.0,23.52,100.0
2024-05-01 17:30:00,136,1006.6,34.0,0.0,19.5,1.6,189.0,16.52,100.0
2024-05-01 17:45:00,100,1006.6,35.3,0.0,19.5,1.6,138.0,12.47,100.0
2024-05-01 18:00:00,70,1006.6,37.1,0.0,19.4,1.7,115.0,9.72,100.0
2024-05-01 18:15:00,45,1006.6,39.0,0.0,19.3,1.8,71.0,6.37,100.0
2024-05-01 18:30:00,25,1006.6,40.7,0.0,19.2,1.8,19.0,2.82,100.0
2024-05-01 18:45:00,8,1006.6,42.3,0.0,19.1,1.9,0.0,0.97,100.0
2024-05-01 19:00:00,0,1006.6,43.6,0.0,19.0,2.0,0.0,0.0,100.0
2024-05-01 19:15:00,0,1006.6,44.0,0.0,18.8,2.1,0.0,0.0,100.0
2024-05-01 19:30:00,0,1006.6,44.0,0.0,18.6,2.2,0.0,0.0,100.0
2024-05-01 19:45:00,0,1006.6,44.5,0.0,18.3,2.4,0.0,0.0,100.0
2024-05-01 20:00:00,0,1006.6,44.7,0.0,18.0,2.5,0.0,0.0,100.0
2024-05-01 20:15:00,0,1006.6,45.6,0.0,17.8,2.6,0.0,0.0,100.0
2024-05-01 20:30:00,0,1006.6,47.1,0.0,17.5,2.8,0.0,0.0,100.0
2024-05-01 20:45:00,0,1006.6,49.2,0.0,17.2,2.9,0.0,0.0,100.0
2024-05-01 21:00:00,0,1006.6,51.7,0.0,16.9,3.0,0.0,0.0,100.0
2024-05-01 21:15:00,0,1006.6,53.6,0.0,16.7,3.1,0.0,0.0,100.0
2024-05-01 21:30:00,0,1006.6,55.8,0.0,16.5,3.2,0.0,0.0,100.0
2024-05-01 21:45:00,0,1006.6,58.3,0.0,16.1,3.2,0.0,0.0,100.0
2024-05-01 22:00:00,0,1006.6,59.7,0.0,15.8,3.3,0.0,0.0,100.0
2024-05-01 22:15:00,0,1006.6,61.4,0.0,15.6,3.4,0.0,0.0,100.0
2024-05-01 22:30:00,0,1006.6,63.5,0.0,15.3,3.4,0.0,0.0,100.0
2024-05-01 22:45:00,0,1006.6,65.3,0.0,15.1,3.5,0.0,0.0,100.0
2024-05-01 23:00:00,0,1006.6,67.5,0.0,14.8,3.5,0.0,0.0,100.0
2024-05-01 23:15:00,0,1006.6,70.0,0.0,14.5,3.5,0.0,0.0,100.0
2024-05-01 23:30:00,0,1006.6,72.2,0.0,14.3,3.5,0.0,0.0,100.0
2024-05-01 23:45:00,0,1006.5,73.4,0.0,14.1,3.6,0.0,0.0,100.0
2024-05-03 00:00:00,0,1006.6,63.4,0.0,14.2,3.9,0.0,0.0,100.0
2024-05-03 00:15:00,0,1006.6,63.3,0.0,14.1,4.0,0.0,0.0,100.0
2024-05-03 00:30:00,0,1006.6,63.4,0.0,13.9,4.0,0.0,0.0,100.0
2024-05-03 00:45:00,0,1006.6,63.7,0.0,13.8,3.9,0.0,0.0,100.0
2024-05-03 01:00:00,0,1006.6,63.9,0.0,13.7,3.9,0.0,0.0,100.0
2024-05-03 01:15:00,0,1006.6,64.0,0.0,13.5,3.9,0.0,0.0,100.0
2024-05-03 01:30:00,0,1006.6,63.8,0.0,13.4,3.9,0.0,0.0,100.0
2024-05-03 01:45:00,0,1006.6,63.5,0.0,13.4,3.9,0.0,0.0,100.0
2024-05-03 02:00:00,0,1006.6,63.1,0.0,13.3,3.9,0.0,0.0,100.0
2024-05-03 02:15:00,0,1006.5,62.7,0.0,13.2,3.9,0.0,0.0,100.0
2024-05-03 02:30:00,0,1006.5,62.5,0.0,13.2,3.9,0.0,0.0,100.0
2024-05-03 02:45:00,0,1006.5,62.4,0.0,13.1,3.9,0.0,0.0,100.0
2024-05-03 03:00:00,0,1006.5,62.3,0.0,13.0,3.9,0.0,0.0,100.0
2024-05-03 03:15:00,0,1006.5,62.3,0.0,12.9,3.9,0.0,0.0,100.0
2024-05-03 03:30:00,0,1006.5,62.3,0.0,12.9,3.9,0.0,0.0,100.0
2024-05-03 03:45:00,0,1006.5,62.4,0.0,12.8,3.9,0.0,0.0,100.0
2024-05-03 04:00:00,0,1006.5,62.7,0.0,12.7,3.8,0.0,0.0,100.0
2024-05-03 04:15:00,0,1006.5,62.9,0.0,12.6,3.8,0.0,0.0,100.0
2024-05-03 04:30:00,0,1006.5,63.0,0.0,12.6,3.8,0.0,0.0,100.0
2024-05-03 04:45:00,0,1006.5,63.1,0.0,12.5,3.8,0.0,0.0,100.0
2024-05-03 05:00:00,0,1006.5,62.9,0.0,12.5,3.8,0.0,0.0,100.0
2024-05-03 05:15:00,2,1006.5,62.8,0.0,12.4,3.8,8.0,1.31,100.0
2024-05-03 05:30:00,28,1006.5,62.9,0.0,12.4,3.8,29.0,3.2,100.0
2024-05-03 05:45:00,58,1006.5,63.1,0.0,12.4,3.8,68.0,6.27,100.0
2024-05-03 06:00:00,90,1006.5,63.4,0.0,12.4,3.8,117.0,9.99,100.0
2024-05-03 06:15:00,122,1006.5,63.7,0.0,12.6,3.8,160.0,13.36,100.0
2024-05-03 06:30:00,155,1006.5,63.9,0.0,12.8,3.8,164.0,17.26,100.0
2024-05-03 06:45:00,190,1006.6,63.9,0.0,13.1,3.7,235.0,20.6,100.0
2024-05-03 07:00:00,227,1006.6,63.7,0.0,13.6,3.7,303.0,30.28,100.0
2024-05-03 07:15:00,266,1006.6,63.0,0.0,14.1,3.7,374.0,38.94,100.0
2024-05-03 07:30:00,308,1006.6,61.5,0.0,14.6,3.7,422.0,46.62,100.0
2024-05-03 07:45:00,352,1006.6,59.0,0.0,15.1,3.7,493.0,55.8,100.0
2024-05-03 08:00:00,398,1006.6,57.7,0.0,15.5,3.6,545.0,62.59,100.0
2024-05-03 08:15:00,446,1006.6,57.5,0.0,15.9,3.6,598.0,70.35,100.0
2024-05-03 08:30:00,494,1006.6,57.2,0.0,16.3,3.5,638.0,77.16,100.0
2024-05-03 08:45:00,542,1006.6,55.0,0.0,16.8,3.5,685.0,84.31,100.0
2024-05-03 09:00:00,589,1006.6,50.6,0.0,17.2,3.5,722.0,89.94,100.0
2024-05-03 09:15:00,634,1006.6,48.4,0.0,17.6,3.4,769.0,95.8,100.0
2024-05-03 09:30:00,676,1006.6,48.5,0.0,17.9,3.4,792.0,99.27,100.0
2024-05-03 09:45:00,713,1006.6,48.2,0.0,18.3,3.3,838.0,100.0,100.0
2024-05-03 10:00:00,747,1006.6,46.3,0.0,18.7,3.3,873.0,100.0,100.0
2024-05-03 10:15:00,777,1006.6,43.8,0.0,19.0,3.3,909.0,100.0,100.0
2024-05-03 10:30:00,804,1006.6,42.5,0.0,19.3,3.2,877.0,100.0,100.0
2024-05-03 10:45:00,827,1006.7,40.9,0.0,19.6,3.2,986.0,100.0,100.0
2024-05-03 11:00:00,846,1006.7,39.4,0.0,19.9,3.1,998.0,100.0,100.0
2024-05-03 11:15:00,862,1006.7,39.1,0.0,20.1,3.1,1022.0,100.0,100.0
2024-05-03 11:30:00,873,1006.7,39.0,0.0,20.3,3.0,1033.0,100.0,100.0
2024-05-03 11:45:00,880,1006.7,37.7,0.0,20.5,3.0,1036.0,100.0,100.0
2024-05-03 12:00:00,882,1006.7,36.7,0.0,20.6,3.0,1039.0,100.0,100.0
2024-05-03 12:15:00,881,1006.7,35.9,0.0,20.6,2.9,1029.0,100.0,100.0
2024-05-03 12:30:00,876,1006.7,35.2,0.0,20.7,2.9,1026.0,100.0,100.0
2024-05-03 12:45:00,867,1006.7,34.7,0.0,20.7,2.9,1005.0,100.0,100.0
2024-05-03 13:00:00,856,1006.7,34.7,0.0,20.7,2.9,997.0,100.0,100.0
2024-05-03 13:15:00,841,1006.7,34.9,0.0,20.8,2.8,975.0,100.0,100.0
2024-05-03 13:30:00,822,1006.7,35.3,0.0,20.8,2.8,954.0,100.0,100.0
2024-05-03 13:45:00,801,1006.7,35.8,0.0,20.8,2.8,908.0,100.0,100.0
2024-05-03 14:00:00,775,1006.7,35.9,0.0,20.9,2.8,882.0,100.0,100.0
2024-05-03 14:15:00,746,1006.6,36.1,0.0,20.8,2.8,847.0,100.0,100.0
2024-05-03 14:30:00,713,1006.6,36.4,0.0,20.6,2.8,815.0,99.69,100.0
2024-05-03 14:45:00,676,1006.6,36.5,0.0,20.4,2.8,772.0,95.38,100.0
2024-05-03 15:00:00,636,1006.6,36.9,0.0,20.4,2.8,734.0,89.96,100.0
2024-05-03 15:15:00,592,1006.6,37.6,0.0,20.4,2.8,687.0,83.44,100.0
2024-05-03 15:30:00,546,1006.6,38.5,0.0,20.3,2.8,654.0,77.49,100.0
2024-05-03 15:45:00,497,1006.6,38.9,0.0,20.3,2.8,613.0,70.08,100.0
2024-05-03 16:00:00,444,1006.6,38.8,0.0,20.2,2.8,567.0,63.81,100.0
2024-05-03 16:15:00,389,1006.6,39.4,0.0,20.2,2.8,508.0,55.4,100.0
2024-05-03 16:30:00,334,1006.6,41.4,0.0,19.9,2.8,459.0,48.18,100.0
2024-05-03 16:45:00,281,1006.6,42.6,0.0,19.8,2.8,397.0,39.62,100.0
2024-05-03 17:00:00,231,1006.6,43.4,0.0,19.7,2.8,345.0,32.58,100.0
2024-05-03 17:15:00,185,1006.6,43.7,0.0,19.7,2.8,282.0,24.46,100.0
2024-05-03 17:30:00,144,1006.6,44.4,0.0,19.6,2.8,225.0,18.01,100.0
2024-05-03 17:45:00,108,1006.6,45.8,0.0,19.4,2.8,163.0,11.95,100.0
2024-05-03 18:00:00,77,1006.6,47.4,0.0,19.3,2.9,116.0,8.04,100.0
2024-05-03 18:15:00,51,1006.6,49.2,0.0,19.0,2.9,62.0,4.75,100.0
2024-05-03 18:30:00,29,1006.6,51.4,0.0,18.7,3.0,33.0,3.19,100.0
2024-05-03 18:45:00,11,1006.6,53.6,0.0,18.4,3.0,10.0,1.31,100.0
2024-05-03 19:00:00,0,1006.6,56.1,0.0,18.1,3.1,0.0,0.0,100.0
2024-05-03 19:15:00,0,1006.6,58.8,0.0,17.8,3.1,0.0,0.0,100.0
2024-05-03 19:30:00,0,1006.6,60.5,0.0,17.5,3.2,0.0,0.0,100.0
2024-05-03 19:45:00,0,1006.6,62.3,0.0,17.2,3.2,0.0,0.0,100.0
2024-05-03 20:00:00,0,1006.6,64.5,0.0,16.9,3.2,0.0,0.0,100.0
2024-05-03 20:15:00,0,1006.6,67.1,0.0,16.5,3.3,0.0,0.0,100.0
2024-05-03 20:30:00,0,1006.6,69.7,0.0,16.1,3.3,0.0,0.0,100.0
2024-05-03 20:45:00,0,1006.6,72.4,0.0,15.8,3.4,0.0,0.0,100.0
2024-05-03 21:00:00,0,1006.6,74.5,0.0,15.5,3.5,0.0,0.0,100.0
2024-05-03 21:15:00,0,1006.6,76.6,0.0,15.3,3.5,0.0,0.0,100.0
2024-05-03 21:30:00,0,1006.6,78.5,0.0,15.1,3.5,0.0,0.0,100.0
2024-05-03 21:45:00,0,1006.6,80.0,0.0,14.9,3.6,0.0,0.0,100.0
2024-05-03 22:00:00,0,1006.6,81.3,0.0,14.7,3.6,0.0,0.0,100.0
2024-05-03 22:15:00,0,1006.6,82.5,0.0,14.5,3.7,0.0,0.0,100.0
2024-05-03 22:30:00,0,1006.6,83.9,0.0,14.4,3.7,0.0,0.0,100.0
2024-05-03 22:45:00,0,1006.6,85.0,0.0,14.2,3.7,0.0,0.0,100.0
2024-05-03 23:00:00,0,1006.6,85.8,0.0,14.0,3.7,0.0,0.0,100.0
2024-05-03 23:15:00,0,1006.6,86.5,0.0,13.9,3.7,0.0,0.0,100.0
2024-05-03 23:30:00,0,1006.6,87.1,0.0,13.7,3.7,0.0,0.0,100.0
2024-05-03 23:45:00,0,1006.6,87.7,0.0,13.6,3.7,0.0,0.0,100.0
2024-05-04 00:00:00,0,1006.5,88.7,0.0,13.8,4.3,0.0,0.0,100.0
2024-05-04 00:15:00,0,1006.5,89.3,0.0,13.6,4.3,0.0,0.0,100.0
2024-05-04 00:30:00,0,1006.5,89.9,0.0,13.5,4.3,0.0,0.0,100.0
2024-05-04 00:45:00,0,1006.5,90.4,0.0,13.4,4.3,0.0,0.0,100.0
2024-05-04 01:00:00,0,1006.5,90.9,0.0,13.3,4.2,0.0,0.0,100.0
2024-05-04 01:15:00,0,1006.5,91.3,0.0,13.2,4.2,0.0,0.0,100.0
2024-05-04 01:30:00,0,1006.5,91.6,0.0,13.1,4.2,0.0,0.0,100.0
2024-05-04 01:45:00,0,1006.5,91.6,0.0,13.0,4.2,0.0,0.0,100.0
2024-05-04 02:00:00,0,1006.5,91.5,0.0,12.9,4.1,0.0,0.0,100.0
2024-05-04 02:15:00,0,1006.5,91.4,0.0,12.9,4.1,0.0,0.0,100.0
2024-05-04 02:30:00,0,1006.5,91.2,0.0,12.8,4.1,0.0,0.0,100.0
2024-05-04 02:45:00,0,1006.5,91.2,0.0,12.7,4.1,0.0,0.0,100.0
2024-05-04 03:00:00,0,1006.5,91.3,0.0,12.7,4.0,0.0,0.0,100.0
2024-05-04 03:15:00,0,1006.5,91.6,0.0,12.6,4.0,0.0,0.0,100.0
2024-05-04 03:30:00,0,1006.5,92.2,0.0,12.5,4.0,0.0,0.0,100.0
2024-05-04 03:45:00,0,1006.5,93.1,0.0,12.3,4.0,0.0,0.0,100.0
2024-05-04 04:00:00,0,1006.5,94.1,0.0,12.1,4.0,0.0,0.0,100.0
2024-05-04 04:15:00,0,1006.5,94.3,0.0,12.1,4.0,0.0,0.0,100.0
2024-05-04 04:30:00,0,1006.5,94.4,0.0,12.0,4.0,0.0,0.0,100.0
2024-05-04 04:45:00,0,1006.5,94.5,0.0,12.1,4.1,0.0,0.0,100.0
2024-05-04 05:00:00,0,1006.5,94.5,0.0,12.1,4.1,0.0,0.0,100.0
2024-05-04 05:15:00,2,1006.5,94.4,0.0,12.1,4.1,5.0,1.26,100.0
2024-05-04 05:30:00,26,1006.5,94.4,0.0,12.1,4.2,20.0,3.2,100.0
2024-05-04 05:45:00,54,1006.5,94.3,0.0,12.1,4.2,72.0,8.12,100.0
2024-05-04 06:00:00,81,1006.5,94.2,0.0,12.2,4.2,132.0,10.98,100.0
2024-05-04 06:15:00,109,1006.5,93.9,0.0,12.2,4.3,106.0,12.33,100.0
2024-05-04 06:30:00,138,1006.5,93.3,0.0,12.4,4.3,157.0,16.47,100.0
2024-05-04 06:45:00,167,1006.5,92.0,0.0,12.7,4.3,191.0,22.25,100.0
2024-05-04 07:00:00,198,1006.5,90.2,0.0,12.9,4.4,322.0,35.74,100.0
2024-05-04 07:15:00,231,1006.5,87.7,0.0,13.3,4.4,235.0,26.3,100.0
2024-05-04 07:30:00,265,1006.5,85.2,0.0,13.7,4.5,327.0,39.76,100.0
2024-05-04 07:45:00,301,1006.5,82.9,0.0,14.1,4.5,284.0,31.34,100.0
2024-05-04 08:00:00,337,1006.5,80.8,0.0,14.4,4.5,300.0,36.11,100.0
2024-05-04 08:15:00,374,1006.5,79.2,0.0,14.7,4.5,380.0,43.49,100.0
2024-05-04 08:30:00,411,1006.5,77.4,0.0,15.0,4.6,416.0,48.19,100.0
2024-05-04 08:45:00,447,1006.5,75.2,0.0,15.4,4.6,405.0,50.08,100.0
2024-05-04 09:00:00,480,1006.6,73.0,0.0,15.7,4.7,477.0,54.38,100.0
2024-05-04 09:15:00,510,1006.6,71.2,0.0,16.0,4.7,463.0,62.73,100.0
2024-05-04 09:30:00,537,1006.6,69.9,0.0,16.2,4.7,760.0,82.54,100.0
2024-05-04 09:45:00,558,1006.6,68.0,0.0,16.5,4.7,601.0,71.31,100.0
2024-05-04 10:00:00,574,1006.6,65.9,0.0,16.7,4.7,565.0,61.54,100.0
2024-05-04 10:15:00,587,1006.6,64.5,0.0,16.9,4.7,504.0,60.29,100.0
2024-05-04 10:30:00,595,1006.6,63.3,0.0,17.0,4.6,509.0,74.42,100.0
2024-05-04 10:45:00,598,1006.6,61.6,0.0,17.2,4.5,745.0,83.37,100.0
2024-05-04 11:00:00,597,1006.6,60.9,0.0,17.3,4.4,644.0,74.46,100.0
2024-05-04 11:15:00,593,1006.6,60.5,0.0,17.5,4.3,567.0,91.21,100.0
2024-05-04 11:30:00,584,1006.6,59.9,0.0,17.6,4.2,542.0,61.33,100.0
2024-05-04 11:45:00,572,1006.6,59.3,0.0,17.7,4.1,408.0,53.05,100.0
2024-05-04 12:00:00,557,1006.6,59.0,0.0,17.7,4.0,652.0,90.56,100.0
2024-05-04 12:15:00,538,1006.6,59.1,0.0,17.8,4.0,875.0,70.11,100.0
2024-05-04 12:30:00,518,1006.6,59.1,0.0,17.8,3.9,345.0,46.28,100.0
2024-05-04 12:45:00,494,1006.6,60.5,0.0,17.8,3.9,623.0,75.43,100.0
2024-05-04 13:00:00,467,1006.6,63.8,0.0,17.6,3.8,532.0,63.16,100.0
2024-05-04 13:15:00,436,1006.6,64.5,0.0,17.7,3.7,383.0,46.87,100.0
2024-05-04 13:30:00,402,1006.6,65.0,0.0,17.7,3.5,392.0,48.03,100.0
2024-05-04 13:45:00,366,1006.6,65.1,0.0,17.7,3.4,464.0,52.99,100.0
2024-05-04 14:00:00,330,1006.6,65.2,0.0,17.8,3.3,450.0,56.11,100.0
2024-05-04 14:15:00,294,1006.6,65.2,0.0,17.9,3.2,856.0,54.64,100.0
2024-05-04 14:30:00,259,1006.6,65.3,0.0,17.9,3.1,290.0,29.17,100.0
2024-05-04 14:45:00,226,1006.6,65.3,0.0,18.0,2.9,137.0,19.15,100.0
2024-05-04 15:00:00,195,1006.6,65.1,0.0,18.0,2.8,233.0,31.12,100.0
2024-05-04 15:15:00,168,1006.6,64.6,0.0,17.8,2.7,231.0,23.94,100.0
2024-05-04 15:30:00,144,1006.6,61.4,0.0,17.7,2.7,184.0,19.63,100.0
2024-05-04 15:45:00,124,1006.6,61.1,0.0,17.6,2.6,105.0,11.39,100.0
2024-05-04 16:00:00,106,1006.6,62.1,0.0,17.5,2.6,68.0,9.24,100.0
2024-05-04 16:15:00,90,1006.6,63.1,0.0,17.5,2.5,85.0,13.47,100.0
2024-05-04 16:30:00,76,1006.6,63.8,0.0,17.4,2.5,60.0,8.54,100.0
2024-05-04 16:45:00,64,1006.6,64.0,0.0,17.4,2.5,49.0,6.83,100.0
2024-05-04 17:00:00,53,1006.6,63.0,0.0,17.4,2.5,33.0,5.14,100.0
2024-05-04 17:15:00,44,1006.6,62.5,0.0,17.4,2.5,38.0,6.65,100.0
2024-05-04 17:30:00,35,1006.6,63.4,0.0,17.3,2.5,29.0,4.47,100.0
2024-05-04 17:45:00,27,1006.5,64.5,0.0,17.3,2.5,26.0,3.3,100.0
2024-05-04 18:00:00,21,1006.5,65.8,0.0,17.1,2.5,18.0,3.09,100.0
2024-05-04 18:15:00,14,1006.5,67.0,0.0,17.0,2.4,21.0,2.83,100.0
2024-05-04 18:30:00,9,1006.5,67.9,0.0,16.9,2.4,7.0,1.21,100.0
2024-05-04 18:45:00,3,1006.5,68.7,0.0,16.8,2.4,0.0,0.32,100.0
2024-05-04 19:00:00,0,1006.5,70.0,0.0,16.6,2.4,0.0,0.0,100.0
2024-05-04 19:15:00,0,1006.5,70.5,0.0,16.6,2.4,0.0,0.0,100.0
2024-05-04 19:30:00,0,1006.5,70.1,0.0,16.6,2.4,0.0,0.0,100.0
2024-05-04 19:45:00,0,1006.5,71.3,0.0,16.5,2.5,0.0,0.0,100.0
2024-05-04 20:00:00,0,1006.5,73.4,0.0,16.4,2.5,0.0,0.0,100.0
2024-05-04 20:15:00,0,1006.5,74.3,0.0,16.4,2.5,0.0,0.0,100.0
2024-05-04 20:30:00,0,1006.5,72.6,0.0,16.3,2.6,0.0,0.0,100.0
2024-05-04 20:45:00,0,1006.5,70.7,0.0,16.3,2.6,0.0,0.0,100.0
2024-05-04 21:00:00,0,1006.5,70.3,0.0,16.2,2.6,0.0,0.0,100.0
2024-05-04 21:15:00,0,1006.5,71.4,0.0,16.2,2.6,0.0,0.0,100.0
2024-05-04 21:30:00,0,1006.5,72.1,0.0,16.1,2.5,0.0,0.0,100.0
2024-05-04 21:45:00,0,1006.5,71.7,0.1,16.0,2.5,0.0,0.0,100.0
2024-05-04 22:00:00,0,1006.5,71.7,0.2,16.0,2.4,0.0,0.0,100.0
2024-05-04 22:15:00,0,1006.5,71.4,0.1,16.0,2.4,0.0,0.0,100.0
2024-05-04 22:30:00,0,1006.5,71.5,0.1,15.9,2.3,0.0,0.0,100.0
2024-05-04 22:45:00,0,1006.5,71.5,0.2,15.8,2.3,0.0,0.0,100.0
2024-05-04 23:00:00,0,1006.5,71.4,0.2,15.8,2.3,0.0,0.0,100.0
2024-05-04 23:15:00,0,1006.5,71.2,0.2,15.7,2.2,0.0,0.0,100.0
2024-05-04 23:30:00,0,1006.5,71.3,0.2,15.7,2.2,0.0,0.0,100.0
2024-05-04 23:45:00,0,1006.5,71.2,0.2,15.6,2.1,0.0,0.0,100.0
2024-05-05 00:00:00,0,1006.5,77.9,0.0,15.2,2.3,0.0,0.0,100.0
2024-05-05 00:15:00,0,1006.5,77.8,0.0,15.1,2.3,0.0,0.0,100.0
2024-05-05 00:30:00,0,1006.5,77.6,0.0,15.1,2.3,0.0,0.0,100.0
2024-05-05 00:45:00,0,1006.5,78.5,0.0,15.1,2.2,0.0,0.0,100.0
2024-05-05 01:00:00,0,1006.5,78.9,0.0,15.1,2.2,0.0,0.0,100.0
2024-05-05 01:15:00,0,1006.5,79.1,0.0,15.1,2.1,0.0,0.0,100.0
2024-05-05 01:30:00,0,1006.5,79.8,0.0,15.1,2.0,0.0,0.0,100.0
2024-05-05 01:45:00,0,1006.5,80.1,0.0,15.1,1.9,0.0,0.0,100.0
2024-05-05 02:00:00,0,1006.5,80.3,0.0,15.1,1.8,0.0,0.0,100.0
2024-05-05 02:15:00,0,1006.5,80.5,0.0,15.1,1.7,0.0,0.0,100.0
2024-05-05 02:30:00,0,1006.5,80.4,0.0,15.1,1.6,0.0,0.0,100.0
2024-05-05 02:45:00,0,1006.5,80.0,0.0,15.1,1.5,0.0,0.0,100.0
2024-05-05 03:00:00,0,1006.5,79.9,0.0,15.1,1.4,0.0,0.0,100.0
2024-05-05 03:15:00,0,1006.5,80.0,0.0,15.1,1.2,0.0,0.0,100.0
2024-05-05 03:30:00,0,1006.5,80.2,0.2,15.1,1.2,0.0,0.0,100.0
2024-05-05 03:45:00,0,1006.5,80.8,0.2,15.0,1.1,0.0,0.0,100.0
2024-05-05 04:00:00,0,1006.5,81.3,0.3,15.0,1.0,0.0,0.0,100.0
2024-05-05 04:15:00,0,1006.5,81.5,0.3,15.1,1.0,0.0,0.0,100.0
2024-05-05 04:30:00,0,1006.5,81.5,0.3,15.2,0.9,0.0,0.0,100.0
2024-05-05 04:45:00,0,1006.5,81.3,0.3,15.2,0.9,0.0,0.0,100.0
2024-05-05 05:00:00,0,1006.5,81.1,0.3,15.2,0.9,0.0,0.0,100.0
2024-05-05 05:15:00,1,1006.5,81.0,0.3,15.2,0.9,0.0,0.0,100.0
2024-05-05 05:30:00,4,1006.5,80.9,0.2,15.2,0.8,0.0,0.54,100.0
2024-05-05 05:45:00,9,1006.5,80.9,0.2,15.3,0.8,4.0,1.08,100.0
2024-05-05 06:00:00,13,1006.5,81.0,0.2,15.2,0.8,10.0,1.6,100.0
2024-05-05 06:15:00,18,1006.5,81.0,0.2,15.2,0.8,17.0,2.51,100.0
2024-05-05 06:30:00,22,1006.5,81.1,0.2,15.2,0.8,19.0,2.71,100.0
2024-05-05 06:45:00,27,1006.5,81.4,0.2,15.2,0.8,36.0,4.25,100.0
2024-05-05 07:00:00,33,1006.5,81.6,0.3,15.2,0.8,32.0,4.19,100.0
2024-05-05 07:15:00,38,1006.5,81.7,0.3,15.3,0.8,30.0,4.1,100.0
2024-05-05 07:30:00,44,1006.5,81.7,0.3,15.3,0.8,36.0,5.46,100.0
2024-05-05 07:45:00,50,1006.5,81.8,0.3,15.4,0.8,53.0,6.55,100.0
2024-05-05 08:00:00,56,1006.5,81.7,0.3,15.4,0.8,51.0,6.17,100.0
2024-05-05 08:15:00,63,1006.5,81.3,0.2,15.5,0.9,53.0,5.96,100.0
2024-05-05 08:30:00,70,1006.5,80.6,0.2,15.6,0.9,52.0,8.55,100.0
2024-05-05 08:45:00,77,1006.5,79.6,0.2,15.6,1.0,68.0,10.45,100.0
2024-05-05 09:00:00,85,1006.5,78.8,0.2,15.6,1.0,62.0,9.49,100.0
2024-05-05 09:15:00,93,1006.5,78.5,0.1,15.7,1.1,48.0,10.81,100.0
2024-05-05 09:30:00,102,1006.5,78.5,0.1,15.8,1.2,98.0,15.68,100.0
2024-05-05 09:45:00,112,1006.5,78.9,0.1,15.8,1.2,44.0,9.59,100.0
2024-05-05 10:00:00,122,1006.5,79.4,0.1,15.9,1.3,33.0,7.71,100.0
2024-05-05 10:15:00,134,1006.5,80.1,0.0,15.9,1.4,119.0,20.16,100.0
2024-05-05 10:30:00,146,1006.5,80.5,0.0,16.0,1.5,157.0,23.61,100.0
2024-05-05 10:45:00,158,1006.5,81.0,0.0,16.0,1.6,192.0,21.63,100.0
2024-05-05 11:00:00,170,1006.5,81.3,0.0,16.0,1.6,142.0,13.68,100.0
2024-05-05 11:15:00,183,1006.5,81.3,0.0,16.1,1.7,100.0,14.57,100.0
2024-05-05 11:30:00,195,1006.5,81.3,0.0,16.1,1.8,153.0,20.33,100.0
2024-05-05 11:45:00,206,1006.5,81.1,0.0,16.1,1.9,134.0,13.52,100.0
2024-05-05 12:00:00,217,1006.5,80.6,0.0,16.2,2.1,153.0,20.76,100.0
2024-05-05 12:15:00,226,1006.5,79.3,0.0,16.2,2.2,99.0,27.36,100.0
2024-05-05 12:30:00,234,1006.5,78.7,0.0,16.3,2.3,119.0,22.43,100.0
2024-05-05 12:45:00,241,1006.5,78.5,0.1,16.3,2.4,189.0,22.43,100.0
2024-05-05 13:00:00,248,1006.5,79.0,0.1,16.3,2.5,57.0,15.0,100.0
2024-05-05 13:15:00,255,1006.5,78.9,0.0,16.4,2.6,83.0,16.73,100.0
2024-05-05 13:30:00,261,1006.5,79.0,0.0,16.4,2.6,86.0,13.63,100.0
2024-05-05 13:45:00,266,1006.5,78.4,0.0,16.4,2.7,50.0,8.33,100.0
2024-05-05 14:00:00,269,1006.5,78.1,0.0,16.4,2.7,78.0,13.28,100.0
2024-05-05 14:15:00,270,1006.5,78.1,0.0,16.4,2.8,82.0,9.92,100.0
2024-05-05 14:30:00,268,1006.5,77.3,0.0,16.4,2.8,62.0,13.47,100.0
2024-05-05 14:45:00,263,1006.5,77.8,0.0,16.5,2.9,77.0,13.63,100.0
2024-05-05 15:00:00,255,1006.5,76.9,0.0,16.5,2.9,88.0,16.3,100.0
2024-05-05 15:15:00,244,1006.5,76.9,0.0,16.5,2.8,66.0,14.05,100.0
2024-05-05 15:30:00,230,1006.5,77.1,0.0,16.5,2.8,71.0,8.34,100.0
2024-05-05 15:45:00,213,1006.5,77.1,0.0,16.5,2.8,80.0,9.14,100.0
2024-05-05 16:00:00,193,1006.5,77.6,0.0,16.5,2.7,100.0,11.01,100.0
2024-05-05 16:15:00,170,1006.5,77.7,0.0,16.6,2.6,65.0,8.19,100.0
2024-05-05 16:30:00,147,1006.5,76.1,0.0,16.6,2.6,44.0,5.26,100.0
2024-05-05 16:45:00,124,1006.5,76.2,0.0,16.6,2.5,28.0,4.41,100.0
2024-05-05 17:00:00,101,1006.5,75.7,0.0,16.6,2.4,40.0,4.34,100.0
2024-05-05 17:15:00,81,1006.5,74.6,0.0,16.6,2.3,45.0,4.02,100.0
2024-05-05 17:30:00,62,1006.5,74.1,0.0,16.6,2.1,21.0,2.16,100.0
2024-05-05 17:45:00,46,1006.5,73.9,0.0,16.6,2.0,21.0,2.45,100.0
2024-05-05 18:00:00,33,1006.5,73.4,0.0,16.6,1.9,13.0,1.73,100.0
2024-05-05 18:15:00,22,1006.5,73.1,0.0,16.5,1.8,10.0,1.03,100.0
2024-05-05 18:30:00,13,1006.5,73.1,0.0,16.5,1.7,5.0,0.86,100.0
2024-05-05 18:45:00,5,1006.5,73.1,0.0,16.5,1.6,1.0,0.33,100.0
2024-05-05 19:00:00,0,1006.5,72.7,0.0,16.5,1.6,0.0,0.0,100.0
2024-05-05 19:15:00,0,1006.5,72.7,0.0,16.5,1.5,0.0,0.0,100.0
2024-05-05 19:30:00,0,1006.5,72.8,0.0,16.5,1.5,0.0,0.0,100.0
2024-05-05 19:45:00,0,1006.5,72.9,0.0,16.5,1.4,0.0,0.0,100.0
2024-05-05 20:00:00,0,1006.5,73.1,0.0,16.5,1.4,0.0,0.0,100.0
2024-05-05 20:15:00,0,1006.5,73.1,0.0,16.5,1.4,0.0,0.0,100.0
2024-05-05 20:30:00,0,1006.5,73.1,0.0,16.4,1.3,0.0,0.0,100.0
2024-05-05 20:45:00,0,1006.5,72.9,0.0,16.4,1.3,0.0,0.0,100.0
2024-05-05 21:00:00,0,1006.5,72.1,0.0,16.4,1.3,0.0,0.0,100.0
2024-05-05 21:15:00,0,1006.5,71.4,0.0,16.3,1.2,0.0,0.0,100.0
2024-05-05 21:30:00,0,1006.5,71.3,0.0,16.3,1.2,0.0,0.0,100.0
2024-05-05 21:45:00,0,1006.5,71.7,0.0,16.3,1.2,0.0,0.0,100.0
2024-05-05 22:00:00,0,1006.5,72.3,0.0,16.2,1.2,0.0,0.0,100.0
2024-05-05 22:15:00,0,1006.5,72.6,0.0,16.2,1.3,0.0,0.0,100.0
2024-05-05 22:30:00,0,1006.5,72.4,0.0,16.1,1.3,0.0,0.0,100.0
2024-05-05 22:45:00,0,1006.5,72.4,0.0,16.1,1.3,0.0,0.0,100.0
2024-05-05 23:00:00,0,1006.5,72.7,0.0,16.1,1.3,0.0,0.0,100.0
2024-05-05 23:15:00,0,1006.5,72.8,0.0,16.0,1.4,0.0,0.0,100.0
2024-05-05 23:30:00,0,1006.5,72.7,0.3,16.0,1.4,0.0,0.0,100.0
2024-05-05 23:45:00,0,1006.5,72.4,0.5,16.0,1.4,0.0,0.0,100.0
2024-05-06 00:00:00,0,1006.5,90.7,0.4,14.7,2.8,0.0,0.0,100.0
2024-05-06 00:15:00,0,1006.5,90.4,0.5,14.7,2.8,0.0,0.0,100.0
2024-05-06 00:30:00,0,1006.5,90.2,0.5,14.8,2.8,0.0,0.0,100.0
2024-05-06 00:45:00,0,1006.5,90.0,0.7,14.8,2.8,0.0,0.0,100.0
2024-05-06 01:00:00,0,1006.5,89.8,0.8,14.8,2.8,0.0,0.0,100.0
2024-05-06 01:15:00,0,1006.5,89.5,0.7,14.8,2.8,0.0,0.0,100.0
2024-05-06 01:30:00,0,1006.5,89.6,0.8,14.8,2.8,0.0,0.0,100.0
2024-05-06 01:45:00,0,1006.5,89.7,0.8,14.8,2.8,0.0,0.0,100.0
2024-05-06 02:00:00,0,1006.5,89.5,0.7,14.8,2.8,0.0,0.0,100.0
2024-05-06 02:15:00,0,1006.5,89.4,0.6,14.8,2.8,0.0,0.0,100.0
2024-05-06 02:30:00,0,1006.5,89.3,0.7,14.8,2.8,0.0,0.0,100.0
2024-05-06 02:45:00,0,1006.5,89.5,0.7,14.9,2.9,0.0,0.0,100.0
2024-05-06 03:00:00,0,1006.5,90.3,0.7,14.8,2.9,0.0,0.0,100.0
2024-05-06 03:15:00,0,1006.5,91.3,0.8,14.8,3.0,0.0,0.0,100.0
2024-05-06 03:30:00,0,1006.5,91.3,0.7,14.7,3.0,0.0,0.0,100.0
2024-05-06 03:45:00,0,1006.5,91.0,0.5,14.8,3.1,0.0,0.0,100.0
2024-05-06 04:00:00,0,1006.5,90.9,0.5,14.8,3.2,0.0,0.0,100.0
2024-05-06 04:15:00,0,1006.5,90.7,0.4,14.8,3.3,0.0,0.0,100.0
2024-05-06 04:30:00,0,1006.5,90.4,0.4,14.8,3.4,0.0,0.0,100.0
2024-05-06 04:45:00,0,1006.5,90.2,0.4,14.9,3.6,0.0,0.0,100.0
2024-05-06 05:00:00,0,1006.5,90.2,0.3,14.9,3.8,0.0,0.0,100.0
2024-05-06 05:15:00,1,1006.5,90.1,0.3,14.9,3.9,1.0,0.02,100.0
2024-05-06 05:30:00,6,1006.5,90.1,0.3,14.9,4.1,1.0,0.09,100.0
2024-05-06 05:45:00,11,1006.5,90.4,0.3,15.0,4.3,1.0,0.65,100.0
2024-05-06 06:00:00,17,1006.5,90.6,0.4,15.1,4.4,3.0,0.8,100.0
2024-05-06 06:15:00,22,1006.5,90.8,0.4,15.2,4.5,8.0,1.65,100.0
2024-05-06 06:30:00,29,1006.5,91.3,0.3,15.3,4.7,13.0,1.75,100.0
2024-05-06 06:45:00,36,1006.5,91.4,0.5,15.4,4.8,10.0,2.47,100.0
2024-05-06 07:00:00,43,1006.5,92.0,0.5,15.5,4.9,21.0,1.4,100.0
2024-05-06 07:15:00,52,1006.5,93.4,0.6,15.6,5.1,18.0,3.27,100.0
2024-05-06 07:30:00,62,1006.5,92.0,0.6,15.8,5.2,26.0,5.05,100.0
2024-05-06 07:45:00,72,1006.5,92.6,0.6,15.8,5.3,57.0,7.64,100.0
2024-05-06 08:00:00,83,1006.5,92.9,0.7,15.8,5.4,43.0,7.08,100.0
2024-05-06 08:15:00,96,1006.5,93.5,0.8,15.8,5.5,46.0,5.65,100.0
2024-05-06 08:30:00,109,1006.5,92.6,0.7,15.7,5.7,47.0,3.72,100.0
2024-05-06 08:45:00,123,1006.5,92.7,0.7,15.8,5.8,78.0,6.38,100.0
2024-05-06 09:00:00,138,1006.5,92.1,0.6,15.9,5.8,139.0,13.86,100.0
2024-05-06 09:15:00,153,1006.5,90.5,0.5,15.9,5.9,160.0,19.67,100.0
2024-05-06 09:30:00,169,1006.5,89.8,0.4,15.9,5.9,252.0,31.27,100.0
2024-05-06 09:45:00,186,1006.5,89.6,0.3,15.9,5.9,283.0,30.73,100.0
2024-05-06 10:00:00,204,1006.5,89.5,0.3,15.9,5.9,289.0,37.97,100.0
2024-05-06 10:15:00,223,1006.5,88.3,0.3,16.0,5.9,218.0,27.55,100.0
2024-05-06 10:30:00,243,1006.5,88.6,0.4,16.0,5.9,93.0,14.45,100.0
2024-05-06 10:45:00,263,1006.5,87.9,0.4,16.0,5.8,154.0,20.59,100.0
2024-05-06 11:00:00,283,1006.5,87.5,0.3,16.1,5.7,86.0,15.98,100.0
2024-05-06 11:15:00,303,1006.5,87.5,0.2,16.1,5.7,83.0,14.91,100.0
2024-05-06 11:30:00,322,1006.5,87.4,0.2,16.1,5.6,208.0,37.27,100.0
2024-05-06 11:45:00,338,1006.5,87.1,0.2,16.2,5.6,160.0,21.11,100.0
2024-05-06 12:00:00,353,1006.5,86.3,0.2,16.3,5.5,193.0,33.97,100.0
2024-05-06 12:15:00,365,1006.5,85.8,0.2,16.5,5.5,250.0,48.13,100.0
2024-05-06 12:30:00,374,1006.5,85.4,0.3,16.5,5.4,773.0,86.63,100.0
2024-05-06 12:45:00,379,1006.5,85.0,0.3,16.6,5.3,608.0,91.49,100.0
2024-05-06 13:00:00,382,1006.5,84.5,0.2,16.7,5.2,583.0,96.37,100.0
2024-05-06 13:15:00,383,1006.5,85.3,0.1,16.6,5.1,161.0,42.97,100.0
2024-05-06 13:30:00,381,1006.5,85.7,0.1,16.7,5.1,199.0,25.18,100.0
2024-05-06 13:45:00,377,1006.5,85.2,0.1,16.7,5.0,138.0,17.43,100.0
2024-05-06 14:00:00,370,1006.5,84.6,0.1,16.6,4.9,155.0,19.39,100.0
2024-05-06 14:15:00,361,1006.5,84.1,0.1,16.7,4.8,139.0,26.01,100.0
2024-05-06 14:30:00,350,1006.5,83.9,0.1,16.6,4.7,186.0,25.73,100.0
2024-05-06 14:45:00,336,1006.5,84.0,0.1,16.6,4.6,230.0,27.79,100.0
2024-05-06 15:00:00,321,1006.5,84.2,0.1,16.6,4.5,189.0,26.52,100.0
2024-05-06 15:15:00,303,1006.5,83.6,0.0,16.7,4.4,625.0,61.4,100.0
2024-05-06 15:30:00,283,1006.5,82.6,0.0,16.7,4.3,458.0,81.83,100.0
2024-05-06 15:45:00,262,1006.5,81.5,0.0,16.7,4.2,410.0,57.28,100.0
2024-05-06 16:00:00,239,1006.5,80.6,0.0,16.7,4.1,511.0,54.32,100.0
2024-05-06 16:15:00,214,1006.5,79.9,0.0,16.7,3.9,302.0,41.82,100.0
2024-05-06 16:30:00,188,1006.5,78.7,0.0,16.7,3.8,364.0,47.78,100.0
2024-05-06 16:45:00,163,1006.5,77.3,0.0,16.7,3.7,353.0,36.98,100.0
2024-05-06 17:00:00,138,1006.5,75.9,0.0,16.8,3.6,268.0,27.78,100.0
2024-05-06 17:15:00,114,1006.5,74.6,0.0,16.8,3.5,193.0,19.28,100.0
2024-05-06 17:30:00,93,1006.5,73.1,0.0,16.8,3.4,142.0,11.96,100.0
2024-05-06 17:45:00,73,1006.5,71.9,0.0,16.8,3.3,84.0,9.69,100.0
2024-05-06 18:00:00,54,1006.5,71.5,0.0,16.8,3.3,75.0,7.53,100.0
2024-05-06 18:15:00,38,1006.5,70.8,0.0,16.7,3.2,47.0,4.63,100.0
2024-05-06 18:30:00,24,1006.5,70.2,0.0,16.7,3.2,18.0,2.53,100.0
2024-05-06 18:45:00,10,1006.5,70.0,0.0,16.7,3.1,3.0,0.79,100.0
2024-05-06 19:00:00,0,1006.5,69.6,0.0,16.7,3.1,0.0,0.0,100.0
2024-05-06 19:15:00,0,1006.5,69.1,0.0,16.7,3.1,0.0,0.0,100.0
2024-05-06 19:30:00,0,1006.5,69.3,0.0,16.7,3.1,0.0,0.0,100.0
2024-05-06 19:45:00,0,1006.5,70.2,0.0,16.7,3.1,0.0,0.0,100.0
2024-05-06 20:00:00,0,1006.5,70.2,0.0,16.6,3.1,0.0,0.0,100.0
2024-05-06 20:15:00,0,1006.5,69.6,0.0,16.7,3.0,0.0,0.0,100.0
2024-05-06 20:30:00,0,1006.5,69.4,0.0,16.7,3.0,0.0,0.0,100.0
2024-05-06 20:45:00,0,1006.5,68.5,0.0,16.7,3.1,0.0,0.0,100.0
2024-05-06 21:00:00,0,1006.5,67.3,0.0,16.7,3.1,0.0,0.0,100.0
2024-05-06 21:15:00,0,1006.5,68.9,0.0,16.6,3.1,0.0,0.0,100.0
2024-05-06 21:30:00,0,1006.5,70.0,0.0,16.5,3.1,0.0,0.0,100.0
2024-05-06 21:45:00,0,1006.5,70.5,0.0,16.3,3.2,0.0,0.0,100.0
2024-05-06 22:00:00,0,1006.5,71.5,0.0,16.2,3.2,0.0,0.0,100.0
2024-05-06 22:15:00,0,1006.5,72.1,0.0,16.1,3.3,0.0,0.0,100.0
2024-05-06 22:30:00,0,1006.5,72.7,0.0,15.9,3.4,0.0,0.0,100.0
2024-05-06 22:45:00,0,1006.5,73.6,0.0,15.8,3.4,0.0,0.0,100.0
2024-05-06 23:00:00,0,1006.5,74.3,0.0,15.6,3.5,0.0,0.0,100.0
2024-05-06 23:15:00,0,1006.5,74.5,0.0,15.4,3.6,0.0,0.0,100.0
2024-05-06 23:30:00,0,1006.5,74.0,0.0,15.2,3.6,0.0,0.0,100.0
2024-05-06 23:45:00,0,1006.5,73.7,0.0,15.0,3.7,0.0,0.0,100.0
2024-05-07 00:00:00,0,1006.5,86.1,0.0,13.7,2.6,0.0,0.0,100.0
2024-05-07 00:15:00,0,1006.5,86.2,0.0,13.6,2.6,0.0,0.0,100.0
2024-05-07 00:30:00,0,1006.5,86.3,0.0,13.5,2.5,0.0,0.0,100.0
2024-05-07 00:45:00,0,1006.5,86.9,0.0,13.3,2.5,0.0,0.0,100.0
2024-05-07 01:00:00,0,1006.5,87.8,0.0,13.1,2.5,0.0,0.0,100.0
2024-05-07 01:15:00,0,1006.5,89.1,0.0,12.9,2.4,0.0,0.0,100.0
2024-05-07 01:30:00,0,1006.5,90.3,0.0,12.8,2.4,0.0,0.0,100.0
2024-05-07 01:45:00,0,1006.5,91.2,0.0,12.7,2.3,0.0,0.0,100.0
2024-05-07 02:00:00,0,1006.5,92.2,0.0,12.6,2.3,0.0,0.0,100.0
2024-05-07 02:15:00,0,1006.5,93.3,0.0,12.5,2.2,0.0,0.0,100.0
2024-05-07 02:30:00,0,1006.5,94.4,0.0,12.4,2.2,0.0,0.0,100.0
2024-05-07 02:45:00,0,1006.5,95.3,0.0,12.4,2.2,0.0,0.0,100.0
2024-05-07 03:00:00,0,1006.5,95.9,0.0,12.4,2.2,0.0,0.0,100.0
2024-05-07 03:15:00,0,1006.5,96.4,0.0,12.4,2.2,0.0,0.0,100.0
2024-05-07 03:30:00,0,1006.5,96.8,0.0,12.5,2.2,0.0,0.0,100.0
2024-05-07 03:45:00,0,1006.5,97.0,0.0,12.5,2.2,0.0,0.0,100.0
2024-05-07 04:00:00,0,1006.5,96.9,0.0,12.6,2.3,0.0,0.0,100.0
2024-05-07 04:15:00,0,1006.5,96.7,0.0,12.8,2.3,0.0,0.0,100.0
2024-05-07 04:30:00,0,1006.5,96.1,0.0,13.0,2.4,0.0,0.0,100.0
2024-05-07 04:45:00,0,1006.5,94.2,0.0,13.3,2.4,0.0,0.0,100.0
2024-05-07 05:00:00,0,1006.5,91.5,0.0,13.7,2.5,0.0,0.0,100.0
2024-05-07 05:15:00,6,1006.5,89.6,0.0,14.0,2.6,6.0,1.29,100.0
2024-05-07 05:30:00,36,1006.5,88.8,0.0,14.2,2.6,24.0,3.0,100.0
2024-05-07 05:45:00,67,1006.5,88.4,0.0,14.3,2.7,48.0,5.3,100.0
2024-05-07 06:00:00,98,1006.5,88.3,0.0,14.5,2.8,78.0,7.63,100.0
2024-05-07 06:15:00,130,1006.6,88.4,0.0,14.6,2.9,115.0,11.27,100.0
2024-05-07 06:30:00,163,1006.6,88.3,0.0,14.9,3.1,156.0,15.38,100.0
2024-05-07 06:45:00,196,1006.6,87.6,0.0,15.2,3.2,210.0,21.92,100.0
2024-05-07 07:00:00,232,1006.6,86.6,0.0,15.4,3.4,253.0,26.74,100.0
2024-05-07 07:15:00,269,1006.6,85.3,0.0,15.5,3.6,309.0,33.93,100.0
2024-05-07 07:30:00,307,1006.6,84.7,0.0,15.6,3.8,355.0,40.63,100.0
2024-05-07 07:45:00,347,1006.6,85.0,0.0,15.7,4.0,418.0,47.48,100.0
2024-05-07 08:00:00,388,1006.6,84.2,0.0,15.7,4.2,454.0,53.74,100.0
2024-05-07 08:15:00,430,1006.6,83.0,0.0,15.7,4.3,517.0,61.95,100.0
2024-05-07 08:30:00,472,1006.6,82.6,0.0,15.7,4.5,569.0,69.89,100.0
2024-05-07 08:45:00,513,1006.6,81.2,0.0,15.8,4.6,619.0,75.29,100.0
2024-05-07 09:00:00,552,1006.6,79.6,0.0,15.9,4.8,645.0,82.53,100.0
2024-05-07 09:15:00,589,1006.6,78.2,0.0,15.9,5.0,687.0,88.52,100.0
2024-05-07 09:30:00,622,1006.6,77.1,0.0,16.0,5.1,733.0,93.55,100.0
2024-05-07 09:45:00,650,1006.6,75.9,0.0,16.0,5.3,773.0,98.38,100.0
2024-05-07 10:00:00,675,1006.6,74.4,0.0,16.0,5.4,799.0,100.0,100.0
2024-05-07 10:15:00,695,1006.6,73.1,0.0,16.0,5.5,831.0,96.85,100.0
2024-05-07 10:30:00,712,1006.6,71.9,0.0,16.1,5.7,785.0,99.67,100.0
2024-05-07 10:45:00,724,1006.6,70.6,0.0,16.1,5.8,875.0,100.0,100.0
2024-05-07 11:00:00,733,1006.6,69.9,0.0,16.1,5.9,892.0,100.0,100.0
2024-05-07 11:15:00,738,1006.6,69.4,0.0,16.1,6.0,934.0,100.0,100.0
2024-05-07 11:30:00,739,1006.6,68.9,0.0,16.1,6.2,972.0,100.0,100.0
2024-05-07 11:45:00,737,1006.6,68.4,0.0,16.1,6.3,929.0,100.0,100.0
2024-05-07 12:00:00,731,1006.6,68.0,0.0,16.1,6.3,968.0,100.0,100.0
2024-05-07 12:15:00,723,1006.6,68.0,0.0,16.1,6.4,890.0,92.28,100.0
2024-05-07 12:30:00,712,1006.6,68.0,0.0,16.1,6.5,789.0,75.22,100.0
2024-05-07 12:45:00,698,1006.6,68.2,0.0,16.1,6.5,886.0,99.55,100.0
2024-05-07 13:00:00,682,1006.6,68.4,0.0,16.1,6.5,820.0,100.0,100.0
2024-05-07 13:15:00,664,1006.6,68.4,0.0,16.1,6.5,717.0,80.37,100.0
2024-05-07 13:30:00,643,1006.6,68.3,0.0,16.1,6.5,1047.0,94.4,100.0
2024-05-07 13:45:00,619,1006.6,68.2,0.0,16.1,6.5,738.0,82.32,100.0
2024-05-07 14:00:00,593,1006.6,67.7,0.0,16.0,6.5,733.0,81.93,100.0
2024-05-07 14:15:00,565,1006.6,67.2,0.0,16.1,6.4,443.0,56.01,100.0
2024-05-07 14:30:00,535,1006.6,66.6,0.0,16.1,6.4,413.0,54.05,100.0
2024-05-07 14:45:00,503,1006.6,65.9,0.0,16.1,6.3,486.0,72.94,100.0
2024-05-07 15:00:00,470,1006.6,65.5,0.0,16.0,6.2,522.0,71.78,100.0
2024-05-07 15:15:00,435,1006.6,65.2,0.0,16.0,6.1,485.0,67.54,100.0
2024-05-07 15:30:00,399,1006.6,65.1,0.0,16.0,6.0,514.0,72.83,100.0
2024-05-07 15:45:00,362,1006.6,64.8,0.0,15.9,6.0,602.0,55.01,100.0
2024-05-07 16:00:00,324,1006.6,64.6,0.0,15.9,5.9,454.0,49.43,100.0
2024-05-07 16:15:00,285,1006.6,64.7,0.0,15.9,5.8,512.0,53.47,100.0
2024-05-07 16:30:00,247,1006.6,64.8,0.0,15.9,5.7,451.0,50.27,100.0
2024-05-07 16:45:00,210,1006.6,65.0,0.0,15.9,5.6,378.0,29.63,100.0
2024-05-07 17:00:00,175,1006.6,65.4,0.0,15.9,5.4,251.0,26.12,100.0
2024-05-07 17:15:00,142,1006.6,65.7,0.0,15.8,5.3,247.0,24.59,100.0
2024-05-07 17:30:00,113,1006.6,66.2,0.0,15.8,5.2,226.0,20.46,100.0
2024-05-07 17:45:00,87,1006.6,66.5,0.0,15.7,5.1,99.0,8.57,100.0
2024-05-07 18:00:00,64,1006.6,66.6,0.0,15.7,5.0,103.0,6.91,100.0
2024-05-07 18:15:00,44,1006.6,66.7,0.0,15.7,4.9,57.0,4.7,100.0
2024-05-07 18:30:00,27,1006.6,66.9,0.0,15.6,4.8,34.0,3.65,100.0
2024-05-07 18:45:00,12,1006.6,67.2,0.0,15.5,4.7,15.0,2.01,100.0
2024-05-07 19:00:00,1,1006.6,67.2,0.0,15.5,4.6,0.0,0.0,100.0
2024-05-07 19:15:00,0,1006.6,67.2,0.0,15.5,4.5,0.0,0.0,100.0
2024-05-07 19:30:00,0,1006.6,67.5,0.0,15.5,4.4,0.0,0.0,100.0
2024-05-07 19:45:00,0,1006.6,67.6,0.0,15.5,4.3,0.0,0.0,100.0
2024-05-07 20:00:00,0,1006.6,67.6,0.0,15.5,4.2,0.0,0.0,100.0
2024-05-07 20:15:00,0,1006.6,67.5,0.0,15.5,4.1,0.0,0.0,100.0
2024-05-07 20:30:00,0,1006.6,67.8,0.0,15.5,3.9,0.0,0.0,100.0
2024-05-07 20:45:00,0,1006.6,68.5,0.0,15.5,3.8,0.0,0.0,100.0
2024-05-07 21:00:00,0,1006.6,68.7,0.0,15.5,3.7,0.0,0.0,100.0
2024-05-07 21:15:00,0,1006.6,69.1,0.0,15.5,3.6,0.0,0.0,100.0
2024-05-07 21:30:00,0,1006.6,69.7,0.0,15.5,3.6,0.0,0.0,100.0
2024-05-07 21:45:00,0,1006.6,70.1,0.0,15.5,3.5,0.0,0.0,100.0
2024-05-07 22:00:00,0,1006.6,70.8,0.0,15.5,3.4,0.0,0.0,100.0
2024-05-07 22:15:00,0,1006.6,72.1,0.0,15.4,3.3,0.0,0.0,100.0
2024-05-07 22:30:00,0,1006.6,73.9,0.0,15.3,3.2,0.0,0.0,100.0
2024-05-07 22:45:00,0,1006.6,75.4,0.0,15.3,3.1,0.0,0.0,100.0
2024-05-07 23:00:00,0,1006.6,76.3,0.0,15.1,3.1,0.0,0.0,100.0
2024-05-07 23:15:00,0,1006.6,77.0,0.0,15.0,3.0,0.0,0.0,100.0
2024-05-07 23:30:00,0,1006.6,78.2,0.0,14.8,2.9,0.0,0.0,100.0
2024-05-07 23:45:00,0,1006.6,79.1,0.0,14.6,2.8,0.0,0.0,100.0
2024-05-08 00:00:00,0,1006.6,83.4,0.0,14.2,2.2,0.0,0.0,100.0
2024-05-08 00:15:00,0,1006.6,83.6,0.0,14.0,2.1,0.0,0.0,100.0
2024-05-08 00:30:00,0,1006.6,83.5,0.0,13.9,2.0,0.0,0.0,100.0
2024-05-08 00:45:00,0,1006.6,83.2,0.0,13.9,2.0,0.0,0.0,100.0
2024-05-08 01:00:00,0,1006.6,83.0,0.0,13.8,1.9,0.0,0.0,100.0
2024-05-08 01:15:00,0,1006.6,82.9,0.0,13.7,1.8,0.0,0.0,100.0
2024-05-08 01:30:00,0,1006.6,82.7,0.0,13.7,1.7,0.0,0.0,100.0
2024-05-08 01:45:00,0,1006.6,82.7,0.0,13.7,1.7,0.0,0.0,100.0
2024-05-08 02:00:00,0,1006.6,82.8,0.0,13.6,1.7,0.0,0.0,100.0
2024-05-08 02:15:00,0,1006.6,83.2,0.0,13.5,1.6,0.0,0.0,100.0
2024-05-08 02:30:00,0,1006.6,83.9,0.0,13.4,1.6,0.0,0.0,100.0
2024-05-08 02:45:00,0,1006.6,84.7,0.0,13.4,1.6,0.0,0.0,100.0
2024-05-08 03:00:00,0,1006.6,85.7,0.0,13.2,1.6,0.0,0.0,100.0
2024-05-08 03:15:00,0,1006.6,86.6,0.0,13.1,1.6,0.0,0.0,100.0
2024-05-08 03:30:00,0,1006.6,86.9,0.0,12.9,1.5,0.0,0.0,100.0
2024-05-08 03:45:00,0,1006.6,87.3,0.0,12.8,1.5,0.0,0.0,100.0
2024-05-08 04:00:00,0,1006.6,87.9,0.0,12.7,1.5,0.0,0.0,100.0
2024-05-08 04:15:00,0,1006.6,88.8,0.0,12.5,1.5,0.0,0.0,100.0
2024-05-08 04:30:00,0,1006.6,89.6,0.0,12.3,1.4,0.0,0.0,100.0
2024-05-08 04:45:00,0,1006.6,89.9,0.0,12.2,1.4,0.0,0.0,100.0
2024-05-08 05:00:00,0,1006.6,90.1,0.0,12.0,1.3,0.0,0.32,100.0
2024-05-08 05:15:00,8,1006.6,90.2,0.0,12.0,1.2,9.0,1.47,100.0
2024-05-08 05:30:00,39,1006.6,90.5,0.0,11.9,1.2,28.0,3.08,100.0
2024-05-08 05:45:00,70,1006.6,91.2,0.0,11.8,1.1,63.0,5.15,100.0
2024-05-08 06:00:00,102,1006.5,92.3,0.0,11.8,1.1,96.0,7.74,100.0
2024-05-08 06:15:00,135,1006.6,93.6,0.0,11.7,1.1,145.0,12.01,100.0
2024-05-08 06:30:00,168,1006.6,93.8,0.0,11.8,1.1,193.0,17.03,100.0
2024-05-08 06:45:00,203,1006.6,93.5,0.0,12.0,1.1,251.0,24.01,100.0
2024-05-08 07:00:00,240,1006.6,92.9,0.0,12.2,1.1,304.0,30.65,100.0
2024-05-08 07:15:00,279,1006.6,92.3,0.0,12.4,1.2,366.0,38.78,100.0
2024-05-08 07:30:00,320,1006.6,91.5,0.0,12.7,1.2,414.0,45.83,100.0
2024-05-08 07:45:00,364,1006.6,90.7,0.0,13.1,1.3,477.0,54.08,100.0
2024-05-08 08:00:00,408,1006.6,89.1,0.0,13.7,1.3,519.0,59.98,100.0
2024-05-08 08:15:00,454,1006.6,86.3,0.0,14.3,1.3,571.0,67.03,100.0
2024-05-08 08:30:00,500,1006.6,83.2,0.0,14.8,1.4,608.0,72.98,100.0
2024-05-08 08:45:00,546,1006.6,79.1,0.0,15.2,1.4,660.0,79.68,100.0
2024-05-08 09:00:00,591,1006.6,75.3,0.0,15.4,1.4,688.0,85.69,100.0
2024-05-08 09:15:00,634,1006.6,71.4,0.0,15.6,1.5,723.0,91.85,100.0
2024-05-08 09:30:00,673,1006.6,68.6,0.0,15.7,1.5,768.0,96.73,100.0
2024-05-08 09:45:00,709,1006.6,66.6,0.0,15.9,1.5,809.0,99.82,100.0
2024-05-08 10:00:00,741,1006.6,65.4,0.0,16.0,1.6,845.0,100.0,100.0
2024-05-08 10:15:00,770,1006.6,64.3,0.0,16.1,1.6,878.0,100.0,100.0
2024-05-08 10:30:00,796,1006.6,63.4,0.0,16.2,1.7,922.0,100.0,100.0
2024-05-08 10:45:00,818,1006.6,62.6,0.0,16.3,1.7,961.0,100.0,100.0
2024-05-08 11:00:00,837,1006.6,61.8,0.0,16.4,1.8,991.0,100.0,100.0
2024-05-08 11:15:00,852,1006.6,61.3,0.0,16.5,1.8,1003.0,100.0,100.0
2024-05-08 11:30:00,862,1006.6,60.4,0.0,16.6,1.9,1005.0,100.0,100.0
2024-05-08 11:45:00,869,1006.6,58.5,0.0,16.7,1.9,1018.0,100.0,100.0
2024-05-08 12:00:00,872,1006.6,55.9,0.0,16.9,1.9,1029.0,100.0,100.0
2024-05-08 12:15:00,871,1006.6,53.0,0.0,17.0,1.9,1023.0,100.0,100.0
2024-05-08 12:30:00,866,1006.6,49.8,0.0,17.2,1.9,1015.0,100.0,100.0
2024-05-08 12:45:00,858,1006.6,47.4,0.0,17.4,1.9,1020.0,100.0,100.0
2024-05-08 13:00:00,847,1006.6,44.7,0.0,17.6,1.9,995.0,100.0,100.0
2024-05-08 13:15:00,833,1006.6,42.7,0.0,17.9,1.9,965.0,100.0,100.0
2024-05-08 13:30:00,815,1006.6,40.8,0.0,18.1,1.8,940.0,100.0,100.0
2024-05-08 13:45:00,795,1006.6,39.2,0.0,18.3,1.8,900.0,100.0,100.0
2024-05-08 14:00:00,770,1006.6,37.8,0.0,18.5,1.7,858.0,100.0,100.0
2024-05-08 14:15:00,742,1006.6,36.6,0.0,18.7,1.7,816.0,99.49,100.0
2024-05-08 14:30:00,710,1006.6,36.0,0.0,18.9,1.7,787.0,96.76,100.0
2024-05-08 14:45:00,675,1006.6,36.1,0.0,19.1,1.6,744.0,91.35,100.0
2024-05-08 15:00:00,636,1006.6,36.2,0.0,19.3,1.6,706.0,86.25,100.0
2024-05-08 15:15:00,594,1006.6,36.4,0.0,19.5,1.6,663.0,80.16,100.0
2024-05-08 15:30:00,548,1006.6,36.6,0.0,19.6,1.6,627.0,74.04,100.0
2024-05-08 15:45:00,500,1006.6,36.8,0.0,19.8,1.6,583.0,67.33,100.0
2024-05-08 16:00:00,448,1006.6,37.0,0.0,20.0,1.7,534.0,60.52,100.0
2024-05-08 16:15:00,394,1006.6,37.2,0.0,20.1,1.7,483.0,53.01,100.0
2024-05-08 16:30:00,340,1006.6,37.4,0.0,20.3,1.8,440.0,46.29,100.0
2024-05-08 16:45:00,288,1006.6,37.7,0.0,20.4,1.8,378.0,38.71,100.0
2024-05-08 17:00:00,238,1006.6,38.3,0.0,20.5,1.9,327.0,31.87,100.0
2024-05-08 17:15:00,193,1006.7,39.4,0.0,20.6,2.0,270.0,24.38,100.0
2024-05-08 17:30:00,151,1006.7,41.0,0.0,20.7,2.1,215.0,18.27,100.0
2024-05-08 17:45:00,115,1006.7,43.2,0.0,20.6,2.2,158.0,12.31,100.0
2024-05-08 18:00:00,84,1006.7,45.4,0.0,20.4,2.3,114.0,8.56,100.0
2024-05-08 18:15:00,57,1006.7,46.8,0.0,20.3,2.4,73.0,5.57,100.0
2024-05-08 18:30:00,35,1006.7,48.2,0.0,20.1,2.6,36.0,3.6,100.0
2024-05-08 18:45:00,16,1006.7,50.0,0.0,19.9,2.7,9.0,1.67,100.0
2024-05-08 19:00:00,1,1006.7,51.2,0.0,19.6,2.8,0.0,0.0,100.0
2024-05-08 19:15:00,0,1006.7,51.8,0.0,19.3,2.9,0.0,0.0,100.0
2024-05-08 19:30:00,0,1006.6,52.5,0.0,19.0,3.1,0.0,0.0,100.0
2024-05-08 19:45:00,0,1006.6,54.3,0.0,18.6,3.2,0.0,0.0,100.0
2024-05-08 20:00:00,0,1006.6,56.0,0.0,18.2,3.4,0.0,0.0,100.0
2024-05-08 20:15:00,0,1006.6,57.4,0.0,17.9,3.6,0.0,0.0,100.0
2024-05-08 20:30:00,0,1006.6,59.4,0.0,17.5,3.7,0.0,0.0,100.0
2024-05-08 20:45:00,0,1006.6,61.7,0.0,17.3,3.8,0.0,0.0,100.0
2024-05-08 21:00:00,0,1006.6,64.1,0.0,17.0,4.0,0.0,0.0,100.0
2024-05-08 21:15:00,0,1006.6,65.7,0.0,16.8,4.1,0.0,0.0,100.0
2024-05-08 21:30:00,0,1006.6,67.2,0.0,16.5,4.2,0.0,0.0,100.0
2024-05-08 21:45:00,0,1006.6,69.9,0.0,16.3,4.3,0.0,0.0,100.0
2024-05-08 22:00:00,0,1006.6,72.3,0.0,16.1,4.4,0.0,0.0,100.0
2024-05-08 22:15:00,0,1006.6,75.2,0.0,15.9,4.5,0.0,0.0,100.0
2024-05-08 22:30:00,0,1006.6,77.2,0.0,15.7,4.6,0.0,0.0,100.0
2024-05-08 22:45:00,0,1006.6,78.6,0.0,15.5,4.7,0.0,0.0,100.0
2024-05-08 23:00:00,0,1006.6,80.6,0.0,15.4,4.7,0.0,0.0,100.0
2024-05-08 23:15:00,0,1006.6,81.9,0.0,15.2,4.8,0.0,0.0,100.0
2024-05-08 23:30:00,0,1006.6,83.2,0.0,15.1,4.8,0.0,0.0,100.0
2024-05-08 23:45:00,0,1006.6,83.9,0.0,15.0,4.9,0.0,0.0,100.0
2024-05-09 00:00:00,0,1006.6,82.0,0.0,14.8,4.8,0.0,0.0,100.0
2024-05-09 00:15:00,0,1006.6,82.5,0.0,14.7,4.8,0.0,0.0,100.0
2024-05-09 00:30:00,0,1006.6,83.0,0.0,14.6,4.8,0.0,0.0,100.0
2024-05-09 00:45:00,0,1006.6,83.2,0.0,14.6,4.8,0.0,0.0,100.0
2024-05-09 01:00:00,0,1006.6,83.5,0.0,14.5,4.8,0.0,0.0,100.0
2024-05-09 01:15:00,0,1006.6,84.1,0.0,14.3,4.8,0.0,0.0,100.0
2024-05-09 01:30:00,0,1006.6,84.5,0.0,14.2,4.8,0.0,0.0,100.0
2024-05-09 01:45:00,0,1006.6,84.7,0.0,14.2,4.8,0.0,0.0,100.0
2024-05-09 02:00:00,0,1006.6,85.0,0.0,14.1,4.8,0.0,0.0,100.0
2024-05-09 02:15:00,0,1006.6,85.4,0.0,14.0,4.8,0.0,0.0,100.0
2024-05-09 02:30:00,0,1006.6,85.7,0.0,13.9,4.8,0.0,0.0,100.0
2024-05-09 02:45:00,0,1006.6,86.0,0.0,13.8,4.8,0.0,0.0,100.0
2024-05-09 03:00:00,0,1006.5,86.3,0.0,13.7,4.8,0.0,0.0,100.0
2024-05-09 03:15:00,0,1006.5,86.5,0.0,13.6,4.8,0.0,0.0,100.0
2024-05-09 03:30:00,0,1006.5,86.8,0.0,13.5,4.9,0.0,0.0,100.0
2024-05-09 03:45:00,0,1006.5,86.9,0.0,13.4,4.9,0.0,0.0,100.0
2024-05-09 04:00:00,0,1006.5,87.0,0.0,13.3,4.9,0.0,0.0,100.0
2024-05-09 04:15:00,0,1006.5,87.0,0.0,13.2,4.9,0.0,0.0,100.0
2024-05-09 04:30:00,0,1006.5,87.0,0.0,13.2,4.9,0.0,0.0,100.0
2024-05-09 04:45:00,0,1006.5,87.0,0.0,13.1,4.9,0.0,0.0,100.0
2024-05-09 05:00:00,0,1006.5,86.9,0.0,13.0,5.0,0.0,0.34,100.0
2024-05-09 05:15:00,10,1006.5,86.9,0.0,13.0,5.0,9.0,1.59,100.0
2024-05-09 05:30:00,41,1006.5,86.6,0.0,13.0,5.0,26.0,3.1,100.0
2024-05-09 05:45:00,72,1006.5,86.1,0.0,13.0,5.0,57.0,5.16,100.0
2024-05-09 06:00:00,104,1006.5,85.0,0.0,13.2,5.1,94.0,7.76,100.0
2024-05-09 06:15:00,136,1006.5,83.6,0.0,13.5,5.1,144.0,12.07,100.0
2024-05-09 06:30:00,170,1006.5,81.9,0.0,13.8,5.2,193.0,17.0,100.0
2024-05-09 06:45:00,204,1006.6,79.8,0.0,14.2,5.2,250.0,23.86,100.0
2024-05-09 07:00:00,241,1006.6,77.5,0.0,14.7,5.3,304.0,30.44,100.0
2024-05-09 07:15:00,280,1006.6,74.6,0.0,15.1,5.4,369.0,38.82,100.0
2024-05-09 07:30:00,321,1006.6,71.9,0.0,15.5,5.5,421.0,45.98,100.0
2024-05-09 07:45:00,363,1006.6,70.2,0.0,15.9,5.6,482.0,53.89,100.0
2024-05-09 08:00:00,408,1006.6,68.7,0.0,16.3,5.7,525.0,60.4,100.0
2024-05-09 08:15:00,453,1006.6,67.0,0.0,16.7,5.7,577.0,68.1,100.0
2024-05-09 08:30:00,499,1006.6,64.7,0.0,17.1,5.8,618.0,74.31,100.0
2024-05-09 08:45:00,545,1006.6,61.6,0.0,17.6,5.9,657.0,79.18,100.0
2024-05-09 09:00:00,589,1006.6,59.1,0.0,18.0,6.0,693.0,86.56,100.0
2024-05-09 09:15:00,631,1006.6,57.3,0.0,18.4,6.1,736.0,92.07,100.0
2024-05-09 09:30:00,670,1006.6,55.9,0.0,18.7,6.2,773.0,96.47,100.0
2024-05-09 09:45:00,705,1006.6,53.6,0.0,19.1,6.3,813.0,99.35,100.0
2024-05-09 10:00:00,738,1006.7,51.7,0.0,19.4,6.4,843.0,100.0,100.0
2024-05-09 10:15:00,766,1006.7,50.8,0.0,19.6,6.5,889.0,100.0,100.0
2024-05-09 10:30:00,792,1006.7,49.6,0.0,19.9,6.6,914.0,100.0,100.0
2024-05-09 10:45:00,814,1006.7,48.3,0.0,20.1,6.7,947.0,100.0,100.0
2024-05-09 11:00:00,832,1006.7,47.5,0.0,20.3,6.8,975.0,100.0,100.0
2024-05-09 11:15:00,847,1006.7,47.0,0.0,20.5,6.9,882.0,100.0,100.0
2024-05-09 11:30:00,857,1006.7,46.3,0.0,20.7,7.0,957.0,100.0,100.0
2024-05-09 11:45:00,864,1006.7,45.1,0.0,20.8,7.1,1017.0,100.0,100.0
2024-05-09 12:00:00,867,1006.7,45.1,0.0,21.0,7.2,1011.0,100.0,100.0
2024-05-09 12:15:00,866,1006.7,45.0,0.0,21.1,7.3,1007.0,100.0,100.0
2024-05-09 12:30:00,861,1006.7,44.8,0.0,21.2,7.3,1008.0,100.0,100.0
2024-05-09 12:45:00,853,1006.7,45.1,0.0,21.3,7.4,1003.0,100.0,100.0
2024-05-09 13:00:00,842,1006.7,44.8,0.0,21.3,7.5,994.0,100.0,100.0
2024-05-09 13:15:00,828,1006.7,44.4,0.0,21.4,7.5,962.0,100.0,100.0
2024-05-09 13:30:00,811,1006.7,44.2,0.0,21.5,7.5,960.0,100.0,100.0
2024-05-09 13:45:00,791,1006.7,44.0,0.0,21.5,7.6,911.0,100.0,100.0
2024-05-09 14:00:00,767,1006.7,43.4,0.0,21.5,7.6,884.0,100.0,100.0
2024-05-09 14:15:00,739,1006.7,42.8,0.0,21.5,7.6,856.0,100.0,100.0
2024-05-09 14:30:00,708,1006.7,42.6,0.0,21.5,7.6,828.0,99.57,100.0
2024-05-09 14:45:00,673,1006.7,43.3,0.0,21.5,7.6,781.0,93.01,100.0
2024-05-09 15:00:00,634,1006.7,44.0,0.0,21.4,7.6,744.0,90.02,100.0
2024-05-09 15:15:00,592,1006.7,44.4,0.0,21.4,7.6,704.0,83.37,100.0
2024-05-09 15:30:00,547,1006.7,44.7,0.0,21.3,7.6,664.0,76.95,100.0
2024-05-09 15:45:00,499,1006.7,44.9,0.0,21.3,7.5,617.0,69.76,100.0
2024-05-09 16:00:00,447,1006.7,45.1,0.0,21.2,7.5,568.0,63.04,100.0
2024-05-09 16:15:00,394,1006.7,46.0,0.0,21.1,7.4,500.0,55.59,100.0
2024-05-09 16:30:00,340,1006.7,47.0,0.0,21.0,7.4,464.0,47.76,100.0
2024-05-09 16:45:00,288,1006.6,48.5,0.0,20.8,7.3,359.0,40.35,100.0
2024-05-09 17:00:00,239,1006.6,49.2,0.0,20.7,7.3,355.0,33.27,100.0
2024-05-09 17:15:00,193,1006.6,49.3,0.0,20.6,7.3,278.0,22.9,100.0
2024-05-09 17:30:00,152,1006.6,49.1,0.0,20.3,7.3,235.0,19.66,100.0
2024-05-09 17:45:00,116,1006.6,49.6,0.0,20.1,7.3,169.0,12.9,100.0
2024-05-09 18:00:00,85,1006.6,52.8,0.0,19.8,7.3,120.0,8.67,100.0
2024-05-09 18:15:00,58,1006.6,56.2,0.0,19.5,7.2,64.0,5.14,100.0
2024-05-09 18:30:00,36,1006.6,60.2,0.0,19.1,7.2,38.0,3.52,100.0
2024-05-09 18:45:00,17,1006.6,64.5,0.0,18.7,7.2,12.0,1.55,100.0
2024-05-09 19:00:00,2,1006.6,68.6,0.0,18.3,7.2,0.0,0.0,100.0
2024-05-09 19:15:00,0,1006.6,72.1,0.0,17.9,7.2,0.0,0.0,100.0
2024-05-09 19:30:00,0,1006.6,72.5,0.0,17.7,7.1,0.0,0.0,100.0
2024-05-09 19:45:00,0,1006.6,71.9,0.0,17.4,7.1,0.0,0.0,100.0
2024-05-09 20:00:00,0,1006.6,71.2,0.0,17.2,7.1,0.0,0.0,100.0
2024-05-09 20:15:00,0,1006.6,70.5,0.0,16.9,7.1,0.0,0.0,100.0
2024-05-09 20:30:00,0,1006.6,70.4,0.0,16.7,7.1,0.0,0.0,100.0
2024-05-09 20:45:00,0,1006.6,71.7,0.0,16.5,7.1,0.0,0.0,100.0
2024-05-09 21:00:00,0,1006.6,73.4,0.0,16.2,7.2,0.0,0.0,100.0
2024-05-09 21:15:00,0,1006.6,75.0,0.0,16.0,7.2,0.0,0.0,100.0
2024-05-09 21:30:00,0,1006.6,76.1,0.0,15.9,7.2,0.0,0.0,100.0
2024-05-09 21:45:00,0,1006.6,76.9,0.0,15.7,7.3,0.0,0.0,100.0
2024-05-09 22:00:00,0,1006.5,77.2,0.0,15.6,7.3,0.0,0.0,100.0
2024-05-09 22:15:00,0,1006.5,77.6,0.0,15.4,7.3,0.0,0.0,100.0
2024-05-09 22:30:00,0,1006.5,77.9,0.0,15.2,7.3,0.0,0.0,100.0
2024-05-09 22:45:00,0,1006.5,78.2,0.0,15.1,7.4,0.0,0.0,100.0
2024-05-09 23:00:00,0,1006.5,78.7,0.0,15.0,7.4,0.0,0.0,100.0
2024-05-09 23:15:00,0,1006.5,79.2,0.0,14.9,7.4,0.0,0.0,100.0
2024-05-09 23:30:00,0,1006.5,79.8,0.0,14.7,7.4,0.0,0.0,100.0
2024-05-09 23:45:00,0,1006.5,80.5,0.0,14.6,7.4,0.0,0.0,100.0
2024-05-10 00:00:00,0,1006.5,80.1,0.0,15.4,7.1,0.0,0.0,100.0
2024-05-10 00:15:00,0,1006.5,80.6,0.0,15.3,7.2,0.0,0.0,100.0
2024-05-10 00:30:00,0,1006.5,81.1,0.0,15.1,7.2,0.0,0.0,100.0
2024-05-10 00:45:00,0,1006.5,81.6,0.0,15.0,7.2,0.0,0.0,100.0
2024-05-10 01:00:00,0,1006.5,82.1,0.0,14.9,7.2,0.0,0.0,100.0
2024-05-10 01:15:00,0,1006.5,82.6,0.0,14.8,7.2,0.0,0.0,100.0
2024-05-10 01:30:00,0,1006.5,83.2,0.0,14.8,7.2,0.0,0.0,100.0
2024-05-10 01:45:00,0,1006.5,83.8,0.0,14.7,7.2,0.0,0.0,100.0
2024-05-10 02:00:00,0,1006.5,84.5,0.0,14.6,7.2,0.0,0.0,100.0
2024-05-10 02:15:00,0,1006.5,85.0,0.0,14.5,7.3,0.0,0.0,100.0
2024-05-10 02:30:00,0,1006.5,85.6,0.0,14.5,7.3,0.0,0.0,100.0
2024-05-10 02:45:00,0,1006.5,86.1,0.0,14.4,7.3,0.0,0.0,100.0
2024-05-10 03:00:00,0,1006.5,86.6,0.0,14.3,7.3,0.0,0.0,100.0
2024-05-10 03:15:00,0,1006.5,87.0,0.0,14.3,7.4,0.0,0.0,100.0
2024-05-10 03:30:00,0,1006.5,87.3,0.0,14.2,7.4,0.0,0.0,100.0
2024-05-10 03:45:00,0,1006.5,87.7,0.0,14.2,7.4,0.0,0.0,100.0
2024-05-10 04:00:00,0,1006.5,88.1,0.0,14.1,7.5,0.0,0.0,100.0
2024-05-10 04:15:00,0,1006.5,88.5,0.0,14.1,7.5,0.0,0.0,100.0
2024-05-10 04:30:00,0,1006.5,88.7,0.0,14.0,7.5,0.0,0.0,100.0
2024-05-10 04:45:00,0,1006.5,89.0,0.0,14.0,7.6,0.0,0.0,100.0
2024-05-10 05:00:00,0,1006.5,89.1,0.0,13.9,7.6,0.0,0.34,100.0
2024-05-10 05:15:00,12,1006.5,89.2,0.0,13.9,7.7,12.0,1.75,100.0
2024-05-10 05:30:00,43,1006.5,89.1,0.0,13.9,7.7,33.0,3.38,100.0
2024-05-10 05:45:00,75,1006.5,88.7,0.0,14.0,7.8,72.0,5.44,100.0
2024-05-10 06:00:00,107,1006.5,87.9,0.0,14.2,7.8,117.0,8.13,100.0
2024-05-10 06:15:00,140,1006.5,86.8,0.0,14.4,7.8,164.0,12.73,100.0
2024-05-10 06:30:00,173,1006.5,85.5,0.0,14.7,7.9,216.0,18.24,100.0
2024-05-10 06:45:00,208,1006.5,84.0,0.0,15.0,7.9,277.0,25.54,100.0
2024-05-10 07:00:00,245,1006.5,82.3,0.0,15.3,7.9,332.0,32.57,100.0
2024-05-10 07:15:00,284,1006.5,80.4,0.0,15.6,8.0,365.0,40.79,100.0
2024-05-10 07:30:00,325,1006.5,78.6,0.0,16.0,8.0,448.0,48.4,100.0
2024-05-10 07:45:00,368,1006.5,76.8,0.0,16.3,8.0,507.0,56.79,100.0
2024-05-10 08:00:00,412,1006.5,75.3,0.0,16.7,8.1,554.0,63.99,100.0
2024-05-10 08:15:00,458,1006.5,73.8,0.0,17.0,8.1,603.0,72.31,100.0
2024-05-10 08:30:00,503,1006.5,72.4,0.0,17.4,8.1,652.0,73.43,100.0
2024-05-10 08:45:00,549,1006.5,70.9,0.0,17.8,8.2,671.0,84.8,100.0
2024-05-10 09:00:00,593,1006.5,69.6,0.0,18.1,8.2,743.0,95.77,100.0
2024-05-10 09:15:00,635,1006.6,68.6,0.0,18.4,8.2,426.0,71.21,100.0
2024-05-10 09:30:00,674,1006.6,67.7,0.0,18.7,8.2,709.0,89.6,100.0
2024-05-10 09:45:00,708,1006.6,66.4,0.0,19.0,8.2,859.0,100.0,100.0
2024-05-10 10:00:00,740,1006.6,64.9,0.0,19.4,8.3,892.0,100.0,100.0
2024-05-10 10:15:00,769,1006.6,63.3,0.0,19.7,8.3,945.0,100.0,100.0
2024-05-10 10:30:00,794,1006.6,62.5,0.0,19.9,8.3,971.0,100.0,100.0
2024-05-10 10:45:00,816,1006.6,61.8,0.0,20.2,8.3,988.0,100.0,100.0
2024-05-10 11:00:00,834,1006.6,61.2,0.0,20.4,8.3,785.0,98.22,100.0
2024-05-10 11:15:00,848,1006.6,60.3,0.0,20.6,8.3,789.0,98.96,100.0
2024-05-10 11:30:00,858,1006.6,59.1,0.0,20.9,8.3,444.0,75.83,100.0
2024-05-10 11:45:00,865,1006.6,58.2,0.0,21.1,8.4,1041.0,100.0,100.0
2024-05-10 12:00:00,867,1006.6,57.5,0.0,21.3,8.4,1055.0,100.0,100.0
2024-05-10 12:15:00,865,1006.6,57.0,0.0,21.4,8.4,998.0,100.0,100.0
2024-05-10 12:30:00,859,1006.6,56.7,0.0,21.6,8.4,1015.0,100.0,100.0
2024-05-10 12:45:00,849,1006.6,56.6,0.0,21.7,8.4,977.0,100.0,100.0
2024-05-10 13:00:00,836,1006.6,56.3,0.0,21.9,8.4,968.0,100.0,100.0
2024-05-10 13:15:00,820,1006.6,56.0,0.0,22.0,8.4,926.0,97.33,100.0
2024-05-10 13:30:00,800,1006.6,55.6,0.0,22.1,8.5,844.0,99.13,100.0
2024-05-10 13:45:00,777,1006.6,55.3,0.0,22.2,8.5,948.0,100.0,100.0
2024-05-10 14:00:00,750,1006.6,55.2,0.0,22.3,8.5,737.0,97.5,100.0
2024-05-10 14:15:00,720,1006.6,55.1,0.0,22.3,8.5,713.0,89.04,100.0
2024-05-10 14:30:00,687,1006.6,55.6,0.0,22.4,8.5,673.0,72.16,100.0
2024-05-10 14:45:00,650,1006.6,56.5,0.0,22.4,8.6,637.0,84.49,100.0
2024-05-10 15:00:00,611,1006.6,57.5,0.0,22.3,8.6,596.0,75.96,100.0
2024-05-10 15:15:00,568,1006.6,58.5,0.0,22.3,8.6,532.0,62.23,100.0
2024-05-10 15:30:00,524,1006.6,59.2,0.0,22.2,8.5,457.0,58.05,100.0
2024-05-10 15:45:00,477,1006.6,59.3,0.0,22.1,8.5,605.0,68.53,100.0
2024-05-10 16:00:00,428,1006.6,59.2,0.0,22.0,8.5,533.0,62.22,100.0
2024-05-10 16:15:00,376,1006.6,59.4,0.0,21.9,8.5,368.0,41.67,100.0
2024-05-10 16:30:00,325,1006.6,60.2,0.0,21.8,8.5,282.0,36.96,100.0
2024-05-10 16:45:00,275,1006.6,61.7,0.0,21.6,8.5,321.0,33.28,100.0
2024-05-10 17:00:00,228,1006.6,63.6,0.0,21.4,8.5,292.0,30.18,100.0
2024-05-10 17:15:00,185,1006.6,65.7,0.0,21.2,8.4,253.0,23.47,100.0
2024-05-10 17:30:00,146,1006.6,67.6,0.0,21.0,8.4,183.0,16.51,100.0
2024-05-10 17:45:00,112,1006.6,69.2,0.0,20.7,8.4,122.0,11.62,100.0
2024-05-10 18:00:00,82,1006.6,70.9,0.0,20.4,8.4,114.0,9.61,100.0
2024-05-10 18:15:00,57,1006.5,73.0,0.0,20.2,8.4,73.0,6.67,100.0
2024-05-10 18:30:00,35,1006.5,75.5,0.0,19.9,8.3,39.0,3.81,100.0
2024-05-10 18:45:00,17,1006.5,77.8,0.0,19.6,8.3,9.0,1.2,100.0
2024-05-10 19:00:00,2,1006.5,79.4,0.0,19.3,8.3,0.0,0.0,100.0
2024-05-10 19:15:00,0,1006.5,80.6,0.0,19.1,8.2,0.0,0.0,100.0
2024-05-10 19:30:00,0,1006.5,81.7,0.0,18.8,8.1,0.0,0.0,100.0
2024-05-10 19:45:00,0,1006.5,82.8,0.0,18.6,8.1,0.0,0.0,100.0
2024-05-10 20:00:00,0,1006.5,83.7,0.0,18.4,8.0,0.0,0.0,100.0
2024-05-10 20:15:00,0,1006.5,84.4,0.0,18.2,8.0,0.0,0.0,100.0
2024-05-10 20:30:00,0,1006.5,84.9,0.0,18.1,7.9,0.0,0.0,100.0
2024-05-10 20:45:00,0,1006.5,85.3,0.0,17.9,7.8,0.0,0.0,100.0
2024-05-10 21:00:00,0,1006.5,85.6,0.0,17.7,7.8,0.0,0.0,100.0
2024-05-10 21:15:00,0,1006.5,85.8,0.0,17.6,7.7,0.0,0.0,100.0
2024-05-10 21:30:00,0,1006.5,86.2,0.0,17.5,7.6,0.0,0.0,100.0
2024-05-10 21:45:00,0,1006.5,86.5,0.0,17.4,7.5,0.0,0.0,100.0
2024-05-10 22:00:00,0,1006.5,86.9,0.0,17.3,7.4,0.0,0.0,100.0
2024-05-10 22:15:00,0,1006.5,87.3,0.0,17.2,7.2,0.0,0.0,100.0
2024-05-10 22:30:00,0,1006.5,87.7,0.0,17.1,7.1,0.0,0.0,100.0
2024-05-10 22:45:00,0,1006.5,88.0,0.0,17.1,7.0,0.0,0.0,100.0
2024-05-10 23:00:00,0,1006.5,88.2,0.0,17.0,6.8,0.0,0.0,100.0
2024-05-10 23:15:00,0,1006.5,88.4,0.0,17.0,6.8,0.0,0.0,100.0
2024-05-10 23:30:00,0,1006.5,88.7,0.0,16.9,6.7,0.0,0.0,100.0
2024-05-10 23:45:00,0,1006.5,88.9,0.0,16.9,6.7,0.0,0.0,100.0
2024-05-11 00:00:00,0,1006.5,89.5,0.0,17.2,6.4,0.0,0.0,100.0
2024-05-11 00:15:00,0,1006.5,89.7,0.0,17.1,6.3,0.0,0.0,100.0
2024-05-11 00:30:00,0,1006.5,89.9,0.0,17.1,6.2,0.0,0.0,100.0
2024-05-11 00:45:00,0,1006.5,90.2,0.0,17.1,6.0,0.0,0.0,100.0
2024-05-11 01:00:00,0,1006.5,90.6,0.1,17.1,5.9,0.0,0.0,100.0
2024-05-11 01:15:00,0,1006.5,91.1,0.2,17.1,5.8,0.0,0.0,100.0
2024-05-11 01:30:00,0,1006.5,91.6,0.3,17.1,5.7,0.0,0.0,100.0
2024-05-11 01:45:00,0,1006.5,91.7,0.4,17.1,5.6,0.0,0.0,100.0
2024-05-11 02:00:00,0,1006.5,92.0,0.4,17.1,5.6,0.0,0.0,100.0
2024-05-11 02:15:00,0,1006.5,92.3,0.3,17.1,5.6,0.0,0.0,100.0
2024-05-11 02:30:00,0,1006.5,92.7,0.5,17.2,5.7,0.0,0.0,100.0
2024-05-11 02:45:00,0,1006.5,92.2,0.5,17.3,5.8,0.0,0.0,100.0
2024-05-11 03:00:00,0,1006.5,91.2,0.5,17.4,5.8,0.0,0.0,100.0
2024-05-11 03:15:00,0,1006.5,90.7,0.7,17.2,5.9,0.0,0.0,100.0
2024-05-11 03:30:00,0,1006.5,90.3,0.7,17.2,5.9,0.0,0.0,100.0
2024-05-11 03:45:00,0,1006.5,90.4,0.5,17.1,6.0,0.0,0.0,100.0
2024-05-11 04:00:00,0,1006.5,89.6,0.5,17.1,6.0,0.0,0.0,100.0
2024-05-11 04:15:00,0,1006.5,89.0,0.5,17.2,6.1,0.0,0.0,100.0
2024-05-11 04:30:00,0,1006.5,88.9,0.5,17.2,6.1,0.0,0.0,100.0
2024-05-11 04:45:00,0,1006.5,89.6,0.4,17.1,6.2,0.0,0.0,100.0
2024-05-11 05:00:00,0,1006.5,89.6,0.3,16.9,6.2,0.0,0.0,100.0
2024-05-11 05:15:00,4,1006.5,91.3,0.3,16.8,6.2,0.0,0.0,100.0
2024-05-11 05:30:00,13,1006.5,90.9,0.3,16.6,6.3,1.0,0.35,100.0
2024-05-11 05:45:00,22,1006.5,90.2,0.4,16.4,6.3,5.0,1.37,100.0
2024-05-11 06:00:00,31,1006.5,90.4,0.4,16.3,6.3,12.0,2.41,100.0
2024-05-11 06:15:00,42,1006.5,89.8,0.1,16.2,6.2,11.0,1.83,100.0
2024-05-11 06:30:00,56,1006.5,88.8,0.3,16.1,6.2,41.0,5.83,100.0
2024-05-11 06:45:00,72,1006.5,87.7,0.1,16.0,6.1,35.0,4.45,100.0
2024-05-11 07:00:00,94,1006.5,86.5,0.1,16.0,6.0,59.0,9.29,100.0
2024-05-11 07:15:00,121,1006.5,84.5,0.3,16.1,5.9,102.0,10.44,100.0
2024-05-11 07:30:00,154,1006.5,79.5,0.2,16.2,5.8,148.0,20.84,100.0
2024-05-11 07:45:00,193,1006.5,75.4,0.0,16.3,5.6,123.0,19.64,100.0
2024-05-11 08:00:00,236,1006.5,76.2,0.0,16.3,5.4,246.0,45.43,100.0
2024-05-11 08:15:00,284,1006.5,75.8,0.0,16.3,5.1,266.0,32.48,100.0
2024-05-11 08:30:00,334,1006.5,67.5,0.0,16.8,4.9,217.0,26.52,100.0
2024-05-11 08:45:00,387,1006.5,66.4,0.0,16.9,4.7,263.0,32.74,100.0
2024-05-11 09:00:00,439,1006.5,65.9,0.0,17.1,4.5,290.0,36.19,100.0
2024-05-11 09:15:00,490,1006.5,64.7,0.0,17.3,4.3,507.0,52.56,100.0
2024-05-11 09:30:00,537,1006.5,64.4,0.0,17.4,4.1,746.0,84.47,100.0
2024-05-11 09:45:00,579,1006.5,64.1,0.0,17.5,4.0,760.0,96.94,100.0
2024-05-11 10:00:00,617,1006.5,64.1,0.0,17.5,3.8,763.0,92.47,100.0
2024-05-11 10:15:00,650,1006.5,63.2,0.0,17.5,3.6,860.0,94.44,100.0
2024-05-11 10:30:00,680,1006.5,62.6,0.0,17.5,3.5,942.0,98.47,100.0
2024-05-11 10:45:00,705,1006.5,62.1,0.0,17.6,3.3,977.0,100.0,100.0
2024-05-11 11:00:00,726,1006.5,62.3,0.0,17.7,3.2,969.0,100.0,100.0
2024-05-11 11:15:00,744,1006.5,62.5,0.0,17.7,3.1,1050.0,100.0,100.0
2024-05-11 11:30:00,757,1006.5,60.6,0.0,17.8,3.0,836.0,100.0,100.0
2024-05-11 11:45:00,767,1006.5,59.3,0.0,17.9,2.9,1001.0,100.0,100.0
2024-05-11 12:00:00,774,1006.5,59.6,0.0,18.0,2.9,985.0,100.0,100.0
2024-05-11 12:15:00,777,1006.5,59.6,0.0,18.0,2.8,725.0,81.37,100.0
2024-05-11 12:30:00,778,1006.5,59.2,0.0,18.1,2.8,608.0,68.75,100.0
2024-05-11 12:45:00,777,1006.5,58.0,0.0,18.2,2.8,518.0,68.02,100.0
2024-05-11 13:00:00,773,1006.5,56.1,0.0,18.3,2.8,561.0,72.13,100.0
2024-05-11 13:15:00,767,1006.5,54.1,0.0,18.4,2.8,847.0,77.15,100.0
2024-05-11 13:30:00,758,1006.5,52.0,0.0,18.5,2.8,789.0,100.0,100.0
2024-05-11 13:45:00,746,1006.5,49.8,0.0,18.6,2.7,884.0,100.0,100.0
2024-05-11 14:00:00,730,1006.5,48.6,0.0,18.7,2.7,853.0,99.86,100.0
2024-05-11 14:15:00,710,1006.5,48.1,0.0,18.8,2.7,834.0,98.79,100.0
2024-05-11 14:30:00,686,1006.5,47.6,0.0,19.0,2.6,427.0,51.16,100.0
2024-05-11 14:45:00,657,1006.5,46.7,0.0,19.0,2.5,690.0,80.04,100.0
2024-05-11 15:00:00,624,1006.5,46.1,0.0,19.0,2.4,661.0,75.85,100.0
2024-05-11 15:15:00,587,1006.5,45.3,0.0,19.1,2.4,632.0,72.67,100.0
2024-05-11 15:30:00,545,1006.5,43.7,0.0,19.1,2.3,599.0,69.57,100.0
2024-05-11 15:45:00,500,1006.5,41.2,0.0,19.3,2.2,538.0,61.68,100.0
2024-05-11 16:00:00,451,1006.5,39.1,0.0,19.3,2.1,478.0,56.02,100.0
2024-05-11 16:15:00,399,1006.5,37.4,0.0,19.4,2.0,399.0,44.63,100.0
2024-05-11 16:30:00,346,1006.5,35.8,0.0,19.4,2.0,427.0,46.33,100.0
2024-05-11 16:45:00,294,1006.5,34.5,0.0,19.5,2.0,301.0,39.74,100.0
2024-05-11 17:00:00,245,1006.5,33.3,0.0,19.5,2.0,337.0,32.48,100.0
2024-05-11 17:15:00,199,1006.5,32.3,0.0,19.5,2.0,265.0,24.61,100.0
2024-05-11 17:30:00,157,1006.5,31.9,0.0,19.5,2.0,218.0,18.83,100.0
2024-05-11 17:45:00,121,1006.5,31.7,0.0,19.5,2.0,162.0,12.98,100.0
2024-05-11 18:00:00,89,1006.5,31.9,0.0,19.5,2.0,120.0,9.36,100.0
2024-05-11 18:15:00,62,1006.5,32.3,0.0,19.5,2.1,71.0,6.01,100.0
2024-05-11 18:30:00,39,1006.5,32.6,0.0,19.5,2.1,37.0,3.8,100.0
2024-05-11 18:45:00,19,1006.5,32.8,0.0,19.4,2.2,13.0,1.9,100.0
2024-05-11 19:00:00,3,1006.5,33.1,0.0,19.4,2.2,0.0,0.0,100.0
2024-05-11 19:15:00,0,1006.5,33.9,0.0,19.3,2.3,0.0,0.0,100.0
2024-05-11 19:30:00,0,1006.5,35.2,0.0,19.1,2.3,0.0,0.0,100.0
2024-05-11 19:45:00,0,1006.5,36.5,0.0,19.0,2.4,0.0,0.0,100.0
2024-05-11 20:00:00,0,1006.5,37.1,0.0,18.9,2.4,0.0,0.0,100.0
2024-05-11 20:15:00,0,1006.5,38.1,0.0,18.7,2.5,0.0,0.0,100.0
2024-05-11 20:30:00,0,1006.5,40.3,0.0,18.4,2.6,0.0,0.0,100.0
2024-05-11 20:45:00,0,1006.5,43.3,0.0,18.1,2.7,0.0,0.0,100.0
2024-05-11 21:00:00,0,1006.5,45.2,0.0,17.8,2.7,0.0,0.0,100.0
2024-05-11 21:15:00,0,1006.5,46.6,0.0,17.6,2.8,0.0,0.0,100.0
2024-05-11 21:30:00,0,1006.5,48.4,0.0,17.4,2.9,0.0,0.0,100.0
2024-05-11 21:45:00,0,1006.5,50.1,0.0,17.1,3.0,0.0,0.0,100.0
2024-05-11 22:00:00,0,1006.5,51.8,0.0,17.0,3.1,0.0,0.0,100.0
2024-05-11 22:15:00,0,1006.5,53.6,0.0,16.8,3.2,0.0,0.0,100.0
2024-05-11 22:30:00,0,1006.5,55.7,0.0,16.5,3.2,0.0,0.0,100.0
2024-05-11 22:45:00,0,1006.5,57.7,0.0,16.3,3.3,0.0,0.0,100.0
2024-05-11 23:00:00,0,1006.5,59.5,0.0,16.2,3.3,0.0,0.0,100.0
2024-05-11 23:15:00,0,1006.5,61.0,0.0,16.0,3.3,0.0,0.0,100.0
2024-05-11 23:30:00,0,1006.5,62.4,0.0,15.9,3.3,0.0,0.0,100.0
2024-05-11 23:45:00,0,1006.5,64.2,0.0,15.7,3.2,0.0,0.0,100.0
2024-05-12 00:00:00,0,1006.5,63.5,0.0,16.3,3.1,0.0,0.0,100.0
2024-05-12 00:15:00,0,1006.5,65.6,0.0,16.1,3.1,0.0,0.0,100.0
2024-05-12 00:30:00,0,1006.5,67.7,0.0,15.9,3.1,0.0,0.0,100.0
2024-05-12 00:45:00,0,1006.5,69.8,0.0,15.7,3.1,0.0,0.0,100.0
2024-05-12 01:00:00,0,1006.5,71.6,0.0,15.5,3.1,0.0,0.0,100.0
2024-05-12 01:15:00,0,1006.5,73.0,0.0,15.3,3.0,0.0,0.0,100.0
2024-05-12 01:30:00,0,1006.5,74.2,0.0,15.2,3.0,0.0,0.0,100.0
2024-05-12 01:45:00,0,1006.5,75.0,0.0,15.1,3.0,0.0,0.0,100.0
2024-05-12 02:00:00,0,1006.5,75.1,0.0,15.1,2.9,0.0,0.0,100.0
2024-05-12 02:15:00,0,1006.5,74.8,0.0,15.1,2.8,0.0,0.0,100.0
2024-05-12 02:30:00,0,1006.5,74.8,0.0,15.2,2.8,0.0,0.0,100.0
2024-05-12 02:45:00,0,1006.5,75.1,0.0,15.2,2.7,0.0,0.0,100.0
2024-05-12 03:00:00,0,1006.5,75.8,0.0,15.2,2.7,0.0,0.0,100.0
2024-05-12 03:15:00,0,1006.5,76.5,0.0,15.2,2.6,0.0,0.0,100.0
2024-05-12 03:30:00,0,1006.5,76.5,0.0,15.3,2.6,0.0,0.0,100.0
2024-05-12 03:45:00,0,1006.5,76.3,0.0,15.4,2.5,0.0,0.0,100.0
2024-05-12 04:00:00,0,1006.5,76.8,0.0,15.5,2.5,0.0,0.0,100.0
2024-05-12 04:15:00,0,1006.5,77.4,0.0,15.6,2.4,0.0,0.0,100.0
2024-05-12 04:30:00,0,1006.5,77.4,0.0,15.7,2.3,0.0,0.0,100.0
2024-05-12 04:45:00,0,1006.5,77.9,0.0,15.7,2.2,0.0,0.0,100.0
2024-05-12 05:00:00,0,1006.5,78.7,0.0,15.6,2.1,0.0,0.64,100.0
2024-05-12 05:15:00,15,1006.5,79.4,0.0,15.5,2.0,17.0,2.1,100.0
2024-05-12 05:30:00,46,1006.5,81.3,0.0,15.4,1.9,48.0,4.18,100.0
2024-05-12 05:45:00,77,1006.5,82.7,0.0,15.1,1.9,32.0,3.22,100.0
2024-05-12 06:00:00,109,1006.5,83.1,0.0,14.9,1.9,101.0,8.39,100.0
2024-05-12 06:15:00,141,1006.5,82.6,0.0,14.9,1.8,61.0,7.15,100.0
2024-05-12 06:30:00,175,1006.5,82.4,0.0,15.2,1.9,204.0,17.77,100.0
2024-05-12 06:45:00,210,1006.5,82.3,0.0,15.5,1.9,145.0,17.54,100.0
2024-05-12 07:00:00,248,1006.5,82.1,0.0,15.9,1.9,334.0,32.22,100.0
2024-05-12 07:15:00,292,1006.5,82.0,0.0,16.3,2.0,386.0,39.56,100.0
2024-05-12 07:30:00,339,1006.5,81.4,0.0,16.8,2.1,433.0,45.78,100.0
2024-05-12 07:45:00,390,1006.5,79.4,0.0,17.1,2.2,492.0,53.67,100.0
2024-05-12 08:00:00,443,1006.6,76.8,0.0,17.4,2.3,539.0,60.4,100.0
2024-05-12 08:15:00,496,1006.6,75.2,0.0,17.6,2.4,587.0,67.47,100.0
2024-05-12 08:30:00,549,1006.6,74.6,0.0,17.7,2.5,623.0,73.59,100.0
2024-05-12 08:45:00,597,1006.6,75.1,0.0,17.8,2.6,666.0,80.58,100.0
2024-05-12 09:00:00,639,1006.6,76.4,0.0,17.8,2.7,707.0,86.95,100.0
2024-05-12 09:15:00,672,1006.6,78.0,0.0,17.7,2.8,748.0,93.39,100.0
2024-05-12 09:30:00,692,1006.6,79.1,0.0,17.7,3.0,784.0,98.15,100.0
2024-05-12 09:45:00,696,1006.6,79.0,0.0,17.8,3.1,837.0,100.0,100.0
2024-05-12 10:00:00,676,1006.6,78.7,0.0,17.9,3.3,868.0,100.0,100.0
2024-05-12 10:15:00,634,1006.6,78.5,0.0,17.9,3.4,917.0,100.0,100.0
2024-05-12 10:30:00,573,1006.6,77.5,0.0,18.0,3.6,955.0,100.0,100.0
2024-05-12 10:45:00,498,1006.6,75.9,0.0,18.0,3.7,995.0,100.0,100.0
2024-05-12 11:00:00,414,1006.6,75.8,0.0,18.0,3.8,1025.0,100.0,100.0
2024-05-12 11:15:00,324,1006.6,75.7,0.0,18.0,4.0,1033.0,100.0,100.0
2024-05-12 11:30:00,236,1006.6,74.3,0.0,18.1,4.0,1040.0,100.0,100.0
2024-05-12 11:45:00,154,1006.6,72.7,0.0,18.1,4.1,1045.0,100.0,100.0
2024-05-12 12:00:00,85,1006.6,72.1,0.0,18.2,4.1,1048.0,100.0,100.0
2024-05-12 12:15:00,33,1006.6,71.6,0.0,18.2,4.2,1048.0,100.0,100.0
2024-05-12 12:30:00,4,1006.6,71.7,0.0,18.2,4.2,1048.0,100.0,100.0
2024-05-12 12:45:00,3,1006.6,71.9,0.0,18.2,4.1,1039.0,100.0,100.0
2024-05-12 13:00:00,29,1006.6,71.6,0.0,18.1,4.1,1029.0,100.0,100.0
2024-05-12 13:15:00,77,1006.6,71.3,0.0,18.1,4.1,1006.0,100.0,100.0
2024-05-12 13:30:00,140,1006.6,70.7,0.0,18.1,4.0,982.0,100.0,100.0
2024-05-12 13:45:00,214,1006.6,70.1,0.0,18.2,3.9,932.0,100.0,100.0
2024-05-12 14:00:00,290,1006.6,68.3,0.0,18.2,3.9,900.0,100.0,100.0
2024-05-12 14:15:00,365,1006.6,67.6,0.0,18.2,3.8,863.0,100.0,100.0
2024-05-12 14:30:00,432,1006.6,65.5,0.0,18.3,3.7,828.0,99.35,100.0
2024-05-12 14:45:00,487,1006.6,62.9,0.0,18.4,3.7,785.0,95.56,100.0
2024-05-12 15:00:00,526,1006.6,60.8,0.0,18.5,3.6,746.0,90.37,100.0
2024-05-12 15:15:00,546,1006.6,58.3,0.0,18.6,3.5,706.0,84.05,100.0
2024-05-12 15:30:00,544,1006.6,55.9,0.0,18.7,3.4,667.0,77.83,100.0
2024-05-12 15:45:00,522,1006.6,53.9,0.0,18.7,3.3,628.0,70.74,100.0
2024-05-12 16:00:00,485,1006.6,53.0,0.0,18.8,3.2,587.0,64.22,100.0
2024-05-12 16:15:00,438,1006.6,52.3,0.0,18.8,3.1,533.0,56.12,100.0
2024-05-12 16:30:00,384,1006.6,51.7,0.0,18.8,3.0,484.0,48.9,100.0
2024-05-12 16:45:00,328,1006.6,51.9,0.0,18.8,2.8,429.0,40.73,100.0
2024-05-12 17:00:00,273,1006.6,52.1,0.0,18.7,2.7,377.0,33.31,100.0
2024-05-12 17:15:00,220,1006.6,51.8,0.0,18.7,2.6,315.0,25.19,100.0
2024-05-12 17:30:00,172,1006.6,50.8,0.0,18.7,2.5,263.0,18.67,100.0
2024-05-12 17:45:00,130,1006.6,50.5,0.0,18.7,2.4,200.0,12.2,100.0
2024-05-12 18:00:00,94,1006.6,50.8,0.0,18.6,2.2,146.0,7.9,100.0
2024-05-12 18:15:00,64,1006.6,51.3,0.0,18.5,2.2,87.0,4.74,100.0
2024-05-12 18:30:00,40,1006.6,52.1,0.0,18.4,2.1,48.0,3.35,100.0
2024-05-12 18:45:00,21,1006.6,53.7,0.0,18.2,2.0,11.0,1.72,100.0
2024-05-12 19:00:00,3,1006.6,55.5,0.0,18.1,1.9,0.0,0.65,100.0
2024-05-12 19:15:00,0,1006.6,56.8,0.0,18.1,1.9,0.0,0.0,100.0
2024-05-12 19:30:00,0,1006.6,57.2,0.0,18.1,1.9,0.0,0.0,100.0
2024-05-12 19:45:00,0,1006.6,57.0,0.0,18.1,1.9,0.0,0.0,100.0
2024-05-12 20:00:00,0,1006.6,56.3,0.0,18.1,1.8,0.0,0.0,100.0
2024-05-12 20:15:00,0,1006.6,55.3,0.0,18.0,1.8,0.0,0.0,100.0
2024-05-12 20:30:00,0,1006.6,54.2,0.0,18.0,1.8,0.0,0.0,100.0
2024-05-12 20:45:00,0,1006.6,53.1,0.0,18.0,1.8,0.0,0.0,100.0
2024-05-12 21:00:00,0,1006.6,52.0,0.0,17.9,1.8,0.0,0.0,100.0
2024-05-12 21:15:00,0,1006.6,51.1,0.0,17.9,1.9,0.0,0.0,100.0
2024-05-12 21:30:00,0,1006.6,50.9,0.0,17.8,1.9,0.0,0.0,100.0
2024-05-12 21:45:00,0,1006.6,51.1,0.0,17.7,1.9,0.0,0.0,100.0
2024-05-12 22:00:00,0,1006.6,51.7,0.0,17.5,2.0,0.0,0.0,100.0
2024-05-12 22:15:00,0,1006.6,52.2,0.0,17.4,2.1,0.0,0.0,100.0
2024-05-12 22:30:00,0,1006.6,52.7,0.0,17.2,2.1,0.0,0.0,100.0
2024-05-12 22:45:00,0,1006.6,53.6,0.0,17.1,2.2,0.0,0.0,100.0
2024-05-12 23:00:00,0,1006.6,54.2,0.0,17.0,2.3,0.0,0.0,100.0
2024-05-12 23:15:00,0,1006.6,54.6,0.0,16.9,2.4,0.0,0.0,100.0
2024-05-12 23:30:00,0,1006.5,55.0,0.0,16.8,2.5,0.0,0.0,100.0
2024-05-12 23:45:00,0,1006.5,55.8,0.0,16.6,2.6,0.0,0.0,100.0
2024-05-13 00:00:00,0,1006.5,56.5,0.0,15.5,2.7,0.0,0.0,100.0
2024-05-13 00:15:00,0,1006.5,56.9,0.0,15.4,2.8,0.0,0.0,100.0
2024-05-13 00:30:00,0,1006.5,56.5,0.0,15.4,2.8,0.0,0.0,100.0
2024-05-13 00:45:00,0,1006.5,56.3,0.0,15.4,2.9,0.0,0.0,100.0
2024-05-13 01:00:00,0,1006.5,56.4,0.0,15.3,3.0,0.0,0.0,100.0
2024-05-13 01:15:00,0,1006.5,57.1,0.0,15.2,3.0,0.0,0.0,100.0
2024-05-13 01:30:00,0,1006.5,58.3,0.0,15.0,3.0,0.0,0.0,100.0
2024-05-13 01:45:00,0,1006.5,59.4,0.0,14.8,3.1,0.0,0.0,100.0
2024-05-13 02:00:00,0,1006.5,60.4,0.0,14.6,3.1,0.0,0.0,100.0
2024-05-13 02:15:00,0,1006.5,61.2,0.0,14.5,3.2,0.0,0.0,100.0
2024-05-13 02:30:00,0,1006.5,62.2,0.0,14.4,3.2,0.0,0.0,100.0
2024-05-13 02:45:00,0,1006.5,63.2,0.0,14.2,3.2,0.0,0.0,100.0
2024-05-13 03:00:00,0,1006.5,64.3,0.0,14.1,3.2,0.0,0.0,100.0
2024-05-13 03:15:00,0,1006.5,65.5,0.0,13.9,3.3,0.0,0.0,100.0
2024-05-13 03:30:00,0,1006.5,66.9,0.0,13.7,3.3,0.0,0.0,100.0
2024-05-13 03:45:00,0,1006.5,68.2,0.0,13.6,3.3,0.0,0.0,100.0
2024-05-13 04:00:00,0,1006.5,69.1,0.0,13.5,3.3,0.0,0.0,100.0
2024-05-13 04:15:00,0,1006.5,69.6,0.0,13.4,3.2,0.0,0.0,100.0
2024-05-13 04:30:00,0,1006.5,69.6,0.0,13.4,3.2,0.0,0.0,100.0
2024-05-13 04:45:00,0,1006.5,69.6,0.0,13.4,3.2,0.0,0.0,100.0
2024-05-13 05:00:00,0,1006.5,69.5,0.0,13.4,3.1,0.0,0.0,100.0
2024-05-13 05:15:00,17,1006.5,69.3,0.0,13.3,3.1,18.0,2.2,100.0
2024-05-13 05:30:00,48,1006.5,69.2,0.0,13.4,3.1,41.0,3.59,100.0
2024-05-13 05:45:00,80,1006.5,69.0,0.0,13.4,3.1,80.0,5.49,100.0
2024-05-13 06:00:00,112,1006.5,68.7,0.0,13.6,3.1,127.0,8.45,100.0
2024-05-13 06:15:00,145,1006.5,68.4,0.0,13.9,3.0,180.0,13.15,100.0
2024-05-13 06:30:00,178,1006.5,68.0,0.0,14.2,3.0,232.0,18.58,100.0
2024-05-13 06:45:00,213,1006.5,67.7,0.0,14.6,3.0,289.0,25.74,100.0
2024-05-13 07:00:00,250,1006.5,67.2,0.0,15.0,3.0,342.0,32.62,100.0
2024-05-13 07:15:00,290,1006.5,66.2,0.0,15.5,3.0,397.0,40.57,100.0
2024-05-13 07:30:00,331,1006.6,64.8,0.0,16.1,2.9,446.0,47.29,100.0
2024-05-13 07:45:00,374,1006.6,61.5,0.0,16.7,2.9,503.0,55.16,100.0
2024-05-13 08:00:00,419,1006.6,58.3,0.0,17.2,2.9,551.0,61.67,100.0
2024-05-13 08:15:00,464,1006.6,57.0,0.0,17.8,2.9,597.0,68.94,100.0
2024-05-13 08:30:00,510,1006.6,56.4,0.0,18.3,2.9,633.0,75.07,100.0
2024-05-13 08:45:00,556,1006.6,55.4,0.0,18.9,2.9,677.0,81.65,100.0
2024-05-13 09:00:00,601,1006.6,52.6,0.0,19.5,2.9,713.0,86.9,100.0
2024-05-13 09:15:00,643,1006.6,49.7,0.0,20.0,3.0,758.0,92.24,100.0
2024-05-13 09:30:00,682,1006.6,47.8,0.0,20.5,3.0,787.0,96.81,100.0
2024-05-13 09:45:00,718,1006.6,45.6,0.0,20.9,3.0,830.0,99.36,100.0
2024-05-13 10:00:00,750,1006.6,43.4,0.0,21.2,3.1,852.0,100.0,100.0
2024-05-13 10:15:00,778,1006.6,41.6,0.0,21.5,3.2,871.0,100.0,100.0
2024-05-13 10:30:00,804,1006.6,40.6,0.0,21.7,3.2,924.0,100.0,100.0
2024-05-13 10:45:00,826,1006.6,40.2,0.0,21.9,3.3,957.0,99.77,100.0
2024-05-13 11:00:00,844,1006.6,40.3,0.0,22.0,3.4,987.0,99.77,100.0
2024-05-13 11:15:00,858,1006.6,40.3,0.0,22.2,3.5,986.0,99.77,100.0
2024-05-13 11:30:00,869,1006.6,40.3,0.0,22.3,3.6,993.0,99.77,100.0
2024-05-13 11:45:00,875,1006.6,40.3,0.0,22.4,3.7,994.0,99.77,100.0
2024-05-13 12:00:00,878,1006.6,40.2,0.0,22.5,3.8,1000.0,99.77,100.0
2024-05-13 12:15:00,877,1006.6,39.7,0.0,22.5,4.0,987.0,99.77,100.0
2024-05-13 12:30:00,871,1006.6,38.9,0.0,22.6,4.1,994.0,99.77,100.0
2024-05-13 12:45:00,863,1006.6,37.7,0.0,22.7,4.2,980.0,99.77,100.0
2024-05-13 13:00:00,851,1006.6,37.3,0.0,22.8,4.4,964.0,99.77,100.0
2024-05-13 13:15:00,837,1006.6,37.7,0.0,22.9,4.5,966.0,99.77,100.0
2024-05-13 13:30:00,819,1006.6,37.7,0.0,22.9,4.6,937.0,99.77,100.0
2024-05-13 13:45:00,798,1006.6,37.8,0.0,23.0,4.7,911.0,99.77,100.0
2024-05-13 14:00:00,773,1006.6,37.7,0.0,23.1,4.9,881.0,99.77,100.0
2024-05-13 14:15:00,745,1006.6,36.4,0.0,23.1,5.0,843.0,99.36,100.0
2024-05-13 14:30:00,713,1006.6,34.2,0.0,23.0,5.1,797.0,95.59,100.0
2024-05-13 14:45:00,678,1006.6,33.2,0.0,22.9,5.1,762.0,89.8,100.0
2024-05-13 15:00:00,639,1006.6,33.3,0.0,22.9,5.2,723.0,85.89,100.0
2024-05-13 15:15:00,597,1006.6,33.7,0.0,22.9,5.3,679.0,80.94,100.0
2024-05-13 15:30:00,552,1006.6,34.1,0.0,22.9,5.4,652.0,74.91,100.0
2024-05-13 15:45:00,504,1006.6,34.9,0.0,22.8,5.4,604.0,67.15,100.0
2024-05-13 16:00:00,453,1006.6,36.7,0.0,22.8,5.5,576.0,61.69,100.0
2024-05-13 16:15:00,399,1006.6,38.2,0.0,22.7,5.6,510.0,53.8,100.0
2024-05-13 16:30:00,346,1006.6,38.9,0.0,22.6,5.6,458.0,46.31,100.0
2024-05-13 16:45:00,294,1006.6,39.9,0.0,22.5,5.7,405.0,38.84,100.0
2024-05-13 17:00:00,245,1006.6,41.7,0.0,22.3,5.8,356.0,31.5,100.0
2024-05-13 17:15:00,199,1006.6,43.5,0.0,22.2,5.8,295.0,24.41,100.0
2024-05-13 17:30:00,158,1006.6,45.3,0.0,21.9,5.9,247.0,18.57,100.0
2024-05-13 17:45:00,121,1006.6,47.6,0.0,21.7,5.9,182.0,12.45,100.0
2024-05-13 18:00:00,90,1006.6,49.8,0.0,21.4,5.9,128.0,8.73,100.0
2024-05-13 18:15:00,63,1006.6,51.4,0.0,21.0,6.0,85.0,5.84,100.0
2024-05-13 18:30:00,41,1006.6,52.7,0.0,20.7,6.0,46.0,3.8,100.0
2024-05-13 18:45:00,21,1006.6,54.6,0.0,20.3,6.1,15.0,1.81,100.0
2024-05-13 19:00:00,4,1006.6,56.3,0.0,19.9,6.1,0.0,0.72,100.0
2024-05-13 19:15:00,0,1006.6,61.5,0.0,19.4,6.2,0.0,0.0,100.0
2024-05-13 19:30:00,0,1006.6,66.0,0.0,19.1,6.2,0.0,0.0,100.0
2024-05-13 19:45:00,0,1006.6,65.6,0.0,18.8,6.2,0.0,0.0,100.0
2024-05-13 20:00:00,0,1006.6,66.1,0.0,18.5,6.3,0.0,0.0,100.0
2024-05-13 20:15:00,0,1006.6,68.4,0.0,18.2,6.4,0.0,0.0,100.0
2024-05-13 20:30:00,0,1006.6,68.6,0.0,17.9,6.4,0.0,0.0,100.0
2024-05-13 20:45:00,0,1006.6,68.5,0.0,17.7,6.5,0.0,0.0,100.0
2024-05-13 21:00:00,0,1006.6,67.9,0.0,17.4,6.6,0.0,0.0,100.0
2024-05-13 21:15:00,0,1006.5,67.1,0.0,17.2,6.6,0.0,0.0,100.0
2024-05-13 21:30:00,0,1006.5,66.8,0.0,17.0,6.7,0.0,0.0,100.0
2024-05-13 21:45:00,0,1006.5,66.7,0.0,16.8,6.7,0.0,0.0,100.0
2024-05-13 22:00:00,0,1006.5,66.8,0.0,16.6,6.8,0.0,0.0,100.0
2024-05-13 22:15:00,0,1006.5,67.1,0.0,16.5,6.9,0.0,0.0,100.0
2024-05-13 22:30:00,0,1006.5,67.6,0.0,16.3,6.9,0.0,0.0,100.0
2024-05-13 22:45:00,0,1006.5,68.0,0.0,16.1,6.9,0.0,0.0,100.0
2024-05-13 23:00:00,0,1006.5,68.4,0.0,16.0,6.9,0.0,0.0,100.0
2024-05-13 23:15:00,0,1006.5,68.7,0.0,15.8,6.9,0.0,0.0,100.0
2024-05-13 23:30:00,0,1006.5,69.0,0.0,15.7,7.0,0.0,0.0,100.0
2024-05-13 23:45:00,0,1006.5,69.4,0.0,15.6,7.0,0.0,0.0,100.0
2024-05-14 00:00:00,0,1006.5,69.5,0.0,15.5,6.6,0.0,0.0,100.0
2024-05-14 00:15:00,0,1006.5,69.7,0.0,15.4,6.7,0.0,0.0,100.0
2024-05-14 00:30:00,0,1006.5,69.8,0.0,15.2,6.7,0.0,0.0,100.0
2024-05-14 00:45:00,0,1006.5,69.9,0.0,15.1,6.7,0.0,0.0,100.0
2024-05-14 01:00:00,0,1006.5,70.1,0.0,15.1,6.7,0.0,0.0,100.0
2024-05-14 01:15:00,0,1006.5,70.2,0.0,15.0,6.7,0.0,0.0,100.0
2024-05-14 01:30:00,0,1006.5,70.4,0.0,14.9,6.8,0.0,0.0,100.0
2024-05-14 01:45:00,0,1006.5,70.7,0.0,14.8,6.8,0.0,0.0,100.0
2024-05-14 02:00:00,0,1006.5,71.0,0.0,14.7,6.8,0.0,0.0,100.0
2024-05-14 02:15:00,0,1006.5,71.3,0.0,14.7,6.8,0.0,0.0,100.0
2024-05-14 02:30:00,0,1006.5,71.7,0.0,14.6,6.9,0.0,0.0,100.0
2024-05-14 02:45:00,0,1006.5,72.2,0.0,14.6,6.9,0.0,0.0,100.0
2024-05-14 03:00:00,0,1006.5,72.9,0.0,14.5,6.9,0.0,0.0,100.0
2024-05-14 03:15:00,0,1006.5,73.7,0.0,14.5,6.9,0.0,0.0,100.0
2024-05-14 03:30:00,0,1006.5,74.4,0.0,14.4,6.9,0.0,0.0,100.0
2024-05-14 03:45:00,0,1006.5,75.2,0.0,14.3,7.0,0.0,0.0,100.0
2024-05-14 04:00:00,0,1006.5,76.0,0.0,14.3,7.0,0.0,0.0,100.0
2024-05-14 04:15:00,0,1006.5,76.7,0.0,14.3,7.0,0.0,0.0,100.0
2024-05-14 04:30:00,0,1006.5,77.4,0.0,14.3,7.1,0.0,0.0,100.0
2024-05-14 04:45:00,0,1006.5,77.9,0.0,14.3,7.1,0.0,0.0,100.0
2024-05-14 05:00:00,0,1006.5,78.5,0.0,14.4,7.1,0.0,0.7,100.0
2024-05-14 05:15:00,18,1006.5,78.9,0.0,14.4,7.1,17.0,2.08,100.0
2024-05-14 05:30:00,49,1006.5,79.2,0.0,14.5,7.1,38.0,3.85,100.0
2024-05-14 05:45:00,79,1006.5,79.0,0.0,14.7,7.2,78.0,6.58,100.0
2024-05-14 06:00:00,110,1006.5,78.5,0.0,15.0,7.2,122.0,9.46,100.0
2024-05-14 06:15:00,142,1006.5,77.6,0.0,15.4,7.2,153.0,13.45,100.0
2024-05-14 06:30:00,175,1006.5,76.5,0.0,15.8,7.2,189.0,16.8,100.0
2024-05-14 06:45:00,209,1006.5,75.3,0.0,16.2,7.2,241.0,22.4,100.0
2024-05-14 07:00:00,245,1006.5,74.3,0.0,16.6,7.2,296.0,28.7,100.0
2024-05-14 07:15:00,283,1006.5,73.4,0.0,17.0,7.3,363.0,36.92,100.0
2024-05-14 07:30:00,323,1006.5,72.3,0.0,17.4,7.3,400.0,42.74,100.0
2024-05-14 07:45:00,365,1006.5,71.1,0.0,17.8,7.3,444.0,48.6,100.0
2024-05-14 08:00:00,409,1006.5,69.9,0.0,18.2,7.3,495.0,55.19,100.0
2024-05-14 08:15:00,453,1006.6,68.5,0.0,18.6,7.4,538.0,62.16,100.0
2024-05-14 08:30:00,498,1006.6,67.0,0.0,18.9,7.4,575.0,68.67,100.0
2024-05-14 08:45:00,543,1006.6,65.8,0.0,19.3,7.4,613.0,72.79,100.0
2024-05-14 09:00:00,587,1006.6,64.6,0.0,19.6,7.4,632.0,77.66,100.0
2024-05-14 09:15:00,628,1006.6,62.9,0.0,20.0,7.5,676.0,84.17,100.0
2024-05-14 09:30:00,666,1006.6,60.7,0.0,20.4,7.5,721.0,88.39,100.0
2024-05-14 09:45:00,701,1006.6,59.2,0.0,20.8,7.4,752.0,92.44,100.0
2024-05-14 10:00:00,732,1006.6,58.5,0.0,21.1,7.4,783.0,95.65,100.0
2024-05-14 10:15:00,761,1006.6,57.9,0.0,21.3,7.4,805.0,98.0,100.0
2024-05-14 10:30:00,786,1006.6,56.7,0.0,21.5,7.4,835.0,99.59,100.0
2024-05-14 10:45:00,807,1006.6,55.3,0.0,21.8,7.4,880.0,99.59,100.0
2024-05-14 11:00:00,825,1006.6,54.2,0.0,22.1,7.3,900.0,99.59,100.0
2024-05-14 11:15:00,840,1006.6,52.9,0.0,22.3,7.3,915.0,99.59,100.0
2024-05-14 11:30:00,850,1006.6,52.7,0.0,22.5,7.2,932.0,99.59,100.0
2024-05-14 11:45:00,857,1006.6,52.9,0.0,22.7,7.2,938.0,99.59,100.0
2024-05-14 12:00:00,860,1006.6,53.2,0.0,22.9,7.1,944.0,99.59,100.0
2024-05-14 12:15:00,859,1006.6,53.4,0.0,23.1,7.0,933.0,99.59,100.0
2024-05-14 12:30:00,854,1006.6,53.5,0.0,23.3,6.8,934.0,99.59,100.0
2024-05-14 12:45:00,845,1006.6,53.2,0.0,23.5,6.7,931.0,99.59,100.0
2024-05-14 13:00:00,834,1006.6,52.6,0.0,23.8,6.7,925.0,99.59,100.0
2024-05-14 13:15:00,820,1006.6,52.0,0.0,24.0,6.6,908.0,99.59,100.0
2024-05-14 13:30:00,803,1006.6,51.4,0.0,24.3,6.6,888.0,99.59,100.0
2024-05-14 13:45:00,783,1006.7,51.4,0.0,24.5,6.5,855.0,99.59,100.0
2024-05-14 14:00:00,759,1006.7,51.1,0.0,24.8,6.4,811.0,97.47,100.0
2024-05-14 14:15:00,731,1006.7,50.3,0.0,25.0,6.3,773.0,93.49,100.0
2024-05-14 14:30:00,700,1006.6,50.4,0.0,24.9,6.2,737.0,88.61,100.0
2024-05-14 14:45:00,665,1006.6,51.0,0.0,24.6,6.1,698.0,83.02,100.0
2024-05-14 15:00:00,627,1006.6,51.8,0.0,24.3,6.1,664.0,77.25,100.0
2024-05-14 15:15:00,585,1006.6,54.1,0.0,23.6,6.0,607.0,70.34,100.0
2024-05-14 15:30:00,541,1006.6,57.4,0.0,23.0,5.9,568.0,65.18,100.0
2024-05-14 15:45:00,494,1006.6,61.0,0.0,22.0,5.9,523.0,58.89,100.0
2024-05-14 16:00:00,444,1006.6,65.5,0.0,21.0,5.8,486.0,52.56,100.0
2024-05-14 16:15:00,391,1006.6,69.6,0.0,20.2,5.8,426.0,45.12,100.0
2024-05-14 16:30:00,338,1006.6,70.5,0.0,19.8,5.7,376.0,38.55,100.0
2024-05-14 16:45:00,287,1006.6,71.0,0.0,19.7,5.7,322.0,31.83,100.0
2024-05-14 17:00:00,239,1006.6,71.3,0.0,19.5,5.7,271.0,26.29,100.0
2024-05-14 17:15:00,194,1006.6,72.0,0.0,19.4,5.7,222.0,20.31,100.0
2024-05-14 17:30:00,153,1006.6,73.2,0.0,19.2,5.7,179.0,15.92,100.0
2024-05-14 17:45:00,118,1006.6,74.5,0.0,19.0,5.7,129.0,11.69,100.0
2024-05-14 18:00:00,87,1006.6,75.7,0.0,18.8,5.7,95.0,8.72,100.0
2024-05-14 18:15:00,61,1006.6,77.3,0.0,18.7,5.8,59.0,5.86,100.0
2024-05-14 18:30:00,39,1006.6,79.6,0.0,18.5,5.8,33.0,3.65,100.0
2024-05-14 18:45:00,21,1006.6,81.1,0.0,18.2,5.8,14.0,1.66,100.0
2024-05-14 19:00:00,4,1006.6,81.4,0.0,18.0,5.8,0.0,0.55,100.0
2024-05-14 19:15:00,0,1006.6,81.4,0.0,17.9,5.8,0.0,0.0,100.0
2024-05-14 19:30:00,0,1006.6,81.5,0.0,17.7,5.9,0.0,0.0,100.0
2024-05-14 19:45:00,0,1006.6,81.6,0.0,17.6,5.9,0.0,0.0,100.0
2024-05-14 20:00:00,0,1006.6,81.8,0.0,17.5,6.0,0.0,0.0,100.0
2024-05-14 20:15:00,0,1006.6,82.2,0.0,17.4,6.1,0.0,0.0,100.0
2024-05-14 20:30:00,0,1006.6,82.8,0.0,17.3,6.2,0.0,0.0,100.0
2024-05-14 20:45:00,0,1006.6,83.4,0.0,17.2,6.3,0.0,0.0,100.0
2024-05-14 21:00:00,0,1006.6,84.2,0.0,17.1,6.4,0.0,0.0,100.0
2024-05-14 21:15:00,0,1006.6,85.5,0.1,16.7,6.5,0.0,0.0,100.0
2024-05-14 21:30:00,0,1006.6,80.0,0.0,17.4,6.6,0.0,0.0,100.0
2024-05-14 21:45:00,0,1006.6,83.2,0.0,16.7,6.7,0.0,0.0,100.0
2024-05-14 22:00:00,0,1006.6,85.5,0.2,16.4,6.8,0.0,0.0,100.0
2024-05-14 22:15:00,0,1006.6,85.1,0.3,16.3,6.9,0.0,0.0,100.0
2024-05-14 22:30:00,0,1006.6,82.0,0.3,16.4,7.1,0.0,0.0,100.0
2024-05-14 22:45:00,0,1006.6,79.2,0.3,16.4,7.2,0.0,0.0,100.0
2024-05-14 23:00:00,0,1006.6,77.2,0.2,16.4,7.4,0.0,0.0,100.0
2024-05-14 23:15:00,0,1006.6,77.3,0.0,16.3,7.6,0.0,0.0,100.0
2024-05-14 23:30:00,0,1006.6,77.4,0.2,16.2,7.7,0.0,0.0,100.0
2024-05-14 23:45:00,0,1006.6,76.5,0.2,16.2,7.9,0.0,0.0,100.0
2024-05-15 00:00:00,0,1006.6,72.8,0.1,16.8,7.7,0.0,0.0,100.0
2024-05-15 00:15:00,0,1006.6,72.8,0.1,16.8,7.8,0.0,0.0,100.0
2024-05-15 00:30:00,0,1006.6,73.5,0.0,17.0,7.9,0.0,0.0,100.0
2024-05-15 00:45:00,0,1006.6,71.0,0.0,17.2,7.9,0.0,0.0,100.0
2024-05-15 01:00:00,0,1006.6,71.7,0.0,17.1,7.8,0.0,0.0,100.0
2024-05-15 01:15:00,0,1006.6,73.1,0.0,17.0,7.7,0.0,0.0,100.0
2024-05-15 01:30:00,0,1006.6,73.8,0.0,16.9,7.5,0.0,0.0,100.0
2024-05-15 01:45:00,0,1006.6,74.1,0.0,16.8,7.3,0.0,0.0,100.0
2024-05-15 02:00:00,0,1006.6,73.2,0.0,16.9,7.2,0.0,0.0,100.0
2024-05-15 02:15:00,0,1006.6,70.8,0.0,17.0,6.9,0.0,0.0,100.0
2024-05-15 02:30:00,0,1006.6,68.8,0.0,17.1,6.8,0.0,0.0,100.0
2024-05-15 02:45:00,0,1006.6,69.6,0.0,17.0,6.6,0.0,0.0,100.0
2024-05-15 03:00:00,0,1006.6,70.4,0.1,16.9,6.5,0.0,0.0,100.0
2024-05-15 03:15:00,0,1006.6,71.4,0.1,16.9,6.5,0.0,0.0,100.0
2024-05-15 03:30:00,0,1006.6,73.0,0.2,16.9,6.4,0.0,0.0,100.0
2024-05-15 03:45:00,0,1006.6,75.0,0.2,16.6,6.3,0.0,0.0,100.0
2024-05-15 04:00:00,0,1006.6,72.4,0.1,16.6,6.2,0.0,0.0,100.0
2024-05-15 04:15:00,0,1006.6,72.3,0.0,16.4,6.0,0.0,0.0,100.0
2024-05-15 04:30:00,0,1006.6,73.4,0.0,16.4,5.9,0.0,0.0,100.0
2024-05-15 04:45:00,0,1006.6,73.7,0.0,16.2,5.8,0.0,0.0,100.0
2024-05-15 05:00:00,0,1006.6,74.0,0.0,16.0,5.7,0.0,0.22,100.0
2024-05-15 05:15:00,20,1006.6,74.7,0.0,15.8,5.6,6.0,1.1,100.0
2024-05-15 05:30:00,51,1006.6,78.0,0.0,15.9,5.5,24.0,3.45,100.0
2024-05-15 05:45:00,82,1006.6,79.6,0.0,15.9,5.4,25.0,2.74,100.0
2024-05-15 06:00:00,113,1006.6,78.5,0.0,15.9,5.4,46.0,5.37,100.0
2024-05-15 06:15:00,145,1006.6,79.8,0.0,15.9,5.4,178.0,13.92,100.0
2024-05-15 06:30:00,178,1006.6,78.3,0.0,16.0,5.4,236.0,19.44,100.0
2024-05-15 06:45:00,213,1006.6,76.9,0.0,16.2,5.4,298.0,27.65,100.0
2024-05-15 07:00:00,250,1006.6,76.0,0.0,16.4,5.5,355.0,35.0,100.0
2024-05-15 07:15:00,290,1006.6,75.0,0.0,16.5,5.7,421.0,43.49,100.0
2024-05-15 07:30:00,332,1006.6,75.6,0.0,16.6,5.8,475.0,51.39,100.0
2024-05-15 07:45:00,376,1006.6,75.3,0.0,16.6,6.0,537.0,61.11,100.0
2024-05-15 08:00:00,422,1006.6,73.7,0.0,16.7,6.2,596.0,68.68,100.0
2024-05-15 08:15:00,469,1006.6,72.2,0.0,16.8,6.4,650.0,77.0,100.0
2024-05-15 08:30:00,517,1006.6,69.8,0.0,16.8,6.6,691.0,83.97,100.0
2024-05-15 08:45:00,565,1006.6,67.9,0.0,16.8,6.7,734.0,91.18,100.0
2024-05-15 09:00:00,611,1006.6,66.3,0.0,16.8,6.8,773.0,97.26,100.0
2024-05-15 09:15:00,656,1006.6,64.5,0.0,16.9,6.9,821.0,98.45,100.0
2024-05-15 09:30:00,697,1006.6,62.7,0.0,16.9,6.9,862.0,98.45,100.0
2024-05-15 09:45:00,734,1006.6,61.0,0.0,17.0,7.0,901.0,98.45,100.0
2024-05-15 10:00:00,767,1006.6,59.6,0.0,17.0,7.1,938.0,98.45,100.0
2024-05-15 10:15:00,798,1006.6,58.9,0.0,17.0,7.2,989.0,98.45,100.0
2024-05-15 10:30:00,825,1006.6,58.8,0.0,17.0,7.2,1026.0,98.45,100.0
2024-05-15 10:45:00,848,1006.6,57.7,0.0,17.1,7.3,1058.0,98.45,100.0
2024-05-15 11:00:00,868,1006.6,56.7,0.0,17.1,7.3,1087.0,98.45,100.0
2024-05-15 11:15:00,884,1006.6,56.8,0.0,17.1,7.3,1100.0,98.45,100.0
2024-05-15 11:30:00,896,1006.6,56.7,0.0,17.1,7.3,1109.0,98.45,100.0
2024-05-15 11:45:00,903,1006.6,56.3,0.0,17.1,7.2,1119.0,98.45,100.0
2024-05-15 12:00:00,907,1006.6,55.2,0.0,17.1,7.2,1114.0,98.45,100.0
2024-05-15 12:15:00,906,1006.6,55.1,0.0,17.1,7.1,1114.0,98.45,100.0
2024-05-15 12:30:00,902,1006.6,54.9,0.0,17.1,7.0,1110.0,98.45,100.0
2024-05-15 12:45:00,893,1006.6,54.6,0.0,17.1,6.9,1109.0,98.45,100.0
2024-05-15 13:00:00,882,1006.6,54.6,0.0,17.1,6.8,1094.0,94.8,100.0
2024-05-15 13:15:00,867,1006.6,54.2,0.0,17.2,6.7,1075.0,100.0,100.0
2024-05-15 13:30:00,850,1006.6,53.6,0.0,17.2,6.6,1043.0,88.6,100.0
2024-05-15 13:45:00,828,1006.6,53.1,0.0,17.2,6.4,1001.0,76.71,100.0
2024-05-15 14:00:00,803,1006.6,53.0,0.0,17.2,6.2,960.0,64.71,100.0
2024-05-15 14:15:00,774,1006.6,52.6,0.0,17.2,6.1,911.0,58.71,100.0
2024-05-15 14:30:00,741,1006.6,52.3,0.0,17.2,5.9,883.0,52.7,100.0
2024-05-15 14:45:00,704,1006.6,52.4,0.0,17.2,5.7,835.0,43.71,100.0
2024-05-15 15:00:00,664,1006.6,52.3,0.0,17.2,5.5,792.0,43.71,100.0
2024-05-15 15:15:00,621,1006.6,51.9,0.0,17.2,5.2,753.0,91.72,100.0
2024-05-15 15:30:00,575,1006.6,51.6,0.0,17.3,5.0,714.0,85.09,100.0
2024-05-15 15:45:00,526,1006.6,51.3,0.0,17.3,4.8,665.0,76.97,100.0
2024-05-15 16:00:00,473,1006.6,50.6,0.0,17.3,4.6,624.0,70.05,100.0
2024-05-15 16:15:00,418,1006.6,49.9,0.0,17.3,4.4,570.0,61.63,100.0
2024-05-15 16:30:00,363,1006.6,49.5,0.0,17.3,4.2,523.0,54.43,100.0
2024-05-15 16:45:00,309,1006.6,49.1,0.0,17.3,4.0,460.0,44.92,100.0
2024-05-15 17:00:00,258,1006.6,48.6,0.0,17.3,3.9,399.0,36.96,100.0
2024-05-15 17:15:00,211,1006.6,48.6,0.0,17.3,3.8,332.0,28.22,100.0
2024-05-15 17:30:00,168,1006.6,48.1,0.0,17.3,3.7,274.0,20.82,100.0
2024-05-15 17:45:00,130,1006.6,47.9,0.0,17.3,3.6,206.0,13.37,100.0
2024-05-15 18:00:00,97,1006.6,48.2,0.0,17.3,3.5,151.0,8.68,100.0
2024-05-15 18:15:00,69,1006.6,48.2,0.0,17.3,3.4,98.0,5.31,100.0
2024-05-15 18:30:00,45,1006.6,46.5,0.0,17.2,3.4,50.0,3.72,100.0
2024-05-15 18:45:00,24,1006.6,43.4,0.0,17.2,3.3,17.0,2.11,100.0
2024-05-15 19:00:00,6,1006.6,39.4,0.0,17.1,3.3,1.0,0.79,100.0
2024-05-15 19:15:00,0,1006.6,36.7,0.0,17.0,3.3,0.0,0.0,100.0
2024-05-15 19:30:00,0,1006.6,34.3,0.0,16.9,3.3,0.0,0.0,100.0
2024-05-15 19:45:00,0,1006.6,34.2,0.0,16.7,3.4,0.0,0.0,100.0
2024-05-15 20:00:00,0,1006.6,36.9,0.0,16.4,3.4,0.0,0.0,100.0
2024-05-15 20:15:00,0,1006.6,39.7,0.0,16.2,3.5,0.0,0.0,100.0
2024-05-15 20:30:00,0,1006.6,42.8,0.0,15.9,3.6,0.0,0.0,100.0
2024-05-15 20:45:00,0,1006.6,44.6,0.0,15.7,3.7,0.0,0.0,100.0
2024-05-15 21:00:00,0,1006.6,46.7,0.0,15.5,3.8,0.0,0.0,100.0
2024-05-15 21:15:00,0,1006.6,48.2,0.0,15.3,4.0,0.0,0.0,100.0
2024-05-15 21:30:00,0,1006.6,49.7,0.0,15.1,4.1,0.0,0.0,100.0
2024-05-15 21:45:00,0,1006.5,51.8,0.0,15.0,4.2,0.0,0.0,100.0
2024-05-15 22:00:00,0,1006.5,53.0,0.0,14.9,4.3,0.0,0.0,100.0
2024-05-15 22:15:00,0,1006.5,53.2,0.0,14.8,4.4,0.0,0.0,100.0
2024-05-15 22:30:00,0,1006.5,53.8,0.0,14.7,4.4,0.0,0.0,100.0
2024-05-15 22:45:00,0,1006.5,54.6,0.0,14.7,4.5,0.0,0.0,100.0
2024-05-15 23:00:00,0,1006.5,55.3,0.0,14.6,4.5,0.0,0.0,100.0
2024-05-15 23:15:00,0,1006.5,56.4,0.0,14.5,4.5,0.0,0.0,100.0
2024-05-15 23:30:00,0,1006.5,58.0,0.0,14.4,4.5,0.0,0.0,100.0
2024-05-15 23:45:00,0,1006.5,59.9,0.0,14.3,4.6,0.0,0.0,100.0
2024-05-16 00:00:00,0,1006.5,63.9,0.0,14.3,4.4,0.0,0.0,100.0
2024-05-16 00:15:00,0,1006.5,65.2,0.0,14.2,4.4,0.0,0.0,100.0
2024-05-16 00:30:00,0,1006.5,66.3,0.0,14.2,4.4,0.0,0.0,100.0
2024-05-16 00:45:00,0,1006.5,67.2,0.0,14.1,4.3,0.0,0.0,100.0
2024-05-16 01:00:00,0,1006.5,68.1,0.0,14.0,4.3,0.0,0.0,100.0
2024-05-16 01:15:00,0,1006.5,69.0,0.0,13.9,4.2,0.0,0.0,100.0
2024-05-16 01:30:00,0,1006.5,69.5,0.0,13.8,4.2,0.0,0.0,100.0
2024-05-16 01:45:00,0,1006.5,70.0,0.0,13.8,4.1,0.0,0.0,100.0
2024-05-16 02:00:00,0,1006.5,70.4,0.0,13.7,4.0,0.0,0.0,100.0
2024-05-16 02:15:00,0,1006.5,70.8,0.0,13.6,4.0,0.0,0.0,100.0
2024-05-16 02:30:00,0,1006.5,71.2,0.0,13.6,3.9,0.0,0.0,100.0
2024-05-16 02:45:00,0,1006.5,71.5,0.0,13.5,3.9,0.0,0.0,100.0
2024-05-16 03:00:00,0,1006.5,71.7,0.0,13.4,3.8,0.0,0.0,100.0
2024-05-16 03:15:00,0,1006.5,71.9,0.0,13.4,3.8,0.0,0.0,100.0
2024-05-16 03:30:00,0,1006.5,72.2,0.0,13.3,3.7,0.0,0.0,100.0
2024-05-16 03:45:00,0,1006.5,72.7,0.0,13.3,3.7,0.0,0.0,100.0
2024-05-16 04:00:00,0,1006.5,73.2,0.0,13.2,3.6,0.0,0.0,100.0
2024-05-16 04:15:00,0,1006.5,73.7,0.0,13.1,3.6,0.0,0.0,100.0
2024-05-16 04:30:00,0,1006.5,74.0,0.0,13.1,3.6,0.0,0.0,100.0
2024-05-16 04:45:00,0,1006.5,74.2,0.0,13.0,3.5,0.0,0.0,100.0
2024-05-16 05:00:00,0,1006.5,74.4,0.0,13.0,3.5,8.0,1.22,100.0
2024-05-16 05:15:00,23,1006.5,74.6,0.0,13.0,3.4,28.0,2.95,100.0
2024-05-16 05:30:00,54,1006.5,74.8,0.0,13.0,3.4,51.0,4.33,100.0
2024-05-16 05:45:00,87,1006.5,74.9,0.0,13.1,3.4,92.0,6.31,100.0
2024-05-16 06:00:00,119,1006.5,74.9,0.0,13.3,3.3,122.0,9.41,100.0
2024-05-16 06:15:00,153,1006.5,74.8,0.0,13.5,3.3,190.0,14.58,100.0
2024-05-16 06:30:00,187,1006.5,74.3,0.0,13.8,3.3,241.0,20.48,100.0
2024-05-16 06:45:00,223,1006.5,73.3,0.0,14.2,3.2,305.0,28.51,100.0
2024-05-16 07:00:00,261,1006.5,70.8,0.0,14.7,3.2,359.0,35.33,100.0
2024-05-16 07:15:00,301,1006.5,67.5,0.0,15.3,3.2,428.0,44.78,100.0
2024-05-16 07:30:00,344,1006.5,65.4,0.0,15.8,3.2,481.0,52.1,100.0
2024-05-16 07:45:00,389,1006.5,63.3,0.0,16.3,3.2,542.0,60.26,100.0
2024-05-16 08:00:00,435,1006.5,61.2,0.0,16.8,3.2,591.0,67.12,100.0
2024-05-16 08:15:00,482,1006.5,59.4,0.0,17.2,3.2,633.0,74.38,100.0
2024-05-16 08:30:00,530,1006.5,58.1,0.0,17.6,3.2,674.0,80.34,100.0
2024-05-16 08:45:00,577,1006.5,57.9,0.0,17.9,3.2,715.0,86.56,100.0
2024-05-16 09:00:00,622,1006.5,57.1,0.0,18.3,3.2,748.0,92.39,100.0
2024-05-16 09:15:00,665,1006.5,55.7,0.0,18.7,3.2,799.0,97.67,100.0
2024-05-16 09:30:00,704,1006.5,54.0,0.0,19.0,3.2,834.0,99.1,100.0
2024-05-16 09:45:00,738,1006.5,53.1,0.0,19.1,3.2,862.0,99.1,100.0
2024-05-16 10:00:00,769,1006.5,52.9,0.0,19.3,3.2,896.0,99.1,100.0
2024-05-16 10:15:00,796,1006.5,52.3,0.0,19.5,3.2,937.0,99.1,100.0
2024-05-16 10:30:00,819,1006.6,51.6,0.0,19.7,3.2,983.0,99.1,100.0
2024-05-16 10:45:00,838,1006.6,50.7,0.0,19.9,3.2,1005.0,99.1,100.0
2024-05-16 11:00:00,852,1006.6,49.8,0.0,20.2,3.2,1025.0,99.1,100.0
2024-05-16 11:15:00,863,1006.6,48.9,0.0,20.5,3.3,1032.0,99.1,100.0
2024-05-16 11:30:00,868,1006.6,47.8,0.0,20.7,3.3,989.0,99.1,100.0
2024-05-16 11:45:00,870,1006.6,46.6,0.0,21.1,3.3,961.0,99.1,100.0
2024-05-16 12:00:00,866,1006.6,45.8,0.0,21.4,3.3,1020.0,99.1,100.0
2024-05-16 12:15:00,859,1006.6,45.4,0.0,21.7,3.3,888.0,99.41,100.0
2024-05-16 12:30:00,846,1006.6,45.3,0.0,22.0,3.3,852.0,100.0,100.0
2024-05-16 12:45:00,830,1006.6,44.9,0.0,22.3,3.3,709.0,91.63,100.0
2024-05-16 13:00:00,808,1006.6,44.3,0.0,22.6,3.3,1039.0,100.0,100.0
2024-05-16 13:15:00,782,1006.6,43.9,0.0,22.9,3.3,937.0,98.4,100.0
2024-05-16 13:30:00,751,1006.6,43.3,0.0,23.2,3.4,729.0,85.51,100.0
2024-05-16 13:45:00,717,1006.6,42.4,0.0,23.4,3.4,870.0,100.0,100.0
2024-05-16 14:00:00,681,1006.6,41.4,0.0,23.7,3.4,522.0,67.74,100.0
2024-05-16 14:15:00,642,1006.6,40.2,0.0,23.9,3.4,676.0,88.29,100.0
2024-05-16 14:30:00,602,1006.6,39.1,0.0,24.1,3.4,569.0,60.4,100.0
2024-05-16 14:45:00,560,1006.6,38.7,0.0,24.2,3.4,497.0,49.25,100.0
2024-05-16 15:00:00,519,1006.6,38.5,0.0,24.3,3.5,412.0,57.77,100.0
2024-05-16 15:15:00,478,1006.6,38.7,0.0,24.3,3.5,427.0,50.05,100.0
2024-05-16 15:30:00,437,1006.6,40.1,0.0,24.3,3.5,341.0,44.52,100.0
2024-05-16 15:45:00,397,1006.6,41.9,0.0,24.2,3.6,649.0,72.72,100.0
2024-05-16 16:00:00,357,1006.6,42.7,0.0,24.0,3.6,584.0,67.89,100.0
2024-05-16 16:15:00,318,1006.6,43.8,0.0,23.9,3.7,567.0,59.29,100.0
2024-05-16 16:30:00,279,1006.6,45.7,0.0,23.8,3.8,492.0,51.13,100.0
2024-05-16 16:45:00,241,1006.6,46.7,0.0,23.7,3.9,412.0,39.08,100.0
2024-05-16 17:00:00,205,1006.6,46.4,0.0,23.7,4.0,175.0,24.28,100.0
2024-05-16 17:15:00,172,1006.6,46.7,0.0,23.6,4.1,333.0,26.67,100.0
2024-05-16 17:30:00,141,1006.6,48.2,0.0,23.5,4.2,243.0,20.6,100.0
2024-05-16 17:45:00,113,1006.6,49.7,0.0,23.4,4.3,170.0,12.32,100.0
2024-05-16 18:00:00,87,1006.6,52.0,0.0,23.2,4.4,47.0,5.6,100.0
2024-05-16 18:15:00,64,1006.6,56.2,0.0,22.9,4.5,31.0,4.33,100.0
2024-05-16 18:30:00,43,1006.6,59.4,0.0,22.4,4.6,28.0,4.04,100.0
2024-05-16 18:45:00,24,1006.6,62.0,0.0,22.0,4.6,9.0,1.57,100.0
2024-05-16 19:00:00,7,1006.6,65.3,0.0,21.5,4.7,0.0,0.59,100.0
2024-05-16 19:15:00,0,1006.6,67.7,0.0,21.2,4.7,0.0,0.0,100.0
2024-05-16 19:30:00,0,1006.6,69.1,0.0,20.9,4.8,0.0,0.0,100.0
2024-05-16 19:45:00,0,1006.6,70.5,0.0,20.6,4.8,0.0,0.0,100.0
2024-05-16 20:00:00,0,1006.5,72.2,0.0,20.4,4.9,0.0,0.0,100.0
2024-05-16 20:15:00,0,1006.5,73.5,0.0,20.2,5.0,0.0,0.0,100.0
2024-05-16 20:30:00,0,1006.5,75.1,0.0,19.9,5.0,0.0,0.0,100.0
2024-05-16 20:45:00,0,1006.5,75.8,0.0,19.8,5.1,0.0,0.0,100.0
2024-05-16 21:00:00,0,1006.5,76.6,0.0,19.6,5.2,0.0,0.0,100.0
2024-05-16 21:15:00,0,1006.5,78.2,0.0,19.4,5.2,0.0,0.0,100.0
2024-05-16 21:30:00,0,1006.5,79.4,0.0,19.2,5.3,0.0,0.0,100.0
2024-05-16 21:45:00,0,1006.5,80.1,0.0,19.1,5.3,0.0,0.0,100.0
2024-05-16 22:00:00,0,1006.5,81.0,0.0,19.0,5.4,0.0,0.0,100.0
2024-05-16 22:15:00,0,1006.5,81.8,0.0,18.8,5.4,0.0,0.0,100.0
2024-05-16 22:30:00,0,1006.5,82.4,0.0,18.7,5.4,0.0,0.0,100.0
2024-05-16 22:45:00,0,1006.5,82.9,0.0,18.6,5.4,0.0,0.0,100.0
2024-05-16 23:00:00,0,1006.5,83.2,0.0,18.5,5.4,0.0,0.0,100.0
2024-05-16 23:15:00,0,1006.5,83.4,0.0,18.4,5.5,0.0,0.0,100.0
2024-05-16 23:30:00,0,1006.5,83.6,0.0,18.3,5.5,0.0,0.0,100.0
2024-05-16 23:45:00,0,1006.5,83.8,0.0,18.2,5.6,0.0,0.0,100.0
2024-05-17 00:00:00,0,1006.5,82.9,0.0,17.5,5.9,0.0,0.0,100.0
2024-05-17 00:15:00,0,1006.5,82.9,0.0,17.4,6.0,0.0,0.0,100.0
2024-05-17 00:30:00,0,1006.5,82.8,0.0,17.3,6.0,0.0,0.0,100.0
2024-05-17 00:45:00,0,1006.5,82.6,0.0,17.2,6.0,0.0,0.0,100.0
2024-05-17 01:00:00,0,1006.5,82.3,0.0,17.2,6.0,0.0,0.0,100.0
2024-05-17 01:15:00,0,1006.5,81.9,0.0,17.1,6.1,0.0,0.0,100.0
2024-05-17 01:30:00,0,1006.5,81.4,0.0,17.1,6.1,0.0,0.0,100.0
2024-05-17 01:45:00,0,1006.5,80.8,0.0,17.1,6.1,0.0,0.0,100.0
2024-05-17 02:00:00,0,1006.5,80.1,0.0,17.1,6.1,0.0,0.0,100.0
2024-05-17 02:15:00,0,1006.5,79.6,0.0,17.1,6.2,0.0,0.0,100.0
2024-05-17 02:30:00,0,1006.5,79.5,0.0,17.0,6.2,0.0,0.0,100.0
2024-05-17 02:45:00,0,1006.5,79.3,0.0,17.1,6.2,0.0,0.0,100.0
2024-05-17 03:00:00,0,1006.5,79.1,0.0,17.0,6.2,0.0,0.0,100.0
2024-05-17 03:15:00,0,1006.5,79.2,0.0,17.0,6.2,0.0,0.0,100.0
2024-05-17 03:30:00,0,1006.5,79.5,0.0,16.9,6.3,0.0,0.0,100.0
2024-05-17 03:45:00,0,1006.5,79.8,0.0,16.8,6.3,0.0,0.0,100.0
2024-05-17 04:00:00,0,1006.5,79.9,0.0,16.7,6.3,0.0,0.0,100.0
2024-05-17 04:15:00,0,1006.5,79.9,0.0,16.6,6.3,0.0,0.0,100.0
2024-05-17 04:30:00,0,1006.5,79.8,0.0,16.6,6.3,0.0,0.0,100.0
2024-05-17 04:45:00,0,1006.5,79.7,0.0,16.5,6.3,0.0,0.0,100.0
2024-05-17 05:00:00,0,1006.5,79.5,0.0,16.5,6.3,2.0,0.92,100.0
2024-05-17 05:15:00,18,1006.5,79.3,0.0,16.4,6.3,28.0,3.67,100.0
2024-05-17 05:30:00,41,1006.5,79.0,0.0,16.4,6.3,61.0,5.98,100.0
2024-05-17 05:45:00,64,1006.5,78.6,0.0,16.5,6.3,63.0,5.74,100.0
2024-05-17 06:00:00,88,1006.5,77.9,0.0,16.6,6.3,59.0,7.61,100.0
2024-05-17 06:15:00,113,1006.5,77.0,0.0,16.8,6.3,82.0,10.01,100.0
2024-05-17 06:30:00,139,1006.5,75.8,0.0,17.1,6.3,153.0,19.08,100.0
2024-05-17 06:45:00,166,1006.5,74.8,0.0,17.3,6.4,282.0,28.27,100.0
2024-05-17 07:00:00,196,1006.5,74.1,0.0,17.6,6.3,388.0,41.35,100.0
2024-05-17 07:15:00,227,1006.5,73.4,0.0,17.8,6.3,221.0,28.32,100.0
2024-05-17 07:30:00,262,1006.5,72.6,0.0,18.1,6.3,350.0,26.4,100.0
2024-05-17 07:45:00,298,1006.5,71.7,0.0,18.3,6.3,472.0,51.49,100.0
2024-05-17 08:00:00,336,1006.5,70.9,0.0,18.6,6.3,558.0,57.89,100.0
2024-05-17 08:15:00,376,1006.5,70.5,0.0,18.8,6.3,570.0,67.09,100.0
2024-05-17 08:30:00,416,1006.5,70.2,0.0,19.1,6.4,543.0,71.66,100.0
2024-05-17 08:45:00,457,1006.5,70.0,0.0,19.3,6.5,687.0,83.57,100.0
2024-05-17 09:00:00,496,1006.5,69.9,0.0,19.6,6.5,722.0,83.98,100.0
2024-05-17 09:15:00,533,1006.5,69.9,0.0,19.8,6.6,406.0,55.98,100.0
2024-05-17 09:30:00,567,1006.5,69.8,0.0,19.9,6.7,729.0,73.02,100.0
2024-05-17 09:45:00,598,1006.5,69.6,0.0,20.5,6.8,906.0,100.0,100.0
2024-05-17 10:00:00,625,1006.6,68.7,0.0,20.7,6.8,485.0,58.71,100.0
2024-05-17 10:15:00,648,1006.6,67.9,0.0,20.9,6.9,715.0,74.51,100.0
2024-05-17 10:30:00,668,1006.6,67.8,0.0,21.3,7.0,557.0,93.75,100.0
2024-05-17 10:45:00,685,1006.6,67.2,0.0,21.6,7.0,867.0,100.0,100.0
2024-05-17 11:00:00,698,1006.6,66.4,0.0,21.9,7.1,993.0,99.96,100.0
2024-05-17 11:15:00,708,1006.6,65.2,0.0,22.3,7.1,706.0,56.05,100.0
2024-05-17 11:30:00,715,1006.6,64.7,0.0,22.7,7.1,471.0,47.07,100.0
2024-05-17 11:45:00,720,1006.6,64.0,0.0,22.9,7.2,979.0,100.0,100.0
2024-05-17 12:00:00,721,1006.6,63.7,0.0,23.3,7.2,1009.0,100.0,100.0
2024-05-17 12:15:00,720,1006.6,62.4,0.0,23.6,7.2,964.0,67.09,100.0
2024-05-17 12:30:00,717,1006.6,61.8,0.0,23.9,7.3,460.0,52.88,100.0
2024-05-17 12:45:00,711,1006.6,61.1,0.0,24.1,7.4,202.0,32.64,100.0
2024-05-17 13:00:00,705,1006.6,59.9,0.0,24.3,7.5,200.0,24.02,100.0
2024-05-17 13:15:00,697,1006.6,59.5,0.0,24.4,7.5,418.0,61.95,100.0
2024-05-17 13:30:00,687,1006.6,58.9,0.0,24.6,7.6,170.0,19.55,100.0
2024-05-17 13:45:00,674,1006.6,58.7,0.0,24.7,7.6,259.0,26.32,100.0
2024-05-17 14:00:00,659,1006.6,58.7,0.0,24.7,7.6,291.0,60.82,100.0
2024-05-17 14:15:00,640,1006.6,58.8,0.0,24.8,7.6,845.0,68.07,100.0
2024-05-17 14:30:00,618,1006.6,58.8,0.0,24.8,7.6,701.0,64.87,100.0
2024-05-17 14:45:00,592,1006.6,58.6,0.0,24.8,7.6,700.0,74.07,100.0
2024-05-17 15:00:00,562,1006.6,58.9,0.0,24.8,7.5,673.0,80.58,100.0
2024-05-17 15:15:00,529,1006.6,59.5,0.0,24.9,7.5,640.0,74.94,100.0
2024-05-17 15:30:00,493,1006.6,60.3,0.0,24.9,7.4,598.0,68.71,100.0
2024-05-17 15:45:00,453,1006.6,61.4,0.0,24.9,7.4,555.0,62.59,100.0
2024-05-17 16:00:00,409,1006.6,63.0,0.0,24.8,7.3,510.0,56.51,100.0
2024-05-17 16:15:00,364,1006.6,64.3,0.0,24.7,7.3,463.0,49.19,100.0
2024-05-17 16:30:00,317,1006.6,65.2,0.0,24.6,7.2,415.0,42.64,100.0
2024-05-17 16:45:00,272,1006.6,66.4,0.0,24.5,7.2,353.0,35.32,100.0
2024-05-17 17:00:00,228,1006.6,67.2,0.0,24.3,7.1,308.0,29.66,100.0
2024-05-17 17:15:00,188,1006.6,67.8,0.0,24.0,7.1,252.0,22.87,100.0
2024-05-17 17:30:00,151,1006.6,68.4,0.0,23.9,7.0,202.0,16.92,100.0
2024-05-17 17:45:00,118,1006.6,69.3,0.0,23.7,7.0,140.0,12.02,100.0
2024-05-17 18:00:00,89,1006.6,70.5,0.0,23.6,6.9,100.0,8.85,100.0
2024-05-17 18:15:00,64,1006.6,71.7,0.0,23.3,6.9,66.0,6.15,100.0
2024-05-17 18:30:00,42,1006.6,74.6,0.0,22.9,6.8,40.0,4.24,100.0
2024-05-17 18:45:00,24,1006.6,75.7,0.0,22.4,6.8,17.0,2.1,100.0
2024-05-17 19:00:00,7,1006.6,77.0,0.0,21.9,6.8,4.0,0.89,100.0
2024-05-17 19:15:00,0,1006.6,78.5,0.0,21.6,6.7,0.0,0.0,100.0
2024-05-17 19:30:00,0,1006.6,80.0,0.0,21.3,6.7,0.0,0.0,100.0
2024-05-17 19:45:00,0,1006.6,80.9,0.0,21.0,6.7,0.0,0.0,100.0
2024-05-17 20:00:00,0,1006.6,81.4,0.0,20.7,6.6,0.0,0.0,100.0
2024-05-17 20:15:00,0,1006.6,81.5,0.0,20.5,6.6,0.0,0.0,100.0
2024-05-17 20:30:00,0,1006.6,81.4,0.0,20.3,6.5,0.0,0.0,100.0
2024-05-17 20:45:00,0,1006.6,81.2,0.0,20.1,6.5,0.0,0.0,100.0
2024-05-17 21:00:00,0,1006.6,81.1,0.0,19.9,6.4,0.0,0.0,100.0
2024-05-17 21:15:00,0,1006.6,81.0,0.0,19.7,6.4,0.0,0.0,100.0
2024-05-17 21:30:00,0,1006.6,81.0,0.0,19.5,6.4,0.0,0.0,100.0
2024-05-17 21:45:00,0,1006.6,81.1,0.0,19.4,6.3,0.0,0.0,100.0
2024-05-17 22:00:00,0,1006.6,81.2,0.0,19.2,6.3,0.0,0.0,100.0
2024-05-17 22:15:00,0,1006.6,81.2,0.0,19.1,6.3,0.0,0.0,100.0
2024-05-17 22:30:00,0,1006.6,81.3,0.0,19.0,6.2,0.0,0.0,100.0
2024-05-17 22:45:00,0,1006.6,81.3,0.0,18.9,6.2,0.0,0.0,100.0
2024-05-17 23:00:00,0,1006.6,81.4,0.0,18.8,6.2,0.0,0.0,100.0
2024-05-17 23:15:00,0,1006.6,81.9,0.0,18.7,6.1,0.0,0.0,100.0
2024-05-17 23:30:00,0,1006.6,82.6,0.0,18.6,6.1,0.0,0.0,100.0
2024-05-17 23:45:00,0,1006.5,83.1,0.0,18.5,6.1,0.0,0.0,100.0
2024-05-18 00:00:00,0,1006.5,84.1,0.0,19.8,5.9,0.0,0.0,100.0
2024-05-18 00:15:00,0,1006.5,84.4,0.0,19.7,5.9,0.0,0.0,100.0
2024-05-18 00:30:00,0,1006.5,84.6,0.0,19.6,5.9,0.0,0.0,100.0
2024-05-18 00:45:00,0,1006.5,84.8,0.0,19.6,5.8,0.0,0.0,100.0
2024-05-18 01:00:00,0,1006.5,85.0,0.0,19.5,5.8,0.0,0.0,100.0
2024-05-18 01:15:00,0,1006.5,85.4,0.0,19.4,5.8,0.0,0.0,100.0
2024-05-18 01:30:00,0,1006.5,85.7,0.0,19.4,5.7,0.0,0.0,100.0
2024-05-18 01:45:00,0,1006.5,86.0,0.0,19.3,5.7,0.0,0.0,100.0
2024-05-18 02:00:00,0,1006.5,86.1,0.0,19.3,5.7,0.0,0.0,100.0
2024-05-18 02:15:00,0,1006.5,86.1,0.0,19.3,5.7,0.0,0.0,100.0
2024-05-18 02:30:00,0,1006.5,86.1,0.0,19.2,5.6,0.0,0.0,100.0
2024-05-18 02:45:00,0,1006.5,86.1,0.0,19.2,5.6,0.0,0.0,100.0
2024-05-18 03:00:00,0,1006.5,86.1,0.0,19.1,5.6,0.0,0.0,100.0
2024-05-18 03:15:00,0,1006.5,86.2,0.0,19.1,5.6,0.0,0.0,100.0
2024-05-18 03:30:00,0,1006.5,86.2,0.0,19.1,5.6,0.0,0.0,100.0
2024-05-18 03:45:00,0,1006.5,86.3,0.0,19.0,5.6,0.0,0.0,100.0
2024-05-18 04:00:00,0,1006.5,86.4,0.0,19.0,5.6,0.0,0.0,100.0
2024-05-18 04:15:00,0,1006.5,86.5,0.0,18.9,5.7,0.0,0.0,100.0
2024-05-18 04:30:00,0,1006.5,86.5,0.0,18.9,5.7,0.0,0.0,100.0
2024-05-18 04:45:00,0,1006.5,86.5,0.0,18.9,5.7,0.0,0.0,100.0
2024-05-18 05:00:00,0,1006.5,86.5,0.0,18.8,5.8,0.0,0.0,100.0
2024-05-18 05:15:00,23,1006.5,86.3,0.0,18.8,5.8,17.0,2.21,100.0
2024-05-18 05:30:00,52,1006.5,85.8,0.0,18.9,5.8,34.0,3.87,100.0
2024-05-18 05:45:00,82,1006.5,85.0,0.0,19.0,5.9,62.0,6.47,100.0
2024-05-18 06:00:00,111,1006.5,83.9,0.0,19.2,5.9,90.0,8.91,100.0
2024-05-18 06:15:00,142,1006.5,82.5,0.0,19.4,6.0,131.0,12.88,100.0
2024-05-18 06:30:00,173,1006.6,80.9,0.0,19.7,6.0,175.0,16.79,100.0
2024-05-18 06:45:00,206,1006.6,79.7,0.0,19.9,6.1,229.0,22.83,100.0
2024-05-18 07:00:00,241,1006.6,78.6,0.0,20.2,6.1,269.0,27.65,100.0
2024-05-18 07:15:00,279,1006.6,77.5,0.0,20.5,6.2,315.0,33.39,100.0
2024-05-18 07:30:00,319,1006.6,76.5,0.0,20.8,6.2,365.0,40.46,100.0
2024-05-18 07:45:00,361,1006.6,75.2,0.0,21.0,6.3,423.0,47.16,100.0
2024-05-18 08:00:00,404,1006.6,73.8,0.0,21.3,6.4,475.0,54.05,100.0
2024-05-18 08:15:00,449,1006.6,72.5,0.0,21.6,6.4,523.0,61.48,100.0
2024-05-18 08:30:00,494,1006.6,71.6,0.0,21.8,6.5,534.0,64.31,100.0
2024-05-18 08:45:00,538,1006.6,71.0,0.0,22.0,6.6,586.0,70.9,100.0
2024-05-18 09:00:00,581,1006.6,70.3,0.0,22.3,6.6,649.0,79.5,100.0
2024-05-18 09:15:00,620,1006.6,69.7,0.0,22.6,6.7,700.0,86.13,100.0
2024-05-18 09:30:00,656,1006.6,68.9,0.0,22.8,6.7,740.0,90.49,100.0
2024-05-18 09:45:00,686,1006.6,67.8,0.0,23.1,6.8,776.0,94.91,100.0
2024-05-18 10:00:00,712,1006.6,66.8,0.0,23.4,6.9,807.0,98.34,100.0
2024-05-18 10:15:00,734,1006.6,66.3,0.0,23.6,6.9,855.0,99.38,100.0
2024-05-18 10:30:00,751,1006.6,65.8,0.0,23.9,7.0,878.0,99.38,100.0
2024-05-18 10:45:00,763,1006.6,65.3,0.0,24.1,7.0,903.0,99.38,100.0
2024-05-18 11:00:00,772,1006.7,64.8,0.0,24.3,7.1,919.0,99.38,100.0
2024-05-18 11:15:00,776,1006.7,64.2,0.0,24.5,7.1,928.0,99.38,100.0
2024-05-18 11:30:00,776,1006.7,63.5,0.0,24.7,7.2,931.0,99.38,100.0
2024-05-18 11:45:00,773,1006.7,63.2,0.0,24.8,7.2,920.0,99.38,100.0
2024-05-18 12:00:00,767,1006.7,62.7,0.0,25.0,7.2,907.0,99.38,100.0
2024-05-18 12:15:00,758,1006.7,62.5,0.0,25.1,7.3,923.0,99.38,100.0
2024-05-18 12:30:00,747,1006.7,62.6,0.0,25.3,7.3,925.0,99.38,100.0
2024-05-18 12:45:00,734,1006.7,62.8,0.0,25.4,7.4,901.0,99.38,100.0
2024-05-18 13:00:00,718,1006.7,62.8,0.0,25.5,7.4,899.0,99.38,100.0
2024-05-18 13:15:00,699,1006.7,62.7,0.0,25.5,7.4,875.0,90.53,100.0
2024-05-18 13:30:00,678,1006.7,62.6,0.0,25.6,7.4,880.0,99.94,100.0
2024-05-18 13:45:00,655,1006.7,62.5,0.0,25.6,7.5,790.0,95.17,100.0
2024-05-18 14:00:00,629,1006.7,62.3,0.0,25.5,7.5,787.0,95.39,100.0
2024-05-18 14:15:00,601,1006.7,62.3,0.0,25.5,7.5,787.0,93.91,100.0
2024-05-18 14:30:00,571,1006.7,62.3,0.0,25.5,7.5,753.0,88.4,100.0
2024-05-18 14:45:00,539,1006.7,62.4,0.0,25.4,7.4,707.0,83.89,100.0
2024-05-18 15:00:00,506,1006.7,62.6,0.0,25.3,7.4,666.0,77.55,100.0
2024-05-18 15:15:00,471,1006.7,62.9,0.0,25.2,7.4,611.0,70.42,100.0
2024-05-18 15:30:00,435,1006.7,63.4,0.0,25.1,7.4,546.0,62.97,100.0
2024-05-18 15:45:00,397,1006.7,63.8,0.0,25.0,7.4,446.0,57.09,100.0
2024-05-18 16:00:00,359,1006.7,64.3,0.0,24.8,7.4,544.0,56.07,100.0
2024-05-18 16:15:00,319,1006.7,64.8,0.0,24.6,7.4,444.0,45.51,100.0
2024-05-18 16:30:00,280,1006.6,65.4,0.0,24.3,7.4,364.0,37.36,100.0
2024-05-18 16:45:00,242,1006.6,66.2,0.0,24.1,7.3,301.0,25.32,100.0
2024-05-18 17:00:00,205,1006.6,67.2,0.0,23.8,7.3,271.0,17.66,100.0
2024-05-18 17:15:00,171,1006.6,69.5,0.2,23.5,7.3,139.0,14.41,100.0
2024-05-18 17:30:00,140,1006.6,69.3,0.0,23.6,7.3,149.0,12.01,100.0
2024-05-18 17:45:00,111,1006.6,70.1,0.0,23.1,7.3,96.0,10.48,100.0
2024-05-18 18:00:00,86,1006.6,70.7,0.0,22.7,7.3,86.0,9.01,100.0
2024-05-18 18:15:00,63,1006.6,71.6,0.0,22.3,7.3,59.0,6.29,100.0
2024-05-18 18:30:00,43,1006.6,72.8,0.0,22.0,7.3,41.0,4.39,100.0
2024-05-18 18:45:00,25,1006.6,74.1,0.0,21.7,7.3,13.0,1.69,100.0
2024-05-18 19:00:00,8,1006.6,75.2,0.0,21.4,7.2,1.0,0.55,100.0
2024-05-18 19:15:00,0,1006.6,76.3,0.0,21.1,7.2,0.0,0.0,100.0
2024-05-18 19:30:00,0,1006.6,77.2,0.0,20.9,7.2,0.0,0.0,100.0
2024-05-18 19:45:00,0,1006.6,77.9,0.0,20.6,7.2,0.0,0.0,100.0
2024-05-18 20:00:00,0,1006.6,78.4,0.0,20.4,7.2,0.0,0.0,100.0
2024-05-18 20:15:00,0,1006.6,78.9,0.0,20.3,7.3,0.0,0.0,100.0
2024-05-18 20:30:00,0,1006.6,79.4,0.0,20.1,7.3,0.0,0.0,100.0
2024-05-18 20:45:00,0,1006.6,80.0,0.0,19.9,7.3,0.0,0.0,100.0
2024-05-18 21:00:00,0,1006.6,80.5,0.0,19.8,7.4,0.0,0.0,100.0
2024-05-18 21:15:00,0,1006.6,81.0,0.0,19.6,7.4,0.0,0.0,100.0
2024-05-18 21:30:00,0,1006.6,81.6,0.0,19.4,7.4,0.0,0.0,100.0
2024-05-18 21:45:00,0,1006.6,82.3,0.0,19.3,7.4,0.0,0.0,100.0
2024-05-18 22:00:00,0,1006.6,83.0,0.0,19.2,7.4,0.0,0.0,100.0
2024-05-18 22:15:00,0,1006.6,83.7,0.0,19.0,7.4,0.0,0.0,100.0
2024-05-18 22:30:00,0,1006.6,84.3,0.0,18.9,7.4,0.0,0.0,100.0
2024-05-18 22:45:00,0,1006.6,84.8,0.0,18.8,7.4,0.0,0.0,100.0
2024-05-18 23:00:00,0,1006.6,85.4,0.0,18.7,7.4,0.0,0.0,100.0
2024-05-18 23:15:00,0,1006.6,86.0,0.0,18.6,7.4,0.0,0.0,100.0
2024-05-18 23:30:00,0,1006.6,86.4,0.0,18.5,7.4,0.0,0.0,100.0
2024-05-18 23:45:00,0,1006.6,86.8,0.0,18.4,7.4,0.0,0.0,100.0
2024-05-19 00:00:00,0,1006.6,81.5,0.0,19.6,7.4,0.0,0.0,100.0
2024-05-19 00:15:00,0,1006.6,81.7,0.0,19.6,7.4,0.0,0.0,100.0
2024-05-19 00:30:00,0,1006.6,82.0,0.0,19.5,7.4,0.0,0.0,100.0
2024-05-19 00:45:00,0,1006.6,82.5,0.0,19.4,7.4,0.0,0.0,100.0
2024-05-19 01:00:00,0,1006.6,82.9,0.0,19.3,7.3,0.0,0.0,100.0
2024-05-19 01:15:00,0,1006.6,83.5,0.1,19.2,7.3,0.0,0.0,100.0
2024-05-19 01:30:00,0,1006.6,83.9,0.1,19.1,7.3,0.0,0.0,100.0
2024-05-19 01:45:00,0,1006.5,84.3,0.1,19.1,7.3,0.0,0.0,100.0
2024-05-19 02:00:00,0,1006.5,84.6,0.0,19.0,7.3,0.0,0.0,100.0
2024-05-19 02:15:00,0,1006.5,84.9,0.1,18.9,7.2,0.0,0.0,100.0
2024-05-19 02:30:00,0,1006.5,85.3,0.0,18.9,7.2,0.0,0.0,100.0
2024-05-19 02:45:00,0,1006.5,85.7,0.0,18.8,7.2,0.0,0.0,100.0
2024-05-19 03:00:00,0,1006.5,86.2,0.0,18.8,7.2,0.0,0.0,100.0
2024-05-19 03:15:00,0,1006.5,86.4,0.0,18.7,7.2,0.0,0.0,100.0
2024-05-19 03:30:00,0,1006.5,86.6,0.0,18.7,7.2,0.0,0.0,100.0
2024-05-19 03:45:00,0,1006.5,87.0,0.0,18.7,7.2,0.0,0.0,100.0
2024-05-19 04:00:00,0,1006.5,87.3,0.0,18.6,7.2,0.0,0.0,100.0
2024-05-19 04:15:00,0,1006.5,87.8,0.0,18.6,7.2,0.0,0.0,100.0
2024-05-19 04:30:00,0,1006.5,88.4,0.0,18.5,7.3,0.0,0.0,100.0
2024-05-19 04:45:00,0,1006.5,89.0,0.0,18.5,7.3,0.0,0.0,100.0
2024-05-19 05:00:00,1,1006.5,89.6,0.0,18.4,7.3,2.0,0.52,100.0
2024-05-19 05:15:00,21,1006.5,90.0,0.0,18.4,7.4,16.0,1.97,100.0
2024-05-19 05:30:00,45,1006.5,90.1,0.0,18.4,7.4,34.0,3.48,100.0
2024-05-19 05:45:00,69,1006.5,90.0,0.0,18.5,7.5,37.0,5.25,100.0
2024-05-19 06:00:00,94,1006.5,89.7,0.0,18.6,7.5,74.0,6.75,100.0
2024-05-19 06:15:00,120,1006.5,89.1,0.0,18.7,7.6,107.0,10.24,100.0
2024-05-19 06:30:00,147,1006.6,88.6,0.0,18.9,7.6,142.0,16.01,100.0
2024-05-19 06:45:00,174,1006.6,88.1,0.0,19.0,7.7,126.0,14.24,100.0
2024-05-19 07:00:00,204,1006.6,87.6,0.0,19.2,7.7,123.0,14.16,100.0
2024-05-19 07:15:00,236,1006.6,86.7,0.0,19.4,7.8,203.0,21.81,100.0
2024-05-19 07:30:00,269,1006.6,85.7,0.0,19.7,7.8,273.0,35.11,100.0
2024-05-19 07:45:00,305,1006.6,84.8,0.0,20.0,7.8,294.0,29.6,100.0
2024-05-19 08:00:00,342,1006.6,84.0,0.0,20.2,7.9,485.0,33.78,100.0
2024-05-19 08:15:00,380,1006.6,83.2,0.0,20.5,7.9,277.0,50.29,100.0
2024-05-19 08:30:00,418,1006.6,82.3,0.0,20.8,8.0,538.0,32.99,100.0
2024-05-19 08:45:00,457,1006.6,81.2,0.0,21.2,8.0,299.0,43.45,100.0
2024-05-19 09:00:00,495,1006.6,79.8,0.0,21.5,8.0,490.0,31.57,100.0
2024-05-19 09:15:00,530,1006.6,78.5,0.0,21.8,8.0,229.0,32.4,100.0
2024-05-19 09:30:00,564,1006.6,77.2,0.0,22.1,8.0,273.0,36.27,100.0
2024-05-19 09:45:00,594,1006.6,75.7,0.0,22.4,8.0,440.0,70.61,100.0
2024-05-19 10:00:00,622,1006.6,74.4,0.0,22.6,8.0,438.0,52.71,100.0
2024-05-19 10:15:00,648,1006.6,73.5,0.0,22.9,8.0,313.0,42.59,100.0
2024-05-19 10:30:00,672,1006.6,72.7,0.0,23.1,8.0,858.0,55.79,100.0
2024-05-19 10:45:00,693,1006.6,72.0,0.0,23.4,8.0,902.0,78.35,100.0
2024-05-19 11:00:00,712,1006.6,71.5,0.0,23.6,8.0,873.0,100.0,100.0
2024-05-19 11:15:00,726,1006.6,70.9,0.0,23.9,7.9,907.0,100.0,100.0
2024-05-19 11:30:00,737,1006.6,70.4,0.0,24.0,7.9,908.0,100.0,100.0
2024-05-19 11:45:00,744,1006.6,69.9,0.0,24.3,7.9,918.0,100.0,100.0
2024-05-19 12:00:00,746,1006.6,68.7,0.0,24.5,7.9,872.0,100.0,100.0
2024-05-19 12:15:00,743,1006.6,67.6,0.0,24.6,7.8,910.0,100.0,100.0
2024-05-19 12:30:00,735,1006.6,67.3,0.0,24.7,7.8,930.0,100.0,100.0
2024-05-19 12:45:00,722,1006.7,67.3,0.0,24.8,7.8,921.0,97.83,100.0
2024-05-19 13:00:00,704,1006.7,67.1,0.0,25.0,7.8,510.0,57.94,100.0
2024-05-19 13:15:00,682,1006.7,66.6,0.0,25.1,7.8,665.0,57.69,100.0
2024-05-19 13:30:00,656,1006.7,66.1,0.0,25.1,7.8,917.0,72.67,100.0
2024-05-19 13:45:00,626,1006.7,66.1,0.0,25.1,7.7,774.0,82.34,100.0
2024-05-19 14:00:00,593,1006.7,66.3,0.0,25.1,7.7,771.0,94.62,100.0
2024-05-19 14:15:00,557,1006.7,66.0,0.0,25.1,7.7,707.0,79.44,100.0
2024-05-19 14:30:00,520,1006.7,65.8,0.0,25.1,7.7,778.0,94.01,100.0
2024-05-19 14:45:00,482,1006.7,65.9,0.0,25.2,7.6,552.0,75.81,100.0
2024-05-19 15:00:00,442,1006.7,65.5,0.0,25.1,7.6,480.0,50.79,100.0
2024-05-19 15:15:00,403,1006.7,65.3,0.0,25.0,7.6,145.0,12.31,100.0
2024-05-19 15:30:00,364,1006.7,65.2,0.0,24.9,7.5,80.0,8.17,100.0
2024-05-19 15:45:00,326,1006.6,65.7,0.0,24.7,7.5,24.0,3.1,100.0
2024-05-19 16:00:00,286,1006.6,66.1,0.0,24.6,7.5,3.0,0.62,100.0
2024-05-19 16:15:00,246,1006.6,66.4,0.0,24.4,7.4,1.0,0.15,100.0
2024-05-19 16:30:00,208,1006.6,66.6,0.0,24.2,7.4,0.0,0.2,100.0
2024-05-19 16:45:00,171,1006.6,67.1,0.0,24.0,7.4,5.0,1.36,100.0
2024-05-19 17:00:00,138,1006.6,68.0,0.0,23.8,7.4,25.0,5.05,100.0
2024-05-19 17:15:00,107,1006.6,69.4,0.0,23.5,7.4,70.0,9.95,100.0
2024-05-19 17:30:00,81,1006.6,70.8,0.0,23.2,7.4,77.0,10.65,100.0
2024-05-19 17:45:00,59,1006.6,72.2,0.0,22.9,7.3,63.0,6.93,100.0
2024-05-19 18:00:00,41,1006.6,73.0,0.0,22.5,7.3,92.0,8.55,100.0
2024-05-19 18:15:00,27,1006.6,73.9,0.0,22.2,7.3,57.0,5.69,100.0
2024-05-19 18:30:00,17,1006.6,75.0,0.0,21.9,7.2,23.0,2.79,100.0
2024-05-19 18:45:00,9,1006.6,76.2,0.0,21.6,7.2,18.0,2.12,100.0
2024-05-19 19:00:00,3,1006.6,77.4,0.0,21.3,7.1,9.0,1.36,100.0
2024-05-19 19:15:00,0,1006.6,78.3,0.0,21.1,7.1,0.0,0.0,100.0
2024-05-19 19:30:00,0,1006.6,79.1,0.0,20.9,7.1,0.0,0.0,100.0
2024-05-19 19:45:00,0,1006.6,79.9,0.0,20.7,7.0,0.0,0.0,100.0
2024-05-19 20:00:00,0,1006.6,80.6,0.0,20.5,6.9,0.0,0.0,100.0
2024-05-19 20:15:00,0,1006.6,81.2,0.0,20.2,6.8,0.0,0.0,100.0
2024-05-19 20:30:00,0,1006.6,81.9,0.0,20.1,6.7,0.0,0.0,100.0
2024-05-19 20:45:00,0,1006.6,82.4,0.0,19.9,6.6,0.0,0.0,100.0
2024-05-19 21:00:00,0,1006.6,82.9,0.0,19.7,6.4,0.0,0.0,100.0
2024-05-19 21:15:00,0,1006.6,83.4,0.0,19.6,6.2,0.0,0.0,100.0
2024-05-19 21:30:00,0,1006.6,83.7,0.0,19.5,6.0,0.0,0.0,100.0
2024-05-19 21:45:00,0,1006.6,84.0,0.0,19.3,5.8,0.0,0.0,100.0
2024-05-19 22:00:00,0,1006.6,84.4,0.0,19.2,5.6,0.0,0.0,100.0
2024-05-19 22:15:00,0,1006.6,84.8,0.0,19.1,5.4,0.0,0.0,100.0
2024-05-19 22:30:00,0,1006.6,85.3,0.0,19.0,5.2,0.0,0.0,100.0
2024-05-19 22:45:00,0,1006.6,85.7,0.0,18.8,5.0,0.0,0.0,100.0
2024-05-19 23:00:00,0,1006.6,86.2,0.0,18.7,4.8,0.0,0.0,100.0
2024-05-19 23:15:00,0,1006.6,86.8,0.0,18.6,4.6,0.0,0.0,100.0
2024-05-19 23:30:00,0,1006.6,87.2,0.0,18.6,4.4,0.0,0.0,100.0
2024-05-19 23:45:00,0,1006.6,87.5,0.0,18.7,4.2,0.0,0.0,100.0
2024-05-20 00:00:00,0,1006.6,84.8,0.0,19.2,4.8,0.0,0.0,100.0
2024-05-20 00:15:00,0,1006.6,90.1,0.0,18.9,4.7,0.0,0.0,100.0
2024-05-20 00:30:00,0,1006.6,92.9,0.0,18.7,4.7,0.0,0.0,100.0
2024-05-20 00:45:00,0,1006.6,93.5,0.0,18.6,4.7,0.0,0.0,100.0
2024-05-20 01:00:00,0,1006.6,94.5,0.0,18.4,4.7,0.0,0.0,100.0
2024-05-20 01:15:00,0,1006.6,94.9,0.0,18.2,4.7,0.0,0.0,100.0
2024-05-20 01:30:00,0,1006.6,94.8,0.0,18.1,4.7,0.0,0.0,100.0
2024-05-20 01:45:00,0,1006.6,94.4,0.0,18.0,4.7,0.0,0.0,100.0
2024-05-20 02:00:00,0,1006.6,94.5,0.0,18.0,4.8,0.0,0.0,100.0
2024-05-20 02:15:00,0,1006.6,94.4,0.0,18.0,5.0,0.0,0.0,100.0
2024-05-20 02:30:00,0,1006.6,94.6,0.0,18.0,5.0,0.0,0.0,100.0
2024-05-20 02:45:00,0,1006.6,94.4,0.0,17.9,5.0,0.0,0.0,100.0
2024-05-20 03:00:00,0,1006.6,94.2,0.0,17.8,5.0,0.0,0.0,100.0
2024-05-20 03:15:00,0,1006.6,94.4,0.0,17.7,5.0,0.0,0.0,100.0
2024-05-20 03:30:00,0,1006.6,95.2,0.0,17.8,5.0,0.0,0.0,100.0
2024-05-20 03:45:00,0,1006.6,95.2,0.0,17.8,5.0,0.0,0.0,100.0
2024-05-20 04:00:00,0,1006.6,95.2,0.0,17.7,4.9,0.0,0.0,100.0
2024-05-20 04:15:00,0,1006.6,95.2,0.2,17.6,4.8,0.0,0.0,100.0
2024-05-20 04:30:00,0,1006.6,95.8,0.2,17.5,4.8,0.0,0.0,100.0
2024-05-20 04:45:00,0,1006.6,96.1,0.0,17.4,4.8,0.0,0.0,100.0
2024-05-20 05:00:00,1,1006.6,96.2,0.0,17.5,4.9,0.0,0.01,100.0
2024-05-20 05:15:00,11,1006.6,95.7,0.0,17.4,4.9,1.0,0.37,100.0
2024-05-20 05:30:00,23,1006.6,95.2,0.0,17.5,4.9,5.0,0.75,100.0
2024-05-20 05:45:00,35,1006.6,95.3,0.0,17.5,4.9,8.0,1.44,100.0
2024-05-20 06:00:00,49,1006.6,95.2,0.0,17.5,4.8,28.0,2.85,100.0
2024-05-20 06:15:00,63,1006.6,94.8,0.0,17.5,4.8,50.0,4.84,100.0
2024-05-20 06:30:00,80,1006.6,94.5,0.0,17.7,4.7,75.0,6.41,100.0
2024-05-20 06:45:00,100,1006.6,94.4,0.0,17.8,4.7,49.0,7.72,100.0
2024-05-20 07:00:00,126,1006.6,94.1,0.0,18.0,4.7,78.0,6.51,100.0
2024-05-20 07:15:00,157,1006.6,93.5,0.0,18.1,4.8,137.0,8.51,100.0
2024-05-20 07:30:00,193,1006.6,93.1,0.0,18.1,4.8,179.0,19.83,100.0
2024-05-20 07:45:00,236,1006.6,92.9,0.0,18.3,4.8,124.0,19.13,100.0
2024-05-20 08:00:00,283,1006.6,92.2,0.0,18.4,4.9,339.0,32.58,100.0
2024-05-20 08:15:00,334,1006.6,90.9,0.0,18.6,5.0,296.0,29.49,100.0
2024-05-20 08:30:00,387,1006.6,89.3,0.0,18.9,5.2,333.0,37.65,100.0
2024-05-20 08:45:00,443,1006.6,88.0,0.0,19.1,5.3,246.0,39.28,100.0
2024-05-20 09:00:00,498,1006.6,88.6,0.0,19.1,5.4,391.0,54.31,100.0
2024-05-20 09:15:00,551,1006.6,88.8,0.0,19.1,5.5,699.0,62.18,100.0
2024-05-20 09:30:00,600,1006.6,89.4,0.0,19.0,5.6,570.0,69.36,100.0
2024-05-20 09:45:00,642,1006.6,90.2,0.0,18.8,5.8,400.0,56.23,100.0
2024-05-20 10:00:00,681,1006.6,89.4,0.0,18.7,5.9,509.0,87.68,100.0
2024-05-20 10:15:00,715,1006.6,88.7,0.0,18.6,6.0,573.0,90.55,100.0
2024-05-20 10:30:00,745,1006.6,89.1,0.0,18.6,6.1,622.0,82.16,100.0
2024-05-20 10:45:00,771,1006.6,89.4,0.0,18.4,6.2,788.0,84.71,100.0
2024-05-20 11:00:00,792,1006.6,90.3,0.0,18.2,6.3,736.0,86.76,100.0
2024-05-20 11:15:00,809,1006.6,90.6,0.0,18.0,6.3,650.0,63.99,100.0
2024-05-20 11:30:00,821,1006.6,90.2,0.0,18.0,6.4,694.0,67.54,100.0
2024-05-20 11:45:00,830,1006.6,89.8,0.0,17.9,6.5,777.0,76.08,100.0
2024-05-20 12:00:00,834,1006.6,89.5,0.0,18.0,6.7,767.0,80.51,100.0
2024-05-20 12:15:00,835,1006.6,89.3,0.0,18.0,6.8,838.0,75.39,100.0
2024-05-20 12:30:00,832,1006.6,89.0,0.0,18.0,6.8,912.0,82.73,100.0
2024-05-20 12:45:00,826,1006.6,89.1,0.0,18.0,6.9,687.0,69.75,100.0
2024-05-20 13:00:00,817,1006.6,89.2,0.0,18.0,6.9,904.0,74.77,100.0
2024-05-20 13:15:00,804,1006.6,88.9,0.0,18.0,7.0,565.0,71.28,100.0
2024-05-20 13:30:00,788,1006.6,88.8,0.0,18.0,7.0,937.0,72.77,100.0
2024-05-20 13:45:00,768,1006.6,89.3,0.0,17.9,7.0,969.0,72.49,100.0
2024-05-20 14:00:00,745,1006.6,89.5,0.0,17.9,7.0,864.0,79.9,100.0
2024-05-20 14:15:00,718,1006.6,88.7,0.0,17.9,6.9,900.0,94.55,100.0
2024-05-20 14:30:00,687,1006.6,88.8,0.0,17.9,6.9,770.0,96.01,100.0
2024-05-20 14:45:00,653,1006.6,88.9,0.0,17.8,6.8,816.0,79.24,100.0
2024-05-20 15:00:00,616,1006.6,88.8,0.0,17.8,6.8,840.0,74.12,100.0
2024-05-20 15:15:00,576,1006.6,88.5,0.0,17.8,6.7,727.0,68.81,100.0
2024-05-20 15:30:00,534,1006.6,88.5,0.0,17.8,6.6,669.0,73.64,100.0
2024-05-20 15:45:00,489,1006.6,88.3,0.0,17.8,6.6,601.0,68.81,100.0
2024-05-20 16:00:00,441,1006.6,88.1,0.0,17.8,6.5,557.0,62.83,100.0
2024-05-20 16:15:00,391,1006.6,88.1,0.0,17.8,6.4,508.0,55.36,100.0
2024-05-20 16:30:00,341,1006.6,87.5,0.0,17.8,6.3,462.0,48.1,100.0
2024-05-20 16:45:00,292,1006.6,86.7,0.0,17.8,6.2,402.0,39.87,100.0
2024-05-20 17:00:00,245,1006.6,86.1,0.0,17.8,6.1,349.0,33.49,100.0
2024-05-20 17:15:00,201,1006.6,85.0,0.0,17.9,5.9,278.0,24.97,100.0
2024-05-20 17:30:00,162,1006.6,84.3,0.0,17.9,5.8,233.0,19.69,100.0
2024-05-20 17:45:00,127,1006.6,84.1,0.0,18.0,5.7,188.0,14.49,100.0
2024-05-20 18:00:00,96,1006.6,83.3,0.0,18.0,5.5,137.0,10.73,100.0
2024-05-20 18:15:00,70,1006.6,82.7,0.0,18.2,5.4,91.0,8.84,100.0
2024-05-20 18:30:00,47,1006.6,82.9,0.0,18.2,5.2,54.0,5.71,100.0
2024-05-20 18:45:00,28,1006.6,83.4,0.0,18.2,5.1,22.0,3.8,100.0
2024-05-20 19:00:00,10,1006.6,83.9,0.0,18.2,4.9,6.0,2.23,100.0
2024-05-20 19:15:00,0,1006.6,84.1,0.0,18.3,4.7,0.0,0.0,100.0
2024-05-20 19:30:00,0,1006.6,84.2,0.0,18.2,4.5,0.0,0.0,100.0
2024-05-20 19:45:00,0,1006.6,84.1,0.0,18.3,4.4,0.0,0.0,100.0
2024-05-20 20:00:00,0,1006.6,84.2,0.0,18.4,4.2,0.0,0.0,100.0
2024-05-20 20:15:00,0,1006.6,84.6,0.0,18.4,4.0,0.0,0.0,100.0
2024-05-20 20:30:00,0,1006.6,85.0,0.0,18.3,3.8,0.0,0.0,100.0
2024-05-20 20:45:00,0,1006.6,85.4,0.0,18.2,3.6,0.0,0.0,100.0
2024-05-20 21:00:00,0,1006.6,86.0,0.0,18.2,3.5,0.0,0.0,100.0
2024-05-20 21:15:00,0,1006.6,86.1,0.0,18.1,3.3,0.0,0.0,100.0
2024-05-20 21:30:00,0,1006.6,85.8,0.0,18.1,3.1,0.0,0.0,100.0
2024-05-20 21:45:00,0,1006.6,85.7,0.0,18.2,3.0,0.0,0.0,100.0
2024-05-20 22:00:00,0,1006.6,85.9,0.0,18.2,2.8,0.0,0.0,100.0
2024-05-20 22:15:00,0,1006.6,86.3,0.0,18.2,2.7,0.0,0.0,100.0
2024-05-20 22:30:00,0,1006.6,86.9,0.0,18.3,2.6,0.0,0.0,100.0
2024-05-20 22:45:00,0,1006.6,87.3,0.0,18.3,2.5,0.0,0.0,100.0
2024-05-20 23:00:00,0,1006.6,87.7,0.0,18.4,2.4,0.0,0.0,100.0
2024-05-20 23:15:00,0,1006.6,88.0,0.0,18.4,2.3,0.0,0.0,100.0
2024-05-20 23:30:00,0,1006.6,88.6,0.0,18.4,2.2,0.0,0.0,100.0
2024-05-20 23:45:00,0,1006.6,89.1,0.0,18.4,2.1,0.0,0.0,100.0
2024-05-21 00:00:00,0,1006.6,88.8,0.0,17.3,2.4,0.0,0.0,100.0
2024-05-21 00:15:00,0,1006.6,90.1,0.0,17.3,2.3,0.0,0.0,100.0
2024-05-21 00:30:00,0,1006.6,91.2,0.0,17.3,2.3,0.0,0.0,100.0
2024-05-21 00:45:00,0,1006.6,91.9,0.0,17.4,2.2,0.0,0.0,100.0
2024-05-21 01:00:00,0,1006.6,92.5,0.0,17.4,2.2,0.0,0.0,100.0
2024-05-21 01:15:00,0,1006.6,93.0,0.0,17.4,2.2,0.0,0.0,100.0
2024-05-21 01:30:00,0,1006.6,93.6,0.0,17.3,2.1,0.0,0.0,100.0
2024-05-21 01:45:00,0,1006.6,93.8,0.0,17.3,2.1,0.0,0.0,100.0
2024-05-21 02:00:00,0,1006.6,93.9,0.0,17.3,2.2,0.0,0.0,100.0
2024-05-21 02:15:00,0,1006.6,94.0,0.0,17.3,2.2,0.0,0.0,100.0
2024-05-21 02:30:00,0,1006.6,94.3,0.0,17.2,2.2,0.0,0.0,100.0
2024-05-21 02:45:00,0,1006.6,94.7,0.0,17.2,2.3,0.0,0.0,100.0
2024-05-21 03:00:00,0,1006.6,95.1,0.0,17.3,2.4,0.0,0.0,100.0
2024-05-21 03:15:00,0,1006.6,95.1,0.0,17.3,2.5,0.0,0.0,100.0
2024-05-21 03:30:00,0,1006.6,95.1,0.0,17.4,2.6,0.0,0.0,100.0
2024-05-21 03:45:00,0,1006.6,95.1,0.0,17.4,2.7,0.0,0.0,100.0
2024-05-21 04:00:00,0,1006.6,95.2,0.0,17.3,2.8,0.0,0.0,100.0
2024-05-21 04:15:00,0,1006.6,95.6,0.0,17.3,2.9,0.0,0.0,100.0
2024-05-21 04:30:00,0,1006.6,96.2,0.0,17.3,3.0,0.0,0.0,100.0
2024-05-21 04:45:00,0,1006.6,96.5,0.0,17.2,3.2,0.0,0.0,100.0
2024-05-21 05:00:00,1,1006.6,96.7,0.0,17.1,3.3,7.0,0.76,100.0
2024-05-21 05:15:00,14,1006.6,97.0,0.0,17.1,3.4,22.0,1.83,100.0
2024-05-21 05:30:00,29,1006.6,96.9,0.0,17.2,3.5,31.0,2.44,100.0
2024-05-21 05:45:00,44,1006.6,96.7,0.0,17.3,3.6,52.0,3.25,100.0
2024-05-21 06:00:00,60,1006.6,96.3,0.0,17.4,3.7,56.0,4.59,100.0
2024-05-21 06:15:00,78,1006.6,95.8,0.0,17.6,3.8,39.0,4.55,100.0
2024-05-21 06:30:00,97,1006.6,95.0,0.0,17.7,3.9,63.0,6.84,100.0
2024-05-21 06:45:00,120,1006.6,94.3,0.0,17.9,3.9,73.0,7.26,100.0
2024-05-21 07:00:00,146,1006.6,93.3,0.0,18.1,4.0,73.0,8.46,100.0
2024-05-21 07:15:00,178,1006.6,92.8,0.0,18.2,4.1,124.0,13.58,100.0
2024-05-21 07:30:00,215,1006.6,92.3,0.0,18.3,4.1,128.0,16.53,100.0
2024-05-21 07:45:00,256,1006.6,91.3,0.0,18.5,4.2,153.0,18.07,100.0
2024-05-21 08:00:00,302,1006.6,90.1,0.0,18.7,4.2,162.0,18.15,100.0
2024-05-21 08:15:00,351,1006.6,88.8,0.0,19.0,4.2,181.0,19.34,100.0
2024-05-21 08:30:00,403,1006.6,87.4,0.0,19.2,4.3,211.0,23.21,100.0
2024-05-21 08:45:00,455,1006.6,86.0,0.0,19.5,4.3,243.0,29.11,100.0
2024-05-21 09:00:00,508,1006.6,84.7,0.0,19.7,4.3,395.0,36.95,100.0
2024-05-21 09:15:00,558,1006.6,83.7,0.0,19.9,4.3,408.0,37.75,100.0
2024-05-21 09:30:00,605,1006.6,82.9,0.0,20.2,4.2,281.0,31.74,100.0
2024-05-21 09:45:00,646,1006.6,82.0,0.0,20.4,4.2,392.0,33.7,100.0
2024-05-21 10:00:00,683,1006.7,80.9,0.0,20.7,4.2,347.0,36.06,100.0
2024-05-21 10:15:00,716,1006.7,79.0,0.0,20.9,4.1,1048.0,50.07,100.0
2024-05-21 10:30:00,746,1006.7,77.1,0.0,21.1,4.1,944.0,56.04,100.0
2024-05-21 10:45:00,771,1006.7,76.2,0.0,21.3,4.1,954.0,64.72,100.0
2024-05-21 11:00:00,792,1006.7,75.3,0.0,21.4,4.1,972.0,68.63,100.0
2024-05-21 11:15:00,809,1006.7,74.6,0.0,21.6,4.1,996.0,67.45,100.0
2024-05-21 11:30:00,822,1006.7,73.7,0.0,21.8,4.1,976.0,74.13,100.0
2024-05-21 11:45:00,831,1006.7,72.3,0.0,22.0,4.0,979.0,67.63,100.0
2024-05-21 12:00:00,836,1006.7,70.9,0.0,22.2,4.0,987.0,79.83,100.0
2024-05-21 12:15:00,837,1006.7,70.4,0.0,22.4,4.0,983.0,83.3,100.0
2024-05-21 12:30:00,834,1006.7,70.0,0.0,22.6,4.0,966.0,90.48,100.0
2024-05-21 12:45:00,828,1006.7,69.5,0.0,22.8,4.0,968.0,99.21,100.0
2024-05-21 13:00:00,819,1006.7,69.0,0.0,23.0,4.0,958.0,95.33,100.0
2024-05-21 13:15:00,806,1006.7,68.5,0.0,23.0,4.1,938.0,100.0,100.0
2024-05-21 13:30:00,790,1006.7,67.5,0.0,23.1,4.1,917.0,100.0,100.0
2024-05-21 13:45:00,770,1006.7,66.4,0.0,23.2,4.1,873.0,100.0,100.0
2024-05-21 14:00:00,747,1006.7,66.2,0.0,23.2,4.1,842.0,99.59,100.0
2024-05-21 14:15:00,719,1006.7,66.3,0.0,23.3,4.1,804.0,97.25,100.0
2024-05-21 14:30:00,689,1006.7,66.5,0.0,23.4,4.2,773.0,92.65,100.0
2024-05-21 14:45:00,655,1006.7,66.6,0.0,23.4,4.2,731.0,87.1,100.0
2024-05-21 15:00:00,618,1006.7,65.2,0.0,23.5,4.3,679.0,82.02,100.0
2024-05-21 15:15:00,577,1006.7,64.5,0.0,23.5,4.3,645.0,74.69,100.0
2024-05-21 15:30:00,535,1006.7,65.0,0.0,23.5,4.3,598.0,69.96,100.0
2024-05-21 15:45:00,490,1006.7,65.1,0.0,23.5,4.4,520.0,59.26,100.0
2024-05-21 16:00:00,442,1006.7,64.6,0.0,23.5,4.4,517.0,60.04,100.0
2024-05-21 16:15:00,391,1006.7,64.3,0.0,23.5,4.5,550.0,54.16,100.0
2024-05-21 16:30:00,341,1006.7,64.2,0.0,23.4,4.5,441.0,48.69,100.0
2024-05-21 16:45:00,291,1006.7,64.8,0.0,23.3,4.6,211.0,29.28,100.0
2024-05-21 17:00:00,245,1006.7,65.4,0.0,23.2,4.6,214.0,32.96,100.0
2024-05-21 17:15:00,201,1006.7,66.2,0.0,23.1,4.7,164.0,29.21,100.0
2024-05-21 17:30:00,161,1006.7,66.8,0.0,23.0,4.8,123.0,28.97,100.0
2024-05-21 17:45:00,126,1006.7,67.5,0.0,22.8,4.8,151.0,27.98,100.0
2024-05-21 18:00:00,96,1006.7,69.0,0.0,22.6,4.9,123.0,22.35,100.0
2024-05-21 18:15:00,69,1006.7,71.0,0.0,22.3,5.0,78.0,20.0,100.0
2024-05-21 18:30:00,47,1006.7,73.3,0.0,22.0,5.1,49.0,18.69,100.0
2024-05-21 18:45:00,28,1006.7,75.1,0.0,21.7,5.2,20.0,17.16,100.0
2024-05-21 19:00:00,11,1006.7,77.1,0.0,21.4,5.3,5.0,16.31,100.0
2024-05-21 19:15:00,0,1006.6,79.2,0.0,21.2,5.4,0.0,0.0,100.0
2024-05-21 19:30:00,0,1006.6,80.6,0.0,20.9,5.5,0.0,0.0,100.0
2024-05-21 19:45:00,0,1006.6,82.5,0.0,20.7,5.5,0.0,0.0,100.0
2024-05-21 20:00:00,0,1006.6,84.1,0.0,20.4,5.6,0.0,0.0,100.0
2024-05-21 20:15:00,0,1006.6,85.6,0.0,20.1,5.7,0.0,0.0,100.0
2024-05-21 20:30:00,0,1006.6,87.3,0.0,19.9,5.8,0.0,0.0,100.0
2024-05-21 20:45:00,0,1006.6,88.4,0.0,19.6,5.9,0.0,0.0,100.0
2024-05-21 21:00:00,0,1006.6,89.1,0.0,19.3,6.0,0.0,0.0,100.0
2024-05-21 21:15:00,0,1006.6,90.4,0.0,19.1,6.1,0.0,0.0,100.0
2024-05-21 21:30:00,0,1006.6,92.3,0.0,18.8,6.1,0.0,0.0,100.0
2024-05-21 21:45:00,0,1006.6,94.1,0.0,18.5,6.2,0.0,0.0,100.0
2024-05-21 22:00:00,0,1006.6,95.7,0.0,18.2,6.3,0.0,0.0,100.0
2024-05-21 22:15:00,0,1006.6,96.6,0.0,18.1,6.3,0.0,0.0,100.0
2024-05-21 22:30:00,0,1006.6,96.9,0.0,18.0,6.4,0.0,0.0,100.0
2024-05-21 22:45:00,0,1006.6,97.6,0.0,17.8,6.4,0.0,0.0,100.0
2024-05-21 23:00:00,0,1006.6,98.4,0.0,17.7,6.5,0.0,0.0,100.0
2024-05-21 23:15:00,0,1006.6,99.0,0.0,17.6,6.5,0.0,0.0,100.0
2024-05-21 23:30:00,0,1006.6,99.1,0.0,17.6,6.5,0.0,0.0,100.0
2024-05-21 23:45:00,0,1006.6,99.3,0.0,17.6,6.5,0.0,0.0,100.0
2024-05-22 00:00:00,0,1006.6,98.4,0.0,17.5,6.5,0.0,0.0,100.0
2024-05-22 00:15:00,0,1006.6,98.7,0.0,17.4,6.5,0.0,0.0,100.0
2024-05-22 00:30:00,0,1006.6,98.8,0.0,17.4,6.4,0.0,0.0,100.0
2024-05-22 00:45:00,0,1006.6,99.0,0.0,17.4,6.4,0.0,0.0,100.0
2024-05-22 01:00:00,0,1006.6,99.1,0.0,17.4,6.3,0.0,0.0,100.0
2024-05-22 01:15:00,0,1006.6,98.9,0.0,17.4,6.3,0.0,0.0,100.0
2024-05-22 01:30:00,0,1006.6,98.8,0.0,17.4,6.3,0.0,0.0,100.0
2024-05-22 01:45:00,0,1006.6,98.7,0.0,17.4,6.2,0.0,0.0,100.0
2024-05-22 02:00:00,0,1006.6,98.8,0.0,17.3,6.2,0.0,0.0,100.0
2024-05-22 02:15:00,0,1006.6,99.1,0.0,17.3,6.2,0.0,0.0,100.0
2024-05-22 02:30:00,0,1006.6,99.3,0.0,17.3,6.1,0.0,0.0,100.0
2024-05-22 02:45:00,0,1006.6,99.3,0.0,17.2,6.1,0.0,0.0,100.0
2024-05-22 03:00:00,0,1006.6,99.2,0.0,17.2,6.1,0.0,0.0,100.0
2024-05-22 03:15:00,0,1006.6,99.2,0.0,17.2,6.0,0.0,0.0,100.0
2024-05-22 03:30:00,0,1006.6,99.2,0.0,17.2,6.0,0.0,0.0,100.0
2024-05-22 03:45:00,0,1006.6,99.2,0.0,17.2,6.0,0.0,0.0,100.0
2024-05-22 04:00:00,0,1006.6,99.1,0.0,17.2,6.0,0.0,0.0,100.0
2024-05-22 04:15:00,0,1006.6,99.2,0.0,17.2,5.9,0.0,0.0,100.0
2024-05-22 04:30:00,0,1006.6,99.3,0.0,17.2,5.9,0.0,0.0,100.0
2024-05-22 04:45:00,0,1006.6,99.4,0.0,17.1,5.9,0.0,0.0,100.0
2024-05-22 05:00:00,2,1006.6,99.4,0.0,17.1,5.9,4.0,0.78,100.0
2024-05-22 05:15:00,21,1006.6,99.4,0.0,17.1,5.9,13.0,1.78,100.0
2024-05-22 05:30:00,42,1006.6,99.4,0.0,17.1,5.9,32.0,3.68,100.0
2024-05-22 05:45:00,63,1006.6,99.5,0.0,17.0,5.8,54.0,5.59,100.0
2024-05-22 06:00:00,85,1006.6,99.6,0.0,17.0,5.9,74.0,7.34,100.0
2024-05-22 06:15:00,107,1006.6,99.5,0.0,16.9,5.9,112.0,10.31,100.0
2024-05-22 06:30:00,132,1006.6,99.5,0.0,17.0,5.9,127.0,12.25,100.0
2024-05-22 06:45:00,159,1006.6,99.3,0.0,17.0,5.9,159.0,16.54,100.0
2024-05-22 07:00:00,190,1006.6,99.0,0.0,17.0,5.9,244.0,19.19,100.0
2024-05-22 07:15:00,224,1006.6,98.6,0.0,17.1,5.9,252.0,23.46,100.0
2024-05-22 07:30:00,262,1006.6,98.1,0.0,17.2,5.9,377.0,28.37,100.0
2024-05-22 07:45:00,304,1006.6,97.6,0.0,17.3,5.9,277.0,35.15,100.0
2024-05-22 08:00:00,349,1006.6,96.8,0.0,17.5,5.9,425.0,34.65,100.0
2024-05-22 08:15:00,397,1006.6,95.8,0.0,17.7,5.9,349.0,41.43,100.0
2024-05-22 08:30:00,446,1006.6,94.9,0.0,17.9,5.9,509.0,46.43,100.0
2024-05-22 08:45:00,496,1006.6,93.6,0.0,18.1,5.9,437.0,45.83,100.0
2024-05-22 09:00:00,545,1006.6,91.8,0.0,18.4,6.0,432.0,59.36,100.0
2024-05-22 09:15:00,591,1006.6,89.9,0.0,18.7,6.0,547.0,79.19,100.0
2024-05-22 09:30:00,635,1006.6,87.9,0.0,19.0,6.0,730.0,87.58,100.0
2024-05-22 09:45:00,673,1006.6,85.8,0.0,19.3,6.0,785.0,90.9,100.0
2024-05-22 10:00:00,707,1006.6,83.7,0.0,19.6,6.0,804.0,95.7,100.0
2024-05-22 10:15:00,738,1006.6,82.3,0.0,19.9,6.0,845.0,98.48,100.0
2024-05-22 10:30:00,765,1006.6,80.9,0.0,20.2,6.0,858.0,99.42,100.0
2024-05-22 10:45:00,788,1006.6,79.3,0.0,20.5,6.0,885.0,99.55,100.0
2024-05-22 11:00:00,807,1006.6,77.4,0.0,20.9,6.0,904.0,99.55,100.0
2024-05-22 11:15:00,821,1006.6,75.4,0.0,21.2,6.1,914.0,99.55,100.0
2024-05-22 11:30:00,832,1006.6,73.1,0.0,21.5,6.1,914.0,99.55,100.0
2024-05-22 11:45:00,839,1006.6,71.2,0.0,21.7,6.1,937.0,99.55,100.0
2024-05-22 12:00:00,842,1006.7,70.3,0.0,22.0,6.1,943.0,99.55,100.0
2024-05-22 12:15:00,842,1006.7,69.4,0.0,22.2,6.1,940.0,99.55,100.0
2024-05-22 12:30:00,838,1006.7,68.2,0.0,22.4,6.1,935.0,99.55,100.0
2024-05-22 12:45:00,830,1006.7,66.1,0.0,22.7,6.1,928.0,99.55,100.0
2024-05-22 13:00:00,820,1006.7,64.3,0.0,22.8,6.1,925.0,99.55,100.0
2024-05-22 13:15:00,807,1006.7,64.1,0.0,23.0,6.1,912.0,99.55,100.0
2024-05-22 13:30:00,790,1006.7,64.0,0.0,23.1,6.1,898.0,99.55,100.0
2024-05-22 13:45:00,770,1006.7,63.5,0.0,23.3,6.1,862.0,99.55,100.0
2024-05-22 14:00:00,746,1006.7,63.0,0.0,23.4,6.2,826.0,99.55,100.0
2024-05-22 14:15:00,719,1006.7,62.1,0.0,23.5,6.2,787.0,94.79,100.0
2024-05-22 14:30:00,689,1006.7,61.0,0.0,23.7,6.2,766.0,90.99,100.0
2024-05-22 14:45:00,655,1006.7,60.0,0.0,23.7,6.2,723.0,86.41,100.0
2024-05-22 15:00:00,618,1006.7,59.9,0.0,23.8,6.2,686.0,81.46,100.0
2024-05-22 15:15:00,578,1006.7,60.0,0.0,23.8,6.2,647.0,76.24,100.0
2024-05-22 15:30:00,536,1006.7,60.8,0.0,23.8,6.2,603.0,70.76,100.0
2024-05-22 15:45:00,491,1006.7,61.4,0.0,23.7,6.2,564.0,63.53,100.0
2024-05-22 16:00:00,443,1006.7,61.7,0.0,23.7,6.2,536.0,58.02,100.0
2024-05-22 16:15:00,393,1006.7,62.7,0.0,23.7,6.2,488.0,51.81,100.0
2024-05-22 16:30:00,343,1006.7,63.7,0.0,23.6,6.2,450.0,45.85,100.0
2024-05-22 16:45:00,294,1006.7,64.8,0.0,23.5,6.2,393.0,38.67,100.0
2024-05-22 17:00:00,247,1006.7,65.9,0.0,23.4,6.2,344.0,31.93,100.0
2024-05-22 17:15:00,204,1006.7,67.2,0.0,23.2,6.3,287.0,24.69,100.0
2024-05-22 17:30:00,164,1006.6,68.6,0.0,23.1,6.3,238.0,18.81,100.0
2024-05-22 17:45:00,129,1006.6,69.3,0.0,22.9,6.3,174.0,13.14,100.0
2024-05-22 18:00:00,98,1006.6,69.8,0.0,22.6,6.3,125.0,9.35,100.0
2024-05-22 18:15:00,72,1006.6,71.2,0.0,22.4,6.3,82.0,6.52,100.0
2024-05-22 18:30:00,49,1006.6,74.1,0.0,22.0,6.3,48.0,4.51,100.0
2024-05-22 18:45:00,29,1006.6,77.9,0.0,21.5,6.4,22.0,2.56,100.0
2024-05-22 19:00:00,12,1006.6,79.7,0.0,21.0,6.4,6.0,1.0,100.0
2024-05-22 19:15:00,0,1006.6,81.0,0.0,20.6,6.4,0.0,0.0,100.0
2024-05-22 19:30:00,0,1006.6,81.8,0.0,20.3,6.4,0.0,0.0,100.0
2024-05-22 19:45:00,0,1006.6,82.4,0.0,20.0,6.5,0.0,0.0,100.0
2024-05-22 20:00:00,0,1006.6,83.0,0.0,19.8,6.5,0.0,0.0,100.0
2024-05-22 20:15:00,0,1006.6,83.5,0.0,19.5,6.5,0.0,0.0,100.0
2024-05-22 20:30:00,0,1006.6,83.6,0.0,19.2,6.5,0.0,0.0,100.0
2024-05-22 20:45:00,0,1006.6,83.5,0.0,19.0,6.5,0.0,0.0,100.0
2024-05-22 21:00:00,0,1006.6,84.1,0.0,18.8,6.6,0.0,0.0,100.0
2024-05-22 21:15:00,0,1006.6,84.8,0.0,18.6,6.6,0.0,0.0,100.0
2024-05-22 21:30:00,0,1006.6,85.6,0.0,18.5,6.6,0.0,0.0,100.0
2024-05-22 21:45:00,0,1006.6,86.3,0.0,18.3,6.6,0.0,0.0,100.0
2024-05-22 22:00:00,0,1006.6,86.9,0.0,18.2,6.7,0.0,0.0,100.0
2024-05-22 22:15:00,0,1006.5,87.5,0.0,18.0,6.7,0.0,0.0,100.0
2024-05-22 22:30:00,0,1006.5,88.0,0.0,17.9,6.7,0.0,0.0,100.0
2024-05-22 22:45:00,0,1006.5,88.4,0.0,17.8,6.7,0.0,0.0,100.0
2024-05-22 23:00:00,0,1006.5,88.7,0.0,17.7,6.7,0.0,0.0,100.0
2024-05-22 23:15:00,0,1006.5,89.0,0.0,17.6,6.7,0.0,0.0,100.0
2024-05-22 23:30:00,0,1006.5,89.3,0.0,17.4,6.7,0.0,0.0,100.0
2024-05-22 23:45:00,0,1006.5,89.7,0.0,17.3,6.7,0.0,0.0,100.0
2024-05-23 00:00:00,0,1006.5,88.3,0.0,18.2,6.6,0.0,0.0,100.0
2024-05-23 00:15:00,0,1006.5,88.4,0.0,18.1,6.6,0.0,0.0,100.0
2024-05-23 00:30:00,0,1006.5,88.5,0.0,18.0,6.6,0.0,0.0,100.0
2024-05-23 00:45:00,0,1006.5,88.4,0.0,17.9,6.6,0.0,0.0,100.0
2024-05-23 01:00:00,0,1006.5,88.3,0.0,17.8,6.5,0.0,0.0,100.0
2024-05-23 01:15:00,0,1006.5,88.3,0.0,17.7,6.5,0.0,0.0,100.0
2024-05-23 01:30:00,0,1006.5,88.3,0.0,17.6,6.4,0.0,0.0,100.0
2024-05-23 01:45:00,0,1006.5,88.2,0.0,17.5,6.4,0.0,0.0,100.0
2024-05-23 02:00:00,0,1006.5,88.2,0.0,17.4,6.4,0.0,0.0,100.0
2024-05-23 02:15:00,0,1006.5,88.3,0.0,17.4,6.3,0.0,0.0,100.0
2024-05-23 02:30:00,0,1006.5,88.4,0.0,17.3,6.3,0.0,0.0,100.0
2024-05-23 02:45:00,0,1006.5,88.6,0.0,17.2,6.2,0.0,0.0,100.0
2024-05-23 03:00:00,0,1006.5,88.9,0.0,17.1,6.2,0.0,0.0,100.0
2024-05-23 03:15:00,0,1006.5,89.2,0.0,17.1,6.1,0.0,0.0,100.0
2024-05-23 03:30:00,0,1006.5,89.4,0.0,17.0,6.1,0.0,0.0,100.0
2024-05-23 03:45:00,0,1006.5,89.6,0.0,16.9,6.1,0.0,0.0,100.0
2024-05-23 04:00:00,0,1006.5,89.8,0.0,16.9,6.0,0.0,0.0,100.0
2024-05-23 04:15:00,0,1006.5,89.9,0.0,16.8,6.0,0.0,0.0,100.0
2024-05-23 04:30:00,0,1006.5,90.0,0.0,16.8,6.0,0.0,0.0,100.0
2024-05-23 04:45:00,0,1006.5,90.2,0.0,16.7,6.0,0.0,0.0,100.0
2024-05-23 05:00:00,1,1006.5,90.4,0.0,16.7,5.9,7.0,1.17,100.0
2024-05-23 05:15:00,16,1006.5,90.6,0.0,16.7,5.9,25.0,2.82,100.0
2024-05-23 05:30:00,38,1006.5,90.7,0.0,16.7,5.9,48.0,4.71,100.0
2024-05-23 05:45:00,66,1006.5,90.3,0.0,16.9,5.9,81.0,7.22,100.0
2024-05-23 06:00:00,100,1006.5,89.6,0.0,17.1,5.9,117.0,10.1,100.0
2024-05-23 06:15:00,137,1006.5,88.5,0.0,17.4,5.8,165.0,14.33,100.0
2024-05-23 06:30:00,178,1006.5,87.4,0.0,17.7,5.8,213.0,19.13,100.0
2024-05-23 06:45:00,220,1006.5,86.3,0.0,18.0,5.8,265.0,24.84,100.0
2024-05-23 07:00:00,263,1006.5,85.5,0.0,18.3,5.8,314.0,31.07,100.0
2024-05-23 07:15:00,307,1006.5,84.6,0.0,18.6,5.8,369.0,38.21,100.0
2024-05-23 07:30:00,351,1006.5,83.4,0.0,18.9,5.9,417.0,44.27,100.0
2024-05-23 07:45:00,394,1006.5,82.0,0.0,19.3,5.9,474.0,51.8,100.0
2024-05-23 08:00:00,438,1006.5,80.5,0.0,19.7,5.9,525.0,58.84,100.0
2024-05-23 08:15:00,480,1006.5,79.0,0.0,20.1,5.9,579.0,66.17,100.0
2024-05-23 08:30:00,521,1006.6,77.6,0.0,20.5,5.9,609.0,71.89,100.0
2024-05-23 08:45:00,561,1006.6,76.1,0.0,20.9,6.0,661.0,79.04,100.0
2024-05-23 09:00:00,599,1006.6,75.0,0.0,21.3,6.0,691.0,84.23,100.0
2024-05-23 09:15:00,636,1006.6,73.7,0.0,21.7,6.0,739.0,90.32,100.0
2024-05-23 09:30:00,672,1006.6,72.7,0.0,22.0,6.0,770.0,94.45,100.0
2024-05-23 09:45:00,706,1006.6,71.7,0.0,22.3,6.0,811.0,97.83,100.0
2024-05-23 10:00:00,737,1006.6,70.4,0.0,22.6,6.0,848.0,99.02,100.0
2024-05-23 10:15:00,765,1006.6,68.9,0.0,22.9,6.0,899.0,99.02,100.0
2024-05-23 10:30:00,790,1006.6,67.9,0.0,23.2,6.0,928.0,99.02,100.0
2024-05-23 10:45:00,811,1006.6,67.3,0.0,23.5,5.9,954.0,99.02,100.0
2024-05-23 11:00:00,829,1006.6,65.7,0.0,23.8,5.9,968.0,99.02,100.0
2024-05-23 11:15:00,844,1006.6,63.3,0.0,24.1,5.9,980.0,99.02,100.0
2024-05-23 11:30:00,854,1006.6,62.2,0.0,24.3,5.8,980.0,99.02,100.0
2024-05-23 11:45:00,861,1006.6,61.4,0.0,24.5,5.8,987.0,99.02,100.0
2024-05-23 12:00:00,864,1006.6,60.5,0.0,24.7,5.8,973.0,99.02,100.0
2024-05-23 12:15:00,863,1006.6,59.2,0.0,25.0,5.7,975.0,99.02,100.0
2024-05-23 12:30:00,858,1006.6,58.5,0.0,25.2,5.7,975.0,99.02,100.0
2024-05-23 12:45:00,850,1006.6,57.6,0.0,25.3,5.6,980.0,99.02,100.0
2024-05-23 13:00:00,840,1006.6,57.0,0.0,25.5,5.6,970.0,99.02,100.0
2024-05-23 13:15:00,826,1006.6,56.5,0.0,25.7,5.5,954.0,99.02,100.0
2024-05-23 13:30:00,810,1006.6,56.1,0.0,25.8,5.4,929.0,99.02,100.0
2024-05-23 13:45:00,790,1006.6,55.6,0.0,25.9,5.4,908.0,99.02,100.0
2024-05-23 14:00:00,766,1006.6,55.3,0.0,26.1,5.3,869.0,99.02,100.0
2024-05-23 14:15:00,740,1006.6,55.0,0.0,26.2,5.2,828.0,96.33,100.0
2024-05-23 14:30:00,709,1006.6,54.5,0.0,26.2,5.1,775.0,93.24,100.0
2024-05-23 14:45:00,675,1006.6,54.3,0.0,26.3,5.0,749.0,87.82,100.0
2024-05-23 15:00:00,638,1006.6,53.9,0.0,26.4,4.9,698.0,83.85,100.0
2024-05-23 15:15:00,598,1006.6,53.8,0.0,26.4,4.8,668.0,77.75,100.0
2024-05-23 15:30:00,555,1006.6,55.1,0.0,26.4,4.7,621.0,71.44,100.0
2024-05-23 15:45:00,509,1006.6,56.4,0.0,26.3,4.6,574.0,64.83,100.0
2024-05-23 16:00:00,459,1006.6,57.2,0.0,26.3,4.5,542.0,59.05,100.0
2024-05-23 16:15:00,408,1006.6,57.5,0.0,26.2,4.4,494.0,52.15,100.0
2024-05-23 16:30:00,356,1006.6,57.9,0.0,26.2,4.4,451.0,46.23,100.0
2024-05-23 16:45:00,305,1006.6,58.3,0.0,26.2,4.3,391.0,38.58,100.0
2024-05-23 17:00:00,257,1006.6,58.9,0.0,26.1,4.3,325.0,30.4,100.0
2024-05-23 17:15:00,212,1006.6,59.5,0.0,26.0,4.3,280.0,24.69,100.0
2024-05-23 17:30:00,171,1006.6,60.2,0.0,25.9,4.4,175.0,18.14,100.0
2024-05-23 17:45:00,135,1006.6,61.4,0.0,25.8,4.4,160.0,13.4,100.0
2024-05-23 18:00:00,103,1006.6,62.8,0.0,25.7,4.4,105.0,8.81,100.0
2024-05-23 18:15:00,75,1006.6,64.5,0.0,25.5,4.4,78.0,7.17,100.0
2024-05-23 18:30:00,52,1006.6,66.5,0.0,25.3,4.4,45.0,4.68,100.0
2024-05-23 18:45:00,31,1006.6,68.5,0.0,24.9,4.4,22.0,2.5,100.0
2024-05-23 19:00:00,13,1006.6,71.7,0.0,24.5,4.4,3.0,0.86,100.0
2024-05-23 19:15:00,0,1006.6,75.7,0.0,24.0,4.4,0.0,0.0,100.0
2024-05-23 19:30:00,0,1006.6,79.5,0.0,23.5,4.5,0.0,0.0,100.0
2024-05-23 19:45:00,0,1006.6,82.5,0.0,22.9,4.5,0.0,0.0,100.0
2024-05-23 20:00:00,0,1006.6,83.4,0.0,22.4,4.5,0.0,0.0,100.0
2024-05-23 20:15:00,0,1006.6,83.3,0.0,22.0,4.5,0.0,0.0,100.0
2024-05-23 20:30:00,0,1006.6,83.6,0.0,21.8,4.6,0.0,0.0,100.0
2024-05-23 20:45:00,0,1006.6,84.5,0.0,21.5,4.6,0.0,0.0,100.0
2024-05-23 21:00:00,0,1006.6,85.6,0.0,21.3,4.6,0.0,0.0,100.0
2024-05-23 21:15:00,0,1006.6,86.2,0.0,21.1,4.7,0.0,0.0,100.0
2024-05-23 21:30:00,0,1006.6,86.1,0.0,21.0,4.7,0.0,0.0,100.0
2024-05-23 21:45:00,0,1006.6,86.0,0.0,20.8,4.8,0.0,0.0,100.0
2024-05-23 22:00:00,0,1006.6,86.3,0.0,20.7,4.8,0.0,0.0,100.0
2024-05-23 22:15:00,0,1006.6,86.7,0.0,20.5,4.8,0.0,0.0,100.0
2024-05-23 22:30:00,0,1006.6,87.3,0.0,20.3,4.8,0.0,0.0,100.0
2024-05-23 22:45:00,0,1006.6,87.8,0.0,20.2,4.8,0.0,0.0,100.0
2024-05-23 23:00:00,0,1006.6,88.1,0.0,20.0,4.8,0.0,0.0,100.0
2024-05-23 23:15:00,0,1006.6,88.4,0.0,19.9,4.7,0.0,0.0,100.0
2024-05-23 23:30:00,0,1006.6,88.7,0.0,19.8,4.6,0.0,0.0,100.0
2024-05-23 23:45:00,0,1006.6,88.8,0.0,19.7,4.5,0.0,0.0,100.0
2024-05-24 00:00:00,0,1006.6,86.9,0.0,20.3,2.8,0.0,0.0,100.0
2024-05-24 00:15:00,0,1006.6,86.9,0.0,20.2,2.8,0.0,0.0,100.0
2024-05-24 00:30:00,0,1006.6,87.0,0.0,20.1,2.8,0.0,0.0,100.0
2024-05-24 00:45:00,0,1006.6,87.1,0.0,20.1,2.8,0.0,0.0,100.0
2024-05-24 01:00:00,0,1006.6,87.4,0.0,20.0,2.7,0.0,0.0,100.0
2024-05-24 01:15:00,0,1006.6,88.1,0.0,19.9,2.7,0.0,0.0,100.0
2024-05-24 01:30:00,0,1006.6,89.0,0.0,19.8,2.6,0.0,0.0,100.0
2024-05-24 01:45:00,0,1006.6,89.7,0.0,19.6,2.6,0.0,0.0,100.0
2024-05-24 02:00:00,0,1006.6,89.8,0.0,19.5,2.5,0.0,0.0,100.0
2024-05-24 02:15:00,0,1006.6,89.8,0.0,19.5,2.5,0.0,0.0,100.0
2024-05-24 02:30:00,0,1006.6,89.8,0.0,19.5,2.4,0.0,0.0,100.0
2024-05-24 02:45:00,0,1006.6,89.9,0.0,19.5,2.4,0.0,0.0,100.0
2024-05-24 03:00:00,0,1006.6,90.0,0.0,19.4,2.4,0.0,0.0,100.0
2024-05-24 03:15:00,0,1006.6,89.9,0.0,19.4,2.3,0.0,0.0,100.0
2024-05-24 03:30:00,0,1006.6,90.0,0.0,19.4,2.3,0.0,0.0,100.0
2024-05-24 03:45:00,0,1006.6,90.2,0.0,19.3,2.3,0.0,0.0,100.0
2024-05-24 04:00:00,0,1006.6,90.6,0.0,19.3,2.2,0.0,0.0,100.0
2024-05-24 04:15:00,0,1006.6,91.1,0.0,19.2,2.2,0.0,0.0,100.0
2024-05-24 04:30:00,0,1006.6,92.2,0.0,19.2,2.1,0.0,0.0,100.0
2024-05-24 04:45:00,0,1006.6,92.5,0.0,19.2,2.1,0.0,0.0,100.0
2024-05-24 05:00:00,2,1006.6,91.6,0.0,19.2,2.0,1.0,0.51,100.0
2024-05-24 05:15:00,16,1006.6,91.3,0.0,19.2,2.0,9.0,1.41,100.0
2024-05-24 05:30:00,37,1006.6,91.3,0.0,19.2,2.0,18.0,2.7,100.0
2024-05-24 05:45:00,64,1006.6,91.1,0.0,19.3,2.0,42.0,5.5,100.0
2024-05-24 06:00:00,95,1006.6,90.6,0.0,19.4,2.0,64.0,8.27,100.0
2024-05-24 06:15:00,131,1006.6,89.9,0.0,19.6,2.1,98.0,11.72,100.0
2024-05-24 06:30:00,169,1006.6,88.6,0.0,19.8,2.1,126.0,15.82,100.0
2024-05-24 06:45:00,208,1006.6,86.6,0.0,20.1,2.1,137.0,16.43,100.0
2024-05-24 07:00:00,248,1006.6,84.8,0.0,20.4,2.2,152.0,18.76,100.0
2024-05-24 07:15:00,289,1006.6,83.1,0.0,20.7,2.2,149.0,16.17,100.0
2024-05-24 07:30:00,330,1006.6,82.2,0.0,20.9,2.3,200.0,21.48,100.0
2024-05-24 07:45:00,370,1006.6,81.9,0.0,21.2,2.4,206.0,30.57,100.0
2024-05-24 08:00:00,409,1006.6,82.0,0.0,21.4,2.5,466.0,52.07,100.0
2024-05-24 08:15:00,447,1006.6,81.9,0.0,21.5,2.7,381.0,52.0,100.0
2024-05-24 08:30:00,484,1006.6,82.1,0.0,21.7,2.8,372.0,43.12,100.0
2024-05-24 08:45:00,519,1006.6,81.8,0.0,21.8,3.0,288.0,39.06,100.0
2024-05-24 09:00:00,553,1006.6,81.2,0.0,22.0,3.2,222.0,28.01,100.0
2024-05-24 09:15:00,585,1006.6,80.8,0.0,22.2,3.3,240.0,44.28,100.0
2024-05-24 09:30:00,616,1006.6,80.6,0.0,22.3,3.5,553.0,61.92,100.0
2024-05-24 09:45:00,645,1006.6,80.8,0.0,22.3,3.7,751.0,88.95,100.0
2024-05-24 10:00:00,671,1006.6,82.6,0.0,22.1,3.9,765.0,91.85,100.0
2024-05-24 10:15:00,694,1006.6,84.4,0.0,21.8,4.1,785.0,96.7,100.0
2024-05-24 10:30:00,713,1006.6,84.7,0.0,21.7,4.3,814.0,75.86,100.0
2024-05-24 10:45:00,729,1006.6,84.5,0.0,21.8,4.5,839.0,98.32,100.0
2024-05-24 11:00:00,741,1006.6,84.9,0.0,21.7,4.7,859.0,98.89,100.0
2024-05-24 11:15:00,751,1006.6,84.9,0.0,21.7,4.9,868.0,98.89,100.0
2024-05-24 11:30:00,757,1006.6,85.0,0.0,21.6,5.0,873.0,98.89,100.0
2024-05-24 11:45:00,760,1006.6,85.7,0.0,21.5,5.2,879.0,98.94,100.0
2024-05-24 12:00:00,760,1006.6,86.2,0.0,21.5,5.3,876.0,99.23,100.0
2024-05-24 12:15:00,759,1006.6,86.5,0.0,21.4,5.5,876.0,99.02,100.0
2024-05-24 12:30:00,755,1006.6,86.3,0.0,21.4,5.7,869.0,98.84,100.0
2024-05-24 12:45:00,749,1006.6,85.9,0.0,21.5,5.8,868.0,99.59,100.0
2024-05-24 13:00:00,742,1006.6,86.1,0.0,21.4,6.0,880.0,99.59,100.0
2024-05-24 13:15:00,734,1006.6,86.3,0.0,21.3,6.1,848.0,99.59,100.0
2024-05-24 13:30:00,724,1006.6,86.2,0.0,21.4,6.2,835.0,98.57,100.0
2024-05-24 13:45:00,711,1006.6,86.1,0.0,21.4,6.3,791.0,95.99,100.0
2024-05-24 14:00:00,696,1006.6,85.9,0.0,21.4,6.3,788.0,93.94,100.0
2024-05-24 14:15:00,677,1006.6,85.2,0.0,21.4,6.3,738.0,89.95,100.0
2024-05-24 14:30:00,654,1006.6,84.6,0.0,21.4,6.3,704.0,85.44,100.0
2024-05-24 14:45:00,628,1006.6,84.0,0.0,21.5,6.3,670.0,80.94,100.0
2024-05-24 15:00:00,598,1006.6,83.6,0.0,21.5,6.3,633.0,75.87,100.0
2024-05-24 15:15:00,564,1006.6,83.4,0.0,21.5,6.2,590.0,69.33,100.0
2024-05-24 15:30:00,526,1006.6,82.7,0.0,21.5,6.2,553.0,63.79,100.0
2024-05-24 15:45:00,484,1006.6,82.2,0.0,21.5,6.1,495.0,55.73,100.0
2024-05-24 16:00:00,438,1006.6,81.5,0.0,21.5,6.0,468.0,52.15,100.0
2024-05-24 16:15:00,390,1006.6,80.5,0.0,21.6,6.0,422.0,45.57,100.0
2024-05-24 16:30:00,341,1006.6,79.9,0.0,21.6,5.9,365.0,36.89,100.0
2024-05-24 16:45:00,293,1006.6,79.4,0.0,21.7,5.8,283.0,29.29,100.0
2024-05-24 17:00:00,247,1006.6,79.0,0.0,21.8,5.6,223.0,23.66,100.0
2024-05-24 17:15:00,204,1006.6,78.6,0.0,21.8,5.5,170.0,18.44,100.0
2024-05-24 17:30:00,165,1006.6,78.4,0.0,21.8,5.4,133.0,14.91,100.0
2024-05-24 17:45:00,130,1006.6,78.8,0.0,21.8,5.2,133.0,15.06,100.0
2024-05-24 18:00:00,99,1006.6,79.4,0.0,21.7,5.1,134.0,14.77,100.0
2024-05-24 18:15:00,73,1006.6,79.7,0.0,21.7,5.0,84.0,8.85,100.0
2024-05-24 18:30:00,50,1006.6,80.3,0.0,21.8,4.9,45.0,5.18,100.0
2024-05-24 18:45:00,31,1006.6,80.9,0.0,21.8,4.8,26.0,2.88,100.0
2024-05-24 19:00:00,13,1006.6,81.5,0.0,21.8,4.7,8.0,1.09,100.0
2024-05-24 19:15:00,0,1006.6,82.4,0.0,21.8,4.6,0.0,0.0,100.0
2024-05-24 19:30:00,0,1006.6,83.3,0.0,21.8,4.5,0.0,0.0,100.0
2024-05-24 19:45:00,0,1006.6,83.4,0.0,21.7,4.4,0.0,0.0,100.0
2024-05-24 20:00:00,0,1006.6,83.7,0.0,21.8,4.3,0.0,0.0,100.0
2024-05-24 20:15:00,0,1006.6,83.6,0.0,21.8,4.2,0.0,0.0,100.0
2024-05-24 20:30:00,0,1006.6,83.8,0.0,21.7,4.2,0.0,0.0,100.0
2024-05-24 20:45:00,0,1006.6,82.0,0.0,21.7,4.2,0.0,0.0,100.0
2024-05-24 21:00:00,0,1006.6,77.3,0.0,21.6,4.1,0.0,0.0,100.0
2024-05-24 21:15:00,0,1006.6,75.7,0.0,21.6,4.1,0.0,0.0,100.0
2024-05-24 21:30:00,0,1006.6,73.1,0.0,21.5,4.1,0.0,0.0,100.0
2024-05-24 21:45:00,0,1006.6,70.7,0.0,21.3,4.1,0.0,0.0,100.0
2024-05-24 22:00:00,0,1006.6,71.8,0.0,21.1,4.1,0.0,0.0,100.0
2024-05-24 22:15:00,0,1006.6,73.2,0.0,20.9,4.1,0.0,0.0,100.0
2024-05-24 22:30:00,0,1006.6,74.7,0.0,20.8,4.1,0.0,0.0,100.0
2024-05-24 22:45:00,0,1006.6,76.0,0.0,20.6,4.1,0.0,0.0,100.0
2024-05-24 23:00:00,0,1006.6,77.1,0.0,20.5,4.1,0.0,0.0,100.0
2024-05-24 23:15:00,0,1006.6,78.1,0.0,20.3,4.1,0.0,0.0,100.0
2024-05-24 23:30:00,0,1006.6,79.5,0.0,20.2,4.2,0.0,0.0,100.0
2024-05-24 23:45:00,0,1006.6,80.9,0.0,20.0,4.2,0.0,0.0,100.0
2024-05-25 00:00:00,0,1006.6,88.7,0.0,19.6,3.8,0.0,0.0,100.0
2024-05-25 00:15:00,0,1006.6,89.4,0.0,19.5,3.8,0.0,0.0,100.0
2024-05-25 00:30:00,0,1006.6,90.1,0.0,19.4,3.8,0.0,0.0,100.0
2024-05-25 00:45:00,0,1006.6,90.8,0.0,19.3,3.7,0.0,0.0,100.0
2024-05-25 01:00:00,0,1006.6,91.0,0.0,19.2,3.7,0.0,0.0,100.0
2024-05-25 01:15:00,0,1006.6,91.4,0.0,19.1,3.7,0.0,0.0,100.0
2024-05-25 01:30:00,0,1006.6,91.8,0.0,19.0,3.7,0.0,0.0,100.0
2024-05-25 01:45:00,0,1006.6,92.4,0.0,19.0,3.6,0.0,0.0,100.0
2024-05-25 02:00:00,0,1006.6,92.9,0.0,18.9,3.6,0.0,0.0,100.0
2024-05-25 02:15:00,0,1006.6,93.4,0.0,18.8,3.5,0.0,0.0,100.0
2024-05-25 02:30:00,0,1006.6,93.9,0.0,18.7,3.5,0.0,0.0,100.0
2024-05-25 02:45:00,0,1006.6,94.4,0.0,18.7,3.5,0.0,0.0,100.0
2024-05-25 03:00:00,0,1006.6,94.9,0.0,18.6,3.4,0.0,0.0,100.0
2024-05-25 03:15:00,0,1006.6,95.4,0.0,18.6,3.4,0.0,0.0,100.0
2024-05-25 03:30:00,0,1006.6,96.0,0.0,18.5,3.4,0.0,0.0,100.0
2024-05-25 03:45:00,0,1006.6,96.4,0.0,18.4,3.3,0.0,0.0,100.0
2024-05-25 04:00:00,0,1006.6,96.8,0.0,18.3,3.3,0.0,0.0,100.0
2024-05-25 04:15:00,0,1006.6,97.1,0.0,18.3,3.3,0.0,0.0,100.0
2024-05-25 04:30:00,0,1006.6,97.3,0.0,18.2,3.3,0.0,0.0,100.0
2024-05-25 04:45:00,0,1006.6,97.6,0.0,18.2,3.3,0.0,0.0,100.0
2024-05-25 05:00:00,1,1006.6,97.9,0.0,18.1,3.3,0.0,0.01,100.0
2024-05-25 05:15:00,12,1006.6,98.0,0.0,18.1,3.4,6.0,1.39,100.0
2024-05-25 05:30:00,27,1006.6,98.0,0.0,18.1,3.4,22.0,3.5,100.0
2024-05-25 05:45:00,47,1006.6,97.9,0.0,18.1,3.4,28.0,5.13,100.0
2024-05-25 06:00:00,70,1006.6,97.5,0.0,18.2,3.5,39.0,5.91,100.0
2024-05-25 06:15:00,97,1006.6,97.1,0.0,18.2,3.5,48.0,6.93,100.0
2024-05-25 06:30:00,125,1006.6,96.6,0.0,18.3,3.6,43.0,8.62,100.0
2024-05-25 06:45:00,155,1006.6,96.0,0.0,18.3,3.6,62.0,10.77,100.0
2024-05-25 07:00:00,186,1006.6,95.2,0.0,18.4,3.7,70.0,12.13,100.0
2024-05-25 07:15:00,217,1006.6,94.2,0.0,18.6,3.7,73.0,14.82,100.0
2024-05-25 07:30:00,249,1006.6,93.2,0.0,18.7,3.8,105.0,14.1,100.0
2024-05-25 07:45:00,281,1006.6,91.8,0.0,18.9,3.9,128.0,21.61,100.0
2024-05-25 08:00:00,313,1006.6,90.0,0.0,19.1,3.9,149.0,28.5,100.0
2024-05-25 08:15:00,345,1006.6,88.6,0.0,19.4,4.0,144.0,29.21,100.0
2024-05-25 08:30:00,376,1006.6,87.2,0.0,19.6,4.1,204.0,29.49,100.0
2024-05-25 08:45:00,407,1006.6,85.1,0.0,20.0,4.2,203.0,37.31,100.0
2024-05-25 09:00:00,438,1006.6,82.5,0.0,20.3,4.2,144.0,29.08,100.0
2024-05-25 09:15:00,469,1006.6,80.7,0.0,20.7,4.3,332.0,56.2,100.0
2024-05-25 09:30:00,500,1006.6,79.5,0.0,20.9,4.4,471.0,52.13,100.0
2024-05-25 09:45:00,531,1006.6,78.7,0.0,21.2,4.5,361.0,49.79,100.0
2024-05-25 10:00:00,562,1006.6,77.7,0.0,21.4,4.6,433.0,51.66,100.0
2024-05-25 10:15:00,593,1006.6,77.1,0.0,21.6,4.6,504.0,58.78,100.0
2024-05-25 10:30:00,623,1006.6,76.6,0.0,21.8,4.7,481.0,58.35,100.0
2024-05-25 10:45:00,651,1006.6,75.7,0.0,22.0,4.8,483.0,65.56,100.0
2024-05-25 11:00:00,678,1006.6,73.9,0.0,22.3,4.9,494.0,70.61,100.0
2024-05-25 11:15:00,702,1006.6,73.1,0.0,22.5,5.0,589.0,64.1,100.0
2024-05-25 11:30:00,723,1006.6,72.9,0.0,22.7,5.1,497.0,62.19,100.0
2024-05-25 11:45:00,741,1006.6,72.6,0.0,22.9,5.1,989.0,67.95,100.0
2024-05-25 12:00:00,755,1006.6,71.6,0.0,23.1,5.2,465.0,55.57,100.0
2024-05-25 12:15:00,764,1006.6,70.1,0.0,23.3,5.2,746.0,70.96,100.0
2024-05-25 12:30:00,769,1006.6,69.2,0.0,23.4,5.3,538.0,74.22,100.0
2024-05-25 12:45:00,768,1006.6,68.7,0.0,23.5,5.3,609.0,73.34,100.0
2024-05-25 13:00:00,764,1006.6,67.6,0.0,23.7,5.4,1067.0,71.89,100.0
2024-05-25 13:15:00,756,1006.6,66.6,0.0,23.7,5.5,933.0,70.01,100.0
2024-05-25 13:30:00,744,1006.6,65.8,0.0,23.8,5.5,1009.0,88.92,100.0
2024-05-25 13:45:00,729,1006.6,65.5,0.0,23.9,5.6,933.0,95.5,100.0
2024-05-25 14:00:00,709,1006.6,65.5,0.0,23.9,5.7,849.0,99.66,100.0
2024-05-25 14:15:00,686,1006.6,64.8,0.0,24.0,5.7,849.0,99.64,100.0
2024-05-25 14:30:00,660,1006.6,64.0,0.0,24.0,5.8,822.0,97.2,100.0
2024-05-25 14:45:00,630,1006.6,63.1,0.0,24.1,5.9,458.0,45.6,100.0
2024-05-25 15:00:00,596,1006.6,63.0,0.0,24.1,6.0,793.0,88.26,100.0
2024-05-25 15:15:00,560,1006.6,63.1,0.0,24.1,6.0,725.0,81.92,100.0
2024-05-25 15:30:00,521,1006.6,62.9,0.0,24.1,6.1,651.0,72.99,100.0
2024-05-25 15:45:00,479,1006.6,63.0,0.0,24.0,6.2,619.0,69.93,100.0
2024-05-25 16:00:00,434,1006.6,62.6,0.0,23.9,6.2,575.0,56.76,100.0
2024-05-25 16:15:00,387,1006.6,62.1,0.0,23.9,6.3,546.0,54.43,100.0
2024-05-25 16:30:00,340,1006.6,62.0,0.0,23.7,6.3,497.0,44.93,100.0
2024-05-25 16:45:00,293,1006.6,62.7,0.0,23.6,6.4,232.0,23.99,100.0
2024-05-25 17:00:00,248,1006.6,63.6,0.0,23.4,6.4,174.0,29.12,100.0
2024-05-25 17:15:00,206,1006.6,64.4,0.0,23.1,6.5,345.0,17.9,100.0
2024-05-25 17:30:00,167,1006.6,65.1,0.0,22.9,6.5,149.0,15.44,100.0
2024-05-25 17:45:00,133,1006.6,66.2,0.0,22.6,6.5,111.0,13.85,100.0
2024-05-25 18:00:00,102,1006.6,67.5,0.0,22.3,6.6,100.0,10.01,100.0
2024-05-25 18:15:00,76,1006.6,68.8,0.0,22.0,6.6,58.0,5.58,100.0
2024-05-25 18:30:00,53,1006.6,70.0,0.0,21.7,6.6,26.0,3.15,100.0
2024-05-25 18:45:00,33,1006.6,70.6,0.0,21.3,6.6,19.0,2.3,100.0
2024-05-25 19:00:00,15,1006.6,71.3,0.0,21.1,6.6,5.0,0.87,100.0
2024-05-25 19:15:00,1,1006.6,72.2,0.0,20.8,6.7,0.0,0.0,100.0
2024-05-25 19:30:00,0,1006.6,73.3,0.0,20.5,6.7,0.0,0.0,100.0
2024-05-25 19:45:00,0,1006.6,74.3,0.0,20.3,6.7,0.0,0.0,100.0
2024-05-25 20:00:00,0,1006.6,75.5,0.0,20.1,6.7,0.0,0.0,100.0
2024-05-25 20:15:00,0,1006.6,76.9,0.0,19.9,6.7,0.0,0.0,100.0
2024-05-25 20:30:00,0,1006.5,78.3,0.0,19.7,6.7,0.0,0.0,100.0
2024-05-25 20:45:00,0,1006.5,79.4,0.0,19.6,6.7,0.0,0.0,100.0
2024-05-25 21:00:00,0,1006.5,80.5,0.0,19.4,6.7,0.0,0.0,100.0
2024-05-25 21:15:00,0,1006.5,81.4,0.0,19.3,6.7,0.0,0.0,100.0
2024-05-25 21:30:00,0,1006.5,82.3,0.0,19.1,6.7,0.0,0.0,100.0
2024-05-25 21:45:00,0,1006.5,83.1,0.0,19.0,6.7,0.0,0.0,100.0
2024-05-25 22:00:00,0,1006.5,84.0,0.0,18.9,6.7,0.0,0.0,100.0
2024-05-25 22:15:00,0,1006.5,84.8,0.0,18.8,6.7,0.0,0.0,100.0
2024-05-25 22:30:00,0,1006.5,85.5,0.0,18.7,6.8,0.0,0.0,100.0
2024-05-25 22:45:00,0,1006.5,86.2,0.0,18.6,6.8,0.0,0.0,100.0
2024-05-25 23:00:00,0,1006.5,86.9,0.0,18.5,6.8,0.0,0.0,100.0
2024-05-25 23:15:00,0,1006.5,87.5,0.0,18.4,6.8,0.0,0.0,100.0
2024-05-25 23:30:00,0,1006.5,88.1,0.0,18.3,6.8,0.0,0.0,100.0
2024-05-25 23:45:00,0,1006.5,88.7,0.0,18.2,6.8,0.0,0.0,100.0
2024-05-26 00:00:00,0,1006.5,92.4,0.0,18.0,7.0,0.0,0.0,100.0
2024-05-26 00:15:00,0,1006.5,93.2,0.0,17.9,7.0,0.0,0.0,100.0
2024-05-26 00:30:00,0,1006.5,93.9,0.0,17.8,6.9,0.0,0.0,100.0
2024-05-26 00:45:00,0,1006.5,94.4,0.0,17.8,6.9,0.0,0.0,100.0
2024-05-26 01:00:00,0,1006.5,94.7,0.0,17.7,6.8,0.0,0.0,100.0
2024-05-26 01:15:00,0,1006.5,95.1,0.0,17.7,6.8,0.0,0.0,100.0
2024-05-26 01:30:00,0,1006.5,95.5,0.0,17.7,6.7,0.0,0.0,100.0
2024-05-26 01:45:00,0,1006.5,96.0,0.0,17.7,6.7,0.0,0.0,100.0
2024-05-26 02:00:00,0,1006.5,96.5,0.0,17.7,6.6,0.0,0.0,100.0
2024-05-26 02:15:00,0,1006.5,96.9,0.0,17.7,6.5,0.0,0.0,100.0
2024-05-26 02:30:00,0,1006.5,97.4,0.0,17.7,6.4,0.0,0.0,100.0
2024-05-26 02:45:00,0,1006.5,98.1,0.0,17.7,6.3,0.0,0.0,100.0
2024-05-26 03:00:00,0,1006.5,98.4,0.0,17.6,6.2,0.0,0.0,100.0
2024-05-26 03:15:00,0,1006.5,98.5,0.0,17.8,6.1,0.0,0.0,100.0
2024-05-26 03:30:00,0,1006.5,98.6,0.0,17.8,6.0,0.0,0.0,100.0
2024-05-26 03:45:00,0,1006.5,98.7,0.0,17.9,5.9,0.0,0.0,100.0
2024-05-26 04:00:00,0,1006.5,98.6,0.1,17.9,5.8,0.0,0.0,100.0
2024-05-26 04:15:00,0,1006.5,98.5,0.2,18.0,5.7,0.0,0.0,100.0
2024-05-26 04:30:00,0,1006.5,98.4,0.1,18.0,5.6,0.0,0.0,100.0
2024-05-26 04:45:00,0,1006.5,98.2,0.2,18.1,5.5,0.0,0.0,100.0
2024-05-26 05:00:00,0,1006.5,97.9,0.4,18.2,5.4,0.0,0.0,100.0
2024-05-26 05:15:00,3,1006.5,97.5,0.4,18.3,5.3,2.0,0.44,100.0
2024-05-26 05:30:00,6,1006.5,97.3,0.4,18.3,5.2,7.0,0.95,100.0
2024-05-26 05:45:00,10,1006.5,97.1,0.4,18.4,5.0,6.0,0.99,100.0
2024-05-26 06:00:00,15,1006.5,97.4,0.5,18.3,4.9,6.0,1.1,100.0
2024-05-26 06:15:00,22,1006.5,98.1,0.2,18.3,4.8,16.0,2.65,100.0
2024-05-26 06:30:00,29,1006.5,98.1,0.2,18.4,4.7,16.0,2.3,100.0
2024-05-26 06:45:00,36,1006.5,97.7,0.3,18.5,4.7,25.0,4.02,100.0
2024-05-26 07:00:00,44,1006.5,97.5,0.5,18.6,4.6,72.0,8.39,100.0
2024-05-26 07:15:00,51,1006.5,97.4,0.1,18.7,4.4,25.0,4.29,100.0
2024-05-26 07:30:00,58,1006.5,96.8,0.1,18.8,4.3,28.0,4.82,100.0
2024-05-26 07:45:00,65,1006.5,96.3,0.2,18.9,4.2,10.0,1.52,100.0
2024-05-26 08:00:00,72,1006.5,96.0,0.2,19.0,4.2,14.0,2.33,100.0
2024-05-26 08:15:00,80,1006.5,95.6,0.1,19.2,4.1,28.0,3.77,100.0
2024-05-26 08:30:00,90,1006.5,95.2,0.1,19.3,4.1,21.0,2.75,100.0
2024-05-26 08:45:00,102,1006.5,94.6,0.2,19.4,4.1,25.0,2.69,100.0
2024-05-26 09:00:00,116,1006.5,94.4,0.5,19.5,4.1,39.0,3.09,100.0
2024-05-26 09:15:00,135,1006.5,94.4,0.8,19.6,4.2,14.0,2.11,100.0
2024-05-26 09:30:00,158,1006.5,94.9,0.7,19.6,4.2,26.0,2.59,100.0
2024-05-26 09:45:00,187,1006.5,95.2,0.5,19.6,4.1,36.0,3.59,100.0
2024-05-26 10:00:00,223,1006.5,95.2,0.4,19.6,4.1,36.0,5.0,100.0
2024-05-26 10:15:00,268,1006.5,95.0,0.3,19.7,4.1,27.0,3.77,100.0
2024-05-26 10:30:00,318,1006.5,94.5,0.6,19.8,4.1,36.0,6.83,100.0
2024-05-26 10:45:00,373,1006.5,93.1,0.5,19.9,4.0,157.0,22.8,100.0
2024-05-26 11:00:00,431,1006.5,93.3,0.5,20.0,4.0,228.0,24.9,100.0
2024-05-26 11:15:00,489,1006.5,93.6,0.4,20.0,4.0,207.0,12.51,100.0
2024-05-26 11:30:00,545,1006.5,93.6,0.4,20.0,4.1,134.0,12.94,100.0
2024-05-26 11:45:00,598,1006.5,93.9,0.3,20.0,4.1,143.0,24.72,100.0
2024-05-26 12:00:00,646,1006.5,93.6,0.3,20.0,4.1,481.0,73.33,100.0
2024-05-26 12:15:00,686,1006.5,92.9,0.3,20.0,4.2,1062.0,99.37,100.0
2024-05-26 12:30:00,715,1006.5,92.6,0.2,20.0,4.3,1021.0,98.32,100.0
2024-05-26 12:45:00,735,1006.5,92.6,0.1,20.1,4.3,953.0,99.52,100.0
2024-05-26 13:00:00,746,1006.5,92.4,0.1,20.1,4.4,1022.0,99.75,100.0
2024-05-26 13:15:00,752,1006.5,91.6,0.1,20.1,4.5,1008.0,99.79,100.0
2024-05-26 13:30:00,751,1006.5,90.3,0.0,20.1,4.6,1005.0,98.74,100.0
2024-05-26 13:45:00,744,1006.5,88.7,0.0,20.2,4.6,909.0,96.92,100.0
2024-05-26 14:00:00,731,1006.5,87.1,0.0,20.2,4.7,903.0,99.85,100.0
2024-05-26 14:15:00,713,1006.5,85.4,0.0,20.2,4.7,875.0,70.2,100.0
2024-05-26 14:30:00,690,1006.5,83.2,0.0,20.2,4.7,831.0,64.25,100.0
2024-05-26 14:45:00,662,1006.5,80.7,0.0,20.3,4.8,803.0,64.25,100.0
2024-05-26 15:00:00,630,1006.5,78.3,0.0,20.3,4.8,760.0,57.44,100.0
2024-05-26 15:15:00,594,1006.5,76.3,0.0,20.4,4.8,707.0,44.96,100.0
2024-05-26 15:30:00,555,1006.5,75.0,0.0,20.4,4.9,680.0,45.22,100.0
2024-05-26 15:45:00,514,1006.5,73.8,0.0,20.4,5.0,639.0,68.32,100.0
2024-05-26 16:00:00,468,1006.5,73.2,0.0,20.5,5.0,595.0,65.39,100.0
2024-05-26 16:15:00,418,1006.5,72.8,0.0,20.5,5.1,548.0,58.34,100.0
2024-05-26 16:30:00,368,1006.5,72.2,0.0,20.5,5.2,504.0,50.99,100.0
2024-05-26 16:45:00,317,1006.5,71.4,0.0,20.5,5.3,449.0,43.36,100.0
2024-05-26 17:00:00,269,1006.5,70.8,0.0,20.5,5.3,398.0,36.2,100.0
2024-05-26 17:15:00,223,1006.5,70.3,0.0,20.5,5.4,342.0,28.4,100.0
2024-05-26 17:30:00,182,1006.5,69.8,0.0,20.5,5.4,289.0,21.39,100.0
2024-05-26 17:45:00,144,1006.5,69.4,0.0,20.5,5.4,226.0,14.47,100.0
2024-05-26 18:00:00,111,1006.5,68.5,0.0,20.6,5.4,171.0,9.52,100.0
2024-05-26 18:15:00,83,1006.5,67.1,0.0,20.6,5.4,115.0,5.99,100.0
2024-05-26 18:30:00,58,1006.5,65.4,0.0,20.6,5.4,72.0,4.5,100.0
2024-05-26 18:45:00,36,1006.5,64.6,0.0,20.6,5.4,24.0,2.84,100.0
2024-05-26 19:00:00,17,1006.5,64.6,0.0,20.6,5.3,12.0,1.63,100.0
2024-05-26 19:15:00,1,1006.5,64.7,0.0,20.6,5.3,0.0,0.0,100.0
2024-05-26 19:30:00,0,1006.5,64.6,0.0,20.6,5.3,0.0,0.0,100.0
2024-05-26 19:45:00,0,1006.5,64.9,0.0,20.5,5.3,0.0,0.0,100.0
2024-05-26 20:00:00,0,1006.5,65.5,0.0,20.5,5.3,0.0,0.0,100.0
2024-05-26 20:15:00,0,1006.5,66.1,0.0,20.5,5.2,0.0,0.0,100.0
2024-05-26 20:30:00,0,1006.5,66.5,0.0,20.5,5.2,0.0,0.0,100.0
2024-05-26 20:45:00,0,1006.5,67.4,0.0,20.5,5.1,0.0,0.0,100.0
2024-05-26 21:00:00,0,1006.5,68.6,0.0,20.4,5.1,0.0,0.0,100.0
2024-05-26 21:15:00,0,1006.5,69.8,0.0,20.4,5.0,0.0,0.0,100.0
2024-05-26 21:30:00,0,1006.5,70.9,0.0,20.3,4.9,0.0,0.0,100.0
2024-05-26 21:45:00,0,1006.5,71.6,0.0,20.2,4.8,0.0,0.0,100.0
2024-05-26 22:00:00,0,1006.5,72.8,0.0,20.2,4.7,0.0,0.0,100.0
2024-05-26 22:15:00,0,1006.5,73.1,0.0,20.1,4.6,0.0,0.0,100.0
2024-05-26 22:30:00,0,1006.5,74.7,0.0,20.0,4.5,0.0,0.0,100.0
2024-05-26 22:45:00,0,1006.5,75.5,0.0,20.0,4.4,0.0,0.0,100.0
2024-05-26 23:00:00,0,1006.5,75.8,0.0,19.9,4.3,0.0,0.0,100.0
2024-05-26 23:15:00,0,1006.5,76.2,0.0,19.9,4.2,0.0,0.0,100.0
2024-05-26 23:30:00,0,1006.5,76.9,0.0,19.8,4.1,0.0,0.0,100.0
2024-05-26 23:45:00,0,1006.5,78.3,0.0,19.7,4.0,0.0,0.0,100.0
2024-05-27 00:00:00,0,1006.5,80.3,0.0,18.4,2.9,0.0,0.0,100.0
2024-05-27 00:15:00,0,1006.5,81.2,0.0,18.2,2.9,0.0,0.0,100.0
2024-05-27 00:30:00,0,1006.5,81.9,0.0,18.0,2.8,0.0,0.0,100.0
2024-05-27 00:45:00,0,1006.5,82.6,0.0,17.8,2.7,0.0,0.0,100.0
2024-05-27 01:00:00,0,1006.5,82.3,0.0,17.7,2.7,0.0,0.0,100.0
2024-05-27 01:15:00,0,1006.5,82.4,0.0,17.6,2.7,0.0,0.0,100.0
2024-05-27 01:30:00,0,1006.5,83.0,0.0,17.4,2.6,0.0,0.0,100.0
2024-05-27 01:45:00,0,1006.5,83.5,0.0,17.3,2.6,0.0,0.0,100.0
2024-05-27 02:00:00,0,1006.5,84.0,0.0,17.3,2.6,0.0,0.0,100.0
2024-05-27 02:15:00,0,1006.5,84.7,0.0,17.1,2.5,0.0,0.0,100.0
2024-05-27 02:30:00,0,1006.5,85.7,0.0,16.9,2.5,0.0,0.0,100.0
2024-05-27 02:45:00,0,1006.5,85.6,0.0,16.9,2.4,0.0,0.0,100.0
2024-05-27 03:00:00,0,1006.5,85.4,0.0,16.9,2.4,0.0,0.0,100.0
2024-05-27 03:15:00,0,1006.5,85.9,0.0,16.9,2.4,0.0,0.0,100.0
2024-05-27 03:30:00,0,1006.5,86.6,0.0,16.8,2.4,0.0,0.0,100.0
2024-05-27 03:45:00,0,1006.5,87.0,0.0,16.8,2.3,0.0,0.0,100.0
2024-05-27 04:00:00,0,1006.5,86.8,0.0,16.7,2.3,0.0,0.0,100.0
2024-05-27 04:15:00,0,1006.5,86.4,0.0,16.7,2.2,0.0,0.0,100.0
2024-05-27 04:30:00,0,1006.5,86.2,0.0,16.7,2.2,0.0,0.0,100.0
2024-05-27 04:45:00,0,1006.5,86.2,0.0,16.7,2.1,0.0,0.0,100.0
2024-05-27 05:00:00,2,1006.5,86.2,0.0,16.8,2.1,9.0,1.37,100.0
2024-05-27 05:15:00,17,1006.5,85.9,0.0,16.9,2.1,34.0,3.3,100.0
2024-05-27 05:30:00,37,1006.5,86.0,0.0,17.0,2.1,60.0,6.05,100.0
2024-05-27 05:45:00,62,1006.5,86.4,0.0,17.0,2.2,109.0,9.75,100.0
2024-05-27 06:00:00,93,1006.5,86.6,0.0,17.1,2.2,155.0,12.7,100.0
2024-05-27 06:15:00,127,1006.5,86.6,0.0,17.2,2.3,229.0,19.67,100.0
2024-05-27 06:30:00,164,1006.5,86.8,0.0,17.4,2.4,175.0,17.5,100.0
2024-05-27 06:45:00,201,1006.5,87.0,0.0,17.6,2.4,186.0,19.82,100.0
2024-05-27 07:00:00,240,1006.5,86.6,0.0,17.9,2.5,318.0,32.58,100.0
2024-05-27 07:15:00,280,1006.5,85.7,0.0,18.4,2.6,390.0,42.53,100.0
2024-05-27 07:30:00,320,1006.5,84.6,0.0,18.8,2.6,475.0,50.62,100.0
2024-05-27 07:45:00,360,1006.5,83.3,0.0,19.2,2.7,501.0,54.41,100.0
2024-05-27 08:00:00,399,1006.5,81.9,0.0,19.4,2.8,558.0,59.58,100.0
2024-05-27 08:15:00,438,1006.5,80.2,0.0,19.7,2.9,530.0,64.01,100.0
2024-05-27 08:30:00,475,1006.5,77.7,0.0,19.9,3.0,549.0,67.46,100.0
2024-05-27 08:45:00,511,1006.5,75.5,0.0,20.1,3.0,681.0,78.38,100.0
2024-05-27 09:00:00,545,1006.5,74.5,0.0,20.2,3.1,616.0,70.38,100.0
2024-05-27 09:15:00,578,1006.6,74.2,0.0,20.2,3.2,602.0,81.02,100.0
2024-05-27 09:30:00,609,1006.6,73.3,0.0,20.2,3.2,590.0,61.87,100.0
2024-05-27 09:45:00,638,1006.6,72.6,0.0,20.3,3.3,545.0,70.78,100.0
2024-05-27 10:00:00,663,1006.6,72.6,0.0,20.3,3.4,608.0,71.1,100.0
2024-05-27 10:15:00,685,1006.6,72.6,0.0,20.3,3.5,633.0,73.44,100.0
2024-05-27 10:30:00,702,1006.6,72.8,0.0,20.3,3.6,569.0,70.99,100.0
2024-05-27 10:45:00,716,1006.6,72.5,0.0,20.3,3.7,622.0,87.03,100.0
2024-05-27 11:00:00,727,1006.6,72.4,0.0,20.3,3.7,699.0,75.86,100.0
2024-05-27 11:15:00,734,1006.6,73.2,0.0,20.2,3.8,840.0,98.84,100.0
2024-05-27 11:30:00,739,1006.5,74.6,0.0,20.2,3.8,1068.0,99.83,100.0
2024-05-27 11:45:00,741,1006.5,75.2,0.0,20.1,3.8,981.0,99.93,100.0
2024-05-27 12:00:00,742,1006.5,74.7,0.0,20.1,3.8,943.0,99.98,100.0
2024-05-27 12:15:00,741,1006.5,73.4,0.0,20.1,3.8,962.0,99.92,100.0
2024-05-27 12:30:00,739,1006.5,71.8,0.0,20.2,3.8,877.0,99.62,100.0
2024-05-27 12:45:00,736,1006.5,69.9,0.0,20.3,3.8,954.0,99.62,100.0
2024-05-27 13:00:00,734,1006.5,68.1,0.0,20.3,3.8,984.0,100.0,100.0
2024-05-27 13:15:00,732,1006.5,66.9,0.0,20.4,3.8,903.0,96.2,100.0
2024-05-27 13:30:00,729,1006.5,66.5,0.0,20.4,3.8,1019.0,96.69,100.0
2024-05-27 13:45:00,724,1006.5,66.2,0.0,20.5,3.7,982.0,96.69,100.0
2024-05-27 14:00:00,716,1006.5,65.4,0.0,20.5,3.7,949.0,99.95,100.0
2024-05-27 14:15:00,704,1006.5,64.0,0.0,20.6,3.7,894.0,98.79,100.0
2024-05-27 14:30:00,688,1006.5,62.4,0.0,20.7,3.6,858.0,99.39,100.0
2024-05-27 14:45:00,667,1006.5,61.0,0.0,20.8,3.5,817.0,96.86,100.0
2024-05-27 15:00:00,641,1006.5,60.2,0.0,20.9,3.5,783.0,93.21,100.0
2024-05-27 15:15:00,610,1006.5,59.3,0.0,20.9,3.4,736.0,87.17,100.0
2024-05-27 15:30:00,573,1006.5,58.5,0.0,21.0,3.3,698.0,81.44,100.0
2024-05-27 15:45:00,531,1006.5,57.6,0.0,21.0,3.3,674.0,74.9,100.0
2024-05-27 16:00:00,483,1006.5,56.8,0.0,21.1,3.2,620.0,65.89,100.0
2024-05-27 16:15:00,432,1006.5,56.1,0.0,21.1,3.1,539.0,55.97,100.0
2024-05-27 16:30:00,380,1006.5,55.2,0.0,21.1,3.0,527.0,53.78,100.0
2024-05-27 16:45:00,328,1006.5,53.6,0.0,21.2,2.9,462.0,44.57,100.0
2024-05-27 17:00:00,278,1006.5,52.0,0.0,21.3,2.8,412.0,37.8,100.0
2024-05-27 17:15:00,231,1006.5,51.1,0.0,21.3,2.7,348.0,28.85,100.0
2024-05-27 17:30:00,188,1006.5,50.5,0.0,21.3,2.7,292.0,21.91,100.0
2024-05-27 17:45:00,149,1006.6,50.0,0.0,21.4,2.6,231.0,14.95,100.0
2024-05-27 18:00:00,115,1006.6,49.7,0.0,21.4,2.5,179.0,9.89,100.0
2024-05-27 18:15:00,85,1006.6,49.6,0.0,21.3,2.4,121.0,5.85,100.0
2024-05-27 18:30:00,60,1006.6,49.4,0.0,21.2,2.4,76.0,4.29,100.0
2024-05-27 18:45:00,38,1006.6,49.4,0.0,21.2,2.3,22.0,2.95,100.0
2024-05-27 19:00:00,18,1006.6,49.8,0.0,21.1,2.2,11.0,1.68,100.0
2024-05-27 19:15:00,1,1006.6,50.7,0.0,21.0,2.2,0.0,0.0,100.0
2024-05-27 19:30:00,0,1006.6,51.6,0.0,20.9,2.1,0.0,0.0,100.0
2024-05-27 19:45:00,0,1006.6,52.2,0.0,20.9,2.1,0.0,0.0,100.0
2024-05-27 20:00:00,0,1006.6,52.2,0.0,20.8,2.0,0.0,0.0,100.0
2024-05-27 20:15:00,0,1006.6,51.8,0.0,20.7,2.0,0.0,0.0,100.0
2024-05-27 20:30:00,0,1006.6,51.4,0.0,20.7,2.0,0.0,0.0,100.0
2024-05-27 20:45:00,0,1006.5,51.1,0.0,20.6,1.9,0.0,0.0,100.0
2024-05-27 21:00:00,0,1006.5,50.9,0.0,20.5,1.9,0.0,0.0,100.0
2024-05-27 21:15:00,0,1006.5,51.1,0.0,20.3,1.9,0.0,0.0,100.0
2024-05-27 21:30:00,0,1006.5,51.9,0.0,20.2,1.9,0.0,0.0,100.0
2024-05-27 21:45:00,0,1006.5,52.9,0.0,20.0,1.9,0.0,0.0,100.0
2024-05-27 22:00:00,0,1006.5,53.6,0.0,19.8,1.9,0.0,0.0,100.0
2024-05-27 22:15:00,0,1006.5,53.8,0.0,19.7,1.9,0.0,0.0,100.0
2024-05-27 22:30:00,0,1006.5,53.8,0.0,19.6,1.9,0.0,0.0,100.0
2024-05-27 22:45:00,0,1006.5,54.0,0.0,19.5,2.0,0.0,0.0,100.0
2024-05-27 23:00:00,0,1006.5,54.2,0.0,19.3,2.0,0.0,0.0,100.0
2024-05-27 23:15:00,0,1006.5,54.2,0.0,19.1,2.0,0.0,0.0,100.0
2024-05-27 23:30:00,0,1006.5,54.2,0.0,19.0,2.1,0.0,0.0,100.0
2024-05-27 23:45:00,0,1006.5,54.4,0.0,18.9,2.1,0.0,0.0,100.0
2024-05-28 00:00:00,0,1006.5,48.5,0.0,18.2,1.7,0.0,0.0,100.0
2024-05-28 00:15:00,0,1006.5,47.3,0.0,18.1,1.7,0.0,0.0,100.0
2024-05-28 00:30:00,0,1006.5,46.6,0.0,18.1,1.8,0.0,0.0,100.0
2024-05-28 00:45:00,0,1006.5,46.5,0.0,17.9,1.8,0.0,0.0,100.0
2024-05-28 01:00:00,0,1006.5,46.5,0.0,17.7,1.9,0.0,0.0,100.0
2024-05-28 01:15:00,0,1006.5,46.7,0.0,17.6,1.9,0.0,0.0,100.0
2024-05-28 01:30:00,0,1006.5,47.7,0.0,17.5,1.9,0.0,0.0,100.0
2024-05-28 01:45:00,0,1006.5,49.5,0.0,17.3,2.0,0.0,0.0,100.0
2024-05-28 02:00:00,0,1006.5,51.6,0.0,17.2,2.0,0.0,0.0,100.0
2024-05-28 02:15:00,0,1006.5,53.8,0.0,17.0,2.1,0.0,0.0,100.0
2024-05-28 02:30:00,0,1006.5,56.0,0.0,16.9,2.1,0.0,0.0,100.0
2024-05-28 02:45:00,0,1006.5,58.3,0.0,16.7,2.1,0.0,0.0,100.0
2024-05-28 03:00:00,0,1006.5,61.0,0.0,16.6,2.2,0.0,0.0,100.0
2024-05-28 03:15:00,0,1006.5,63.4,0.0,16.4,2.2,0.0,0.0,100.0
2024-05-28 03:30:00,0,1006.5,64.9,0.0,16.3,2.3,0.0,0.0,100.0
2024-05-28 03:45:00,0,1006.5,65.5,0.0,16.2,2.3,0.0,0.0,100.0
2024-05-28 04:00:00,0,1006.5,65.8,0.0,16.1,2.3,0.0,0.0,100.0
2024-05-28 04:15:00,0,1006.5,65.7,0.0,16.0,2.3,0.0,0.0,100.0
2024-05-28 04:30:00,0,1006.5,65.8,0.0,16.0,2.3,0.0,0.0,100.0
2024-05-28 04:45:00,0,1006.5,66.0,0.0,15.9,2.2,0.0,0.0,100.0
2024-05-28 05:00:00,3,1006.5,66.0,0.0,15.9,2.2,8.0,1.41,100.0
2024-05-28 05:15:00,20,1006.5,66.0,0.0,15.9,2.2,29.0,3.05,100.0
2024-05-28 05:30:00,43,1006.5,65.8,0.0,15.9,2.1,60.0,4.56,100.0
2024-05-28 05:45:00,73,1006.5,65.5,0.0,15.9,2.1,102.0,6.64,100.0
2024-05-28 06:00:00,108,1006.5,65.1,0.0,16.0,2.0,141.0,9.48,100.0
2024-05-28 06:15:00,148,1006.5,64.8,0.0,16.2,2.0,197.0,14.87,100.0
2024-05-28 06:30:00,190,1006.5,64.8,0.0,16.5,1.9,246.0,19.9,100.0
2024-05-28 06:45:00,234,1006.5,65.0,0.0,16.8,1.8,308.0,27.59,100.0
2024-05-28 07:00:00,278,1006.5,65.1,0.0,17.2,1.8,360.0,34.51,100.0
2024-05-28 07:15:00,323,1006.5,64.9,0.0,17.6,1.7,419.0,42.34,100.0
2024-05-28 07:30:00,369,1006.5,64.1,0.0,18.2,1.7,469.0,49.26,100.0
2024-05-28 07:45:00,414,1006.5,61.5,0.0,18.7,1.6,523.0,57.12,100.0
2024-05-28 08:00:00,458,1006.5,59.3,0.0,19.2,1.6,568.0,63.49,100.0
2024-05-28 08:15:00,501,1006.6,57.8,0.0,19.6,1.6,615.0,70.51,100.0
2024-05-28 08:30:00,543,1006.6,56.5,0.0,20.1,1.7,655.0,76.22,100.0
2024-05-28 08:45:00,583,1006.6,54.0,0.0,20.6,1.7,688.0,81.71,100.0
2024-05-28 09:00:00,622,1006.6,51.6,0.0,21.0,1.7,717.0,86.45,100.0
2024-05-28 09:15:00,659,1006.6,49.4,0.0,21.4,1.7,750.0,90.68,100.0
2024-05-28 09:30:00,695,1006.6,47.3,0.0,21.6,1.8,766.0,94.99,100.0
2024-05-28 09:45:00,729,1006.6,45.5,0.0,21.8,1.8,825.0,98.38,100.0
2024-05-28 10:00:00,761,1006.6,44.0,0.0,21.9,1.9,838.0,98.38,100.0
2024-05-28 10:15:00,789,1006.6,42.9,0.0,22.0,1.9,918.0,98.38,100.0
2024-05-28 10:30:00,814,1006.6,42.3,0.0,21.9,2.0,955.0,98.38,100.0
2024-05-28 10:45:00,836,1006.6,42.2,0.0,21.8,2.0,991.0,98.38,100.0
2024-05-28 11:00:00,854,1006.6,42.5,0.0,21.5,2.1,1002.0,98.38,100.0
2024-05-28 11:15:00,868,1006.6,42.6,0.0,21.4,2.2,1014.0,98.38,100.0
2024-05-28 11:30:00,879,1006.6,42.1,0.0,21.4,2.2,1023.0,98.38,100.0
2024-05-28 11:45:00,885,1006.6,41.8,0.0,21.4,2.3,1027.0,98.38,100.0
2024-05-28 12:00:00,888,1006.6,41.4,0.0,21.4,2.4,1021.0,99.68,100.0
2024-05-28 12:15:00,887,1006.6,40.9,0.0,21.4,2.4,1017.0,99.68,100.0
2024-05-28 12:30:00,882,1006.6,40.4,0.0,21.5,2.5,1020.0,99.68,100.0
2024-05-28 12:45:00,873,1006.6,39.7,0.0,21.7,2.5,1006.0,99.68,100.0
2024-05-28 13:00:00,862,1006.6,38.9,0.0,21.8,2.6,996.0,99.68,100.0
2024-05-28 13:15:00,848,1006.6,38.2,0.0,21.9,2.6,1001.0,99.68,100.0
2024-05-28 13:30:00,830,1006.6,37.5,0.0,22.0,2.6,980.0,99.9,100.0
2024-05-28 13:45:00,809,1006.6,36.8,0.0,22.1,2.6,895.0,99.72,100.0
2024-05-28 14:00:00,785,1006.6,36.1,0.0,22.3,2.5,875.0,99.33,100.0
2024-05-28 14:15:00,757,1006.6,35.6,0.0,22.4,2.5,856.0,92.43,100.0
2024-05-28 14:30:00,726,1006.6,35.2,0.0,22.6,2.4,804.0,90.43,100.0
2024-05-28 14:45:00,691,1006.6,34.9,0.0,22.8,2.4,732.0,97.22,100.0
2024-05-28 15:00:00,653,1006.6,34.7,0.0,23.0,2.3,774.0,90.08,100.0
2024-05-28 15:15:00,612,1006.6,34.5,0.0,23.2,2.3,714.0,83.63,100.0
2024-05-28 15:30:00,569,1006.6,34.4,0.0,23.4,2.3,676.0,77.91,100.0
2024-05-28 15:45:00,523,1006.6,34.5,0.0,23.7,2.2,633.0,70.95,100.0
2024-05-28 16:00:00,473,1006.6,34.7,0.0,23.9,2.2,594.0,64.66,100.0
2024-05-28 16:15:00,422,1006.6,35.0,0.0,24.1,2.3,541.0,56.91,100.0
2024-05-28 16:30:00,370,1006.6,35.5,0.0,24.3,2.3,497.0,50.37,100.0
2024-05-28 16:45:00,319,1006.6,36.1,0.0,24.5,2.3,437.0,42.0,100.0
2024-05-28 17:00:00,270,1006.6,37.0,0.0,24.6,2.3,389.0,35.62,100.0
2024-05-28 17:15:00,225,1006.6,38.3,0.0,24.6,2.3,326.0,27.86,100.0
2024-05-28 17:30:00,183,1006.6,40.0,0.0,24.7,2.4,272.0,21.65,100.0
2024-05-28 17:45:00,146,1006.6,41.9,0.0,24.6,2.4,212.0,15.21,100.0
2024-05-28 18:00:00,113,1006.6,44.4,0.0,24.4,2.5,164.0,10.78,100.0
2024-05-28 18:15:00,85,1006.6,47.7,0.0,24.2,2.6,105.0,6.82,100.0
2024-05-28 18:30:00,60,1006.6,51.8,0.0,23.8,2.6,68.0,4.99,100.0
2024-05-28 18:45:00,38,1006.6,54.7,0.0,23.3,2.8,22.0,3.15,100.0
2024-05-28 19:00:00,18,1006.6,56.0,0.0,22.9,2.9,9.0,1.63,100.0
2024-05-28 19:15:00,2,1006.6,57.3,0.0,22.5,3.0,0.0,0.0,100.0
2024-05-28 19:30:00,0,1006.6,58.0,0.0,22.2,3.1,0.0,0.0,100.0
2024-05-28 19:45:00,0,1006.6,58.1,0.0,21.9,3.2,0.0,0.0,100.0
2024-05-28 20:00:00,0,1006.6,58.4,0.0,21.6,3.3,0.0,0.0,100.0
2024-05-28 20:15:00,0,1006.6,59.2,0.0,21.3,3.5,0.0,0.0,100.0
2024-05-28 20:30:00,0,1006.6,60.6,0.0,21.0,3.6,0.0,0.0,100.0
2024-05-28 20:45:00,0,1006.6,61.9,0.0,20.7,3.7,0.0,0.0,100.0
2024-05-28 21:00:00,0,1006.6,63.0,0.0,20.5,3.8,0.0,0.0,100.0
2024-05-28 21:15:00,0,1006.6,64.8,0.0,20.2,3.9,0.0,0.0,100.0
2024-05-28 21:30:00,0,1006.6,66.8,0.0,20.0,4.0,0.0,0.0,100.0
2024-05-28 21:45:00,0,1006.6,69.0,0.0,19.8,4.1,0.0,0.0,100.0
2024-05-28 22:00:00,0,1006.6,72.1,0.0,19.6,4.2,0.0,0.0,100.0
2024-05-28 22:15:00,0,1006.6,75.2,0.0,19.4,4.2,0.0,0.0,100.0
2024-05-28 22:30:00,0,1006.6,77.0,0.0,19.2,4.3,0.0,0.0,100.0
2024-05-28 22:45:00,0,1006.6,78.0,0.0,19.1,4.3,0.0,0.0,100.0
2024-05-28 23:00:00,0,1006.6,79.0,0.0,18.9,4.4,0.0,0.0,100.0
2024-05-28 23:15:00,0,1006.6,80.0,0.0,18.8,4.4,0.0,0.0,100.0
2024-05-28 23:30:00,0,1006.6,80.7,0.0,18.6,4.5,0.0,0.0,100.0
2024-05-28 23:45:00,0,1006.6,81.1,0.0,18.5,4.5,0.0,0.0,100.0
2024-05-29 00:00:00,0,1006.6,80.2,0.0,18.6,4.2,0.0,0.0,100.0
2024-05-29 00:15:00,0,1006.6,81.5,0.0,18.4,4.2,0.0,0.0,100.0
2024-05-29 00:30:00,0,1006.6,81.9,0.0,18.3,4.2,0.0,0.0,100.0
2024-05-29 00:45:00,0,1006.6,82.0,0.0,18.3,4.3,0.0,0.0,100.0
2024-05-29 01:00:00,0,1006.5,82.5,0.0,18.1,4.3,0.0,0.0,100.0
2024-05-29 01:15:00,0,1006.5,82.6,0.0,18.0,4.3,0.0,0.0,100.0
2024-05-29 01:30:00,0,1006.5,82.5,0.0,17.9,4.3,0.0,0.0,100.0
2024-05-29 01:45:00,0,1006.5,82.3,0.0,17.8,4.3,0.0,0.0,100.0
2024-05-29 02:00:00,0,1006.5,82.4,0.0,17.7,4.3,0.0,0.0,100.0
2024-05-29 02:15:00,0,1006.5,82.2,0.0,17.6,4.4,0.0,0.0,100.0
2024-05-29 02:30:00,0,1006.5,81.8,0.0,17.5,4.4,0.0,0.0,100.0
2024-05-29 02:45:00,0,1006.5,81.5,0.0,17.4,4.4,0.0,0.0,100.0
2024-05-29 03:00:00,0,1006.5,81.1,0.0,17.3,4.4,0.0,0.0,100.0
2024-05-29 03:15:00,0,1006.5,80.6,0.0,17.2,4.5,0.0,0.0,100.0
2024-05-29 03:30:00,0,1006.5,80.1,0.0,17.1,4.5,0.0,0.0,100.0
2024-05-29 03:45:00,0,1006.5,79.5,0.0,17.0,4.5,0.0,0.0,100.0
2024-05-29 04:00:00,0,1006.5,79.0,0.0,16.8,4.5,0.0,0.0,100.0
2024-05-29 04:15:00,0,1006.5,78.5,0.0,16.7,4.6,0.0,0.0,100.0
2024-05-29 04:30:00,0,1006.5,77.9,0.0,16.6,4.6,0.0,0.0,100.0
2024-05-29 04:45:00,0,1006.5,77.4,0.0,16.5,4.7,0.0,0.0,100.0
2024-05-29 05:00:00,3,1006.5,77.1,0.0,16.5,4.7,14.0,1.82,100.0
2024-05-29 05:15:00,20,1006.5,76.8,0.0,16.4,4.7,34.0,3.99,100.0
2024-05-29 05:30:00,42,1006.5,76.4,0.0,16.4,4.7,53.0,6.03,100.0
2024-05-29 05:45:00,71,1006.5,75.7,0.0,16.5,4.8,107.0,10.48,100.0
2024-05-29 06:00:00,105,1006.5,74.7,0.0,16.7,4.8,76.0,9.43,100.0
2024-05-29 06:15:00,144,1006.5,73.4,0.0,17.0,4.9,144.0,9.11,100.0
2024-05-29 06:30:00,185,1006.5,72.0,0.0,17.4,4.9,206.0,20.39,100.0
2024-05-29 06:45:00,227,1006.5,70.3,0.0,17.8,5.0,323.0,31.61,100.0
2024-05-29 07:00:00,270,1006.5,68.2,0.0,18.2,5.0,292.0,37.78,100.0
2024-05-29 07:15:00,314,1006.5,66.2,0.0,18.6,5.1,416.0,36.76,100.0
2024-05-29 07:30:00,358,1006.6,64.8,0.0,18.9,5.2,517.0,59.99,100.0
2024-05-29 07:45:00,401,1006.6,63.8,0.0,19.3,5.2,586.0,52.75,100.0
2024-05-29 08:00:00,444,1006.6,62.7,0.0,19.6,5.3,395.0,62.2,100.0
2024-05-29 08:15:00,485,1006.6,61.1,0.0,20.0,5.4,268.0,27.7,100.0
2024-05-29 08:30:00,525,1006.6,59.0,0.0,20.4,5.5,323.0,35.34,100.0
2024-05-29 08:45:00,564,1006.6,57.1,0.0,20.7,5.6,757.0,76.64,100.0
2024-05-29 09:00:00,602,1006.6,55.5,0.0,21.1,5.7,824.0,81.16,100.0
2024-05-29 09:15:00,638,1006.6,54.3,0.0,21.4,5.9,388.0,47.48,100.0
2024-05-29 09:30:00,673,1006.6,52.5,0.0,21.7,6.0,766.0,71.14,100.0
2024-05-29 09:45:00,708,1006.6,50.5,0.0,22.0,6.1,856.0,99.34,100.0
2024-05-29 10:00:00,740,1006.6,48.8,0.0,22.3,6.2,878.0,99.34,100.0
2024-05-29 10:15:00,769,1006.6,47.0,0.0,22.5,6.3,922.0,99.34,100.0
2024-05-29 10:30:00,796,1006.6,45.4,0.0,22.7,6.4,964.0,99.34,100.0
2024-05-29 10:45:00,819,1006.6,43.8,0.0,22.9,6.5,1013.0,99.76,100.0
2024-05-29 11:00:00,840,1006.6,43.1,0.0,23.0,6.6,1004.0,99.8,100.0
2024-05-29 11:15:00,856,1006.6,41.7,0.0,23.2,6.7,1018.0,99.8,100.0
2024-05-29 11:30:00,869,1006.6,39.7,0.0,23.3,6.8,990.0,98.97,100.0
2024-05-29 11:45:00,878,1006.6,38.1,0.0,23.5,6.9,1073.0,99.91,100.0
2024-05-29 12:00:00,882,1006.6,38.0,0.0,23.5,7.0,1035.0,99.98,100.0
2024-05-29 12:15:00,883,1006.6,38.0,0.0,23.6,7.0,1033.0,100.0,100.0
2024-05-29 12:30:00,879,1006.6,37.5,0.0,23.6,7.1,922.0,100.0,100.0
2024-05-29 12:45:00,870,1006.6,37.6,0.0,23.7,7.2,1070.0,99.82,100.0
2024-05-29 13:00:00,859,1006.6,37.5,0.0,23.7,7.2,1007.0,99.82,100.0
2024-05-29 13:15:00,844,1006.6,36.5,0.0,23.8,7.3,895.0,99.82,100.0
2024-05-29 13:30:00,826,1006.6,36.6,0.0,23.8,7.3,942.0,93.76,100.0
2024-05-29 13:45:00,805,1006.6,37.2,0.0,23.8,7.4,939.0,99.82,100.0
2024-05-29 14:00:00,780,1006.6,36.9,0.0,23.9,7.4,897.0,99.66,100.0
2024-05-29 14:15:00,751,1006.6,36.8,0.0,23.9,7.4,862.0,98.94,100.0
2024-05-29 14:30:00,718,1006.6,36.6,0.0,23.9,7.4,780.0,94.87,100.0
2024-05-29 14:45:00,682,1006.6,36.9,0.0,23.9,7.4,784.0,93.29,100.0
2024-05-29 15:00:00,642,1006.6,38.1,0.0,23.7,7.4,717.0,85.03,100.0
2024-05-29 15:15:00,600,1006.6,38.6,0.0,23.6,7.4,572.0,68.77,100.0
2024-05-29 15:30:00,554,1006.6,39.5,0.0,23.5,7.4,524.0,65.66,100.0
2024-05-29 15:45:00,506,1006.6,40.2,0.0,23.3,7.3,652.0,71.91,100.0
2024-05-29 16:00:00,455,1006.6,40.9,0.0,23.1,7.2,535.0,49.82,100.0
2024-05-29 16:15:00,401,1006.6,39.9,0.0,22.9,7.2,491.0,57.18,100.0
2024-05-29 16:30:00,347,1006.6,39.7,0.0,22.8,7.1,511.0,51.2,100.0
2024-05-29 16:45:00,295,1006.6,40.4,0.0,22.5,7.0,273.0,25.51,100.0
2024-05-29 17:00:00,245,1006.6,41.9,0.0,22.3,7.0,317.0,26.92,100.0
2024-05-29 17:15:00,199,1006.6,43.6,0.0,22.1,6.9,205.0,22.04,100.0
2024-05-29 17:30:00,158,1006.6,45.3,0.0,21.8,6.8,142.0,15.32,100.0
2024-05-29 17:45:00,123,1006.6,47.5,0.0,21.5,6.8,109.0,13.18,100.0
2024-05-29 18:00:00,92,1006.6,50.5,0.0,21.2,6.7,84.0,9.96,100.0
2024-05-29 18:15:00,67,1006.6,53.9,0.0,20.8,6.6,51.0,6.03,100.0
2024-05-29 18:30:00,46,1006.6,55.9,0.0,20.5,6.5,29.0,3.36,100.0
2024-05-29 18:45:00,29,1006.6,58.3,0.0,20.2,6.5,14.0,1.9,100.0
2024-05-29 19:00:00,14,1006.6,60.3,0.0,19.9,6.4,4.0,0.91,100.0
2024-05-29 19:15:00,2,1006.6,61.5,0.0,19.7,6.4,0.0,0.0,100.0
2024-05-29 19:30:00,0,1006.6,62.2,0.0,19.5,6.3,0.0,0.0,100.0
2024-05-29 19:45:00,0,1006.5,62.9,0.0,19.3,6.2,0.0,0.0,100.0
2024-05-29 20:00:00,0,1006.5,63.6,0.0,19.2,6.2,0.0,0.0,100.0
2024-05-29 20:15:00,0,1006.5,64.0,0.0,19.0,6.1,0.0,0.0,100.0
2024-05-29 20:30:00,0,1006.5,65.1,0.0,18.8,6.1,0.0,0.0,100.0
2024-05-29 20:45:00,0,1006.5,66.5,0.0,18.7,6.1,0.0,0.0,100.0
2024-05-29 21:00:00,0,1006.5,67.7,0.0,18.6,6.1,0.0,0.0,100.0
2024-05-29 21:15:00,0,1006.5,68.4,0.0,18.5,6.1,0.0,0.0,100.0
2024-05-29 21:30:00,0,1006.5,68.9,0.0,18.4,6.1,0.0,0.0,100.0
2024-05-29 21:45:00,0,1006.5,69.6,0.0,18.3,6.1,0.0,0.0,100.0
2024-05-29 22:00:00,0,1006.5,70.4,0.0,18.2,6.2,0.0,0.0,100.0
2024-05-29 22:15:00,0,1006.5,71.3,0.0,18.1,6.2,0.0,0.0,100.0
2024-05-29 22:30:00,0,1006.5,72.2,0.0,18.0,6.3,0.0,0.0,100.0
2024-05-29 22:45:00,0,1006.5,73.1,0.0,18.0,6.3,0.0,0.0,100.0
2024-05-29 23:00:00,0,1006.5,73.9,0.0,17.9,6.4,0.0,0.0,100.0
2024-05-29 23:15:00,0,1006.5,74.8,0.0,17.8,6.4,0.0,0.0,100.0
2024-05-29 23:30:00,0,1006.5,75.9,0.0,17.8,6.4,0.0,0.0,100.0
2024-05-29 23:45:00,0,1006.5,77.0,0.0,17.7,6.5,0.0,0.0,100.0
2024-05-31 00:00:00,0,1006.5,91.3,0.0,19.5,6.2,0.0,0.0,100.0
2024-05-31 00:15:00,0,1006.5,91.7,0.0,19.4,6.1,0.0,0.0,100.0
2024-05-31 00:30:00,0,1006.5,92.2,0.0,19.3,6.0,0.0,0.0,100.0
2024-05-31 00:45:00,0,1006.5,92.7,0.0,19.2,5.8,0.0,0.0,100.0
2024-05-31 01:00:00,0,1006.5,93.2,0.0,19.2,5.7,0.0,0.0,100.0
2024-05-31 01:15:00,0,1006.5,93.8,0.0,19.1,5.6,0.0,0.0,100.0
2024-05-31 01:30:00,0,1006.5,94.5,0.0,19.0,5.5,0.0,0.0,100.0
2024-05-31 01:45:00,0,1006.5,95.2,0.0,19.0,5.4,0.0,0.0,100.0
2024-05-31 02:00:00,0,1006.5,95.8,0.0,18.9,5.3,0.0,0.0,100.0
2024-05-31 02:15:00,0,1006.5,96.5,0.0,18.8,5.2,0.0,0.0,100.0
2024-05-31 02:30:00,0,1006.5,97.1,0.0,18.7,5.1,0.0,0.0,100.0
2024-05-31 02:45:00,0,1006.5,97.7,0.0,18.7,5.0,0.0,0.0,100.0
2024-05-31 03:00:00,0,1006.5,98.2,0.0,18.6,5.0,0.0,0.0,100.0
2024-05-31 03:15:00,0,1006.5,98.8,0.0,18.6,4.9,0.0,0.0,100.0
2024-05-31 03:30:00,0,1006.5,99.1,0.0,18.6,4.8,0.0,0.0,100.0
2024-05-31 03:45:00,0,1006.5,99.3,0.0,18.5,4.8,0.0,0.0,100.0
2024-05-31 04:00:00,0,1006.5,99.5,0.0,18.5,4.7,0.0,0.0,100.0
2024-05-31 04:15:00,0,1006.5,99.6,0.0,18.6,4.7,0.0,0.0,100.0
2024-05-31 04:30:00,0,1006.5,99.7,0.0,18.6,4.6,0.0,0.0,100.0
2024-05-31 04:45:00,0,1006.5,99.8,0.0,18.6,4.5,0.0,0.0,100.0
2024-05-31 05:00:00,4,1006.5,99.8,0.0,18.6,4.5,11.0,1.49,100.0
2024-05-31 05:15:00,20,1006.5,99.9,0.0,18.6,4.4,29.0,3.27,100.0
2024-05-31 05:30:00,43,1006.5,99.8,0.0,18.6,4.3,51.0,5.12,100.0
2024-05-31 05:45:00,71,1006.5,99.8,0.0,18.6,4.3,81.0,7.5,100.0
2024-05-31 06:00:00,105,1006.5,99.9,0.0,18.7,4.3,115.0,10.15,100.0
2024-05-31 06:15:00,143,1006.5,100.0,0.0,18.7,4.3,165.0,14.68,100.0
2024-05-31 06:30:00,184,1006.5,100.0,0.0,18.8,4.4,208.0,18.96,100.0
2024-05-31 06:45:00,226,1006.5,100.0,0.0,18.8,4.5,256.0,24.15,100.0
2024-05-31 07:00:00,268,1006.5,100.0,0.0,18.9,4.6,313.0,30.81,100.0
2024-05-31 07:15:00,311,1006.5,100.0,0.0,18.9,4.7,373.0,38.08,100.0
2024-05-31 07:30:00,355,1006.5,100.0,0.0,19.1,4.8,421.0,44.53,100.0
2024-05-31 07:45:00,398,1006.6,99.7,0.0,19.3,4.9,477.0,51.34,100.0
2024-05-31 08:00:00,440,1006.6,96.5,0.0,19.9,5.0,548.0,62.3,100.0
2024-05-31 08:15:00,481,1006.6,91.9,0.0,20.6,5.1,645.0,40.17,100.0
2024-05-31 08:30:00,520,1006.6,87.8,0.0,21.2,5.2,658.0,57.1,100.0
2024-05-31 08:45:00,559,1006.6,83.1,0.0,21.6,5.3,642.0,78.35,100.0
2024-05-31 09:00:00,596,1006.6,81.2,0.0,21.6,5.5,693.0,82.83,100.0
2024-05-31 09:15:00,631,1006.6,82.1,0.0,21.4,5.6,670.0,91.2,100.0
2024-05-31 09:30:00,666,1006.6,82.5,0.0,21.2,5.7,778.0,95.45,100.0
2024-05-31 09:45:00,699,1006.6,82.5,0.0,21.1,5.9,827.0,96.55,100.0
2024-05-31 10:00:00,730,1006.6,83.3,0.0,21.0,6.1,870.0,99.44,100.0
2024-05-31 10:15:00,758,1006.6,84.0,0.0,20.8,6.3,625.0,92.8,100.0
2024-05-31 10:30:00,783,1006.6,82.8,0.0,20.7,6.4,474.0,76.84,100.0
2024-05-31 10:45:00,804,1006.6,81.9,0.0,20.6,6.7,803.0,96.05,100.0
2024-05-31 11:00:00,823,1006.6,81.7,0.0,20.5,6.9,959.0,98.63,100.0
2024-05-31 11:15:00,837,1006.6,81.2,0.0,20.5,7.1,974.0,97.52,100.0
2024-05-31 11:30:00,849,1006.6,81.1,0.0,20.4,7.3,1010.0,95.84,100.0
2024-05-31 11:45:00,856,1006.6,81.4,0.0,20.2,7.5,1002.0,98.06,100.0
2024-05-31 12:00:00,860,1006.6,81.5,0.0,20.1,7.7,873.0,97.25,100.0
2024-05-31 12:15:00,860,1006.6,81.5,0.0,20.1,7.8,1003.0,99.56,100.0
2024-05-31 12:30:00,856,1006.6,81.1,0.0,20.0,7.9,1002.0,100.0,100.0
2024-05-31 12:45:00,848,1006.6,80.3,0.0,20.0,8.0,996.0,100.0,100.0
2024-05-31 13:00:00,839,1006.6,79.9,0.0,19.9,8.1,1002.0,100.0,100.0
2024-05-31 13:15:00,826,1006.6,79.4,0.0,19.9,8.2,999.0,100.0,100.0
2024-05-31 13:30:00,810,1006.6,78.7,0.0,19.8,8.3,978.0,100.0,100.0
2024-05-31 13:45:00,791,1006.6,77.4,0.0,19.8,8.3,963.0,100.0,100.0
2024-05-31 14:00:00,769,1006.6,76.6,0.0,19.8,8.4,921.0,100.0,100.0
2024-05-31 14:15:00,743,1006.6,76.1,0.0,19.7,8.4,856.0,99.85,100.0
2024-05-31 14:30:00,713,1006.6,75.5,0.0,19.7,8.4,837.0,99.85,100.0
2024-05-31 14:45:00,680,1006.6,75.2,0.0,19.6,8.3,811.0,98.15,100.0
2024-05-31 15:00:00,643,1006.6,75.0,0.0,19.6,8.3,765.0,93.16,100.0
2024-05-31 15:15:00,602,1006.6,75.0,0.0,19.5,8.2,723.0,85.92,100.0
2024-05-31 15:30:00,559,1006.6,74.4,0.0,19.5,8.1,710.0,83.83,100.0
2024-05-31 15:45:00,512,1006.6,73.9,0.0,19.5,8.0,661.0,75.46,100.0
2024-05-31 16:00:00,462,1006.6,73.6,0.0,19.5,7.9,545.0,68.65,100.0
2024-05-31 16:15:00,409,1006.6,73.4,0.0,19.4,7.8,579.0,61.84,100.0
2024-05-31 16:30:00,356,1006.6,73.0,0.0,19.4,7.6,431.0,33.92,100.0
2024-05-31 16:45:00,304,1006.6,72.5,0.0,19.4,7.5,186.0,22.62,100.0
2024-05-31 17:00:00,255,1006.6,72.0,0.0,19.4,7.3,464.0,31.29,100.0
2024-05-31 17:15:00,210,1006.6,71.6,0.0,19.4,7.1,154.0,19.03,100.0
2024-05-31 17:30:00,168,1006.6,71.3,0.0,19.4,7.0,393.0,34.68,100.0
2024-05-31 17:45:00,132,1006.6,71.0,0.0,19.4,6.7,241.0,16.31,100.0
2024-05-31 18:00:00,101,1006.6,70.8,0.0,19.3,6.5,189.0,11.46,100.0
2024-05-31 18:15:00,74,1006.6,70.4,0.0,19.3,6.3,119.0,6.42,100.0
2024-05-31 18:30:00,52,1006.6,70.0,0.0,19.3,6.1,53.0,4.69,100.0
2024-05-31 18:45:00,33,1006.6,69.8,0.0,19.3,5.9,34.0,3.88,100.0
2024-05-31 19:00:00,17,1006.6,69.9,0.0,19.2,5.6,14.0,1.93,100.0
2024-05-31 19:15:00,2,1006.6,69.8,0.0,19.2,5.4,0.0,0.0,100.0
2024-05-31 19:30:00,0,1006.6,69.5,0.0,19.3,5.1,0.0,0.0,100.0
2024-05-31 19:45:00,0,1006.6,69.4,0.0,19.3,4.9,0.0,0.0,100.0
2024-05-31 20:00:00,0,1006.6,69.6,0.0,19.2,4.7,0.0,0.0,100.0
2024-05-31 20:15:00,0,1006.6,69.9,0.0,19.2,4.4,0.0,0.0,100.0
2024-05-31 20:30:00,0,1006.6,70.0,0.0,19.2,4.2,0.0,0.0,100.0
2024-05-31 20:45:00,0,1006.6,70.2,0.0,19.2,4.0,0.0,0.0,100.0
2024-05-31 21:00:00,0,1006.6,70.4,0.0,19.2,3.8,0.0,0.0,100.0
2024-05-31 21:15:00,0,1006.6,70.6,0.0,19.2,3.7,0.0,0.0,100.0
2024-05-31 21:30:00,0,1006.6,71.0,0.0,19.2,3.5,0.0,0.0,100.0
2024-05-31 21:45:00,0,1006.6,71.3,0.0,19.2,3.4,0.0,0.0,100.0
2024-05-31 22:00:00,0,1006.6,71.7,0.0,19.3,3.2,0.0,0.0,100.0
2024-05-31 22:15:00,0,1006.6,71.9,0.0,19.3,3.1,0.0,0.0,100.0
2024-05-31 22:30:00,0,1006.6,72.0,0.0,19.3,3.0,0.0,0.0,100.0
2024-05-31 22:45:00,0,1006.6,71.9,0.0,19.4,2.9,0.0,0.0,100.0
2024-05-31 23:00:00,0,1006.6,71.7,0.0,19.4,2.8,0.0,0.0,100.0
2024-05-31 23:15:00,0,1006.6,71.2,0.0,19.4,2.7,0.0,0.0,100.0
2024-05-31 23:30:00,0,1006.6,71.0,0.0,19.3,2.6,0.0,0.0,100.0
2024-05-31 23:45:00,0,1006.6,71.8,0.0,19.3,2.6,0.0,0.0,100.0
2024-06-01 00:00:00,0,1006.6,72.5,0.0,19.2,2.3,0.0,0.0,100.0
2024-06-01 00:15:00,0,1006.6,73.0,0.0,19.1,2.2,0.0,0.0,100.0
2024-06-01 00:30:00,0,1006.6,73.9,0.0,19.0,2.2,0.0,0.0,100.0
2024-06-01 00:45:00,0,1006.6,75.3,0.0,18.9,2.2,0.0,0.0,100.0
2024-06-01 01:00:00,0,1006.6,77.8,0.0,18.7,2.2,0.0,0.0,100.0
2024-06-01 01:15:00,0,1006.6,80.5,0.0,18.4,2.2,0.0,0.0,100.0
2024-06-01 01:30:00,0,1006.6,82.9,0.0,18.1,2.2,0.0,0.0,100.0
2024-06-01 01:45:00,0,1006.6,83.1,0.0,17.9,2.2,0.0,0.0,100.0
2024-06-01 02:00:00,0,1006.6,82.9,0.0,17.8,2.2,0.0,0.0,100.0
2024-06-01 02:15:00,0,1006.6,83.0,0.0,17.7,2.2,0.0,0.0,100.0
2024-06-01 02:30:00,0,1006.6,83.4,0.0,17.7,2.2,0.0,0.0,100.0
2024-06-01 02:45:00,0,1006.6,83.6,0.0,17.6,2.2,0.0,0.0,100.0
2024-06-01 03:00:00,0,1006.6,83.4,0.0,17.6,2.2,0.0,0.0,100.0
2024-06-01 03:15:00,0,1006.6,83.1,0.0,17.5,2.2,0.0,0.0,100.0
2024-06-01 03:30:00,0,1006.6,82.7,0.0,17.5,2.1,0.0,0.0,100.0
2024-06-01 03:45:00,0,1006.6,82.5,0.0,17.5,2.1,0.0,0.0,100.0
2024-06-01 04:00:00,0,1006.6,82.3,0.0,17.4,2.1,0.0,0.0,100.0
2024-06-01 04:15:00,0,1006.6,82.1,0.0,17.4,2.1,0.0,0.0,100.0
2024-06-01 04:30:00,0,1006.6,82.0,0.0,17.3,2.0,0.0,0.0,100.0
2024-06-01 04:45:00,0,1006.6,82.0,0.0,17.3,2.0,0.0,0.0,100.0
2024-06-01 05:00:00,4,1006.6,82.2,0.0,17.2,2.0,15.0,1.81,100.0
2024-06-01 05:15:00,21,1006.6,82.4,0.0,17.2,1.9,53.0,5.2,100.0
2024-06-01 05:30:00,45,1006.6,82.6,0.0,17.1,1.9,86.0,6.78,100.0
2024-06-01 05:45:00,74,1006.6,82.6,0.0,17.2,1.9,105.0,9.13,100.0
2024-06-01 06:00:00,109,1006.6,82.5,0.0,17.3,1.9,128.0,12.18,100.0
2024-06-01 06:15:00,148,1006.6,82.1,0.0,17.4,2.0,243.0,21.02,100.0
2024-06-01 06:30:00,190,1006.6,81.5,0.0,17.7,2.0,144.0,16.36,100.0
2024-06-01 06:45:00,233,1006.6,80.6,0.0,18.0,2.0,332.0,29.64,100.0
2024-06-01 07:00:00,277,1006.6,79.2,0.0,18.4,2.0,329.0,36.03,100.0
2024-06-01 07:15:00,322,1006.6,77.1,0.0,18.8,2.1,298.0,42.9,100.0
2024-06-01 07:30:00,366,1006.6,75.2,0.0,19.3,2.1,399.0,45.58,100.0
2024-06-01 07:45:00,410,1006.6,74.1,0.0,19.7,2.1,519.0,52.49,100.0
2024-06-01 08:00:00,454,1006.6,73.5,0.0,20.1,2.2,598.0,63.84,100.0
2024-06-01 08:15:00,496,1006.6,72.8,0.0,20.4,2.2,632.0,71.87,100.0
2024-06-01 08:30:00,536,1006.6,72.1,0.0,20.5,2.2,665.0,77.02,100.0
2024-06-01 08:45:00,576,1006.6,72.0,0.0,20.6,2.3,711.0,83.96,100.0
2024-06-01 09:00:00,613,1006.6,71.5,0.0,20.7,2.3,737.0,89.03,100.0
2024-06-01 09:15:00,650,1006.6,70.6,0.0,20.8,2.4,785.0,94.83,100.0
2024-06-01 09:30:00,685,1006.6,70.3,0.0,20.9,2.4,824.0,97.87,100.0
2024-06-01 09:45:00,718,1006.6,69.8,0.0,21.0,2.5,860.0,98.86,100.0
2024-06-01 10:00:00,750,1006.6,69.0,0.0,21.1,2.6,904.0,98.86,100.0
2024-06-01 10:15:00,778,1006.6,68.4,0.0,21.1,2.6,944.0,98.86,100.0
2024-06-01 10:30:00,803,1006.6,67.9,0.0,21.2,2.7,977.0,98.86,100.0
2024-06-01 10:45:00,824,1006.6,67.3,0.0,21.3,2.7,1002.0,98.86,100.0
2024-06-01 11:00:00,842,1006.6,66.4,0.0,21.4,2.8,1008.0,98.86,100.0
2024-06-01 11:15:00,856,1006.6,65.7,0.0,21.5,2.8,1024.0,98.86,100.0
2024-06-01 11:30:00,867,1006.6,64.9,0.0,21.5,2.8,1022.0,98.86,100.0
2024-06-01 11:45:00,874,1006.6,63.7,0.0,21.6,2.8,1024.0,98.86,100.0
2024-06-01 12:00:00,877,1006.6,62.2,0.0,21.7,2.8,1024.0,98.86,100.0
2024-06-01 12:15:00,876,1006.6,60.5,0.0,21.8,2.8,1024.0,98.86,100.0
2024-06-01 12:30:00,871,1006.6,59.1,0.0,21.9,2.8,1024.0,98.86,100.0
2024-06-01 12:45:00,863,1006.6,57.7,0.0,22.0,2.7,1027.0,98.86,100.0
2024-06-01 13:00:00,853,1006.6,55.5,0.0,22.2,2.7,1028.0,98.86,100.0
2024-06-01 13:15:00,839,1006.6,53.4,0.0,22.3,2.7,1011.0,98.86,100.0
2024-06-01 13:30:00,822,1006.6,51.7,0.0,22.4,2.7,998.0,98.86,100.0
2024-06-01 13:45:00,802,1006.6,50.5,0.0,22.6,2.7,962.0,98.86,100.0
2024-06-01 14:00:00,778,1006.6,49.6,0.0,22.7,2.6,925.0,98.86,100.0
2024-06-01 14:15:00,751,1006.6,49.0,0.0,22.8,2.6,881.0,97.09,100.0
2024-06-01 14:30:00,721,1006.6,48.6,0.0,22.9,2.6,843.0,98.51,100.0
2024-06-01 14:45:00,687,1006.6,48.1,0.0,23.0,2.5,803.0,94.75,100.0
2024-06-01 15:00:00,649,1006.6,47.7,0.0,23.1,2.5,750.0,80.71,100.0
2024-06-01 15:15:00,608,1006.6,47.5,0.0,23.2,2.4,722.0,83.87,100.0
2024-06-01 15:30:00,565,1006.6,47.7,0.0,23.2,2.4,693.0,75.26,100.0
2024-06-01 15:45:00,518,1006.6,48.2,0.0,23.3,2.3,621.0,66.3,100.0
2024-06-01 16:00:00,468,1006.6,49.2,0.0,23.3,2.3,506.0,58.55,100.0
2024-06-01 16:15:00,416,1006.6,50.7,0.0,23.3,2.2,580.0,58.95,100.0
2024-06-01 16:30:00,364,1006.6,51.9,0.0,23.4,2.2,547.0,52.05,100.0
2024-06-01 16:45:00,312,1006.6,52.7,0.0,23.4,2.2,493.0,48.97,100.0
2024-06-01 17:00:00,263,1006.6,53.0,0.0,23.4,2.1,254.0,29.35,100.0
2024-06-01 17:15:00,218,1006.6,53.2,0.0,23.4,2.1,268.0,25.35,100.0
2024-06-01 17:30:00,176,1006.6,53.2,0.0,23.3,2.1,210.0,20.21,100.0
2024-06-01 17:45:00,140,1006.6,53.7,0.0,23.3,2.1,133.0,12.6,100.0
2024-06-01 18:00:00,108,1006.6,53.9,0.0,23.2,2.1,161.0,12.63,100.0
2024-06-01 18:15:00,80,1006.6,53.8,0.0,23.1,2.1,58.0,6.1,100.0
2024-06-01 18:30:00,57,1006.6,53.8,0.0,23.1,2.1,41.0,4.82,100.0
2024-06-01 18:45:00,37,1006.6,54.4,0.0,23.1,2.2,22.0,3.03,100.0
2024-06-01 19:00:00,19,1006.6,55.5,0.0,23.0,2.2,7.0,1.47,100.0
2024-06-01 19:15:00,3,1006.6,57.3,0.0,22.9,2.2,0.0,0.0,100.0
2024-06-01 19:30:00,0,1006.6,58.9,0.0,22.8,2.2,0.0,0.0,100.0
2024-06-01 19:45:00,0,1006.6,59.8,0.0,22.7,2.3,0.0,0.0,100.0
2024-06-01 20:00:00,0,1006.6,60.0,0.0,22.7,2.3,0.0,0.0,100.0
2024-06-01 20:15:00,0,1006.6,60.5,0.0,22.5,2.4,0.0,0.0,100.0
2024-06-01 20:30:00,0,1006.6,61.3,0.0,22.2,2.4,0.0,0.0,100.0
2024-06-01 20:45:00,0,1006.6,63.1,0.0,22.0,2.5,0.0,0.0,100.0
2024-06-01 21:00:00,0,1006.6,63.6,0.0,21.9,2.5,0.0,0.0,100.0
2024-06-01 21:15:00,0,1006.6,64.3,0.0,21.8,2.6,0.0,0.0,100.0
2024-06-01 21:30:00,0,1006.6,64.5,0.0,21.7,2.6,0.0,0.0,100.0
2024-06-01 21:45:00,0,1006.6,65.4,0.0,21.6,2.7,0.0,0.0,100.0
2024-06-01 22:00:00,0,1006.6,65.6,0.0,21.6,2.8,0.0,0.0,100.0
2024-06-01 22:15:00,0,1006.6,64.9,0.0,21.5,2.8,0.0,0.0,100.0
2024-06-01 22:30:00,0,1006.6,64.3,0.0,21.5,2.9,0.0,0.0,100.0
2024-06-01 22:45:00,0,1006.6,64.5,0.0,21.4,2.9,0.0,0.0,100.0
2024-06-01 23:00:00,0,1006.6,65.7,0.0,21.3,3.0,0.0,0.0,100.0
2024-06-01 23:15:00,0,1006.6,67.5,0.0,21.1,3.0,0.0,0.0,100.0
2024-06-01 23:30:00,0,1006.6,69.4,0.0,21.0,3.1,0.0,0.0,100.0
2024-06-01 23:45:00,0,1006.6,70.5,0.0,20.8,3.1,0.0,0.0,100.0
2024-06-02 00:00:00,0,1006.6,82.5,0.0,19.8,3.4,0.0,0.0,100.0
2024-06-02 00:15:00,0,1006.6,83.4,0.0,19.7,3.4,0.0,0.0,100.0
2024-06-02 00:30:00,0,1006.6,83.8,0.0,19.7,3.4,0.0,0.0,100.0
2024-06-02 00:45:00,0,1006.6,84.6,0.0,19.6,3.3,0.0,0.0,100.0
2024-06-02 01:00:00,0,1006.6,85.5,0.0,19.5,3.3,0.0,0.0,100.0
2024-06-02 01:15:00,0,1006.6,86.0,0.0,19.4,3.3,0.0,0.0,100.0
2024-06-02 01:30:00,0,1006.6,86.0,0.0,19.3,3.2,0.0,0.0,100.0
2024-06-02 01:45:00,0,1006.6,86.0,0.0,19.3,3.2,0.0,0.0,100.0
2024-06-02 02:00:00,0,1006.6,86.2,0.0,19.2,3.2,0.0,0.0,100.0
2024-06-02 02:15:00,0,1006.6,86.3,0.0,19.1,3.2,0.0,0.0,100.0
2024-06-02 02:30:00,0,1006.6,86.3,0.0,19.1,3.2,0.0,0.0,100.0
2024-06-02 02:45:00,0,1006.6,86.2,0.0,19.0,3.1,0.0,0.0,100.0
2024-06-02 03:00:00,0,1006.6,86.1,0.0,19.0,3.1,0.0,0.0,100.0
2024-06-02 03:15:00,0,1006.6,86.1,0.0,18.9,3.1,0.0,0.0,100.0
2024-06-02 03:30:00,0,1006.6,85.7,0.0,18.9,3.1,0.0,0.0,100.0
2024-06-02 03:45:00,0,1006.6,85.3,0.0,18.8,3.1,0.0,0.0,100.0
2024-06-02 04:00:00,0,1006.6,85.1,0.0,18.8,3.1,0.0,0.0,100.0
2024-06-02 04:15:00,0,1006.6,84.8,0.0,18.7,3.1,0.0,0.0,100.0
2024-06-02 04:30:00,0,1006.6,84.5,0.0,18.7,3.1,0.0,0.0,100.0
2024-06-02 04:45:00,0,1006.6,84.3,0.0,18.6,3.1,0.0,0.0,100.0
2024-06-02 05:00:00,4,1006.6,84.0,0.0,18.6,3.1,21.0,2.64,100.0
2024-06-02 05:15:00,21,1006.6,83.7,0.0,18.6,3.1,48.0,5.36,100.0
2024-06-02 05:30:00,45,1006.6,83.2,0.0,18.6,3.1,55.0,5.75,100.0
2024-06-02 05:45:00,74,1006.6,82.9,0.0,18.6,3.1,109.0,9.33,100.0
2024-06-02 06:00:00,108,1006.6,82.4,0.0,18.7,3.1,128.0,10.69,100.0
2024-06-02 06:15:00,145,1006.6,81.8,0.0,18.8,3.1,128.0,11.34,100.0
2024-06-02 06:30:00,185,1006.6,81.3,0.0,18.9,3.0,236.0,19.59,100.0
2024-06-02 06:45:00,224,1006.6,80.7,0.0,19.1,3.0,265.0,23.63,100.0
2024-06-02 07:00:00,263,1006.6,80.0,0.0,19.3,3.0,329.0,31.1,100.0
2024-06-02 07:15:00,300,1006.6,78.9,0.0,19.6,2.9,367.0,39.46,100.0
2024-06-02 07:30:00,336,1006.6,77.2,0.0,19.9,2.9,399.0,28.14,100.0
2024-06-02 07:45:00,369,1006.6,75.6,0.0,20.2,2.8,460.0,50.72,100.0
2024-06-02 08:00:00,400,1006.6,73.8,0.0,20.5,2.8,534.0,60.35,100.0
2024-06-02 08:15:00,428,1006.6,71.7,0.0,20.8,2.7,598.0,66.04,100.0
2024-06-02 08:30:00,454,1006.6,69.6,0.0,21.1,2.6,548.0,62.43,100.0
2024-06-02 08:45:00,477,1006.6,67.5,0.0,21.5,2.6,537.0,70.51,100.0
2024-06-02 09:00:00,498,1006.6,65.7,0.0,21.9,2.5,620.0,66.98,100.0
2024-06-02 09:15:00,518,1006.6,64.5,0.0,22.3,2.5,802.0,73.37,100.0
2024-06-02 09:30:00,536,1006.6,63.2,0.0,22.7,2.5,681.0,67.33,100.0
2024-06-02 09:45:00,553,1006.6,61.1,0.0,23.2,2.4,573.0,81.78,100.0
2024-06-02 10:00:00,567,1006.6,59.4,0.0,23.6,2.5,908.0,81.21,100.0
2024-06-02 10:15:00,577,1006.6,57.9,0.0,23.9,2.5,462.0,46.54,100.0
2024-06-02 10:30:00,583,1006.6,56.1,0.0,24.2,2.5,272.0,40.03,100.0
2024-06-02 10:45:00,585,1006.6,54.0,0.0,24.5,2.6,462.0,51.04,100.0
2024-06-02 11:00:00,585,1006.6,52.1,0.0,24.7,2.6,467.0,52.14,100.0
2024-06-02 11:15:00,583,1006.6,50.6,0.0,24.9,2.7,413.0,47.55,100.0
2024-06-02 11:30:00,579,1006.6,49.2,0.0,25.0,2.7,193.0,21.77,100.0
2024-06-02 11:45:00,574,1006.6,48.1,0.0,25.0,2.7,527.0,67.55,100.0
2024-06-02 12:00:00,568,1006.6,48.0,0.0,24.9,2.7,277.0,32.85,100.0
2024-06-02 12:15:00,563,1006.6,48.2,0.0,24.8,2.8,220.0,40.57,100.0
2024-06-02 12:30:00,559,1006.6,48.0,0.0,24.7,2.8,466.0,53.65,100.0
2024-06-02 12:45:00,556,1006.6,47.2,0.0,24.6,2.9,545.0,61.03,100.0
2024-06-02 13:00:00,556,1006.6,46.4,0.0,24.6,2.9,771.0,86.34,100.0
2024-06-02 13:15:00,558,1006.6,45.5,0.0,24.4,3.0,419.0,66.15,100.0
2024-06-02 13:30:00,562,1006.6,44.7,0.0,24.4,3.1,451.0,75.58,100.0
2024-06-02 13:45:00,564,1006.6,44.8,0.0,24.4,3.2,327.0,54.56,100.0
2024-06-02 14:00:00,565,1006.6,44.6,0.0,24.5,3.3,407.0,62.72,100.0
2024-06-02 14:15:00,563,1006.6,44.1,0.0,24.6,3.4,621.0,58.07,100.0
2024-06-02 14:30:00,557,1006.6,43.8,0.0,24.8,3.5,410.0,39.66,100.0
2024-06-02 14:45:00,546,1006.6,44.0,0.0,25.0,3.5,371.0,45.18,100.0
2024-06-02 15:00:00,530,1006.6,45.8,0.0,24.6,3.6,171.0,17.68,100.0
2024-06-02 15:15:00,507,1006.6,46.1,0.0,24.5,3.6,211.0,24.65,100.0
2024-06-02 15:30:00,478,1006.6,45.7,0.0,24.7,3.6,249.0,28.0,100.0
2024-06-02 15:45:00,443,1006.6,46.1,0.0,24.6,3.7,110.0,13.62,100.0
2024-06-02 16:00:00,403,1006.6,48.0,0.0,24.3,3.7,421.0,43.23,100.0
2024-06-02 16:15:00,358,1006.6,47.7,0.0,24.3,3.6,363.0,36.48,100.0
2024-06-02 16:30:00,313,1006.6,47.6,0.0,24.3,3.6,196.0,27.65,100.0
2024-06-02 16:45:00,267,1006.6,47.5,0.0,24.3,3.6,237.0,25.97,100.0
2024-06-02 17:00:00,223,1006.6,48.1,0.0,24.3,3.6,228.0,27.9,100.0
2024-06-02 17:15:00,182,1006.6,49.3,0.0,24.3,3.6,254.0,25.62,100.0
2024-06-02 17:30:00,145,1006.6,51.2,0.0,24.3,3.6,174.0,17.91,100.0
2024-06-02 17:45:00,113,1006.6,53.0,0.0,24.2,3.6,163.0,15.12,100.0
2024-06-02 18:00:00,85,1006.6,55.2,0.0,24.1,3.6,119.0,11.65,100.0
2024-06-02 18:15:00,62,1006.6,57.4,0.0,23.9,3.6,66.0,7.09,100.0
2024-06-02 18:30:00,43,1006.6,59.2,0.0,23.7,3.6,46.0,5.56,100.0
2024-06-02 18:45:00,28,1006.6,60.9,0.0,23.4,3.6,26.0,3.04,100.0
2024-06-02 19:00:00,15,1006.6,62.6,0.0,23.1,3.5,11.0,1.67,100.0
2024-06-02 19:15:00,3,1006.6,64.5,0.0,22.8,3.5,0.0,0.0,100.0
2024-06-02 19:30:00,0,1006.6,66.7,0.0,22.5,3.4,0.0,0.0,100.0
2024-06-02 19:45:00,0,1006.6,68.9,0.0,22.3,3.4,0.0,0.0,100.0
2024-06-02 20:00:00,0,1006.6,70.8,0.0,22.0,3.3,0.0,0.0,100.0
2024-06-02 20:15:00,0,1006.6,71.9,0.0,21.9,3.2,0.0,0.0,100.0
2024-06-02 20:30:00,0,1006.6,72.5,0.0,21.8,3.2,0.0,0.0,100.0
2024-06-02 20:45:00,0,1006.6,72.9,0.0,21.6,3.1,0.0,0.0,100.0
2024-06-02 21:00:00,0,1006.6,73.8,0.0,21.5,3.0,0.0,0.0,100.0
2024-06-02 21:15:00,0,1006.6,74.9,0.0,21.3,3.0,0.0,0.0,100.0
2024-06-02 21:30:00,0,1006.6,76.1,0.0,21.1,2.9,0.0,0.0,100.0
2024-06-02 21:45:00,0,1006.6,77.2,0.0,20.9,2.8,0.0,0.0,100.0
2024-06-02 22:00:00,0,1006.6,78.6,0.0,20.8,2.8,0.0,0.0,100.0
2024-06-02 22:15:00,0,1006.6,80.5,0.0,20.7,2.7,0.0,0.0,100.0
2024-06-02 22:30:00,0,1006.6,82.0,0.0,20.6,2.6,0.0,0.0,100.0
2024-06-02 22:45:00,0,1006.6,82.4,0.0,20.5,2.6,0.0,0.0,100.0
2024-06-02 23:00:00,0,1006.6,81.8,0.0,20.5,2.5,0.0,0.0,100.0
2024-06-02 23:15:00,0,1006.6,81.0,0.0,20.5,2.4,0.0,0.0,100.0
2024-06-02 23:30:00,0,1006.6,80.4,0.0,20.4,2.4,0.0,0.0,100.0
2024-06-02 23:45:00,0,1006.6,80.1,0.0,20.4,2.3,0.0,0.0,100.0
2024-06-03 00:00:00,0,1006.6,76.6,0.0,21.2,1.8,0.0,0.0,100.0
2024-06-03 00:15:00,0,1006.6,76.1,0.0,21.1,1.8,0.0,0.0,100.0
2024-06-03 00:30:00,0,1006.6,75.5,0.0,21.1,1.8,0.0,0.0,100.0
2024-06-03 00:45:00,0,1006.6,75.3,0.0,21.0,1.8,0.0,0.0,100.0
2024-06-03 01:00:00,0,1006.6,75.1,0.0,21.0,1.8,0.0,0.0,100.0
2024-06-03 01:15:00,0,1006.6,75.1,0.0,20.9,1.8,0.0,0.0,100.0
2024-06-03 01:30:00,0,1006.6,75.3,0.0,20.8,1.8,0.0,0.0,100.0
2024-06-03 01:45:00,0,1006.6,75.8,0.0,20.8,1.8,0.0,0.0,100.0
2024-06-03 02:00:00,0,1006.6,76.2,0.0,20.7,1.8,0.0,0.0,100.0
2024-06-03 02:15:00,0,1006.6,76.3,0.0,20.7,1.9,0.0,0.0,100.0
2024-06-03 02:30:00,0,1006.6,76.5,0.0,20.6,1.9,0.0,0.0,100.0
2024-06-03 02:45:00,0,1006.6,77.0,0.0,20.6,1.9,0.0,0.0,100.0
2024-06-03 03:00:00,0,1006.6,77.5,0.0,20.5,1.9,0.0,0.0,100.0
2024-06-03 03:15:00,0,1006.6,78.1,0.0,20.5,2.0,0.0,0.0,100.0
2024-06-03 03:30:00,0,1006.6,78.7,0.0,20.4,2.0,0.0,0.0,100.0
2024-06-03 03:45:00,0,1006.6,79.2,0.0,20.3,2.0,0.0,0.0,100.0
2024-06-03 04:00:00,0,1006.6,79.2,0.0,20.3,2.1,0.0,0.0,100.0
2024-06-03 04:15:00,0,1006.6,79.3,0.0,20.2,2.1,0.0,0.0,100.0
2024-06-03 04:30:00,0,1006.6,80.1,0.0,20.1,2.1,0.0,0.0,100.0
2024-06-03 04:45:00,0,1006.6,80.6,0.0,20.0,2.2,0.0,0.0,100.0
2024-06-03 05:00:00,5,1006.6,80.7,0.0,19.8,2.2,14.0,1.85,100.0
2024-06-03 05:15:00,22,1006.6,80.9,0.0,19.7,2.3,36.0,3.37,100.0
2024-06-03 05:30:00,46,1006.6,80.6,0.0,19.7,2.3,65.0,4.72,100.0
2024-06-03 05:45:00,75,1006.6,79.3,0.0,19.7,2.4,109.0,6.9,100.0
2024-06-03 06:00:00,111,1006.6,78.2,0.0,19.8,2.5,153.0,10.05,100.0
2024-06-03 06:15:00,150,1006.6,76.9,0.0,20.0,2.5,205.0,14.6,100.0
2024-06-03 06:30:00,192,1006.6,75.3,0.0,20.2,2.6,256.0,20.12,100.0
2024-06-03 06:45:00,235,1006.6,73.3,0.0,20.4,2.7,315.0,27.15,100.0
2024-06-03 07:00:00,280,1006.6,71.7,0.0,20.6,2.7,369.0,33.83,100.0
2024-06-03 07:15:00,324,1006.6,70.5,0.0,20.9,2.8,424.0,41.09,100.0
2024-06-03 07:30:00,369,1006.6,69.8,0.0,21.0,2.9,476.0,48.3,100.0
2024-06-03 07:45:00,414,1006.6,69.3,0.0,21.2,3.0,532.0,55.72,100.0
2024-06-03 08:00:00,457,1006.6,69.5,0.0,21.3,3.0,573.0,62.16,100.0
2024-06-03 08:15:00,500,1006.6,69.5,0.0,21.4,3.1,619.0,69.43,100.0
2024-06-03 08:30:00,541,1006.6,68.5,0.0,21.5,3.2,655.0,75.68,100.0
2024-06-03 08:45:00,580,1006.6,68.0,0.0,21.5,3.3,696.0,82.28,100.0
2024-06-03 09:00:00,618,1006.6,68.9,0.0,21.6,3.4,733.0,87.89,100.0
2024-06-03 09:15:00,655,1006.6,70.3,0.0,21.6,3.5,772.0,93.43,100.0
2024-06-03 09:30:00,691,1006.6,70.7,0.0,21.7,3.7,814.0,96.83,100.0
2024-06-03 09:45:00,725,1006.6,70.8,0.0,21.7,3.8,853.0,98.33,100.0
2024-06-03 10:00:00,756,1006.6,71.4,0.0,21.7,3.9,897.0,98.33,100.0
2024-06-03 10:15:00,785,1006.6,72.7,0.0,21.7,4.0,945.0,98.33,100.0
2024-06-03 10:30:00,810,1006.6,74.3,0.0,21.7,4.1,980.0,98.33,100.0
2024-06-03 10:45:00,832,1006.6,74.5,0.0,21.6,4.2,1006.0,98.33,100.0
2024-06-03 11:00:00,851,1006.6,72.5,0.0,21.7,4.4,1019.0,98.33,100.0
2024-06-03 11:15:00,866,1006.6,70.5,0.0,21.7,4.4,1019.0,98.33,100.0
2024-06-03 11:30:00,877,1006.6,69.7,0.0,21.8,4.5,1019.0,98.33,100.0
2024-06-03 11:45:00,884,1006.6,70.2,0.0,21.8,4.6,1019.0,98.33,100.0
2024-06-03 12:00:00,888,1006.6,70.4,0.0,21.8,4.7,1026.0,98.33,100.0
2024-06-03 12:15:00,887,1006.6,70.5,0.0,21.8,4.7,1026.0,98.33,100.0
2024-06-03 12:30:00,883,1006.6,70.5,0.0,21.8,4.8,1027.0,98.33,100.0
2024-06-03 12:45:00,876,1006.6,70.5,0.0,21.8,4.8,1026.0,98.33,100.0
2024-06-03 13:00:00,865,1006.6,70.4,0.0,21.8,4.8,1024.0,98.33,100.0
2024-06-03 13:15:00,852,1006.6,70.3,0.0,21.8,4.8,1009.0,98.33,100.0
2024-06-03 13:30:00,835,1006.6,70.0,0.0,21.8,4.8,995.0,98.33,100.0
2024-06-03 13:45:00,815,1006.6,69.4,0.0,21.8,4.8,957.0,98.33,100.0
2024-06-03 14:00:00,791,1006.6,69.0,0.0,21.9,4.8,917.0,98.33,100.0
2024-06-03 14:15:00,764,1006.6,68.0,0.0,21.9,4.8,871.0,98.33,100.0
2024-06-03 14:30:00,733,1006.6,67.4,0.0,21.9,4.7,834.0,98.33,100.0
2024-06-03 14:45:00,699,1006.6,66.9,0.0,22.0,4.7,792.0,94.12,100.0
2024-06-03 15:00:00,662,1006.6,66.4,0.0,22.0,4.6,759.0,89.08,100.0
2024-06-03 15:15:00,622,1006.6,66.0,0.0,22.0,4.6,716.0,83.3,100.0
2024-06-03 15:30:00,579,1006.6,65.2,0.0,22.1,4.5,682.0,77.9,100.0
2024-06-03 15:45:00,533,1006.6,64.5,0.0,22.1,4.4,639.0,70.58,100.0
2024-06-03 16:00:00,484,1006.6,63.9,0.0,22.1,4.3,597.0,64.38,100.0
2024-06-03 16:15:00,432,1006.6,63.5,0.0,22.1,4.2,552.0,57.1,100.0
2024-06-03 16:30:00,381,1006.6,63.8,0.0,22.0,4.1,510.0,50.45,100.0
2024-06-03 16:45:00,330,1006.6,64.4,0.0,22.0,4.1,454.0,42.72,100.0
2024-06-03 17:00:00,281,1006.6,65.2,0.0,21.9,4.0,398.0,35.52,100.0
2024-06-03 17:15:00,235,1006.6,66.2,0.0,21.8,3.9,341.0,27.98,100.0
2024-06-03 17:30:00,193,1006.6,66.4,0.0,21.8,3.8,289.0,22.1,100.0
2024-06-03 17:45:00,155,1006.6,65.8,0.0,21.8,3.7,229.0,15.62,100.0
2024-06-03 18:00:00,122,1006.6,65.5,0.0,21.8,3.6,178.0,11.0,100.0
2024-06-03 18:15:00,92,1006.6,65.9,0.0,21.7,3.5,123.0,7.17,100.0
2024-06-03 18:30:00,67,1006.6,66.4,0.0,21.6,3.5,84.0,5.2,100.0
2024-06-03 18:45:00,44,1006.6,67.0,0.0,21.5,3.4,39.0,3.43,100.0
2024-06-03 19:00:00,24,1006.6,67.5,0.0,21.4,3.3,13.0,1.98,100.0
2024-06-03 19:15:00,5,1006.6,68.0,0.0,21.3,3.2,0.0,0.0,100.0
2024-06-03 19:30:00,0,1006.6,68.4,0.0,21.3,3.2,0.0,0.0,100.0
2024-06-03 19:45:00,0,1006.6,68.3,0.0,21.3,3.1,0.0,0.0,100.0
2024-06-03 20:00:00,0,1006.6,68.2,0.0,21.2,3.1,0.0,0.0,100.0
2024-06-03 20:15:00,0,1006.6,68.0,0.0,21.2,3.1,0.0,0.0,100.0
2024-06-03 20:30:00,0,1006.6,67.6,0.0,21.2,3.0,0.0,0.0,100.0
2024-06-03 20:45:00,0,1006.6,67.6,0.0,21.1,3.0,0.0,0.0,100.0
2024-06-03 21:00:00,0,1006.6,67.4,0.0,21.0,2.9,0.0,0.0,100.0
2024-06-03 21:15:00,0,1006.6,67.6,0.0,21.0,2.9,0.0,0.0,100.0
2024-06-03 21:30:00,0,1006.6,69.3,0.0,20.7,2.9,0.0,0.0,100.0
2024-06-03 21:45:00,0,1006.6,71.4,0.0,20.5,2.9,0.0,0.0,100.0
2024-06-03 22:00:00,0,1006.6,73.2,0.0,20.4,2.8,0.0,0.0,100.0
2024-06-03 22:15:00,0,1006.6,75.3,0.0,20.2,2.8,0.0,0.0,100.0
2024-06-03 22:30:00,0,1006.6,76.5,0.0,20.1,2.8,0.0,0.0,100.0
2024-06-03 22:45:00,0,1006.6,76.9,0.0,20.0,2.8,0.0,0.0,100.0
2024-06-03 23:00:00,0,1006.6,77.3,0.0,19.9,2.7,0.0,0.0,100.0
2024-06-03 23:15:00,0,1006.6,77.4,0.0,19.8,2.7,0.0,0.0,100.0
2024-06-03 23:30:00,0,1006.6,77.4,0.0,19.7,2.7,0.0,0.0,100.0
2024-06-03 23:45:00,0,1006.6,77.4,0.0,19.7,2.7,0.0,0.0,100.0
2024-06-04 00:00:00,0,1006.6,67.8,0.0,19.7,2.6,0.0,0.0,100.0
2024-06-04 00:15:00,0,1006.6,67.5,0.0,19.6,2.7,0.0,0.0,100.0
2024-06-04 00:30:00,0,1006.6,67.5,0.0,19.5,2.7,0.0,0.0,100.0
2024-06-04 00:45:00,0,1006.6,68.0,0.0,19.4,2.7,0.0,0.0,100.0
2024-06-04 01:00:00,0,1006.6,68.8,0.0,19.3,2.8,0.0,0.0,100.0
2024-06-04 01:15:00,0,1006.6,69.4,0.0,19.2,2.8,0.0,0.0,100.0
2024-06-04 01:30:00,0,1006.6,69.3,0.0,19.1,2.8,0.0,0.0,100.0
2024-06-04 01:45:00,0,1006.6,69.3,0.0,19.1,2.9,0.0,0.0,100.0
2024-06-04 02:00:00,0,1006.6,69.6,0.0,19.0,2.9,0.0,0.0,100.0
2024-06-04 02:15:00,0,1006.6,70.1,0.0,18.9,2.9,0.0,0.0,100.0
2024-06-04 02:30:00,0,1006.6,70.6,0.0,18.9,2.9,0.0,0.0,100.0
2024-06-04 02:45:00,0,1006.6,71.0,0.0,18.9,2.9,0.0,0.0,100.0
2024-06-04 03:00:00,0,1006.6,71.4,0.0,18.8,2.9,0.0,0.0,100.0
2024-06-04 03:15:00,0,1006.6,71.9,0.0,18.7,2.9,0.0,0.0,100.0
2024-06-04 03:30:00,0,1006.6,72.4,0.0,18.6,2.9,0.0,0.0,100.0
2024-06-04 03:45:00,0,1006.6,73.0,0.0,18.5,2.8,0.0,0.0,100.0
2024-06-04 04:00:00,0,1006.6,73.6,0.0,18.4,2.8,0.0,0.0,100.0
2024-06-04 04:15:00,0,1006.6,74.2,0.0,18.3,2.8,0.0,0.0,100.0
2024-06-04 04:30:00,0,1006.6,74.8,0.0,18.2,2.7,0.0,0.0,100.0
2024-06-04 04:45:00,0,1006.6,75.5,0.0,18.1,2.7,0.0,0.0,100.0
2024-06-04 05:00:00,5,1006.6,76.2,0.0,18.0,2.7,13.0,1.82,100.0
2024-06-04 05:15:00,22,1006.6,76.6,0.0,18.0,2.7,36.0,3.5,100.0
2024-06-04 05:30:00,45,1006.6,76.7,0.0,18.0,2.7,64.0,5.04,100.0
2024-06-04 05:45:00,75,1006.6,76.5,0.0,18.0,2.7,105.0,7.45,100.0
2024-06-04 06:00:00,109,1006.6,76.2,0.0,18.2,2.7,145.0,10.49,100.0
2024-06-04 06:15:00,147,1006.6,75.7,0.0,18.4,2.7,196.0,15.14,100.0
2024-06-04 06:30:00,188,1006.6,74.8,0.0,18.7,2.7,240.0,20.45,100.0
2024-06-04 06:45:00,229,1006.6,73.8,0.0,19.1,2.7,302.0,26.22,100.0
2024-06-04 07:00:00,271,1006.6,72.6,0.0,19.6,2.7,353.0,32.32,100.0
2024-06-04 07:15:00,312,1006.6,71.0,0.0,20.1,2.7,430.0,41.69,100.0
2024-06-04 07:30:00,352,1006.6,68.6,0.0,20.7,2.7,473.0,47.12,100.0
2024-06-04 07:45:00,391,1006.6,66.5,0.0,21.2,2.7,519.0,55.08,100.0
2024-06-04 08:00:00,429,1006.6,64.4,0.0,21.6,2.8,567.0,60.31,100.0
2024-06-04 08:15:00,464,1006.6,62.9,0.0,22.0,2.8,634.0,67.46,100.0
2024-06-04 08:30:00,498,1006.6,61.4,0.0,22.4,2.9,636.0,76.09,100.0
2024-06-04 08:45:00,530,1006.7,59.8,0.0,22.7,2.9,551.0,75.59,100.0
2024-06-04 09:00:00,561,1006.7,58.5,0.0,23.0,3.0,731.0,86.65,100.0
2024-06-04 09:15:00,591,1006.7,56.8,0.0,23.3,3.1,778.0,93.66,100.0
2024-06-04 09:30:00,619,1006.7,53.8,0.0,23.6,3.1,711.0,88.65,100.0
2024-06-04 09:45:00,648,1006.7,52.1,0.0,23.8,3.2,820.0,97.6,100.0
2024-06-04 10:00:00,674,1006.7,51.0,0.0,24.0,3.3,867.0,99.44,100.0
2024-06-04 10:15:00,699,1006.7,50.4,0.0,24.2,3.4,808.0,54.24,100.0
2024-06-04 10:30:00,721,1006.7,49.7,0.0,24.4,3.4,803.0,75.59,100.0
2024-06-04 10:45:00,741,1006.7,48.9,0.0,24.5,3.5,991.0,99.73,100.0
2024-06-04 11:00:00,758,1006.7,48.7,0.0,24.6,3.5,968.0,99.48,100.0
2024-06-04 11:15:00,771,1006.7,48.7,0.0,24.6,3.5,920.0,99.77,100.0
2024-06-04 11:30:00,781,1006.7,48.9,0.0,24.7,3.6,950.0,99.77,100.0
2024-06-04 11:45:00,787,1006.7,48.6,0.0,24.8,3.6,984.0,99.81,100.0
2024-06-04 12:00:00,788,1006.7,48.2,0.0,24.8,3.6,685.0,81.38,100.0
2024-06-04 12:15:00,785,1006.7,47.9,0.0,24.9,3.6,909.0,99.41,100.0
2024-06-04 12:30:00,777,1006.7,47.7,0.0,25.0,3.7,980.0,99.41,100.0
2024-06-04 12:45:00,765,1006.7,47.2,0.0,25.1,3.7,734.0,96.55,100.0
2024-06-04 13:00:00,748,1006.7,46.6,0.0,25.2,3.8,630.0,76.57,100.0
2024-06-04 13:15:00,727,1006.7,46.1,0.0,25.3,3.8,773.0,87.5,100.0
2024-06-04 13:30:00,702,1006.7,45.9,0.0,25.4,3.8,888.0,96.87,100.0
2024-06-04 13:45:00,674,1006.7,45.9,0.0,25.5,3.9,648.0,73.24,100.0
2024-06-04 14:00:00,643,1006.7,46.3,0.0,25.6,3.9,800.0,90.76,100.0
2024-06-04 14:15:00,609,1006.7,47.1,0.0,25.6,3.9,730.0,87.53,100.0
2024-06-04 14:30:00,574,1006.7,47.7,0.0,25.7,3.9,560.0,66.34,100.0
2024-06-04 14:45:00,537,1006.7,47.4,0.0,25.7,3.9,794.0,92.38,100.0
2024-06-04 15:00:00,500,1006.7,47.0,0.0,25.6,3.9,658.0,69.24,100.0
2024-06-04 15:15:00,462,1006.7,46.3,0.0,25.5,3.9,559.0,66.11,100.0
2024-06-04 15:30:00,424,1006.7,45.6,0.0,25.4,3.9,397.0,46.61,100.0
2024-06-04 15:45:00,386,1006.7,46.1,0.0,25.4,3.9,378.0,42.25,100.0
2024-06-04 16:00:00,347,1006.7,46.5,0.0,25.3,4.0,315.0,36.84,100.0
2024-06-04 16:15:00,307,1006.7,46.6,0.0,25.2,4.0,336.0,36.66,100.0
2024-06-04 16:30:00,269,1006.7,48.1,0.0,25.0,4.1,316.0,33.76,100.0
2024-06-04 16:45:00,231,1006.7,50.8,0.0,24.8,4.1,275.0,30.4,100.0
2024-06-04 17:00:00,196,1006.7,53.6,0.0,24.5,4.2,264.0,26.5,100.0
2024-06-04 17:15:00,163,1006.7,55.2,0.0,24.3,4.2,221.0,22.54,100.0
2024-06-04 17:30:00,133,1006.7,57.2,0.0,24.1,4.3,164.0,18.27,100.0
2024-06-04 17:45:00,107,1006.7,59.6,0.0,23.9,4.3,122.0,14.09,100.0
2024-06-04 18:00:00,83,1006.7,62.2,0.0,23.6,4.4,118.0,12.93,100.0
2024-06-04 18:15:00,63,1006.7,64.8,0.0,23.3,4.4,89.0,10.06,100.0
2024-06-04 18:30:00,45,1006.7,66.3,0.0,23.0,4.5,53.0,6.08,100.0
2024-06-04 18:45:00,30,1006.7,67.0,0.0,22.7,4.5,33.0,3.93,100.0
2024-06-04 19:00:00,16,1006.7,68.4,0.0,22.4,4.5,12.0,1.67,100.0
2024-06-04 19:15:00,4,1006.7,69.2,0.0,22.1,4.5,0.0,0.0,100.0
2024-06-04 19:30:00,0,1006.7,69.3,0.0,21.8,4.6,0.0,0.0,100.0
2024-06-04 19:45:00,0,1006.6,69.9,0.0,21.6,4.6,0.0,0.0,100.0
2024-06-04 20:00:00,0,1006.6,71.0,0.0,21.4,4.6,0.0,0.0,100.0
2024-06-04 20:15:00,0,1006.6,72.6,0.0,21.2,4.6,0.0,0.0,100.0
2024-06-04 20:30:00,0,1006.6,73.7,0.0,21.1,4.6,0.0,0.0,100.0
2024-06-04 20:45:00,0,1006.6,74.1,0.0,20.9,4.6,0.0,0.0,100.0
2024-06-04 21:00:00,0,1006.6,74.5,0.0,20.8,4.6,0.0,0.0,100.0
2024-06-04 21:15:00,0,1006.6,74.8,0.0,20.6,4.6,0.0,0.0,100.0
2024-06-04 21:30:00,0,1006.6,75.2,0.0,20.5,4.6,0.0,0.0,100.0
2024-06-04 21:45:00,0,1006.6,75.5,0.0,20.4,4.6,0.0,0.0,100.0
2024-06-04 22:00:00,0,1006.6,75.7,0.0,20.2,4.6,0.0,0.0,100.0
2024-06-04 22:15:00,0,1006.6,76.3,0.0,20.1,4.5,0.0,0.0,100.0
2024-06-04 22:30:00,0,1006.6,76.9,0.0,20.0,4.5,0.0,0.0,100.0
2024-06-04 22:45:00,0,1006.6,77.3,0.0,19.9,4.5,0.0,0.0,100.0
2024-06-04 23:00:00,0,1006.6,77.2,0.0,19.8,4.4,0.0,0.0,100.0
2024-06-04 23:15:00,0,1006.6,77.1,0.0,19.7,4.4,0.0,0.0,100.0
2024-06-04 23:30:00,0,1006.6,77.3,0.0,19.6,4.4,0.0,0.0,100.0
2024-06-04 23:45:00,0,1006.6,77.8,0.0,19.5,4.4,0.0,0.0,100.0
2024-06-15 00:00:00,0,1006.5,89.1,0.2,22.8,3.8,0.0,0.0,100.0
2024-06-15 00:15:00,0,1006.5,89.8,0.3,22.8,3.8,0.0,0.0,100.0
2024-06-15 00:30:00,0,1006.5,91.0,0.2,22.6,3.7,0.0,0.0,100.0
2024-06-15 00:45:00,0,1006.5,91.1,0.0,22.6,3.7,0.0,0.0,100.0
2024-06-15 01:00:00,0,1006.5,91.1,0.0,22.6,3.6,0.0,0.0,100.0
2024-06-15 01:15:00,0,1006.5,91.1,0.1,22.5,3.6,0.0,0.0,100.0
2024-06-15 01:30:00,0,1006.5,91.2,0.0,22.5,3.5,0.0,0.0,100.0
2024-06-15 01:45:00,0,1006.5,92.1,0.1,22.4,3.4,0.0,0.0,100.0
2024-06-15 02:00:00,0,1006.5,92.1,0.0,22.4,3.3,0.0,0.0,100.0
2024-06-15 02:15:00,0,1006.5,91.8,0.1,22.4,3.2,0.0,0.0,100.0
2024-06-15 02:30:00,0,1006.5,91.4,0.0,22.4,3.1,0.0,0.0,100.0
2024-06-15 02:45:00,0,1006.5,91.1,0.0,22.4,3.0,0.0,0.0,100.0
2024-06-15 03:00:00,0,1006.5,90.9,0.0,22.4,2.9,0.0,0.0,100.0
2024-06-15 03:15:00,0,1006.5,90.5,0.0,22.4,2.8,0.0,0.0,100.0
2024-06-15 03:30:00,0,1006.5,90.2,0.0,22.4,2.7,0.0,0.0,100.0
2024-06-15 03:45:00,0,1006.5,90.3,0.0,22.4,2.7,0.0,0.0,100.0
2024-06-15 04:00:00,0,1006.5,90.3,0.0,22.3,2.6,0.0,0.0,100.0
2024-06-15 04:15:00,0,1006.5,90.2,0.0,22.3,2.5,0.0,0.0,100.0
2024-06-15 04:30:00,0,1006.5,90.0,0.0,22.4,2.4,0.0,0.0,100.0
2024-06-15 04:45:00,0,1006.5,90.2,0.0,22.4,2.3,0.0,0.0,100.0
2024-06-15 05:00:00,4,1006.5,89.7,0.0,22.3,2.2,10.0,1.45,100.0
2024-06-15 05:15:00,14,1006.5,90.0,0.0,22.3,2.2,23.0,2.63,100.0
2024-06-15 05:30:00,29,1006.5,90.5,0.0,22.4,2.1,55.0,5.67,100.0
2024-06-15 05:45:00,48,1006.5,90.7,0.0,22.4,2.1,87.0,8.23,100.0
2024-06-15 06:00:00,70,1006.5,90.5,0.0,22.6,2.0,118.0,10.86,100.0
2024-06-15 06:15:00,96,1006.5,89.7,0.0,22.8,2.0,176.0,16.14,100.0
2024-06-15 06:30:00,126,1006.5,88.7,0.0,23.0,2.1,222.0,19.48,100.0
2024-06-15 06:45:00,157,1006.6,87.3,0.0,23.2,2.1,282.0,25.67,100.0
2024-06-15 07:00:00,192,1006.6,85.5,0.0,23.4,2.1,343.0,31.58,100.0
2024-06-15 07:15:00,230,1006.6,83.9,0.0,23.6,2.1,396.0,38.88,100.0
2024-06-15 07:30:00,271,1006.6,82.8,0.0,23.7,2.2,444.0,45.26,100.0
2024-06-15 07:45:00,314,1006.6,82.7,0.0,23.8,2.3,504.0,53.57,100.0
2024-06-15 08:00:00,359,1006.6,82.7,0.0,23.9,2.4,552.0,59.98,100.0
2024-06-15 08:15:00,406,1006.6,82.3,0.0,23.9,2.5,581.0,66.78,100.0
2024-06-15 08:30:00,453,1006.6,82.5,0.0,24.0,2.6,648.0,53.95,100.0
2024-06-15 08:45:00,500,1006.6,82.7,0.0,24.0,2.7,682.0,69.04,100.0
2024-06-15 09:00:00,546,1006.6,83.0,0.0,24.1,2.8,839.0,68.67,100.0
2024-06-15 09:15:00,590,1006.6,83.5,0.0,24.1,3.0,748.0,56.54,100.0
2024-06-15 09:30:00,631,1006.6,84.7,0.0,24.1,3.1,283.0,34.44,100.0
2024-06-15 09:45:00,669,1006.6,85.7,0.0,24.1,3.3,656.0,64.29,100.0
2024-06-15 10:00:00,702,1006.6,85.9,0.0,24.1,3.5,832.0,89.5,100.0
2024-06-15 10:15:00,732,1006.6,85.6,0.0,24.1,3.7,888.0,99.56,100.0
2024-06-15 10:30:00,757,1006.6,85.4,0.0,24.1,3.9,909.0,99.76,100.0
2024-06-15 10:45:00,777,1006.6,86.4,0.0,24.1,4.1,944.0,99.96,100.0
2024-06-15 11:00:00,794,1006.6,87.4,0.0,24.0,4.3,951.0,99.96,100.0
2024-06-15 11:15:00,806,1006.6,87.2,0.0,24.0,4.5,965.0,99.96,100.0
2024-06-15 11:30:00,815,1006.6,87.8,0.0,24.0,4.7,933.0,99.77,100.0
2024-06-15 11:45:00,820,1006.6,88.4,0.0,24.0,4.9,1029.0,80.06,100.0
2024-06-15 12:00:00,822,1006.6,89.2,0.0,24.0,5.1,994.0,92.96,100.0
2024-06-15 12:15:00,821,1006.6,90.1,0.0,24.0,5.3,971.0,99.67,100.0
2024-06-15 12:30:00,817,1006.6,90.3,0.0,24.0,5.4,979.0,99.9,100.0
2024-06-15 12:45:00,811,1006.6,90.3,0.0,23.9,5.6,985.0,99.9,100.0
2024-06-15 13:00:00,804,1006.6,90.7,0.0,23.9,5.7,977.0,99.9,100.0
2024-06-15 13:15:00,793,1006.6,91.2,0.0,23.8,5.9,977.0,99.9,100.0
2024-06-15 13:30:00,780,1006.6,91.8,0.0,23.7,6.0,964.0,99.9,100.0
2024-06-15 13:45:00,764,1006.6,92.3,0.0,23.6,6.1,936.0,99.9,100.0
2024-06-15 14:00:00,745,1006.6,92.0,0.0,23.4,6.2,907.0,99.9,100.0
2024-06-15 14:15:00,722,1006.6,91.6,0.0,23.4,6.2,860.0,99.54,100.0
2024-06-15 14:30:00,696,1006.6,91.0,0.0,23.4,6.3,821.0,98.54,100.0
2024-06-15 14:45:00,667,1006.6,90.7,0.0,23.4,6.3,789.0,94.98,100.0
2024-06-15 15:00:00,634,1006.6,90.4,0.0,23.4,6.4,748.0,90.32,100.0
2024-06-15 15:15:00,598,1006.6,90.1,0.0,23.3,6.4,711.0,84.27,100.0
2024-06-15 15:30:00,559,1006.6,89.4,0.0,23.4,6.4,676.0,78.69,100.0
2024-06-15 15:45:00,518,1006.6,88.7,0.0,23.4,6.3,639.0,71.72,100.0
2024-06-15 16:00:00,472,1006.6,88.1,0.0,23.4,6.3,603.0,66.06,100.0
2024-06-15 16:15:00,425,1006.6,87.7,0.0,23.5,6.2,561.0,58.81,100.0
2024-06-15 16:30:00,376,1006.6,87.3,0.0,23.4,6.1,515.0,52.15,100.0
2024-06-15 16:45:00,329,1006.6,86.9,0.0,23.4,6.0,464.0,44.39,100.0
2024-06-15 17:00:00,282,1006.6,86.4,0.0,23.4,5.9,415.0,37.71,100.0
2024-06-15 17:15:00,239,1006.6,86.2,0.0,23.4,5.7,356.0,29.83,100.0
2024-06-15 17:30:00,199,1006.6,86.1,0.0,23.4,5.6,302.0,23.05,100.0
2024-06-15 17:45:00,162,1006.6,85.9,0.0,23.3,5.5,240.0,16.24,100.0
2024-06-15 18:00:00,129,1006.6,85.6,0.0,23.3,5.3,195.0,11.23,100.0
2024-06-15 18:15:00,100,1006.6,85.2,0.0,23.3,5.2,137.0,7.08,100.0
2024-06-15 18:30:00,75,1006.6,84.8,0.0,23.3,5.0,95.0,5.16,100.0
2024-06-15 18:45:00,52,1006.6,84.6,0.0,23.3,4.9,54.0,3.68,100.0
2024-06-15 19:00:00,32,1006.6,84.5,0.0,23.3,4.7,17.0,2.39,100.0
2024-06-15 19:15:00,12,1006.6,84.4,0.0,23.2,4.6,0.0,0.0,100.0
2024-06-15 19:30:00,0,1006.6,84.2,0.0,23.2,4.4,0.0,0.0,100.0
2024-06-15 19:45:00,0,1006.6,83.8,0.0,23.2,4.3,0.0,0.0,100.0
2024-06-15 20:00:00,0,1006.6,83.7,0.0,23.1,4.1,0.0,0.0,100.0
2024-06-15 20:15:00,0,1006.6,83.9,0.0,23.0,4.0,0.0,0.0,100.0
2024-06-15 20:30:00,0,1006.6,84.0,0.0,23.0,3.8,0.0,0.0,100.0
2024-06-15 20:45:00,0,1006.6,84.6,0.0,23.0,3.6,0.0,0.0,100.0
2024-06-15 21:00:00,0,1006.6,84.7,0.0,23.0,3.5,0.0,0.0,100.0
2024-06-15 21:15:00,0,1006.6,84.8,0.0,22.9,3.3,0.0,0.0,100.0
2024-06-15 21:30:00,0,1006.6,84.9,0.0,22.8,3.1,0.0,0.0,100.0
2024-06-15 21:45:00,0,1006.6,85.2,0.0,22.8,3.0,0.0,0.0,100.0
2024-06-15 22:00:00,0,1006.6,85.3,0.0,22.7,2.8,0.0,0.0,100.0
2024-06-15 22:15:00,0,1006.6,85.3,0.0,22.7,2.7,0.0,0.0,100.0
2024-06-15 22:30:00,0,1006.6,85.4,0.0,22.6,2.6,0.0,0.0,100.0
2024-06-15 22:45:00,0,1006.6,85.4,0.0,22.6,2.5,0.0,0.0,100.0
2024-06-15 23:00:00,0,1006.6,85.5,0.0,22.5,2.4,0.0,0.0,100.0
2024-06-15 23:15:00,0,1006.6,85.7,0.0,22.5,2.3,0.0,0.0,100.0
2024-06-15 23:30:00,0,1006.6,86.0,0.0,22.4,2.2,0.0,0.0,100.0
2024-06-15 23:45:00,0,1006.6,86.2,0.0,22.4,2.1,0.0,0.0,100.0
2024-06-16 00:00:00,0,1006.6,92.7,0.0,21.4,1.8,0.0,0.0,100.0
2024-06-16 00:15:00,0,1006.6,92.5,0.0,21.4,1.7,0.0,0.0,100.0
2024-06-16 00:30:00,0,1006.6,92.4,0.0,21.4,1.6,0.0,0.0,100.0
2024-06-16 00:45:00,0,1006.6,92.1,0.0,21.4,1.5,0.0,0.0,100.0
2024-06-16 01:00:00,0,1006.6,91.8,0.0,21.4,1.4,0.0,0.0,100.0
2024-06-16 01:15:00,0,1006.6,91.4,0.0,21.4,1.3,0.0,0.0,100.0
2024-06-16 01:30:00,0,1006.6,91.1,0.0,21.4,1.2,0.0,0.0,100.0
2024-06-16 01:45:00,0,1006.6,91.0,0.0,21.4,1.1,0.0,0.0,100.0
2024-06-16 02:00:00,0,1006.6,90.9,0.0,21.4,1.1,0.0,0.0,100.0
2024-06-16 02:15:00,0,1006.6,90.8,0.0,21.4,1.0,0.0,0.0,100.0
2024-06-16 02:30:00,0,1006.6,90.9,0.0,21.3,1.0,0.0,0.0,100.0
2024-06-16 02:45:00,0,1006.6,90.9,0.0,21.3,1.0,0.0,0.0,100.0
2024-06-16 03:00:00,0,1006.6,91.1,0.0,21.3,0.9,0.0,0.0,100.0
2024-06-16 03:15:00,0,1006.6,91.3,0.0,21.3,0.9,0.0,0.0,100.0
2024-06-16 03:30:00,0,1006.6,91.6,0.0,21.2,0.9,0.0,0.0,100.0
2024-06-16 03:45:00,0,1006.6,91.9,0.0,21.2,0.9,0.0,0.0,100.0
2024-06-16 04:00:00,0,1006.6,92.0,0.0,21.1,0.9,0.0,0.0,100.0
2024-06-16 04:15:00,0,1006.6,92.0,0.0,21.1,0.9,0.0,0.0,100.0
2024-06-16 04:30:00,0,1006.6,91.9,0.0,21.0,0.8,0.0,0.0,100.0
2024-06-16 04:45:00,0,1006.6,91.7,0.0,20.9,0.8,0.0,0.0,100.0
2024-06-16 05:00:00,6,1006.6,91.5,0.0,20.9,0.8,17.0,1.88,100.0
2024-06-16 05:15:00,25,1006.6,91.2,0.0,20.8,0.8,41.0,3.64,100.0
2024-06-16 05:30:00,49,1006.6,90.7,0.0,20.8,0.8,77.0,5.22,100.0
2024-06-16 05:45:00,78,1006.6,90.2,0.0,20.9,0.9,111.0,7.29,100.0
2024-06-16 06:00:00,112,1006.6,89.7,0.0,20.9,0.9,161.0,10.09,100.0
2024-06-16 06:15:00,150,1006.6,89.2,0.0,21.0,1.0,210.0,14.94,100.0
2024-06-16 06:30:00,191,1006.6,88.7,0.0,21.2,1.0,255.0,20.24,100.0
2024-06-16 06:45:00,232,1006.6,88.1,0.0,21.4,1.1,318.0,27.33,100.0
2024-06-16 07:00:00,275,1006.6,87.6,0.0,21.6,1.1,377.0,34.19,100.0
2024-06-16 07:15:00,318,1006.6,86.4,0.0,21.9,1.2,430.0,41.96,100.0
2024-06-16 07:30:00,362,1006.6,85.6,0.0,22.2,1.2,454.0,48.78,100.0
2024-06-16 07:45:00,406,1006.6,84.9,0.0,22.4,1.3,529.0,56.76,100.0
2024-06-16 08:00:00,448,1006.6,84.5,0.0,22.5,1.3,575.0,61.51,100.0
2024-06-16 08:15:00,490,1006.6,84.1,0.0,22.7,1.4,634.0,70.94,100.0
2024-06-16 08:30:00,531,1006.6,83.0,0.0,22.9,1.4,606.0,74.44,100.0
2024-06-16 08:45:00,571,1006.6,81.9,0.0,23.1,1.5,708.0,82.36,100.0
2024-06-16 09:00:00,608,1006.6,81.0,0.0,23.2,1.5,721.0,86.07,100.0
2024-06-16 09:15:00,644,1006.6,80.3,0.0,23.4,1.6,765.0,90.74,100.0
2024-06-16 09:30:00,679,1006.6,79.4,0.0,23.6,1.6,816.0,97.01,100.0
2024-06-16 09:45:00,711,1006.6,78.5,0.0,23.7,1.6,826.0,96.85,100.0
2024-06-16 10:00:00,741,1006.6,78.3,0.0,23.8,1.7,878.0,99.4,100.0
2024-06-16 10:15:00,767,1006.6,77.7,0.0,23.9,1.8,958.0,99.74,100.0
2024-06-16 10:30:00,790,1006.6,76.5,0.0,24.1,1.8,982.0,99.75,100.0
2024-06-16 10:45:00,809,1006.6,74.6,0.0,24.2,1.9,1034.0,99.69,100.0
2024-06-16 11:00:00,824,1006.6,73.1,0.0,24.5,1.9,1008.0,99.72,100.0
2024-06-16 11:15:00,836,1006.6,71.3,0.0,24.7,2.0,1031.0,99.72,100.0
2024-06-16 11:30:00,844,1006.6,69.1,0.0,24.9,2.0,1031.0,99.72,100.0
2024-06-16 11:45:00,849,1006.6,66.7,0.0,25.1,2.1,1021.0,99.72,100.0
2024-06-16 12:00:00,850,1006.6,63.9,0.0,25.3,2.1,1033.0,99.72,100.0
2024-06-16 12:15:00,848,1006.6,61.8,0.0,25.5,2.2,1009.0,99.72,100.0
2024-06-16 12:30:00,843,1006.6,60.6,0.0,25.6,2.2,1029.0,99.72,100.0
2024-06-16 12:45:00,835,1006.6,59.7,0.0,25.6,2.3,1024.0,99.72,100.0
2024-06-16 13:00:00,825,1006.6,58.0,0.0,25.7,2.3,1001.0,99.72,100.0
2024-06-16 13:15:00,812,1006.6,55.9,0.0,26.0,2.3,1017.0,99.78,100.0
2024-06-16 13:30:00,797,1006.6,54.1,0.0,26.2,2.4,1004.0,99.78,100.0
2024-06-16 13:45:00,778,1006.6,52.9,0.0,26.3,2.4,1025.0,99.77,100.0
2024-06-16 14:00:00,757,1006.6,51.4,0.0,26.4,2.4,924.0,98.96,100.0
2024-06-16 14:15:00,732,1006.6,50.3,0.0,26.5,2.5,875.0,98.75,100.0
2024-06-16 14:30:00,704,1006.6,49.3,0.0,26.6,2.5,859.0,99.67,100.0
2024-06-16 14:45:00,672,1006.6,47.8,0.0,26.7,2.5,795.0,86.61,100.0
2024-06-16 15:00:00,638,1006.6,47.0,0.0,26.8,2.5,802.0,77.8,100.0
2024-06-16 15:15:00,600,1006.6,46.4,0.0,26.9,2.6,661.0,75.09,100.0
2024-06-16 15:30:00,559,1006.6,45.5,0.0,27.0,2.6,816.0,68.93,100.0
2024-06-16 15:45:00,516,1006.6,44.5,0.0,27.1,2.6,446.0,59.16,100.0
2024-06-16 16:00:00,469,1006.6,43.7,0.0,27.2,2.6,396.0,52.57,100.0
2024-06-16 16:15:00,419,1006.6,43.6,0.0,27.1,2.6,528.0,50.44,100.0
2024-06-16 16:30:00,370,1006.6,43.7,0.0,27.1,2.6,461.0,44.87,100.0
2024-06-16 16:45:00,321,1006.6,44.4,0.0,27.0,2.7,278.0,28.95,100.0
2024-06-16 17:00:00,274,1006.6,45.6,0.0,27.0,2.7,275.0,31.54,100.0
2024-06-16 17:15:00,229,1006.6,47.3,0.0,27.0,2.8,247.0,25.4,100.0
2024-06-16 17:30:00,189,1006.6,49.1,0.0,27.0,2.8,222.0,25.78,100.0
2024-06-16 17:45:00,153,1006.6,50.8,0.0,27.1,2.9,219.0,20.17,100.0
2024-06-16 18:00:00,121,1006.6,52.9,0.0,27.0,3.0,97.0,10.43,100.0
2024-06-16 18:15:00,93,1006.6,55.0,0.0,26.9,3.1,94.0,8.58,100.0
2024-06-16 18:30:00,69,1006.6,57.4,0.0,26.7,3.2,71.0,6.47,100.0
2024-06-16 18:45:00,48,1006.6,59.8,0.0,26.4,3.3,36.0,4.66,100.0
2024-06-16 19:00:00,29,1006.6,61.9,0.0,26.1,3.4,15.0,2.76,100.0
2024-06-16 19:15:00,11,1006.6,63.5,0.0,25.9,3.5,0.0,0.0,100.0
2024-06-16 19:30:00,0,1006.6,64.7,0.0,25.7,3.6,0.0,0.0,100.0
2024-06-16 19:45:00,0,1006.6,67.1,0.0,25.4,3.7,0.0,0.0,100.0
2024-06-16 20:00:00,0,1006.6,70.2,0.0,25.0,3.8,0.0,0.0,100.0
2024-06-16 20:15:00,0,1006.6,73.0,0.0,24.7,3.9,0.0,0.0,100.0
2024-06-16 20:30:00,0,1006.6,77.6,0.0,24.3,4.0,0.0,0.0,100.0
2024-06-16 20:45:00,0,1006.6,81.6,0.0,24.1,4.1,0.0,0.0,100.0
2024-06-16 21:00:00,0,1006.6,83.9,0.0,23.9,4.2,0.0,0.0,100.0
2024-06-16 21:15:00,0,1006.6,85.3,0.0,23.7,4.3,0.0,0.0,100.0
2024-06-16 21:30:00,0,1006.6,86.1,0.0,23.5,4.4,0.0,0.0,100.0
2024-06-16 21:45:00,0,1006.6,85.8,0.0,23.4,4.5,0.0,0.0,100.0
2024-06-16 22:00:00,0,1006.6,84.6,0.0,23.2,4.6,0.0,0.0,100.0
2024-06-16 22:15:00,0,1006.6,83.9,0.0,23.1,4.7,0.0,0.0,100.0
2024-06-16 22:30:00,0,1006.6,84.1,0.0,22.9,4.8,0.0,0.0,100.0
2024-06-16 22:45:00,0,1006.6,84.6,0.0,22.7,4.9,0.0,0.0,100.0
2024-06-16 23:00:00,0,1006.6,84.9,0.0,22.6,4.9,0.0,0.0,100.0
2024-06-16 23:15:00,0,1006.6,85.0,0.0,22.4,4.9,0.0,0.0,100.0
2024-06-16 23:30:00,0,1006.6,85.1,0.0,22.3,4.9,0.0,0.0,100.0
2024-06-16 23:45:00,0,1006.6,85.5,0.0,22.1,4.9,0.0,0.0,100.0
2024-06-17 00:00:00,0,1006.6,88.1,0.0,22.2,4.6,0.0,0.0,100.0
2024-06-17 00:15:00,0,1006.6,88.3,0.0,22.1,4.6,0.0,0.0,100.0
2024-06-17 00:30:00,0,1006.6,88.6,0.0,22.0,4.6,0.0,0.0,100.0
2024-06-17 00:45:00,0,1006.6,89.1,0.0,21.9,4.7,0.0,0.0,100.0
2024-06-17 01:00:00,0,1006.6,89.6,0.0,21.7,4.7,0.0,0.0,100.0
2024-06-17 01:15:00,0,1006.6,89.9,0.0,21.6,4.7,0.0,0.0,100.0
2024-06-17 01:30:00,0,1006.6,90.2,0.0,21.5,4.7,0.0,0.0,100.0
2024-06-17 01:45:00,0,1006.6,90.2,0.0,21.4,4.7,0.0,0.0,100.0
2024-06-17 02:00:00,0,1006.6,90.4,0.0,21.3,4.6,0.0,0.0,100.0
2024-06-17 02:15:00,0,1006.6,90.4,0.0,21.2,4.6,0.0,0.0,100.0
2024-06-17 02:30:00,0,1006.6,90.4,0.0,21.1,4.6,0.0,0.0,100.0
2024-06-17 02:45:00,0,1006.6,90.3,0.0,21.1,4.6,0.0,0.0,100.0
2024-06-17 03:00:00,0,1006.6,90.7,0.0,21.0,4.6,0.0,0.0,100.0
2024-06-17 03:15:00,0,1006.6,90.9,0.0,20.9,4.5,0.0,0.0,100.0
2024-06-17 03:30:00,0,1006.6,91.1,0.0,20.8,4.5,0.0,0.0,100.0
2024-06-17 03:45:00,0,1006.6,91.3,0.0,20.7,4.5,0.0,0.0,100.0
2024-06-17 04:00:00,0,1006.6,91.4,0.0,20.6,4.4,0.0,0.0,100.0
2024-06-17 04:15:00,0,1006.6,91.8,0.0,20.5,4.4,0.0,0.0,100.0
2024-06-17 04:30:00,0,1006.6,92.4,0.0,20.4,4.4,0.0,0.0,100.0
2024-06-17 04:45:00,0,1006.6,92.3,0.0,20.3,4.4,0.0,0.0,100.0
2024-06-17 05:00:00,6,1006.6,92.3,0.0,20.2,4.3,14.0,1.79,100.0
2024-06-17 05:15:00,25,1006.5,92.3,0.0,20.2,4.3,27.0,3.05,100.0
2024-06-17 05:30:00,49,1006.6,92.0,0.0,20.2,4.3,54.0,4.59,100.0
2024-06-17 05:45:00,78,1006.6,91.6,0.0,20.3,4.3,94.0,6.49,100.0
2024-06-17 06:00:00,113,1006.6,90.8,0.0,20.4,4.3,144.0,9.72,100.0
2024-06-17 06:15:00,151,1006.6,89.5,0.0,20.6,4.3,198.0,14.48,100.0
2024-06-17 06:30:00,192,1006.6,88.0,0.0,20.9,4.2,243.0,19.3,100.0
2024-06-17 06:45:00,234,1006.6,86.3,0.0,21.3,4.2,299.0,26.0,100.0
2024-06-17 07:00:00,277,1006.6,84.0,0.0,21.7,4.2,348.0,32.17,100.0
2024-06-17 07:15:00,321,1006.6,81.4,0.0,22.0,4.2,408.0,39.7,100.0
2024-06-17 07:30:00,365,1006.6,79.7,0.0,22.4,4.2,467.0,46.21,100.0
2024-06-17 07:45:00,409,1006.6,77.9,0.0,22.8,4.2,515.0,53.73,100.0
2024-06-17 08:00:00,453,1006.6,75.1,0.0,23.1,4.2,559.0,60.11,100.0
2024-06-17 08:15:00,495,1006.6,72.2,0.0,23.5,4.2,599.0,66.66,100.0
2024-06-17 08:30:00,537,1006.6,69.3,0.0,23.9,4.2,637.0,72.44,100.0
2024-06-17 08:45:00,578,1006.6,66.0,0.0,24.3,4.2,682.0,78.89,100.0
2024-06-17 09:00:00,617,1006.6,63.0,0.0,24.6,4.2,718.0,84.14,100.0
2024-06-17 09:15:00,654,1006.6,60.2,0.0,24.9,4.1,764.0,90.32,100.0
2024-06-17 09:30:00,690,1006.6,59.1,0.0,25.3,4.1,805.0,94.67,100.0
2024-06-17 09:45:00,725,1006.6,58.2,0.0,25.6,4.1,846.0,97.82,100.0
2024-06-17 10:00:00,756,1006.6,57.1,0.0,25.9,4.1,877.0,99.02,100.0
2024-06-17 10:15:00,785,1006.6,55.1,0.0,26.3,4.1,927.0,99.64,100.0
2024-06-17 10:30:00,810,1006.6,54.1,0.0,26.6,4.1,954.0,99.64,100.0
2024-06-17 10:45:00,832,1006.6,53.9,0.0,26.8,4.1,979.0,99.85,100.0
2024-06-17 11:00:00,851,1006.7,53.4,0.0,27.1,4.1,991.0,99.85,100.0
2024-06-17 11:15:00,865,1006.7,51.6,0.0,27.4,4.1,1003.0,99.85,100.0
2024-06-17 11:30:00,876,1006.7,50.6,0.0,27.6,4.0,993.0,99.85,100.0
2024-06-17 11:45:00,884,1006.7,50.4,0.0,27.8,4.0,980.0,99.85,100.0
2024-06-17 12:00:00,887,1006.7,50.2,0.0,28.0,4.0,985.0,99.85,100.0
2024-06-17 12:15:00,887,1006.7,50.0,0.0,28.1,4.0,992.0,99.85,100.0
2024-06-17 12:30:00,883,1006.7,49.8,0.0,28.1,4.0,984.0,99.85,100.0
2024-06-17 12:45:00,876,1006.7,49.5,0.0,28.2,4.0,1000.0,99.85,100.0
2024-06-17 13:00:00,865,1006.7,49.0,0.0,28.2,4.0,1004.0,99.85,100.0
2024-06-17 13:15:00,852,1006.7,48.8,0.0,28.2,4.0,1005.0,99.85,100.0
2024-06-17 13:30:00,835,1006.7,48.8,0.0,28.2,3.9,977.0,99.85,100.0
2024-06-17 13:45:00,815,1006.6,48.8,0.0,28.2,4.0,961.0,99.78,100.0
2024-06-17 14:00:00,792,1006.6,48.9,0.0,28.2,4.0,923.0,99.78,100.0
2024-06-17 14:15:00,765,1006.6,49.1,0.0,28.2,4.0,874.0,98.85,100.0
2024-06-17 14:30:00,735,1006.6,50.2,0.0,27.8,4.0,834.0,96.53,100.0
2024-06-17 14:45:00,702,1006.6,51.3,0.1,27.6,4.1,794.0,91.25,100.0
2024-06-17 15:00:00,665,1006.6,52.0,0.1,27.7,4.1,745.0,86.44,100.0
2024-06-17 15:15:00,626,1006.6,52.4,0.1,27.8,4.1,714.0,81.18,100.0
2024-06-17 15:30:00,584,1006.6,52.6,0.1,27.7,4.2,681.0,76.39,100.0
2024-06-17 15:45:00,540,1006.6,51.4,0.0,27.8,4.2,634.0,69.17,100.0
2024-06-17 16:00:00,492,1006.6,50.7,0.0,28.0,4.2,591.0,62.8,100.0
2024-06-17 16:15:00,442,1006.6,50.3,0.0,28.0,4.3,537.0,56.71,100.0
2024-06-17 16:30:00,392,1006.6,49.7,0.0,28.0,4.3,497.0,49.94,100.0
2024-06-17 16:45:00,342,1006.6,49.5,0.0,28.0,4.3,442.0,42.03,100.0
2024-06-17 17:00:00,294,1006.6,50.0,0.0,28.0,4.4,403.0,36.18,100.0
2024-06-17 17:15:00,249,1006.6,50.6,0.0,27.9,4.4,342.0,28.98,100.0
2024-06-17 17:30:00,207,1006.6,51.0,0.0,27.8,4.5,289.0,22.21,100.0
2024-06-17 17:45:00,169,1006.6,52.7,0.0,27.6,4.5,231.0,15.88,100.0
2024-06-17 18:00:00,135,1006.6,55.8,0.0,27.4,4.6,175.0,11.23,100.0
2024-06-17 18:15:00,105,1006.6,58.3,0.0,27.1,4.7,119.0,7.57,100.0
2024-06-17 18:30:00,79,1006.6,59.9,0.0,26.7,4.8,73.0,5.37,100.0
2024-06-17 18:45:00,55,1006.6,60.2,0.0,26.2,4.8,38.0,3.52,100.0
2024-06-17 19:00:00,34,1006.6,62.5,0.0,25.9,4.9,14.0,2.12,100.0
2024-06-17 19:15:00,14,1006.6,64.6,0.0,25.5,5.0,0.0,0.0,100.0
2024-06-17 19:30:00,0,1006.6,67.2,0.0,25.1,5.1,0.0,0.0,100.0
2024-06-17 19:45:00,0,1006.6,70.8,0.0,24.8,5.1,0.0,0.0,100.0
2024-06-17 20:00:00,0,1006.6,73.4,0.0,24.5,5.2,0.0,0.0,100.0
2024-06-17 20:15:00,0,1006.6,74.6,0.0,24.2,5.3,0.0,0.0,100.0
2024-06-17 20:30:00,0,1006.6,76.6,0.0,24.0,5.3,0.0,0.0,100.0
2024-06-17 20:45:00,0,1006.6,77.3,0.0,23.8,5.4,0.0,0.0,100.0
2024-06-17 21:00:00,0,1006.6,76.4,0.0,23.6,5.5,0.0,0.0,100.0
2024-06-17 21:15:00,0,1006.6,75.9,0.0,23.4,5.5,0.0,0.0,100.0
2024-06-17 21:30:00,0,1006.6,76.0,0.0,23.2,5.6,0.0,0.0,100.0
2024-06-17 21:45:00,0,1006.6,76.3,0.0,23.0,5.6,0.0,0.0,100.0
2024-06-17 22:00:00,0,1006.6,76.4,0.0,22.8,5.7,0.0,0.0,100.0
2024-06-17 22:15:00,0,1006.6,76.4,0.0,22.7,5.7,0.0,0.0,100.0
2024-06-17 22:30:00,0,1006.6,76.3,0.0,22.5,5.7,0.0,0.0,100.0
2024-06-17 22:45:00,0,1006.6,76.4,0.0,22.4,5.7,0.0,0.0,100.0
2024-06-17 23:00:00,0,1006.6,76.5,0.0,22.3,5.7,0.0,0.0,100.0
2024-06-17 23:15:00,0,1006.6,76.8,0.0,22.1,5.7,0.0,0.0,100.0
2024-06-17 23:30:00,0,1006.6,77.4,0.0,22.0,5.7,0.0,0.0,100.0
2024-06-17 23:45:00,0,1006.5,78.0,0.0,21.9,5.6,0.0,0.0,100.0
2024-06-18 00:00:00,0,1006.6,80.4,0.0,22.9,5.4,0.0,0.0,100.0
2024-06-18 00:15:00,0,1006.6,81.0,0.0,22.8,5.4,0.0,0.0,100.0
2024-06-18 00:30:00,0,1006.6,81.5,0.0,22.7,5.3,0.0,0.0,100.0
2024-06-18 00:45:00,0,1006.6,81.9,0.0,22.6,5.3,0.0,0.0,100.0
2024-06-18 01:00:00,0,1006.6,82.3,0.0,22.5,5.2,0.0,0.0,100.0
2024-06-18 01:15:00,0,1006.6,82.9,0.0,22.4,5.2,0.0,0.0,100.0
2024-06-18 01:30:00,0,1006.5,83.4,0.0,22.3,5.1,0.0,0.0,100.0
2024-06-18 01:45:00,0,1006.5,84.0,0.0,22.2,5.0,0.0,0.0,100.0
2024-06-18 02:00:00,0,1006.5,84.6,0.0,22.1,5.0,0.0,0.0,100.0
2024-06-18 02:15:00,0,1006.5,85.4,0.0,22.0,4.9,0.0,0.0,100.0
2024-06-18 02:30:00,0,1006.5,86.0,0.0,21.9,4.9,0.0,0.0,100.0
2024-06-18 02:45:00,0,1006.5,86.7,0.0,21.9,4.8,0.0,0.0,100.0
2024-06-18 03:00:00,0,1006.5,87.3,0.0,21.8,4.7,0.0,0.0,100.0
2024-06-18 03:15:00,0,1006.5,87.9,0.0,21.7,4.7,0.0,0.0,100.0
2024-06-18 03:30:00,0,1006.5,88.5,0.0,21.7,4.6,0.0,0.0,100.0
2024-06-18 03:45:00,0,1006.5,89.1,0.0,21.6,4.6,0.0,0.0,100.0
2024-06-18 04:00:00,0,1006.5,89.6,0.0,21.5,4.6,0.0,0.0,100.0
2024-06-18 04:15:00,0,1006.5,89.9,0.0,21.5,4.6,0.0,0.0,100.0
2024-06-18 04:30:00,0,1006.5,90.1,0.0,21.4,4.6,0.0,0.0,100.0
2024-06-18 04:45:00,0,1006.5,90.4,0.0,21.4,4.5,0.0,0.0,100.0
2024-06-18 05:00:00,5,1006.5,90.6,0.0,21.4,4.5,11.0,1.52,100.0
2024-06-18 05:15:00,22,1006.5,90.7,0.0,21.4,4.5,26.0,3.21,100.0
2024-06-18 05:30:00,44,1006.5,90.6,0.0,21.4,4.5,49.0,5.79,100.0
2024-06-18 05:45:00,72,1006.5,90.1,0.0,21.6,4.5,79.0,8.92,100.0
2024-06-18 06:00:00,105,1006.5,89.3,0.0,21.8,4.6,101.0,11.32,100.0
2024-06-18 06:15:00,142,1006.6,88.1,0.0,22.1,4.6,171.0,16.36,100.0
2024-06-18 06:30:00,182,1006.6,86.6,0.0,22.5,4.6,221.0,19.39,100.0
2024-06-18 06:45:00,223,1006.6,84.8,0.0,22.9,4.6,284.0,24.14,100.0
2024-06-18 07:00:00,264,1006.6,83.1,0.0,23.2,4.6,230.0,26.46,100.0
2024-06-18 07:15:00,307,1006.6,81.8,0.0,23.5,4.6,344.0,35.82,100.0
2024-06-18 07:30:00,349,1006.6,80.3,0.0,23.8,4.7,395.0,44.94,100.0
2024-06-18 07:45:00,390,1006.6,78.4,0.0,24.2,4.7,469.0,51.14,100.0
2024-06-18 08:00:00,431,1006.6,75.8,0.0,24.5,4.7,519.0,54.19,100.0
2024-06-18 08:15:00,471,1006.6,73.4,0.0,24.9,4.8,548.0,60.35,100.0
2024-06-18 08:30:00,509,1006.6,71.9,0.0,25.2,4.8,592.0,68.31,100.0
2024-06-18 08:45:00,546,1006.6,70.7,0.0,25.5,4.8,642.0,74.09,100.0
2024-06-18 09:00:00,581,1006.6,69.0,0.0,25.8,4.9,681.0,79.12,100.0
2024-06-18 09:15:00,615,1006.6,67.1,0.0,26.1,4.9,728.0,84.73,100.0
2024-06-18 09:30:00,647,1006.6,64.9,0.0,26.4,5.0,714.0,81.38,100.0
2024-06-18 09:45:00,678,1006.6,63.5,0.0,26.6,5.0,805.0,95.5,100.0
2024-06-18 10:00:00,706,1006.6,62.5,0.0,26.8,5.1,733.0,96.43,100.0
2024-06-18 10:15:00,730,1006.6,61.3,0.0,27.0,5.1,809.0,95.63,100.0
2024-06-18 10:30:00,751,1006.6,59.8,0.0,27.3,5.1,936.0,60.16,100.0
2024-06-18 10:45:00,769,1006.6,58.3,0.0,27.4,5.2,576.0,33.33,100.0
2024-06-18 11:00:00,783,1006.6,57.1,0.0,27.6,5.2,978.0,35.27,100.0
2024-06-18 11:15:00,793,1006.6,55.9,0.0,27.8,5.3,656.0,92.68,100.0
2024-06-18 11:30:00,801,1006.6,54.6,0.0,28.0,5.3,727.0,83.6,100.0
2024-06-18 11:45:00,805,1006.6,53.7,0.0,28.1,5.4,930.0,85.02,100.0
2024-06-18 12:00:00,806,1006.6,52.8,0.0,28.2,5.4,744.0,83.68,100.0
2024-06-18 12:15:00,805,1006.6,51.7,0.0,28.3,5.5,469.0,69.23,100.0
2024-06-18 12:30:00,801,1006.7,50.5,0.0,28.4,5.5,1027.0,66.94,100.0
2024-06-18 12:45:00,795,1006.7,49.4,0.0,28.5,5.6,287.0,98.52,100.0
2024-06-18 13:00:00,787,1006.6,48.3,0.0,28.6,5.6,371.0,78.32,100.0
2024-06-18 13:15:00,778,1006.6,47.8,0.0,28.6,5.6,614.0,96.17,100.0
2024-06-18 13:30:00,766,1006.6,47.6,0.0,28.7,5.6,533.0,67.87,100.0
2024-06-18 13:45:00,752,1006.7,47.1,0.0,28.7,5.6,923.0,99.48,100.0
2024-06-18 14:00:00,735,1006.6,46.1,0.0,28.8,5.6,864.0,86.49,100.0
2024-06-18 14:15:00,714,1006.6,45.1,0.0,28.8,5.6,797.0,93.43,100.0
2024-06-18 14:30:00,690,1006.6,44.7,0.0,28.7,5.6,666.0,97.15,100.0
2024-06-18 14:45:00,662,1006.6,44.4,0.0,28.7,5.6,788.0,94.18,100.0
2024-06-18 15:00:00,631,1006.6,44.2,0.0,28.6,5.6,715.0,70.85,100.0
2024-06-18 15:15:00,596,1006.6,45.1,0.0,28.6,5.6,275.0,68.93,100.0
2024-06-18 15:30:00,557,1006.6,46.2,0.0,28.5,5.6,454.0,61.53,100.0
2024-06-18 15:45:00,515,1006.6,47.6,0.0,28.4,5.6,497.0,64.71,100.0
2024-06-18 16:00:00,470,1006.6,48.4,0.0,28.4,5.6,438.0,57.56,100.0
2024-06-18 16:15:00,421,1006.6,48.8,0.0,28.3,5.6,561.0,67.49,100.0
2024-06-18 16:30:00,372,1006.6,50.2,0.0,28.2,5.6,480.0,60.26,100.0
2024-06-18 16:45:00,323,1006.6,52.3,0.0,28.1,5.6,374.0,52.52,100.0
2024-06-18 17:00:00,277,1006.6,54.0,0.0,27.9,5.5,300.0,43.78,100.0
2024-06-18 17:15:00,233,1006.6,53.8,0.0,27.7,5.5,234.0,21.43,100.0
2024-06-18 17:30:00,192,1006.6,54.2,0.0,27.4,5.5,185.0,17.08,100.0
2024-06-18 17:45:00,156,1006.6,55.1,0.0,27.1,5.5,116.0,12.76,100.0
2024-06-18 18:00:00,123,1006.6,54.7,0.0,26.7,5.5,101.0,11.48,100.0
2024-06-18 18:15:00,95,1006.6,54.2,0.0,26.4,5.5,87.0,9.68,100.0
2024-06-18 18:30:00,71,1006.6,55.2,0.0,26.0,5.5,58.0,6.66,100.0
2024-06-18 18:45:00,49,1006.6,56.2,0.0,25.7,5.5,35.0,4.34,100.0
2024-06-18 19:00:00,30,1006.6,57.5,0.0,25.4,5.5,17.0,2.28,100.0
2024-06-18 19:15:00,12,1006.6,59.0,0.0,25.1,5.5,0.0,0.0,100.0
2024-06-18 19:30:00,0,1006.6,61.2,0.0,24.8,5.5,0.0,0.0,100.0
2024-06-18 19:45:00,0,1006.6,63.1,0.0,24.6,5.6,0.0,0.0,100.0
2024-06-18 20:00:00,0,1006.6,65.0,0.0,24.4,5.6,0.0,0.0,100.0
2024-06-18 20:15:00,0,1006.6,66.5,0.0,24.2,5.6,0.0,0.0,100.0
2024-06-18 20:30:00,0,1006.6,67.6,0.0,24.0,5.6,0.0,0.0,100.0
2024-06-18 20:45:00,0,1006.6,68.7,0.0,23.8,5.6,0.0,0.0,100.0
2024-06-18 21:00:00,0,1006.6,68.9,0.0,23.7,5.6,0.0,0.0,100.0
2024-06-18 21:15:00,0,1006.6,69.0,0.0,23.5,5.6,0.0,0.0,100.0
2024-06-18 21:30:00,0,1006.6,70.3,0.0,23.3,5.6,0.0,0.0,100.0
2024-06-18 21:45:00,0,1006.6,71.2,0.0,23.1,5.6,0.0,0.0,100.0
2024-06-18 22:00:00,0,1006.6,71.7,0.0,22.9,5.6,0.0,0.0,100.0
2024-06-18 22:15:00,0,1006.6,72.4,0.0,22.7,5.6,0.0,0.0,100.0
2024-06-18 22:30:00,0,1006.6,73.1,0.0,22.6,5.6,0.0,0.0,100.0
2024-06-18 22:45:00,0,1006.6,73.7,0.0,22.4,5.6,0.0,0.0,100.0
2024-06-18 23:00:00,0,1006.6,74.1,0.0,22.2,5.7,0.0,0.0,100.0
2024-06-18 23:15:00,0,1006.6,74.3,0.0,22.1,5.7,0.0,0.0,100.0
2024-06-18 23:30:00,0,1006.5,74.3,0.0,22.0,5.7,0.0,0.0,100.0
2024-06-18 23:45:00,0,1006.5,74.4,0.0,21.9,5.7,0.0,0.0,100.0
2024-06-19 00:00:00,0,1006.5,75.2,0.0,22.3,5.3,0.0,0.0,100.0
2024-06-19 00:15:00,0,1006.5,75.6,0.0,22.1,5.3,0.0,0.0,100.0
2024-06-19 00:30:00,0,1006.5,75.9,0.0,22.0,5.3,0.0,0.0,100.0
2024-06-19 00:45:00,0,1006.5,76.2,0.0,21.9,5.3,0.0,0.0,100.0
2024-06-19 01:00:00,0,1006.5,76.4,0.0,21.8,5.2,0.0,0.0,100.0
2024-06-19 01:15:00,0,1006.5,76.5,0.0,21.7,5.2,0.0,0.0,100.0
2024-06-19 01:30:00,0,1006.5,76.7,0.0,21.7,5.2,0.0,0.0,100.0
2024-06-19 01:45:00,0,1006.5,76.9,0.0,21.7,5.2,0.0,0.0,100.0
2024-06-19 02:00:00,0,1006.5,77.2,0.0,21.6,5.2,0.0,0.0,100.0
2024-06-19 02:15:00,0,1006.5,77.6,0.0,21.6,5.2,0.0,0.0,100.0
2024-06-19 02:30:00,0,1006.5,77.8,0.0,21.6,5.2,0.0,0.0,100.0
2024-06-19 02:45:00,0,1006.5,78.1,0.0,21.6,5.2,0.0,0.0,100.0
2024-06-19 03:00:00,0,1006.5,78.3,0.0,21.5,5.2,0.0,0.0,100.0
2024-06-19 03:15:00,0,1006.5,78.5,0.0,21.5,5.2,0.0,0.0,100.0
2024-06-19 03:30:00,0,1006.5,79.0,0.0,21.5,5.2,0.0,0.0,100.0
2024-06-19 03:45:00,0,1006.5,79.7,0.0,21.5,5.2,0.0,0.0,100.0
2024-06-19 04:00:00,0,1006.5,80.0,0.0,21.5,5.2,0.0,0.0,100.0
2024-06-19 04:15:00,0,1006.5,80.2,0.0,21.5,5.3,0.0,0.0,100.0
2024-06-19 04:30:00,0,1006.5,80.3,0.0,21.5,5.3,0.0,0.0,100.0
2024-06-19 04:45:00,0,1006.5,80.8,0.0,21.5,5.4,0.0,0.0,100.0
2024-06-19 05:00:00,6,1006.5,81.4,0.0,21.4,5.4,11.0,1.39,100.0
2024-06-19 05:15:00,22,1006.5,82.0,0.0,21.4,5.5,28.0,2.52,100.0
2024-06-19 05:30:00,44,1006.5,82.6,0.0,21.4,5.5,65.0,4.52,100.0
2024-06-19 05:45:00,71,1006.5,82.8,0.0,21.5,5.6,95.0,4.94,100.0
2024-06-19 06:00:00,103,1006.5,82.9,0.0,21.6,5.6,134.0,8.19,100.0
2024-06-19 06:15:00,137,1006.5,83.0,0.0,21.8,5.7,220.0,14.54,100.0
2024-06-19 06:30:00,175,1006.5,83.0,0.0,21.9,5.8,276.0,20.47,100.0
2024-06-19 06:45:00,214,1006.5,83.0,0.0,22.0,5.8,340.0,28.62,100.0
2024-06-19 07:00:00,255,1006.6,82.9,0.0,22.3,5.9,385.0,38.15,100.0
2024-06-19 07:15:00,297,1006.6,82.7,0.0,22.5,5.9,350.0,36.54,100.0
2024-06-19 07:30:00,341,1006.6,82.3,0.0,22.8,6.0,458.0,50.36,100.0
2024-06-19 07:45:00,385,1006.6,82.0,0.0,23.1,6.0,565.0,61.33,100.0
2024-06-19 08:00:00,429,1006.6,81.6,0.0,23.4,6.1,587.0,68.96,100.0
2024-06-19 08:15:00,474,1006.6,81.1,0.0,23.6,6.1,625.0,63.82,100.0
2024-06-19 08:30:00,517,1006.6,80.7,0.0,23.8,6.2,685.0,79.41,100.0
2024-06-19 08:45:00,559,1006.6,80.1,0.0,24.0,6.2,722.0,85.29,100.0
2024-06-19 09:00:00,600,1006.6,79.5,0.0,24.3,6.3,760.0,88.49,100.0
2024-06-19 09:15:00,639,1006.6,78.8,0.0,24.6,6.3,397.0,58.55,100.0
2024-06-19 09:30:00,675,1006.6,77.3,0.0,24.9,6.4,714.0,95.97,100.0
2024-06-19 09:45:00,709,1006.6,76.1,0.0,25.2,6.4,634.0,95.87,100.0
2024-06-19 10:00:00,738,1006.6,75.0,0.0,25.5,6.4,929.0,99.8,100.0
2024-06-19 10:15:00,764,1006.6,73.1,0.0,25.7,6.5,1001.0,95.98,100.0
2024-06-19 10:30:00,785,1006.6,71.6,0.0,26.0,6.5,983.0,86.7,100.0
2024-06-19 10:45:00,801,1006.6,70.9,0.0,26.2,6.5,881.0,81.26,100.0
2024-06-19 11:00:00,814,1006.6,69.7,0.0,26.3,6.5,1159.0,76.95,100.0
2024-06-19 11:15:00,823,1006.6,68.8,0.0,26.5,6.5,603.0,92.34,100.0
2024-06-19 11:30:00,829,1006.6,67.5,0.0,26.6,6.5,834.0,96.17,100.0
2024-06-19 11:45:00,831,1006.6,65.8,0.0,26.8,6.6,908.0,80.45,100.0
2024-06-19 12:00:00,830,1006.6,65.4,0.0,26.9,6.6,886.0,98.47,100.0
2024-06-19 12:15:00,827,1006.6,64.7,0.0,27.0,6.6,835.0,83.3,100.0
2024-06-19 12:30:00,822,1006.6,65.1,0.0,27.1,6.6,467.0,85.09,100.0
2024-06-19 12:45:00,815,1006.6,64.8,0.0,27.2,6.6,922.0,79.49,100.0
2024-06-19 13:00:00,806,1006.6,64.7,0.0,27.2,6.6,991.0,92.63,100.0
2024-06-19 13:15:00,796,1006.6,64.3,0.0,27.3,6.6,946.0,83.1,100.0
2024-06-19 13:30:00,784,1006.6,64.1,0.0,27.3,6.6,1011.0,99.77,100.0
2024-06-19 13:45:00,768,1006.6,63.8,0.0,27.3,6.6,995.0,99.98,100.0
2024-06-19 14:00:00,750,1006.6,63.0,0.0,27.4,6.6,949.0,99.98,100.0
2024-06-19 14:15:00,729,1006.6,62.1,0.0,27.4,6.6,889.0,99.43,100.0
2024-06-19 14:30:00,704,1006.6,61.2,0.0,27.4,6.7,851.0,98.63,100.0
2024-06-19 14:45:00,676,1006.6,60.4,0.0,27.4,6.7,810.0,95.02,100.0
2024-06-19 15:00:00,644,1006.6,59.8,0.0,27.3,6.7,774.0,91.16,100.0
2024-06-19 15:15:00,609,1006.6,59.3,0.0,27.3,6.7,723.0,85.77,100.0
2024-06-19 15:30:00,570,1006.6,58.2,0.0,27.2,6.6,693.0,79.34,100.0
2024-06-19 15:45:00,527,1006.6,57.9,0.0,27.2,6.6,638.0,71.71,100.0
2024-06-19 16:00:00,481,1006.6,57.5,0.0,27.1,6.6,610.0,66.11,100.0
2024-06-19 16:15:00,433,1006.6,57.2,0.0,27.0,6.5,558.0,57.91,100.0
2024-06-19 16:30:00,384,1006.6,56.8,0.0,26.9,6.5,513.0,51.96,100.0
2024-06-19 16:45:00,335,1006.6,57.1,0.0,26.8,6.4,466.0,44.16,100.0
2024-06-19 17:00:00,288,1006.6,58.2,0.0,26.6,6.3,356.0,40.79,100.0
2024-06-19 17:15:00,244,1006.6,59.3,0.0,26.4,6.2,367.0,30.05,100.0
2024-06-19 17:30:00,202,1006.6,60.0,0.0,26.2,6.1,312.0,24.73,100.0
2024-06-19 17:45:00,165,1006.6,62.3,0.0,25.9,6.1,251.0,16.66,100.0
2024-06-19 18:00:00,132,1006.6,64.5,0.0,25.7,6.0,195.0,11.34,100.0
2024-06-19 18:15:00,102,1006.6,66.3,0.0,25.5,5.9,146.0,7.19,100.0
2024-06-19 18:30:00,77,1006.6,68.3,0.0,25.3,5.8,99.0,5.03,100.0
2024-06-19 18:45:00,54,1006.6,70.4,0.0,25.1,5.7,58.0,3.65,100.0
2024-06-19 19:00:00,33,1006.6,72.5,0.0,24.8,5.6,20.0,2.48,100.0
2024-06-19 19:15:00,14,1006.6,74.4,0.0,24.6,5.5,0.0,0.0,100.0
2024-06-19 19:30:00,0,1006.6,76.1,0.0,24.4,5.4,0.0,0.0,100.0
2024-06-19 19:45:00,0,1006.6,77.6,0.0,24.2,5.3,0.0,0.0,100.0
2024-06-19 20:00:00,0,1006.6,79.3,0.0,24.0,5.2,0.0,0.0,100.0
2024-06-19 20:15:00,0,1006.6,81.0,0.0,23.8,5.1,0.0,0.0,100.0
2024-06-19 20:30:00,0,1006.6,82.5,0.0,23.7,5.0,0.0,0.0,100.0
2024-06-19 20:45:00,0,1006.6,83.6,0.0,23.5,4.9,0.0,0.0,100.0
2024-06-19 21:00:00,0,1006.6,84.7,0.0,23.4,4.8,0.0,0.0,100.0
2024-06-19 21:15:00,0,1006.5,85.9,0.0,23.3,4.8,0.0,0.0,100.0
2024-06-19 21:30:00,0,1006.5,86.8,0.0,23.2,4.7,0.0,0.0,100.0
2024-06-19 21:45:00,0,1006.5,87.6,0.0,23.0,4.7,0.0,0.0,100.0
2024-06-19 22:00:00,0,1006.5,88.5,0.0,23.0,4.6,0.0,0.0,100.0
2024-06-19 22:15:00,0,1006.5,89.3,0.0,22.9,4.6,0.0,0.0,100.0
2024-06-19 22:30:00,0,1006.5,90.0,0.0,22.8,4.5,0.0,0.0,100.0
2024-06-19 22:45:00,0,1006.5,90.4,0.0,22.7,4.5,0.0,0.0,100.0
2024-06-19 23:00:00,0,1006.5,90.8,0.0,22.7,4.5,0.0,0.0,100.0
2024-06-19 23:15:00,0,1006.5,91.1,0.0,22.6,4.5,0.0,0.0,100.0
2024-06-19 23:30:00,0,1006.5,91.6,0.0,22.6,4.4,0.0,0.0,100.0
2024-06-19 23:45:00,0,1006.5,92.2,0.0,22.5,4.4,0.0,0.0,100.0
2024-06-20 00:00:00,0,1006.5,92.0,0.0,22.0,4.1,0.0,0.0,100.0
2024-06-20 00:15:00,0,1006.5,92.3,0.0,22.0,4.0,0.0,0.0,100.0
2024-06-20 00:30:00,0,1006.5,92.5,0.0,21.9,3.9,0.0,0.0,100.0
2024-06-20 00:45:00,0,1006.5,92.7,0.0,21.9,3.9,0.0,0.0,100.0
2024-06-20 01:00:00,0,1006.5,93.0,0.0,21.8,3.8,0.0,0.0,100.0
2024-06-20 01:15:00,0,1006.5,93.3,0.0,21.8,3.8,0.0,0.0,100.0
2024-06-20 01:30:00,0,1006.5,93.6,0.0,21.7,3.7,0.0,0.0,100.0
2024-06-20 01:45:00,0,1006.5,93.9,0.0,21.8,3.6,0.0,0.0,100.0
2024-06-20 02:00:00,0,1006.5,94.1,0.0,21.7,3.6,0.0,0.0,100.0
2024-06-20 02:15:00,0,1006.5,94.4,0.0,21.6,3.5,0.0,0.0,100.0
2024-06-20 02:30:00,0,1006.5,94.5,0.0,21.6,3.5,0.0,0.0,100.0
2024-06-20 02:45:00,0,1006.5,94.6,0.0,21.6,3.4,0.0,0.0,100.0
2024-06-20 03:00:00,0,1006.5,94.6,0.0,21.6,3.3,0.0,0.0,100.0
2024-06-20 03:15:00,0,1006.5,94.9,0.0,21.6,3.2,0.0,0.0,100.0
2024-06-20 03:30:00,0,1006.5,95.0,0.0,21.5,3.1,0.0,0.0,100.0
2024-06-20 03:45:00,0,1006.5,95.0,0.0,21.5,3.0,0.0,0.0,100.0
2024-06-20 04:00:00,0,1006.5,95.0,0.0,21.6,2.9,0.0,0.0,100.0
2024-06-20 04:15:00,0,1006.5,94.8,0.0,21.6,2.9,0.0,0.0,100.0
2024-06-20 04:30:00,0,1006.5,94.8,0.0,21.6,2.8,0.0,0.0,100.0
2024-06-20 04:45:00,0,1006.5,94.9,0.0,21.6,2.7,0.0,0.0,100.0
2024-06-20 05:00:00,4,1006.5,94.9,0.0,21.6,2.7,12.0,1.67,100.0
2024-06-20 05:15:00,15,1006.5,94.7,0.0,21.7,2.6,37.0,3.93,100.0
2024-06-20 05:30:00,32,1006.5,94.5,0.0,21.8,2.6,77.0,5.63,100.0
2024-06-20 05:45:00,52,1006.5,94.3,0.0,21.9,2.6,141.0,10.67,100.0
2024-06-20 06:00:00,76,1006.5,94.0,0.0,22.0,2.6,160.0,10.14,100.0
2024-06-20 06:15:00,104,1006.5,93.4,0.0,22.2,2.6,255.0,15.56,100.0
2024-06-20 06:30:00,134,1006.5,92.4,0.0,22.4,2.6,179.0,17.87,100.0
2024-06-20 06:45:00,165,1006.5,91.1,0.0,22.7,2.6,307.0,23.62,100.0
2024-06-20 07:00:00,197,1006.5,89.7,0.0,22.9,2.6,405.0,30.64,100.0
2024-06-20 07:15:00,231,1006.5,88.6,0.0,23.2,2.6,421.0,41.52,100.0
2024-06-20 07:30:00,266,1006.5,87.3,0.0,23.5,2.6,528.0,45.1,100.0
2024-06-20 07:45:00,301,1006.6,86.2,0.0,23.7,2.6,604.0,54.09,100.0
2024-06-20 08:00:00,336,1006.6,84.9,0.0,24.0,2.6,588.0,61.43,100.0
2024-06-20 08:15:00,372,1006.6,83.2,0.0,24.3,2.7,448.0,63.4,100.0
2024-06-20 08:30:00,406,1006.6,82.5,0.0,24.4,2.7,308.0,50.0,100.0
2024-06-20 08:45:00,440,1006.6,82.3,0.0,24.4,2.8,739.0,51.76,100.0
2024-06-20 09:00:00,472,1006.6,81.6,0.0,24.6,2.9,737.0,57.77,100.0
2024-06-20 09:15:00,503,1006.6,80.5,0.0,24.8,2.9,783.0,90.39,100.0
2024-06-20 09:30:00,531,1006.6,79.5,0.0,24.9,3.0,797.0,94.42,100.0
2024-06-20 09:45:00,557,1006.6,78.8,0.0,25.1,3.0,837.0,98.15,100.0
2024-06-20 10:00:00,580,1006.6,77.9,0.0,25.2,3.1,888.0,99.33,100.0
2024-06-20 10:15:00,598,1006.6,76.8,0.0,25.3,3.2,620.0,96.37,100.0
2024-06-20 10:30:00,612,1006.6,76.1,0.0,25.4,3.4,989.0,98.77,100.0
2024-06-20 10:45:00,623,1006.6,75.6,0.0,25.5,3.5,1001.0,92.35,100.0
2024-06-20 11:00:00,630,1006.6,75.4,0.0,25.6,3.6,1003.0,92.9,100.0
2024-06-20 11:15:00,634,1006.6,75.0,0.0,25.8,3.7,1015.0,99.99,100.0
2024-06-20 11:30:00,636,1006.6,74.1,0.0,25.9,3.8,715.0,99.99,100.0
2024-06-20 11:45:00,636,1006.6,73.3,0.0,26.1,3.9,1003.0,99.99,100.0
2024-06-20 12:00:00,634,1006.6,73.0,0.0,26.2,4.0,996.0,99.4,100.0
2024-06-20 12:15:00,632,1006.6,73.2,0.0,26.3,4.1,1013.0,98.99,100.0
2024-06-20 12:30:00,629,1006.6,74.0,0.0,26.3,4.1,1044.0,98.19,100.0
2024-06-20 12:45:00,627,1006.6,74.9,0.0,26.2,4.2,993.0,99.93,100.0
2024-06-20 13:00:00,625,1006.6,76.4,0.0,26.0,4.3,989.0,99.81,100.0
2024-06-20 13:15:00,623,1006.6,76.9,0.0,26.0,4.4,982.0,99.81,100.0
2024-06-20 13:30:00,620,1006.6,78.8,0.0,25.9,4.5,955.0,99.83,100.0
2024-06-20 13:45:00,616,1006.6,80.3,0.0,25.6,4.6,942.0,99.83,100.0
2024-06-20 14:00:00,609,1006.6,79.7,0.0,25.6,4.7,888.0,99.83,100.0
2024-06-20 14:15:00,600,1006.6,79.5,0.0,25.8,4.7,861.0,99.58,100.0
2024-06-20 14:30:00,588,1006.6,80.2,0.0,25.6,4.8,811.0,97.19,100.0
2024-06-20 14:45:00,571,1006.6,80.2,0.0,25.6,4.8,791.0,94.38,100.0
2024-06-20 15:00:00,551,1006.6,80.4,0.0,25.6,4.9,751.0,89.31,100.0
2024-06-20 15:15:00,526,1006.6,79.4,0.0,25.7,4.9,716.0,83.97,100.0
2024-06-20 15:30:00,497,1006.6,78.6,0.0,25.7,5.0,675.0,78.41,100.0
2024-06-20 15:45:00,464,1006.6,78.2,0.0,25.7,5.0,637.0,72.41,100.0
2024-06-20 16:00:00,426,1006.6,78.4,0.0,25.6,5.0,603.0,65.44,100.0
2024-06-20 16:15:00,386,1006.6,78.9,0.0,25.6,5.0,546.0,58.32,100.0
2024-06-20 16:30:00,344,1006.6,79.3,0.0,25.6,4.9,508.0,52.02,100.0
2024-06-20 16:45:00,302,1006.6,79.5,0.0,25.6,4.8,412.0,39.03,100.0
2024-06-20 17:00:00,261,1006.6,79.6,0.0,25.6,4.7,482.0,43.76,100.0
2024-06-20 17:15:00,222,1006.6,79.7,0.0,25.7,4.7,285.0,25.65,100.0
2024-06-20 17:30:00,186,1006.6,80.0,0.0,25.7,4.6,333.0,28.16,100.0
2024-06-20 17:45:00,153,1006.6,80.8,0.0,25.7,4.5,136.0,22.12,100.0
2024-06-20 18:00:00,123,1006.6,81.4,0.0,25.7,4.5,236.0,18.02,100.0
2024-06-20 18:15:00,96,1006.6,82.6,0.0,25.5,4.4,119.0,7.11,100.0
2024-06-20 18:30:00,72,1006.6,84.0,0.0,25.4,4.4,46.0,3.84,100.0
2024-06-20 18:45:00,51,1006.6,84.9,0.0,25.3,4.3,33.0,3.6,100.0
2024-06-20 19:00:00,32,1006.6,85.4,0.0,25.2,4.2,19.0,2.36,100.0
2024-06-20 19:15:00,13,1006.6,85.7,0.0,25.1,4.2,0.0,0.0,100.0
2024-06-20 19:30:00,0,1006.6,86.3,0.0,25.0,4.1,0.0,0.0,100.0
2024-06-20 19:45:00,0,1006.6,86.9,0.0,24.9,4.1,0.0,0.0,100.0
2024-06-20 20:00:00,0,1006.6,87.8,0.0,24.8,4.0,0.0,0.0,100.0
2024-06-20 20:15:00,0,1006.6,88.3,0.0,24.7,4.0,0.0,0.0,100.0
2024-06-20 20:30:00,0,1006.6,88.4,0.0,24.6,4.0,0.0,0.0,100.0
2024-06-20 20:45:00,0,1006.6,88.9,0.0,24.4,3.9,0.0,0.0,100.0
2024-06-20 21:00:00,0,1006.6,89.6,0.0,24.2,3.9,0.0,0.0,100.0
2024-06-20 21:15:00,0,1006.6,89.8,0.0,24.1,3.9,0.0,0.0,100.0
2024-06-20 21:30:00,0,1006.6,90.1,0.0,24.0,3.8,0.0,0.0,100.0
2024-06-20 21:45:00,0,1006.6,90.5,0.0,23.9,3.8,0.0,0.0,100.0
2024-06-20 22:00:00,0,1006.6,90.9,0.0,23.8,3.9,0.0,0.0,100.0
2024-06-20 22:15:00,0,1006.6,91.5,0.0,23.7,3.9,0.0,0.0,100.0
2024-06-20 22:30:00,0,1006.5,91.9,0.0,23.6,3.9,0.0,0.0,100.0
2024-06-20 22:45:00,0,1006.5,92.2,0.0,23.6,3.9,0.0,0.0,100.0
2024-06-20 23:00:00,0,1006.5,92.5,0.0,23.5,3.9,0.0,0.0,100.0
2024-06-20 23:15:00,0,1006.5,92.7,0.0,23.4,3.9,0.0,0.0,100.0
2024-06-20 23:30:00,0,1006.5,93.0,0.0,23.4,3.9,0.0,0.0,100.0
2024-06-20 23:45:00,0,1006.5,93.5,0.0,23.3,3.9,0.0,0.0,100.0
2024-06-21 00:00:00,0,1006.5,94.6,0.0,23.3,3.4,0.0,0.0,100.0
2024-06-21 00:15:00,0,1006.5,94.7,0.0,23.3,3.4,0.0,0.0,100.0
2024-06-21 00:30:00,0,1006.5,95.0,0.0,23.2,3.4,0.0,0.0,100.0
2024-06-21 00:45:00,0,1006.5,95.2,0.0,23.2,3.4,0.0,0.0,100.0
2024-06-21 01:00:00,0,1006.5,95.4,0.0,23.1,3.4,0.0,0.0,100.0
2024-06-21 01:15:00,0,1006.5,95.7,0.0,23.1,3.4,0.0,0.0,100.0
2024-06-21 01:30:00,0,1006.5,96.0,0.0,23.0,3.3,0.0,0.0,100.0
2024-06-21 01:45:00,0,1006.5,96.3,0.0,23.0,3.3,0.0,0.0,100.0
2024-06-21 02:00:00,0,1006.5,96.6,0.0,23.0,3.3,0.0,0.0,100.0
2024-06-21 02:15:00,0,1006.5,96.9,0.0,22.9,3.3,0.0,0.0,100.0
2024-06-21 02:30:00,0,1006.5,97.2,0.0,22.9,3.3,0.0,0.0,100.0
2024-06-21 02:45:00,0,1006.5,97.5,0.0,22.8,3.3,0.0,0.0,100.0
2024-06-21 03:00:00,0,1006.5,97.7,0.0,22.8,3.3,0.0,0.0,100.0
2024-06-21 03:15:00,0,1006.5,98.0,0.0,22.8,3.3,0.0,0.0,100.0
2024-06-21 03:30:00,0,1006.5,98.1,0.0,22.8,3.3,0.0,0.0,100.0
2024-06-21 03:45:00,0,1006.5,98.2,0.0,22.8,3.3,0.0,0.0,100.0
2024-06-21 04:00:00,0,1006.5,98.2,0.0,22.8,3.3,0.0,0.0,100.0
2024-06-21 04:15:00,0,1006.5,98.2,0.0,22.8,3.4,0.0,0.0,100.0
2024-06-21 04:30:00,0,1006.5,98.1,0.0,22.8,3.4,0.0,0.0,100.0
2024-06-21 04:45:00,0,1006.5,98.1,0.0,22.8,3.4,0.0,0.0,100.0
2024-06-21 05:00:00,3,1006.5,98.1,0.0,22.9,3.5,4.0,0.79,100.0
2024-06-21 05:15:00,11,1006.5,98.1,0.0,22.8,3.5,13.0,2.08,100.0
2024-06-21 05:30:00,23,1006.5,98.1,0.0,22.9,3.5,36.0,4.72,100.0
2024-06-21 05:45:00,38,1006.5,98.0,0.0,22.9,3.6,49.0,5.79,100.0
2024-06-21 06:00:00,56,1006.5,97.8,0.0,22.9,3.6,76.0,9.9,100.0
2024-06-21 06:15:00,77,1006.5,97.5,0.0,23.0,3.6,123.0,15.14,100.0
2024-06-21 06:30:00,101,1006.5,97.1,0.0,23.1,3.7,126.0,13.87,100.0
2024-06-21 06:45:00,127,1006.5,96.7,0.0,23.1,3.7,132.0,17.19,100.0
2024-06-21 07:00:00,156,1006.5,96.3,0.0,23.2,3.7,187.0,23.45,100.0
2024-06-21 07:15:00,188,1006.5,95.7,0.0,23.4,3.8,189.0,21.38,100.0
2024-06-21 07:30:00,223,1006.5,95.0,0.0,23.5,3.8,221.0,23.77,100.0
2024-06-21 07:45:00,260,1006.5,94.4,0.0,23.6,3.8,396.0,40.05,100.0
2024-06-21 08:00:00,299,1006.5,93.7,0.0,23.8,3.8,493.0,53.88,100.0
2024-06-21 08:15:00,340,1006.5,92.5,0.0,24.0,3.8,599.0,65.12,100.0
2024-06-21 08:30:00,381,1006.6,91.5,0.0,24.2,3.8,587.0,64.23,100.0
2024-06-21 08:45:00,421,1006.6,90.6,0.0,24.4,3.9,634.0,75.9,100.0
2024-06-21 09:00:00,461,1006.6,89.5,0.0,24.6,3.8,695.0,81.99,100.0
2024-06-21 09:15:00,499,1006.6,88.3,0.0,24.8,3.8,734.0,89.06,100.0
2024-06-21 09:30:00,534,1006.6,86.9,0.0,25.0,3.8,732.0,87.35,100.0
2024-06-21 09:45:00,565,1006.6,85.9,0.0,25.2,3.7,817.0,65.0,100.0
2024-06-21 10:00:00,593,1006.6,84.8,0.0,25.3,3.7,727.0,76.54,100.0
2024-06-21 10:15:00,618,1006.6,83.3,0.0,25.6,3.6,607.0,69.5,100.0
2024-06-21 10:30:00,640,1006.6,82.3,0.0,25.7,3.6,475.0,66.95,100.0
2024-06-21 10:45:00,658,1006.6,81.4,0.0,25.9,3.5,1018.0,61.14,100.0
2024-06-21 11:00:00,671,1006.6,80.9,0.0,25.9,3.4,863.0,60.9,100.0
2024-06-21 11:15:00,681,1006.6,80.5,0.0,26.0,3.4,521.0,61.27,100.0
2024-06-21 11:30:00,685,1006.6,80.0,0.0,26.1,3.3,549.0,60.99,100.0
2024-06-21 11:45:00,685,1006.6,78.6,0.0,26.3,3.2,563.0,60.96,100.0
2024-06-21 12:00:00,680,1006.6,77.7,0.0,26.5,3.1,517.0,60.54,100.0
2024-06-21 12:15:00,671,1006.6,77.0,0.0,26.7,3.0,944.0,97.5,100.0
2024-06-21 12:30:00,656,1006.6,76.1,0.0,26.8,2.9,424.0,55.86,100.0
2024-06-21 12:45:00,635,1006.6,76.5,0.0,26.8,2.8,293.0,33.27,100.0
2024-06-21 13:00:00,608,1006.6,75.5,0.0,26.9,2.7,253.0,32.91,100.0
2024-06-21 13:15:00,573,1006.6,74.5,0.0,27.1,2.7,307.0,37.06,100.0
2024-06-21 13:30:00,533,1006.6,74.1,0.0,27.2,2.6,283.0,36.93,100.0
2024-06-21 13:45:00,490,1006.6,73.9,0.0,27.1,2.5,243.0,30.23,100.0
2024-06-21 14:00:00,445,1006.6,73.5,0.0,27.1,2.5,190.0,24.1,100.0
2024-06-21 14:15:00,399,1006.6,73.2,0.0,27.2,2.5,224.0,28.56,100.0
2024-06-21 14:30:00,354,1006.6,73.2,0.0,27.2,2.4,223.0,27.48,100.0
2024-06-21 14:45:00,312,1006.6,73.6,0.0,27.2,2.4,225.0,26.15,100.0
2024-06-21 15:00:00,272,1006.6,74.0,0.0,27.2,2.4,248.0,30.96,100.0
2024-06-21 15:15:00,236,1006.6,73.4,0.0,27.3,2.4,242.0,27.88,100.0
2024-06-21 15:30:00,206,1006.6,73.2,0.0,27.4,2.4,216.0,27.63,100.0
2024-06-21 15:45:00,180,1006.6,73.8,0.0,27.3,2.5,135.0,17.43,100.0
2024-06-21 16:00:00,157,1006.6,74.8,0.0,27.2,2.5,123.0,13.46,100.0
2024-06-21 16:15:00,137,1006.6,75.3,0.0,27.0,2.5,74.0,8.04,100.0
2024-06-21 16:30:00,119,1006.6,75.3,0.0,27.1,2.6,53.0,6.76,100.0
2024-06-21 16:45:00,103,1006.6,75.8,0.0,26.9,2.6,49.0,6.56,100.0
2024-06-21 17:00:00,89,1006.6,76.3,0.0,26.8,2.7,34.0,4.33,100.0
2024-06-21 17:15:00,76,1006.6,76.6,0.0,26.8,2.7,15.0,2.34,100.0
2024-06-21 17:30:00,64,1006.6,77.5,0.0,26.7,2.8,33.0,3.64,100.0
2024-06-21 17:45:00,54,1006.6,78.7,0.0,26.6,2.9,11.0,3.3,100.0
2024-06-21 18:00:00,44,1006.6,79.5,0.0,26.5,3.1,22.0,3.34,100.0
2024-06-21 18:15:00,35,1006.6,80.8,0.0,26.4,3.2,6.0,2.03,100.0
2024-06-21 18:30:00,26,1006.6,82.5,0.0,26.2,3.3,17.0,2.07,100.0
2024-06-21 18:45:00,19,1006.6,83.2,0.0,26.1,3.4,10.0,1.89,100.0
2024-06-21 19:00:00,12,1006.6,83.7,0.0,26.0,3.5,25.0,4.07,100.0
2024-06-21 19:15:00,5,1006.6,83.5,0.0,25.9,3.6,0.0,0.0,100.0
2024-06-21 19:30:00,0,1006.6,84.0,0.0,25.8,3.7,0.0,0.0,100.0
2024-06-21 19:45:00,0,1006.6,84.6,0.0,25.7,3.8,0.0,0.0,100.0
2024-06-21 20:00:00,0,1006.6,85.5,0.0,25.5,3.9,0.0,0.0,100.0
2024-06-21 20:15:00,0,1006.6,85.5,0.0,25.4,4.0,0.0,0.0,100.0
2024-06-21 20:30:00,0,1006.6,84.8,0.0,25.2,4.1,0.0,0.0,100.0
2024-06-21 20:45:00,0,1006.6,86.2,0.0,25.0,4.2,0.0,0.0,100.0
2024-06-21 21:00:00,0,1006.5,86.6,0.0,24.9,4.3,0.0,0.0,100.0
2024-06-21 21:15:00,0,1006.5,85.8,0.0,24.8,4.3,0.0,0.0,100.0
2024-06-21 21:30:00,0,1006.5,86.8,0.0,24.6,4.4,0.0,0.0,100.0
2024-06-21 21:45:00,0,1006.5,87.7,0.0,24.5,4.4,0.0,0.0,100.0
2024-06-21 22:00:00,0,1006.5,88.4,0.0,24.4,4.5,0.0,0.0,100.0
2024-06-21 22:15:00,0,1006.5,89.1,0.0,24.3,4.5,0.0,0.0,100.0
2024-06-21 22:30:00,0,1006.5,89.8,0.0,24.2,4.5,0.0,0.0,100.0
2024-06-21 22:45:00,0,1006.5,90.3,0.0,24.1,4.5,0.0,0.0,100.0
2024-06-21 23:00:00,0,1006.5,90.7,0.0,24.0,4.5,0.0,0.0,100.0
2024-06-21 23:15:00,0,1006.5,91.1,0.0,23.9,4.5,0.0,0.0,100.0
2024-06-21 23:30:00,0,1006.5,91.6,0.0,23.9,4.4,0.0,0.0,100.0
2024-06-21 23:45:00,0,1006.5,92.2,0.0,23.8,4.4,0.0,0.0,100.0
2024-06-22 00:00:00,0,1006.5,94.6,0.0,24.1,2.7,0.0,0.0,100.0
2024-06-22 00:15:00,0,1006.5,95.2,0.0,24.0,2.7,0.0,0.0,100.0
2024-06-22 00:30:00,0,1006.5,95.7,0.0,24.0,2.6,0.0,0.0,100.0
2024-06-22 00:45:00,0,1006.5,95.7,0.0,23.9,2.6,0.0,0.0,100.0
2024-06-22 01:00:00,0,1006.5,95.7,0.0,23.9,2.6,0.0,0.0,100.0
2024-06-22 01:15:00,0,1006.5,95.5,0.0,23.8,2.6,0.0,0.0,100.0
2024-06-22 01:30:00,0,1006.5,95.2,0.0,23.8,2.6,0.0,0.0,100.0
2024-06-22 01:45:00,0,1006.5,94.7,0.0,23.8,2.6,0.0,0.0,100.0
2024-06-22 02:00:00,0,1006.5,95.0,0.0,23.7,2.6,0.0,0.0,100.0
2024-06-22 02:15:00,0,1006.5,95.6,0.0,23.7,2.6,0.0,0.0,100.0
2024-06-22 02:30:00,0,1006.5,96.3,0.0,23.7,2.5,0.0,0.0,100.0
2024-06-22 02:45:00,0,1006.5,96.8,0.0,23.6,2.5,0.0,0.0,100.0
2024-06-22 03:00:00,0,1006.5,96.9,0.0,23.6,2.6,0.0,0.0,100.0
2024-06-22 03:15:00,0,1006.5,96.9,0.0,23.6,2.6,0.0,0.0,100.0
2024-06-22 03:30:00,0,1006.5,97.0,0.0,23.5,2.6,0.0,0.0,100.0
2024-06-22 03:45:00,0,1006.5,97.2,0.0,23.4,2.6,0.0,0.0,100.0
2024-06-22 04:00:00,0,1006.5,97.3,0.0,23.3,2.6,0.0,0.0,100.0
2024-06-22 04:15:00,0,1006.5,97.1,0.0,23.2,2.6,0.0,0.0,100.0
2024-06-22 04:30:00,0,1006.5,97.0,0.0,23.2,2.6,0.0,0.0,100.0
2024-06-22 04:45:00,0,1006.5,96.9,0.0,23.2,2.5,0.0,0.0,100.0
2024-06-22 05:00:00,5,1006.5,97.0,0.0,23.3,2.5,9.0,1.33,100.0
2024-06-22 05:15:00,20,1006.5,97.3,0.0,23.2,2.4,16.0,2.51,100.0
2024-06-22 05:30:00,42,1006.5,97.6,0.0,23.2,2.4,31.0,3.4,100.0
2024-06-22 05:45:00,69,1006.5,97.6,0.0,23.3,2.3,85.0,8.39,100.0
2024-06-22 06:00:00,101,1006.5,97.3,0.0,23.3,2.3,105.0,11.6,100.0
2024-06-22 06:15:00,136,1006.5,96.5,0.0,23.5,2.3,93.0,9.29,100.0
2024-06-22 06:30:00,174,1006.5,95.5,0.0,23.6,2.3,193.0,16.55,100.0
2024-06-22 06:45:00,212,1006.5,93.8,0.0,23.7,2.4,195.0,24.64,100.0
2024-06-22 07:00:00,251,1006.5,92.3,0.0,23.9,2.4,255.0,28.8,100.0
2024-06-22 07:15:00,289,1006.5,90.1,0.0,24.1,2.5,368.0,35.82,100.0
2024-06-22 07:30:00,326,1006.5,86.0,0.0,24.5,2.6,417.0,41.72,100.0
2024-06-22 07:45:00,362,1006.5,82.9,0.0,24.9,2.6,471.0,49.78,100.0
2024-06-22 08:00:00,396,1006.5,79.4,0.0,25.1,2.7,508.0,54.64,100.0
2024-06-22 08:15:00,429,1006.5,77.3,0.0,25.3,2.7,553.0,41.0,100.0
2024-06-22 08:30:00,460,1006.5,77.5,0.0,25.5,2.8,532.0,71.63,100.0
2024-06-22 08:45:00,491,1006.5,78.4,0.0,25.5,2.9,337.0,34.55,100.0
2024-06-22 09:00:00,520,1006.5,79.7,0.0,25.5,2.9,442.0,44.09,100.0
2024-06-22 09:15:00,549,1006.5,79.3,0.0,25.5,3.0,513.0,58.65,100.0
2024-06-22 09:30:00,578,1006.5,77.9,0.0,25.5,3.0,637.0,53.17,100.0
2024-06-22 09:45:00,607,1006.5,79.1,0.0,25.3,3.1,832.0,61.33,100.0
2024-06-22 10:00:00,637,1006.5,80.4,0.0,25.1,3.1,651.0,58.44,100.0
2024-06-22 10:15:00,665,1006.5,81.7,0.0,25.1,3.2,555.0,57.34,100.0
2024-06-22 10:30:00,691,1006.5,83.0,0.0,25.1,3.2,480.0,53.25,100.0
2024-06-22 10:45:00,716,1006.5,83.5,0.0,25.1,3.3,620.0,72.53,100.0
2024-06-22 11:00:00,739,1006.5,83.4,0.0,25.2,3.3,671.0,79.43,100.0
2024-06-22 11:15:00,759,1006.5,83.7,0.0,25.3,3.4,641.0,72.67,100.0
2024-06-22 11:30:00,776,1006.5,84.3,0.0,25.3,3.4,922.0,84.02,100.0
2024-06-22 11:45:00,790,1006.5,85.1,0.0,25.2,3.4,456.0,68.2,100.0
2024-06-22 12:00:00,801,1006.5,85.1,0.0,25.2,3.4,974.0,92.19,100.0
2024-06-22 12:15:00,807,1006.5,84.4,0.0,25.3,3.4,765.0,83.74,100.0
2024-06-22 12:30:00,809,1006.5,83.4,0.0,25.3,3.4,953.0,99.54,100.0
2024-06-22 12:45:00,807,1006.5,82.4,0.0,25.4,3.3,925.0,99.64,100.0
2024-06-22 13:00:00,802,1006.5,81.2,0.0,25.5,3.2,938.0,99.96,100.0
2024-06-22 13:15:00,794,1006.5,80.1,0.0,25.5,3.1,935.0,99.96,100.0
2024-06-22 13:30:00,784,1006.5,78.8,0.0,25.6,3.0,930.0,99.96,100.0
2024-06-22 13:45:00,770,1006.5,77.2,0.0,25.7,2.9,905.0,99.96,100.0
2024-06-22 14:00:00,752,1006.5,74.8,0.0,25.8,2.8,850.0,99.32,100.0
2024-06-22 14:15:00,730,1006.5,71.5,0.0,26.1,2.7,842.0,98.9,100.0
2024-06-22 14:30:00,705,1006.5,68.0,0.0,26.3,2.6,816.0,95.94,100.0
2024-06-22 14:45:00,675,1006.5,65.1,0.0,26.6,2.5,600.0,71.52,100.0
2024-06-22 15:00:00,642,1006.5,63.1,0.0,26.9,2.4,722.0,63.12,100.0
2024-06-22 15:15:00,605,1006.5,61.8,0.0,27.1,2.3,747.0,67.68,100.0
2024-06-22 15:30:00,564,1006.5,61.0,0.0,27.3,2.2,610.0,63.87,100.0
2024-06-22 15:45:00,520,1006.5,60.7,0.0,27.4,2.2,660.0,65.85,100.0
2024-06-22 16:00:00,472,1006.5,60.3,0.0,27.5,2.1,242.0,31.64,100.0
2024-06-22 16:15:00,421,1006.5,60.1,0.0,27.7,2.1,310.0,44.76,100.0
2024-06-22 16:30:00,369,1006.5,60.0,0.0,27.9,2.0,454.0,41.86,100.0
2024-06-22 16:45:00,318,1006.5,60.3,0.0,28.0,2.0,244.0,24.96,100.0
2024-06-22 17:00:00,269,1006.5,61.1,0.0,28.1,2.0,203.0,22.49,100.0
2024-06-22 17:15:00,224,1006.6,61.6,0.0,28.3,2.0,139.0,16.13,100.0
2024-06-22 17:30:00,182,1006.6,61.6,0.0,28.3,2.0,128.0,15.76,100.0
2024-06-22 17:45:00,145,1006.6,61.7,0.0,28.4,2.0,102.0,12.06,100.0
2024-06-22 18:00:00,113,1006.6,62.1,0.0,28.4,2.1,77.0,9.77,100.0
2024-06-22 18:15:00,86,1006.6,62.4,0.0,28.4,2.1,59.0,7.36,100.0
2024-06-22 18:30:00,63,1006.6,62.7,0.0,28.4,2.1,53.0,6.23,100.0
2024-06-22 18:45:00,44,1006.6,63.3,0.0,28.4,2.2,53.0,6.38,100.0
2024-06-22 19:00:00,27,1006.6,64.8,0.0,28.2,2.2,30.0,3.86,100.0
2024-06-22 19:15:00,11,1006.6,67.2,0.0,28.0,2.3,0.0,0.0,100.0
2024-06-22 19:30:00,0,1006.6,69.4,0.0,27.7,2.4,0.0,0.0,100.0
2024-06-22 19:45:00,0,1006.6,71.2,0.0,27.4,2.5,0.0,0.0,100.0
2024-06-22 20:00:00,0,1006.6,72.6,0.0,27.2,2.6,0.0,0.0,100.0
2024-06-22 20:15:00,0,1006.6,73.6,0.0,27.0,2.7,0.0,0.0,100.0
2024-06-22 20:30:00,0,1006.6,75.1,0.0,26.8,2.8,0.0,0.0,100.0
2024-06-22 20:45:00,0,1006.6,76.4,0.0,26.5,2.9,0.0,0.0,100.0
2024-06-22 21:00:00,0,1006.6,77.1,0.0,26.3,3.0,0.0,0.0,100.0
2024-06-22 21:15:00,0,1006.6,78.9,0.0,26.1,3.2,0.0,0.0,100.0
2024-06-22 21:30:00,0,1006.6,81.1,0.0,25.9,3.2,0.0,0.0,100.0
2024-06-22 21:45:00,0,1006.6,82.6,0.0,25.7,3.3,0.0,0.0,100.0
2024-06-22 22:00:00,0,1006.6,84.5,0.0,25.5,3.4,0.0,0.0,100.0
2024-06-22 22:15:00,0,1006.6,86.6,0.0,25.4,3.5,0.0,0.0,100.0
2024-06-22 22:30:00,0,1006.5,88.7,0.0,25.2,3.6,0.0,0.0,100.0
2024-06-22 22:45:00,0,1006.5,90.8,0.0,25.0,3.6,0.0,0.0,100.0
2024-06-22 23:00:00,0,1006.5,91.9,0.0,25.0,3.7,0.0,0.0,100.0
2024-06-22 23:15:00,0,1006.5,92.2,0.0,24.9,3.7,0.0,0.0,100.0
2024-06-22 23:30:00,0,1006.5,93.2,0.0,24.8,3.8,0.0,0.0,100.0
2024-06-22 23:45:00,0,1006.5,93.4,0.0,24.7,3.8,0.0,0.0,100.0
2024-06-23 00:00:00,0,1006.5,86.5,0.0,24.6,2.8,0.0,0.0,100.0
2024-06-23 00:15:00,0,1006.5,86.8,0.0,24.5,2.8,0.0,0.0,100.0
2024-06-23 00:30:00,0,1006.5,87.1,0.0,24.5,2.9,0.0,0.0,100.0
2024-06-23 00:45:00,0,1006.5,87.5,0.0,24.4,2.9,0.0,0.0,100.0
2024-06-23 01:00:00,0,1006.5,87.9,0.0,24.4,3.0,0.0,0.0,100.0
2024-06-23 01:15:00,0,1006.5,88.2,0.0,24.3,3.0,0.0,0.0,100.0
2024-06-23 01:30:00,0,1006.5,88.8,0.0,24.3,3.0,0.0,0.0,100.0
2024-06-23 01:45:00,0,1006.5,89.7,0.0,24.2,3.1,0.0,0.0,100.0
2024-06-23 02:00:00,0,1006.5,90.5,0.0,24.1,3.1,0.0,0.0,100.0
2024-06-23 02:15:00,0,1006.5,91.2,0.0,24.1,3.2,0.0,0.0,100.0
2024-06-23 02:30:00,0,1006.5,91.6,0.0,24.0,3.2,0.0,0.0,100.0
2024-06-23 02:45:00,0,1006.5,92.1,0.0,24.0,3.2,0.0,0.0,100.0
2024-06-23 03:00:00,0,1006.5,92.7,0.0,23.9,3.3,0.0,0.0,100.0
2024-06-23 03:15:00,0,1006.5,93.2,0.0,23.9,3.3,0.0,0.0,100.0
2024-06-23 03:30:00,0,1006.5,93.7,0.0,23.9,3.3,0.0,0.0,100.0
2024-06-23 03:45:00,0,1006.5,94.2,0.0,23.9,3.3,0.0,0.0,100.0
2024-06-23 04:00:00,0,1006.5,95.0,0.0,23.8,3.3,0.0,0.0,100.0
2024-06-23 04:15:00,0,1006.5,95.4,0.0,23.8,3.3,0.0,0.0,100.0
2024-06-23 04:30:00,0,1006.5,95.7,0.0,23.8,3.3,0.0,0.0,100.0
2024-06-23 04:45:00,0,1006.5,96.2,0.0,23.7,3.3,0.0,0.0,100.0
2024-06-23 05:00:00,4,1006.5,96.7,0.0,23.6,3.4,14.0,1.52,100.0
2024-06-23 05:15:00,18,1006.5,97.1,0.0,23.6,3.4,28.0,3.25,100.0
2024-06-23 05:30:00,38,1006.5,97.1,0.0,23.6,3.4,62.0,6.84,100.0
2024-06-23 05:45:00,64,1006.5,97.4,0.0,23.6,3.4,120.0,12.71,100.0
2024-06-23 06:00:00,93,1006.5,97.6,0.0,23.7,3.4,70.0,8.61,100.0
2024-06-23 06:15:00,127,1006.5,97.6,0.0,23.8,3.4,45.0,5.04,100.0
2024-06-23 06:30:00,164,1006.5,97.4,0.0,23.9,3.4,103.0,9.77,100.0
2024-06-23 06:45:00,201,1006.5,97.2,0.0,24.1,3.3,134.0,15.71,100.0
2024-06-23 07:00:00,241,1006.5,97.0,0.0,24.4,3.4,162.0,16.93,100.0
2024-06-23 07:15:00,281,1006.5,96.4,0.0,24.7,3.4,163.0,17.83,100.0
2024-06-23 07:30:00,322,1006.5,95.2,0.0,25.0,3.5,147.0,16.12,100.0
2024-06-23 07:45:00,364,1006.5,93.3,0.0,25.4,3.7,154.0,34.27,100.0
2024-06-23 08:00:00,406,1006.5,91.2,0.0,25.8,3.7,352.0,35.53,100.0
2024-06-23 08:15:00,447,1006.6,89.4,0.0,26.2,3.8,254.0,41.47,100.0
2024-06-23 08:30:00,487,1006.6,87.1,0.0,26.5,3.8,362.0,41.31,100.0
2024-06-23 08:45:00,526,1006.6,84.9,0.0,26.8,3.8,613.0,69.93,100.0
2024-06-23 09:00:00,564,1006.6,82.8,0.0,27.1,3.9,678.0,81.98,100.0
2024-06-23 09:15:00,600,1006.6,79.5,0.0,27.4,4.0,728.0,83.02,100.0
2024-06-23 09:30:00,634,1006.6,74.5,0.0,27.8,4.1,765.0,89.6,100.0
2024-06-23 09:45:00,666,1006.6,73.3,0.0,27.8,4.2,760.0,85.07,100.0
2024-06-23 10:00:00,695,1006.6,78.5,0.0,27.4,4.3,631.0,94.06,100.0
2024-06-23 10:15:00,721,1006.6,75.9,0.0,27.3,4.5,847.0,97.9,100.0
2024-06-23 10:30:00,742,1006.6,77.3,0.1,26.9,4.6,871.0,98.94,100.0
2024-06-23 10:45:00,760,1006.6,75.4,0.1,26.7,4.8,909.0,99.44,100.0
2024-06-23 11:00:00,774,1006.6,74.7,0.0,26.7,5.0,940.0,99.44,100.0
2024-06-23 11:15:00,785,1006.6,73.1,0.0,26.8,5.1,962.0,99.44,100.0
2024-06-23 11:30:00,792,1006.6,70.4,0.0,26.9,5.3,951.0,99.44,100.0
2024-06-23 11:45:00,796,1006.6,69.7,0.0,27.0,5.4,947.0,99.44,100.0
2024-06-23 12:00:00,796,1006.6,70.4,0.0,27.0,5.6,926.0,99.44,100.0
2024-06-23 12:15:00,793,1006.6,70.5,0.0,27.1,5.7,925.0,99.44,100.0
2024-06-23 12:30:00,788,1006.6,70.8,0.0,27.0,5.9,931.0,99.44,100.0
2024-06-23 12:45:00,779,1006.5,71.8,0.0,26.6,6.0,910.0,99.44,100.0
2024-06-23 13:00:00,768,1006.5,74.8,0.0,26.2,6.1,911.0,99.44,100.0
2024-06-23 13:15:00,755,1006.5,73.5,0.0,25.9,6.2,880.0,99.44,100.0
2024-06-23 13:30:00,738,1006.5,75.9,0.0,25.7,6.3,866.0,99.44,100.0
2024-06-23 13:45:00,718,1006.5,76.0,0.0,25.4,6.4,835.0,98.54,100.0
2024-06-23 14:00:00,696,1006.5,75.1,0.0,25.4,6.5,811.0,96.25,100.0
2024-06-23 14:15:00,670,1006.5,74.5,0.0,25.4,6.7,776.0,91.14,100.0
2024-06-23 14:30:00,643,1006.5,73.3,0.0,25.4,6.8,732.0,88.5,100.0
2024-06-23 14:45:00,613,1006.5,71.6,0.0,25.4,6.9,701.0,82.84,100.0
2024-06-23 15:00:00,580,1006.5,69.3,0.0,25.4,7.0,663.0,78.55,100.0
2024-06-23 15:15:00,546,1006.5,68.8,0.0,25.4,7.1,630.0,73.3,100.0
2024-06-23 15:30:00,510,1006.5,69.0,0.0,25.4,7.1,584.0,68.46,100.0
2024-06-23 15:45:00,472,1006.5,69.3,0.0,25.3,7.1,537.0,61.69,100.0
2024-06-23 16:00:00,432,1006.5,67.5,0.0,25.3,7.1,501.0,56.12,100.0
2024-06-23 16:15:00,390,1006.5,66.5,0.0,25.3,7.1,455.0,49.65,100.0
2024-06-23 16:30:00,348,1006.5,64.8,0.0,25.3,7.0,408.0,44.06,100.0
2024-06-23 16:45:00,307,1006.5,64.4,0.0,25.3,6.9,362.0,37.53,100.0
2024-06-23 17:00:00,266,1006.5,65.6,0.0,25.2,6.9,311.0,31.14,100.0
2024-06-23 17:15:00,228,1006.5,66.4,0.0,25.1,6.8,272.0,28.78,100.0
2024-06-23 17:30:00,193,1006.5,67.2,0.0,25.0,6.8,229.0,22.23,100.0
2024-06-23 17:45:00,160,1006.5,68.6,0.0,24.9,6.8,196.0,17.46,100.0
2024-06-23 18:00:00,130,1006.5,71.0,0.0,24.8,6.8,134.0,12.83,100.0
2024-06-23 18:15:00,102,1006.5,72.1,0.0,24.7,6.7,94.0,9.23,100.0
2024-06-23 18:30:00,78,1006.5,74.4,0.0,24.5,6.7,64.0,6.63,100.0
2024-06-23 18:45:00,55,1006.5,76.0,0.0,24.4,6.6,39.0,4.26,100.0
2024-06-23 19:00:00,35,1006.5,76.9,0.0,24.3,6.6,21.0,2.57,100.0
2024-06-23 19:15:00,15,1006.5,77.5,0.0,24.3,6.5,0.0,0.0,100.0
2024-06-23 19:30:00,0,1006.5,77.6,0.0,24.3,6.4,0.0,0.0,100.0
2024-06-23 19:45:00,0,1006.5,78.3,0.0,24.3,6.4,0.0,0.0,100.0
2024-06-23 20:00:00,0,1006.6,78.4,0.0,24.2,6.3,0.0,0.0,100.0
2024-06-23 20:15:00,0,1006.6,78.1,0.0,24.2,6.3,0.0,0.0,100.0
2024-06-23 20:30:00,0,1006.6,78.0,0.0,24.2,6.2,0.0,0.0,100.0
2024-06-23 20:45:00,0,1006.6,79.3,0.0,24.1,6.2,0.0,0.0,100.0
2024-06-23 21:00:00,0,1006.6,81.2,0.0,24.1,6.1,0.0,0.0,100.0
2024-06-23 21:15:00,0,1006.6,82.7,0.0,23.9,6.1,0.0,0.0,100.0
2024-06-23 21:30:00,0,1006.6,82.8,0.0,23.8,6.1,0.0,0.0,100.0
2024-06-23 21:45:00,0,1006.6,82.8,0.0,23.8,6.0,0.0,0.0,100.0
2024-06-23 22:00:00,0,1006.6,81.5,0.0,23.8,6.0,0.0,0.0,100.0
2024-06-23 22:15:00,0,1006.6,85.1,0.0,23.5,6.0,0.0,0.0,100.0
2024-06-23 22:30:00,0,1006.6,85.3,0.0,23.3,6.0,0.0,0.0,100.0
2024-06-23 22:45:00,0,1006.6,84.4,0.0,23.3,6.0,0.0,0.0,100.0
2024-06-23 23:00:00,0,1006.6,83.0,0.0,23.3,6.0,0.0,0.0,100.0
2024-06-23 23:15:00,0,1006.6,82.1,0.0,23.3,6.0,0.0,0.0,100.0
2024-06-23 23:30:00,0,1006.6,81.0,0.0,23.3,6.0,0.0,0.0,100.0
2024-06-23 23:45:00,0,1006.6,80.0,0.0,23.3,6.1,0.0,0.0,100.0
2024-06-25 00:00:00,0,1006.6,72.5,0.0,21.5,2.3,0.0,0.0,100.0
2024-06-25 00:15:00,0,1006.6,72.8,0.0,21.4,2.3,0.0,0.0,100.0
2024-06-25 00:30:00,0,1006.6,73.3,0.0,21.3,2.4,0.0,0.0,100.0
2024-06-25 00:45:00,0,1006.6,73.8,0.0,21.2,2.4,0.0,0.0,100.0
2024-06-25 01:00:00,0,1006.6,74.3,0.0,21.1,2.4,0.0,0.0,100.0
2024-06-25 01:15:00,0,1006.6,74.9,0.0,21.0,2.4,0.0,0.0,100.0
2024-06-25 01:30:00,0,1006.6,75.6,0.0,20.9,2.4,0.0,0.0,100.0
2024-06-25 01:45:00,0,1006.6,76.3,0.0,20.8,2.4,0.0,0.0,100.0
2024-06-25 02:00:00,0,1006.6,77.2,0.0,20.7,2.5,0.0,0.0,100.0
2024-06-25 02:15:00,0,1006.6,77.8,0.0,20.6,2.5,0.0,0.0,100.0
2024-06-25 02:30:00,0,1006.6,77.9,0.0,20.5,2.5,0.0,0.0,100.0
2024-06-25 02:45:00,0,1006.6,77.9,0.0,20.5,2.5,0.0,0.0,100.0
2024-06-25 03:00:00,0,1006.6,78.1,0.0,20.5,2.5,0.0,0.0,100.0
2024-06-25 03:15:00,0,1006.6,78.5,0.0,20.4,2.5,0.0,0.0,100.0
2024-06-25 03:30:00,0,1006.6,78.9,0.0,20.4,2.5,0.0,0.0,100.0
2024-06-25 03:45:00,0,1006.6,79.3,0.0,20.3,2.5,0.0,0.0,100.0
2024-06-25 04:00:00,0,1006.6,79.4,0.0,20.3,2.5,0.0,0.0,100.0
2024-06-25 04:15:00,0,1006.6,79.4,0.0,20.3,2.5,0.0,0.0,100.0
2024-06-25 04:30:00,0,1006.6,79.4,0.0,20.2,2.5,0.0,0.0,100.0
2024-06-25 04:45:00,0,1006.6,79.4,0.0,20.2,2.5,0.0,0.0,100.0
2024-06-25 05:00:00,4,1006.6,79.3,0.0,20.2,2.5,11.0,1.46,100.0
2024-06-25 05:15:00,21,1006.6,79.1,0.0,20.2,2.4,33.0,2.85,100.0
2024-06-25 05:30:00,44,1006.6,78.8,0.0,20.2,2.4,63.0,4.08,100.0
2024-06-25 05:45:00,74,1006.6,78.4,0.0,20.3,2.4,106.0,5.66,100.0
2024-06-25 06:00:00,108,1006.6,77.9,0.0,20.4,2.4,150.0,8.45,100.0
2024-06-25 06:15:00,147,1006.6,77.6,0.0,20.6,2.4,203.0,13.0,100.0
2024-06-25 06:30:00,189,1006.6,77.3,0.0,20.8,2.3,256.0,18.39,100.0
2024-06-25 06:45:00,232,1006.6,76.6,0.0,21.2,2.3,312.0,25.46,100.0
2024-06-25 07:00:00,276,1006.6,75.5,0.0,21.6,2.3,364.0,32.25,100.0
2024-06-25 07:15:00,321,1006.6,73.1,0.0,22.1,2.3,416.0,39.71,100.0
2024-06-25 07:30:00,365,1006.6,71.1,0.0,22.5,2.3,454.0,46.53,100.0
2024-06-25 07:45:00,410,1006.6,69.9,0.0,22.8,2.3,513.0,54.5,100.0
2024-06-25 08:00:00,453,1006.6,68.4,0.0,23.2,2.3,562.0,60.83,100.0
2024-06-25 08:15:00,496,1006.6,66.9,0.0,23.6,2.3,605.0,67.64,100.0
2024-06-25 08:30:00,537,1006.6,64.6,0.0,24.0,2.3,649.0,73.81,100.0
2024-06-25 08:45:00,577,1006.6,61.0,0.0,24.3,2.3,686.0,79.56,100.0
2024-06-25 09:00:00,615,1006.6,57.6,0.0,24.6,2.3,718.0,84.43,100.0
2024-06-25 09:15:00,651,1006.6,55.3,0.0,24.9,2.3,763.0,88.76,100.0
2024-06-25 09:30:00,686,1006.6,53.7,0.0,25.1,2.3,797.0,93.77,100.0
2024-06-25 09:45:00,719,1006.7,51.8,0.0,25.3,2.4,836.0,97.64,100.0
2024-06-25 10:00:00,748,1006.7,50.5,0.0,25.5,2.4,873.0,97.92,100.0
2024-06-25 10:15:00,775,1006.7,49.5,0.0,25.7,2.4,927.0,97.92,100.0
2024-06-25 10:30:00,797,1006.7,48.5,0.0,25.8,2.5,963.0,97.92,100.0
2024-06-25 10:45:00,815,1006.7,47.9,0.0,25.9,2.5,987.0,97.92,100.0
2024-06-25 11:00:00,830,1006.7,47.3,0.0,26.0,2.6,1001.0,97.92,100.0
2024-06-25 11:15:00,841,1006.7,47.0,0.0,26.1,2.6,1013.0,97.92,100.0
2024-06-25 11:30:00,849,1006.7,46.5,0.0,26.2,2.7,1019.0,97.92,100.0
2024-06-25 11:45:00,853,1006.7,46.0,0.0,26.3,2.8,1019.0,97.92,100.0
2024-06-25 12:00:00,854,1006.7,45.6,0.0,26.4,2.9,1019.0,97.92,100.0
2024-06-25 12:15:00,852,1006.7,45.3,0.0,26.5,3.0,1008.0,97.92,100.0
2024-06-25 12:30:00,847,1006.7,45.7,0.0,26.5,3.1,1008.0,97.92,100.0
2024-06-25 12:45:00,840,1006.7,45.9,0.0,26.6,3.1,1008.0,97.92,100.0
2024-06-25 13:00:00,831,1006.7,45.8,0.0,26.7,3.2,1008.0,97.92,100.0
2024-06-25 13:15:00,820,1006.7,45.4,0.0,26.7,3.3,1008.0,97.92,100.0
2024-06-25 13:30:00,807,1006.7,44.9,0.0,26.8,3.4,998.0,97.92,100.0
2024-06-25 13:45:00,790,1006.7,44.6,0.0,26.8,3.5,970.0,97.92,100.0
2024-06-25 14:00:00,771,1006.7,43.9,0.0,26.8,3.5,940.0,97.92,100.0
2024-06-25 14:15:00,748,1006.7,43.5,0.0,26.8,3.6,890.0,97.92,100.0
2024-06-25 14:30:00,721,1006.7,42.7,0.0,26.9,3.6,850.0,98.41,100.0
2024-06-25 14:45:00,692,1006.7,42.1,0.0,26.9,3.7,809.0,94.64,100.0
2024-06-25 15:00:00,659,1006.7,42.0,0.0,26.9,3.7,769.0,89.95,100.0
2024-06-25 15:15:00,622,1006.7,41.6,0.0,26.9,3.7,731.0,84.21,100.0
2024-06-25 15:30:00,582,1006.7,42.4,0.0,26.8,3.8,693.0,78.58,100.0
2024-06-25 15:45:00,539,1006.7,42.9,0.0,26.8,3.8,649.0,72.1,100.0
2024-06-25 16:00:00,493,1006.7,43.1,0.0,26.8,3.8,604.0,66.09,100.0
2024-06-25 16:15:00,444,1006.7,43.3,0.0,26.8,3.8,562.0,59.0,100.0
2024-06-25 16:30:00,394,1006.7,43.5,0.0,26.8,3.8,520.0,52.87,100.0
2024-06-25 16:45:00,345,1006.7,44.3,0.0,26.7,3.8,468.0,44.7,100.0
2024-06-25 17:00:00,298,1006.7,45.6,0.0,26.6,3.7,424.0,38.19,100.0
2024-06-25 17:15:00,253,1006.7,46.7,0.0,26.6,3.7,371.0,30.68,100.0
2024-06-25 17:30:00,211,1006.7,48.5,0.0,26.5,3.7,316.0,23.67,100.0
2024-06-25 17:45:00,173,1006.7,50.6,0.0,26.4,3.7,256.0,16.73,100.0
2024-06-25 18:00:00,139,1006.7,52.0,0.0,26.3,3.7,208.0,11.58,100.0
2024-06-25 18:15:00,108,1006.7,53.3,0.0,26.2,3.7,150.0,7.27,100.0
2024-06-25 18:30:00,82,1006.7,54.7,0.0,26.1,3.8,105.0,5.07,100.0
2024-06-25 18:45:00,58,1006.7,56.8,0.0,25.9,3.8,56.0,3.64,100.0
2024-06-25 19:00:00,36,1006.7,58.6,0.0,25.7,3.8,16.0,2.34,100.0
2024-06-25 19:15:00,16,1006.7,60.2,0.0,25.5,3.8,0.0,0.0,100.0
2024-06-25 19:30:00,0,1006.7,61.9,0.0,25.3,3.8,0.0,0.0,100.0
2024-06-25 19:45:00,0,1006.7,64.1,0.0,25.0,3.9,0.0,0.0,100.0
2024-06-25 20:00:00,0,1006.7,66.8,0.0,24.8,3.9,0.0,0.0,100.0
2024-06-25 20:15:00,0,1006.7,68.9,0.0,24.6,3.9,0.0,0.0,100.0
2024-06-25 20:30:00,0,1006.7,70.4,0.0,24.3,3.9,0.0,0.0,100.0
2024-06-25 20:45:00,0,1006.7,71.8,0.0,24.1,3.9,0.0,0.0,100.0
2024-06-25 21:00:00,0,1006.7,73.7,0.0,23.8,4.0,0.0,0.0,100.0
2024-06-25 21:15:00,0,1006.7,74.3,0.0,23.7,4.0,0.0,0.0,100.0
2024-06-25 21:30:00,0,1006.6,74.6,0.0,23.5,4.0,0.0,0.0,100.0
2024-06-25 21:45:00,0,1006.6,75.6,0.0,23.2,4.1,0.0,0.0,100.0
2024-06-25 22:00:00,0,1006.6,76.7,0.0,23.0,4.1,0.0,0.0,100.0
2024-06-25 22:15:00,0,1006.6,77.8,0.0,22.8,4.2,0.0,0.0,100.0
2024-06-25 22:30:00,0,1006.6,78.7,0.0,22.7,4.2,0.0,0.0,100.0
2024-06-25 22:45:00,0,1006.6,79.5,0.0,22.5,4.2,0.0,0.0,100.0
2024-06-25 23:00:00,0,1006.6,80.4,0.0,22.3,4.2,0.0,0.0,100.0
2024-06-25 23:15:00,0,1006.6,81.4,0.0,22.2,4.2,0.0,0.0,100.0
2024-06-25 23:30:00,0,1006.6,82.1,0.0,22.0,4.2,0.0,0.0,100.0
2024-06-25 23:45:00,0,1006.6,82.6,0.0,21.9,4.2,0.0,0.0,100.0
2024-06-26 00:00:00,0,1006.6,83.6,0.0,22.4,3.8,0.0,0.0,100.0
2024-06-26 00:15:00,0,1006.6,85.5,0.0,22.2,3.9,0.0,0.0,100.0
2024-06-26 00:30:00,0,1006.6,87.0,0.0,22.0,3.9,0.0,0.0,100.0
2024-06-26 00:45:00,0,1006.6,87.5,0.0,21.9,3.9,0.0,0.0,100.0
2024-06-26 01:00:00,0,1006.6,87.7,0.0,21.8,3.9,0.0,0.0,100.0
2024-06-26 01:15:00,0,1006.6,88.0,0.0,21.6,4.0,0.0,0.0,100.0
2024-06-26 01:30:00,0,1006.6,87.7,0.0,21.5,4.0,0.0,0.0,100.0
2024-06-26 01:45:00,0,1006.6,87.0,0.0,21.5,4.0,0.0,0.0,100.0
2024-06-26 02:00:00,0,1006.6,86.7,0.0,21.4,4.0,0.0,0.0,100.0
2024-06-26 02:15:00,0,1006.6,86.5,0.0,21.3,4.0,0.0,0.0,100.0
2024-06-26 02:30:00,0,1006.6,86.6,0.0,21.2,4.0,0.0,0.0,100.0
2024-06-26 02:45:00,0,1006.6,86.7,0.0,21.1,4.0,0.0,0.0,100.0
2024-06-26 03:00:00,0,1006.6,86.8,0.0,21.0,3.9,0.0,0.0,100.0
2024-06-26 03:15:00,0,1006.6,86.9,0.0,20.9,3.9,0.0,0.0,100.0
2024-06-26 03:30:00,0,1006.6,87.1,0.0,20.8,3.9,0.0,0.0,100.0
2024-06-26 03:45:00,0,1006.6,87.2,0.0,20.7,3.8,0.0,0.0,100.0
2024-06-26 04:00:00,0,1006.6,87.3,0.0,20.6,3.8,0.0,0.0,100.0
2024-06-26 04:15:00,0,1006.6,87.4,0.0,20.6,3.8,0.0,0.0,100.0
2024-06-26 04:30:00,0,1006.6,87.5,0.0,20.5,3.7,0.0,0.0,100.0
2024-06-26 04:45:00,0,1006.6,87.5,0.0,20.4,3.7,0.0,0.0,100.0
2024-06-26 05:00:00,4,1006.6,87.4,0.0,20.3,3.6,11.0,1.51,100.0
2024-06-26 05:15:00,21,1006.6,87.0,0.0,20.3,3.6,30.0,3.16,100.0
2024-06-26 05:30:00,44,1006.6,86.5,0.0,20.4,3.5,58.0,4.94,100.0
2024-06-26 05:45:00,73,1006.6,85.9,0.0,20.5,3.4,94.0,7.18,100.0
2024-06-26 06:00:00,107,1006.6,85.0,0.0,20.7,3.4,134.0,9.75,100.0
2024-06-26 06:15:00,145,1006.6,84.0,0.0,21.0,3.3,180.0,13.59,100.0
2024-06-26 06:30:00,186,1006.6,82.7,0.0,21.3,3.2,232.0,17.75,100.0
2024-06-26 06:45:00,228,1006.6,81.0,0.0,21.7,3.2,277.0,24.01,100.0
2024-06-26 07:00:00,271,1006.6,78.7,0.0,22.2,3.1,327.0,29.83,100.0
2024-06-26 07:15:00,315,1006.6,75.8,0.0,22.7,3.0,375.0,37.28,100.0
2024-06-26 07:30:00,358,1006.6,74.4,0.0,23.0,3.0,419.0,42.36,100.0
2024-06-26 07:45:00,401,1006.7,73.2,0.0,23.4,3.0,473.0,50.19,100.0
2024-06-26 08:00:00,443,1006.7,71.5,0.0,23.8,2.9,515.0,56.68,100.0
2024-06-26 08:15:00,483,1006.7,68.3,0.0,24.2,2.9,566.0,63.11,100.0
2024-06-26 08:30:00,522,1006.7,65.5,0.0,24.5,2.9,594.0,67.85,100.0
2024-06-26 08:45:00,559,1006.7,64.0,0.0,24.8,2.8,643.0,73.28,100.0
2024-06-26 09:00:00,594,1006.7,62.5,0.0,25.1,2.8,671.0,78.12,100.0
2024-06-26 09:15:00,628,1006.7,59.6,0.0,25.3,2.8,715.0,83.62,100.0
2024-06-26 09:30:00,660,1006.7,57.3,0.0,25.5,2.8,747.0,87.62,100.0
2024-06-26 09:45:00,690,1006.7,56.5,0.0,25.7,2.8,787.0,92.5,100.0
2024-06-26 10:00:00,716,1006.7,56.0,0.0,25.8,2.8,830.0,94.97,100.0
2024-06-26 10:15:00,739,1006.7,54.5,0.0,26.0,2.8,858.0,97.17,100.0
2024-06-26 10:30:00,757,1006.7,53.5,0.0,26.1,2.8,901.0,98.27,100.0
2024-06-26 10:45:00,772,1006.7,53.5,0.0,26.1,2.8,921.0,99.08,100.0
2024-06-26 11:00:00,783,1006.7,54.0,0.0,26.1,2.8,930.0,99.08,100.0
2024-06-26 11:15:00,791,1006.7,54.1,0.0,26.2,2.9,953.0,99.08,100.0
2024-06-26 11:30:00,795,1006.7,53.0,0.0,26.2,2.9,947.0,99.08,100.0
2024-06-26 11:45:00,796,1006.7,52.1,0.0,26.3,2.9,952.0,99.08,100.0
2024-06-26 12:00:00,794,1006.7,51.5,0.0,26.4,3.0,955.0,99.08,100.0
2024-06-26 12:15:00,789,1006.7,50.9,0.0,26.5,3.0,952.0,99.08,100.0
2024-06-26 12:30:00,782,1006.7,50.4,0.0,26.6,3.1,959.0,99.08,100.0
2024-06-26 12:45:00,773,1006.7,50.4,0.0,26.6,3.1,966.0,99.08,100.0
2024-06-26 13:00:00,762,1006.7,49.6,0.0,26.7,3.2,965.0,99.08,100.0
2024-06-26 13:15:00,749,1006.7,48.6,0.0,26.7,3.2,964.0,99.08,100.0
2024-06-26 13:30:00,734,1006.7,47.6,0.0,26.8,3.3,952.0,99.08,100.0
2024-06-26 13:45:00,716,1006.7,47.0,0.0,26.9,3.3,921.0,99.08,100.0
2024-06-26 14:00:00,695,1006.7,46.6,0.0,26.9,3.3,885.0,99.08,100.0
2024-06-26 14:15:00,672,1006.7,46.4,0.0,27.0,3.4,840.0,98.16,100.0
2024-06-26 14:30:00,646,1006.7,46.1,0.0,27.1,3.4,795.0,94.39,100.0
2024-06-26 14:45:00,618,1006.7,45.6,0.0,27.2,3.4,763.0,88.4,100.0
2024-06-26 15:00:00,587,1006.7,45.0,0.0,27.2,3.4,724.0,84.58,100.0
2024-06-26 15:15:00,554,1006.7,44.2,0.0,27.3,3.4,689.0,78.28,100.0
2024-06-26 15:30:00,519,1006.7,43.8,0.0,27.3,3.4,649.0,72.12,100.0
2024-06-26 15:45:00,481,1006.7,43.4,0.0,27.3,3.4,606.0,65.12,100.0
2024-06-26 16:00:00,441,1006.7,42.9,0.0,27.3,3.4,550.0,61.17,100.0
2024-06-26 16:15:00,399,1006.7,42.9,0.0,27.4,3.4,511.0,54.1,100.0
2024-06-26 16:30:00,357,1006.7,43.5,0.0,27.4,3.4,455.0,48.39,100.0
2024-06-26 16:45:00,315,1006.7,43.9,0.0,27.3,3.4,469.0,41.59,100.0
2024-06-26 17:00:00,275,1006.7,44.6,0.0,27.3,3.4,362.0,35.12,100.0
2024-06-26 17:15:00,236,1006.7,45.6,0.0,27.3,3.5,244.0,27.92,100.0
2024-06-26 17:30:00,199,1006.7,46.5,0.0,27.2,3.5,288.0,22.09,100.0
2024-06-26 17:45:00,166,1006.7,48.1,0.0,27.1,3.6,233.0,16.15,100.0
2024-06-26 18:00:00,135,1006.7,50.3,0.0,27.0,3.6,173.0,11.87,100.0
2024-06-26 18:15:00,107,1006.7,52.6,0.0,26.8,3.7,131.0,8.48,100.0
2024-06-26 18:30:00,81,1006.7,54.7,0.0,26.6,3.7,90.0,6.32,100.0
2024-06-26 18:45:00,58,1006.7,56.9,0.0,26.4,3.8,54.0,4.39,100.0
2024-06-26 19:00:00,37,1006.7,59.5,0.0,26.1,3.9,25.0,2.87,100.0
2024-06-26 19:15:00,16,1006.7,60.9,0.0,25.6,3.9,0.0,0.0,100.0
2024-06-26 19:30:00,0,1006.7,63.4,0.0,25.1,4.0,0.0,0.0,100.0
2024-06-26 19:45:00,0,1006.7,65.7,0.0,24.7,4.1,0.0,0.0,100.0
2024-06-26 20:00:00,0,1006.7,65.7,0.0,24.4,4.1,0.0,0.0,100.0
2024-06-26 20:15:00,0,1006.7,68.0,0.0,24.0,4.2,0.0,0.0,100.0
2024-06-26 20:30:00,0,1006.7,70.3,0.0,23.8,4.2,0.0,0.0,100.0
2024-06-26 20:45:00,0,1006.7,71.6,0.0,23.6,4.3,0.0,0.0,100.0
2024-06-26 21:00:00,0,1006.6,72.4,0.0,23.3,4.3,0.0,0.0,100.0
2024-06-26 21:15:00,0,1006.6,73.3,0.0,23.1,4.4,0.0,0.0,100.0
2024-06-26 21:30:00,0,1006.6,74.4,0.0,22.9,4.5,0.0,0.0,100.0
2024-06-26 21:45:00,0,1006.6,75.6,0.0,22.7,4.5,0.0,0.0,100.0
2024-06-26 22:00:00,0,1006.6,76.8,0.0,22.5,4.6,0.0,0.0,100.0
2024-06-26 22:15:00,0,1006.6,77.8,0.0,22.3,4.6,0.0,0.0,100.0
2024-06-26 22:30:00,0,1006.6,78.8,0.0,22.1,4.6,0.0,0.0,100.0
2024-06-26 22:45:00,0,1006.6,79.5,0.0,21.9,4.6,0.0,0.0,100.0
2024-06-26 23:00:00,0,1006.6,80.2,0.0,21.8,4.6,0.0,0.0,100.0
2024-06-26 23:15:00,0,1006.6,81.0,0.0,21.6,4.6,0.0,0.0,100.0
2024-06-26 23:30:00,0,1006.6,81.7,0.0,21.5,4.5,0.0,0.0,100.0
2024-06-26 23:45:00,0,1006.6,82.4,0.0,21.3,4.5,0.0,0.0,100.0
2024-06-27 00:00:00,0,1006.6,83.0,0.0,21.9,4.8,0.0,0.0,100.0
2024-06-27 00:15:00,0,1006.6,83.9,0.0,21.8,4.8,0.0,0.0,100.0
2024-06-27 00:30:00,0,1006.6,84.8,0.0,21.7,4.7,0.0,0.0,100.0
2024-06-27 00:45:00,0,1006.6,85.6,0.0,21.6,4.7,0.0,0.0,100.0
2024-06-27 01:00:00,0,1006.6,86.3,0.0,21.5,4.6,0.0,0.0,100.0
2024-06-27 01:15:00,0,1006.6,87.0,0.0,21.4,4.5,0.0,0.0,100.0
2024-06-27 01:30:00,0,1006.6,87.6,0.0,21.3,4.5,0.0,0.0,100.0
2024-06-27 01:45:00,0,1006.6,88.2,0.0,21.2,4.5,0.0,0.0,100.0
2024-06-27 02:00:00,0,1006.6,88.7,0.0,21.1,4.4,0.0,0.0,100.0
2024-06-27 02:15:00,0,1006.6,89.3,0.0,21.0,4.4,0.0,0.0,100.0
2024-06-27 02:30:00,0,1006.6,89.7,0.0,20.9,4.3,0.0,0.0,100.0
2024-06-27 02:45:00,0,1006.6,90.0,0.0,20.9,4.2,0.0,0.0,100.0
2024-06-27 03:00:00,0,1006.6,90.3,0.0,20.8,4.2,0.0,0.0,100.0
2024-06-27 03:15:00,0,1006.6,90.5,0.0,20.8,4.1,0.0,0.0,100.0
2024-06-27 03:30:00,0,1006.6,90.7,0.0,20.7,4.1,0.0,0.0,100.0
2024-06-27 03:45:00,0,1006.6,91.0,0.0,20.7,4.0,0.0,0.0,100.0
2024-06-27 04:00:00,0,1006.6,91.3,0.0,20.6,3.9,0.0,0.0,100.0
2024-06-27 04:15:00,0,1006.6,91.5,0.0,20.6,3.9,0.0,0.0,100.0
2024-06-27 04:30:00,0,1006.6,91.7,0.0,20.5,3.9,0.0,0.0,100.0
2024-06-27 04:45:00,0,1006.6,91.8,0.0,20.5,3.9,0.0,0.0,100.0
2024-06-27 05:00:00,4,1006.6,91.8,0.0,20.5,3.9,14.0,1.79,100.0
2024-06-27 05:15:00,20,1006.6,91.9,0.0,20.4,3.9,39.0,3.83,100.0
2024-06-27 05:30:00,43,1006.6,91.7,0.0,20.5,3.9,67.0,5.52,100.0
2024-06-27 05:45:00,72,1006.6,91.2,0.0,20.6,3.9,104.0,6.92,100.0
2024-06-27 06:00:00,107,1006.6,90.3,0.0,20.8,3.9,135.0,9.39,100.0
2024-06-27 06:15:00,146,1006.6,89.0,0.0,21.1,3.9,194.0,13.77,100.0
2024-06-27 06:30:00,187,1006.6,87.5,0.0,21.5,3.9,242.0,18.84,100.0
2024-06-27 06:45:00,230,1006.6,85.6,0.0,21.9,3.9,302.0,25.09,100.0
2024-06-27 07:00:00,274,1006.6,83.9,0.0,22.3,4.0,339.0,30.25,100.0
2024-06-27 07:15:00,318,1006.6,82.2,0.0,22.7,4.0,390.0,37.66,100.0
2024-06-27 07:30:00,363,1006.6,81.0,0.0,23.0,4.0,453.0,45.85,100.0
2024-06-27 07:45:00,408,1006.6,78.8,0.0,23.4,4.0,502.0,53.28,100.0
2024-06-27 08:00:00,452,1006.6,76.3,0.0,23.7,4.0,548.0,59.33,100.0
2024-06-27 08:15:00,495,1006.6,74.6,0.0,23.9,4.0,595.0,65.85,100.0
2024-06-27 08:30:00,536,1006.6,73.8,0.0,24.2,4.0,636.0,72.05,100.0
2024-06-27 08:45:00,576,1006.6,72.9,0.0,24.3,4.0,676.0,78.47,100.0
2024-06-27 09:00:00,615,1006.6,71.5,0.0,24.6,4.0,711.0,82.94,100.0
2024-06-27 09:15:00,652,1006.6,70.0,0.0,24.8,4.0,754.0,88.96,100.0
2024-06-27 09:30:00,687,1006.6,65.7,0.0,25.1,4.0,793.0,93.49,100.0
2024-06-27 09:45:00,721,1006.6,62.4,0.0,25.3,4.0,834.0,97.26,100.0
2024-06-27 10:00:00,752,1006.6,61.4,0.0,25.6,4.0,879.0,98.73,100.0
2024-06-27 10:15:00,780,1006.7,60.4,0.0,25.8,3.9,924.0,98.73,100.0
2024-06-27 10:30:00,804,1006.7,57.1,0.0,26.1,3.9,963.0,98.73,100.0
2024-06-27 10:45:00,824,1006.7,54.3,0.0,26.3,3.9,988.0,98.73,100.0
2024-06-27 11:00:00,841,1006.7,52.8,0.0,26.5,3.8,1007.0,98.73,100.0
2024-06-27 11:15:00,854,1006.7,51.6,0.0,26.6,3.8,1014.0,98.73,100.0
2024-06-27 11:30:00,863,1006.7,51.1,0.0,26.8,3.7,1012.0,98.73,100.0
2024-06-27 11:45:00,869,1006.7,48.5,0.0,26.9,3.7,996.0,98.73,100.0
2024-06-27 12:00:00,872,1006.7,46.6,0.0,27.1,3.7,1001.0,98.73,100.0
2024-06-27 12:15:00,871,1006.7,45.5,0.0,27.2,3.6,1004.0,98.73,100.0
2024-06-27 12:30:00,867,1006.7,45.5,0.0,27.3,3.6,1020.0,99.94,100.0
2024-06-27 12:45:00,861,1006.7,44.7,0.0,27.4,3.6,1018.0,99.94,100.0
2024-06-27 13:00:00,852,1006.7,43.8,0.0,27.5,3.6,951.0,99.94,100.0
2024-06-27 13:15:00,840,1006.7,43.5,0.0,27.6,3.6,965.0,82.42,100.0
2024-06-27 13:30:00,826,1006.7,43.7,0.0,27.6,3.6,664.0,84.31,100.0
2024-06-27 13:45:00,809,1006.7,44.5,0.0,27.7,3.6,488.0,30.96,100.0
2024-06-27 14:00:00,788,1006.7,45.3,0.0,27.7,3.5,973.0,72.95,100.0
2024-06-27 14:15:00,764,1006.7,45.6,0.0,27.7,3.5,895.0,72.95,100.0
2024-06-27 14:30:00,736,1006.7,45.5,0.0,27.7,3.5,847.0,97.9,100.0
2024-06-27 14:45:00,705,1006.7,45.2,0.0,27.7,3.6,819.0,94.36,100.0
2024-06-27 15:00:00,671,1006.7,45.3,0.0,27.7,3.6,790.0,91.49,100.0
2024-06-27 15:15:00,634,1006.7,45.8,0.0,27.7,3.6,744.0,87.11,100.0
2024-06-27 15:30:00,593,1006.7,46.6,0.0,27.6,3.6,708.0,78.35,100.0
2024-06-27 15:45:00,549,1006.6,46.6,0.0,27.6,3.6,672.0,72.11,100.0
2024-06-27 16:00:00,502,1006.6,45.8,0.0,27.6,3.7,621.0,66.15,100.0
2024-06-27 16:15:00,452,1006.6,45.6,0.0,27.5,3.7,589.0,61.08,100.0
2024-06-27 16:30:00,402,1006.6,46.3,0.0,27.4,3.7,558.0,54.44,100.0
2024-06-27 16:45:00,352,1006.6,47.7,0.0,27.3,3.8,515.0,40.31,100.0
2024-06-27 17:00:00,304,1006.6,49.3,0.0,27.2,3.8,446.0,43.7,100.0
2024-06-27 17:15:00,258,1006.6,50.5,0.0,27.0,3.8,363.0,34.49,100.0
2024-06-27 17:30:00,216,1006.6,50.8,0.0,26.9,3.9,332.0,25.83,100.0
2024-06-27 17:45:00,177,1006.6,51.8,0.0,26.7,3.9,266.0,19.1,100.0
2024-06-27 18:00:00,143,1006.6,54.1,0.0,26.4,3.9,183.0,13.66,100.0
2024-06-27 18:15:00,112,1006.6,56.4,0.0,26.2,3.9,91.0,9.05,100.0
2024-06-27 18:30:00,84,1006.6,57.4,0.0,25.9,3.9,96.0,7.07,100.0
2024-06-27 18:45:00,60,1006.6,58.7,0.0,25.6,3.9,49.0,5.7,100.0
2024-06-27 19:00:00,37,1006.6,60.8,0.0,25.3,3.9,20.0,4.57,100.0
2024-06-27 19:15:00,17,1006.6,62.6,0.0,25.0,3.9,0.0,0.0,100.0
2024-06-27 19:30:00,0,1006.6,63.4,0.0,24.7,3.9,0.0,0.0,100.0
2024-06-27 19:45:00,0,1006.6,64.1,0.0,24.4,3.9,0.0,0.0,100.0
2024-06-27 20:00:00,0,1006.6,65.1,0.0,24.1,3.9,0.0,0.0,100.0
2024-06-27 20:15:00,0,1006.6,66.2,0.0,23.8,3.9,0.0,0.0,100.0
2024-06-27 20:30:00,0,1006.6,67.2,0.0,23.6,3.9,0.0,0.0,100.0
2024-06-27 20:45:00,0,1006.6,68.0,0.0,23.4,3.9,0.0,0.0,100.0
2024-06-27 21:00:00,0,1006.6,68.8,0.0,23.2,3.9,0.0,0.0,100.0
2024-06-27 21:15:00,0,1006.6,69.6,0.0,23.0,3.9,0.0,0.0,100.0
2024-06-27 21:30:00,0,1006.6,70.5,0.0,22.8,3.9,0.0,0.0,100.0
2024-06-27 21:45:00,0,1006.6,71.6,0.0,22.6,3.8,0.0,0.0,100.0
2024-06-27 22:00:00,0,1006.6,72.9,0.0,22.4,3.8,0.0,0.0,100.0
2024-06-27 22:15:00,0,1006.6,74.4,0.0,22.2,3.7,0.0,0.0,100.0
2024-06-27 22:30:00,0,1006.6,75.7,0.0,22.1,3.7,0.0,0.0,100.0
2024-06-27 22:45:00,0,1006.6,77.1,0.0,21.9,3.6,0.0,0.0,100.0
2024-06-27 23:00:00,0,1006.6,78.3,0.0,21.8,3.6,0.0,0.0,100.0
2024-06-27 23:15:00,0,1006.6,79.5,0.0,21.7,3.5,0.0,0.0,100.0
2024-06-27 23:30:00,0,1006.6,80.7,0.0,21.5,3.5,0.0,0.0,100.0
2024-06-27 23:45:00,0,1006.6,81.9,0.0,21.4,3.5,0.0,0.0,100.0
2024-06-28 00:00:00,0,1006.6,86.5,0.0,21.6,3.8,0.0,0.0,100.0
2024-06-28 00:15:00,0,1006.6,87.6,0.0,21.5,3.7,0.0,0.0,100.0
2024-06-28 00:30:00,0,1006.5,88.5,0.0,21.4,3.7,0.0,0.0,100.0
2024-06-28 00:45:00,0,1006.5,89.2,0.0,21.3,3.7,0.0,0.0,100.0
2024-06-28 01:00:00,0,1006.5,89.9,0.0,21.2,3.6,0.0,0.0,100.0
2024-06-28 01:15:00,0,1006.5,90.5,0.0,21.1,3.6,0.0,0.0,100.0
2024-06-28 01:30:00,0,1006.5,91.1,0.0,21.0,3.6,0.0,0.0,100.0
2024-06-28 01:45:00,0,1006.5,91.7,0.0,20.9,3.6,0.0,0.0,100.0
2024-06-28 02:00:00,0,1006.5,92.4,0.0,20.9,3.6,0.0,0.0,100.0
2024-06-28 02:15:00,0,1006.5,93.2,0.0,20.8,3.6,0.0,0.0,100.0
2024-06-28 02:30:00,0,1006.5,93.9,0.0,20.7,3.5,0.0,0.0,100.0
2024-06-28 02:45:00,0,1006.5,94.6,0.0,20.7,3.5,0.0,0.0,100.0
2024-06-28 03:00:00,0,1006.5,95.3,0.0,20.6,3.6,0.0,0.0,100.0
2024-06-28 03:15:00,0,1006.5,96.0,0.0,20.6,3.6,0.0,0.0,100.0
2024-06-28 03:30:00,0,1006.5,96.7,0.0,20.5,3.6,0.0,0.0,100.0
2024-06-28 03:45:00,0,1006.5,97.2,0.0,20.4,3.6,0.0,0.0,100.0
2024-06-28 04:00:00,0,1006.5,97.8,0.0,20.4,3.7,0.0,0.0,100.0
2024-06-28 04:15:00,0,1006.5,98.1,0.0,20.4,3.7,0.0,0.0,100.0
2024-06-28 04:30:00,0,1006.5,98.3,0.0,20.3,3.8,0.0,0.0,100.0
2024-06-28 04:45:00,0,1006.5,98.3,0.0,20.3,3.8,0.0,0.0,100.0
2024-06-28 05:00:00,3,1006.5,98.4,0.0,20.3,3.9,0.0,0.0,100.0
2024-06-28 05:15:00,20,1006.5,98.5,0.0,20.3,3.9,38.0,5.47,100.0
2024-06-28 05:30:00,43,1006.5,98.6,0.0,20.3,4.0,69.0,7.14,100.0
2024-06-28 05:45:00,72,1006.5,98.7,0.0,20.3,4.1,106.0,8.94,100.0
2024-06-28 06:00:00,107,1006.5,98.9,0.0,20.4,4.1,146.0,11.1,100.0
2024-06-28 06:15:00,146,1006.5,99.3,0.0,20.4,4.2,200.0,15.27,100.0
2024-06-28 06:30:00,187,1006.5,99.6,0.0,20.4,4.3,242.0,19.97,100.0
2024-06-28 06:45:00,230,1006.5,99.4,0.0,20.5,4.4,300.0,26.22,100.0
2024-06-28 07:00:00,274,1006.5,99.4,0.0,20.5,4.5,344.0,32.39,100.0
2024-06-28 07:15:00,318,1006.5,99.4,0.0,20.6,4.6,401.0,39.65,100.0
2024-06-28 07:30:00,363,1006.5,98.9,0.0,20.8,4.6,442.0,46.08,100.0
2024-06-28 07:45:00,407,1006.5,98.2,0.0,21.0,4.7,498.0,53.24,100.0
2024-06-28 08:00:00,450,1006.5,97.0,0.0,21.2,4.8,539.0,59.41,100.0
2024-06-28 08:15:00,492,1006.5,94.9,0.0,21.6,4.9,590.0,66.43,100.0
2024-06-28 08:30:00,533,1006.6,91.4,0.0,22.1,4.9,632.0,72.51,100.0
2024-06-28 08:45:00,573,1006.6,87.2,0.0,22.7,5.0,676.0,78.55,100.0
2024-06-28 09:00:00,611,1006.6,83.6,0.0,23.2,5.0,708.0,83.25,100.0
2024-06-28 09:15:00,648,1006.6,81.0,0.0,23.7,5.1,745.0,88.13,100.0
2024-06-28 09:30:00,683,1006.6,77.2,0.0,24.1,5.1,784.0,92.61,100.0
2024-06-28 09:45:00,717,1006.6,74.5,0.0,24.4,5.1,818.0,96.37,100.0
2024-06-28 10:00:00,749,1006.6,74.5,0.0,24.6,5.1,853.0,98.03,100.0
2024-06-28 10:15:00,778,1006.6,74.5,0.0,24.8,5.1,895.0,86.25,100.0
2024-06-28 10:30:00,803,1006.6,72.9,0.0,25.0,5.1,921.0,86.01,100.0
2024-06-28 10:45:00,825,1006.6,70.0,0.0,25.2,5.1,947.0,81.27,100.0
2024-06-28 11:00:00,844,1006.6,67.2,0.0,25.5,5.1,966.0,84.52,100.0
2024-06-28 11:15:00,859,1006.6,66.8,0.0,25.7,5.1,977.0,81.01,100.0
2024-06-28 11:30:00,870,1006.6,66.4,0.0,25.9,5.1,985.0,81.01,100.0
2024-06-28 11:45:00,878,1006.6,66.1,0.0,26.1,5.1,976.0,81.01,100.0
2024-06-28 12:00:00,882,1006.6,64.3,0.0,26.3,5.1,978.0,99.04,100.0
2024-06-28 12:15:00,883,1006.6,62.4,0.0,26.5,5.1,971.0,99.04,100.0
2024-06-28 12:30:00,880,1006.6,59.6,0.0,26.7,5.1,995.0,98.98,100.0
2024-06-28 12:45:00,873,1006.6,59.4,0.0,26.8,5.1,973.0,99.01,100.0
2024-06-28 13:00:00,864,1006.6,60.1,0.0,26.9,5.0,972.0,98.9,100.0
2024-06-28 13:15:00,852,1006.6,58.0,0.0,27.1,5.0,973.0,98.88,100.0
2024-06-28 13:30:00,837,1006.6,57.8,0.0,27.2,5.0,972.0,98.71,100.0
2024-06-28 13:45:00,819,1006.6,57.4,0.0,27.3,5.0,914.0,98.6,100.0
2024-06-28 14:00:00,797,1006.6,56.7,0.0,27.4,4.9,867.0,98.17,100.0
2024-06-28 14:15:00,772,1006.6,56.5,0.0,27.5,4.9,853.0,95.86,100.0
2024-06-28 14:30:00,743,1006.6,56.4,0.0,27.5,4.9,790.0,94.8,100.0
2024-06-28 14:45:00,711,1006.6,55.9,0.0,27.6,4.9,753.0,89.68,100.0
2024-06-28 15:00:00,675,1006.6,54.7,0.0,27.6,4.9,732.0,85.8,100.0
2024-06-28 15:15:00,637,1006.6,55.1,0.0,27.6,4.9,705.0,78.62,100.0
2024-06-28 15:30:00,595,1006.6,55.1,0.0,27.6,4.9,658.0,74.62,100.0
2024-06-28 15:45:00,551,1006.6,55.5,0.0,27.6,4.9,599.0,66.76,100.0
2024-06-28 16:00:00,503,1006.6,54.9,0.0,27.7,4.9,543.0,63.31,100.0
2024-06-28 16:15:00,453,1006.6,55.2,0.0,27.7,4.9,507.0,55.51,100.0
2024-06-28 16:30:00,402,1006.6,58.2,0.0,27.6,5.0,476.0,50.13,100.0
2024-06-28 16:45:00,352,1006.6,57.0,0.0,27.5,5.0,414.0,41.13,100.0
2024-06-28 17:00:00,304,1006.6,54.8,0.0,27.4,5.1,383.0,35.88,100.0
2024-06-28 17:15:00,258,1006.6,54.9,0.0,27.3,5.1,322.0,29.5,100.0
2024-06-28 17:30:00,215,1006.6,55.8,0.0,27.2,5.2,278.0,25.06,100.0
2024-06-28 17:45:00,176,1006.6,57.0,0.0,27.0,5.2,227.0,19.06,100.0
2024-06-28 18:00:00,142,1006.6,59.3,0.0,26.7,5.3,208.0,17.31,100.0
2024-06-28 18:15:00,111,1006.6,61.6,0.0,26.5,5.3,124.0,13.0,100.0
2024-06-28 18:30:00,83,1006.6,63.5,0.0,26.2,5.4,77.0,8.32,100.0
2024-06-28 18:45:00,59,1006.6,66.1,0.0,25.9,5.4,49.0,6.24,100.0
2024-06-28 19:00:00,37,1006.6,69.1,0.0,25.6,5.4,23.0,4.64,100.0
2024-06-28 19:15:00,16,1006.6,71.5,0.0,25.2,5.5,0.0,0.0,100.0
2024-06-28 19:30:00,0,1006.6,73.9,0.0,24.9,5.5,0.0,0.0,100.0
2024-06-28 19:45:00,0,1006.6,76.2,0.0,24.6,5.6,0.0,0.0,100.0
2024-06-28 20:00:00,0,1006.6,78.3,0.0,24.2,5.6,0.0,0.0,100.0
2024-06-28 20:15:00,0,1006.6,80.3,0.0,23.9,5.7,0.0,0.0,100.0
2024-06-28 20:30:00,0,1006.6,81.7,0.0,23.7,5.7,0.0,0.0,100.0
2024-06-28 20:45:00,0,1006.6,82.8,0.0,23.5,5.8,0.0,0.0,100.0
2024-06-28 21:00:00,0,1006.6,83.6,0.0,23.3,5.8,0.0,0.0,100.0
2024-06-28 21:15:00,0,1006.5,84.2,0.0,23.1,5.9,0.0,0.0,100.0
2024-06-28 21:30:00,0,1006.5,84.9,0.0,23.0,5.9,0.0,0.0,100.0
2024-06-28 21:45:00,0,1006.5,85.8,0.0,22.9,6.0,0.0,0.0,100.0
2024-06-28 22:00:00,0,1006.5,87.2,0.0,22.8,6.0,0.0,0.0,100.0
2024-06-28 22:15:00,0,1006.5,88.8,0.0,22.7,6.1,0.0,0.0,100.0
2024-06-28 22:30:00,0,1006.5,90.1,0.0,22.6,6.1,0.0,0.0,100.0
2024-06-28 22:45:00,0,1006.5,91.2,0.0,22.6,6.1,0.0,0.0,100.0
2024-06-28 23:00:00,0,1006.5,92.2,0.0,22.5,6.1,0.0,0.0,100.0
2024-06-28 23:15:00,0,1006.5,93.2,0.0,22.5,6.1,0.0,0.0,100.0
2024-06-28 23:30:00,0,1006.5,94.1,0.0,22.4,6.1,0.0,0.0,100.0
2024-06-28 23:45:00,0,1006.5,95.0,0.0,22.4,6.1,0.0,0.0,100.0
2024-06-29 00:00:00,0,1006.5,94.1,0.0,22.7,5.4,0.0,0.0,100.0
2024-06-29 00:15:00,0,1006.5,95.0,0.0,22.6,5.4,0.0,0.0,100.0
2024-06-29 00:30:00,0,1006.5,95.8,0.0,22.5,5.3,0.0,0.0,100.0
2024-06-29 00:45:00,0,1006.5,96.4,0.0,22.4,5.2,0.0,0.0,100.0
2024-06-29 01:00:00,0,1006.5,96.5,0.0,22.4,5.1,0.0,0.0,100.0
2024-06-29 01:15:00,0,1006.5,96.2,0.0,22.4,5.0,0.0,0.0,100.0
2024-06-29 01:30:00,0,1006.5,95.8,0.0,22.4,5.0,0.0,0.0,100.0
2024-06-29 01:45:00,0,1006.5,95.5,0.0,22.4,4.9,0.0,0.0,100.0
2024-06-29 02:00:00,0,1006.5,95.2,0.0,22.4,4.8,0.0,0.0,100.0
2024-06-29 02:15:00,0,1006.5,94.7,0.0,22.4,4.8,0.0,0.0,100.0
2024-06-29 02:30:00,0,1006.5,94.3,0.0,22.4,4.7,0.0,0.0,100.0
2024-06-29 02:45:00,0,1006.5,93.9,0.0,22.4,4.6,0.0,0.0,100.0
2024-06-29 03:00:00,0,1006.5,93.2,0.0,22.4,4.6,0.0,0.0,100.0
2024-06-29 03:15:00,0,1006.5,92.8,0.0,22.4,4.5,0.0,0.0,100.0
2024-06-29 03:30:00,0,1006.5,92.7,0.0,22.3,4.5,0.0,0.0,100.0
2024-06-29 03:45:00,0,1006.5,93.0,0.0,22.3,4.4,0.0,0.0,100.0
2024-06-29 04:00:00,0,1006.5,93.5,0.0,22.3,4.4,0.0,0.0,100.0
2024-06-29 04:15:00,0,1006.5,94.0,0.0,22.2,4.3,0.0,0.0,100.0
2024-06-29 04:30:00,0,1006.5,94.3,0.0,22.2,4.2,0.0,0.0,100.0
2024-06-29 04:45:00,0,1006.5,94.5,0.0,22.2,4.2,0.0,0.0,100.0
2024-06-29 05:00:00,2,1006.5,94.6,0.0,22.3,4.1,12.0,3.88,100.0
2024-06-29 05:15:00,12,1006.5,94.5,0.0,22.4,4.0,40.0,6.14,100.0
2024-06-29 05:30:00,26,1006.5,94.5,0.0,22.4,4.0,69.0,8.11,100.0
2024-06-29 05:45:00,44,1006.5,95.3,0.0,22.4,3.9,118.0,11.77,100.0
2024-06-29 06:00:00,65,1006.5,95.7,0.0,22.5,3.9,163.0,13.14,100.0
2024-06-29 06:15:00,89,1006.5,95.5,0.0,22.7,3.9,157.0,13.17,100.0
2024-06-29 06:30:00,114,1006.5,95.4,0.0,22.8,3.8,84.0,9.29,100.0
2024-06-29 06:45:00,140,1006.5,95.0,0.0,23.0,3.8,291.0,27.94,100.0
2024-06-29 07:00:00,166,1006.5,94.1,0.0,23.2,3.7,371.0,35.47,100.0
2024-06-29 07:15:00,193,1006.5,92.8,0.0,23.4,3.7,400.0,38.67,100.0
2024-06-29 07:30:00,220,1006.5,91.5,0.0,23.7,3.7,372.0,41.29,100.0
2024-06-29 07:45:00,247,1006.5,90.2,0.0,23.9,3.6,568.0,55.63,100.0
2024-06-29 08:00:00,273,1006.5,88.9,0.0,24.2,3.5,610.0,66.72,100.0
2024-06-29 08:15:00,298,1006.5,87.9,0.0,24.5,3.5,585.0,71.2,100.0
2024-06-29 08:30:00,321,1006.5,86.8,0.0,24.7,3.4,840.0,71.12,100.0
2024-06-29 08:45:00,342,1006.5,85.6,0.0,24.9,3.4,385.0,69.73,100.0
2024-06-29 09:00:00,361,1006.6,84.3,0.0,25.1,3.4,494.0,56.62,100.0
2024-06-29 09:15:00,376,1006.6,83.5,0.0,25.3,3.4,351.0,40.2,100.0
2024-06-29 09:30:00,389,1006.6,82.9,0.0,25.4,3.4,399.0,58.53,100.0
2024-06-29 09:45:00,398,1006.6,82.1,0.0,25.6,3.4,624.0,74.18,100.0
2024-06-29 10:00:00,401,1006.6,81.5,0.0,25.7,3.4,304.0,38.14,100.0
2024-06-29 10:15:00,398,1006.6,81.6,0.1,25.8,3.5,318.0,44.54,100.0
2024-06-29 10:30:00,390,1006.6,81.3,0.2,26.0,3.6,335.0,41.59,100.0
2024-06-29 10:45:00,377,1006.6,81.6,0.0,26.0,3.7,295.0,35.3,100.0
2024-06-29 11:00:00,361,1006.6,81.4,0.0,26.1,3.8,642.0,71.68,100.0
2024-06-29 11:15:00,341,1006.6,79.8,0.0,26.2,3.9,748.0,97.1,100.0
2024-06-29 11:30:00,320,1006.6,79.1,0.0,26.3,4.0,533.0,46.72,100.0
2024-06-29 11:45:00,297,1006.6,79.4,0.0,26.3,4.1,355.0,46.33,100.0
2024-06-29 12:00:00,275,1006.6,79.5,0.0,26.2,4.2,479.0,60.67,100.0
2024-06-29 12:15:00,254,1006.5,80.2,0.0,26.2,4.4,294.0,39.8,100.0
2024-06-29 12:30:00,236,1006.5,80.8,0.0,26.1,4.5,289.0,36.24,100.0
2024-06-29 12:45:00,220,1006.5,81.1,0.0,26.1,4.6,265.0,36.36,100.0
2024-06-29 13:00:00,205,1006.5,81.3,0.0,26.1,4.7,334.0,45.56,100.0
2024-06-29 13:15:00,192,1006.5,80.9,0.0,26.1,4.8,316.0,41.25,100.0
2024-06-29 13:30:00,179,1006.5,82.0,0.0,26.0,4.9,238.0,29.91,100.0
2024-06-29 13:45:00,167,1006.5,83.1,0.0,25.9,5.0,195.0,25.32,100.0
2024-06-29 14:00:00,156,1006.5,83.2,0.1,25.8,5.1,221.0,28.2,100.0
2024-06-29 14:15:00,145,1006.5,82.3,0.0,25.9,5.2,156.0,24.08,100.0
2024-06-29 14:30:00,135,1006.5,85.4,0.2,25.7,5.2,61.0,8.89,100.0
2024-06-29 14:45:00,125,1006.5,86.7,0.0,25.6,5.3,33.0,7.21,100.0
2024-06-29 15:00:00,115,1006.5,85.8,0.1,25.6,5.3,35.0,6.21,100.0
2024-06-29 15:15:00,106,1006.5,85.2,0.0,25.5,5.3,29.0,5.92,100.0
2024-06-29 15:30:00,96,1006.5,84.8,0.0,25.5,5.3,35.0,7.51,100.0
2024-06-29 15:45:00,87,1006.5,85.2,0.0,25.5,5.3,48.0,8.64,100.0
2024-06-29 16:00:00,78,1006.5,86.4,0.0,25.4,5.2,54.0,7.95,100.0
2024-06-29 16:15:00,70,1006.5,87.3,0.2,25.3,5.1,25.0,5.55,100.0
2024-06-29 16:30:00,62,1006.5,87.5,0.2,25.3,5.0,46.0,11.81,100.0
2024-06-29 16:45:00,55,1006.5,88.5,0.0,25.2,4.9,67.0,12.71,100.0
2024-06-29 17:00:00,48,1006.5,87.9,0.0,25.2,4.7,99.0,10.66,100.0
2024-06-29 17:15:00,42,1006.5,86.3,0.1,25.2,4.6,34.0,5.72,100.0
2024-06-29 17:30:00,36,1006.5,85.8,0.0,25.2,4.4,36.0,6.65,100.0
2024-06-29 17:45:00,30,1006.5,86.9,0.0,25.1,4.2,19.0,5.71,100.0
2024-06-29 18:00:00,25,1006.5,87.2,0.0,25.1,4.1,19.0,4.36,100.0
2024-06-29 18:15:00,20,1006.5,87.1,0.0,25.1,3.9,10.0,3.53,100.0
2024-06-29 18:30:00,15,1006.5,86.8,0.0,25.1,3.7,10.0,3.74,100.0
2024-06-29 18:45:00,11,1006.5,87.4,0.0,25.1,3.6,14.0,4.13,100.0
2024-06-29 19:00:00,7,1006.5,88.3,0.0,24.9,3.4,8.0,3.13,100.0
2024-06-29 19:15:00,3,1006.5,88.6,0.0,24.9,3.3,0.0,0.0,100.0
2024-06-29 19:30:00,0,1006.5,89.7,0.0,24.8,3.2,0.0,0.0,100.0
2024-06-29 19:45:00,0,1006.5,90.3,0.0,24.7,3.0,0.0,0.0,100.0
2024-06-29 20:00:00,0,1006.5,90.4,0.0,24.7,3.0,0.0,0.0,100.0
2024-06-29 20:15:00,0,1006.5,90.3,0.0,24.6,2.9,0.0,0.0,100.0
2024-06-29 20:30:00,0,1006.5,90.7,0.0,24.6,2.7,0.0,0.0,100.0
2024-06-29 20:45:00,0,1006.5,91.0,0.0,24.6,2.6,0.0,0.0,100.0
2024-06-29 21:00:00,0,1006.5,91.0,0.0,24.6,2.5,0.0,0.0,100.0
2024-06-29 21:15:00,0,1006.5,91.4,0.0,24.6,2.4,0.0,0.0,100.0
2024-06-29 21:30:00,0,1006.5,91.5,0.0,24.6,2.3,0.0,0.0,100.0
2024-06-29 21:45:00,0,1006.5,91.4,0.0,24.5,2.2,0.0,0.0,100.0
2024-06-29 22:00:00,0,1006.5,91.5,0.0,24.5,2.2,0.0,0.0,100.0
2024-06-29 22:15:00,0,1006.5,91.4,0.0,24.5,2.1,0.0,0.0,100.0
2024-06-29 22:30:00,0,1006.5,91.0,0.0,24.5,2.1,0.0,0.0,100.0
2024-06-29 22:45:00,0,1006.5,90.7,0.0,24.4,2.2,0.0,0.0,100.0
2024-06-29 23:00:00,0,1006.5,90.5,0.0,24.4,2.2,0.0,0.0,100.0
2024-06-29 23:15:00,0,1006.5,90.5,0.0,24.4,2.2,0.0,0.0,100.0
2024-06-29 23:30:00,0,1006.5,90.9,0.0,24.4,2.2,0.0,0.0,100.0
2024-06-29 23:45:00,0,1006.5,91.3,0.0,24.4,2.3,0.0,0.0,100.0
2024-06-30 00:00:00,0,1006.5,89.5,0.0,23.5,3.0,0.0,0.0,100.0
2024-06-30 00:15:00,0,1006.5,88.9,0.0,23.5,3.0,0.0,0.0,100.0
2024-06-30 00:30:00,0,1006.5,87.7,0.0,23.5,3.0,0.0,0.0,100.0
2024-06-30 00:45:00,0,1006.5,87.1,0.0,23.6,3.0,0.0,0.0,100.0
2024-06-30 01:00:00,0,1006.5,86.9,0.0,23.5,2.9,0.0,0.0,100.0
2024-06-30 01:15:00,0,1006.5,86.9,0.0,23.3,2.9,0.0,0.0,100.0
2024-06-30 01:30:00,0,1006.5,88.1,0.0,23.2,2.9,0.0,0.0,100.0
2024-06-30 01:45:00,0,1006.5,90.8,0.0,22.9,2.9,0.0,0.0,100.0
2024-06-30 02:00:00,0,1006.5,91.0,0.0,22.7,2.9,0.0,0.0,100.0
2024-06-30 02:15:00,0,1006.5,90.5,0.0,22.6,2.8,0.0,0.0,100.0
2024-06-30 02:30:00,0,1006.5,90.2,0.0,22.6,2.8,0.0,0.0,100.0
2024-06-30 02:45:00,0,1006.5,90.0,0.0,22.5,2.7,0.0,0.0,100.0
2024-06-30 03:00:00,0,1006.5,89.7,0.0,22.4,2.7,0.0,0.0,100.0
2024-06-30 03:15:00,0,1006.5,89.2,0.0,22.3,2.6,0.0,0.0,100.0
2024-06-30 03:30:00,0,1006.5,88.7,0.0,22.3,2.6,0.0,0.0,100.0
2024-06-30 03:45:00,0,1006.5,88.8,0.0,22.2,2.6,0.0,0.0,100.0
2024-06-30 04:00:00,0,1006.5,89.3,0.0,22.2,2.5,0.0,0.0,100.0
2024-06-30 04:15:00,0,1006.5,89.9,0.0,22.1,2.4,0.0,0.0,100.0
2024-06-30 04:30:00,0,1006.5,90.6,0.0,22.0,2.4,0.0,0.0,100.0
2024-06-30 04:45:00,0,1006.5,90.9,0.0,21.9,2.4,0.0,0.0,100.0
2024-06-30 05:00:00,2,1006.5,90.9,0.0,21.9,2.3,8.0,3.62,100.0
2024-06-30 05:15:00,18,1006.5,90.8,0.0,21.9,2.3,28.0,5.2,100.0
2024-06-30 05:30:00,39,1006.5,90.9,0.0,22.0,2.2,51.0,7.08,100.0
2024-06-30 05:45:00,66,1006.5,91.0,0.0,22.1,2.2,85.0,9.43,100.0
2024-06-30 06:00:00,97,1006.5,90.5,0.0,22.2,2.2,119.0,11.88,100.0
2024-06-30 06:15:00,133,1006.5,89.5,0.0,22.3,2.1,157.0,15.59,100.0
2024-06-30 06:30:00,172,1006.5,88.3,0.0,22.5,2.1,215.0,21.71,100.0
2024-06-30 06:45:00,213,1006.5,87.0,0.0,22.8,2.0,240.0,24.94,100.0
2024-06-30 07:00:00,254,1006.5,85.1,0.0,23.1,2.0,302.0,29.94,100.0
2024-06-30 07:15:00,297,1006.5,83.5,0.0,23.4,1.9,359.0,37.16,100.0
2024-06-30 07:30:00,341,1006.5,82.4,0.0,23.7,1.9,398.0,41.93,100.0
2024-06-30 07:45:00,384,1006.5,81.0,0.0,23.9,1.8,433.0,46.9,100.0
2024-06-30 08:00:00,427,1006.5,80.4,0.0,24.2,1.8,372.0,51.43,100.0
2024-06-30 08:15:00,470,1006.5,78.8,0.0,24.4,1.8,541.0,60.09,100.0
2024-06-30 08:30:00,512,1006.5,77.1,0.0,24.8,1.8,581.0,65.51,100.0
2024-06-30 08:45:00,552,1006.5,75.3,0.0,25.1,1.7,627.0,72.66,100.0
2024-06-30 09:00:00,592,1006.5,73.3,0.0,25.4,1.7,662.0,76.12,100.0
2024-06-30 09:15:00,629,1006.5,71.6,0.0,25.7,1.7,686.0,78.99,100.0
2024-06-30 09:30:00,666,1006.5,70.6,0.0,26.0,1.7,727.0,83.98,100.0
2024-06-30 09:45:00,700,1006.5,69.9,0.0,26.3,1.7,739.0,88.53,100.0
2024-06-30 10:00:00,732,1006.5,69.2,0.0,26.6,1.7,787.0,91.15,100.0
2024-06-30 10:15:00,761,1006.5,68.7,0.0,26.8,1.7,826.0,94.85,100.0
2024-06-30 10:30:00,786,1006.5,68.2,0.0,27.0,1.8,875.0,97.04,100.0
2024-06-30 10:45:00,808,1006.5,67.3,0.0,27.2,1.8,904.0,98.29,100.0
2024-06-30 11:00:00,826,1006.6,66.4,0.0,27.4,1.8,904.0,98.52,100.0
2024-06-30 11:15:00,840,1006.6,65.5,0.0,27.6,1.8,911.0,98.63,100.0
2024-06-30 11:30:00,851,1006.6,64.8,0.0,27.7,1.8,903.0,98.71,100.0
2024-06-30 11:45:00,858,1006.6,64.3,0.0,27.8,1.8,916.0,98.85,100.0
2024-06-30 12:00:00,861,1006.6,63.9,0.0,27.9,1.8,919.0,98.88,100.0
2024-06-30 12:15:00,861,1006.6,63.8,0.0,27.9,1.8,914.0,98.94,100.0
2024-06-30 12:30:00,857,1006.6,63.9,0.0,27.9,1.9,914.0,98.81,100.0
2024-06-30 12:45:00,849,1006.6,63.8,0.0,28.0,1.9,916.0,98.94,100.0
2024-06-30 13:00:00,838,1006.6,63.4,0.0,28.1,2.0,898.0,98.76,100.0
2024-06-30 13:15:00,824,1006.6,63.0,0.0,28.2,2.1,887.0,98.61,100.0
2024-06-30 13:30:00,807,1006.6,62.7,0.0,28.3,2.1,876.0,97.65,100.0
2024-06-30 13:45:00,786,1006.6,62.3,0.0,28.5,2.2,850.0,97.03,100.0
2024-06-30 14:00:00,762,1006.6,61.9,0.0,28.6,2.3,833.0,93.33,100.0
2024-06-30 14:15:00,735,1006.6,61.3,0.0,28.8,2.4,800.0,91.16,100.0
2024-06-30 14:30:00,705,1006.6,60.6,0.0,29.0,2.5,759.0,88.12,100.0
2024-06-30 14:45:00,672,1006.6,59.9,0.0,29.1,2.6,708.0,82.56,100.0
2024-06-30 15:00:00,636,1006.6,59.2,0.0,29.2,2.6,693.0,79.1,100.0
2024-06-30 15:15:00,598,1006.6,58.4,0.0,29.3,2.7,654.0,74.46,100.0
2024-06-30 15:30:00,558,1006.6,57.5,0.0,29.4,2.8,617.0,69.41,100.0
2024-06-30 15:45:00,515,1006.6,57.3,0.0,29.5,2.8,580.0,62.47,100.0
2024-06-30 16:00:00,470,1006.6,57.2,0.0,29.6,2.9,513.0,55.35,100.0
2024-06-30 16:15:00,423,1006.6,57.0,0.0,29.7,2.9,471.0,50.59,100.0
2024-06-30 16:30:00,375,1006.6,56.8,0.0,29.7,3.0,432.0,44.86,100.0
2024-06-30 16:45:00,329,1006.6,57.3,0.0,29.7,3.0,365.0,38.25,100.0
2024-06-30 17:00:00,283,1006.6,58.2,0.0,29.7,3.1,325.0,33.85,100.0
2024-06-30 17:15:00,241,1006.6,59.2,0.0,29.6,3.2,279.0,27.54,100.0
2024-06-30 17:30:00,201,1006.6,59.9,0.0,29.6,3.3,229.0,22.14,100.0
2024-06-30 17:45:00,165,1006.6,61.1,0.0,29.6,3.4,162.0,16.6,100.0
2024-06-30 18:00:00,133,1006.6,62.0,0.0,29.4,3.5,122.0,13.24,100.0
2024-06-30 18:15:00,104,1006.6,63.1,0.0,29.3,3.6,93.0,10.87,100.0
2024-06-30 18:30:00,78,1006.6,64.6,0.0,29.1,3.7,68.0,8.78,100.0
2024-06-30 18:45:00,56,1006.6,66.1,0.0,28.8,3.8,38.0,6.21,100.0
2024-06-30 19:00:00,35,1006.6,67.9,0.0,28.6,3.9,18.0,4.38,100.0
2024-06-30 19:15:00,15,1006.6,69.9,0.0,28.3,4.0,0.0,0.0,100.0
2024-06-30 19:30:00,0,1006.6,72.0,0.0,28.1,4.1,0.0,0.0,100.0
2024-06-30 19:45:00,0,1006.6,74.0,0.0,27.8,4.2,0.0,0.0,100.0
2024-06-30 20:00:00,0,1006.6,76.6,0.0,27.5,4.3,0.0,0.0,100.0
2024-06-30 20:15:00,0,1006.6,78.7,0.0,27.3,4.4,0.0,0.0,100.0
2024-06-30 20:30:00,0,1006.6,79.9,0.0,27.1,4.4,0.0,0.0,100.0
2024-06-30 20:45:00,0,1006.6,81.4,0.0,26.9,4.5,0.0,0.0,100.0
2024-06-30 21:00:00,0,1006.6,82.9,0.0,26.6,4.6,0.0,0.0,100.0
2024-06-30 21:15:00,0,1006.6,83.3,0.0,26.4,4.7,0.0,0.0,100.0
2024-06-30 21:30:00,0,1006.6,83.1,0.0,26.3,4.8,0.0,0.0,100.0
2024-06-30 21:45:00,0,1006.6,82.8,0.0,26.1,4.9,0.0,0.0,100.0
2024-06-30 22:00:00,0,1006.6,82.7,0.0,25.9,5.0,0.0,0.0,100.0
2024-06-30 22:15:00,0,1006.6,82.9,0.0,25.8,5.1,0.0,0.0,100.0
2024-06-30 22:30:00,0,1006.5,83.0,0.0,25.6,5.1,0.0,0.0,100.0
2024-06-30 22:45:00,0,1006.5,83.1,0.0,25.5,5.2,0.0,0.0,100.0
2024-06-30 23:00:00,0,1006.5,82.9,0.0,25.3,5.3,0.0,0.0,100.0
2024-06-30 23:15:00,0,1006.5,82.6,0.0,25.2,5.3,0.0,0.0,100.0
2024-06-30 23:30:00,0,1006.5,82.5,0.0,25.1,5.3,0.0,0.0,100.0
2024-06-30 23:45:00,0,1006.5,82.4,0.0,25.0,5.3,0.0,0.0,100.0
2024-07-01 00:00:00,0,1006.5,87.2,0.0,24.5,4.6,0.0,0.0,100.0
2024-07-01 00:15:00,0,1006.5,87.1,0.0,24.4,4.6,0.0,0.0,100.0
2024-07-01 00:30:00,0,1006.5,87.1,0.0,24.3,4.6,0.0,0.0,100.0
2024-07-01 00:45:00,0,1006.5,87.1,0.0,24.3,4.6,0.0,0.0,100.0
2024-07-01 01:00:00,0,1006.5,87.1,0.0,24.2,4.5,0.0,0.0,100.0
2024-07-01 01:15:00,0,1006.5,87.1,0.0,24.1,4.5,0.0,0.0,100.0
2024-07-01 01:30:00,0,1006.5,87.2,0.0,24.0,4.5,0.0,0.0,100.0
2024-07-01 01:45:00,0,1006.5,87.3,0.0,23.9,4.4,0.0,0.0,100.0
2024-07-01 02:00:00,0,1006.5,87.3,0.0,23.8,4.4,0.0,0.0,100.0
2024-07-01 02:15:00,0,1006.5,87.4,0.0,23.8,4.3,0.0,0.0,100.0
2024-07-01 02:30:00,0,1006.5,87.5,0.0,23.7,4.3,0.0,0.0,100.0
2024-07-01 02:45:00,0,1006.5,87.6,0.0,23.6,4.2,0.0,0.0,100.0
2024-07-01 03:00:00,0,1006.5,87.7,0.0,23.6,4.2,0.0,0.0,100.0
2024-07-01 03:15:00,0,1006.5,87.9,0.0,23.5,4.1,0.0,0.0,100.0
2024-07-01 03:30:00,0,1006.5,88.0,0.0,23.5,4.1,0.0,0.0,100.0
2024-07-01 03:45:00,0,1006.5,88.1,0.0,23.4,4.0,0.0,0.0,100.0
2024-07-01 04:00:00,0,1006.5,88.2,0.0,23.4,4.0,0.0,0.0,100.0
2024-07-01 04:15:00,0,1006.5,88.1,0.0,23.4,3.9,0.0,0.0,100.0
2024-07-01 04:30:00,0,1006.5,88.1,0.0,23.3,3.9,0.0,0.0,100.0
2024-07-01 04:45:00,0,1006.5,88.2,0.0,23.3,3.9,0.0,0.0,100.0
2024-07-01 05:00:00,2,1006.5,88.4,0.0,23.3,3.8,0.0,0.0,100.0
2024-07-01 05:15:00,14,1006.5,88.6,0.0,23.2,3.8,5.0,2.82,100.0
2024-07-01 05:30:00,31,1006.5,88.7,0.0,23.2,3.7,8.0,3.15,100.0
2024-07-01 05:45:00,52,1006.5,88.6,0.0,23.3,3.7,24.0,6.51,100.0
2024-07-01 06:00:00,77,1006.5,88.3,0.0,23.5,3.7,85.0,14.17,100.0
2024-07-01 06:15:00,105,1006.5,87.3,0.0,23.7,3.6,54.0,8.18,100.0
2024-07-01 06:30:00,135,1006.5,85.7,0.0,24.0,3.6,145.0,18.07,100.0
2024-07-01 06:45:00,165,1006.5,84.0,0.0,24.3,3.6,185.0,24.23,100.0
2024-07-01 07:00:00,195,1006.6,83.3,0.0,24.6,3.6,157.0,17.8,100.0
2024-07-01 07:15:00,225,1006.6,82.3,0.0,24.9,3.5,168.0,17.41,100.0
2024-07-01 07:30:00,254,1006.6,80.6,0.0,25.2,3.5,187.0,26.74,100.0
2024-07-01 07:45:00,282,1006.6,78.6,0.0,25.4,3.4,357.0,36.76,100.0
2024-07-01 08:00:00,308,1006.6,76.9,0.0,25.7,3.4,315.0,33.53,100.0
2024-07-01 08:15:00,333,1006.6,75.5,0.0,25.9,3.4,278.0,33.48,100.0
2024-07-01 08:30:00,356,1006.6,74.8,0.0,26.1,3.4,487.0,58.44,100.0
2024-07-01 08:45:00,377,1006.6,73.8,0.0,26.4,3.4,397.0,60.53,100.0
2024-07-01 09:00:00,396,1006.6,72.4,0.0,26.6,3.5,290.0,46.17,100.0
2024-07-01 09:15:00,413,1006.6,70.0,0.0,26.9,3.6,347.0,38.46,100.0
2024-07-01 09:30:00,429,1006.6,68.2,0.0,27.2,3.7,702.0,59.51,100.0
2024-07-01 09:45:00,443,1006.6,67.5,0.0,27.4,3.8,445.0,50.51,100.0
2024-07-01 10:00:00,454,1006.6,66.7,0.0,27.7,3.8,345.0,33.04,100.0
2024-07-01 10:15:00,462,1006.6,66.0,0.0,27.9,3.9,64.0,13.57,100.0
2024-07-01 10:30:00,467,1006.6,66.0,0.0,27.8,4.1,102.0,11.13,100.0
2024-07-01 10:45:00,469,1006.6,66.2,0.0,27.8,4.2,106.0,16.75,100.0
2024-07-01 11:00:00,468,1006.6,66.2,0.0,27.9,4.4,110.0,18.63,100.0
2024-07-01 11:15:00,464,1006.6,66.5,0.0,28.0,4.5,175.0,18.15,100.0
2024-07-01 11:30:00,457,1006.6,68.8,0.0,27.7,4.7,113.0,15.12,100.0
2024-07-01 11:45:00,448,1006.6,71.8,0.0,27.6,4.8,79.0,9.11,100.0
2024-07-01 12:00:00,436,1006.6,73.6,0.0,27.5,4.9,46.0,6.08,100.0
2024-07-01 12:15:00,423,1006.6,74.2,0.0,27.4,5.1,27.0,7.21,100.0
2024-07-01 12:30:00,407,1006.6,74.8,0.0,27.4,5.2,48.0,10.49,100.0
2024-07-01 12:45:00,390,1006.6,74.7,0.0,27.3,5.4,90.0,17.46,100.0
2024-07-01 13:00:00,369,1006.6,77.6,0.0,26.9,5.5,175.0,29.6,100.0
2024-07-01 13:15:00,346,1006.6,81.6,0.0,26.2,5.7,277.0,38.04,100.0
2024-07-01 13:30:00,320,1006.6,81.0,0.2,26.0,5.8,322.0,54.01,100.0
2024-07-01 13:45:00,294,1006.6,79.9,0.0,26.0,6.0,373.0,49.85,100.0
2024-07-01 14:00:00,266,1006.6,80.7,0.0,26.0,6.1,329.0,38.9,100.0
2024-07-01 14:15:00,239,1006.6,79.8,0.0,26.1,6.2,119.0,16.62,100.0
2024-07-01 14:30:00,213,1006.6,79.6,0.0,26.1,6.3,81.0,15.16,100.0
2024-07-01 14:45:00,187,1006.6,80.2,0.0,26.0,6.4,94.0,15.91,100.0
2024-07-01 15:00:00,164,1006.6,81.9,0.0,25.8,6.4,114.0,16.94,100.0
2024-07-01 15:15:00,143,1006.6,81.7,0.0,25.8,6.4,69.0,8.94,100.0
2024-07-01 15:30:00,124,1006.6,81.8,0.0,25.7,6.4,54.0,8.28,100.0
2024-07-01 15:45:00,108,1006.6,82.0,0.0,25.7,6.4,32.0,5.29,100.0
2024-07-01 16:00:00,94,1006.6,81.8,0.0,25.7,6.4,22.0,4.23,100.0
2024-07-01 16:15:00,82,1006.6,82.4,0.0,25.6,6.3,7.0,3.07,100.0
2024-07-01 16:30:00,70,1006.6,83.2,0.0,25.5,6.1,12.0,3.41,100.0
2024-07-01 16:45:00,60,1006.6,85.0,0.0,25.4,6.0,13.0,3.89,100.0
2024-07-01 17:00:00,52,1006.6,86.3,0.0,25.2,5.9,17.0,4.62,100.0
2024-07-01 17:15:00,44,1006.6,86.7,0.0,25.2,5.7,20.0,4.09,100.0
2024-07-01 17:30:00,37,1006.6,86.8,0.0,25.1,5.6,21.0,5.43,100.0
2024-07-01 17:45:00,30,1006.6,87.1,0.0,25.0,5.5,25.0,5.2,100.0
2024-07-01 18:00:00,25,1006.6,87.1,0.0,25.0,5.3,25.0,5.84,100.0
2024-07-01 18:15:00,19,1006.6,88.0,0.0,25.0,5.1,29.0,5.58,100.0
2024-07-01 18:30:00,15,1006.6,89.1,0.0,24.9,5.0,20.0,5.03,100.0
2024-07-01 18:45:00,10,1006.6,88.9,0.0,24.8,4.8,13.0,3.78,100.0
2024-07-01 19:00:00,6,1006.6,88.9,0.0,24.9,4.6,7.0,3.22,100.0
2024-07-01 19:15:00,3,1006.6,88.8,0.2,25.0,4.5,0.0,0.0,100.0
2024-07-01 19:30:00,0,1006.6,87.9,0.2,25.1,4.3,0.0,0.0,100.0
2024-07-01 19:45:00,0,1006.6,85.7,0.0,25.2,4.1,0.0,0.0,100.0
2024-07-01 20:00:00,0,1006.6,83.7,0.0,25.2,3.9,0.0,0.0,100.0
2024-07-01 20:15:00,0,1006.6,83.5,0.0,25.1,3.7,0.0,0.0,100.0
2024-07-01 20:30:00,0,1006.6,84.2,0.0,25.0,3.5,0.0,0.0,100.0
2024-07-01 20:45:00,0,1006.6,84.7,0.0,25.0,3.4,0.0,0.0,100.0
2024-07-01 21:00:00,0,1006.6,85.5,0.0,24.9,3.2,0.0,0.0,100.0
2024-07-01 21:15:00,0,1006.6,86.3,0.0,24.9,3.1,0.0,0.0,100.0
2024-07-01 21:30:00,0,1006.6,86.6,0.0,24.8,2.9,0.0,0.0,100.0
2024-07-01 21:45:00,0,1006.6,86.8,0.0,24.8,2.8,0.0,0.0,100.0
2024-07-01 22:00:00,0,1006.6,87.1,0.0,24.7,2.7,0.0,0.0,100.0
2024-07-01 22:15:00,0,1006.6,87.4,0.0,24.7,2.7,0.0,0.0,100.0
2024-07-01 22:30:00,0,1006.6,87.6,0.0,24.6,2.6,0.0,0.0,100.0
2024-07-01 22:45:00,0,1006.6,87.8,0.0,24.6,2.6,0.0,0.0,100.0
2024-07-01 23:00:00,0,1006.6,87.9,0.0,24.6,2.5,0.0,0.0,100.0
2024-07-01 23:15:00,0,1006.6,87.7,0.0,24.5,2.5,0.0,0.0,100.0
2024-07-01 23:30:00,0,1006.6,87.5,0.0,24.5,2.5,0.0,0.0,100.0
2024-07-01 23:45:00,0,1006.6,87.4,0.0,24.5,2.4,0.0,0.0,100.0
2024-07-02 00:00:00,0,1006.6,90.2,0.0,25.1,3.3,0.0,0.0,100.0
2024-07-02 00:15:00,0,1006.6,90.5,0.0,25.1,3.3,0.0,0.0,100.0
2024-07-02 00:30:00,0,1006.6,90.7,0.0,25.1,3.3,0.0,0.0,100.0
2024-07-02 00:45:00,0,1006.5,91.0,0.0,25.0,3.3,0.0,0.0,100.0
2024-07-02 01:00:00,0,1006.5,91.3,0.0,25.0,3.2,0.0,0.0,100.0
2024-07-02 01:15:00,0,1006.5,91.7,0.0,24.9,3.2,0.0,0.0,100.0
2024-07-02 01:30:00,0,1006.5,92.0,0.0,24.9,3.2,0.0,0.0,100.0
2024-07-02 01:45:00,0,1006.5,92.0,0.0,24.9,3.2,0.0,0.0,100.0
2024-07-02 02:00:00,0,1006.5,91.9,0.0,24.9,3.3,0.0,0.0,100.0
2024-07-02 02:15:00,0,1006.5,91.8,0.0,24.9,3.3,0.0,0.0,100.0
2024-07-02 02:30:00,0,1006.5,92.2,0.0,24.9,3.3,0.0,0.0,100.0
2024-07-02 02:45:00,0,1006.5,92.7,0.0,24.9,3.4,0.0,0.0,100.0
2024-07-02 03:00:00,0,1006.5,92.9,0.0,24.9,3.4,0.0,0.0,100.0
2024-07-02 03:15:00,0,1006.5,92.8,0.0,24.8,3.5,0.0,0.0,100.0
2024-07-02 03:30:00,0,1006.5,92.0,0.0,24.8,3.5,0.0,0.0,100.0
2024-07-02 03:45:00,0,1006.5,91.1,0.0,24.8,3.5,0.0,0.0,100.0
2024-07-02 04:00:00,0,1006.5,90.8,0.0,24.7,3.6,0.0,0.0,100.0
2024-07-02 04:15:00,0,1006.5,90.8,0.0,24.7,3.6,0.0,0.0,100.0
2024-07-02 04:30:00,0,1006.5,90.8,0.0,24.6,3.7,0.0,0.0,100.0
2024-07-02 04:45:00,0,1006.5,90.8,0.0,24.5,3.7,0.0,0.0,100.0
2024-07-02 05:00:00,0,1006.5,91.0,0.0,24.4,3.7,0.0,0.0,100.0
2024-07-02 05:15:00,2,1006.5,91.2,0.0,24.4,3.7,0.0,2.56,100.0
2024-07-02 05:30:00,5,1006.5,91.1,0.0,24.3,3.7,3.0,3.04,100.0
2024-07-02 05:45:00,9,1006.5,91.0,0.0,24.3,3.7,7.0,3.44,100.0
2024-07-02 06:00:00,14,1006.5,90.7,0.0,24.3,3.7,23.0,4.91,100.0
2024-07-02 06:15:00,19,1006.5,90.1,0.0,24.3,3.7,28.0,6.06,100.0
2024-07-02 06:30:00,24,1006.5,89.9,0.0,24.3,3.7,29.0,6.09,100.0
2024-07-02 06:45:00,30,1006.5,89.7,0.0,24.3,3.7,56.0,8.6,100.0
2024-07-02 07:00:00,36,1006.5,89.2,0.0,24.4,3.8,78.0,12.64,100.0
2024-07-02 07:15:00,42,1006.5,88.3,0.0,24.4,3.8,47.0,7.6,100.0
2024-07-02 07:30:00,48,1006.5,87.7,0.0,24.4,3.8,53.0,9.92,100.0
2024-07-02 07:45:00,55,1006.5,87.4,0.0,24.5,3.8,72.0,10.74,100.0
2024-07-02 08:00:00,61,1006.5,87.1,0.0,24.5,3.9,96.0,14.28,100.0
2024-07-02 08:15:00,67,1006.5,87.0,0.0,24.5,3.9,86.0,12.95,100.0
2024-07-02 08:30:00,73,1006.5,86.5,0.0,24.6,3.9,126.0,19.28,100.0
2024-07-02 08:45:00,79,1006.5,86.1,0.0,24.6,4.0,70.0,11.09,100.0
2024-07-02 09:00:00,85,1006.5,86.1,0.1,24.7,4.1,85.0,12.72,100.0
2024-07-02 09:15:00,91,1006.5,86.0,0.0,24.7,4.2,84.0,13.31,100.0
2024-07-02 09:30:00,97,1006.5,85.4,0.0,24.7,4.3,155.0,20.82,100.0
2024-07-02 09:45:00,103,1006.5,85.2,0.0,24.7,4.4,140.0,19.75,100.0
2024-07-02 10:00:00,108,1006.5,85.5,0.0,24.7,4.6,143.0,23.91,100.0
2024-07-02 10:15:00,113,1006.5,86.1,0.0,24.7,4.8,137.0,16.81,100.0
2024-07-02 10:30:00,117,1006.5,86.1,0.0,24.8,5.0,166.0,20.54,100.0
2024-07-02 10:45:00,121,1006.5,86.6,0.0,24.8,5.3,138.0,17.68,100.0
2024-07-02 11:00:00,124,1006.5,86.3,0.0,24.8,5.5,99.0,15.78,100.0
2024-07-02 11:15:00,128,1006.5,86.5,0.0,24.9,5.7,110.0,10.99,100.0
2024-07-02 11:30:00,131,1006.5,86.7,0.0,25.0,5.9,96.0,14.61,100.0
2024-07-02 11:45:00,134,1006.5,86.6,0.2,24.9,6.1,95.0,14.35,100.0
2024-07-02 12:00:00,136,1006.5,86.8,0.2,24.8,6.3,48.0,8.39,100.0
2024-07-02 12:15:00,139,1006.5,88.8,0.3,24.8,6.5,49.0,8.62,100.0
2024-07-02 12:30:00,142,1006.5,90.8,0.3,24.7,6.7,76.0,14.23,100.0
2024-07-02 12:45:00,145,1006.5,90.8,0.3,24.7,6.9,31.0,11.88,100.0
2024-07-02 13:00:00,150,1006.5,90.2,0.3,24.7,7.0,111.0,11.64,100.0
2024-07-02 13:15:00,154,1006.5,90.1,0.3,24.7,7.2,176.0,14.92,100.0
2024-07-02 13:30:00,159,1006.5,90.4,0.4,24.7,7.3,109.0,18.28,100.0
2024-07-02 13:45:00,164,1006.5,90.5,0.2,24.7,7.4,103.0,20.29,100.0
2024-07-02 14:00:00,168,1006.5,89.7,0.2,24.7,7.5,176.0,25.01,100.0
2024-07-02 14:15:00,170,1006.5,88.9,0.2,24.8,7.6,128.0,18.89,100.0
2024-07-02 14:30:00,172,1006.5,88.7,0.3,24.8,7.7,163.0,22.91,100.0
2024-07-02 14:45:00,171,1006.5,87.7,0.3,24.9,7.8,195.0,19.04,100.0
2024-07-02 15:00:00,169,1006.5,87.2,0.2,24.9,7.8,260.0,19.99,100.0
2024-07-02 15:15:00,164,1006.5,86.9,0.1,25.0,7.8,135.0,19.14,100.0
2024-07-02 15:30:00,158,1006.5,86.6,0.1,25.0,7.8,91.0,14.65,100.0
2024-07-02 15:45:00,149,1006.5,87.0,0.1,25.0,7.8,112.0,12.8,100.0
2024-07-02 16:00:00,138,1006.5,86.8,0.2,24.9,7.7,33.0,6.34,100.0
2024-07-02 16:15:00,125,1006.5,85.8,0.2,25.0,7.6,30.0,6.3,100.0
2024-07-02 16:30:00,112,1006.5,85.2,0.2,25.0,7.5,30.0,4.74,100.0
2024-07-02 16:45:00,99,1006.5,85.0,0.2,25.0,7.4,26.0,6.39,100.0
2024-07-02 17:00:00,85,1006.5,84.9,0.2,25.0,7.3,25.0,5.18,100.0
2024-07-02 17:15:00,72,1006.5,84.7,0.2,25.0,7.2,25.0,5.13,100.0
2024-07-02 17:30:00,60,1006.5,84.3,0.2,25.0,7.0,22.0,5.22,100.0
2024-07-02 17:45:00,49,1006.5,84.5,0.1,24.9,6.9,12.0,4.55,100.0
2024-07-02 18:00:00,39,1006.5,84.8,0.0,24.9,6.7,22.0,5.11,100.0
2024-07-02 18:15:00,31,1006.5,84.6,0.1,24.9,6.6,21.0,4.36,100.0
2024-07-02 18:30:00,23,1006.5,84.7,0.2,24.8,6.4,7.0,3.56,100.0
2024-07-02 18:45:00,16,1006.5,84.8,0.2,24.8,6.2,11.0,3.41,100.0
2024-07-02 19:00:00,10,1006.5,84.6,0.2,24.8,6.0,2.0,2.62,100.0
2024-07-02 19:15:00,5,1006.5,84.7,0.0,24.7,5.8,0.0,0.0,100.0
2024-07-02 19:30:00,0,1006.5,84.9,0.0,24.7,5.7,0.0,0.0,100.0
2024-07-02 19:45:00,0,1006.5,84.9,0.0,24.7,5.5,0.0,0.0,100.0
2024-07-02 20:00:00,0,1006.5,84.8,0.0,24.7,5.3,0.0,0.0,100.0
2024-07-02 20:15:00,0,1006.5,84.9,0.0,24.8,5.1,0.0,0.0,100.0
2024-07-02 20:30:00,0,1006.5,85.2,0.0,24.7,4.9,0.0,0.0,100.0
2024-07-02 20:45:00,0,1006.5,85.5,0.0,24.6,4.7,0.0,0.0,100.0
2024-07-02 21:00:00,0,1006.5,86.2,0.0,24.6,4.5,0.0,0.0,100.0
2024-07-02 21:15:00,0,1006.5,86.8,0.0,24.5,4.3,0.0,0.0,100.0
2024-07-02 21:30:00,0,1006.5,87.2,0.0,24.5,4.1,0.0,0.0,100.0
2024-07-02 21:45:00,0,1006.6,87.4,0.1,24.5,4.0,0.0,0.0,100.0
2024-07-02 22:00:00,0,1006.6,87.2,0.1,24.4,3.8,0.0,0.0,100.0
2024-07-02 22:15:00,0,1006.6,87.9,0.0,24.3,3.7,0.0,0.0,100.0
2024-07-02 22:30:00,0,1006.6,88.5,0.1,24.3,3.5,0.0,0.0,100.0
2024-07-02 22:45:00,0,1006.6,89.1,0.1,24.2,3.4,0.0,0.0,100.0
2024-07-02 23:00:00,0,1006.6,89.6,0.0,24.1,3.2,0.0,0.0,100.0
2024-07-02 23:15:00,0,1006.6,89.8,0.0,24.1,3.1,0.0,0.0,100.0
2024-07-02 23:30:00,0,1006.6,90.0,0.1,24.1,3.0,0.0,0.0,100.0
2024-07-02 23:45:00,0,1006.6,90.7,0.3,24.1,2.9,0.0,0.0,100.0
2024-07-03 00:00:00,0,1006.5,91.9,0.1,23.2,6.8,0.0,0.0,100.0
2024-07-03 00:15:00,0,1006.5,92.0,0.0,23.1,6.7,0.0,0.0,100.0
2024-07-03 00:30:00,0,1006.5,92.3,0.0,23.1,6.6,0.0,0.0,100.0
2024-07-03 00:45:00,0,1006.5,92.5,0.1,22.9,6.6,0.0,0.0,100.0
2024-07-03 01:00:00,0,1006.5,92.3,0.1,22.8,6.5,0.0,0.0,100.0
2024-07-03 01:15:00,0,1006.5,92.6,0.1,22.8,6.5,0.0,0.0,100.0
2024-07-03 01:30:00,0,1006.5,92.8,0.0,22.7,6.4,0.0,0.0,100.0
2024-07-03 01:45:00,0,1006.5,92.6,0.0,22.6,6.3,0.0,0.0,100.0
2024-07-03 02:00:00,0,1006.5,93.1,0.0,22.5,6.3,0.0,0.0,100.0
2024-07-03 02:15:00,0,1006.5,93.5,0.0,22.4,6.2,0.0,0.0,100.0
2024-07-03 02:30:00,0,1006.5,92.9,0.0,22.3,6.1,0.0,0.0,100.0
2024-07-03 02:45:00,0,1006.5,92.7,0.0,22.3,6.1,0.0,0.0,100.0
2024-07-03 03:00:00,0,1006.5,92.9,0.0,22.2,6.0,0.0,0.0,100.0
2024-07-03 03:15:00,0,1006.5,93.3,0.0,22.1,6.0,0.0,0.0,100.0
2024-07-03 03:30:00,0,1006.5,93.4,0.0,22.0,5.9,0.0,0.0,100.0
2024-07-03 03:45:00,0,1006.5,93.4,0.0,21.9,5.9,0.0,0.0,100.0
2024-07-03 04:00:00,0,1006.5,93.2,0.0,21.8,5.8,0.0,0.0,100.0
2024-07-03 04:15:00,0,1006.5,93.1,0.0,21.8,5.8,0.0,0.0,100.0
2024-07-03 04:30:00,0,1006.5,92.9,0.0,21.8,5.7,0.0,0.0,100.0
2024-07-03 04:45:00,0,1006.5,92.8,0.0,21.7,5.7,0.0,0.0,100.0
2024-07-03 05:00:00,2,1006.5,93.0,0.0,21.7,5.6,0.0,0.0,100.0
2024-07-03 05:15:00,16,1006.5,93.1,0.0,21.7,5.6,2.0,3.42,100.0
2024-07-03 05:30:00,37,1006.5,93.0,0.0,21.7,5.5,17.0,4.71,100.0
2024-07-03 05:45:00,64,1006.5,92.8,0.0,21.7,5.5,20.0,5.07,100.0
2024-07-03 06:00:00,95,1006.5,92.2,0.0,21.7,5.4,56.0,7.58,100.0
2024-07-03 06:15:00,130,1006.5,91.4,0.0,21.8,5.4,71.0,9.93,100.0
2024-07-03 06:30:00,168,1006.5,90.7,0.0,21.9,5.4,81.0,11.21,100.0
2024-07-03 06:45:00,207,1006.5,89.4,0.0,22.2,5.3,79.0,11.95,100.0
2024-07-03 07:00:00,246,1006.6,87.8,0.0,22.4,5.3,133.0,16.7,100.0
2024-07-03 07:15:00,285,1006.6,85.9,0.0,22.6,5.2,238.0,29.86,100.0
2024-07-03 07:30:00,324,1006.6,84.5,0.0,22.8,5.2,167.0,23.42,100.0
2024-07-03 07:45:00,363,1006.6,83.8,0.0,23.0,5.1,354.0,42.03,100.0
2024-07-03 08:00:00,400,1006.6,82.9,0.0,23.2,5.0,594.0,56.45,100.0
2024-07-03 08:15:00,436,1006.6,82.3,0.0,23.3,5.0,306.0,55.41,100.0
2024-07-03 08:30:00,471,1006.6,82.1,0.0,23.4,4.9,695.0,66.65,100.0
2024-07-03 08:45:00,505,1006.6,82.0,0.0,23.5,4.8,381.0,62.24,100.0
2024-07-03 09:00:00,538,1006.6,81.7,0.0,23.7,4.7,274.0,47.35,100.0
2024-07-03 09:15:00,571,1006.6,81.7,0.0,23.7,4.7,419.0,45.91,100.0
2024-07-03 09:30:00,603,1006.6,81.8,0.0,23.8,4.6,459.0,55.98,100.0
2024-07-03 09:45:00,635,1006.6,82.0,0.0,23.9,4.5,488.0,58.09,100.0
2024-07-03 10:00:00,667,1006.6,82.2,0.0,24.0,4.4,812.0,69.25,100.0
2024-07-03 10:15:00,698,1006.6,82.7,0.0,24.1,4.3,619.0,71.15,100.0
2024-07-03 10:30:00,728,1006.6,83.3,0.0,24.1,4.2,480.0,62.46,100.0
2024-07-03 10:45:00,755,1006.6,83.8,0.0,24.1,4.2,968.0,82.76,100.0
2024-07-03 11:00:00,780,1006.6,83.7,0.0,24.1,4.1,882.0,96.35,100.0
2024-07-03 11:15:00,803,1006.6,83.3,0.0,24.1,4.0,881.0,98.19,100.0
2024-07-03 11:30:00,821,1006.6,82.8,0.0,24.2,3.9,927.0,98.9,100.0
2024-07-03 11:45:00,836,1006.6,82.3,0.0,24.3,3.8,945.0,98.92,100.0
2024-07-03 12:00:00,846,1006.6,81.7,0.0,24.4,3.7,941.0,98.31,100.0
2024-07-03 12:15:00,852,1006.6,81.0,0.0,24.5,3.6,953.0,99.09,100.0
2024-07-03 12:30:00,852,1006.6,80.1,0.0,24.6,3.5,955.0,99.05,100.0
2024-07-03 12:45:00,847,1006.6,79.4,0.0,24.7,3.5,941.0,99.0,100.0
2024-07-03 13:00:00,838,1006.6,78.8,0.0,24.8,3.4,918.0,98.94,100.0
2024-07-03 13:15:00,824,1006.6,77.8,0.0,25.0,3.3,916.0,98.68,100.0
2024-07-03 13:30:00,805,1006.6,77.0,0.0,25.1,3.2,910.0,98.61,100.0
2024-07-03 13:45:00,783,1006.6,76.1,0.0,25.3,3.2,896.0,95.72,100.0
2024-07-03 14:00:00,758,1006.6,75.1,0.0,25.4,3.2,846.0,96.99,100.0
2024-07-03 14:15:00,728,1006.6,74.2,0.0,25.6,3.2,752.0,94.64,100.0
2024-07-03 14:30:00,696,1006.6,73.5,0.0,25.7,3.1,765.0,89.75,100.0
2024-07-03 14:45:00,662,1006.6,72.9,0.0,25.9,3.1,742.0,85.21,100.0
2024-07-03 15:00:00,625,1006.6,72.3,0.0,26.0,3.1,699.0,79.97,100.0
2024-07-03 15:15:00,586,1006.6,71.5,0.0,26.2,3.1,675.0,77.44,100.0
2024-07-03 15:30:00,545,1006.6,70.2,0.0,26.5,3.1,334.0,40.47,100.0
2024-07-03 15:45:00,504,1006.6,68.9,0.0,26.8,3.1,450.0,45.69,100.0
2024-07-03 16:00:00,459,1006.6,67.7,0.0,27.1,3.1,377.0,56.14,100.0
2024-07-03 16:15:00,414,1006.6,66.8,0.0,27.3,3.1,516.0,54.79,100.0
2024-07-03 16:30:00,368,1006.6,66.4,0.0,27.4,3.1,429.0,26.95,100.0
2024-07-03 16:45:00,322,1006.6,66.0,0.0,27.5,3.1,398.0,32.8,100.0
2024-07-03 17:00:00,278,1006.6,65.6,0.0,27.6,3.1,363.0,32.68,100.0
2024-07-03 17:15:00,237,1006.6,66.3,0.0,27.7,3.2,326.0,33.51,100.0
2024-07-03 17:30:00,199,1006.6,67.3,0.0,27.7,3.2,166.0,19.68,100.0
2024-07-03 17:45:00,163,1006.6,68.2,0.0,27.7,3.3,82.0,11.87,100.0
2024-07-03 18:00:00,132,1006.7,69.1,0.0,27.8,3.3,81.0,11.18,100.0
2024-07-03 18:15:00,103,1006.7,70.1,0.0,27.7,3.4,93.0,10.44,100.0
2024-07-03 18:30:00,78,1006.7,71.5,0.0,27.6,3.5,36.0,5.94,100.0
2024-07-03 18:45:00,55,1006.7,73.1,0.0,27.5,3.6,28.0,5.08,100.0
2024-07-03 19:00:00,35,1006.7,74.7,0.0,27.3,3.7,11.0,3.55,100.0
2024-07-03 19:15:00,15,1006.7,76.3,0.0,27.1,3.8,0.0,0.0,100.0
2024-07-03 19:30:00,0,1006.7,78.7,0.0,26.9,3.9,0.0,0.0,100.0
2024-07-03 19:45:00,0,1006.6,80.6,0.0,26.7,4.0,0.0,0.0,100.0
2024-07-03 20:00:00,0,1006.6,82.4,0.0,26.5,4.1,0.0,0.0,100.0
2024-07-03 20:15:00,0,1006.6,83.5,0.0,26.4,4.2,0.0,0.0,100.0
2024-07-03 20:30:00,0,1006.6,84.5,0.0,26.3,4.3,0.0,0.0,100.0
2024-07-03 20:45:00,0,1006.6,85.6,0.0,26.1,4.4,0.0,0.0,100.0
2024-07-03 21:00:00,0,1006.6,86.5,0.0,26.0,4.4,0.0,0.0,100.0
2024-07-03 21:15:00,0,1006.6,87.5,0.0,25.8,4.5,0.0,0.0,100.0
2024-07-03 21:30:00,0,1006.6,88.4,0.0,25.7,4.6,0.0,0.0,100.0
2024-07-03 21:45:00,0,1006.6,88.9,0.0,25.6,4.7,0.0,0.0,100.0
2024-07-03 22:00:00,0,1006.6,89.4,0.0,25.5,4.7,0.0,0.0,100.0
2024-07-03 22:15:00,0,1006.6,90.0,0.0,25.4,4.8,0.0,0.0,100.0
2024-07-03 22:30:00,0,1006.6,90.7,0.0,25.3,4.9,0.0,0.0,100.0
2024-07-03 22:45:00,0,1006.6,91.3,0.0,25.2,4.9,0.0,0.0,100.0
2024-07-03 23:00:00,0,1006.6,91.8,0.0,25.1,5.0,0.0,0.0,100.0
2024-07-03 23:15:00,0,1006.6,92.2,0.0,25.1,5.0,0.0,0.0,100.0
2024-07-03 23:30:00,0,1006.6,92.5,0.0,25.0,5.0,0.0,0.0,100.0
2024-07-03 23:45:00,0,1006.6,92.8,0.0,24.9,5.0,0.0,0.0,100.0
2024-07-04 00:00:00,0,1006.6,93.8,0.0,24.7,4.6,0.0,0.0,100.0
2024-07-04 00:15:00,0,1006.6,93.9,0.0,24.6,4.7,0.0,0.0,100.0
2024-07-04 00:30:00,0,1006.6,93.9,0.0,24.5,4.7,0.0,0.0,100.0
2024-07-04 00:45:00,0,1006.6,93.6,0.0,24.5,4.7,0.0,0.0,100.0
2024-07-04 01:00:00,0,1006.6,93.3,0.0,24.4,4.7,0.0,0.0,100.0
2024-07-04 01:15:00,0,1006.6,93.1,0.0,24.3,4.7,0.0,0.0,100.0
2024-07-04 01:30:00,0,1006.6,92.9,0.0,24.3,4.6,0.0,0.0,100.0
2024-07-04 01:45:00,0,1006.6,92.7,0.0,24.2,4.6,0.0,0.0,100.0
2024-07-04 02:00:00,0,1006.6,92.7,0.0,24.2,4.6,0.0,0.0,100.0
2024-07-04 02:15:00,0,1006.6,92.8,0.0,24.1,4.6,0.0,0.0,100.0
2024-07-04 02:30:00,0,1006.6,93.0,0.0,24.1,4.5,0.0,0.0,100.0
2024-07-04 02:45:00,0,1006.6,93.3,0.0,24.1,4.5,0.0,0.0,100.0
2024-07-04 03:00:00,0,1006.6,93.7,0.0,24.0,4.5,0.0,0.0,100.0
2024-07-04 03:15:00,0,1006.6,94.1,0.0,24.0,4.5,0.0,0.0,100.0
2024-07-04 03:30:00,0,1006.6,94.4,0.0,24.0,4.5,0.0,0.0,100.0
2024-07-04 03:45:00,0,1006.6,94.6,0.0,24.0,4.5,0.0,0.0,100.0
2024-07-04 04:00:00,0,1006.6,94.8,0.0,24.0,4.5,0.0,0.0,100.0
2024-07-04 04:15:00,0,1006.6,95.0,0.0,24.0,4.4,0.0,0.0,100.0
2024-07-04 04:30:00,0,1006.6,95.1,0.0,24.0,4.4,0.0,0.0,100.0
2024-07-04 04:45:00,0,1006.6,95.2,0.0,24.0,4.5,0.0,0.0,100.0
2024-07-04 05:00:00,0,1006.6,95.1,0.0,24.0,4.5,0.0,0.0,100.0
2024-07-04 05:15:00,3,1006.6,95.1,0.0,24.0,4.6,0.0,2.65,100.0
2024-07-04 05:30:00,6,1006.6,95.1,0.0,24.1,4.6,2.0,3.27,100.0
2024-07-04 05:45:00,10,1006.6,95.2,0.0,24.1,4.6,8.0,4.3,100.0
2024-07-04 06:00:00,15,1006.6,95.0,0.0,24.1,4.7,18.0,5.63,100.0
2024-07-04 06:15:00,21,1006.6,94.9,0.0,24.2,4.7,4.0,4.09,100.0
2024-07-04 06:30:00,26,1006.6,94.8,0.0,24.2,4.7,33.0,7.61,100.0
2024-07-04 06:45:00,32,1006.6,94.8,0.2,24.3,4.7,20.0,4.33,100.0
2024-07-04 07:00:00,36,1006.6,94.6,0.1,24.3,4.7,12.0,3.83,100.0
2024-07-04 07:15:00,39,1006.6,94.8,0.1,24.4,4.7,6.0,3.26,100.0
2024-07-04 07:30:00,40,1006.6,94.9,0.1,24.4,4.7,7.0,3.05,100.0
2024-07-04 07:45:00,40,1006.6,95.0,0.1,24.5,4.7,8.0,3.12,100.0
2024-07-04 08:00:00,39,1006.6,94.7,0.3,24.6,4.6,11.0,3.87,100.0
2024-07-04 08:15:00,38,1006.6,95.1,0.3,24.5,4.6,21.0,4.01,100.0
2024-07-04 08:30:00,36,1006.6,94.9,0.1,24.4,4.6,21.0,5.11,100.0
2024-07-04 08:45:00,35,1006.6,94.7,0.2,24.4,4.6,17.0,4.15,100.0
2024-07-04 09:00:00,36,1006.6,94.4,0.2,24.4,4.6,14.0,3.66,100.0
2024-07-04 09:15:00,39,1006.6,93.2,0.0,24.4,4.6,14.0,4.29,100.0
2024-07-04 09:30:00,46,1006.6,92.3,0.1,24.3,4.6,17.0,4.33,100.0
2024-07-04 09:45:00,57,1006.6,90.7,0.1,24.2,4.6,13.0,3.35,100.0
2024-07-04 10:00:00,74,1006.6,89.8,0.2,24.3,4.5,26.0,4.37,100.0
2024-07-04 10:15:00,96,1006.6,87.8,0.2,24.2,4.5,25.0,5.08,100.0
2024-07-04 10:30:00,122,1006.6,88.2,0.2,23.9,4.4,16.0,4.44,100.0
2024-07-04 10:45:00,151,1006.6,89.5,0.2,23.7,4.3,78.0,10.61,100.0
2024-07-04 11:00:00,183,1006.6,88.3,0.1,23.8,4.1,52.0,7.8,100.0
2024-07-04 11:15:00,215,1006.6,88.1,0.2,23.8,4.0,41.0,7.52,100.0
2024-07-04 11:30:00,247,1006.6,87.7,0.2,23.8,3.9,38.0,5.58,100.0
2024-07-04 11:45:00,278,1006.6,88.5,0.2,23.8,3.8,43.0,7.57,100.0
2024-07-04 12:00:00,305,1006.6,88.4,0.2,23.9,3.7,38.0,5.74,100.0
2024-07-04 12:15:00,328,1006.6,87.3,0.1,24.1,3.6,22.0,7.46,100.0
2024-07-04 12:30:00,346,1006.6,84.2,0.0,24.2,3.5,59.0,12.18,100.0
2024-07-04 12:45:00,356,1006.6,84.0,0.0,24.2,3.4,122.0,19.49,100.0
2024-07-04 13:00:00,362,1006.6,84.4,0.0,24.2,3.3,241.0,45.68,100.0
2024-07-04 13:15:00,362,1006.6,84.7,0.0,24.3,3.3,189.0,24.49,100.0
2024-07-04 13:30:00,359,1006.6,84.3,0.0,24.4,3.3,97.0,30.4,100.0
2024-07-04 13:45:00,352,1006.6,84.0,0.0,24.5,3.3,289.0,28.54,100.0
2024-07-04 14:00:00,343,1006.6,83.6,0.0,24.7,3.3,286.0,36.52,100.0
2024-07-04 14:15:00,332,1006.6,82.6,0.0,24.9,3.3,174.0,20.24,100.0
2024-07-04 14:30:00,319,1006.6,81.7,0.0,25.1,3.2,160.0,15.57,100.0
2024-07-04 14:45:00,305,1006.6,81.7,0.2,25.0,3.2,212.0,21.41,100.0
2024-07-04 15:00:00,290,1006.6,82.1,0.0,25.0,3.1,101.0,21.34,100.0
2024-07-04 15:15:00,276,1006.6,82.6,0.0,25.0,3.0,127.0,15.43,100.0
2024-07-04 15:30:00,262,1006.6,83.0,0.0,25.0,3.0,55.0,9.47,100.0
2024-07-04 15:45:00,249,1006.6,83.2,0.0,25.0,3.0,19.0,4.04,100.0
2024-07-04 16:00:00,235,1006.6,83.6,0.0,25.0,2.9,71.0,35.25,100.0
2024-07-04 16:15:00,220,1006.6,84.2,0.0,25.0,2.9,192.0,45.4,100.0
2024-07-04 16:30:00,205,1006.6,84.6,0.0,24.9,2.9,168.0,29.34,100.0
2024-07-04 16:45:00,189,1006.6,84.9,0.0,24.9,2.9,196.0,43.14,100.0
2024-07-04 17:00:00,173,1006.6,85.0,0.0,24.9,2.8,266.0,25.84,100.0
2024-07-04 17:15:00,157,1006.6,85.1,0.0,24.8,2.8,258.0,30.88,100.0
2024-07-04 17:30:00,140,1006.6,85.2,0.0,24.8,2.8,254.0,22.43,100.0
2024-07-04 17:45:00,122,1006.6,85.3,0.0,24.8,2.7,235.0,16.1,100.0
2024-07-04 18:00:00,104,1006.6,85.5,0.0,24.7,2.7,93.0,8.27,100.0
2024-07-04 18:15:00,86,1006.6,85.9,0.0,24.7,2.7,49.0,8.29,100.0
2024-07-04 18:30:00,68,1006.6,86.5,0.0,24.7,2.6,126.0,11.76,100.0
2024-07-04 18:45:00,50,1006.6,87.0,0.0,24.6,2.6,63.0,8.3,100.0
2024-07-04 19:00:00,32,1006.6,87.8,0.0,24.5,2.6,36.0,5.87,100.0
2024-07-04 19:15:00,14,1006.6,88.7,0.0,24.5,2.6,0.0,0.0,100.0
2024-07-04 19:30:00,0,1006.6,89.1,0.0,24.4,2.6,0.0,0.0,100.0
2024-07-04 19:45:00,0,1006.6,89.4,0.0,24.3,2.6,0.0,0.0,100.0
2024-07-04 20:00:00,0,1006.6,89.9,0.0,24.3,2.6,0.0,0.0,100.0
2024-07-04 20:15:00,0,1006.6,90.3,0.0,24.2,2.5,0.0,0.0,100.0
2024-07-04 20:30:00,0,1006.6,90.5,0.0,24.2,2.6,0.0,0.0,100.0
2024-07-04 20:45:00,0,1006.6,90.8,0.0,24.1,2.6,0.0,0.0,100.0
2024-07-04 21:00:00,0,1006.6,91.3,0.0,24.0,2.6,0.0,0.0,100.0
2024-07-04 21:15:00,0,1006.6,91.9,0.0,23.9,2.6,0.0,0.0,100.0
2024-07-04 21:30:00,0,1006.6,92.4,0.0,23.8,2.7,0.0,0.0,100.0
2024-07-04 21:45:00,0,1006.6,92.9,0.0,23.7,2.7,0.0,0.0,100.0
2024-07-04 22:00:00,0,1006.6,93.4,0.0,23.6,2.8,0.0,0.0,100.0
2024-07-04 22:15:00,0,1006.6,94.1,0.0,23.5,2.8,0.0,0.0,100.0
2024-07-04 22:30:00,0,1006.6,94.9,0.0,23.5,2.9,0.0,0.0,100.0
2024-07-04 22:45:00,0,1006.6,95.6,0.0,23.4,2.9,0.0,0.0,100.0
2024-07-04 23:00:00,0,1006.6,96.2,0.0,23.4,3.0,0.0,0.0,100.0
2024-07-04 23:15:00,0,1006.6,96.8,0.0,23.3,3.0,0.0,0.0,100.0
2024-07-04 23:30:00,0,1006.6,97.1,0.0,23.2,3.1,0.0,0.0,100.0
2024-07-04 23:45:00,0,1006.6,97.3,0.0,23.2,3.2,0.0,0.0,100.0
2024-07-05 00:00:00,0,1006.6,94.7,0.0,23.4,3.1,0.0,0.0,100.0
2024-07-05 00:15:00,0,1006.6,95.3,0.0,23.4,3.2,0.0,0.0,100.0
2024-07-05 00:30:00,0,1006.5,95.9,0.0,23.3,3.2,0.0,0.0,100.0
2024-07-05 00:45:00,0,1006.5,96.2,0.0,23.2,3.3,0.0,0.0,100.0
2024-07-05 01:00:00,0,1006.5,96.4,0.0,23.2,3.3,0.0,0.0,100.0
2024-07-05 01:15:00,0,1006.5,96.5,0.0,23.2,3.4,0.0,0.0,100.0
2024-07-05 01:30:00,0,1006.5,96.6,0.0,23.2,3.4,0.0,0.0,100.0
2024-07-05 01:45:00,0,1006.5,96.7,0.0,23.1,3.5,0.0,0.0,100.0
2024-07-05 02:00:00,0,1006.5,96.8,0.0,23.1,3.5,0.0,0.0,100.0
2024-07-05 02:15:00,0,1006.5,97.0,0.0,23.1,3.6,0.0,0.0,100.0
2024-07-05 02:30:00,0,1006.5,97.1,0.0,23.1,3.6,0.0,0.0,100.0
2024-07-05 02:45:00,0,1006.5,97.3,0.0,23.0,3.6,0.0,0.0,100.0
2024-07-05 03:00:00,0,1006.5,97.5,0.0,23.0,3.7,0.0,0.0,100.0
2024-07-05 03:15:00,0,1006.5,97.8,0.0,23.0,3.7,0.0,0.0,100.0
2024-07-05 03:30:00,0,1006.5,98.1,0.0,23.0,3.7,0.0,0.0,100.0
2024-07-05 03:45:00,0,1006.5,98.5,0.0,22.9,3.8,0.0,0.0,100.0
2024-07-05 04:00:00,0,1006.5,98.6,0.0,22.9,3.8,0.0,0.0,100.0
2024-07-05 04:15:00,0,1006.5,98.7,0.0,22.9,3.8,0.0,0.0,100.0
2024-07-05 04:30:00,0,1006.5,98.9,0.0,22.9,3.9,0.0,0.0,100.0
2024-07-05 04:45:00,0,1006.5,99.1,0.0,22.9,3.9,0.0,0.0,100.0
2024-07-05 05:00:00,3,1006.5,99.3,0.0,22.9,3.9,0.0,0.0,100.0
2024-07-05 05:15:00,30,1006.5,99.4,0.0,22.9,3.9,23.0,4.9,100.0
2024-07-05 05:30:00,59,1006.5,99.5,0.0,22.9,4.0,48.0,7.02,100.0
2024-07-05 05:45:00,88,1006.5,99.5,0.0,23.0,4.0,85.0,10.31,100.0
2024-07-05 06:00:00,118,1006.5,99.5,0.0,23.0,4.0,118.0,13.22,100.0
2024-07-05 06:15:00,148,1006.5,99.4,0.0,23.1,4.0,126.0,13.8,100.0
2024-07-05 06:30:00,178,1006.5,99.3,0.0,23.1,4.1,161.0,18.09,100.0
2024-07-05 06:45:00,209,1006.5,99.2,0.0,23.2,4.1,241.0,28.04,100.0
2024-07-05 07:00:00,240,1006.6,98.8,0.0,23.3,4.1,342.0,36.25,100.0
2024-07-05 07:15:00,271,1006.6,97.8,0.0,23.6,4.1,356.0,38.34,100.0
2024-07-05 07:30:00,302,1006.6,96.2,0.0,23.9,4.0,182.0,19.38,100.0
2024-07-05 07:45:00,333,1006.6,95.2,0.0,24.1,4.0,321.0,31.15,100.0
2024-07-05 08:00:00,364,1006.6,94.2,0.0,24.5,4.0,612.0,55.23,100.0
2024-07-05 08:15:00,395,1006.6,91.9,0.0,24.9,4.0,358.0,35.88,100.0
2024-07-05 08:30:00,426,1006.6,89.3,0.0,25.3,4.0,247.0,31.14,100.0
2024-07-05 08:45:00,457,1006.6,86.9,0.0,25.7,4.0,508.0,56.08,100.0
2024-07-05 09:00:00,487,1006.6,84.2,0.0,26.1,4.0,459.0,64.19,100.0
2024-07-05 09:15:00,517,1006.6,82.4,0.0,26.3,4.0,726.0,53.82,100.0
2024-07-05 09:30:00,547,1006.6,81.1,0.0,26.6,4.0,473.0,61.92,100.0
2024-07-05 09:45:00,576,1006.6,79.9,0.0,26.8,4.0,989.0,70.92,100.0
2024-07-05 10:00:00,607,1006.6,78.6,0.0,27.0,4.0,921.0,80.23,100.0
2024-07-05 10:15:00,640,1006.6,76.8,0.0,27.3,4.0,916.0,89.07,100.0
2024-07-05 10:30:00,673,1006.6,75.7,0.0,27.4,4.0,943.0,88.82,100.0
2024-07-05 10:45:00,706,1006.6,74.7,0.0,27.6,4.0,889.0,89.36,100.0
2024-07-05 11:00:00,737,1006.6,73.4,0.0,27.7,4.0,888.0,89.36,100.0
2024-07-05 11:15:00,766,1006.6,73.0,0.0,27.8,4.0,983.0,89.4,100.0
2024-07-05 11:30:00,791,1006.6,72.8,0.0,27.8,4.0,991.0,89.38,100.0
2024-07-05 11:45:00,812,1006.6,72.1,0.0,28.0,4.0,987.0,88.84,100.0
2024-07-05 12:00:00,827,1006.6,71.1,0.0,28.2,4.0,978.0,84.53,100.0
2024-07-05 12:15:00,835,1006.6,70.3,0.0,28.3,4.0,1005.0,88.82,100.0
2024-07-05 12:30:00,835,1006.6,69.6,0.0,28.4,4.0,367.0,46.9,100.0
2024-07-05 12:45:00,827,1006.6,69.1,0.0,28.5,4.0,666.0,88.09,100.0
2024-07-05 13:00:00,812,1006.6,68.5,0.0,28.6,4.1,471.0,50.85,100.0
2024-07-05 13:15:00,791,1006.6,68.4,0.0,28.7,4.1,1130.0,83.25,100.0
2024-07-05 13:30:00,765,1006.6,68.9,0.0,28.8,4.1,583.0,70.39,100.0
2024-07-05 13:45:00,733,1006.6,68.8,0.0,28.8,4.2,795.0,83.98,100.0
2024-07-05 14:00:00,698,1006.6,68.0,0.0,29.0,4.2,350.0,42.99,100.0
2024-07-05 14:15:00,659,1006.6,67.7,0.0,29.0,4.3,475.0,66.35,100.0
2024-07-05 14:30:00,618,1006.6,67.3,0.0,28.9,4.4,575.0,66.98,100.0
2024-07-05 14:45:00,574,1006.6,67.0,0.0,29.0,4.4,386.0,50.69,100.0
2024-07-05 15:00:00,529,1006.6,67.6,0.0,28.9,4.5,323.0,35.56,100.0
2024-07-05 15:15:00,483,1006.6,68.0,0.0,28.9,4.6,278.0,35.54,100.0
2024-07-05 15:30:00,438,1006.6,68.5,0.0,29.0,4.6,305.0,41.68,100.0
2024-07-05 15:45:00,392,1006.6,68.6,0.0,29.0,4.7,265.0,31.5,100.0
2024-07-05 16:00:00,344,1006.6,68.6,0.0,29.0,4.7,192.0,24.1,100.0
2024-07-05 16:15:00,296,1006.6,69.4,0.0,29.0,4.8,130.0,16.89,100.0
2024-07-05 16:30:00,248,1006.6,70.9,0.0,28.8,4.8,95.0,13.14,100.0
2024-07-05 16:45:00,203,1006.6,72.6,0.0,28.6,4.9,29.0,4.99,100.0
2024-07-05 17:00:00,161,1006.6,74.8,0.0,28.3,4.9,4.0,2.68,100.0
2024-07-05 17:15:00,124,1006.6,76.6,0.0,28.0,5.0,3.0,2.5,100.0
2024-07-05 17:30:00,92,1006.6,79.1,0.0,27.6,5.0,1.0,2.71,100.0
2024-07-05 17:45:00,65,1006.6,81.1,0.0,27.3,5.0,5.0,2.95,100.0
2024-07-05 18:00:00,43,1006.6,80.1,0.0,27.1,5.0,3.0,2.72,100.0
2024-07-05 18:15:00,28,1006.6,81.1,0.1,26.9,5.1,4.0,3.11,100.0
2024-07-05 18:30:00,16,1006.6,82.8,0.1,26.7,5.1,1.0,2.49,100.0
2024-07-05 18:45:00,9,1006.6,85.1,0.2,26.4,5.1,1.0,2.34,100.0
2024-07-05 19:00:00,5,1006.6,87.6,0.2,26.1,5.1,1.0,2.33,100.0
2024-07-05 19:15:00,2,1006.6,87.3,0.2,25.7,5.1,0.0,0.0,100.0
2024-07-05 19:30:00,0,1006.6,86.2,0.2,25.7,5.2,0.0,0.0,100.0
2024-07-05 19:45:00,0,1006.6,87.4,0.3,25.7,5.2,0.0,0.0,100.0
2024-07-05 20:00:00,0,1006.6,91.0,0.2,25.5,5.3,0.0,0.0,100.0
2024-07-05 20:15:00,0,1006.5,91.5,0.3,25.5,5.4,0.0,0.0,100.0
2024-07-05 20:30:00,0,1006.5,90.7,0.3,25.5,5.5,0.0,0.0,100.0
2024-07-05 20:45:00,0,1006.5,91.0,0.3,25.4,5.6,0.0,0.0,100.0
2024-07-05 21:00:00,0,1006.5,91.0,0.3,25.4,5.7,0.0,0.0,100.0
2024-07-05 21:15:00,0,1006.5,90.4,0.3,25.5,5.9,0.0,0.0,100.0
2024-07-05 21:30:00,0,1006.5,91.4,0.4,25.4,6.0,0.0,0.0,100.0
2024-07-05 21:45:00,0,1006.5,90.7,0.4,25.4,6.2,0.0,0.0,100.0
2024-07-05 22:00:00,0,1006.5,92.4,0.2,25.3,6.3,0.0,0.0,100.0
2024-07-05 22:15:00,0,1006.5,94.0,0.2,25.3,6.4,0.0,0.0,100.0
2024-07-05 22:30:00,0,1006.5,93.2,0.1,25.4,6.6,0.0,0.0,100.0
2024-07-05 22:45:00,0,1006.5,92.5,0.0,25.6,6.7,0.0,0.0,100.0
2024-07-05 23:00:00,0,1006.5,91.9,0.0,25.7,6.9,0.0,0.0,100.0
2024-07-05 23:15:00,0,1006.5,92.4,0.0,25.7,7.0,0.0,0.0,100.0
2024-07-05 23:30:00,0,1006.5,92.7,0.0,25.7,7.2,0.0,0.0,100.0
2024-07-05 23:45:00,0,1006.5,93.1,0.0,25.7,7.4,0.0,0.0,100.0
2024-07-06 00:00:00,0,1006.5,97.7,0.1,23.5,8.0,0.0,0.0,100.0
2024-07-06 00:15:00,0,1006.5,97.7,0.2,23.6,8.0,0.0,0.0,100.0
2024-07-06 00:30:00,0,1006.5,97.4,0.2,23.5,7.9,0.0,0.0,100.0
2024-07-06 00:45:00,0,1006.5,97.6,0.5,23.6,7.8,0.0,0.0,100.0
2024-07-06 01:00:00,0,1006.5,97.9,0.2,23.6,7.8,0.0,0.0,100.0
2024-07-06 01:15:00,0,1006.5,98.7,0.3,23.6,7.9,0.0,0.0,100.0
2024-07-06 01:30:00,0,1006.5,98.7,0.2,23.7,7.9,0.0,0.0,100.0
2024-07-06 01:45:00,0,1006.5,98.3,0.2,23.7,8.0,0.0,0.0,100.0
2024-07-06 02:00:00,0,1006.5,97.2,0.0,23.9,8.0,0.0,0.0,100.0
2024-07-06 02:15:00,0,1006.5,96.0,0.0,24.0,8.0,0.0,0.0,100.0
2024-07-06 02:30:00,0,1006.5,95.9,0.0,24.2,8.1,0.0,0.0,100.0
2024-07-06 02:45:00,0,1006.5,97.0,0.2,24.3,8.1,0.0,0.0,100.0
2024-07-06 03:00:00,0,1006.5,96.1,0.2,24.4,8.1,0.0,0.0,100.0
2024-07-06 03:15:00,0,1006.5,96.2,0.2,24.5,8.1,0.0,0.0,100.0
2024-07-06 03:30:00,0,1006.5,96.1,0.2,24.6,8.1,0.0,0.0,100.0
2024-07-06 03:45:00,0,1006.5,96.3,0.1,24.6,8.1,0.0,0.0,100.0
2024-07-06 04:00:00,0,1006.5,96.8,0.0,24.7,8.1,0.0,0.0,100.0
2024-07-06 04:15:00,0,1006.5,96.8,0.0,24.7,8.1,0.0,0.0,100.0
2024-07-06 04:30:00,0,1006.5,96.6,0.1,24.7,8.1,0.0,0.0,100.0
2024-07-06 04:45:00,0,1006.5,95.8,0.2,24.6,8.1,0.0,0.0,100.0
2024-07-06 05:00:00,1,1006.5,94.3,0.1,24.3,8.1,0.0,0.0,100.0
2024-07-06 05:15:00,16,1006.5,94.4,0.0,24.2,8.0,1.0,2.57,100.0
2024-07-06 05:30:00,31,1006.5,94.1,0.0,24.0,8.0,11.0,3.16,100.0
2024-07-06 05:45:00,47,1006.5,93.9,0.0,23.9,8.0,18.0,3.9,100.0
2024-07-06 06:00:00,64,1006.5,93.7,0.0,23.8,8.0,15.0,3.96,100.0
2024-07-06 06:15:00,82,1006.5,92.8,0.1,23.7,8.0,22.0,4.74,100.0
2024-07-06 06:30:00,103,1006.5,92.4,0.0,23.7,8.0,7.0,2.88,100.0
2024-07-06 06:45:00,126,1006.5,92.0,0.0,23.6,8.0,28.0,5.62,100.0
2024-07-06 07:00:00,154,1006.5,91.9,0.0,23.6,8.0,12.0,4.82,100.0
2024-07-06 07:15:00,187,1006.5,91.7,0.0,23.7,7.9,39.0,9.9,100.0
2024-07-06 07:30:00,225,1006.5,91.6,0.0,23.7,7.9,42.0,13.94,100.0
2024-07-06 07:45:00,268,1006.5,91.6,0.0,23.7,7.8,177.0,27.71,100.0
2024-07-06 08:00:00,315,1006.5,91.1,0.0,23.8,7.7,152.0,23.44,100.0
2024-07-06 08:15:00,366,1006.5,90.1,0.0,23.9,7.6,174.0,22.1,100.0
2024-07-06 08:30:00,419,1006.5,89.0,0.0,24.1,7.4,142.0,24.91,100.0
2024-07-06 08:45:00,474,1006.5,88.1,0.0,24.3,7.3,827.0,51.02,100.0
2024-07-06 09:00:00,528,1006.5,87.4,0.0,24.5,7.1,251.0,53.08,100.0
2024-07-06 09:15:00,580,1006.5,86.9,0.0,24.6,6.9,230.0,35.59,100.0
2024-07-06 09:30:00,628,1006.5,87.0,0.0,24.6,6.7,281.0,45.16,100.0
2024-07-06 09:45:00,670,1006.5,87.3,0.0,24.7,6.5,494.0,56.94,100.0
2024-07-06 10:00:00,709,1006.5,87.5,0.0,24.6,6.3,442.0,73.48,100.0
2024-07-06 10:15:00,743,1006.5,88.0,0.0,24.6,6.1,1077.0,85.5,100.0
2024-07-06 10:30:00,773,1006.5,87.9,0.0,24.7,5.9,519.0,72.32,100.0
2024-07-06 10:45:00,798,1006.5,87.5,0.0,24.7,5.6,691.0,84.71,100.0
2024-07-06 11:00:00,820,1006.5,87.3,0.0,24.8,5.4,1006.0,91.47,100.0
2024-07-06 11:15:00,837,1006.5,87.4,0.0,24.7,5.2,1096.0,96.19,100.0
2024-07-06 11:30:00,849,1006.5,87.1,0.0,24.8,5.0,450.0,92.74,100.0
2024-07-06 11:45:00,858,1006.5,86.8,0.0,24.8,4.8,1004.0,98.24,100.0
2024-07-06 12:00:00,863,1006.5,86.3,0.0,24.8,4.6,556.0,97.6,100.0
2024-07-06 12:15:00,864,1006.5,85.7,0.0,24.9,4.3,999.0,98.97,100.0
2024-07-06 12:30:00,863,1006.5,84.8,0.0,24.9,4.1,995.0,98.87,100.0
2024-07-06 12:45:00,858,1006.5,83.7,0.0,25.0,3.9,994.0,98.88,100.0
2024-07-06 13:00:00,849,1006.5,82.7,0.0,25.1,3.7,993.0,98.98,100.0
2024-07-06 13:15:00,838,1006.5,82.2,0.0,25.1,3.5,987.0,98.95,100.0
2024-07-06 13:30:00,822,1006.5,81.9,0.0,25.2,3.3,973.0,98.82,100.0
2024-07-06 13:45:00,803,1006.5,81.0,0.0,25.3,3.1,948.0,98.62,100.0
2024-07-06 14:00:00,781,1006.5,80.0,0.0,25.4,2.9,909.0,98.3,100.0
2024-07-06 14:15:00,755,1006.5,78.7,0.0,25.5,2.8,862.0,97.16,100.0
2024-07-06 14:30:00,725,1006.5,77.0,0.0,25.7,2.6,822.0,94.9,100.0
2024-07-06 14:45:00,693,1006.5,74.8,0.0,25.9,2.6,782.0,90.17,100.0
2024-07-06 15:00:00,657,1006.5,72.0,0.0,26.1,2.5,742.0,85.43,100.0
2024-07-06 15:15:00,618,1006.6,69.9,0.0,26.4,2.5,709.0,80.07,100.0
2024-07-06 15:30:00,578,1006.6,68.3,0.0,26.6,2.5,668.0,74.54,100.0
2024-07-06 15:45:00,534,1006.6,66.7,0.0,26.8,2.5,630.0,68.98,100.0
2024-07-06 16:00:00,488,1006.6,65.2,0.0,27.0,2.5,585.0,63.37,100.0
2024-07-06 16:15:00,439,1006.6,64.3,0.0,27.2,2.4,549.0,56.36,100.0
2024-07-06 16:30:00,390,1006.6,63.5,0.0,27.4,2.4,508.0,50.82,100.0
2024-07-06 16:45:00,342,1006.6,62.9,0.0,27.6,2.5,449.0,45.36,100.0
2024-07-06 17:00:00,295,1006.6,62.7,0.0,27.7,2.5,398.0,37.24,100.0
2024-07-06 17:15:00,250,1006.6,63.3,0.0,27.8,2.5,269.0,29.84,100.0
2024-07-06 17:30:00,209,1006.6,64.3,0.0,27.8,2.5,269.0,24.18,100.0
2024-07-06 17:45:00,172,1006.6,65.0,0.0,27.8,2.6,193.0,14.43,100.0
2024-07-06 18:00:00,138,1006.6,66.1,0.0,27.7,2.7,190.0,14.4,100.0
2024-07-06 18:15:00,108,1006.6,67.7,0.0,27.5,2.7,78.0,8.9,100.0
2024-07-06 18:30:00,81,1006.6,69.5,0.0,27.4,2.8,103.0,9.37,100.0
2024-07-06 18:45:00,57,1006.6,71.1,0.0,27.3,2.8,53.0,7.04,100.0
2024-07-06 19:00:00,35,1006.6,72.3,0.0,27.1,2.9,26.0,5.31,100.0
2024-07-06 19:15:00,15,1006.6,73.4,0.0,27.0,2.9,0.0,0.0,100.0
2024-07-06 19:30:00,0,1006.6,74.5,0.0,26.8,3.0,0.0,0.0,100.0
2024-07-06 19:45:00,0,1006.6,76.0,0.0,26.7,3.1,0.0,0.0,100.0
2024-07-06 20:00:00,0,1006.6,77.7,0.0,26.5,3.1,0.0,0.0,100.0
2024-07-06 20:15:00,0,1006.6,78.9,0.0,26.3,3.2,0.0,0.0,100.0
2024-07-06 20:30:00,0,1006.6,79.9,0.0,26.1,3.3,0.0,0.0,100.0
2024-07-06 20:45:00,0,1006.6,80.7,0.0,25.9,3.3,0.0,0.0,100.0
2024-07-06 21:00:00,0,1006.6,82.1,0.0,25.8,3.3,0.0,0.0,100.0
2024-07-06 21:15:00,0,1006.6,83.8,0.0,25.7,3.4,0.0,0.0,100.0
2024-07-06 21:30:00,0,1006.6,85.1,0.0,25.5,3.4,0.0,0.0,100.0
2024-07-06 21:45:00,0,1006.6,85.9,0.0,25.4,3.4,0.0,0.0,100.0
2024-07-06 22:00:00,0,1006.6,86.4,0.0,25.3,3.5,0.0,0.0,100.0
2024-07-06 22:15:00,0,1006.6,86.6,0.0,25.3,3.5,0.0,0.0,100.0
2024-07-06 22:30:00,0,1006.6,86.4,0.0,25.3,3.5,0.0,0.0,100.0
2024-07-06 22:45:00,0,1006.6,86.7,0.0,25.2,3.6,0.0,0.0,100.0
2024-07-06 23:00:00,0,1006.6,87.3,0.0,25.1,3.6,0.0,0.0,100.0
2024-07-06 23:15:00,0,1006.6,87.6,0.0,25.1,3.6,0.0,0.0,100.0
2024-07-06 23:30:00,0,1006.6,88.0,0.0,25.0,3.6,0.0,0.0,100.0
2024-07-06 23:45:00,0,1006.6,88.6,0.0,25.0,3.6,0.0,0.0,100.0
2024-07-07 00:00:00,0,1006.6,92.5,0.0,25.4,3.8,0.0,0.0,100.0
2024-07-07 00:15:00,0,1006.6,93.0,0.0,25.4,3.8,0.0,0.0,100.0
2024-07-07 00:30:00,0,1006.6,93.7,0.0,25.4,3.8,0.0,0.0,100.0
2024-07-07 00:45:00,0,1006.6,94.3,0.0,25.3,3.8,0.0,0.0,100.0
2024-07-07 01:00:00,0,1006.6,94.7,0.0,25.3,3.8,0.0,0.0,100.0
2024-07-07 01:15:00,0,1006.6,95.1,0.0,25.2,3.8,0.0,0.0,100.0
2024-07-07 01:30:00,0,1006.6,95.7,0.0,25.2,3.8,0.0,0.0,100.0
2024-07-07 01:45:00,0,1006.6,96.4,0.0,25.1,3.8,0.0,0.0,100.0
2024-07-07 02:00:00,0,1006.6,97.0,0.0,25.0,3.8,0.0,0.0,100.0
2024-07-07 02:15:00,0,1006.6,97.4,0.0,25.0,3.8,0.0,0.0,100.0
2024-07-07 02:30:00,0,1006.6,97.8,0.0,24.9,3.8,0.0,0.0,100.0
2024-07-07 02:45:00,0,1006.6,98.2,0.0,24.9,3.8,0.0,0.0,100.0
2024-07-07 03:00:00,0,1006.6,98.5,0.0,24.8,3.8,0.0,0.0,100.0
2024-07-07 03:15:00,0,1006.6,98.8,0.0,24.7,3.7,0.0,0.0,100.0
2024-07-07 03:30:00,0,1006.6,98.9,0.0,24.7,3.7,0.0,0.0,100.0
2024-07-07 03:45:00,0,1006.6,98.9,0.0,24.7,3.7,0.0,0.0,100.0
2024-07-07 04:00:00,0,1006.6,98.8,0.0,24.7,3.7,0.0,0.0,100.0
2024-07-07 04:15:00,0,1006.6,98.8,0.0,24.7,3.6,0.0,0.0,100.0
2024-07-07 04:30:00,0,1006.6,98.7,0.0,24.7,3.6,0.0,0.0,100.0
2024-07-07 04:45:00,0,1006.6,98.7,0.0,24.7,3.6,0.0,0.0,100.0
2024-07-07 05:00:00,2,1006.6,98.6,0.0,24.8,3.5,0.0,0.0,100.0
2024-07-07 05:15:00,23,1006.6,98.5,0.0,24.8,3.5,23.0,4.82,100.0
2024-07-07 05:30:00,47,1006.6,98.4,0.0,24.8,3.5,31.0,5.59,100.0
2024-07-07 05:45:00,71,1006.6,98.4,0.0,24.8,3.4,109.0,11.54,100.0
2024-07-07 06:00:00,96,1006.6,98.4,0.0,24.9,3.4,131.0,12.21,100.0
2024-07-07 06:15:00,121,1006.6,98.2,0.0,25.0,3.4,99.0,16.07,100.0
2024-07-07 06:30:00,146,1006.6,97.9,0.0,25.2,3.4,117.0,14.56,100.0
2024-07-07 06:45:00,172,1006.6,97.3,0.0,25.4,3.3,119.0,14.89,100.0
2024-07-07 07:00:00,198,1006.6,96.6,0.0,25.6,3.3,163.0,20.2,100.0
2024-07-07 07:15:00,225,1006.6,95.8,0.0,25.8,3.2,224.0,22.86,100.0
2024-07-07 07:30:00,252,1006.6,95.1,0.0,26.0,3.2,232.0,26.55,100.0
2024-07-07 07:45:00,279,1006.6,94.4,0.0,26.2,3.1,257.0,30.34,100.0
2024-07-07 08:00:00,307,1006.6,93.5,0.0,26.5,3.1,277.0,30.31,100.0
2024-07-07 08:15:00,334,1006.6,91.9,0.0,26.8,3.1,265.0,35.72,100.0
2024-07-07 08:30:00,362,1006.6,89.9,0.0,27.1,3.1,371.0,43.84,100.0
2024-07-07 08:45:00,390,1006.6,88.5,0.0,27.3,3.1,449.0,42.66,100.0
2024-07-07 09:00:00,417,1006.6,87.3,0.0,27.6,3.2,458.0,60.02,100.0
2024-07-07 09:15:00,444,1006.6,86.0,0.0,27.8,3.2,451.0,61.78,100.0
2024-07-07 09:30:00,470,1006.6,84.7,0.0,28.1,3.2,422.0,49.28,100.0
2024-07-07 09:45:00,496,1006.6,83.3,0.0,28.3,3.2,535.0,56.23,100.0
2024-07-07 10:00:00,523,1006.6,81.8,0.0,28.6,3.2,377.0,44.91,100.0
2024-07-07 10:15:00,552,1006.6,80.8,0.0,28.8,3.1,546.0,51.68,100.0
2024-07-07 10:30:00,581,1006.6,80.0,0.0,28.8,3.1,385.0,44.71,100.0
2024-07-07 10:45:00,610,1006.6,78.9,0.0,28.8,3.2,500.0,74.11,100.0
2024-07-07 11:00:00,638,1006.6,78.0,0.0,28.9,3.2,584.0,61.68,100.0
2024-07-07 11:15:00,663,1006.6,78.0,0.0,28.7,3.2,360.0,44.5,100.0
2024-07-07 11:30:00,684,1006.6,78.2,0.0,28.5,3.2,414.0,50.88,100.0
2024-07-07 11:45:00,701,1006.6,77.8,0.0,28.4,3.3,395.0,48.58,100.0
2024-07-07 12:00:00,711,1006.6,78.2,0.0,28.4,3.3,375.0,51.18,100.0
2024-07-07 12:15:00,715,1006.6,78.6,0.0,28.5,3.4,335.0,42.81,100.0
2024-07-07 12:30:00,711,1006.6,78.1,0.0,28.6,3.4,453.0,61.35,100.0
2024-07-07 12:45:00,698,1006.6,77.1,0.0,28.8,3.5,447.0,44.03,100.0
2024-07-07 13:00:00,677,1006.6,75.6,0.0,29.0,3.6,235.0,29.63,100.0
2024-07-07 13:15:00,648,1006.6,74.0,0.0,29.1,3.7,227.0,34.52,100.0
2024-07-07 13:30:00,613,1006.6,73.4,0.0,29.2,3.8,428.0,56.5,100.0
2024-07-07 13:45:00,573,1006.6,72.8,0.0,29.2,3.9,620.0,86.2,100.0
2024-07-07 14:00:00,530,1006.6,72.1,0.0,29.2,3.9,656.0,84.51,100.0
2024-07-07 14:15:00,485,1006.6,71.1,0.0,29.3,4.0,879.0,73.16,100.0
2024-07-07 14:30:00,440,1006.6,70.0,0.0,29.3,4.1,284.0,30.77,100.0
2024-07-07 14:45:00,395,1006.6,71.1,0.0,29.5,4.1,258.0,33.3,100.0
2024-07-07 15:00:00,353,1006.6,73.8,0.0,29.2,4.1,285.0,57.56,100.0
2024-07-07 15:15:00,313,1006.6,73.6,0.0,29.1,4.1,244.0,28.11,100.0
2024-07-07 15:30:00,276,1006.6,75.1,0.0,28.9,4.1,322.0,40.59,100.0
2024-07-07 15:45:00,243,1006.6,77.8,0.0,28.7,4.1,255.0,34.79,100.0
2024-07-07 16:00:00,212,1006.6,80.7,0.0,28.5,4.2,209.0,22.63,100.0
2024-07-07 16:15:00,182,1006.6,81.8,0.0,28.3,4.2,174.0,23.78,100.0
2024-07-07 16:30:00,154,1006.6,82.1,0.0,28.2,4.2,78.0,10.48,100.0
2024-07-07 16:45:00,128,1006.6,83.0,0.0,28.0,4.2,50.0,7.21,100.0
2024-07-07 17:00:00,105,1006.6,82.8,0.0,27.8,4.2,62.0,7.86,100.0
2024-07-07 17:15:00,84,1006.6,83.6,0.0,27.6,4.2,50.0,8.28,100.0
2024-07-07 17:30:00,66,1006.6,85.1,0.0,27.4,4.2,49.0,8.28,100.0
2024-07-07 17:45:00,50,1006.6,85.4,0.0,27.2,4.2,63.0,10.13,100.0
2024-07-07 18:00:00,37,1006.6,85.5,0.0,27.1,4.2,91.0,12.29,100.0
2024-07-07 18:15:00,27,1006.6,86.6,0.0,26.9,4.2,95.0,11.38,100.0
2024-07-07 18:30:00,19,1006.6,87.1,0.0,26.8,4.2,86.0,10.53,100.0
2024-07-07 18:45:00,12,1006.6,87.1,0.0,26.6,4.2,37.0,5.98,100.0
2024-07-07 19:00:00,7,1006.6,87.3,0.0,26.5,4.1,12.0,3.4,100.0
2024-07-07 19:15:00,3,1006.6,87.0,0.0,26.4,4.1,0.0,0.0,100.0
2024-07-07 19:30:00,0,1006.6,88.0,0.0,26.3,4.1,0.0,0.0,100.0
2024-07-07 19:45:00,0,1006.6,88.3,0.0,26.2,4.1,0.0,0.0,100.0
2024-07-07 20:00:00,0,1006.6,88.5,0.0,26.1,4.1,0.0,0.0,100.0
2024-07-07 20:15:00,0,1006.6,89.5,0.0,26.0,4.1,0.0,0.0,100.0
2024-07-07 20:30:00,0,1006.6,90.3,0.0,25.9,4.1,0.0,0.0,100.0
2024-07-07 20:45:00,0,1006.6,90.5,0.0,25.9,4.1,0.0,0.0,100.0
2024-07-07 21:00:00,0,1006.6,91.0,0.0,25.8,4.1,0.0,0.0,100.0
2024-07-07 21:15:00,0,1006.6,91.6,0.0,25.8,4.2,0.0,0.0,100.0
2024-07-07 21:30:00,0,1006.6,90.6,0.0,25.7,4.3,0.0,0.0,100.0
2024-07-07 21:45:00,0,1006.6,88.6,0.0,25.6,4.3,0.0,0.0,100.0
2024-07-07 22:00:00,0,1006.6,88.2,0.0,25.5,4.3,0.0,0.0,100.0
2024-07-07 22:15:00,0,1006.6,86.6,0.0,25.3,4.3,0.0,0.0,100.0
2024-07-07 22:30:00,0,1006.6,85.6,0.0,25.1,4.3,0.0,0.0,100.0
2024-07-07 22:45:00,0,1006.6,86.5,0.0,24.8,4.4,0.0,0.0,100.0
2024-07-07 23:00:00,0,1006.6,87.5,0.0,24.7,4.4,0.0,0.0,100.0
2024-07-07 23:15:00,0,1006.5,87.3,0.0,24.6,4.4,0.0,0.0,100.0
2024-07-07 23:30:00,0,1006.5,87.6,0.0,24.5,4.4,0.0,0.0,100.0
2024-07-07 23:45:00,0,1006.5,87.7,0.0,24.4,4.3,0.0,0.0,100.0
2024-07-08 00:00:00,0,1006.5,94.7,0.0,24.5,3.5,0.0,0.0,100.0
2024-07-08 00:15:00,0,1006.5,94.5,0.0,24.4,3.4,0.0,0.0,100.0
2024-07-08 00:30:00,0,1006.5,94.6,0.0,24.4,3.3,0.0,0.0,100.0
2024-07-08 00:45:00,0,1006.5,94.7,0.0,24.3,3.3,0.0,0.0,100.0
2024-07-08 01:00:00,0,1006.5,94.5,0.0,24.3,3.2,0.0,0.0,100.0
2024-07-08 01:15:00,0,1006.5,94.5,0.0,24.3,3.1,0.0,0.0,100.0
2024-07-08 01:30:00,0,1006.5,94.4,0.0,24.3,3.1,0.0,0.0,100.0
2024-07-08 01:45:00,0,1006.5,94.6,0.0,24.3,3.0,0.0,0.0,100.0
2024-07-08 02:00:00,0,1006.5,94.8,0.0,24.3,2.9,0.0,0.0,100.0
2024-07-08 02:15:00,0,1006.5,94.7,0.0,24.3,2.8,0.0,0.0,100.0
2024-07-08 02:30:00,0,1006.5,94.8,0.0,24.3,2.8,0.0,0.0,100.0
2024-07-08 02:45:00,0,1006.5,95.3,0.0,24.2,2.7,0.0,0.0,100.0
2024-07-08 03:00:00,0,1006.5,95.9,0.0,24.1,2.6,0.0,0.0,100.0
2024-07-08 03:15:00,0,1006.5,96.5,0.0,24.0,2.6,0.0,0.0,100.0
2024-07-08 03:30:00,0,1006.5,96.9,0.0,23.9,2.5,0.0,0.0,100.0
2024-07-08 03:45:00,0,1006.5,97.2,0.0,23.9,2.4,0.0,0.0,100.0
2024-07-08 04:00:00,0,1006.5,97.4,0.0,23.8,2.4,0.0,0.0,100.0
2024-07-08 04:15:00,0,1006.5,97.3,0.0,23.7,2.4,0.0,0.0,100.0
2024-07-08 04:30:00,0,1006.5,97.2,0.0,23.7,2.5,0.0,0.0,100.0
2024-07-08 04:45:00,0,1006.5,97.3,0.0,23.8,2.4,0.0,0.0,100.0
2024-07-08 05:00:00,1,1006.5,97.4,0.0,23.7,2.4,0.0,0.0,100.0
2024-07-08 05:15:00,9,1006.5,97.5,0.0,23.7,2.4,4.0,3.12,100.0
2024-07-08 05:30:00,18,1006.5,97.5,0.0,23.7,2.3,16.0,4.18,100.0
2024-07-08 05:45:00,27,1006.5,97.3,0.0,23.7,2.3,26.0,5.21,100.0
2024-07-08 06:00:00,37,1006.5,97.0,0.0,23.8,2.3,42.0,8.19,100.0
2024-07-08 06:15:00,49,1006.5,96.7,0.0,23.9,2.2,64.0,10.0,100.0
2024-07-08 06:30:00,63,1006.5,96.4,0.0,24.1,2.2,59.0,9.57,100.0
2024-07-08 06:45:00,81,1006.5,95.8,0.0,24.3,2.1,89.0,15.02,100.0
2024-07-08 07:00:00,104,1006.5,94.7,0.0,24.5,2.1,272.0,34.82,100.0
2024-07-08 07:15:00,132,1006.5,94.3,0.0,24.6,2.1,280.0,33.46,100.0
2024-07-08 07:30:00,167,1006.6,93.8,0.0,24.8,2.1,285.0,39.47,100.0
2024-07-08 07:45:00,207,1006.6,93.3,0.0,25.0,2.2,251.0,29.18,100.0
2024-07-08 08:00:00,253,1006.6,92.4,0.0,25.2,2.2,253.0,32.95,100.0
2024-07-08 08:15:00,303,1006.6,91.0,0.0,25.4,2.2,423.0,46.82,100.0
2024-07-08 08:30:00,355,1006.6,89.8,0.0,25.7,2.2,591.0,66.2,100.0
2024-07-08 08:45:00,410,1006.6,89.0,0.0,25.9,2.3,527.0,64.88,100.0
2024-07-08 09:00:00,463,1006.6,88.1,0.0,26.1,2.3,682.0,79.39,100.0
2024-07-08 09:15:00,514,1006.6,87.6,0.0,26.2,2.5,523.0,56.18,100.0
2024-07-08 09:30:00,560,1006.6,87.1,0.0,26.3,2.6,416.0,50.87,100.0
2024-07-08 09:45:00,599,1006.6,86.5,0.0,26.5,2.7,440.0,58.37,100.0
2024-07-08 10:00:00,633,1006.6,85.9,0.0,26.6,2.7,657.0,75.98,100.0
2024-07-08 10:15:00,661,1006.6,85.6,0.0,26.6,2.8,660.0,73.82,100.0
2024-07-08 10:30:00,683,1006.6,85.2,0.0,26.7,2.9,1014.0,65.66,100.0
2024-07-08 10:45:00,701,1006.6,84.8,0.0,26.7,3.1,930.0,84.52,100.0
2024-07-08 11:00:00,713,1006.6,84.6,0.0,26.7,3.2,857.0,62.74,100.0
2024-07-08 11:15:00,721,1006.6,84.6,0.0,26.7,3.3,959.0,87.42,100.0
2024-07-08 11:30:00,725,1006.6,84.8,0.0,26.7,3.5,871.0,98.92,100.0
2024-07-08 11:45:00,725,1006.6,84.3,0.0,26.7,3.6,808.0,97.12,100.0
2024-07-08 12:00:00,724,1006.6,83.1,0.0,26.8,3.7,942.0,99.02,100.0
2024-07-08 12:15:00,720,1006.6,82.8,0.0,26.8,3.9,858.0,98.71,100.0
2024-07-08 12:30:00,715,1006.6,83.1,0.0,26.9,4.1,756.0,92.98,100.0
2024-07-08 12:45:00,709,1006.6,84.5,0.0,26.7,4.2,1011.0,97.38,100.0
2024-07-08 13:00:00,701,1006.6,85.2,0.0,26.6,4.4,590.0,69.02,100.0
2024-07-08 13:15:00,691,1006.6,85.7,0.0,26.5,4.5,873.0,96.95,100.0
2024-07-08 13:30:00,678,1006.6,86.0,0.0,26.5,4.6,959.0,98.28,100.0
2024-07-08 13:45:00,663,1006.6,86.0,0.0,26.5,4.7,659.0,83.75,100.0
2024-07-08 14:00:00,645,1006.6,86.1,0.0,26.5,4.8,439.0,53.4,100.0
2024-07-08 14:15:00,624,1006.6,86.3,0.0,26.5,4.9,628.0,61.26,100.0
2024-07-08 14:30:00,601,1006.6,86.5,0.0,26.5,5.0,700.0,76.15,100.0
2024-07-08 14:45:00,576,1006.6,86.4,0.0,26.4,5.1,497.0,65.53,100.0
2024-07-08 15:00:00,548,1006.6,86.1,0.0,26.4,5.1,443.0,62.1,100.0
2024-07-08 15:15:00,517,1006.6,86.1,0.0,26.4,5.1,586.0,72.46,100.0
2024-07-08 15:30:00,485,1006.6,85.3,0.0,26.4,5.2,797.0,86.4,100.0
2024-07-08 15:45:00,450,1006.6,84.2,0.0,26.3,5.2,507.0,64.95,100.0
2024-07-08 16:00:00,413,1006.6,82.8,0.0,26.4,5.1,386.0,50.07,100.0
2024-07-08 16:15:00,375,1006.6,81.5,0.0,26.5,5.1,538.0,64.43,100.0
2024-07-08 16:30:00,335,1006.6,81.2,0.0,26.5,5.0,461.0,49.67,100.0
2024-07-08 16:45:00,296,1006.6,81.5,0.0,26.5,4.9,443.0,45.09,100.0
2024-07-08 17:00:00,258,1006.6,81.5,0.0,26.5,4.9,333.0,36.36,100.0
2024-07-08 17:15:00,222,1006.6,81.9,0.0,26.4,4.8,274.0,30.36,100.0
2024-07-08 17:30:00,188,1006.6,82.8,0.0,26.4,4.7,295.0,28.62,100.0
2024-07-08 17:45:00,156,1006.6,83.5,0.0,26.3,4.6,213.0,16.8,100.0
2024-07-08 18:00:00,127,1006.6,83.7,0.0,26.3,4.5,197.0,17.61,100.0
2024-07-08 18:15:00,100,1006.6,83.8,0.0,26.2,4.4,33.0,5.14,100.0
2024-07-08 18:30:00,76,1006.6,84.3,0.0,26.2,4.3,38.0,6.12,100.0
2024-07-08 18:45:00,54,1006.6,85.2,0.0,26.1,4.2,23.0,4.84,100.0
2024-07-08 19:00:00,33,1006.6,86.7,0.0,26.0,4.1,8.0,3.39,100.0
2024-07-08 19:15:00,14,1006.6,88.0,0.2,25.9,4.0,0.0,0.0,100.0
2024-07-08 19:30:00,0,1006.6,88.4,0.2,25.8,3.9,0.0,0.0,100.0
2024-07-08 19:45:00,0,1006.6,88.5,0.2,25.7,3.8,0.0,0.0,100.0
2024-07-08 20:00:00,0,1006.6,88.0,0.0,25.7,3.7,0.0,0.0,100.0
2024-07-08 20:15:00,0,1006.6,87.8,0.0,25.7,3.6,0.0,0.0,100.0
2024-07-08 20:30:00,0,1006.6,88.3,0.0,25.7,3.5,0.0,0.0,100.0
2024-07-08 20:45:00,0,1006.6,89.0,0.1,25.6,3.5,0.0,0.0,100.0
2024-07-08 21:00:00,0,1006.6,89.3,0.0,25.6,3.4,0.0,0.0,100.0
2024-07-08 21:15:00,0,1006.6,89.5,0.0,25.5,3.3,0.0,0.0,100.0
2024-07-08 21:30:00,0,1006.6,88.4,0.0,25.5,3.2,0.0,0.0,100.0
2024-07-08 21:45:00,0,1006.6,88.1,0.0,25.4,3.2,0.0,0.0,100.0
2024-07-08 22:00:00,0,1006.6,89.1,0.0,25.3,3.1,0.0,0.0,100.0
2024-07-08 22:15:00,0,1006.6,90.1,0.0,25.2,3.1,0.0,0.0,100.0
2024-07-08 22:30:00,0,1006.6,91.2,0.0,25.1,3.1,0.0,0.0,100.0
2024-07-08 22:45:00,0,1006.6,92.2,0.0,25.0,3.1,0.0,0.0,100.0
2024-07-08 23:00:00,0,1006.6,92.1,0.0,24.9,3.2,0.0,0.0,100.0
2024-07-08 23:15:00,0,1006.6,92.1,0.0,25.0,3.2,0.0,0.0,100.0
2024-07-08 23:30:00,0,1006.6,92.8,0.0,24.9,3.2,0.0,0.0,100.0
2024-07-08 23:45:00,0,1006.6,93.4,0.0,24.8,3.3,0.0,0.0,100.0
2024-07-09 00:00:00,0,1006.6,92.4,0.0,25.2,3.3,0.0,0.0,100.0
2024-07-09 00:15:00,0,1006.6,92.7,0.0,25.1,3.3,0.0,0.0,100.0
2024-07-09 00:30:00,0,1006.6,92.9,0.0,25.1,3.3,0.0,0.0,100.0
2024-07-09 00:45:00,0,1006.6,93.0,0.0,25.1,3.4,0.0,0.0,100.0
2024-07-09 01:00:00,0,1006.6,92.8,0.0,25.1,3.4,0.0,0.0,100.0
2024-07-09 01:15:00,0,1006.6,93.0,0.0,25.0,3.5,0.0,0.0,100.0
2024-07-09 01:30:00,0,1006.6,93.0,0.0,25.0,3.5,0.0,0.0,100.0
2024-07-09 01:45:00,0,1006.6,92.8,0.0,25.0,3.6,0.0,0.0,100.0
2024-07-09 02:00:00,0,1006.6,92.9,0.0,25.0,3.7,0.0,0.0,100.0
2024-07-09 02:15:00,0,1006.6,92.8,0.0,24.9,3.8,0.0,0.0,100.0
2024-07-09 02:30:00,0,1006.6,92.5,0.0,24.9,3.8,0.0,0.0,100.0
2024-07-09 02:45:00,0,1006.6,92.5,0.0,24.9,3.9,0.0,0.0,100.0
2024-07-09 03:00:00,0,1006.6,92.4,0.0,24.8,4.0,0.0,0.0,100.0
2024-07-09 03:15:00,0,1006.6,92.0,0.0,24.7,4.0,0.0,0.0,100.0
2024-07-09 03:30:00,0,1006.6,91.8,0.0,24.7,4.1,0.0,0.0,100.0
2024-07-09 03:45:00,0,1006.6,91.7,0.0,24.7,4.2,0.0,0.0,100.0
2024-07-09 04:00:00,0,1006.5,91.8,0.0,24.6,4.3,0.0,0.0,100.0
2024-07-09 04:15:00,0,1006.6,91.6,0.0,24.6,4.3,0.0,0.0,100.0
2024-07-09 04:30:00,0,1006.6,91.2,0.0,24.6,4.4,0.0,0.0,100.0
2024-07-09 04:45:00,0,1006.6,91.0,0.0,24.5,4.5,0.0,0.0,100.0
2024-07-09 05:00:00,1,1006.5,91.2,0.0,24.5,4.5,0.0,0.0,100.0
2024-07-09 05:15:00,22,1006.5,91.5,0.0,24.4,4.6,12.0,3.81,100.0
2024-07-09 05:30:00,48,1006.5,91.5,0.0,24.4,4.7,19.0,4.65,100.0
2024-07-09 05:45:00,73,1006.6,91.5,0.0,24.4,4.8,33.0,6.19,100.0
2024-07-09 06:00:00,99,1006.6,91.3,0.0,24.5,4.9,41.0,7.02,100.0
2024-07-09 06:15:00,126,1006.6,90.9,0.0,24.6,5.0,78.0,10.58,100.0
2024-07-09 06:30:00,154,1006.6,90.6,0.0,24.7,5.0,100.0,13.82,100.0
2024-07-09 06:45:00,183,1006.6,90.3,0.0,24.8,5.1,150.0,19.93,100.0
2024-07-09 07:00:00,213,1006.6,90.0,0.0,24.9,5.2,169.0,24.22,100.0
2024-07-09 07:15:00,246,1006.6,89.5,0.0,25.0,5.3,321.0,30.29,100.0
2024-07-09 07:30:00,280,1006.6,89.1,0.0,25.2,5.4,307.0,22.42,100.0
2024-07-09 07:45:00,317,1006.6,88.7,0.0,25.3,5.5,335.0,43.32,100.0
2024-07-09 08:00:00,354,1006.6,88.2,0.0,25.4,5.7,314.0,43.56,100.0
2024-07-09 08:15:00,393,1006.6,87.6,0.0,25.5,5.8,340.0,42.19,100.0
2024-07-09 08:30:00,431,1006.6,87.0,0.0,25.6,6.0,313.0,45.47,100.0
2024-07-09 08:45:00,470,1006.6,86.5,0.0,25.8,6.1,528.0,54.39,100.0
2024-07-09 09:00:00,508,1006.6,86.5,0.0,25.8,6.3,491.0,57.65,100.0
2024-07-09 09:15:00,543,1006.6,86.7,0.0,25.9,6.4,436.0,60.98,100.0
2024-07-09 09:30:00,577,1006.6,87.2,0.0,25.9,6.6,588.0,62.95,100.0
2024-07-09 09:45:00,606,1006.6,87.8,0.0,25.8,6.7,523.0,71.39,100.0
2024-07-09 10:00:00,633,1006.6,88.3,0.0,25.8,6.8,756.0,82.94,100.0
2024-07-09 10:15:00,657,1006.6,88.8,0.0,25.7,7.0,729.0,92.3,100.0
2024-07-09 10:30:00,678,1006.6,89.0,0.0,25.7,7.1,879.0,94.93,100.0
2024-07-09 10:45:00,696,1006.6,89.0,0.0,25.7,7.2,828.0,95.6,100.0
2024-07-09 11:00:00,711,1006.6,89.3,0.0,25.6,7.3,612.0,79.29,100.0
2024-07-09 11:15:00,723,1006.6,89.8,0.0,25.6,7.5,475.0,61.48,100.0
2024-07-09 11:30:00,732,1006.6,90.0,0.0,25.5,7.6,457.0,63.3,100.0
2024-07-09 11:45:00,737,1006.6,89.9,0.0,25.5,7.7,706.0,62.28,100.0
2024-07-09 12:00:00,739,1006.6,89.8,0.0,25.5,7.7,456.0,88.79,100.0
2024-07-09 12:15:00,739,1006.6,89.8,0.0,25.5,7.8,904.0,75.2,100.0
2024-07-09 12:30:00,735,1006.6,89.5,0.0,25.4,7.9,782.0,96.38,100.0
2024-07-09 12:45:00,729,1006.6,89.3,0.0,25.4,7.9,931.0,98.11,100.0
2024-07-09 13:00:00,720,1006.6,89.1,0.0,25.4,8.0,876.0,98.47,100.0
2024-07-09 13:15:00,708,1006.6,88.9,0.0,25.3,8.0,873.0,97.19,100.0
2024-07-09 13:30:00,693,1006.6,89.1,0.0,25.3,8.0,884.0,98.53,100.0
2024-07-09 13:45:00,676,1006.6,89.2,0.0,25.2,8.0,851.0,96.71,100.0
2024-07-09 14:00:00,656,1006.6,89.2,0.0,25.2,8.0,814.0,92.6,100.0
2024-07-09 14:15:00,633,1006.6,89.0,0.0,25.2,7.9,508.0,80.93,100.0
2024-07-09 14:30:00,608,1006.6,88.8,0.0,25.1,7.9,721.0,87.27,100.0
2024-07-09 14:45:00,580,1006.6,88.5,0.0,25.1,7.8,651.0,75.31,100.0
2024-07-09 15:00:00,550,1006.6,88.0,0.0,25.1,7.8,633.0,76.7,100.0
2024-07-09 15:15:00,518,1006.6,87.8,0.0,25.1,7.7,578.0,68.2,100.0
2024-07-09 15:30:00,485,1006.6,87.5,0.0,25.0,7.6,538.0,61.52,100.0
2024-07-09 15:45:00,449,1006.6,87.3,0.0,25.0,7.5,470.0,55.96,100.0
2024-07-09 16:00:00,411,1006.6,87.1,0.0,25.0,7.4,473.0,50.07,100.0
2024-07-09 16:15:00,371,1006.6,86.9,0.0,24.9,7.3,444.0,45.06,100.0
2024-07-09 16:30:00,331,1006.6,86.5,0.0,24.9,7.2,386.0,40.57,100.0
2024-07-09 16:45:00,291,1006.6,86.1,0.0,24.9,7.0,221.0,28.61,100.0
2024-07-09 17:00:00,253,1006.6,85.8,0.0,24.8,6.9,349.0,34.75,100.0
2024-07-09 17:15:00,216,1006.6,85.5,0.0,24.8,6.7,261.0,31.05,100.0
2024-07-09 17:30:00,182,1006.6,85.2,0.0,24.8,6.5,247.0,24.13,100.0
2024-07-09 17:45:00,151,1006.6,84.6,0.0,24.7,6.4,184.0,20.02,100.0
2024-07-09 18:00:00,122,1006.6,84.4,0.0,24.7,6.2,132.0,14.9,100.0
2024-07-09 18:15:00,96,1006.6,84.3,0.0,24.7,6.0,25.0,4.93,100.0
2024-07-09 18:30:00,73,1006.6,84.4,0.0,24.7,5.8,33.0,6.31,100.0
2024-07-09 18:45:00,51,1006.6,84.2,0.0,24.6,5.6,43.0,6.82,100.0
2024-07-09 19:00:00,32,1006.6,84.1,0.0,24.5,5.4,26.0,4.9,100.0
2024-07-09 19:15:00,13,1006.6,84.0,0.0,24.5,5.2,0.0,0.0,100.0
2024-07-09 19:30:00,0,1006.6,83.8,0.0,24.5,5.1,0.0,0.0,100.0
2024-07-09 19:45:00,0,1006.6,83.6,0.0,24.5,4.9,0.0,0.0,100.0
2024-07-09 20:00:00,0,1006.6,83.4,0.0,24.5,4.7,0.0,0.0,100.0
2024-07-09 20:15:00,0,1006.6,83.3,0.0,24.5,4.5,0.0,0.0,100.0
2024-07-09 20:30:00,0,1006.6,83.3,0.0,24.5,4.3,0.0,0.0,100.0
2024-07-09 20:45:00,0,1006.6,83.3,0.0,24.5,4.1,0.0,0.0,100.0
2024-07-09 21:00:00,0,1006.6,83.5,0.0,24.4,3.9,0.0,0.0,100.0
2024-07-09 21:15:00,0,1006.6,83.3,0.0,24.4,3.8,0.0,0.0,100.0
2024-07-09 21:30:00,0,1006.6,83.5,0.0,24.4,3.6,0.0,0.0,100.0
2024-07-09 21:45:00,0,1006.6,83.6,0.0,24.4,3.5,0.0,0.0,100.0
2024-07-09 22:00:00,0,1006.6,83.4,0.0,24.5,3.3,0.0,0.0,100.0
2024-07-09 22:15:00,0,1006.6,83.4,0.0,24.5,3.2,0.0,0.0,100.0
2024-07-09 22:30:00,0,1006.6,83.9,0.0,24.4,3.0,0.0,0.0,100.0
2024-07-09 22:45:00,0,1006.6,84.3,0.0,24.4,2.9,0.0,0.0,100.0
2024-07-09 23:00:00,0,1006.6,84.5,0.0,24.4,2.8,0.0,0.0,100.0
2024-07-09 23:15:00,0,1006.6,84.6,0.0,24.4,2.7,0.0,0.0,100.0
2024-07-09 23:30:00,0,1006.6,84.7,0.0,24.4,2.7,0.0,0.0,100.0
2024-07-09 23:45:00,0,1006.6,84.7,0.0,24.4,2.6,0.0,0.0,100.0
2024-07-10 00:00:00,0,1006.6,88.9,0.0,24.3,3.0,0.0,0.0,100.0
2024-07-10 00:15:00,0,1006.6,88.9,0.0,24.3,2.9,0.0,0.0,100.0
2024-07-10 00:30:00,0,1006.6,89.0,0.0,24.3,2.9,0.0,0.0,100.0
2024-07-10 00:45:00,0,1006.6,88.7,0.0,24.3,2.8,0.0,0.0,100.0
2024-07-10 01:00:00,0,1006.6,88.6,0.0,24.3,2.8,0.0,0.0,100.0
2024-07-10 01:15:00,0,1006.6,88.5,0.0,24.3,2.7,0.0,0.0,100.0
2024-07-10 01:30:00,0,1006.6,88.6,0.0,24.3,2.7,0.0,0.0,100.0
2024-07-10 01:45:00,0,1006.6,88.5,0.0,24.3,2.6,0.0,0.0,100.0
2024-07-10 02:00:00,0,1006.6,88.6,0.0,24.3,2.6,0.0,0.0,100.0
2024-07-10 02:15:00,0,1006.6,88.4,0.0,24.3,2.6,0.0,0.0,100.0
2024-07-10 02:30:00,0,1006.6,88.3,0.0,24.3,2.5,0.0,0.0,100.0
2024-07-10 02:45:00,0,1006.6,88.2,0.0,24.3,2.5,0.0,0.0,100.0
2024-07-10 03:00:00,0,1006.6,88.2,0.0,24.3,2.5,0.0,0.0,100.0
2024-07-10 03:15:00,0,1006.6,88.2,0.0,24.2,2.5,0.0,0.0,100.0
2024-07-10 03:30:00,0,1006.6,88.7,0.0,24.2,2.5,0.0,0.0,100.0
2024-07-10 03:45:00,0,1006.6,89.2,0.0,24.1,2.5,0.0,0.0,100.0
2024-07-10 04:00:00,0,1006.6,89.3,0.0,24.0,2.5,0.0,0.0,100.0
2024-07-10 04:15:00,0,1006.6,89.7,0.0,24.0,2.5,0.0,0.0,100.0
2024-07-10 04:30:00,0,1006.6,89.7,0.0,23.9,2.5,0.0,0.0,100.0
2024-07-10 04:45:00,0,1006.6,89.9,0.0,23.9,2.5,0.0,0.0,100.0
2024-07-10 05:00:00,1,1006.6,90.1,0.0,23.8,2.5,0.0,0.0,100.0
2024-07-10 05:15:00,25,1006.6,90.3,0.0,23.8,2.5,17.0,4.22,100.0
2024-07-10 05:30:00,54,1006.6,90.8,0.0,23.7,2.5,34.0,5.38,100.0
2024-07-10 05:45:00,84,1006.6,91.5,0.0,23.7,2.5,38.0,7.01,100.0
2024-07-10 06:00:00,115,1006.6,92.0,0.0,23.7,2.5,91.0,10.55,100.0
2024-07-10 06:15:00,146,1006.6,91.7,0.0,23.7,2.6,137.0,14.34,100.0
2024-07-10 06:30:00,179,1006.6,91.6,0.0,23.8,2.6,183.0,18.06,100.0
2024-07-10 06:45:00,212,1006.6,91.6,0.0,23.8,2.7,229.0,22.87,100.0
2024-07-10 07:00:00,249,1006.6,91.4,0.0,23.9,2.8,280.0,28.06,100.0
2024-07-10 07:15:00,287,1006.6,91.3,0.0,24.0,2.9,340.0,34.71,100.0
2024-07-10 07:30:00,327,1006.6,91.0,0.0,24.1,3.0,389.0,40.57,100.0
2024-07-10 07:45:00,370,1006.6,90.6,0.0,24.3,3.1,439.0,47.21,100.0
2024-07-10 08:00:00,414,1006.6,89.6,0.0,24.6,3.2,497.0,53.7,100.0
2024-07-10 08:15:00,460,1006.6,87.9,0.0,24.8,3.3,540.0,60.52,100.0
2024-07-10 08:30:00,506,1006.6,86.5,0.0,24.9,3.4,584.0,66.2,100.0
2024-07-10 08:45:00,552,1006.6,85.4,0.0,25.0,3.5,621.0,72.54,100.0
2024-07-10 09:00:00,597,1006.6,84.1,0.0,25.1,3.6,662.0,77.61,100.0
2024-07-10 09:15:00,640,1006.6,82.6,0.0,25.2,3.7,703.0,83.44,100.0
2024-07-10 09:30:00,680,1006.6,81.0,0.0,25.4,3.8,739.0,88.45,100.0
2024-07-10 09:45:00,716,1006.6,79.2,0.0,25.5,3.9,783.0,93.36,100.0
2024-07-10 10:00:00,750,1006.6,77.9,0.0,25.5,4.0,819.0,96.88,100.0
2024-07-10 10:15:00,780,1006.6,77.0,0.0,25.6,4.0,865.0,98.49,100.0
2024-07-10 10:30:00,807,1006.6,76.4,0.0,25.6,4.1,905.0,98.89,100.0
2024-07-10 10:45:00,830,1006.6,76.5,0.0,25.6,4.2,937.0,99.02,100.0
2024-07-10 11:00:00,850,1006.6,76.4,0.0,25.6,4.3,956.0,99.13,100.0
2024-07-10 11:15:00,866,1006.6,76.3,0.0,25.7,4.3,967.0,99.11,100.0
2024-07-10 11:30:00,879,1006.6,76.6,0.0,25.7,4.4,965.0,99.05,100.0
2024-07-10 11:45:00,888,1006.6,76.5,0.0,25.7,4.4,967.0,99.16,100.0
2024-07-10 12:00:00,893,1006.6,76.5,0.0,25.7,4.4,969.0,99.09,100.0
2024-07-10 12:15:00,895,1006.6,76.4,0.0,25.7,4.4,968.0,99.17,100.0
2024-07-10 12:30:00,893,1006.6,76.7,0.0,25.7,4.4,967.0,99.12,100.0
2024-07-10 12:45:00,887,1006.6,77.1,0.0,25.7,4.4,963.0,99.1,100.0
2024-07-10 13:00:00,879,1006.6,77.3,0.0,25.7,4.3,960.0,99.16,100.0
2024-07-10 13:15:00,868,1006.6,77.6,0.0,25.7,4.3,948.0,99.04,100.0
2024-07-10 13:30:00,853,1006.6,78.0,0.0,25.7,4.2,944.0,98.93,100.0
2024-07-10 13:45:00,835,1006.6,78.0,0.0,25.7,4.2,920.0,98.88,100.0
2024-07-10 14:00:00,814,1006.6,77.8,0.0,25.7,4.1,885.0,98.49,100.0
2024-07-10 14:15:00,789,1006.6,77.6,0.0,25.7,4.1,735.0,96.91,100.0
2024-07-10 14:30:00,760,1006.6,77.5,0.0,25.7,4.0,808.0,94.07,100.0
2024-07-10 14:45:00,728,1006.6,77.0,0.0,25.7,3.9,761.0,89.25,100.0
2024-07-10 15:00:00,692,1006.6,76.7,0.0,25.7,3.8,724.0,84.06,100.0
2024-07-10 15:15:00,653,1006.6,76.6,0.0,25.7,3.7,674.0,77.84,100.0
2024-07-10 15:30:00,611,1006.6,76.1,0.0,25.7,3.7,594.0,68.05,100.0
2024-07-10 15:45:00,566,1006.6,75.7,0.0,25.7,3.5,599.0,66.34,100.0
2024-07-10 16:00:00,517,1006.6,75.3,0.0,25.7,3.4,564.0,61.53,100.0
2024-07-10 16:15:00,466,1006.6,74.7,0.0,25.7,3.3,516.0,54.84,100.0
2024-07-10 16:30:00,413,1006.6,74.3,0.0,25.7,3.2,470.0,49.0,100.0
2024-07-10 16:45:00,362,1006.6,73.7,0.0,25.7,3.1,417.0,42.06,100.0
2024-07-10 17:00:00,312,1006.6,72.7,0.0,25.7,3.0,370.0,36.42,100.0
2024-07-10 17:15:00,265,1006.6,71.9,0.0,25.7,2.9,300.0,29.78,100.0
2024-07-10 17:30:00,221,1006.6,71.3,0.0,25.7,2.8,266.0,24.58,100.0
2024-07-10 17:45:00,181,1006.6,70.5,0.0,25.7,2.7,212.0,19.07,100.0
2024-07-10 18:00:00,145,1006.6,69.6,0.0,25.7,2.5,161.0,14.72,100.0
2024-07-10 18:15:00,113,1006.6,68.8,0.0,25.7,2.4,112.0,10.84,100.0
2024-07-10 18:30:00,84,1006.6,68.6,0.0,25.7,2.3,78.0,8.78,100.0
2024-07-10 18:45:00,59,1006.6,67.9,0.0,25.6,2.2,41.0,6.46,100.0
2024-07-10 19:00:00,36,1006.6,68.1,0.0,25.5,2.1,20.0,4.65,100.0
2024-07-10 19:15:00,14,1006.6,68.3,0.0,25.5,2.1,0.0,0.0,100.0
2024-07-10 19:30:00,0,1006.6,68.6,0.0,25.4,2.0,0.0,0.0,100.0
2024-07-10 19:45:00,0,1006.6,69.7,0.0,25.4,1.9,0.0,0.0,100.0
2024-07-10 20:00:00,0,1006.6,70.8,0.0,25.3,1.9,0.0,0.0,100.0
2024-07-10 20:15:00,0,1006.6,72.0,0.0,25.2,1.8,0.0,0.0,100.0
2024-07-10 20:30:00,0,1006.6,72.7,0.0,25.1,1.8,0.0,0.0,100.0
2024-07-10 20:45:00,0,1006.6,72.9,0.0,25.0,1.8,0.0,0.0,100.0
2024-07-10 21:00:00,0,1006.6,72.9,0.0,24.9,1.8,0.0,0.0,100.0
2024-07-10 21:15:00,0,1006.6,72.6,0.0,24.7,1.7,0.0,0.0,100.0
2024-07-10 21:30:00,0,1006.6,71.8,0.0,24.6,1.8,0.0,0.0,100.0
2024-07-10 21:45:00,0,1006.6,70.9,0.0,24.5,1.8,0.0,0.0,100.0
2024-07-10 22:00:00,0,1006.6,70.6,0.0,24.4,1.8,0.0,0.0,100.0
2024-07-10 22:15:00,0,1006.6,70.5,0.0,24.3,1.8,0.0,0.0,100.0
2024-07-10 22:30:00,0,1006.6,70.4,0.0,24.2,1.8,0.0,0.0,100.0
2024-07-10 22:45:00,0,1006.6,70.6,0.0,24.1,1.8,0.0,0.0,100.0
2024-07-10 23:00:00,0,1006.6,71.5,0.0,24.0,1.9,0.0,0.0,100.0
2024-07-10 23:15:00,0,1006.6,72.3,0.0,23.8,1.9,0.0,0.0,100.0
2024-07-10 23:30:00,0,1006.5,72.5,0.0,23.7,1.9,0.0,0.0,100.0
2024-07-10 23:45:00,0,1006.5,72.4,0.0,23.7,1.9,0.0,0.0,100.0
2024-07-11 00:00:00,0,1006.6,70.4,0.0,24.0,1.8,0.0,0.0,100.0
2024-07-11 00:15:00,0,1006.5,71.1,0.0,23.9,1.9,0.0,0.0,100.0
2024-07-11 00:30:00,0,1006.5,71.7,0.0,23.8,1.9,0.0,0.0,100.0
2024-07-11 00:45:00,0,1006.5,72.2,0.0,23.7,2.0,0.0,0.0,100.0
2024-07-11 01:00:00,0,1006.5,72.9,0.0,23.6,2.0,0.0,0.0,100.0
2024-07-11 01:15:00,0,1006.5,73.6,0.0,23.4,2.1,0.0,0.0,100.0
2024-07-11 01:30:00,0,1006.5,73.8,0.0,23.3,2.1,0.0,0.0,100.0
2024-07-11 01:45:00,0,1006.5,73.6,0.0,23.3,2.2,0.0,0.0,100.0
2024-07-11 02:00:00,0,1006.5,73.4,0.0,23.2,2.3,0.0,0.0,100.0
2024-07-11 02:15:00,0,1006.5,73.2,0.0,23.1,2.3,0.0,0.0,100.0
2024-07-11 02:30:00,0,1006.5,72.9,0.0,23.1,2.4,0.0,0.0,100.0
2024-07-11 02:45:00,0,1006.5,72.7,0.0,23.0,2.5,0.0,0.0,100.0
2024-07-11 03:00:00,0,1006.5,72.5,0.0,22.9,2.5,0.0,0.0,100.0
2024-07-11 03:15:00,0,1006.5,72.3,0.0,22.9,2.6,0.0,0.0,100.0
2024-07-11 03:30:00,0,1006.5,72.0,0.0,22.8,2.6,0.0,0.0,100.0
2024-07-11 03:45:00,0,1006.5,72.0,0.0,22.7,2.7,0.0,0.0,100.0
2024-07-11 04:00:00,0,1006.5,71.8,0.0,22.6,2.7,0.0,0.0,100.0
2024-07-11 04:15:00,0,1006.5,71.5,0.0,22.6,2.7,0.0,0.0,100.0
2024-07-11 04:30:00,0,1006.5,71.2,0.0,22.5,2.7,0.0,0.0,100.0
2024-07-11 04:45:00,0,1006.5,71.2,0.0,22.5,2.7,0.0,0.0,100.0
2024-07-11 05:00:00,0,1006.5,71.5,0.0,22.4,2.7,0.0,0.0,100.0
2024-07-11 05:15:00,24,1006.5,72.0,0.0,22.3,2.8,20.0,4.66,100.0
2024-07-11 05:30:00,53,1006.5,72.6,0.0,22.3,2.8,43.0,6.43,100.0
2024-07-11 05:45:00,83,1006.5,73.2,0.0,22.2,2.8,77.0,8.6,100.0
2024-07-11 06:00:00,114,1006.5,73.8,0.0,22.3,2.8,112.0,11.02,100.0
2024-07-11 06:15:00,145,1006.5,74.4,0.0,22.4,2.8,163.0,15.2,100.0
2024-07-11 06:30:00,178,1006.5,74.7,0.0,22.6,2.7,212.0,20.14,100.0
2024-07-11 06:45:00,212,1006.5,74.6,0.0,22.9,2.7,272.0,25.18,100.0
2024-07-11 07:00:00,248,1006.5,74.2,0.0,23.2,2.7,314.0,30.39,100.0
2024-07-11 07:15:00,286,1006.5,73.4,0.0,23.6,2.6,374.0,36.93,100.0
2024-07-11 07:30:00,327,1006.5,72.1,0.0,24.1,2.6,303.0,41.49,100.0
2024-07-11 07:45:00,370,1006.6,70.9,0.0,24.4,2.5,231.0,34.46,100.0
2024-07-11 08:00:00,414,1006.6,69.1,0.0,24.8,2.4,460.0,56.86,100.0
2024-07-11 08:15:00,460,1006.6,68.8,0.0,25.1,2.3,533.0,51.54,100.0
2024-07-11 08:30:00,506,1006.6,68.4,0.0,25.4,2.3,412.0,61.28,100.0
2024-07-11 08:45:00,553,1006.6,67.5,0.0,25.7,2.2,662.0,75.25,100.0
2024-07-11 09:00:00,598,1006.6,65.5,0.0,26.1,2.1,692.0,80.21,100.0
2024-07-11 09:15:00,641,1006.6,63.0,0.0,26.4,2.1,729.0,84.35,100.0
2024-07-11 09:30:00,681,1006.6,61.2,0.0,26.7,2.0,766.0,88.33,100.0
2024-07-11 09:45:00,717,1006.6,59.9,0.0,27.0,2.0,805.0,92.31,100.0
2024-07-11 10:00:00,751,1006.6,58.7,0.0,27.2,1.9,839.0,95.56,100.0
2024-07-11 10:15:00,781,1006.6,57.5,0.0,27.5,1.9,886.0,98.03,100.0
2024-07-11 10:30:00,808,1006.6,56.3,0.0,27.7,1.9,918.0,98.59,100.0
2024-07-11 10:45:00,831,1006.6,55.3,0.0,27.9,1.9,948.0,98.77,100.0
2024-07-11 11:00:00,851,1006.6,54.0,0.0,28.0,1.8,966.0,98.8,100.0
2024-07-11 11:15:00,867,1006.6,52.7,0.0,28.1,1.8,976.0,99.05,100.0
2024-07-11 11:30:00,880,1006.6,51.9,0.0,28.2,1.8,976.0,98.8,100.0
2024-07-11 11:45:00,888,1006.6,51.3,0.0,28.3,1.8,987.0,99.03,100.0
2024-07-11 12:00:00,893,1006.6,50.7,0.0,28.3,1.8,985.0,99.09,100.0
2024-07-11 12:15:00,894,1006.6,50.1,0.0,28.3,1.8,983.0,99.08,100.0
2024-07-11 12:30:00,891,1006.6,49.4,0.0,28.4,1.8,974.0,99.01,100.0
2024-07-11 12:45:00,885,1006.6,49.2,0.0,28.4,1.9,974.0,99.13,100.0
2024-07-11 13:00:00,875,1006.6,49.1,0.0,28.4,1.9,993.0,99.03,100.0
2024-07-11 13:15:00,862,1006.6,48.9,0.0,28.4,1.9,968.0,99.05,100.0
2024-07-11 13:30:00,845,1006.6,48.6,0.0,28.4,2.0,965.0,98.4,100.0
2024-07-11 13:45:00,825,1006.6,48.5,0.0,28.4,2.0,891.0,97.52,100.0
2024-07-11 14:00:00,802,1006.6,48.6,0.0,28.3,2.1,496.0,62.49,100.0
2024-07-11 14:15:00,775,1006.6,48.8,0.0,28.3,2.1,905.0,71.19,100.0
2024-07-11 14:30:00,745,1006.6,49.1,0.0,28.3,2.2,551.0,93.92,100.0
2024-07-11 14:45:00,711,1006.6,49.2,0.0,28.3,2.2,532.0,87.29,100.0
2024-07-11 15:00:00,675,1006.6,49.4,0.0,28.3,2.2,353.0,45.95,100.0
2024-07-11 15:15:00,636,1006.6,49.7,0.0,28.2,2.2,776.0,69.14,100.0
2024-07-11 15:30:00,594,1006.6,50.0,0.0,28.2,2.2,719.0,65.21,100.0
2024-07-11 15:45:00,550,1006.6,50.4,0.0,28.2,2.2,358.0,58.31,100.0
2024-07-11 16:00:00,503,1006.6,50.8,0.0,28.2,2.2,597.0,64.19,100.0
2024-07-11 16:15:00,454,1006.6,51.2,0.0,28.1,2.2,527.0,56.03,100.0
2024-07-11 16:30:00,405,1006.6,51.4,0.0,28.1,2.2,491.0,50.34,100.0
2024-07-11 16:45:00,356,1006.6,51.5,0.0,28.2,2.2,428.0,43.54,100.0
2024-07-11 17:00:00,308,1006.6,51.9,0.0,28.2,2.1,394.0,37.87,100.0
2024-07-11 17:15:00,263,1006.6,52.6,0.0,28.1,2.1,121.0,12.04,100.0
2024-07-11 17:30:00,221,1006.6,53.4,0.0,28.1,2.1,84.0,12.51,100.0
2024-07-11 17:45:00,182,1006.6,54.1,0.0,28.1,2.1,229.0,21.31,100.0
2024-07-11 18:00:00,147,1006.6,55.1,0.0,28.0,2.1,173.0,14.97,100.0
2024-07-11 18:15:00,115,1006.6,56.8,0.0,27.8,2.1,116.0,10.86,100.0
2024-07-11 18:30:00,86,1006.6,58.9,0.0,27.7,2.1,76.0,8.53,100.0
2024-07-11 18:45:00,61,1006.6,60.6,0.0,27.5,2.1,42.0,6.65,100.0
2024-07-11 19:00:00,37,1006.6,61.6,0.0,27.3,2.1,20.0,4.66,100.0
2024-07-11 19:15:00,14,1006.6,62.5,0.0,27.2,2.1,0.0,0.0,100.0
2024-07-11 19:30:00,0,1006.6,63.8,0.0,27.1,2.2,0.0,0.0,100.0
2024-07-11 19:45:00,0,1006.6,65.5,0.0,26.9,2.2,0.0,0.0,100.0
2024-07-11 20:00:00,0,1006.6,67.0,0.0,26.8,2.3,0.0,0.0,100.0
2024-07-11 20:15:00,0,1006.6,68.0,0.0,26.6,2.3,0.0,0.0,100.0
2024-07-11 20:30:00,0,1006.6,68.7,0.0,26.5,2.4,0.0,0.0,100.0
2024-07-11 20:45:00,0,1006.6,69.2,0.0,26.4,2.5,0.0,0.0,100.0
2024-07-11 21:00:00,0,1006.6,70.0,0.0,26.1,2.5,0.0,0.0,100.0
2024-07-11 21:15:00,0,1006.6,71.4,0.0,25.9,2.6,0.0,0.0,100.0
2024-07-11 21:30:00,0,1006.6,74.1,0.0,25.6,2.7,0.0,0.0,100.0
2024-07-11 21:45:00,0,1006.6,77.2,0.0,25.4,2.8,0.0,0.0,100.0
2024-07-11 22:00:00,0,1006.6,77.7,0.0,25.2,2.8,0.0,0.0,100.0
2024-07-11 22:15:00,0,1006.6,77.9,0.0,25.0,2.9,0.0,0.0,100.0
2024-07-11 22:30:00,0,1006.6,78.5,0.0,24.8,3.0,0.0,0.0,100.0
2024-07-11 22:45:00,0,1006.5,79.6,0.0,24.6,3.1,0.0,0.0,100.0
2024-07-11 23:00:00,0,1006.5,81.0,0.0,24.4,3.2,0.0,0.0,100.0
2024-07-11 23:15:00,0,1006.5,81.6,0.0,24.2,3.2,0.0,0.0,100.0
2024-07-11 23:30:00,0,1006.5,83.1,0.0,24.0,3.3,0.0,0.0,100.0
2024-07-11 23:45:00,0,1006.5,84.9,0.0,23.8,3.4,0.0,0.0,100.0
2024-07-12 00:00:00,0,1006.5,85.3,0.0,24.0,3.5,0.0,0.0,100.0
2024-07-12 00:15:00,0,1006.5,85.6,0.0,23.9,3.5,0.0,0.0,100.0
2024-07-12 00:30:00,0,1006.5,85.7,0.0,23.8,3.5,0.0,0.0,100.0
2024-07-12 00:45:00,0,1006.5,86.0,0.0,23.7,3.6,0.0,0.0,100.0
2024-07-12 01:00:00,0,1006.5,86.7,0.0,23.6,3.6,0.0,0.0,100.0
2024-07-12 01:15:00,0,1006.5,87.2,0.0,23.5,3.6,0.0,0.0,100.0
2024-07-12 01:30:00,0,1006.5,87.8,0.0,23.4,3.5,0.0,0.0,100.0
2024-07-12 01:45:00,0,1006.5,88.5,0.0,23.2,3.5,0.0,0.0,100.0
2024-07-12 02:00:00,0,1006.5,89.1,0.0,23.1,3.5,0.0,0.0,100.0
2024-07-12 02:15:00,0,1006.5,89.5,0.0,23.0,3.5,0.0,0.0,100.0
2024-07-12 02:30:00,0,1006.5,89.7,0.0,23.0,3.5,0.0,0.0,100.0
2024-07-12 02:45:00,0,1006.5,89.8,0.0,23.0,3.4,0.0,0.0,100.0
2024-07-12 03:00:00,0,1006.5,89.9,0.0,22.9,3.4,0.0,0.0,100.0
2024-07-12 03:15:00,0,1006.5,90.0,0.0,22.9,3.4,0.0,0.0,100.0
2024-07-12 03:30:00,0,1006.5,90.1,0.0,22.9,3.4,0.0,0.0,100.0
2024-07-12 03:45:00,0,1006.5,90.3,0.0,22.8,3.3,0.0,0.0,100.0
2024-07-12 04:00:00,0,1006.5,90.5,0.0,22.8,3.3,0.0,0.0,100.0
2024-07-12 04:15:00,0,1006.5,90.7,0.0,22.8,3.2,0.0,0.0,100.0
2024-07-12 04:30:00,0,1006.5,90.9,0.0,22.8,3.2,0.0,0.0,100.0
2024-07-12 04:45:00,0,1006.5,91.1,0.0,22.8,3.2,0.0,0.0,100.0
2024-07-12 05:00:00,0,1006.5,91.4,0.0,22.8,3.2,0.0,0.0,100.0
2024-07-12 05:15:00,23,1006.5,91.7,0.0,22.7,3.1,18.0,4.49,100.0
2024-07-12 05:30:00,54,1006.5,92.1,0.0,22.7,3.1,36.0,6.21,100.0
2024-07-12 05:45:00,84,1006.5,92.3,0.0,22.7,3.1,65.0,8.59,100.0
2024-07-12 06:00:00,116,1006.5,92.2,0.0,22.8,3.0,94.0,10.99,100.0
2024-07-12 06:15:00,148,1006.5,91.9,0.0,22.9,3.0,137.0,14.51,100.0
2024-07-12 06:30:00,180,1006.5,91.5,0.0,23.0,3.0,167.0,17.52,100.0
2024-07-12 06:45:00,215,1006.5,91.0,0.0,23.2,2.9,205.0,22.48,100.0
2024-07-12 07:00:00,250,1006.5,90.2,0.0,23.5,2.8,248.0,26.35,100.0
2024-07-12 07:15:00,288,1006.5,89.3,0.0,23.7,2.7,307.0,32.52,100.0
2024-07-12 07:30:00,328,1006.5,88.4,0.0,24.0,2.7,352.0,38.67,100.0
2024-07-12 07:45:00,370,1006.5,87.3,0.0,24.2,2.6,426.0,47.01,100.0
2024-07-12 08:00:00,412,1006.6,86.9,0.0,24.5,2.5,400.0,49.01,100.0
2024-07-12 08:15:00,456,1006.6,86.4,0.0,24.7,2.4,495.0,60.82,100.0
2024-07-12 08:30:00,499,1006.6,85.7,0.0,25.1,2.4,567.0,68.62,100.0
2024-07-12 08:45:00,542,1006.6,84.1,0.0,25.6,2.3,481.0,56.38,100.0
2024-07-12 09:00:00,583,1006.6,81.8,0.0,26.0,2.3,688.0,69.81,100.0
2024-07-12 09:15:00,622,1006.6,79.6,0.0,26.4,2.3,625.0,75.65,100.0
2024-07-12 09:30:00,657,1006.6,77.7,0.0,26.7,2.2,796.0,88.65,100.0
2024-07-12 09:45:00,687,1006.6,76.3,0.0,27.0,2.2,625.0,81.87,100.0
2024-07-12 10:00:00,713,1006.6,75.1,0.0,27.2,2.3,871.0,97.67,100.0
2024-07-12 10:15:00,734,1006.6,73.9,0.0,27.5,2.2,681.0,92.76,100.0
2024-07-12 10:30:00,752,1006.6,72.5,0.0,27.7,2.2,810.0,93.5,100.0
2024-07-12 10:45:00,765,1006.6,71.6,0.0,27.8,2.2,841.0,73.14,100.0
2024-07-12 11:00:00,775,1006.6,70.4,0.0,27.9,2.2,762.0,63.21,100.0
2024-07-12 11:15:00,780,1006.6,68.9,0.0,28.0,2.2,1060.0,84.68,100.0
2024-07-12 11:30:00,782,1006.6,68.1,0.0,28.0,2.2,639.0,81.44,100.0
2024-07-12 11:45:00,780,1006.6,67.6,0.0,27.9,2.3,669.0,82.55,100.0
2024-07-12 12:00:00,775,1006.6,66.5,0.0,28.0,2.3,587.0,72.9,100.0
2024-07-12 12:15:00,767,1006.6,65.8,0.0,27.9,2.4,397.0,53.67,100.0
2024-07-12 12:30:00,757,1006.6,66.1,0.0,27.8,2.4,449.0,80.67,100.0
2024-07-12 12:45:00,744,1006.6,65.7,0.0,27.8,2.5,490.0,69.42,100.0
2024-07-12 13:00:00,728,1006.6,63.5,0.0,28.0,2.6,569.0,62.88,100.0
2024-07-12 13:15:00,709,1006.6,62.4,0.0,28.1,2.6,688.0,86.7,100.0
2024-07-12 13:30:00,688,1006.6,62.1,0.0,28.2,2.7,998.0,89.28,100.0
2024-07-12 13:45:00,664,1006.6,61.9,0.0,28.2,2.8,630.0,94.89,100.0
2024-07-12 14:00:00,638,1006.6,62.5,0.0,28.1,2.9,741.0,80.52,100.0
2024-07-12 14:15:00,609,1006.6,62.7,0.0,28.1,3.0,527.0,81.83,100.0
2024-07-12 14:30:00,579,1006.6,62.7,0.0,28.1,3.0,659.0,46.97,100.0
2024-07-12 14:45:00,548,1006.6,62.8,0.0,28.1,3.1,305.0,44.86,100.0
2024-07-12 15:00:00,515,1006.6,63.0,0.0,28.1,3.1,635.0,80.45,100.0
2024-07-12 15:15:00,481,1006.6,62.8,0.0,28.1,3.1,665.0,74.29,100.0
2024-07-12 15:30:00,447,1006.6,62.5,0.0,28.2,3.2,577.0,73.11,100.0
2024-07-12 15:45:00,412,1006.6,63.4,0.0,28.1,3.2,601.0,63.46,100.0
2024-07-12 16:00:00,375,1006.6,64.9,0.0,28.0,3.2,514.0,51.89,100.0
2024-07-12 16:15:00,338,1006.6,65.3,0.0,28.0,3.2,441.0,46.51,100.0
2024-07-12 16:30:00,302,1006.6,64.2,0.0,28.0,3.2,412.0,41.94,100.0
2024-07-12 16:45:00,265,1006.6,63.3,0.0,27.9,3.2,356.0,37.44,100.0
2024-07-12 17:00:00,231,1006.6,62.9,0.0,27.9,3.2,321.0,32.85,100.0
2024-07-12 17:15:00,198,1006.6,62.9,0.0,27.9,3.1,262.0,25.72,100.0
2024-07-12 17:30:00,167,1006.6,63.2,0.0,27.8,3.1,219.0,21.86,100.0
2024-07-12 17:45:00,138,1006.6,64.7,0.0,27.7,3.1,136.0,14.34,100.0
2024-07-12 18:00:00,112,1006.6,66.4,0.0,27.6,3.1,81.0,11.1,100.0
2024-07-12 18:15:00,88,1006.6,67.7,0.0,27.5,3.1,52.0,10.43,100.0
2024-07-12 18:30:00,67,1006.6,68.8,0.0,27.4,3.1,43.0,7.27,100.0
2024-07-12 18:45:00,47,1006.6,70.0,0.0,27.3,3.1,40.0,6.19,100.0
2024-07-12 19:00:00,28,1006.6,71.1,0.0,27.2,3.2,21.0,4.43,100.0
2024-07-12 19:15:00,11,1006.6,72.3,0.0,27.1,3.2,0.0,0.0,100.0
2024-07-12 19:30:00,0,1006.6,73.5,0.0,27.0,3.2,0.0,0.0,100.0
2024-07-12 19:45:00,0,1006.6,74.5,0.0,26.8,3.2,0.0,0.0,100.0
2024-07-12 20:00:00,0,1006.6,75.4,0.0,26.7,3.2,0.0,0.0,100.0
2024-07-12 20:15:00,0,1006.6,77.1,0.0,26.6,3.2,0.0,0.0,100.0
2024-07-12 20:30:00,0,1006.6,78.8,0.0,26.3,3.2,0.0,0.0,100.0
2024-07-12 20:45:00,0,1006.6,79.8,0.0,26.1,3.3,0.0,0.0,100.0
2024-07-12 21:00:00,0,1006.6,80.3,0.0,26.0,3.3,0.0,0.0,100.0
2024-07-12 21:15:00,0,1006.6,81.6,0.0,25.7,3.3,0.0,0.0,100.0
2024-07-12 21:30:00,0,1006.6,82.0,0.0,25.6,3.4,0.0,0.0,100.0
2024-07-12 21:45:00,0,1006.6,83.2,0.0,25.5,3.4,0.0,0.0,100.0
2024-07-12 22:00:00,0,1006.6,84.3,0.0,25.3,3.4,0.0,0.0,100.0
2024-07-12 22:15:00,0,1006.6,85.1,0.0,25.1,3.5,0.0,0.0,100.0
2024-07-12 22:30:00,0,1006.6,85.7,0.0,25.0,3.6,0.0,0.0,100.0
2024-07-12 22:45:00,0,1006.6,86.3,0.0,24.8,3.6,0.0,0.0,100.0
2024-07-12 23:00:00,0,1006.6,86.9,0.0,24.7,3.7,0.0,0.0,100.0
2024-07-12 23:15:00,0,1006.6,87.4,0.0,24.6,3.8,0.0,0.0,100.0
2024-07-12 23:30:00,0,1006.6,88.0,0.0,24.4,3.8,0.0,0.0,100.0
2024-07-12 23:45:00,0,1006.6,88.9,0.0,24.3,3.8,0.0,0.0,100.0
2024-07-13 00:00:00,0,1006.6,90.5,0.0,24.6,4.1,0.0,0.0,100.0
2024-07-13 00:15:00,0,1006.5,91.1,0.0,24.5,4.2,0.0,0.0,100.0
2024-07-13 00:30:00,0,1006.5,91.7,0.0,24.4,4.2,0.0,0.0,100.0
2024-07-13 00:45:00,0,1006.5,92.2,0.0,24.3,4.2,0.0,0.0,100.0
2024-07-13 01:00:00,0,1006.5,92.5,0.0,24.2,4.2,0.0,0.0,100.0
2024-07-13 01:15:00,0,1006.5,92.7,0.0,24.1,4.2,0.0,0.0,100.0
2024-07-13 01:30:00,0,1006.5,92.9,0.0,24.1,4.2,0.0,0.0,100.0
2024-07-13 01:45:00,0,1006.5,93.2,0.0,24.0,4.2,0.0,0.0,100.0
2024-07-13 02:00:00,0,1006.5,93.5,0.0,23.9,4.3,0.0,0.0,100.0
2024-07-13 02:15:00,0,1006.5,93.8,0.0,23.8,4.3,0.0,0.0,100.0
2024-07-13 02:30:00,0,1006.5,94.2,0.0,23.8,4.3,0.0,0.0,100.0
2024-07-13 02:45:00,0,1006.5,94.6,0.0,23.7,4.3,0.0,0.0,100.0
2024-07-13 03:00:00,0,1006.5,95.1,0.0,23.6,4.3,0.0,0.0,100.0
2024-07-13 03:15:00,0,1006.5,95.7,0.0,23.5,4.3,0.0,0.0,100.0
2024-07-13 03:30:00,0,1006.5,96.4,0.0,23.4,4.3,0.0,0.0,100.0
2024-07-13 03:45:00,0,1006.5,97.2,0.0,23.3,4.3,0.0,0.0,100.0
2024-07-13 04:00:00,0,1006.5,98.0,0.0,23.2,4.3,0.0,0.0,100.0
2024-07-13 04:15:00,0,1006.5,98.6,0.0,23.0,4.3,0.0,0.0,100.0
2024-07-13 04:30:00,0,1006.5,98.9,0.0,23.0,4.3,0.0,0.0,100.0
2024-07-13 04:45:00,0,1006.5,99.1,0.0,22.9,4.3,0.0,0.0,100.0
2024-07-13 05:00:00,0,1006.5,99.3,0.0,22.9,4.4,0.0,0.0,100.0
2024-07-13 05:15:00,21,1006.5,99.3,0.0,22.9,4.4,16.0,3.97,100.0
2024-07-13 05:30:00,50,1006.5,99.3,0.0,22.9,4.4,28.0,4.99,100.0
2024-07-13 05:45:00,80,1006.5,99.3,0.0,22.9,4.4,48.0,6.59,100.0
2024-07-13 06:00:00,110,1006.5,98.9,0.0,23.0,4.5,45.0,6.83,100.0
2024-07-13 06:15:00,141,1006.5,98.3,0.0,23.1,4.5,143.0,14.1,100.0
2024-07-13 06:30:00,172,1006.5,97.5,0.0,23.2,4.5,182.0,18.03,100.0
2024-07-13 06:45:00,205,1006.5,96.8,0.0,23.4,4.5,237.0,22.94,100.0
2024-07-13 07:00:00,239,1006.5,96.2,0.0,23.5,4.6,280.0,28.0,100.0
2024-07-13 07:15:00,274,1006.5,95.0,0.0,23.7,4.6,342.0,33.87,100.0
2024-07-13 07:30:00,312,1006.6,93.4,0.0,24.0,4.6,392.0,39.76,100.0
2024-07-13 07:45:00,350,1006.6,91.4,0.0,24.3,4.6,439.0,47.28,100.0
2024-07-13 08:00:00,390,1006.6,89.1,0.0,24.7,4.6,489.0,53.04,100.0
2024-07-13 08:15:00,430,1006.6,87.3,0.0,25.0,4.6,531.0,59.59,100.0
2024-07-13 08:30:00,470,1006.6,85.6,0.0,25.3,4.6,562.0,64.84,100.0
2024-07-13 08:45:00,509,1006.6,83.1,0.0,25.6,4.6,616.0,70.62,100.0
2024-07-13 09:00:00,546,1006.6,82.0,0.0,25.7,4.6,652.0,76.07,100.0
2024-07-13 09:15:00,580,1006.6,81.9,0.0,25.9,4.6,696.0,81.46,100.0
2024-07-13 09:30:00,610,1006.6,81.6,0.0,26.0,4.5,723.0,85.89,100.0
2024-07-13 09:45:00,635,1006.6,81.0,0.0,26.2,4.5,758.0,90.04,100.0
2024-07-13 10:00:00,656,1006.6,79.0,0.0,26.4,4.4,802.0,92.48,100.0
2024-07-13 10:15:00,673,1006.6,76.0,0.0,26.6,4.4,842.0,94.73,100.0
2024-07-13 10:30:00,685,1006.6,74.3,0.0,26.7,4.3,905.0,97.86,100.0
2024-07-13 10:45:00,693,1006.6,73.7,0.0,26.9,4.2,317.0,98.89,100.0
2024-07-13 11:00:00,697,1006.6,72.4,0.0,27.0,4.1,647.0,51.21,100.0
2024-07-13 11:15:00,696,1006.6,70.4,0.0,27.2,4.0,368.0,75.13,100.0
2024-07-13 11:30:00,693,1006.6,69.3,0.0,27.3,4.0,382.0,98.73,100.0
2024-07-13 11:45:00,685,1006.6,68.4,0.0,27.5,3.9,345.0,84.25,100.0
2024-07-13 12:00:00,675,1006.6,66.1,0.0,27.6,3.8,756.0,41.65,100.0
2024-07-13 12:15:00,662,1006.6,64.3,0.0,27.8,3.7,408.0,66.53,100.0
2024-07-13 12:30:00,646,1006.6,63.0,0.0,27.9,3.6,370.0,54.6,100.0
2024-07-13 12:45:00,628,1006.6,61.9,0.0,28.1,3.6,308.0,54.62,100.0
2024-07-13 13:00:00,606,1006.6,61.7,0.0,28.1,3.5,286.0,52.76,100.0
2024-07-13 13:15:00,581,1006.6,61.4,0.0,28.3,3.5,312.0,42.86,100.0
2024-07-13 13:30:00,553,1006.6,61.7,0.0,28.4,3.4,380.0,41.78,100.0
2024-07-13 13:45:00,523,1006.6,62.1,0.0,28.5,3.4,434.0,55.03,100.0
2024-07-13 14:00:00,491,1006.6,62.3,0.0,28.5,3.4,377.0,49.26,100.0
2024-07-13 14:15:00,459,1006.6,62.3,0.0,28.5,3.3,444.0,51.15,100.0
2024-07-13 14:30:00,426,1006.6,62.3,0.0,28.5,3.3,381.0,59.75,100.0
2024-07-13 14:45:00,394,1006.6,62.6,0.0,28.5,3.3,310.0,38.23,100.0
2024-07-13 15:00:00,363,1006.6,63.4,0.0,28.5,3.3,428.0,37.25,100.0
2024-07-13 15:15:00,334,1006.6,65.1,0.0,28.4,3.3,365.0,45.06,100.0
2024-07-13 15:30:00,306,1006.6,68.2,0.0,28.2,3.3,283.0,36.73,100.0
2024-07-13 15:45:00,280,1006.6,71.7,0.1,27.8,3.3,249.0,39.7,100.0
2024-07-13 16:00:00,256,1006.6,74.7,0.0,27.4,3.3,330.0,53.34,100.0
2024-07-13 16:15:00,232,1006.6,74.9,0.0,27.3,3.3,478.0,48.62,100.0
2024-07-13 16:30:00,210,1006.6,74.8,0.0,27.2,3.3,435.0,48.1,100.0
2024-07-13 16:45:00,188,1006.6,75.5,0.0,27.1,3.3,291.0,39.59,100.0
2024-07-13 17:00:00,167,1006.6,76.8,0.0,27.1,3.4,363.0,35.04,100.0
2024-07-13 17:15:00,147,1006.6,77.4,0.0,26.9,3.4,297.0,29.58,100.0
2024-07-13 17:30:00,128,1006.6,77.7,0.0,26.9,3.4,235.0,24.82,100.0
2024-07-13 17:45:00,109,1006.6,78.4,0.0,26.8,3.5,188.0,19.2,100.0
2024-07-13 18:00:00,91,1006.6,79.2,0.0,26.7,3.5,180.0,17.64,100.0
2024-07-13 18:15:00,74,1006.6,79.7,0.0,26.6,3.6,49.0,7.9,100.0
2024-07-13 18:30:00,57,1006.6,79.9,0.0,26.6,3.7,21.0,4.3,100.0
2024-07-13 18:45:00,40,1006.6,79.9,0.0,26.5,3.7,13.0,3.81,100.0
2024-07-13 19:00:00,25,1006.6,80.0,0.0,26.4,3.7,10.0,3.6,100.0
2024-07-13 19:15:00,9,1006.6,79.9,0.0,26.3,3.8,0.0,0.0,100.0
2024-07-13 19:30:00,0,1006.6,79.6,0.0,26.2,3.8,0.0,0.0,100.0
2024-07-13 19:45:00,0,1006.6,79.9,0.0,26.0,3.8,0.0,0.0,100.0
2024-07-13 20:00:00,0,1006.6,80.3,0.0,25.7,3.8,0.0,0.0,100.0
2024-07-13 20:15:00,0,1006.6,80.1,0.0,25.5,3.8,0.0,0.0,100.0
2024-07-13 20:30:00,0,1006.6,80.5,0.0,25.3,3.8,0.0,0.0,100.0
2024-07-13 20:45:00,0,1006.6,80.7,0.0,25.1,3.8,0.0,0.0,100.0
2024-07-13 21:00:00,0,1006.6,80.6,0.0,24.9,3.8,0.0,0.0,100.0
2024-07-13 21:15:00,0,1006.6,81.3,0.0,24.7,3.8,0.0,0.0,100.0
2024-07-13 21:30:00,0,1006.6,82.4,0.0,24.5,3.9,0.0,0.0,100.0
2024-07-13 21:45:00,0,1006.6,83.6,0.0,24.3,3.9,0.0,0.0,100.0
2024-07-13 22:00:00,0,1006.6,84.7,0.0,24.2,3.9,0.0,0.0,100.0
2024-07-13 22:15:00,0,1006.6,85.9,0.0,24.0,3.9,0.0,0.0,100.0
2024-07-13 22:30:00,0,1006.6,87.1,0.0,23.9,3.8,0.0,0.0,100.0
2024-07-13 22:45:00,0,1006.6,88.3,0.0,23.8,3.8,0.0,0.0,100.0
2024-07-13 23:00:00,0,1006.6,89.4,0.0,23.7,3.8,0.0,0.0,100.0
2024-07-13 23:15:00,0,1006.6,90.6,0.0,23.6,3.7,0.0,0.0,100.0
2024-07-13 23:30:00,0,1006.6,91.8,0.0,23.5,3.7,0.0,0.0,100.0
2024-07-13 23:45:00,0,1006.6,92.8,0.0,23.4,3.6,0.0,0.0,100.0
2024-07-14 00:00:00,0,1006.6,91.9,0.0,23.8,3.0,0.0,0.0,100.0
2024-07-14 00:15:00,0,1006.6,92.5,0.0,23.7,2.9,0.0,0.0,100.0
2024-07-14 00:30:00,0,1006.6,93.1,0.0,23.6,2.8,0.0,0.0,100.0
2024-07-14 00:45:00,0,1006.6,93.6,0.0,23.6,2.7,0.0,0.0,100.0
2024-07-14 01:00:00,0,1006.6,94.0,0.0,23.5,2.6,0.0,0.0,100.0
2024-07-14 01:15:00,0,1006.6,94.4,0.0,23.4,2.5,0.0,0.0,100.0
2024-07-14 01:30:00,0,1006.6,94.9,0.0,23.4,2.4,0.0,0.0,100.0
2024-07-14 01:45:00,0,1006.6,95.4,0.0,23.3,2.3,0.0,0.0,100.0
2024-07-14 02:00:00,0,1006.6,95.9,0.0,23.2,2.2,0.0,0.0,100.0
2024-07-14 02:15:00,0,1006.6,96.2,0.0,23.2,2.1,0.0,0.0,100.0
2024-07-14 02:30:00,0,1006.6,96.4,0.0,23.1,2.1,0.0,0.0,100.0
2024-07-14 02:45:00,0,1006.6,96.7,0.0,23.1,2.0,0.0,0.0,100.0
2024-07-14 03:00:00,0,1006.6,97.0,0.0,23.1,2.0,0.0,0.0,100.0
2024-07-14 03:15:00,0,1006.6,97.3,0.0,23.1,1.9,0.0,0.0,100.0
2024-07-14 03:30:00,0,1006.6,97.2,0.0,23.1,1.8,0.0,0.0,100.0
2024-07-14 03:45:00,0,1006.6,97.2,0.0,23.1,1.8,0.0,0.0,100.0
2024-07-14 04:00:00,0,1006.6,96.9,0.0,23.1,1.7,0.0,0.0,100.0
2024-07-14 04:15:00,0,1006.6,96.4,0.0,23.2,1.6,0.0,0.0,100.0
2024-07-14 04:30:00,0,1006.6,96.2,0.0,23.2,1.6,0.0,0.0,100.0
2024-07-14 04:45:00,0,1006.6,95.6,0.0,23.3,1.5,0.0,0.0,100.0
2024-07-14 05:00:00,0,1006.6,95.6,0.0,23.3,1.5,0.0,0.0,100.0
2024-07-14 05:15:00,20,1006.6,95.5,0.0,23.3,1.4,19.0,4.36,100.0
2024-07-14 05:30:00,49,1006.6,95.5,0.0,23.2,1.4,39.0,6.23,100.0
2024-07-14 05:45:00,78,1006.6,95.2,0.0,23.3,1.4,70.0,8.54,100.0
2024-07-14 06:00:00,108,1006.6,95.3,0.0,23.3,1.4,100.0,10.95,100.0
2024-07-14 06:15:00,139,1006.6,95.5,0.0,23.4,1.4,149.0,14.35,100.0
2024-07-14 06:30:00,171,1006.6,95.4,0.0,23.5,1.4,188.0,17.95,100.0
2024-07-14 06:45:00,204,1006.6,95.1,0.0,23.6,1.4,243.0,22.44,100.0
2024-07-14 07:00:00,240,1006.6,94.3,0.0,23.7,1.5,272.0,28.53,100.0
2024-07-14 07:15:00,277,1006.6,93.7,0.0,23.8,1.5,367.0,32.64,100.0
2024-07-14 07:30:00,318,1006.6,93.5,0.0,23.9,1.6,409.0,40.48,100.0
2024-07-14 07:45:00,360,1006.6,93.3,0.0,24.1,1.7,462.0,49.03,100.0
2024-07-14 08:00:00,404,1006.6,92.6,0.0,24.3,1.8,513.0,54.88,100.0
2024-07-14 08:15:00,449,1006.6,91.5,0.0,24.5,1.9,559.0,60.74,100.0
2024-07-14 08:30:00,495,1006.6,90.4,0.0,24.7,2.0,598.0,67.27,100.0
2024-07-14 08:45:00,540,1006.6,89.2,0.0,24.9,2.1,642.0,74.53,100.0
2024-07-14 09:00:00,583,1006.6,88.8,0.0,25.0,2.2,674.0,79.99,100.0
2024-07-14 09:15:00,624,1006.6,88.2,0.0,25.1,2.4,694.0,84.88,100.0
2024-07-14 09:30:00,661,1006.6,88.2,0.0,25.2,2.5,734.0,88.52,100.0
2024-07-14 09:45:00,693,1006.6,87.9,0.0,25.3,2.7,816.0,93.99,100.0
2024-07-14 10:00:00,720,1006.6,87.9,0.0,25.4,2.9,804.0,97.19,100.0
2024-07-14 10:15:00,743,1006.6,87.9,0.0,25.4,3.1,898.0,98.65,100.0
2024-07-14 10:30:00,761,1006.6,87.7,0.0,25.5,3.3,504.0,98.67,100.0
2024-07-14 10:45:00,774,1006.6,87.5,0.0,25.6,3.5,429.0,98.55,100.0
2024-07-14 11:00:00,784,1006.6,86.9,0.0,25.8,3.7,761.0,98.36,100.0
2024-07-14 11:15:00,789,1006.6,85.8,0.0,25.9,3.9,1042.0,98.92,100.0
2024-07-14 11:30:00,791,1006.6,85.7,0.0,26.1,4.1,655.0,91.44,100.0
2024-07-14 11:45:00,790,1006.6,85.6,0.0,26.2,4.3,531.0,84.11,100.0
2024-07-14 12:00:00,786,1006.6,85.0,0.0,26.3,4.5,608.0,70.88,100.0
2024-07-14 12:15:00,780,1006.6,84.5,0.0,26.4,4.7,770.0,96.39,100.0
2024-07-14 12:30:00,772,1006.6,84.7,0.0,26.3,4.9,640.0,47.15,100.0
2024-07-14 12:45:00,763,1006.6,85.3,0.0,26.1,5.1,954.0,99.07,100.0
2024-07-14 13:00:00,752,1006.6,86.2,0.0,26.0,5.3,1068.0,97.71,100.0
2024-07-14 13:15:00,739,1006.6,86.3,0.0,26.1,5.4,944.0,57.8,100.0
2024-07-14 13:30:00,724,1006.6,86.3,0.0,26.1,5.6,881.0,73.03,100.0
2024-07-14 13:45:00,706,1006.6,86.2,0.0,26.1,5.7,627.0,99.4,100.0
2024-07-14 14:00:00,687,1006.6,86.4,0.0,26.1,5.8,909.0,96.52,100.0
2024-07-14 14:15:00,664,1006.6,86.8,0.0,26.1,5.9,900.0,92.71,100.0
2024-07-14 14:30:00,639,1006.6,86.3,0.0,26.1,6.0,841.0,97.43,100.0
2024-07-14 14:45:00,612,1006.6,86.2,0.0,26.2,6.1,291.0,40.34,100.0
2024-07-14 15:00:00,581,1006.6,86.7,0.0,26.2,6.1,710.0,87.49,100.0
2024-07-14 15:15:00,549,1006.6,86.4,0.0,26.2,6.2,737.0,83.88,100.0
2024-07-14 15:30:00,514,1006.6,86.5,0.0,26.2,6.2,643.0,75.06,100.0
2024-07-14 15:45:00,477,1006.6,86.6,0.0,26.2,6.2,612.0,67.98,100.0
2024-07-14 16:00:00,437,1006.6,87.4,0.0,26.3,6.1,567.0,61.76,100.0
2024-07-14 16:15:00,396,1006.6,87.2,0.0,26.3,6.1,525.0,56.32,100.0
2024-07-14 16:30:00,354,1006.6,86.6,0.0,26.3,6.0,501.0,52.07,100.0
2024-07-14 16:45:00,312,1006.6,86.0,0.0,26.4,5.9,192.0,38.3,100.0
2024-07-14 17:00:00,272,1006.6,86.2,0.0,26.4,5.8,426.0,43.38,100.0
2024-07-14 17:15:00,233,1006.6,86.2,0.0,26.4,5.7,147.0,15.66,100.0
2024-07-14 17:30:00,197,1006.6,86.4,0.0,26.4,5.5,266.0,27.9,100.0
2024-07-14 17:45:00,163,1006.6,86.7,0.0,26.4,5.4,240.0,23.74,100.0
2024-07-14 18:00:00,132,1006.6,86.7,0.0,26.4,5.2,184.0,17.84,100.0
2024-07-14 18:15:00,104,1006.6,87.0,0.0,26.4,5.0,117.0,11.74,100.0
2024-07-14 18:30:00,78,1006.6,87.2,0.0,26.4,4.9,77.0,8.66,100.0
2024-07-14 18:45:00,55,1006.6,86.7,0.0,26.4,4.7,42.0,6.19,100.0
2024-07-14 19:00:00,33,1006.6,86.6,0.0,26.4,4.5,22.0,4.41,100.0
2024-07-14 19:15:00,12,1006.6,87.1,0.0,26.4,4.4,0.0,0.0,100.0
2024-07-14 19:30:00,0,1006.6,87.9,0.0,26.4,4.2,0.0,0.0,100.0
2024-07-14 19:45:00,0,1006.7,88.9,0.0,26.3,4.1,0.0,0.0,100.0
2024-07-14 20:00:00,0,1006.7,89.4,0.0,26.3,3.9,0.0,0.0,100.0
2024-07-14 20:15:00,0,1006.7,89.8,0.0,26.3,3.8,0.0,0.0,100.0
2024-07-14 20:30:00,0,1006.7,90.5,0.0,26.2,3.7,0.0,0.0,100.0
2024-07-14 20:45:00,0,1006.7,91.2,0.0,26.2,3.6,0.0,0.0,100.0
2024-07-14 21:00:00,0,1006.7,91.8,0.0,26.1,3.4,0.0,0.0,100.0
2024-07-14 21:15:00,0,1006.7,92.1,0.0,26.0,3.3,0.0,0.0,100.0
2024-07-14 21:30:00,0,1006.7,92.6,0.0,25.9,3.2,0.0,0.0,100.0
2024-07-14 21:45:00,0,1006.7,93.0,0.0,25.9,3.1,0.0,0.0,100.0
2024-07-14 22:00:00,0,1006.7,93.5,0.0,25.8,3.0,0.0,0.0,100.0
2024-07-14 22:15:00,0,1006.7,93.6,0.2,25.8,3.0,0.0,0.0,100.0
2024-07-14 22:30:00,0,1006.6,93.7,0.2,25.8,2.9,0.0,0.0,100.0
2024-07-14 22:45:00,0,1006.6,93.5,0.2,25.7,2.9,0.0,0.0,100.0
2024-07-14 23:00:00,0,1006.6,93.1,0.2,25.6,2.9,0.0,0.0,100.0
2024-07-14 23:15:00,0,1006.6,93.1,0.2,25.5,2.8,0.0,0.0,100.0
2024-07-14 23:30:00,0,1006.6,93.4,0.2,25.5,2.8,0.0,0.0,100.0
2024-07-14 23:45:00,0,1006.6,94.0,0.2,25.4,2.8,0.0,0.0,100.0
2024-07-15 00:00:00,0,1006.6,94.1,0.1,25.3,2.5,0.0,0.0,100.0
2024-07-15 00:15:00,0,1006.6,94.3,0.1,25.3,2.5,0.0,0.0,100.0
2024-07-15 00:30:00,0,1006.6,94.5,0.1,25.2,2.5,0.0,0.0,100.0
2024-07-15 00:45:00,0,1006.6,94.8,0.2,25.2,2.5,0.0,0.0,100.0
2024-07-15 01:00:00,0,1006.6,94.9,0.2,25.1,2.5,0.0,0.0,100.0
2024-07-15 01:15:00,0,1006.6,95.0,0.1,25.0,2.5,0.0,0.0,100.0
2024-07-15 01:30:00,0,1006.6,95.0,0.1,25.0,2.5,0.0,0.0,100.0
2024-07-15 01:45:00,0,1006.6,95.0,0.0,24.9,2.5,0.0,0.0,100.0
2024-07-15 02:00:00,0,1006.6,95.1,0.1,24.9,2.4,0.0,0.0,100.0
2024-07-15 02:15:00,0,1006.6,95.2,0.2,24.8,2.4,0.0,0.0,100.0
2024-07-15 02:30:00,0,1006.6,95.4,0.2,24.8,2.4,0.0,0.0,100.0
2024-07-15 02:45:00,0,1006.6,95.6,0.2,24.7,2.4,0.0,0.0,100.0
2024-07-15 03:00:00,0,1006.6,95.8,0.1,24.6,2.3,0.0,0.0,100.0
2024-07-15 03:15:00,0,1006.6,96.2,0.0,24.6,2.3,0.0,0.0,100.0
2024-07-15 03:30:00,0,1006.6,96.5,0.0,24.5,2.3,0.0,0.0,100.0
2024-07-15 03:45:00,0,1006.6,96.7,0.0,24.5,2.3,0.0,0.0,100.0
2024-07-15 04:00:00,0,1006.6,96.9,0.0,24.4,2.2,0.0,0.0,100.0
2024-07-15 04:15:00,0,1006.6,97.1,0.0,24.3,2.2,0.0,0.0,100.0
2024-07-15 04:30:00,0,1006.6,97.2,0.0,24.3,2.1,0.0,0.0,100.0
2024-07-15 04:45:00,0,1006.6,97.3,0.0,24.2,2.1,0.0,0.0,100.0
2024-07-15 05:00:00,0,1006.6,97.3,0.0,24.2,2.1,0.0,0.0,100.0
2024-07-15 05:15:00,18,1006.6,97.2,0.0,24.2,2.1,11.0,3.69,100.0
2024-07-15 05:30:00,48,1006.6,97.1,0.0,24.2,2.1,28.0,5.15,100.0
2024-07-15 05:45:00,77,1006.6,96.9,0.0,24.2,2.0,39.0,6.1,100.0
2024-07-15 06:00:00,107,1006.6,96.7,0.0,24.3,2.0,92.0,8.43,100.0
2024-07-15 06:15:00,137,1006.6,96.4,0.0,24.3,2.0,105.0,15.33,100.0
2024-07-15 06:30:00,168,1006.6,95.8,0.0,24.5,2.1,122.0,17.08,100.0
2024-07-15 06:45:00,200,1006.6,95.1,0.0,24.6,2.1,281.0,26.26,100.0
2024-07-15 07:00:00,233,1006.6,94.7,0.0,24.7,2.1,357.0,37.78,100.0
2024-07-15 07:15:00,268,1006.6,94.1,0.0,24.9,2.1,369.0,36.61,100.0
2024-07-15 07:30:00,303,1006.6,93.5,0.0,25.0,2.2,417.0,42.05,100.0
2024-07-15 07:45:00,340,1006.6,92.8,0.0,25.2,2.2,476.0,49.79,100.0
2024-07-15 08:00:00,377,1006.6,91.8,0.0,25.4,2.3,504.0,54.18,100.0
2024-07-15 08:15:00,415,1006.6,90.6,0.0,25.6,2.3,476.0,42.71,100.0
2024-07-15 08:30:00,453,1006.7,90.0,0.0,25.7,2.4,608.0,44.18,100.0
2024-07-15 08:45:00,490,1006.7,89.3,0.0,25.9,2.5,612.0,54.66,100.0
2024-07-15 09:00:00,527,1006.7,88.5,0.0,26.0,2.5,725.0,68.14,100.0
2024-07-15 09:15:00,561,1006.7,87.6,0.0,26.1,2.6,848.0,47.78,100.0
2024-07-15 09:30:00,593,1006.7,87.3,0.0,26.2,2.7,795.0,88.05,100.0
2024-07-15 09:45:00,622,1006.7,87.0,0.0,26.3,2.8,851.0,37.85,100.0
2024-07-15 10:00:00,650,1006.7,86.4,0.0,26.4,2.9,247.0,32.32,100.0
2024-07-15 10:15:00,674,1006.7,86.2,0.0,26.5,3.0,783.0,30.41,100.0
2024-07-15 10:30:00,697,1006.7,86.2,0.0,26.5,3.1,181.0,60.13,100.0
2024-07-15 10:45:00,717,1006.7,85.6,0.0,26.6,3.2,162.0,30.83,100.0
2024-07-15 11:00:00,733,1006.7,84.9,0.0,26.7,3.3,241.0,19.64,100.0
2024-07-15 11:15:00,747,1006.7,84.3,0.0,26.8,3.4,249.0,22.17,100.0
2024-07-15 11:30:00,757,1006.7,83.8,0.0,26.9,3.5,564.0,57.94,100.0
2024-07-15 11:45:00,764,1006.7,83.2,0.0,27.0,3.6,559.0,76.59,100.0
2024-07-15 12:00:00,767,1006.7,82.6,0.0,27.2,3.7,628.0,58.1,100.0
2024-07-15 12:15:00,766,1006.7,82.7,0.0,27.2,3.8,477.0,51.56,100.0
2024-07-15 12:30:00,762,1006.7,83.2,0.0,27.1,4.0,379.0,46.64,100.0
2024-07-15 12:45:00,753,1006.7,82.7,0.0,27.1,4.1,735.0,47.45,100.0
2024-07-15 13:00:00,741,1006.7,82.6,0.0,27.1,4.2,500.0,42.52,100.0
2024-07-15 13:15:00,725,1006.7,82.7,0.0,27.1,4.3,343.0,41.25,100.0
2024-07-15 13:30:00,706,1006.7,82.3,0.0,27.1,4.4,996.0,39.66,100.0
2024-07-15 13:45:00,684,1006.7,81.8,0.0,27.2,4.6,308.0,42.1,100.0
2024-07-15 14:00:00,659,1006.7,81.3,0.0,27.2,4.7,568.0,39.85,100.0
2024-07-15 14:15:00,631,1006.6,81.5,0.0,27.2,4.7,503.0,79.52,100.0
2024-07-15 14:30:00,601,1006.6,81.2,0.0,27.2,4.8,282.0,53.96,100.0
2024-07-15 14:45:00,569,1006.6,81.5,0.0,27.1,4.9,693.0,48.05,100.0
2024-07-15 15:00:00,535,1006.6,81.5,0.0,27.1,4.9,242.0,40.07,100.0
2024-07-15 15:15:00,500,1006.6,80.9,0.0,27.1,5.0,240.0,48.65,100.0
2024-07-15 15:30:00,463,1006.6,81.1,0.0,27.2,5.0,187.0,25.55,100.0
2024-07-15 15:45:00,426,1006.6,82.8,0.0,27.0,5.0,329.0,51.05,100.0
2024-07-15 16:00:00,387,1006.6,83.7,0.0,26.9,4.9,239.0,24.63,100.0
2024-07-15 16:15:00,346,1006.6,83.8,0.0,26.9,4.9,118.0,25.1,100.0
2024-07-15 16:30:00,306,1006.6,83.9,0.0,26.9,4.8,190.0,19.57,100.0
2024-07-15 16:45:00,266,1006.6,83.2,0.0,26.9,4.8,110.0,12.21,100.0
2024-07-15 17:00:00,229,1006.6,83.0,0.0,27.0,4.7,88.0,16.05,100.0
2024-07-15 17:15:00,193,1006.6,82.8,0.0,27.0,4.6,63.0,9.31,100.0
2024-07-15 17:30:00,160,1006.6,82.6,0.0,27.1,4.5,77.0,12.87,100.0
2024-07-15 17:45:00,131,1006.6,82.5,0.0,27.1,4.4,139.0,18.15,100.0
2024-07-15 18:00:00,104,1006.6,82.4,0.0,27.1,4.3,127.0,13.66,100.0
2024-07-15 18:15:00,80,1006.6,82.8,0.0,27.1,4.2,53.0,7.16,100.0
2024-07-15 18:30:00,59,1006.6,83.8,0.1,27.0,4.1,38.0,6.42,100.0
2024-07-15 18:45:00,41,1006.6,84.7,0.0,27.0,4.0,30.0,5.31,100.0
2024-07-15 19:00:00,24,1006.6,85.4,0.0,26.9,3.9,13.0,3.77,100.0
2024-07-15 19:15:00,8,1006.6,86.0,0.0,26.8,3.8,0.0,0.0,100.0
2024-07-15 19:30:00,0,1006.6,86.6,0.0,26.8,3.7,0.0,0.0,100.0
2024-07-15 19:45:00,0,1006.6,86.7,0.0,26.8,3.6,0.0,0.0,100.0
2024-07-15 20:00:00,0,1006.6,86.8,0.0,26.8,3.5,0.0,0.0,100.0
2024-07-15 20:15:00,0,1006.6,87.4,0.0,26.7,3.4,0.0,0.0,100.0
2024-07-15 20:30:00,0,1006.6,88.8,0.0,26.6,3.4,0.0,0.0,100.0
2024-07-15 20:45:00,0,1006.6,89.9,0.0,26.4,3.3,0.0,0.0,100.0
2024-07-15 21:00:00,0,1006.6,90.1,0.0,26.4,3.3,0.0,0.0,100.0
2024-07-15 21:15:00,0,1006.6,89.7,0.0,26.3,3.3,0.0,0.0,100.0
2024-07-15 21:30:00,0,1006.6,89.9,0.0,26.2,3.3,0.0,0.0,100.0
2024-07-15 21:45:00,0,1006.6,90.3,0.0,26.1,3.3,0.0,0.0,100.0
2024-07-15 22:00:00,0,1006.6,90.6,0.0,26.0,3.3,0.0,0.0,100.0
2024-07-15 22:15:00,0,1006.6,91.2,0.0,25.9,3.3,0.0,0.0,100.0
2024-07-15 22:30:00,0,1006.6,91.9,0.0,25.7,3.4,0.0,0.0,100.0
2024-07-15 22:45:00,0,1006.6,92.6,0.0,25.6,3.4,0.0,0.0,100.0
2024-07-15 23:00:00,0,1006.6,93.4,0.0,25.5,3.4,0.0,0.0,100.0
2024-07-15 23:15:00,0,1006.6,94.0,0.0,25.4,3.5,0.0,0.0,100.0
2024-07-15 23:30:00,0,1006.6,94.5,0.0,25.3,3.6,0.0,0.0,100.0
2024-07-15 23:45:00,0,1006.6,94.7,0.0,25.2,3.6,0.0,0.0,100.0
2024-07-16 00:00:00,0,1006.6,92.1,0.0,25.4,4.5,0.0,0.0,100.0
2024-07-16 00:15:00,0,1006.6,93.2,0.0,25.3,4.6,0.0,0.0,100.0
2024-07-16 00:30:00,0,1006.6,94.1,0.0,25.2,4.7,0.0,0.0,100.0
2024-07-16 00:45:00,0,1006.6,94.8,0.0,25.1,4.7,0.0,0.0,100.0
2024-07-16 01:00:00,0,1006.6,95.3,0.0,25.1,4.7,0.0,0.0,100.0
2024-07-16 01:15:00,0,1006.6,95.6,0.0,25.0,4.7,0.0,0.0,100.0
2024-07-16 01:30:00,0,1006.6,96.0,0.0,25.0,4.7,0.0,0.0,100.0
2024-07-16 01:45:00,0,1006.6,96.4,0.0,24.9,4.7,0.0,0.0,100.0
2024-07-16 02:00:00,0,1006.6,96.8,0.0,24.9,4.7,0.0,0.0,100.0
2024-07-16 02:15:00,0,1006.6,97.1,0.0,24.8,4.7,0.0,0.0,100.0
2024-07-16 02:30:00,0,1006.6,97.3,0.0,24.8,4.7,0.0,0.0,100.0
2024-07-16 02:45:00,0,1006.6,97.7,0.0,24.7,4.7,0.0,0.0,100.0
2024-07-16 03:00:00,0,1006.6,97.9,0.0,24.7,4.7,0.0,0.0,100.0
2024-07-16 03:15:00,0,1006.6,98.0,0.0,24.7,4.6,0.0,0.0,100.0
2024-07-16 03:30:00,0,1006.6,98.0,0.0,24.7,4.6,0.0,0.0,100.0
2024-07-16 03:45:00,0,1006.6,97.4,0.0,24.7,4.6,0.0,0.0,100.0
2024-07-16 04:00:00,0,1006.6,97.0,0.0,24.7,4.6,0.0,0.0,100.0
2024-07-16 04:15:00,0,1006.6,97.1,0.0,24.7,4.6,0.0,0.0,100.0
2024-07-16 04:30:00,0,1006.6,97.2,0.0,24.8,4.6,0.0,0.0,100.0
2024-07-16 04:45:00,0,1006.6,97.5,0.0,24.7,4.6,0.0,0.0,100.0
2024-07-16 05:00:00,0,1006.6,97.7,0.0,24.8,4.5,0.0,0.0,100.0
2024-07-16 05:15:00,5,1006.6,97.9,0.0,24.8,4.5,3.0,2.79,100.0
2024-07-16 05:30:00,14,1006.6,98.1,0.0,24.8,4.4,1.0,2.77,100.0
2024-07-16 05:45:00,23,1006.6,98.3,0.0,24.8,4.4,1.0,2.75,100.0
2024-07-16 06:00:00,32,1006.6,98.2,0.0,24.9,4.3,2.0,2.83,100.0
2024-07-16 06:15:00,41,1006.6,98.1,0.0,25.0,4.3,33.0,7.77,100.0
2024-07-16 06:30:00,50,1006.6,97.8,0.0,25.1,4.3,65.0,8.1,100.0
2024-07-16 06:45:00,58,1006.6,97.5,0.0,25.1,4.2,71.0,8.39,100.0
2024-07-16 07:00:00,65,1006.6,97.4,0.3,25.3,4.2,57.0,7.23,100.0
2024-07-16 07:15:00,70,1006.6,96.8,0.0,25.4,4.2,36.0,5.65,100.0
2024-07-16 07:30:00,74,1006.6,96.1,0.0,25.5,4.3,40.0,7.6,100.0
2024-07-16 07:45:00,77,1006.6,95.4,0.2,25.5,4.3,57.0,7.32,100.0
2024-07-16 08:00:00,78,1006.6,95.0,0.0,25.6,4.3,44.0,6.68,100.0
2024-07-16 08:15:00,78,1006.6,94.7,0.2,25.6,4.3,46.0,7.09,100.0
2024-07-16 08:30:00,79,1006.6,94.1,0.0,25.8,4.3,38.0,6.82,100.0
2024-07-16 08:45:00,80,1006.6,93.1,0.1,26.1,4.3,48.0,8.64,100.0
2024-07-16 09:00:00,83,1006.6,91.9,0.1,26.4,4.4,46.0,7.59,100.0
2024-07-16 09:15:00,87,1006.6,90.5,0.2,26.7,4.4,54.0,8.71,100.0
2024-07-16 09:30:00,95,1006.6,90.0,0.0,26.8,4.5,97.0,16.78,100.0
2024-07-16 09:45:00,108,1006.6,89.1,0.0,27.0,4.6,126.0,11.27,100.0
2024-07-16 10:00:00,126,1006.6,89.3,0.3,27.1,4.7,56.0,7.72,100.0
2024-07-16 10:15:00,149,1006.6,89.3,0.0,27.1,4.8,45.0,10.46,100.0
2024-07-16 10:30:00,177,1006.6,87.6,0.0,27.3,5.0,33.0,12.04,100.0
2024-07-16 10:45:00,208,1006.6,84.6,0.0,27.6,5.0,295.0,32.57,100.0
2024-07-16 11:00:00,241,1006.6,83.5,0.0,27.8,5.1,91.0,26.29,100.0
2024-07-16 11:15:00,276,1006.6,84.0,0.0,27.9,5.2,348.0,57.68,100.0
2024-07-16 11:30:00,309,1006.6,87.1,0.0,27.6,5.3,433.0,41.64,100.0
2024-07-16 11:45:00,341,1006.6,86.7,0.0,27.9,5.4,379.0,48.99,100.0
2024-07-16 12:00:00,369,1006.6,82.9,0.0,28.2,5.5,329.0,21.52,100.0
2024-07-16 12:15:00,393,1006.6,82.0,0.0,28.2,5.5,431.0,47.58,100.0
2024-07-16 12:30:00,409,1006.6,83.1,0.0,28.1,5.6,92.0,11.57,100.0
2024-07-16 12:45:00,419,1006.6,83.4,0.3,28.1,5.6,127.0,14.65,100.0
2024-07-16 13:00:00,424,1006.6,84.3,0.3,28.0,5.7,117.0,12.99,100.0
2024-07-16 13:15:00,423,1006.6,85.0,0.3,28.0,5.8,79.0,10.05,100.0
2024-07-16 13:30:00,419,1006.6,84.9,0.3,28.0,5.9,151.0,18.69,100.0
2024-07-16 13:45:00,411,1006.6,84.2,0.3,28.1,5.9,148.0,23.57,100.0
2024-07-16 14:00:00,400,1006.6,83.7,0.1,28.2,6.0,170.0,40.45,100.0
2024-07-16 14:15:00,386,1006.6,83.7,0.2,28.3,6.0,236.0,24.35,100.0
2024-07-16 14:30:00,370,1006.6,82.9,0.1,28.3,6.0,172.0,21.3,100.0
2024-07-16 14:45:00,353,1006.6,81.4,0.0,28.4,6.1,187.0,14.6,100.0
2024-07-16 15:00:00,334,1006.6,79.7,0.0,28.7,6.1,94.0,8.79,100.0
2024-07-16 15:15:00,314,1006.6,79.2,0.0,28.9,6.1,85.0,8.88,100.0
2024-07-16 15:30:00,295,1006.6,80.4,0.0,28.9,6.1,106.0,8.42,100.0
2024-07-16 15:45:00,275,1006.6,81.2,0.0,28.7,6.1,71.0,6.67,100.0
2024-07-16 16:00:00,254,1006.6,84.3,0.0,28.4,6.1,84.0,10.27,100.0
2024-07-16 16:15:00,231,1006.6,85.2,0.0,28.3,6.1,102.0,11.98,100.0
2024-07-16 16:30:00,209,1006.6,85.3,0.3,28.3,6.1,77.0,13.69,100.0
2024-07-16 16:45:00,186,1006.6,83.4,0.3,28.3,6.1,137.0,17.43,100.0
2024-07-16 17:00:00,163,1006.6,83.4,0.2,28.2,6.1,129.0,17.12,100.0
2024-07-16 17:15:00,141,1006.6,84.2,0.0,28.1,6.1,110.0,13.73,100.0
2024-07-16 17:30:00,121,1006.6,85.4,0.0,27.9,6.1,95.0,11.17,100.0
2024-07-16 17:45:00,101,1006.6,85.9,0.0,27.8,6.1,90.0,10.87,100.0
2024-07-16 18:00:00,83,1006.6,87.5,0.0,27.6,6.1,67.0,7.97,100.0
2024-07-16 18:15:00,65,1006.6,88.8,0.0,27.5,6.1,25.0,3.31,100.0
2024-07-16 18:30:00,50,1006.6,88.8,0.1,27.4,6.1,15.0,1.68,100.0
2024-07-16 18:45:00,35,1006.6,89.6,0.3,27.2,6.0,12.0,1.8,100.0
2024-07-16 19:00:00,20,1006.6,91.3,0.3,26.9,6.0,9.0,1.38,100.0
2024-07-16 19:15:00,7,1006.6,92.6,0.3,26.6,5.9,0.0,0.0,100.0
2024-07-16 19:30:00,0,1006.6,92.9,0.3,26.5,5.9,0.0,0.0,100.0
2024-07-16 19:45:00,0,1006.6,93.9,0.2,26.4,5.9,0.0,0.0,100.0
2024-07-16 20:00:00,0,1006.6,95.0,0.0,26.3,5.8,0.0,0.0,100.0
2024-07-16 20:15:00,0,1006.6,95.9,0.1,26.2,5.8,0.0,0.0,100.0
2024-07-16 20:30:00,0,1006.6,96.5,0.3,26.1,5.7,0.0,0.0,100.0
2024-07-16 20:45:00,0,1006.6,96.8,0.0,26.1,5.6,0.0,0.0,100.0
2024-07-16 21:00:00,0,1006.6,97.2,0.2,26.1,5.6,0.0,0.0,100.0
2024-07-16 21:15:00,0,1006.6,97.5,0.0,26.2,5.5,0.0,0.0,100.0
2024-07-16 21:30:00,0,1006.6,97.5,0.0,26.3,5.5,0.0,0.0,100.0
2024-07-16 21:45:00,0,1006.6,97.0,0.0,26.3,5.4,0.0,0.0,100.0
2024-07-16 22:00:00,0,1006.6,96.8,0.1,26.4,5.4,0.0,0.0,100.0
2024-07-16 22:15:00,0,1006.6,96.7,0.0,26.4,5.3,0.0,0.0,100.0
2024-07-16 22:30:00,0,1006.6,96.6,0.2,26.4,5.3,0.0,0.0,100.0
2024-07-16 22:45:00,0,1006.6,96.5,0.2,26.5,5.3,0.0,0.0,100.0
2024-07-16 23:00:00,0,1006.6,96.4,0.0,26.5,5.3,0.0,0.0,100.0
2024-07-16 23:15:00,0,1006.6,96.3,0.0,26.5,5.3,0.0,0.0,100.0
2024-07-16 23:30:00,0,1006.6,96.2,0.0,26.5,5.3,0.0,0.0,100.0
2024-07-16 23:45:00,0,1006.6,96.3,0.0,26.5,5.2,0.0,0.0,100.0
2024-07-17 00:00:00,0,1006.6,97.1,0.1,26.1,5.4,0.0,0.0,100.0
2024-07-17 00:15:00,0,1006.6,96.9,0.0,26.1,5.3,0.0,0.0,100.0
2024-07-17 00:30:00,0,1006.6,96.8,0.0,26.1,5.2,0.0,0.0,100.0
2024-07-17 00:45:00,0,1006.6,97.0,0.1,26.1,5.2,0.0,0.0,100.0
2024-07-17 01:00:00,0,1006.6,97.4,0.3,26.1,5.1,0.0,0.0,100.0
2024-07-17 01:15:00,0,1006.6,97.5,0.1,26.0,5.0,0.0,0.0,100.0
2024-07-17 01:30:00,0,1006.6,97.6,0.0,26.0,4.9,0.0,0.0,100.0
2024-07-17 01:45:00,0,1006.6,97.4,0.3,26.1,4.9,0.0,0.0,100.0
2024-07-17 02:00:00,0,1006.6,97.3,0.3,26.1,4.8,0.0,0.0,100.0
2024-07-17 02:15:00,0,1006.6,97.5,0.4,26.1,4.7,0.0,0.0,100.0
2024-07-17 02:30:00,0,1006.6,97.8,0.4,26.1,4.6,0.0,0.0,100.0
2024-07-17 02:45:00,0,1006.6,97.9,0.4,26.1,4.6,0.0,0.0,100.0
2024-07-17 03:00:00,0,1006.6,97.9,0.3,26.1,4.5,0.0,0.0,100.0
2024-07-17 03:15:00,0,1006.6,97.8,0.4,26.1,4.4,0.0,0.0,100.0
2024-07-17 03:30:00,0,1006.6,97.9,0.3,26.1,4.3,0.0,0.0,100.0
2024-07-17 03:45:00,0,1006.6,98.1,0.5,26.1,4.3,0.0,0.0,100.0
2024-07-17 04:00:00,0,1006.6,98.2,0.5,26.1,4.2,0.0,0.0,100.0
2024-07-17 04:15:00,0,1006.6,98.2,0.6,26.1,4.2,0.0,0.0,100.0
2024-07-17 04:30:00,0,1006.6,98.3,0.6,26.1,4.1,0.0,0.0,100.0
2024-07-17 04:45:00,0,1006.6,98.3,0.6,26.1,4.0,0.0,0.0,100.0
2024-07-17 05:00:00,0,1006.6,98.3,0.6,26.1,4.0,0.0,0.0,100.0
2024-07-17 05:15:00,9,1006.6,98.1,0.6,26.2,3.9,7.0,1.07,100.0
2024-07-17 05:30:00,24,1006.6,98.1,0.5,26.2,3.8,6.0,0.63,100.0
2024-07-17 05:45:00,40,1006.6,98.1,0.5,26.2,3.8,3.0,0.61,100.0
2024-07-17 06:00:00,57,1006.6,98.0,0.3,26.2,3.7,4.0,0.54,100.0
2024-07-17 06:15:00,74,1006.6,98.1,0.3,26.3,3.6,6.0,0.96,100.0
2024-07-17 06:30:00,91,1006.6,98.1,0.1,26.3,3.5,20.0,4.13,100.0
2024-07-17 06:45:00,110,1006.6,98.1,0.0,26.3,3.5,55.0,6.36,100.0
2024-07-17 07:00:00,132,1006.6,98.1,0.3,26.4,3.5,30.0,3.81,100.0
2024-07-17 07:15:00,155,1006.6,98.1,0.3,26.4,3.4,20.0,5.32,100.0
2024-07-17 07:30:00,182,1006.6,98.0,0.3,26.4,3.4,22.0,3.99,100.0
2024-07-17 07:45:00,210,1006.6,97.5,0.4,26.6,3.4,84.0,12.54,100.0
2024-07-17 08:00:00,241,1006.6,97.3,0.0,26.8,3.4,122.0,14.82,100.0
2024-07-17 08:15:00,272,1006.6,97.4,0.0,26.9,3.4,211.0,28.7,100.0
2024-07-17 08:30:00,303,1006.6,97.4,0.1,26.8,3.4,235.0,20.19,100.0
2024-07-17 08:45:00,334,1006.6,97.1,0.0,26.9,3.4,92.0,11.7,100.0
2024-07-17 09:00:00,362,1006.6,96.7,0.0,27.0,3.5,144.0,12.72,100.0
2024-07-17 09:15:00,387,1006.6,96.3,0.0,27.1,3.6,94.0,20.88,100.0
2024-07-17 09:30:00,407,1006.6,96.3,0.0,27.1,3.6,65.0,9.33,100.0
2024-07-17 09:45:00,420,1006.6,96.7,0.0,27.1,3.7,122.0,17.17,100.0
2024-07-17 10:00:00,425,1006.6,96.4,0.0,27.2,3.7,299.0,21.01,100.0
2024-07-17 10:15:00,423,1006.6,95.9,0.0,27.3,3.8,551.0,52.85,100.0
2024-07-17 10:30:00,413,1006.6,95.7,0.0,27.3,3.8,393.0,57.75,100.0
2024-07-17 10:45:00,397,1006.6,96.0,0.1,27.3,3.8,364.0,52.45,100.0
2024-07-17 11:00:00,378,1006.6,96.3,0.3,27.2,3.8,144.0,43.03,100.0
2024-07-17 11:15:00,355,1006.6,96.5,0.3,27.2,3.9,499.0,62.96,100.0
2024-07-17 11:30:00,331,1006.6,97.0,0.3,27.1,3.9,1200.0,75.41,100.0
2024-07-17 11:45:00,308,1006.6,95.7,0.3,26.9,4.0,351.0,35.13,100.0
2024-07-17 12:00:00,288,1006.6,94.7,0.2,27.0,4.0,122.0,33.01,100.0
2024-07-17 12:15:00,271,1006.6,93.4,0.2,27.1,4.0,161.0,31.24,100.0
2024-07-17 12:30:00,261,1006.6,92.7,0.2,27.2,4.0,322.0,31.1,100.0
2024-07-17 12:45:00,258,1006.6,92.5,0.0,27.3,4.0,193.0,21.07,100.0
2024-07-17 13:00:00,262,1006.6,92.2,0.0,27.3,4.0,183.0,15.11,100.0
2024-07-17 13:15:00,272,1006.6,91.6,0.0,27.3,4.0,262.0,18.59,100.0
2024-07-17 13:30:00,286,1006.6,91.5,0.0,27.3,3.9,414.0,37.22,100.0
2024-07-17 13:45:00,303,1006.6,92.1,0.0,27.2,3.9,363.0,53.84,100.0
2024-07-17 14:00:00,319,1006.6,92.7,0.3,27.0,3.8,523.0,62.11,100.0
2024-07-17 14:15:00,334,1006.6,93.9,0.2,26.9,3.8,539.0,90.13,100.0
2024-07-17 14:30:00,346,1006.6,94.5,0.3,26.7,3.8,406.0,45.31,100.0
2024-07-17 14:45:00,353,1006.6,95.4,0.3,26.6,3.8,491.0,57.46,100.0
2024-07-17 15:00:00,355,1006.6,95.6,0.0,26.6,3.7,514.0,48.35,100.0
2024-07-17 15:15:00,349,1006.6,95.6,0.0,26.6,3.6,234.0,23.17,100.0
2024-07-17 15:30:00,337,1006.6,95.2,0.0,26.7,3.5,268.0,24.67,100.0
2024-07-17 15:45:00,317,1006.6,94.3,0.0,26.9,3.4,264.0,28.35,100.0
2024-07-17 16:00:00,291,1006.6,94.0,0.0,26.9,3.4,241.0,25.44,100.0
2024-07-17 16:15:00,261,1006.6,94.8,0.0,26.9,3.3,181.0,20.79,100.0
2024-07-17 16:30:00,229,1006.6,95.3,0.0,26.8,3.3,117.0,14.39,100.0
2024-07-17 16:45:00,197,1006.6,95.4,0.0,26.8,3.2,90.0,11.53,100.0
2024-07-17 17:00:00,165,1006.6,96.2,0.0,26.7,3.1,69.0,9.07,100.0
2024-07-17 17:15:00,135,1006.6,96.4,0.0,26.7,3.0,69.0,9.43,100.0
2024-07-17 17:30:00,108,1006.6,96.4,0.0,26.6,3.0,64.0,7.83,100.0
2024-07-17 17:45:00,84,1006.6,94.4,0.0,26.6,3.0,48.0,5.86,100.0
2024-07-17 18:00:00,64,1006.6,94.4,0.0,26.5,3.0,34.0,4.3,100.0
2024-07-17 18:15:00,47,1006.6,94.9,0.0,26.5,3.0,43.0,6.15,100.0
2024-07-17 18:30:00,33,1006.6,95.0,0.0,26.3,3.0,65.0,7.37,100.0
2024-07-17 18:45:00,22,1006.6,95.4,0.0,26.2,3.0,15.0,1.92,100.0
2024-07-17 19:00:00,12,1006.6,94.9,0.0,26.2,3.0,6.0,1.03,100.0
2024-07-17 19:15:00,4,1006.6,94.9,0.0,26.2,2.9,0.0,0.0,100.0
2024-07-17 19:30:00,0,1006.6,94.9,0.0,26.2,2.9,0.0,0.0,100.0
2024-07-17 19:45:00,0,1006.6,95.0,0.0,26.2,2.9,0.0,0.0,100.0
2024-07-17 20:00:00,0,1006.6,95.1,0.0,26.2,2.9,0.0,0.0,100.0
2024-07-17 20:15:00,0,1006.6,94.7,0.0,26.2,2.9,0.0,0.0,100.0
2024-07-17 20:30:00,0,1006.6,93.7,0.0,26.2,2.9,0.0,0.0,100.0
2024-07-17 20:45:00,0,1006.6,93.3,0.0,26.3,2.8,0.0,0.0,100.0
2024-07-17 21:00:00,0,1006.6,92.9,0.0,26.3,2.9,0.0,0.0,100.0
2024-07-17 21:15:00,0,1006.6,92.1,0.0,26.3,2.8,0.0,0.0,100.0
2024-07-17 21:30:00,0,1006.6,91.3,0.0,26.3,2.8,0.0,0.0,100.0
2024-07-17 21:45:00,0,1006.6,90.5,0.0,26.3,2.8,0.0,0.0,100.0
2024-07-17 22:00:00,0,1006.6,90.4,0.0,26.2,2.8,0.0,0.0,100.0
2024-07-17 22:15:00,0,1006.6,91.3,0.0,26.2,2.8,0.0,0.0,100.0
2024-07-17 22:30:00,0,1006.6,91.6,0.0,26.1,2.8,0.0,0.0,100.0
2024-07-17 22:45:00,0,1006.6,91.2,0.0,26.2,2.8,0.0,0.0,100.0
2024-07-17 23:00:00,0,1006.6,89.6,0.0,26.2,2.7,0.0,0.0,100.0
2024-07-17 23:15:00,0,1006.6,89.1,0.0,26.2,2.7,0.0,0.0,100.0
2024-07-17 23:30:00,0,1006.6,90.5,0.0,26.1,2.6,0.0,0.0,100.0
2024-07-17 23:45:00,0,1006.6,91.1,0.0,26.1,2.6,0.0,0.0,100.0
2024-07-31 00:00:00,0,1006.6,90.0,0.0,27.6,6.6,0.0,0.0,100.0
2024-07-31 00:15:00,0,1006.6,90.3,0.0,27.6,6.6,0.0,0.0,100.0
2024-07-31 00:30:00,0,1006.6,90.5,0.0,27.5,6.6,0.0,0.0,100.0
2024-07-31 00:45:00,0,1006.6,90.7,0.0,27.5,6.5,0.0,0.0,100.0
2024-07-31 01:00:00,0,1006.6,90.9,0.0,27.5,6.5,0.0,0.0,100.0
2024-07-31 01:15:00,0,1006.6,91.2,0.0,27.4,6.4,0.0,0.0,100.0
2024-07-31 01:30:00,0,1006.6,91.6,0.0,27.4,6.3,0.0,0.0,100.0
2024-07-31 01:45:00,0,1006.6,92.0,0.0,27.4,6.3,0.0,0.0,100.0
2024-07-31 02:00:00,0,1006.6,92.4,0.0,27.3,6.2,0.0,0.0,100.0
2024-07-31 02:15:00,0,1006.6,92.8,0.0,27.3,6.1,0.0,0.0,100.0
2024-07-31 02:30:00,0,1006.6,93.1,0.0,27.3,6.1,0.0,0.0,100.0
2024-07-31 02:45:00,0,1006.6,93.5,0.0,27.3,6.1,0.0,0.0,100.0
2024-07-31 03:00:00,0,1006.6,94.0,0.0,27.3,6.0,0.0,0.0,100.0
2024-07-31 03:15:00,0,1006.6,94.4,0.0,27.3,6.0,0.0,0.0,100.0
2024-07-31 03:30:00,0,1006.6,94.8,0.0,27.3,6.0,0.0,0.0,100.0
2024-07-31 03:45:00,0,1006.6,95.2,0.0,27.3,6.0,0.0,0.0,100.0
2024-07-31 04:00:00,0,1006.6,95.5,0.0,27.3,6.0,0.0,0.0,100.0
2024-07-31 04:15:00,0,1006.6,95.8,0.0,27.3,6.0,0.0,0.0,100.0
2024-07-31 04:30:00,0,1006.6,96.1,0.0,27.3,6.0,0.0,0.0,100.0
2024-07-31 04:45:00,0,1006.6,96.4,0.0,27.3,5.9,0.0,0.0,100.0
2024-07-31 05:00:00,0,1006.6,96.7,0.0,27.3,5.9,0.0,0.0,100.0
2024-07-31 05:15:00,0,1006.6,96.8,0.0,27.3,5.9,0.0,0.0,100.0
2024-07-31 05:30:00,24,1006.6,96.9,0.0,27.3,5.9,19.0,2.19,100.0
2024-07-31 05:45:00,53,1006.6,97.0,0.0,27.3,5.9,49.0,3.82,100.0
2024-07-31 06:00:00,82,1006.6,96.9,0.0,27.4,5.9,84.0,5.46,100.0
2024-07-31 06:15:00,112,1006.6,96.5,0.0,27.5,5.9,122.0,8.47,100.0
2024-07-31 06:30:00,143,1006.6,95.9,0.0,27.7,5.9,169.0,12.5,100.0
2024-07-31 06:45:00,175,1006.6,95.3,0.0,27.9,5.9,225.0,18.57,100.0
2024-07-31 07:00:00,210,1006.6,94.5,0.0,28.1,5.9,276.0,24.78,100.0
2024-07-31 07:15:00,246,1006.6,93.3,0.0,28.4,6.0,340.0,32.65,100.0
2024-07-31 07:30:00,285,1006.6,92.0,0.0,28.7,6.0,390.0,39.04,100.0
2024-07-31 07:45:00,326,1006.6,90.6,0.0,29.0,6.0,449.0,46.99,100.0
2024-07-31 08:00:00,369,1006.6,89.1,0.0,29.2,5.9,491.0,52.83,100.0
2024-07-31 08:15:00,413,1006.6,87.6,0.0,29.5,5.9,539.0,60.29,100.0
2024-07-31 08:30:00,458,1006.6,86.4,0.0,29.7,5.8,577.0,66.42,100.0
2024-07-31 08:45:00,502,1006.6,85.3,0.0,29.9,5.8,621.0,72.75,100.0
2024-07-31 09:00:00,546,1006.6,84.2,0.0,30.1,5.7,670.0,83.79,100.0
2024-07-31 09:15:00,587,1006.6,83.1,0.0,30.3,5.7,704.0,84.68,100.0
2024-07-31 09:30:00,625,1006.6,82.0,0.0,30.5,5.6,756.0,91.95,100.0
2024-07-31 09:45:00,659,1006.6,80.4,0.0,30.8,5.6,801.0,97.31,100.0
2024-07-31 10:00:00,689,1006.7,78.4,0.0,31.0,5.6,826.0,98.39,100.0
2024-07-31 10:15:00,716,1006.7,76.9,0.0,31.3,5.7,848.0,99.4,100.0
2024-07-31 10:30:00,739,1006.7,75.7,0.0,31.5,5.7,980.0,98.11,100.0
2024-07-31 10:45:00,758,1006.7,73.9,0.0,31.7,5.8,673.0,86.57,100.0
2024-07-31 11:00:00,774,1006.7,72.5,0.0,32.0,5.9,283.0,38.6,100.0
2024-07-31 11:15:00,786,1006.7,70.7,0.0,32.1,6.0,742.0,64.77,100.0
2024-07-31 11:30:00,794,1006.7,68.9,0.0,32.3,6.1,827.0,98.14,100.0
2024-07-31 11:45:00,799,1006.7,67.9,0.0,32.4,6.3,893.0,66.96,100.0
2024-07-31 12:00:00,801,1006.7,66.4,0.0,32.6,6.4,756.0,69.42,100.0
2024-07-31 12:15:00,799,1006.7,65.1,0.0,32.7,6.5,554.0,70.02,100.0
2024-07-31 12:30:00,794,1006.7,64.7,0.0,32.7,6.6,482.0,61.68,100.0
2024-07-31 12:45:00,787,1006.7,64.0,0.0,32.8,6.6,428.0,52.19,100.0
2024-07-31 13:00:00,777,1006.7,63.0,0.0,32.9,6.7,410.0,61.06,100.0
2024-07-31 13:15:00,765,1006.7,62.7,0.0,32.9,6.7,466.0,56.72,100.0
2024-07-31 13:30:00,750,1006.7,62.9,0.0,33.0,6.8,1015.0,99.94,100.0
2024-07-31 13:45:00,732,1006.7,62.8,0.0,33.0,6.8,891.0,99.55,100.0
2024-07-31 14:00:00,711,1006.7,62.3,0.0,33.0,6.8,852.0,98.73,100.0
2024-07-31 14:15:00,687,1006.7,62.1,0.0,33.0,6.8,805.0,96.15,100.0
2024-07-31 14:30:00,660,1006.7,63.1,0.0,32.9,6.8,772.0,77.98,100.0
2024-07-31 14:45:00,629,1006.7,63.0,0.0,32.9,6.8,795.0,80.01,100.0
2024-07-31 15:00:00,595,1006.7,63.9,0.0,32.9,6.8,756.0,70.98,100.0
2024-07-31 15:15:00,559,1006.7,65.8,0.0,32.8,6.8,670.0,59.22,100.0
2024-07-31 15:30:00,520,1006.7,65.4,0.0,32.7,6.8,670.0,74.45,100.0
2024-07-31 15:45:00,478,1006.7,65.6,0.0,32.7,6.8,587.0,65.97,100.0
2024-07-31 16:00:00,433,1006.6,65.7,0.0,32.6,6.8,563.0,44.36,100.0
2024-07-31 16:15:00,386,1006.6,67.8,0.0,32.4,6.8,492.0,51.6,100.0
2024-07-31 16:30:00,339,1006.6,68.5,0.0,32.2,6.7,424.0,45.94,100.0
2024-07-31 16:45:00,292,1006.6,70.7,0.0,32.1,6.7,388.0,39.81,100.0
2024-07-31 17:00:00,248,1006.6,71.4,0.1,31.9,6.6,368.0,36.67,100.0
2024-07-31 17:15:00,206,1006.6,72.3,0.0,31.7,6.6,281.0,27.32,100.0
2024-07-31 17:30:00,168,1006.6,71.9,0.0,31.6,6.5,231.0,21.01,100.0
2024-07-31 17:45:00,133,1006.6,73.4,0.0,31.5,6.5,173.0,14.58,100.0
2024-07-31 18:00:00,103,1006.6,75.0,0.0,31.4,6.4,126.0,9.96,100.0
2024-07-31 18:15:00,76,1006.6,78.8,0.0,31.1,6.3,81.0,5.62,100.0
2024-07-31 18:30:00,53,1006.6,81.0,0.0,30.8,6.2,28.0,2.99,100.0
2024-07-31 18:45:00,32,1006.6,82.9,0.0,30.6,6.1,25.0,2.79,100.0
2024-07-31 19:00:00,14,1006.6,84.0,0.0,30.3,6.1,0.0,0.0,100.0
2024-07-31 19:15:00,0,1006.6,85.3,0.0,30.2,6.1,0.0,0.0,100.0
2024-07-31 19:30:00,0,1006.6,86.7,0.0,30.0,6.1,0.0,0.0,100.0
2024-07-31 19:45:00,0,1006.6,88.1,0.0,29.9,6.1,0.0,0.0,100.0
2024-07-31 20:00:00,0,1006.6,89.3,0.0,29.8,6.1,0.0,0.0,100.0
2024-07-31 20:15:00,0,1006.6,89.6,0.0,29.7,6.1,0.0,0.0,100.0
2024-07-31 20:30:00,0,1006.6,89.6,0.0,29.6,6.2,0.0,0.0,100.0
2024-07-31 20:45:00,0,1006.6,90.1,0.0,29.5,6.2,0.0,0.0,100.0
2024-07-31 21:00:00,0,1006.6,91.2,0.0,29.4,6.2,0.0,0.0,100.0
2024-07-31 21:15:00,0,1006.6,92.1,0.0,29.3,6.2,0.0,0.0,100.0
2024-07-31 21:30:00,0,1006.6,92.6,0.0,29.2,6.2,0.0,0.0,100.0
2024-07-31 21:45:00,0,1006.6,92.6,0.0,29.1,6.2,0.0,0.0,100.0
2024-07-31 22:00:00,0,1006.6,92.6,0.0,29.0,6.1,0.0,0.0,100.0
2024-07-31 22:15:00,0,1006.6,92.9,0.0,29.0,6.1,0.0,0.0,100.0
2024-07-31 22:30:00,0,1006.6,93.4,0.0,28.9,6.1,0.0,0.0,100.0
2024-07-31 22:45:00,0,1006.6,93.7,0.0,28.8,6.0,0.0,0.0,100.0
2024-07-31 23:00:00,0,1006.6,93.9,0.0,28.7,6.0,0.0,0.0,100.0
2024-07-31 23:15:00,0,1006.6,94.1,0.0,28.7,5.9,0.0,0.0,100.0
2024-07-31 23:30:00,0,1006.6,94.4,0.0,28.6,5.9,0.0,0.0,100.0
2024-07-31 23:45:00,0,1006.6,94.5,0.0,28.6,5.8,0.0,0.0,100.0
2024-08-01 00:00:00,0,1006.6,94.0,0.0,29.1,5.6,0.0,0.0,100.0
2024-08-01 00:15:00,0,1006.6,94.1,0.0,29.1,5.6,0.0,0.0,100.0
2024-08-01 00:30:00,0,1006.6,94.2,0.1,29.1,5.5,0.0,0.0,100.0
2024-08-01 00:45:00,0,1006.6,94.3,0.0,29.0,5.5,0.0,0.0,100.0
2024-08-01 01:00:00,0,1006.6,94.4,0.0,29.0,5.5,0.0,0.0,100.0
2024-08-01 01:15:00,0,1006.6,94.5,0.0,28.9,5.5,0.0,0.0,100.0
2024-08-01 01:30:00,0,1006.6,94.6,0.1,28.9,5.5,0.0,0.0,100.0
2024-08-01 01:45:00,0,1006.6,94.6,0.1,28.9,5.5,0.0,0.0,100.0
2024-08-01 02:00:00,0,1006.6,94.6,0.0,28.8,5.5,0.0,0.0,100.0
2024-08-01 02:15:00,0,1006.6,94.7,0.0,28.8,5.5,0.0,0.0,100.0
2024-08-01 02:30:00,0,1006.6,94.8,0.0,28.8,5.5,0.0,0.0,100.0
2024-08-01 02:45:00,0,1006.6,94.5,0.0,28.7,5.5,0.0,0.0,100.0
2024-08-01 03:00:00,0,1006.6,94.7,0.0,28.7,5.5,0.0,0.0,100.0
2024-08-01 03:15:00,0,1006.6,94.7,0.0,28.7,5.5,0.0,0.0,100.0
2024-08-01 03:30:00,0,1006.6,94.8,0.0,28.7,5.5,0.0,0.0,100.0
2024-08-01 03:45:00,0,1006.6,94.8,0.0,28.6,5.4,0.0,0.0,100.0
2024-08-01 04:00:00,0,1006.6,94.9,0.0,28.6,5.4,0.0,0.0,100.0
2024-08-01 04:15:00,0,1006.6,94.9,0.0,28.6,5.4,0.0,0.0,100.0
2024-08-01 04:30:00,0,1006.6,94.9,0.0,28.6,5.4,0.0,0.0,100.0
2024-08-01 04:45:00,0,1006.6,94.9,0.0,28.5,5.4,0.0,0.0,100.0
2024-08-01 05:00:00,0,1006.6,94.9,0.0,28.5,5.4,0.0,0.0,100.0
2024-08-01 05:15:00,0,1006.6,94.9,0.0,28.5,5.4,0.0,0.0,100.0
2024-08-01 05:30:00,20,1006.6,94.9,0.0,28.5,5.4,11.0,1.47,100.0
2024-08-01 05:45:00,45,1006.6,94.8,0.0,28.5,5.4,27.0,3.6,100.0
2024-08-01 06:00:00,71,1006.6,94.4,0.0,28.6,5.5,85.0,5.64,100.0
2024-08-01 06:15:00,97,1006.6,93.7,0.0,28.7,5.5,99.0,13.84,100.0
2024-08-01 06:30:00,124,1006.6,92.8,0.0,28.8,5.6,249.0,19.3,100.0
2024-08-01 06:45:00,152,1006.6,91.7,0.0,29.0,5.7,330.0,20.47,100.0
2024-08-01 07:00:00,181,1006.6,90.4,0.0,29.2,5.7,180.0,15.27,100.0
2024-08-01 07:15:00,212,1006.6,88.8,0.0,29.5,5.8,157.0,18.39,100.0
2024-08-01 07:30:00,245,1006.6,87.3,0.0,29.8,5.9,202.0,22.5,100.0
2024-08-01 07:45:00,279,1006.6,85.7,0.0,30.0,6.0,261.0,33.54,100.0
2024-08-01 08:00:00,314,1006.6,84.2,0.0,30.2,6.0,483.0,36.74,100.0
2024-08-01 08:15:00,350,1006.6,82.7,0.0,30.4,6.1,433.0,50.76,100.0
2024-08-01 08:30:00,386,1006.6,81.2,0.0,30.6,6.1,319.0,28.25,100.0
2024-08-01 08:45:00,421,1006.6,79.7,0.0,30.8,6.1,209.0,27.97,100.0
2024-08-01 09:00:00,455,1006.6,78.5,0.0,31.0,6.1,459.0,51.88,100.0
2024-08-01 09:15:00,486,1006.6,77.3,0.0,31.2,6.1,242.0,29.99,100.0
2024-08-01 09:30:00,513,1006.6,76.2,0.0,31.3,6.2,341.0,37.6,100.0
2024-08-01 09:45:00,536,1006.6,75.4,0.0,31.4,6.2,328.0,44.61,100.0
2024-08-01 10:00:00,555,1006.6,74.7,0.0,31.5,6.2,381.0,43.24,100.0
2024-08-01 10:15:00,570,1006.6,74.1,0.0,31.6,6.2,221.0,23.59,100.0
2024-08-01 10:30:00,581,1006.6,73.5,0.0,31.7,6.1,231.0,27.61,100.0
2024-08-01 10:45:00,588,1006.6,73.3,0.0,31.6,6.1,248.0,31.39,100.0
2024-08-01 11:00:00,591,1006.6,73.4,0.0,31.7,6.1,215.0,23.28,100.0
2024-08-01 11:15:00,591,1006.6,73.1,0.0,31.7,6.1,314.0,38.24,100.0
2024-08-01 11:30:00,587,1006.6,72.4,0.0,31.8,6.1,276.0,33.56,100.0
2024-08-01 11:45:00,581,1006.6,71.6,0.0,31.9,6.0,332.0,43.11,100.0
2024-08-01 12:00:00,571,1006.6,70.9,0.0,32.0,6.0,403.0,45.5,100.0
2024-08-01 12:15:00,560,1006.6,70.1,0.0,32.0,6.0,290.0,36.33,100.0
2024-08-01 12:30:00,546,1006.6,69.1,0.0,32.1,6.0,350.0,45.21,100.0
2024-08-01 12:45:00,531,1006.6,68.8,0.0,32.2,6.0,466.0,68.08,100.0
2024-08-01 13:00:00,512,1006.6,69.6,0.0,32.2,6.0,620.0,81.12,100.0
2024-08-01 13:15:00,490,1006.6,70.3,0.0,31.9,5.9,1155.0,100.0,100.0
2024-08-01 13:30:00,466,1006.6,72.0,0.0,31.6,5.9,1015.0,98.61,100.0
2024-08-01 13:45:00,439,1006.6,72.5,0.0,31.6,5.9,1024.0,92.32,100.0
2024-08-01 14:00:00,412,1006.6,71.5,0.0,31.7,5.9,965.0,69.8,100.0
2024-08-01 14:15:00,384,1006.6,71.3,0.0,31.8,6.0,485.0,52.11,100.0
2024-08-01 14:30:00,356,1006.6,71.8,0.0,31.7,6.0,439.0,54.51,100.0
2024-08-01 14:45:00,329,1006.6,71.4,0.0,31.6,6.0,652.0,31.64,100.0
2024-08-01 15:00:00,303,1006.6,71.0,0.0,31.6,6.0,824.0,25.25,100.0
2024-08-01 15:15:00,279,1006.6,71.5,0.0,31.5,6.0,292.0,19.71,100.0
2024-08-01 15:30:00,256,1006.6,71.3,0.0,31.4,6.0,117.0,13.24,100.0
2024-08-01 15:45:00,235,1006.6,71.2,0.0,31.4,6.0,109.0,13.22,100.0
2024-08-01 16:00:00,216,1006.6,71.8,0.0,31.3,6.0,65.0,8.17,100.0
2024-08-01 16:15:00,198,1006.6,73.0,0.0,31.2,5.9,52.0,5.84,100.0
2024-08-01 16:30:00,180,1006.6,74.5,0.0,31.1,6.0,13.0,0.93,100.0
2024-08-01 16:45:00,163,1006.6,75.6,0.0,31.0,6.1,12.0,1.72,100.0
2024-08-01 17:00:00,146,1006.6,76.3,0.0,30.9,6.2,44.0,15.44,100.0
2024-08-01 17:15:00,129,1006.6,77.5,0.0,30.7,6.2,223.0,26.3,100.0
2024-08-01 17:30:00,113,1006.6,81.0,0.0,30.4,6.3,152.0,20.27,100.0
2024-08-01 17:45:00,96,1006.6,82.3,0.0,30.0,6.4,68.0,6.93,100.0
2024-08-01 18:00:00,79,1006.6,82.4,0.0,29.8,6.4,108.0,15.55,100.0
2024-08-01 18:15:00,62,1006.6,83.9,0.0,29.6,6.3,148.0,8.24,100.0
2024-08-01 18:30:00,45,1006.6,86.0,0.0,29.4,6.3,55.0,4.56,100.0
2024-08-01 18:45:00,29,1006.6,86.5,0.0,29.3,6.2,16.0,1.6,100.0
2024-08-01 19:00:00,12,1006.6,86.8,0.0,29.2,6.0,0.0,0.0,100.0
2024-08-01 19:15:00,0,1006.6,87.7,0.0,29.1,5.9,0.0,0.0,100.0
2024-08-01 19:30:00,0,1006.6,87.7,0.0,29.0,5.8,0.0,0.0,100.0
2024-08-01 19:45:00,0,1006.6,87.4,0.0,29.0,5.7,0.0,0.0,100.0
2024-08-01 20:00:00,0,1006.6,87.4,0.0,28.9,5.7,0.0,0.0,100.0
2024-08-01 20:15:00,0,1006.6,87.9,0.0,28.8,5.7,0.0,0.0,100.0
2024-08-01 20:30:00,0,1006.6,88.8,0.0,28.7,5.7,0.0,0.0,100.0
2024-08-01 20:45:00,0,1006.6,89.8,0.0,28.6,5.7,0.0,0.0,100.0
2024-08-01 21:00:00,0,1006.6,90.9,0.0,28.6,5.7,0.0,0.0,100.0
2024-08-01 21:15:00,0,1006.6,91.7,0.0,28.5,5.8,0.0,0.0,100.0
2024-08-01 21:30:00,0,1006.6,92.0,0.0,28.4,5.8,0.0,0.0,100.0
2024-08-01 21:45:00,0,1006.6,92.3,0.0,28.4,5.8,0.0,0.0,100.0
2024-08-01 22:00:00,0,1006.6,92.7,0.0,28.4,5.7,0.0,0.0,100.0
2024-08-01 22:15:00,0,1006.6,93.0,0.0,28.3,5.7,0.0,0.0,100.0
2024-08-01 22:30:00,0,1006.6,93.0,0.0,28.2,5.7,0.0,0.0,100.0
2024-08-01 22:45:00,0,1006.6,92.9,0.0,28.2,5.7,0.0,0.0,100.0
2024-08-01 23:00:00,0,1006.6,93.1,0.0,28.1,5.6,0.0,0.0,100.0
2024-08-01 23:15:00,0,1006.6,93.6,0.0,28.1,5.6,0.0,0.0,100.0
2024-08-01 23:30:00,0,1006.6,94.1,0.0,28.0,5.5,0.0,0.0,100.0
2024-08-01 23:45:00,0,1006.6,94.4,0.0,27.9,5.5,0.0,0.0,100.0
2024-08-02 00:00:00,0,1006.6,94.3,0.0,28.1,4.8,0.0,0.0,100.0
2024-08-02 00:15:00,0,1006.6,94.7,0.0,28.1,4.8,0.0,0.0,100.0
2024-08-02 00:30:00,0,1006.6,95.1,0.0,28.1,4.7,0.0,0.0,100.0
2024-08-02 00:45:00,0,1006.6,95.4,0.0,28.0,4.6,0.0,0.0,100.0
2024-08-02 01:00:00,0,1006.6,95.6,0.0,27.9,4.6,0.0,0.0,100.0
2024-08-02 01:15:00,0,1006.6,95.9,0.0,27.9,4.5,0.0,0.0,100.0
2024-08-02 01:30:00,0,1006.6,96.2,0.0,27.8,4.5,0.0,0.0,100.0
2024-08-02 01:45:00,0,1006.6,96.4,0.0,27.7,4.4,0.0,0.0,100.0
2024-08-02 02:00:00,0,1006.6,96.5,0.0,27.7,4.4,0.0,0.0,100.0
2024-08-02 02:15:00,0,1006.6,96.6,0.0,27.7,4.4,0.0,0.0,100.0
2024-08-02 02:30:00,0,1006.6,96.9,0.0,27.6,4.3,0.0,0.0,100.0
2024-08-02 02:45:00,0,1006.6,97.2,0.0,27.6,4.3,0.0,0.0,100.0
2024-08-02 03:00:00,0,1006.6,97.5,0.0,27.6,4.2,0.0,0.0,100.0
2024-08-02 03:15:00,0,1006.6,97.7,0.0,27.6,4.2,0.0,0.0,100.0
2024-08-02 03:30:00,0,1006.6,98.0,0.0,27.5,4.1,0.0,0.0,100.0
2024-08-02 03:45:00,0,1006.6,98.3,0.0,27.5,4.1,0.0,0.0,100.0
2024-08-02 04:00:00,0,1006.6,98.5,0.0,27.5,4.0,0.0,0.0,100.0
2024-08-02 04:15:00,0,1006.6,98.7,0.0,27.5,4.0,0.0,0.0,100.0
2024-08-02 04:30:00,0,1006.6,98.8,0.0,27.4,4.0,0.0,0.0,100.0
2024-08-02 04:45:00,0,1006.6,98.9,0.0,27.4,3.9,0.0,0.0,100.0
2024-08-02 05:00:00,0,1006.6,99.0,0.0,27.4,3.9,0.0,0.0,100.0
2024-08-02 05:15:00,0,1006.6,99.2,0.0,27.4,3.8,0.0,0.0,100.0
2024-08-02 05:30:00,21,1006.6,99.3,0.0,27.3,3.8,9.0,1.28,100.0
2024-08-02 05:45:00,50,1006.6,99.4,0.0,27.3,3.8,16.0,1.91,100.0
2024-08-02 06:00:00,80,1006.6,99.5,0.0,27.4,3.8,57.0,5.16,100.0
2024-08-02 06:15:00,110,1006.6,99.3,0.0,27.4,3.8,107.0,9.04,100.0
2024-08-02 06:30:00,141,1006.6,98.9,0.0,27.6,3.8,75.0,7.03,100.0
2024-08-02 06:45:00,173,1006.6,98.6,0.0,27.7,3.8,199.0,17.78,100.0
2024-08-02 07:00:00,207,1006.6,98.3,0.0,27.7,3.8,244.0,23.44,100.0
2024-08-02 07:15:00,242,1006.6,98.2,0.0,27.8,3.7,304.0,30.17,100.0
2024-08-02 07:30:00,279,1006.6,98.0,0.0,27.9,3.7,354.0,36.24,100.0
2024-08-02 07:45:00,317,1006.6,97.5,0.0,28.1,3.6,411.0,43.99,100.0
2024-08-02 08:00:00,356,1006.6,97.2,0.0,28.2,3.6,459.0,49.87,100.0
2024-08-02 08:15:00,397,1006.6,96.3,0.0,28.5,3.5,503.0,56.99,100.0
2024-08-02 08:30:00,437,1006.6,94.6,0.0,28.8,3.4,533.0,63.08,100.0
2024-08-02 08:45:00,477,1006.6,92.8,0.0,29.0,3.3,601.0,68.49,100.0
2024-08-02 09:00:00,517,1006.6,91.4,0.0,29.3,3.2,651.0,73.4,100.0
2024-08-02 09:15:00,554,1006.6,89.5,0.0,29.5,3.2,672.0,79.31,100.0
2024-08-02 09:30:00,589,1006.6,87.8,0.0,29.8,3.1,713.0,84.89,100.0
2024-08-02 09:45:00,621,1006.6,86.2,0.0,30.1,3.0,782.0,80.64,100.0
2024-08-02 10:00:00,651,1006.6,84.0,0.0,30.4,2.9,826.0,85.61,100.0
2024-08-02 10:15:00,678,1006.7,81.9,0.0,30.6,2.8,279.0,92.71,100.0
2024-08-02 10:30:00,702,1006.7,80.3,0.0,30.8,2.8,446.0,86.98,100.0
2024-08-02 10:45:00,723,1006.7,79.2,0.0,31.0,2.7,961.0,94.24,100.0
2024-08-02 11:00:00,741,1006.7,77.8,0.0,31.1,2.6,967.0,93.65,100.0
2024-08-02 11:15:00,755,1006.7,76.4,0.0,31.2,2.5,918.0,98.03,100.0
2024-08-02 11:30:00,767,1006.7,75.7,0.0,31.4,2.4,958.0,83.53,100.0
2024-08-02 11:45:00,775,1006.7,75.1,0.0,31.5,2.4,1015.0,55.28,100.0
2024-08-02 12:00:00,780,1006.7,74.6,0.0,31.6,2.4,1055.0,64.67,100.0
2024-08-02 12:15:00,782,1006.7,74.4,0.0,31.7,2.4,964.0,83.62,100.0
2024-08-02 12:30:00,780,1006.7,74.1,0.0,31.7,2.5,452.0,79.35,100.0
2024-08-02 12:45:00,775,1006.7,73.8,0.0,31.8,2.5,295.0,75.68,100.0
2024-08-02 13:00:00,768,1006.7,73.6,0.0,31.8,2.5,1067.0,72.49,100.0
2024-08-02 13:15:00,759,1006.7,73.7,0.0,31.9,2.6,801.0,87.75,100.0
2024-08-02 13:30:00,746,1006.7,74.0,0.0,31.9,2.7,572.0,56.38,100.0
2024-08-02 13:45:00,731,1006.7,74.4,0.0,31.9,2.7,964.0,46.78,100.0
2024-08-02 14:00:00,712,1006.7,74.8,0.0,31.9,2.7,898.0,44.31,100.0
2024-08-02 14:15:00,690,1006.7,75.3,0.0,31.8,2.8,867.0,51.28,100.0
2024-08-02 14:30:00,665,1006.7,75.6,0.0,31.8,2.8,800.0,48.96,100.0
2024-08-02 14:45:00,636,1006.7,75.7,0.0,31.7,2.8,710.0,53.08,100.0
2024-08-02 15:00:00,603,1006.7,75.6,0.0,31.7,2.7,764.0,37.06,100.0
2024-08-02 15:15:00,568,1006.7,75.3,0.0,31.8,2.7,725.0,37.95,100.0
2024-08-02 15:30:00,529,1006.7,74.9,0.0,31.8,2.7,301.0,56.03,100.0
2024-08-02 15:45:00,487,1006.7,74.7,0.0,31.8,2.7,620.0,36.26,100.0
2024-08-02 16:00:00,442,1006.7,74.8,0.0,31.7,2.7,516.0,37.38,100.0
2024-08-02 16:15:00,395,1006.7,74.3,0.0,31.9,2.7,490.0,48.66,100.0
2024-08-02 16:30:00,347,1006.7,74.0,0.0,31.9,2.7,443.0,42.07,100.0
2024-08-02 16:45:00,299,1006.7,73.7,0.0,32.0,2.7,396.0,38.22,100.0
2024-08-02 17:00:00,254,1006.7,73.3,0.0,32.0,2.8,345.0,31.51,100.0
2024-08-02 17:15:00,211,1006.7,73.5,0.0,32.0,2.9,276.0,24.67,100.0
2024-08-02 17:30:00,172,1006.7,74.4,0.0,32.0,3.0,238.0,18.92,100.0
2024-08-02 17:45:00,136,1006.7,74.9,0.0,31.8,3.0,185.0,13.5,100.0
2024-08-02 18:00:00,105,1006.7,75.7,0.0,31.6,3.1,135.0,9.22,100.0
2024-08-02 18:15:00,77,1006.7,77.2,0.0,31.4,3.1,85.0,5.9,100.0
2024-08-02 18:30:00,53,1006.7,78.5,0.0,31.2,3.1,51.0,4.05,100.0
2024-08-02 18:45:00,32,1006.7,80.7,0.0,31.0,3.1,21.0,2.25,100.0
2024-08-02 19:00:00,12,1006.7,82.2,0.0,30.9,3.1,0.0,0.0,100.0
2024-08-02 19:15:00,0,1006.7,83.4,0.0,30.7,3.0,0.0,0.0,100.0
2024-08-02 19:30:00,0,1006.7,84.4,0.0,30.6,3.0,0.0,0.0,100.0
2024-08-02 19:45:00,0,1006.7,85.0,0.0,30.5,3.0,0.0,0.0,100.0
2024-08-02 20:00:00,0,1006.7,85.3,0.0,30.4,3.0,0.0,0.0,100.0
2024-08-02 20:15:00,0,1006.7,85.7,0.0,30.2,3.0,0.0,0.0,100.0
2024-08-02 20:30:00,0,1006.7,86.2,0.0,30.1,3.1,0.0,0.0,100.0
2024-08-02 20:45:00,0,1006.7,87.1,0.0,30.0,3.2,0.0,0.0,100.0
2024-08-02 21:00:00,0,1006.7,88.3,0.0,29.9,3.3,0.0,0.0,100.0
2024-08-02 21:15:00,0,1006.7,90.2,0.0,29.7,3.4,0.0,0.0,100.0
2024-08-02 21:30:00,0,1006.7,91.0,0.0,29.6,3.6,0.0,0.0,100.0
2024-08-02 21:45:00,0,1006.7,90.7,0.0,29.5,3.7,0.0,0.0,100.0
2024-08-02 22:00:00,0,1006.7,90.9,0.0,29.4,3.8,0.0,0.0,100.0
2024-08-02 22:15:00,0,1006.7,91.6,0.0,29.3,3.9,0.0,0.0,100.0
2024-08-02 22:30:00,0,1006.7,92.7,0.0,29.2,4.0,0.0,0.0,100.0
2024-08-02 22:45:00,0,1006.7,93.7,0.0,29.0,4.1,0.0,0.0,100.0
2024-08-02 23:00:00,0,1006.7,94.2,0.0,28.9,4.2,0.0,0.0,100.0
2024-08-02 23:15:00,0,1006.7,94.7,0.0,28.8,4.2,0.0,0.0,100.0
2024-08-02 23:30:00,0,1006.6,95.2,0.0,28.8,4.3,0.0,0.0,100.0
2024-08-02 23:45:00,0,1006.6,95.7,0.0,28.7,4.3,0.0,0.0,100.0
2024-08-03 00:00:00,0,1006.7,96.1,0.0,28.7,4.0,0.0,0.0,100.0
2024-08-03 00:15:00,0,1006.7,96.3,0.0,28.7,4.0,0.0,0.0,100.0
2024-08-03 00:30:00,0,1006.6,96.6,0.0,28.6,4.0,0.0,0.0,100.0
2024-08-03 00:45:00,0,1006.6,96.9,0.0,28.6,3.9,0.0,0.0,100.0
2024-08-03 01:00:00,0,1006.6,97.2,0.0,28.5,3.9,0.0,0.0,100.0
2024-08-03 01:15:00,0,1006.6,97.5,0.0,28.4,3.9,0.0,0.0,100.0
2024-08-03 01:30:00,0,1006.6,97.6,0.0,28.4,3.9,0.0,0.0,100.0
2024-08-03 01:45:00,0,1006.6,97.8,0.0,28.3,3.9,0.0,0.0,100.0
2024-08-03 02:00:00,0,1006.6,97.9,0.0,28.3,3.9,0.0,0.0,100.0
2024-08-03 02:15:00,0,1006.6,98.0,0.0,28.2,3.9,0.0,0.0,100.0
2024-08-03 02:30:00,0,1006.6,98.1,0.0,28.2,3.8,0.0,0.0,100.0
2024-08-03 02:45:00,0,1006.6,98.1,0.0,28.1,3.8,0.0,0.0,100.0
2024-08-03 03:00:00,0,1006.6,98.2,0.0,28.1,3.8,0.0,0.0,100.0
2024-08-03 03:15:00,0,1006.6,98.3,0.0,28.0,3.8,0.0,0.0,100.0
2024-08-03 03:30:00,0,1006.6,98.4,0.0,28.0,3.8,0.0,0.0,100.0
2024-08-03 03:45:00,0,1006.6,98.5,0.0,27.9,3.8,0.0,0.0,100.0
2024-08-03 04:00:00,0,1006.6,98.7,0.0,27.9,3.8,0.0,0.0,100.0
2024-08-03 04:15:00,0,1006.6,98.8,0.0,27.9,3.8,0.0,0.0,100.0
2024-08-03 04:30:00,0,1006.6,98.9,0.0,27.9,3.8,0.0,0.0,100.0
2024-08-03 04:45:00,0,1006.6,99.0,0.0,27.8,3.8,0.0,0.0,100.0
2024-08-03 05:00:00,0,1006.6,99.0,0.0,27.8,3.9,0.0,0.0,100.0
2024-08-03 05:15:00,0,1006.6,99.0,0.0,27.8,3.9,0.0,0.0,100.0
2024-08-03 05:30:00,19,1006.6,99.0,0.0,27.8,3.9,17.0,2.0,100.0
2024-08-03 05:45:00,48,1006.6,99.0,0.0,27.8,3.9,39.0,3.86,100.0
2024-08-03 06:00:00,78,1006.6,98.9,0.0,27.8,3.9,66.0,6.09,100.0
2024-08-03 06:15:00,108,1006.6,98.7,0.0,27.9,3.9,105.0,9.05,100.0
2024-08-03 06:30:00,138,1006.6,98.3,0.0,28.0,4.0,144.0,12.7,100.0
2024-08-03 06:45:00,171,1006.7,97.5,0.0,28.3,4.0,197.0,17.94,100.0
2024-08-03 07:00:00,205,1006.7,96.4,0.0,28.6,4.0,241.0,22.81,100.0
2024-08-03 07:15:00,242,1006.7,95.5,0.0,28.8,4.0,295.0,28.88,100.0
2024-08-03 07:30:00,280,1006.7,94.8,0.0,29.0,4.0,341.0,35.5,100.0
2024-08-03 07:45:00,321,1006.7,93.8,0.0,29.3,4.0,395.0,42.53,100.0
2024-08-03 08:00:00,364,1006.7,92.2,0.0,29.5,4.0,431.0,48.42,100.0
2024-08-03 08:15:00,408,1006.7,90.7,0.0,29.8,3.9,484.0,53.87,100.0
2024-08-03 08:30:00,452,1006.7,89.4,0.0,30.1,3.9,428.0,60.38,100.0
2024-08-03 08:45:00,496,1006.7,87.8,0.0,30.3,3.9,573.0,66.58,100.0
2024-08-03 09:00:00,538,1006.7,86.2,0.0,30.6,3.8,611.0,71.12,100.0
2024-08-03 09:15:00,579,1006.7,84.2,0.0,30.8,3.8,620.0,75.9,100.0
2024-08-03 09:30:00,616,1006.7,82.7,0.0,30.9,3.8,686.0,83.31,100.0
2024-08-03 09:45:00,648,1006.7,81.8,0.0,31.1,3.7,731.0,89.12,100.0
2024-08-03 10:00:00,677,1006.7,79.8,0.0,31.3,3.7,809.0,93.55,100.0
2024-08-03 10:15:00,702,1006.7,78.4,0.0,31.5,3.7,834.0,96.69,100.0
2024-08-03 10:30:00,724,1006.7,76.8,0.0,31.7,3.8,864.0,93.63,100.0
2024-08-03 10:45:00,742,1006.7,74.5,0.0,31.9,3.8,823.0,89.09,100.0
2024-08-03 11:00:00,756,1006.7,73.2,0.0,32.1,3.8,953.0,94.76,100.0
2024-08-03 11:15:00,766,1006.7,71.9,0.0,32.2,3.8,995.0,93.98,100.0
2024-08-03 11:30:00,772,1006.7,70.6,0.0,32.3,3.8,424.0,95.41,100.0
2024-08-03 11:45:00,773,1006.7,69.7,0.0,32.4,3.9,1012.0,99.72,100.0
2024-08-03 12:00:00,771,1006.7,69.5,0.0,32.5,3.9,651.0,97.4,100.0
2024-08-03 12:15:00,765,1006.7,68.9,0.0,32.6,3.9,926.0,70.17,100.0
2024-08-03 12:30:00,756,1006.7,68.2,0.0,32.7,4.0,1052.0,58.5,100.0
2024-08-03 12:45:00,742,1006.7,67.0,0.0,32.8,4.0,321.0,16.53,100.0
2024-08-03 13:00:00,724,1006.7,66.2,0.0,33.0,4.1,28.0,4.99,100.0
2024-08-03 13:15:00,702,1006.7,66.3,0.0,33.0,4.1,84.0,7.61,100.0
2024-08-03 13:30:00,677,1006.7,65.7,0.0,33.0,4.2,70.0,9.4,100.0
2024-08-03 13:45:00,648,1006.7,65.0,0.0,33.1,4.3,81.0,10.23,100.0
2024-08-03 14:00:00,617,1006.7,65.1,0.0,33.1,4.4,104.0,12.51,100.0
2024-08-03 14:15:00,584,1006.7,65.7,0.0,33.1,4.5,120.0,14.42,100.0
2024-08-03 14:30:00,549,1006.7,66.9,0.0,32.9,4.6,158.0,18.39,100.0
2024-08-03 14:45:00,513,1006.7,70.2,0.0,32.4,4.8,188.0,22.56,100.0
2024-08-03 15:00:00,477,1006.7,69.3,0.1,32.5,4.9,210.0,25.32,100.0
2024-08-03 15:15:00,441,1006.7,69.5,0.0,32.6,4.9,243.0,29.4,100.0
2024-08-03 15:30:00,405,1006.7,71.7,0.0,32.4,5.0,269.0,30.39,100.0
2024-08-03 15:45:00,370,1006.7,74.3,0.2,31.9,5.0,219.0,24.88,100.0
2024-08-03 16:00:00,334,1006.7,76.6,0.2,31.6,4.9,201.0,23.0,100.0
2024-08-03 16:15:00,298,1006.7,79.4,0.0,31.3,4.8,187.0,20.67,100.0
2024-08-03 16:30:00,262,1006.7,83.2,0.1,30.7,4.7,170.0,19.84,100.0
2024-08-03 16:45:00,228,1006.7,82.9,0.0,30.6,4.6,168.0,19.51,100.0
2024-08-03 17:00:00,195,1006.7,83.3,0.0,30.5,4.4,167.0,19.61,100.0
2024-08-03 17:15:00,165,1006.7,82.8,0.0,30.5,4.2,155.0,17.52,100.0
2024-08-03 17:30:00,136,1006.7,84.3,0.0,30.4,4.1,134.0,15.03,100.0
2024-08-03 17:45:00,110,1006.7,84.6,0.0,30.4,3.9,116.0,12.91,100.0
2024-08-03 18:00:00,86,1006.7,83.6,0.0,30.5,3.9,101.0,10.87,100.0
2024-08-03 18:15:00,64,1006.7,83.4,0.0,30.5,4.0,61.0,5.98,100.0
2024-08-03 18:30:00,45,1006.7,84.5,0.0,30.4,4.1,43.0,4.71,100.0
2024-08-03 18:45:00,27,1006.7,85.5,0.0,30.2,4.1,22.0,2.48,100.0
2024-08-03 19:00:00,10,1006.7,86.4,0.0,30.1,4.2,0.0,0.0,100.0
2024-08-03 19:15:00,0,1006.7,86.8,0.0,29.9,4.3,0.0,0.0,100.0
2024-08-03 19:30:00,0,1006.7,86.2,0.0,29.9,4.5,0.0,0.0,100.0
2024-08-03 19:45:00,0,1006.7,86.0,0.0,29.8,4.7,0.0,0.0,100.0
2024-08-03 20:00:00,0,1006.7,86.4,0.0,29.8,4.8,0.0,0.0,100.0
2024-08-03 20:15:00,0,1006.7,87.1,0.0,29.7,4.9,0.0,0.0,100.0
2024-08-03 20:30:00,0,1006.7,87.8,0.0,29.6,5.0,0.0,0.0,100.0
2024-08-03 20:45:00,0,1006.7,87.9,0.0,29.5,5.0,0.0,0.0,100.0
2024-08-03 21:00:00,0,1006.7,88.0,0.0,29.5,5.1,0.0,0.0,100.0
2024-08-03 21:15:00,0,1006.7,88.2,0.0,29.4,5.2,0.0,0.0,100.0
2024-08-03 21:30:00,0,1006.7,89.0,0.0,29.3,5.2,0.0,0.0,100.0
2024-08-03 21:45:00,0,1006.7,89.8,0.0,29.2,5.3,0.0,0.0,100.0
2024-08-03 22:00:00,0,1006.7,90.3,0.0,29.2,5.3,0.0,0.0,100.0
2024-08-03 22:15:00,0,1006.7,90.6,0.0,29.1,5.3,0.0,0.0,100.0
2024-08-03 22:30:00,0,1006.7,91.0,0.0,29.1,5.3,0.0,0.0,100.0
2024-08-03 22:45:00,0,1006.7,91.3,0.0,29.0,5.3,0.0,0.0,100.0
2024-08-03 23:00:00,0,1006.7,91.6,0.0,28.9,5.3,0.0,0.0,100.0
2024-08-03 23:15:00,0,1006.7,92.0,0.0,28.9,5.3,0.0,0.0,100.0
2024-08-03 23:30:00,0,1006.7,92.3,0.0,28.8,5.4,0.0,0.0,100.0
2024-08-03 23:45:00,0,1006.7,92.6,0.0,28.8,5.4,0.0,0.0,100.0
2024-08-04 00:00:00,0,1006.7,94.5,0.0,29.3,5.6,0.0,0.0,100.0
2024-08-04 00:15:00,0,1006.7,94.7,0.0,29.3,5.7,0.0,0.0,100.0
2024-08-04 00:30:00,0,1006.7,95.0,0.0,29.2,5.6,0.0,0.0,100.0
2024-08-04 00:45:00,0,1006.7,95.2,0.0,29.2,5.6,0.0,0.0,100.0
2024-08-04 01:00:00,0,1006.7,95.4,0.0,29.2,5.6,0.0,0.0,100.0
2024-08-04 01:15:00,0,1006.7,95.7,0.0,29.1,5.6,0.0,0.0,100.0
2024-08-04 01:30:00,0,1006.7,95.9,0.0,29.1,5.6,0.0,0.0,100.0
2024-08-04 01:45:00,0,1006.7,96.0,0.0,29.1,5.5,0.0,0.0,100.0
2024-08-04 02:00:00,0,1006.7,96.0,0.0,29.0,5.5,0.0,0.0,100.0
2024-08-04 02:15:00,0,1006.6,96.1,0.0,29.0,5.5,0.0,0.0,100.0
2024-08-04 02:30:00,0,1006.6,96.0,0.0,29.0,5.5,0.0,0.0,100.0
2024-08-04 02:45:00,0,1006.6,96.0,0.0,29.0,5.5,0.0,0.0,100.0
2024-08-04 03:00:00,0,1006.6,96.0,0.0,29.0,5.5,0.0,0.0,100.0
2024-08-04 03:15:00,0,1006.6,96.0,0.0,29.0,5.4,0.0,0.0,100.0
2024-08-04 03:30:00,0,1006.6,96.2,0.0,29.0,5.4,0.0,0.0,100.0
2024-08-04 03:45:00,0,1006.6,96.5,0.0,28.9,5.4,0.0,0.0,100.0
2024-08-04 04:00:00,0,1006.6,96.7,0.0,28.9,5.4,0.0,0.0,100.0
2024-08-04 04:15:00,0,1006.6,96.9,0.0,28.9,5.4,0.0,0.0,100.0
2024-08-04 04:30:00,0,1006.6,97.1,0.0,28.9,5.4,0.0,0.0,100.0
2024-08-04 04:45:00,0,1006.6,97.3,0.0,28.9,5.4,0.0,0.0,100.0
2024-08-04 05:00:00,0,1006.6,97.5,0.0,28.9,5.4,0.0,0.0,100.0
2024-08-04 05:15:00,0,1006.6,97.8,0.0,28.8,5.4,0.0,0.0,100.0
2024-08-04 05:30:00,17,1006.6,97.9,0.0,28.8,5.4,7.0,1.18,100.0
2024-08-04 05:45:00,46,1006.6,97.8,0.0,28.9,5.4,18.0,2.46,100.0
2024-08-04 06:00:00,74,1006.6,97.7,0.0,28.9,5.5,40.0,4.92,100.0
2024-08-04 06:15:00,104,1006.7,97.5,0.1,29.0,5.5,121.0,12.36,100.0
2024-08-04 06:30:00,134,1006.7,97.2,0.0,29.1,5.5,134.0,13.28,100.0
2024-08-04 06:45:00,164,1006.7,96.9,0.0,29.2,5.6,198.0,14.36,100.0
2024-08-04 07:00:00,197,1006.7,96.5,0.0,29.3,5.6,184.0,11.79,100.0
2024-08-04 07:15:00,232,1006.7,96.0,0.0,29.5,5.7,100.0,12.21,100.0
2024-08-04 07:30:00,269,1006.7,95.3,0.0,29.7,5.7,174.0,24.92,100.0
2024-08-04 07:45:00,307,1006.7,94.4,0.0,29.9,5.8,241.0,33.49,100.0
2024-08-04 08:00:00,347,1006.7,93.2,0.0,30.1,5.8,249.0,26.97,100.0
2024-08-04 08:15:00,387,1006.7,91.4,0.0,30.4,5.9,257.0,23.91,100.0
2024-08-04 08:30:00,427,1006.7,89.7,0.0,30.7,5.9,332.0,33.92,100.0
2024-08-04 08:45:00,465,1006.7,87.6,0.0,31.0,5.9,747.0,58.73,100.0
2024-08-04 09:00:00,501,1006.7,85.5,0.0,31.3,5.9,652.0,77.07,100.0
2024-08-04 09:15:00,534,1006.7,83.6,0.0,31.6,5.9,666.0,80.86,100.0
2024-08-04 09:30:00,561,1006.7,81.6,0.0,31.8,5.9,711.0,84.32,100.0
2024-08-04 09:45:00,582,1006.7,79.5,0.0,32.1,5.9,744.0,90.05,100.0
2024-08-04 10:00:00,595,1006.7,77.5,0.0,32.3,5.8,777.0,93.17,100.0
2024-08-04 10:15:00,600,1006.7,76.2,0.0,32.5,5.8,811.0,98.26,100.0
2024-08-04 10:30:00,599,1006.7,74.3,0.0,32.7,5.8,855.0,91.07,100.0
2024-08-04 10:45:00,592,1006.7,72.1,0.0,32.9,5.8,912.0,99.55,100.0
2024-08-04 11:00:00,581,1006.7,70.5,0.0,33.1,5.8,430.0,99.97,100.0
2024-08-04 11:15:00,565,1006.7,68.8,0.0,33.2,5.9,988.0,100.0,100.0
2024-08-04 11:30:00,546,1006.7,66.9,0.0,33.3,5.9,984.0,99.05,100.0
2024-08-04 11:45:00,526,1006.7,65.4,0.0,33.5,5.9,936.0,90.63,100.0
2024-08-04 12:00:00,506,1006.7,65.2,0.0,33.5,6.0,972.0,91.92,100.0
2024-08-04 12:15:00,488,1006.7,64.7,0.0,33.6,6.1,1097.0,54.66,100.0
2024-08-04 12:30:00,471,1006.7,64.3,0.0,33.7,6.1,919.0,80.06,100.0
2024-08-04 12:45:00,459,1006.7,64.2,0.0,33.7,6.3,988.0,98.9,100.0
2024-08-04 13:00:00,449,1006.7,63.4,0.0,33.8,6.3,959.0,85.2,100.0
2024-08-04 13:15:00,442,1006.7,62.8,0.0,33.8,6.3,225.0,91.97,100.0
2024-08-04 13:30:00,435,1006.7,61.6,0.0,33.9,6.3,912.0,82.31,100.0
2024-08-04 13:45:00,430,1006.7,62.3,0.2,33.8,6.4,922.0,63.49,100.0
2024-08-04 14:00:00,423,1006.7,64.2,0.2,33.4,6.4,676.0,58.72,100.0
2024-08-04 14:15:00,415,1006.7,62.0,0.0,33.7,6.4,363.0,61.69,100.0
2024-08-04 14:30:00,405,1006.7,60.2,0.0,33.9,6.4,434.0,65.5,100.0
2024-08-04 14:45:00,393,1006.7,60.6,0.0,33.8,6.3,755.0,43.96,100.0
2024-08-04 15:00:00,376,1006.7,61.6,0.0,33.8,6.4,725.0,29.53,100.0
2024-08-04 15:15:00,357,1006.7,61.7,0.0,33.8,6.4,355.0,49.81,100.0
2024-08-04 15:30:00,333,1006.7,63.5,0.0,33.7,6.5,199.0,26.21,100.0
2024-08-04 15:45:00,306,1006.7,64.6,0.0,33.6,6.5,515.0,49.82,100.0
2024-08-04 16:00:00,275,1006.7,68.2,0.2,33.3,6.5,566.0,46.08,100.0
2024-08-04 16:15:00,243,1006.7,67.8,0.0,32.9,6.4,518.0,49.37,100.0
2024-08-04 16:30:00,210,1006.7,73.9,0.2,32.1,6.2,379.0,39.56,100.0
2024-08-04 16:45:00,177,1006.7,73.7,0.0,32.1,6.0,340.0,30.22,100.0
2024-08-04 17:00:00,147,1006.7,72.9,0.0,32.0,5.9,289.0,28.94,100.0
2024-08-04 17:15:00,118,1006.7,72.9,0.0,32.1,5.5,91.0,6.89,100.0
2024-08-04 17:30:00,93,1006.7,73.8,0.0,32.0,5.2,107.0,12.0,100.0
2024-08-04 17:45:00,71,1006.7,74.6,0.0,31.9,4.9,64.0,6.56,100.0
2024-08-04 18:00:00,52,1006.7,75.4,0.0,31.8,4.8,42.0,4.03,100.0
2024-08-04 18:15:00,36,1006.7,76.8,0.0,31.6,5.0,5.0,0.39,100.0
2024-08-04 18:30:00,24,1006.7,79.1,0.0,31.4,5.3,0.0,0.74,100.0
2024-08-04 18:45:00,13,1006.7,80.8,0.0,31.2,5.6,2.0,0.32,100.0
2024-08-04 19:00:00,4,1006.7,82.0,0.1,30.8,5.8,0.0,0.0,100.0
2024-08-04 19:15:00,0,1006.6,86.8,0.4,29.7,5.9,0.0,0.0,100.0
2024-08-04 19:30:00,0,1006.6,87.5,0.2,29.3,6.0,0.0,0.0,100.0
2024-08-04 19:45:00,0,1006.6,88.1,0.2,29.2,6.1,0.0,0.0,100.0
2024-08-04 20:00:00,0,1006.6,88.1,0.2,29.2,6.2,0.0,0.0,100.0
2024-08-04 20:15:00,0,1006.6,87.8,0.0,29.2,6.1,0.0,0.0,100.0
2024-08-04 20:30:00,0,1006.6,87.9,0.0,29.1,5.9,0.0,0.0,100.0
2024-08-04 20:45:00,0,1006.6,88.3,0.0,29.0,5.6,0.0,0.0,100.0
2024-08-04 21:00:00,0,1006.6,89.3,0.0,29.0,5.4,0.0,0.0,100.0
2024-08-04 21:15:00,0,1006.6,90.1,0.0,28.8,5.3,0.0,0.0,100.0
2024-08-04 21:30:00,0,1006.6,90.6,0.0,28.6,5.3,0.0,0.0,100.0
2024-08-04 21:45:00,0,1006.6,90.2,0.0,28.6,5.4,0.0,0.0,100.0
2024-08-04 22:00:00,0,1006.6,90.2,0.0,28.5,5.4,0.0,0.0,100.0
2024-08-04 22:15:00,0,1006.6,90.6,0.0,28.5,5.4,0.0,0.0,100.0
2024-08-04 22:30:00,0,1006.6,90.7,0.0,28.4,5.4,0.0,0.0,100.0
2024-08-04 22:45:00,0,1006.6,90.6,0.0,28.4,5.3,0.0,0.0,100.0
2024-08-04 23:00:00,0,1006.6,90.5,0.0,28.4,5.1,0.0,0.0,100.0
2024-08-04 23:15:00,0,1006.6,90.5,0.0,28.5,5.0,0.0,0.0,100.0
2024-08-04 23:30:00,0,1006.6,90.5,0.0,28.5,4.9,0.0,0.0,100.0
2024-08-04 23:45:00,0,1006.6,90.3,0.0,28.5,4.7,0.0,0.0,100.0
2024-08-05 00:00:00,0,1006.6,91.7,0.0,28.7,4.7,0.0,0.0,100.0
2024-08-05 00:15:00,0,1006.6,92.4,0.0,28.7,4.6,0.0,0.0,100.0
2024-08-05 00:30:00,0,1006.6,92.7,0.0,28.6,4.6,0.0,0.0,100.0
2024-08-05 00:45:00,0,1006.6,92.9,0.0,28.6,4.5,0.0,0.0,100.0
2024-08-05 01:00:00,0,1006.6,93.0,0.0,28.6,4.5,0.0,0.0,100.0
2024-08-05 01:15:00,0,1006.6,93.0,0.0,28.6,4.5,0.0,0.0,100.0
2024-08-05 01:30:00,0,1006.6,93.2,0.0,28.6,4.5,0.0,0.0,100.0
2024-08-05 01:45:00,0,1006.6,93.1,0.2,28.6,4.6,0.0,0.0,100.0
2024-08-05 02:00:00,0,1006.6,93.5,0.2,28.6,4.6,0.0,0.0,100.0
2024-08-05 02:15:00,0,1006.6,94.0,0.0,28.5,4.7,0.0,0.0,100.0
2024-08-05 02:30:00,0,1006.6,94.3,0.1,28.5,4.8,0.0,0.0,100.0
2024-08-05 02:45:00,0,1006.6,94.6,0.0,28.5,4.8,0.0,0.0,100.0
2024-08-05 03:00:00,0,1006.6,94.9,0.0,28.5,4.8,0.0,0.0,100.0
2024-08-05 03:15:00,0,1006.6,95.1,0.2,28.5,4.8,0.0,0.0,100.0
2024-08-05 03:30:00,0,1006.6,95.4,0.0,28.5,4.7,0.0,0.0,100.0
2024-08-05 03:45:00,0,1006.6,95.7,0.2,28.5,4.7,0.0,0.0,100.0
2024-08-05 04:00:00,0,1006.6,95.8,0.2,28.5,4.6,0.0,0.0,100.0
2024-08-05 04:15:00,0,1006.6,95.5,0.0,28.5,4.4,0.0,0.0,100.0
2024-08-05 04:30:00,0,1006.6,95.5,0.2,28.5,4.3,0.0,0.0,100.0
2024-08-05 04:45:00,0,1006.6,95.6,0.0,28.5,4.1,0.0,0.0,100.0
2024-08-05 05:00:00,0,1006.6,95.5,0.4,28.4,3.9,0.0,0.0,100.0
2024-08-05 05:15:00,0,1006.6,95.2,0.2,28.4,3.7,0.0,0.0,100.0
2024-08-05 05:30:00,13,1006.6,95.1,0.0,28.5,3.6,7.0,0.6,100.0
2024-08-05 05:45:00,36,1006.6,94.1,0.2,28.6,3.4,1.0,0.97,100.0
2024-08-05 06:00:00,59,1006.6,94.0,0.1,28.6,3.3,3.0,0.3,100.0
2024-08-05 06:15:00,83,1006.6,94.1,0.2,28.6,3.2,0.0,0.18,100.0
2024-08-05 06:30:00,108,1006.6,93.4,0.4,28.7,3.1,6.0,0.5,100.0
2024-08-05 06:45:00,134,1006.6,92.8,0.2,28.8,3.1,7.0,1.5,100.0
2024-08-05 07:00:00,162,1006.6,91.8,0.2,28.8,3.1,33.0,4.85,100.0
2024-08-05 07:15:00,193,1006.6,91.1,0.2,28.9,3.1,259.0,31.91,100.0
2024-08-05 07:30:00,227,1006.6,90.7,0.4,29.0,3.2,299.0,36.57,100.0
2024-08-05 07:45:00,263,1006.6,89.6,0.2,29.2,3.2,300.0,11.33,100.0
2024-08-05 08:00:00,301,1006.6,87.8,0.3,29.2,3.2,7.0,0.67,100.0
2024-08-05 08:15:00,341,1006.6,87.6,0.2,29.2,3.1,7.0,1.59,100.0
2024-08-05 08:30:00,380,1006.6,88.6,0.0,29.3,3.1,23.0,3.05,100.0
2024-08-05 08:45:00,419,1006.7,88.6,0.0,29.5,3.0,39.0,5.47,100.0
2024-08-05 09:00:00,456,1006.7,88.2,0.0,29.6,3.0,65.0,7.82,100.0
2024-08-05 09:15:00,490,1006.7,87.0,0.0,29.8,3.0,114.0,16.84,100.0
2024-08-05 09:30:00,518,1006.7,86.4,0.0,29.9,3.0,188.0,24.23,100.0
2024-08-05 09:45:00,541,1006.7,85.0,0.1,30.1,3.1,189.0,22.66,100.0
2024-08-05 10:00:00,558,1006.7,83.8,0.0,30.3,3.3,246.0,35.07,100.0
2024-08-05 10:15:00,570,1006.7,83.8,0.0,30.3,3.4,272.0,27.59,100.0
2024-08-05 10:30:00,577,1006.7,84.3,0.0,30.0,3.5,172.0,22.77,100.0
2024-08-05 10:45:00,578,1006.7,84.4,0.0,30.0,3.7,273.0,33.52,100.0
2024-08-05 11:00:00,575,1006.7,82.4,0.2,30.1,4.0,265.0,30.94,100.0
2024-08-05 11:15:00,567,1006.7,82.9,0.1,29.9,4.2,313.0,37.4,100.0
2024-08-05 11:30:00,555,1006.7,83.1,0.0,30.0,4.4,335.0,51.18,100.0
2024-08-05 11:45:00,539,1006.7,82.7,0.0,30.1,4.4,291.0,34.39,100.0
2024-08-05 12:00:00,520,1006.7,82.1,0.0,29.9,4.4,462.0,44.25,100.0
2024-08-05 12:15:00,498,1006.6,81.5,0.0,29.9,4.5,298.0,35.88,100.0
2024-08-05 12:30:00,474,1006.7,80.4,0.0,30.2,4.6,403.0,48.98,100.0
2024-08-05 12:45:00,448,1006.7,81.9,0.0,30.2,4.9,481.0,50.03,100.0
2024-08-05 13:00:00,416,1006.7,80.3,0.0,30.3,5.2,400.0,53.23,100.0
2024-08-05 13:15:00,379,1006.7,79.7,0.0,30.3,5.3,398.0,45.58,100.0
2024-08-05 13:30:00,339,1006.7,79.8,0.0,30.3,5.3,279.0,40.13,100.0
2024-08-05 13:45:00,297,1006.6,80.4,0.0,30.1,5.3,304.0,30.6,100.0
2024-08-05 14:00:00,254,1006.6,80.3,0.0,30.0,5.5,232.0,31.34,100.0
2024-08-05 14:15:00,214,1006.6,79.2,0.0,30.0,5.7,350.0,40.89,100.0
2024-08-05 14:30:00,176,1006.6,81.2,0.0,29.7,5.7,430.0,53.94,100.0
2024-08-05 14:45:00,143,1006.6,81.4,0.0,29.5,5.7,415.0,50.86,100.0
2024-08-05 15:00:00,114,1006.6,79.3,0.0,29.5,5.6,337.0,40.28,100.0
2024-08-05 15:15:00,91,1006.6,76.0,0.0,29.5,5.5,438.0,75.23,100.0
2024-08-05 15:30:00,75,1006.6,76.7,0.0,29.2,5.5,658.0,75.37,100.0
2024-08-05 15:45:00,65,1006.6,75.8,0.0,29.3,5.4,474.0,57.24,100.0
2024-08-05 16:00:00,61,1006.6,77.3,0.0,29.4,5.4,344.0,49.61,100.0
2024-08-05 16:15:00,60,1006.6,77.5,0.2,29.3,5.3,340.0,48.58,100.0
2024-08-05 16:30:00,62,1006.6,77.6,0.2,29.2,5.2,498.0,50.68,100.0
2024-08-05 16:45:00,64,1006.6,77.7,0.2,29.1,5.2,181.0,20.47,100.0
2024-08-05 17:00:00,67,1006.6,78.1,0.0,29.1,5.2,371.0,32.26,100.0
2024-08-05 17:15:00,67,1006.6,78.0,0.2,29.2,5.1,377.0,34.51,100.0
2024-08-05 17:30:00,66,1006.6,80.2,0.2,29.0,5.0,230.0,25.4,100.0
2024-08-05 17:45:00,62,1006.6,80.9,0.2,28.9,5.0,238.0,18.91,100.0
2024-08-05 18:00:00,55,1006.6,81.2,0.0,28.8,5.0,174.0,12.41,100.0
2024-08-05 18:15:00,46,1006.6,81.1,0.2,28.8,4.9,114.0,7.27,100.0
2024-08-05 18:30:00,34,1006.6,82.6,0.2,28.7,4.8,67.0,4.81,100.0
2024-08-05 18:45:00,21,1006.6,82.4,0.0,28.8,4.7,28.0,2.71,100.0
2024-08-05 19:00:00,7,1006.6,82.7,0.2,28.8,4.6,0.0,0.0,100.0
2024-08-05 19:15:00,0,1006.6,81.3,0.2,28.8,4.6,0.0,0.0,100.0
2024-08-05 19:30:00,0,1006.6,80.7,0.0,28.9,4.7,0.0,0.0,100.0
2024-08-05 19:45:00,0,1006.6,81.6,0.0,28.9,4.6,0.0,0.0,100.0
2024-08-05 20:00:00,0,1006.6,85.4,0.1,28.6,4.6,0.0,0.0,100.0
2024-08-05 20:15:00,0,1006.6,85.7,0.0,28.5,4.5,0.0,0.0,100.0
2024-08-05 20:30:00,0,1006.6,85.7,0.0,28.4,4.6,0.0,0.0,100.0
2024-08-05 20:45:00,0,1006.6,85.2,0.0,28.4,4.7,0.0,0.0,100.0
2024-08-05 21:00:00,0,1006.6,84.4,0.0,28.4,4.8,0.0,0.0,100.0
2024-08-05 21:15:00,0,1006.6,82.9,0.0,28.5,4.7,0.0,0.0,100.0
2024-08-05 21:30:00,0,1006.6,83.1,0.0,28.5,4.5,0.0,0.0,100.0
2024-08-05 21:45:00,0,1006.6,84.9,0.0,28.3,4.4,0.0,0.0,100.0
2024-08-05 22:00:00,0,1006.6,86.3,0.0,28.2,4.4,0.0,0.0,100.0
2024-08-05 22:15:00,0,1006.6,87.2,0.0,28.1,4.3,0.0,0.0,100.0
2024-08-05 22:30:00,0,1006.6,89.0,0.0,27.9,4.3,0.0,0.0,100.0
2024-08-05 22:45:00,0,1006.6,88.3,0.0,28.1,4.2,0.0,0.0,100.0
2024-08-05 23:00:00,0,1006.6,88.9,0.0,28.1,4.1,0.0,0.0,100.0
2024-08-05 23:15:00,0,1006.6,92.1,0.0,27.9,4.0,0.0,0.0,100.0
2024-08-05 23:30:00,0,1006.6,92.3,0.0,27.9,3.9,0.0,0.0,100.0
2024-08-05 23:45:00,0,1006.6,92.4,0.0,27.8,3.9,0.0,0.0,100.0
2024-08-06 00:00:00,0,1006.6,89.9,0.0,26.6,3.6,0.0,0.0,100.0
2024-08-06 00:15:00,0,1006.6,90.0,0.0,26.5,3.5,0.0,0.0,100.0
2024-08-06 00:30:00,0,1006.6,91.6,0.0,26.5,3.3,0.0,0.0,100.0
2024-08-06 00:45:00,0,1006.6,92.5,0.0,26.4,3.3,0.0,0.0,100.0
2024-08-06 01:00:00,0,1006.6,92.9,0.0,26.4,3.3,0.0,0.0,100.0
2024-08-06 01:15:00,0,1006.6,92.9,0.0,26.4,3.3,0.0,0.0,100.0
2024-08-06 01:30:00,0,1006.6,93.2,0.0,26.4,3.3,0.0,0.0,100.0
2024-08-06 01:45:00,0,1006.6,93.7,0.0,26.3,3.2,0.0,0.0,100.0
2024-08-06 02:00:00,0,1006.6,93.8,0.0,26.3,3.1,0.0,0.0,100.0
2024-08-06 02:15:00,0,1006.6,93.8,0.0,26.4,3.1,0.0,0.0,100.0
2024-08-06 02:30:00,0,1006.6,93.9,0.0,26.4,3.0,0.0,0.0,100.0
2024-08-06 02:45:00,0,1006.6,94.0,0.1,26.4,2.9,0.0,0.0,100.0
2024-08-06 03:00:00,0,1006.6,94.0,0.0,26.3,2.8,0.0,0.0,100.0
2024-08-06 03:15:00,0,1006.6,94.0,0.0,26.3,2.8,0.0,0.0,100.0
2024-08-06 03:30:00,0,1006.6,93.5,0.1,26.3,2.8,0.0,0.0,100.0
2024-08-06 03:45:00,0,1006.6,93.0,0.0,26.3,2.7,0.0,0.0,100.0
2024-08-06 04:00:00,0,1006.6,93.1,0.1,26.3,2.7,0.0,0.0,100.0
2024-08-06 04:15:00,0,1006.6,93.2,0.1,26.3,2.7,0.0,0.0,100.0
2024-08-06 04:30:00,0,1006.6,93.5,0.0,26.2,2.7,0.0,0.0,100.0
2024-08-06 04:45:00,0,1006.6,93.8,0.2,26.2,2.8,0.0,0.0,100.0
2024-08-06 05:00:00,0,1006.6,93.9,0.1,26.2,2.8,0.0,0.0,100.0
2024-08-06 05:15:00,0,1006.6,94.0,0.2,26.2,2.9,0.0,0.0,100.0
2024-08-06 05:30:00,11,1006.6,93.6,0.1,26.2,3.0,12.0,1.64,100.0
2024-08-06 05:45:00,33,1006.6,93.6,0.1,26.3,3.0,33.0,3.52,100.0
2024-08-06 06:00:00,56,1006.6,94.3,0.2,26.2,3.2,32.0,4.35,100.0
2024-08-06 06:15:00,78,1006.6,94.7,0.0,26.3,3.3,59.0,6.14,100.0
2024-08-06 06:30:00,100,1006.6,94.1,0.0,26.4,3.3,95.0,11.2,100.0
2024-08-06 06:45:00,122,1006.6,92.5,0.0,26.6,3.3,109.0,14.74,100.0
2024-08-06 07:00:00,143,1006.6,90.7,0.0,26.6,3.4,110.0,15.18,100.0
2024-08-06 07:15:00,164,1006.6,89.0,0.0,26.7,3.5,238.0,31.23,100.0
2024-08-06 07:30:00,183,1006.6,88.6,0.1,26.8,3.5,225.0,21.98,100.0
2024-08-06 07:45:00,202,1006.6,88.0,0.0,26.9,3.5,162.0,18.39,100.0
2024-08-06 08:00:00,219,1006.6,88.3,0.0,26.9,3.5,181.0,20.93,100.0
2024-08-06 08:15:00,236,1006.6,87.9,0.1,26.9,3.5,233.0,27.92,100.0
2024-08-06 08:30:00,252,1006.6,87.1,0.1,27.0,3.4,411.0,40.67,100.0
2024-08-06 08:45:00,267,1006.6,86.7,0.0,27.1,3.3,434.0,41.63,100.0
2024-08-06 09:00:00,282,1006.6,86.0,0.0,27.3,3.3,547.0,61.69,100.0
2024-08-06 09:15:00,297,1006.6,84.9,0.1,27.6,3.2,440.0,58.71,100.0
2024-08-06 09:30:00,313,1006.6,84.3,0.1,27.8,3.2,342.0,34.8,100.0
2024-08-06 09:45:00,328,1006.6,84.7,0.0,27.8,3.2,396.0,37.62,100.0
2024-08-06 10:00:00,345,1006.6,83.6,0.2,28.0,3.3,442.0,43.69,100.0
2024-08-06 10:15:00,362,1006.6,83.5,0.0,28.1,3.3,217.0,33.8,100.0
2024-08-06 10:30:00,379,1006.6,83.1,0.0,28.2,3.3,242.0,10.18,100.0
2024-08-06 10:45:00,397,1006.6,82.5,0.0,28.2,3.4,142.0,15.0,100.0
2024-08-06 11:00:00,414,1006.6,81.0,0.0,28.2,3.4,166.0,25.69,100.0
2024-08-06 11:15:00,431,1006.6,79.9,0.0,28.4,3.4,194.0,35.29,100.0
2024-08-06 11:30:00,446,1006.6,77.8,0.0,28.5,3.3,307.0,26.21,100.0
2024-08-06 11:45:00,460,1006.6,75.6,0.0,28.9,3.1,204.0,42.63,100.0
2024-08-06 12:00:00,471,1006.6,73.7,0.0,29.3,2.9,328.0,18.79,100.0
2024-08-06 12:15:00,481,1006.6,71.6,0.0,29.5,2.7,246.0,41.21,100.0
2024-08-06 12:30:00,487,1006.6,71.6,0.0,29.7,2.6,398.0,65.98,100.0
2024-08-06 12:45:00,491,1006.6,71.3,0.0,29.8,2.4,711.0,92.31,100.0
2024-08-06 13:00:00,494,1006.6,70.6,0.0,29.9,2.4,345.0,40.46,100.0
2024-08-06 13:15:00,495,1006.6,70.2,0.0,30.0,2.4,358.0,44.42,100.0
2024-08-06 13:30:00,496,1006.6,70.5,0.0,30.1,2.4,468.0,53.68,100.0
2024-08-06 13:45:00,494,1006.6,69.9,0.0,30.0,2.5,362.0,45.47,100.0
2024-08-06 14:00:00,489,1006.6,70.3,0.0,29.9,2.6,273.0,29.87,100.0
2024-08-06 14:15:00,482,1006.6,72.5,0.0,29.7,2.7,251.0,30.92,100.0
2024-08-06 14:30:00,471,1006.6,73.5,0.0,29.8,2.7,375.0,45.17,100.0
2024-08-06 14:45:00,456,1006.6,73.6,0.0,29.9,2.8,346.0,43.32,100.0
2024-08-06 15:00:00,438,1006.6,73.0,0.0,29.9,2.9,369.0,78.69,100.0
2024-08-06 15:15:00,415,1006.6,72.9,0.0,29.9,2.8,696.0,71.37,100.0
2024-08-06 15:30:00,389,1006.6,73.1,0.0,29.9,2.7,607.0,75.76,100.0
2024-08-06 15:45:00,358,1006.6,73.5,0.0,29.9,2.7,481.0,71.11,100.0
2024-08-06 16:00:00,324,1006.6,74.1,0.0,29.9,2.6,563.0,63.18,100.0
2024-08-06 16:15:00,287,1006.6,74.5,0.0,29.8,2.6,514.0,47.68,100.0
2024-08-06 16:30:00,250,1006.6,75.4,0.0,29.8,2.5,505.0,42.79,100.0
2024-08-06 16:45:00,212,1006.6,75.7,0.0,29.8,2.4,325.0,20.9,100.0
2024-08-06 17:00:00,176,1006.6,75.1,0.0,29.8,2.4,201.0,26.66,100.0
2024-08-06 17:15:00,143,1006.6,75.3,0.0,29.8,2.4,331.0,25.72,100.0
2024-08-06 17:30:00,113,1006.6,76.5,0.0,29.7,2.4,253.0,20.54,100.0
2024-08-06 17:45:00,87,1006.6,77.0,0.0,29.6,2.4,173.0,13.04,100.0
2024-08-06 18:00:00,64,1006.6,78.3,0.0,29.4,2.5,128.0,9.12,100.0
2024-08-06 18:15:00,45,1006.6,79.7,0.0,29.2,2.5,81.0,6.06,100.0
2024-08-06 18:30:00,29,1006.6,81.0,0.0,29.0,2.5,50.0,4.09,100.0
2024-08-06 18:45:00,16,1006.6,82.6,0.0,28.9,2.6,20.0,2.18,100.0
2024-08-06 19:00:00,4,1006.6,83.2,0.0,28.7,2.6,0.0,0.0,100.0
2024-08-06 19:15:00,0,1006.6,83.5,0.0,28.6,2.7,0.0,0.0,100.0
2024-08-06 19:30:00,0,1006.6,83.7,0.0,28.5,2.7,0.0,0.0,100.0
2024-08-06 19:45:00,0,1006.6,84.0,0.0,28.5,2.7,0.0,0.0,100.0
2024-08-06 20:00:00,0,1006.6,84.6,0.0,28.4,2.7,0.0,0.0,100.0
2024-08-06 20:15:00,0,1006.6,85.2,0.0,28.3,2.8,0.0,0.0,100.0
2024-08-06 20:30:00,0,1006.6,85.8,0.0,28.1,2.8,0.0,0.0,100.0
2024-08-06 20:45:00,0,1006.6,86.6,0.0,28.0,2.8,0.0,0.0,100.0
2024-08-06 21:00:00,0,1006.6,87.4,0.0,27.9,2.8,0.0,0.0,100.0
2024-08-06 21:15:00,0,1006.6,88.4,0.0,27.8,2.9,0.0,0.0,100.0
2024-08-06 21:30:00,0,1006.6,89.2,0.0,27.7,2.9,0.0,0.0,100.0
2024-08-06 21:45:00,0,1006.6,89.7,0.0,27.6,2.9,0.0,0.0,100.0
2024-08-06 22:00:00,0,1006.6,89.8,0.0,27.6,2.9,0.0,0.0,100.0
2024-08-06 22:15:00,0,1006.6,90.2,0.0,27.5,2.9,0.0,0.0,100.0
2024-08-06 22:30:00,0,1006.6,90.6,0.0,27.4,2.9,0.0,0.0,100.0
2024-08-06 22:45:00,0,1006.6,91.1,0.0,27.3,2.9,0.0,0.0,100.0
2024-08-06 23:00:00,0,1006.6,91.5,0.0,27.3,2.9,0.0,0.0,100.0
2024-08-06 23:15:00,0,1006.6,91.7,0.0,27.2,2.9,0.0,0.0,100.0
2024-08-06 23:30:00,0,1006.6,92.1,0.0,27.1,2.9,0.0,0.0,100.0
2024-08-06 23:45:00,0,1006.6,92.4,0.0,27.0,2.9,0.0,0.0,100.0
2024-08-07 00:00:00,0,1006.6,90.6,0.1,26.7,3.0,0.0,0.0,100.0
2024-08-07 00:15:00,0,1006.6,90.7,0.0,26.6,3.0,0.0,0.0,100.0
2024-08-07 00:30:00,0,1006.6,90.6,0.0,26.6,3.0,0.0,0.0,100.0
2024-08-07 00:45:00,0,1006.6,90.2,0.1,26.6,3.0,0.0,0.0,100.0
2024-08-07 01:00:00,0,1006.6,89.8,0.0,26.6,3.0,0.0,0.0,100.0
2024-08-07 01:15:00,0,1006.6,89.7,0.1,26.6,3.0,0.0,0.0,100.0
2024-08-07 01:30:00,0,1006.6,89.9,0.0,26.5,3.0,0.0,0.0,100.0
2024-08-07 01:45:00,0,1006.6,90.2,0.0,26.5,3.1,0.0,0.0,100.0
2024-08-07 02:00:00,0,1006.6,90.8,0.0,26.4,3.1,0.0,0.0,100.0
2024-08-07 02:15:00,0,1006.6,91.8,0.0,26.4,3.1,0.0,0.0,100.0
2024-08-07 02:30:00,0,1006.6,92.4,0.0,26.3,3.2,0.0,0.0,100.0
2024-08-07 02:45:00,0,1006.6,92.9,0.1,26.3,3.2,0.0,0.0,100.0
2024-08-07 03:00:00,0,1006.6,93.7,0.0,26.3,3.2,0.0,0.0,100.0
2024-08-07 03:15:00,0,1006.6,94.3,0.1,26.3,3.2,0.0,0.0,100.0
2024-08-07 03:30:00,0,1006.6,94.8,0.0,26.3,3.1,0.0,0.0,100.0
2024-08-07 03:45:00,0,1006.6,95.1,0.0,26.3,3.0,0.0,0.0,100.0
2024-08-07 04:00:00,0,1006.6,95.5,0.1,26.3,3.0,0.0,0.0,100.0
2024-08-07 04:15:00,0,1006.6,95.4,0.0,26.3,3.0,0.0,0.0,100.0
2024-08-07 04:30:00,0,1006.6,95.3,0.1,26.3,2.9,0.0,0.0,100.0
2024-08-07 04:45:00,0,1006.6,95.3,0.0,26.3,2.8,0.0,0.0,100.0
2024-08-07 05:00:00,0,1006.6,95.3,0.0,26.3,2.8,0.0,0.0,100.0
2024-08-07 05:15:00,0,1006.6,95.2,0.0,26.3,2.7,0.0,0.0,100.0
2024-08-07 05:30:00,13,1006.6,95.1,0.0,26.3,2.7,13.0,1.63,100.0
2024-08-07 05:45:00,41,1006.6,95.1,0.1,26.3,2.7,36.0,3.76,100.0
2024-08-07 06:00:00,70,1006.6,95.0,0.0,26.4,2.8,70.0,5.85,100.0
2024-08-07 06:15:00,99,1006.6,94.6,0.1,26.5,2.8,106.0,8.89,100.0
2024-08-07 06:30:00,129,1006.6,94.0,0.0,26.7,2.8,143.0,12.47,100.0
2024-08-07 06:45:00,160,1006.6,93.1,0.0,26.9,2.9,196.0,17.9,100.0
2024-08-07 07:00:00,192,1006.6,92.1,0.0,27.2,2.9,247.0,23.21,100.0
2024-08-07 07:15:00,226,1006.6,91.0,0.0,27.5,3.0,292.0,29.49,100.0
2024-08-07 07:30:00,262,1006.6,89.8,0.0,27.8,3.1,343.0,35.53,100.0
2024-08-07 07:45:00,299,1006.6,88.9,0.0,28.1,3.1,398.0,42.52,100.0
2024-08-07 08:00:00,337,1006.6,87.6,0.0,28.4,3.2,440.0,49.17,100.0
2024-08-07 08:15:00,375,1006.7,85.8,0.0,28.6,3.3,506.0,56.5,100.0
2024-08-07 08:30:00,414,1006.7,85.2,0.0,28.7,3.3,515.0,60.31,100.0
2024-08-07 08:45:00,453,1006.7,85.6,0.0,28.8,3.4,575.0,60.44,100.0
2024-08-07 09:00:00,490,1006.7,85.0,0.0,28.9,3.5,619.0,66.33,100.0
2024-08-07 09:15:00,525,1006.7,84.0,0.1,29.1,3.5,679.0,72.55,100.0
2024-08-07 09:30:00,557,1006.7,83.2,0.1,29.2,3.6,654.0,66.84,100.0
2024-08-07 09:45:00,585,1006.7,81.9,0.0,29.4,3.7,605.0,47.34,100.0
2024-08-07 10:00:00,612,1006.7,81.4,0.0,29.5,3.7,816.0,63.52,100.0
2024-08-07 10:15:00,637,1006.7,81.6,0.0,29.6,3.8,819.0,80.11,100.0
2024-08-07 10:30:00,659,1006.7,80.4,0.0,29.8,3.8,832.0,99.04,100.0
2024-08-07 10:45:00,678,1006.7,79.6,0.0,29.9,3.7,894.0,63.8,100.0
2024-08-07 11:00:00,694,1006.7,78.6,0.0,30.0,3.6,921.0,64.4,100.0
2024-08-07 11:15:00,705,1006.7,77.7,0.0,30.1,3.6,953.0,64.82,100.0
2024-08-07 11:30:00,712,1006.7,77.3,0.0,30.1,3.4,961.0,61.83,100.0
2024-08-07 11:45:00,714,1006.7,77.7,0.0,30.1,3.3,977.0,83.36,100.0
2024-08-07 12:00:00,711,1006.7,76.6,0.0,30.2,3.2,320.0,98.47,100.0
2024-08-07 12:15:00,701,1006.7,75.4,0.0,30.3,3.1,960.0,99.91,100.0
2024-08-07 12:30:00,685,1006.7,75.0,0.0,30.3,2.9,958.0,99.45,100.0
2024-08-07 12:45:00,663,1006.7,75.0,0.0,30.3,2.9,954.0,61.78,100.0
2024-08-07 13:00:00,632,1006.7,76.0,0.0,30.2,2.9,653.0,71.8,100.0
2024-08-07 13:15:00,594,1006.7,76.7,0.0,30.2,3.0,953.0,69.76,100.0
2024-08-07 13:30:00,551,1006.7,76.1,0.0,30.3,3.1,876.0,80.61,100.0
2024-08-07 13:45:00,503,1006.7,75.7,0.0,30.5,3.2,823.0,98.36,100.0
2024-08-07 14:00:00,454,1006.7,75.6,0.0,30.6,3.4,802.0,97.69,100.0
2024-08-07 14:15:00,404,1006.7,78.6,0.0,30.4,3.5,780.0,81.05,100.0
2024-08-07 14:30:00,355,1006.7,80.4,0.0,30.1,3.7,736.0,72.99,100.0
2024-08-07 14:45:00,308,1006.7,81.5,0.0,30.0,3.9,629.0,63.06,100.0
2024-08-07 15:00:00,265,1006.7,81.7,0.0,29.9,4.2,556.0,49.8,100.0
2024-08-07 15:15:00,226,1006.7,81.3,0.0,29.9,4.4,653.0,85.47,100.0
2024-08-07 15:30:00,193,1006.6,83.7,0.0,29.7,4.5,428.0,23.19,100.0
2024-08-07 15:45:00,165,1006.6,85.4,0.0,29.5,4.6,349.0,39.84,100.0
2024-08-07 16:00:00,140,1006.6,87.8,0.2,29.1,4.6,623.0,63.1,100.0
2024-08-07 16:15:00,118,1006.6,87.9,0.3,29.0,4.6,288.0,43.42,100.0
2024-08-07 16:30:00,99,1006.6,87.1,0.0,28.8,4.5,329.0,33.7,100.0
2024-08-07 16:45:00,82,1006.6,88.7,0.2,28.5,4.4,191.0,30.34,100.0
2024-08-07 17:00:00,67,1006.6,87.1,0.1,28.6,4.3,366.0,20.8,100.0
2024-08-07 17:15:00,55,1006.6,86.2,0.0,28.6,4.0,135.0,16.82,100.0
2024-08-07 17:30:00,43,1006.6,86.3,0.0,28.5,3.8,212.0,18.82,100.0
2024-08-07 17:45:00,34,1006.6,85.9,0.0,28.6,3.7,77.0,8.45,100.0
2024-08-07 18:00:00,25,1006.6,86.1,0.0,28.4,3.5,84.0,8.17,100.0
2024-08-07 18:15:00,18,1006.6,86.0,0.0,28.3,3.4,65.0,6.85,100.0
2024-08-07 18:30:00,12,1006.6,85.9,0.0,28.2,3.3,29.0,3.72,100.0
2024-08-07 18:45:00,6,1006.6,86.3,0.0,28.1,3.4,13.0,1.83,100.0
2024-08-07 19:00:00,1,1006.6,87.0,0.0,27.9,3.4,0.0,0.0,100.0
2024-08-07 19:15:00,0,1006.6,87.5,0.0,27.8,3.4,0.0,0.0,100.0
2024-08-07 19:30:00,0,1006.6,87.5,0.0,27.9,3.3,0.0,0.0,100.0
2024-08-07 19:45:00,0,1006.6,86.8,0.0,27.9,3.2,0.0,0.0,100.0
2024-08-07 20:00:00,0,1006.6,87.7,0.0,27.8,3.1,0.0,0.0,100.0
2024-08-07 20:15:00,0,1006.6,88.2,0.0,27.7,3.0,0.0,0.0,100.0
2024-08-07 20:30:00,0,1006.6,88.6,0.0,27.7,2.9,0.0,0.0,100.0
2024-08-07 20:45:00,0,1006.6,88.6,0.0,27.7,2.9,0.0,0.0,100.0
2024-08-07 21:00:00,0,1006.6,88.5,0.0,27.6,2.8,0.0,0.0,100.0
2024-08-07 21:15:00,0,1006.6,88.8,0.0,27.6,2.7,0.0,0.0,100.0
2024-08-07 21:30:00,0,1006.6,89.7,0.0,27.5,2.7,0.0,0.0,100.0
2024-08-07 21:45:00,0,1006.6,90.3,0.0,27.5,2.7,0.0,0.0,100.0
2024-08-07 22:00:00,0,1006.6,90.5,0.0,27.4,2.7,0.0,0.0,100.0
2024-08-07 22:15:00,0,1006.6,90.2,0.0,27.5,2.8,0.0,0.0,100.0
2024-08-07 22:30:00,0,1006.6,89.8,0.0,27.4,2.9,0.0,0.0,100.0
2024-08-07 22:45:00,0,1006.6,89.8,0.0,27.4,3.1,0.0,0.0,100.0
2024-08-07 23:00:00,0,1006.6,90.6,0.0,27.4,3.1,0.0,0.0,100.0
2024-08-07 23:15:00,0,1006.6,91.2,0.0,27.3,3.1,0.0,0.0,100.0
2024-08-07 23:30:00,0,1006.6,91.4,0.0,27.2,3.1,0.0,0.0,100.0
2024-08-07 23:45:00,0,1006.6,91.4,0.0,27.1,3.1,0.0,0.0,100.0
2024-08-08 00:00:00,0,1006.6,92.5,0.0,27.8,2.2,0.0,0.0,100.0
2024-08-08 00:15:00,0,1006.6,92.1,0.0,27.8,2.3,0.0,0.0,100.0
2024-08-08 00:30:00,0,1006.6,92.3,0.0,27.7,2.3,0.0,0.0,100.0
2024-08-08 00:45:00,0,1006.6,92.5,0.0,27.6,2.3,0.0,0.0,100.0
2024-08-08 01:00:00,0,1006.6,92.3,0.0,27.6,2.3,0.0,0.0,100.0
2024-08-08 01:15:00,0,1006.6,92.8,0.0,27.5,2.4,0.0,0.0,100.0
2024-08-08 01:30:00,0,1006.6,93.5,0.0,27.4,2.4,0.0,0.0,100.0
2024-08-08 01:45:00,0,1006.6,93.9,0.0,27.4,2.4,0.0,0.0,100.0
2024-08-08 02:00:00,0,1006.6,93.9,0.0,27.4,2.5,0.0,0.0,100.0
2024-08-08 02:15:00,0,1006.6,93.5,0.0,27.4,2.6,0.0,0.0,100.0
2024-08-08 02:30:00,0,1006.6,92.3,0.0,27.4,2.6,0.0,0.0,100.0
2024-08-08 02:45:00,0,1006.6,92.3,0.0,27.3,2.7,0.0,0.0,100.0
2024-08-08 03:00:00,0,1006.6,92.2,0.0,27.3,2.8,0.0,0.0,100.0
2024-08-08 03:15:00,0,1006.6,92.0,0.0,27.3,2.8,0.0,0.0,100.0
2024-08-08 03:30:00,0,1006.6,91.6,0.0,27.3,2.8,0.0,0.0,100.0
2024-08-08 03:45:00,0,1006.6,90.7,0.0,27.2,2.8,0.0,0.0,100.0
2024-08-08 04:00:00,0,1006.6,88.3,0.0,27.3,2.8,0.0,0.0,100.0
2024-08-08 04:15:00,0,1006.6,87.1,0.0,27.2,2.8,0.0,0.0,100.0
2024-08-08 04:30:00,0,1006.6,86.2,0.0,27.1,2.8,0.0,0.0,100.0
2024-08-08 04:45:00,0,1006.6,86.2,0.0,27.1,2.8,0.0,0.0,100.0
2024-08-08 05:00:00,0,1006.6,87.1,0.0,27.0,2.8,0.0,0.0,100.0
2024-08-08 05:15:00,0,1006.6,87.5,0.0,26.9,2.7,0.0,0.0,100.0
2024-08-08 05:30:00,8,1006.6,88.2,0.0,26.9,2.7,7.0,1.21,100.0
2024-08-08 05:45:00,29,1006.6,89.5,0.0,26.8,2.6,32.0,3.19,100.0
2024-08-08 06:00:00,50,1006.6,89.8,0.0,26.8,2.6,67.0,4.76,100.0
2024-08-08 06:15:00,72,1006.6,90.0,0.0,26.8,2.5,104.0,7.73,100.0
2024-08-08 06:30:00,95,1006.6,89.7,0.0,26.9,2.4,150.0,12.08,100.0
2024-08-08 06:45:00,120,1006.6,88.8,0.0,27.2,2.3,198.0,18.46,100.0
2024-08-08 07:00:00,147,1006.6,88.0,0.0,27.4,2.3,245.0,23.83,100.0
2024-08-08 07:15:00,177,1006.6,87.5,0.0,27.6,2.2,313.0,32.19,100.0
2024-08-08 07:30:00,210,1006.6,87.3,0.0,27.8,2.2,358.0,38.74,100.0
2024-08-08 07:45:00,245,1006.6,86.8,0.0,28.0,2.2,420.0,45.91,100.0
2024-08-08 08:00:00,283,1006.6,86.6,0.0,28.1,2.2,472.0,53.63,100.0
2024-08-08 08:15:00,323,1006.6,86.3,0.0,28.2,2.3,518.0,59.76,100.0
2024-08-08 08:30:00,364,1006.6,85.9,0.0,28.4,2.3,569.0,66.61,100.0
2024-08-08 08:45:00,406,1006.6,84.8,0.0,28.6,2.3,588.0,72.73,100.0
2024-08-08 09:00:00,447,1006.6,83.6,0.0,28.8,2.4,633.0,77.35,100.0
2024-08-08 09:15:00,486,1006.6,83.2,0.0,28.9,2.5,677.0,82.69,100.0
2024-08-08 09:30:00,523,1006.7,82.9,0.0,29.1,2.5,706.0,88.05,100.0
2024-08-08 09:45:00,556,1006.7,81.8,0.0,29.3,2.6,694.0,92.91,100.0
2024-08-08 10:00:00,585,1006.7,80.5,0.0,29.4,2.6,806.0,96.78,100.0
2024-08-08 10:15:00,611,1006.7,79.6,0.0,29.6,2.7,839.0,97.61,100.0
2024-08-08 10:30:00,633,1006.7,78.8,0.0,29.7,2.7,585.0,79.03,100.0
2024-08-08 10:45:00,653,1006.7,78.2,0.0,29.8,2.8,876.0,43.49,100.0
2024-08-08 11:00:00,668,1006.7,78.1,0.0,29.8,2.8,928.0,62.61,100.0
2024-08-08 11:15:00,681,1006.7,77.6,0.0,29.9,2.9,926.0,98.74,100.0
2024-08-08 11:30:00,690,1006.7,77.3,0.0,30.0,2.9,940.0,99.64,100.0
2024-08-08 11:45:00,697,1006.7,77.4,0.0,30.1,2.9,943.0,100.0,100.0
2024-08-08 12:00:00,701,1006.7,77.7,0.0,30.1,2.9,943.0,100.0,100.0
2024-08-08 12:15:00,702,1006.7,77.7,0.0,30.1,3.0,928.0,100.0,100.0
2024-08-08 12:30:00,701,1006.7,76.9,0.0,30.2,3.0,963.0,100.0,100.0
2024-08-08 12:45:00,698,1006.7,76.7,0.0,30.1,3.1,932.0,100.0,100.0
2024-08-08 13:00:00,694,1006.7,77.9,0.0,30.0,3.3,924.0,100.0,100.0
2024-08-08 13:15:00,688,1006.7,78.0,0.0,30.1,3.4,900.0,100.0,100.0
2024-08-08 13:30:00,680,1006.7,77.5,0.0,30.2,3.6,880.0,99.97,100.0
2024-08-08 13:45:00,669,1006.7,77.3,0.0,30.2,3.7,856.0,99.65,100.0
2024-08-08 14:00:00,656,1006.7,77.7,0.0,30.1,3.8,821.0,99.29,100.0
2024-08-08 14:15:00,639,1006.7,77.3,0.0,30.1,4.0,792.0,97.73,100.0
2024-08-08 14:30:00,618,1006.7,77.7,0.0,30.0,4.2,719.0,93.58,100.0
2024-08-08 14:45:00,593,1006.7,78.4,0.0,29.9,4.5,720.0,89.0,100.0
2024-08-08 15:00:00,564,1006.6,78.4,0.0,29.9,4.7,669.0,84.21,100.0
2024-08-08 15:15:00,532,1006.6,79.2,0.0,29.9,4.8,643.0,77.96,100.0
2024-08-08 15:30:00,496,1006.6,78.6,0.0,29.8,4.8,610.0,72.65,100.0
2024-08-08 15:45:00,456,1006.6,80.4,0.0,29.6,4.9,448.0,62.61,100.0
2024-08-08 16:00:00,412,1006.6,79.4,0.0,29.6,5.0,554.0,57.6,100.0
2024-08-08 16:15:00,365,1006.6,79.4,0.0,29.6,5.0,466.0,52.42,100.0
2024-08-08 16:30:00,318,1006.6,79.6,0.0,29.6,5.0,409.0,45.47,100.0
2024-08-08 16:45:00,271,1006.6,79.6,0.0,29.6,4.9,362.0,38.19,100.0
2024-08-08 17:00:00,227,1006.6,79.5,0.0,29.6,4.8,304.0,31.07,100.0
2024-08-08 17:15:00,186,1006.6,79.3,0.0,29.6,4.6,253.0,24.08,100.0
2024-08-08 17:30:00,148,1006.6,79.2,0.0,29.6,4.5,216.0,18.68,100.0
2024-08-08 17:45:00,115,1006.6,79.6,0.0,29.6,4.3,158.0,12.87,100.0
2024-08-08 18:00:00,85,1006.6,80.0,0.0,29.6,4.1,116.0,9.06,100.0
2024-08-08 18:15:00,60,1006.6,80.5,0.0,29.5,3.9,73.0,5.6,100.0
2024-08-08 18:30:00,39,1006.6,81.2,0.0,29.4,3.7,41.0,3.84,100.0
2024-08-08 18:45:00,21,1006.6,81.8,0.0,29.3,3.4,15.0,1.92,100.0
2024-08-08 19:00:00,4,1006.6,82.6,0.0,29.2,3.2,0.0,0.0,100.0
2024-08-08 19:15:00,0,1006.6,83.7,0.0,29.1,3.0,0.0,0.0,100.0
2024-08-08 19:30:00,0,1006.6,84.9,0.0,29.0,2.8,0.0,0.0,100.0
2024-08-08 19:45:00,0,1006.6,86.0,0.0,28.9,2.6,0.0,0.0,100.0
2024-08-08 20:00:00,0,1006.6,86.9,0.0,28.8,2.5,0.0,0.0,100.0
2024-08-08 20:15:00,0,1006.7,87.6,0.0,28.8,2.4,0.0,0.0,100.0
2024-08-08 20:30:00,0,1006.6,88.1,0.0,28.7,2.4,0.0,0.0,100.0
2024-08-08 20:45:00,0,1006.6,88.7,0.0,28.6,2.4,0.0,0.0,100.0
2024-08-08 21:00:00,0,1006.6,89.2,0.0,28.5,2.5,0.0,0.0,100.0
2024-08-08 21:15:00,0,1006.6,89.7,0.0,28.5,2.6,0.0,0.0,100.0
2024-08-08 21:30:00,0,1006.6,90.1,0.0,28.4,2.8,0.0,0.0,100.0
2024-08-08 21:45:00,0,1006.6,90.4,0.0,28.3,2.9,0.0,0.0,100.0
2024-08-08 22:00:00,0,1006.6,90.6,0.0,28.2,3.0,0.0,0.0,100.0
2024-08-08 22:15:00,0,1006.6,91.0,0.0,28.1,3.1,0.0,0.0,100.0
2024-08-08 22:30:00,0,1006.6,91.6,0.0,28.0,3.2,0.0,0.0,100.0
2024-08-08 22:45:00,0,1006.6,92.2,0.0,27.9,3.2,0.0,0.0,100.0
2024-08-08 23:00:00,0,1006.6,92.7,0.0,27.8,3.2,0.0,0.0,100.0
2024-08-08 23:15:00,0,1006.6,93.0,0.0,27.7,3.2,0.0,0.0,100.0
2024-08-08 23:30:00,0,1006.6,93.3,0.0,27.6,3.1,0.0,0.0,100.0
2024-08-08 23:45:00,0,1006.6,93.5,0.0,27.5,3.1,0.0,0.0,100.0
2024-08-09 00:00:00,0,1006.6,93.4,0.0,27.5,3.0,0.0,0.0,100.0
2024-08-09 00:15:00,0,1006.6,93.8,0.0,27.4,2.9,0.0,0.0,100.0
2024-08-09 00:30:00,0,1006.6,93.9,0.0,27.3,2.9,0.0,0.0,100.0
2024-08-09 00:45:00,0,1006.6,94.0,0.0,27.3,2.9,0.0,0.0,100.0
2024-08-09 01:00:00,0,1006.6,94.1,0.0,27.2,2.8,0.0,0.0,100.0
2024-08-09 01:15:00,0,1006.6,94.4,0.0,27.1,2.8,0.0,0.0,100.0
2024-08-09 01:30:00,0,1006.6,94.5,0.0,27.1,2.8,0.0,0.0,100.0
2024-08-09 01:45:00,0,1006.6,94.7,0.0,27.0,2.8,0.0,0.0,100.0
2024-08-09 02:00:00,0,1006.6,94.9,0.0,26.9,2.8,0.0,0.0,100.0
2024-08-09 02:15:00,0,1006.6,95.4,0.0,26.9,2.7,0.0,0.0,100.0
2024-08-09 02:30:00,0,1006.6,95.8,0.0,26.8,2.7,0.0,0.0,100.0
2024-08-09 02:45:00,0,1006.6,96.1,0.0,26.8,2.7,0.0,0.0,100.0
2024-08-09 03:00:00,0,1006.6,96.5,0.0,26.7,2.6,0.0,0.0,100.0
2024-08-09 03:15:00,0,1006.6,96.8,0.0,26.7,2.6,0.0,0.0,100.0
2024-08-09 03:30:00,0,1006.6,97.1,0.0,26.6,2.6,0.0,0.0,100.0
2024-08-09 03:45:00,0,1006.6,97.4,0.0,26.6,2.6,0.0,0.0,100.0
2024-08-09 04:00:00,0,1006.6,97.7,0.0,26.5,2.5,0.0,0.0,100.0
2024-08-09 04:15:00,0,1006.6,97.9,0.0,26.5,2.5,0.0,0.0,100.0
2024-08-09 04:30:00,0,1006.6,98.1,0.0,26.4,2.5,0.0,0.0,100.0
2024-08-09 04:45:00,0,1006.6,98.1,0.0,26.4,2.5,0.0,0.0,100.0
2024-08-09 05:00:00,0,1006.6,98.2,0.0,26.4,2.5,0.0,0.0,100.0
2024-08-09 05:15:00,0,1006.6,98.4,0.0,26.4,2.5,0.0,0.0,100.0
2024-08-09 05:30:00,6,1006.6,98.5,0.0,26.4,2.5,0.0,0.0,100.0
2024-08-09 05:45:00,23,1006.6,98.6,0.0,26.4,2.5,35.0,3.84,100.0
2024-08-09 06:00:00,41,1006.6,98.8,0.0,26.4,2.6,62.0,6.11,100.0
2024-08-09 06:15:00,60,1006.6,98.8,0.0,26.4,2.7,73.0,8.3,100.0
2024-08-09 06:30:00,79,1006.6,98.6,0.0,26.5,2.7,152.0,14.53,100.0
2024-08-09 06:45:00,101,1006.6,98.0,0.0,26.7,2.7,209.0,18.81,100.0
2024-08-09 07:00:00,125,1006.6,97.0,0.1,26.8,2.8,236.0,24.0,100.0
2024-08-09 07:15:00,153,1006.6,95.8,0.0,27.0,2.8,287.0,30.4,100.0
2024-08-09 07:30:00,184,1006.6,94.5,0.1,27.2,2.9,264.0,30.46,100.0
2024-08-09 07:45:00,218,1006.6,93.4,0.0,27.4,3.0,369.0,41.5,100.0
2024-08-09 08:00:00,256,1006.6,92.1,0.0,27.7,3.0,408.0,46.91,100.0
2024-08-09 08:15:00,295,1006.6,90.3,0.0,28.0,3.2,503.0,55.51,100.0
2024-08-09 08:30:00,336,1006.6,88.6,0.0,28.3,3.2,349.0,40.37,100.0
2024-08-09 08:45:00,376,1006.6,87.3,0.0,28.6,3.4,356.0,43.76,100.0
2024-08-09 09:00:00,416,1006.6,85.8,0.1,28.8,3.5,263.0,29.45,100.0
2024-08-09 09:15:00,454,1006.6,84.0,0.0,29.0,3.7,402.0,59.31,100.0
2024-08-09 09:30:00,488,1006.6,82.0,0.0,29.3,3.8,634.0,56.02,100.0
2024-08-09 09:45:00,517,1006.6,80.3,0.0,29.5,4.0,498.0,50.09,100.0
2024-08-09 10:00:00,542,1006.6,78.9,0.0,29.7,4.0,423.0,54.99,100.0
2024-08-09 10:15:00,562,1006.6,78.2,0.0,29.8,4.0,910.0,94.07,100.0
2024-08-09 10:30:00,579,1006.6,77.2,0.0,29.9,4.0,801.0,65.3,100.0
2024-08-09 10:45:00,591,1006.6,76.3,0.0,30.0,4.0,978.0,93.79,100.0
2024-08-09 11:00:00,599,1006.6,75.6,0.2,30.1,3.9,849.0,72.16,100.0
2024-08-09 11:15:00,604,1006.6,75.2,0.0,30.3,3.8,689.0,93.06,100.0
2024-08-09 11:30:00,604,1006.6,74.9,0.0,30.4,3.8,594.0,82.58,100.0
2024-08-09 11:45:00,600,1006.7,74.6,0.0,30.5,3.7,611.0,59.69,100.0
2024-08-09 12:00:00,594,1006.7,74.0,0.0,30.6,3.6,429.0,58.75,100.0
2024-08-09 12:15:00,584,1006.7,73.2,0.0,30.8,3.7,455.0,65.6,100.0
2024-08-09 12:30:00,571,1006.7,72.3,0.0,30.9,3.7,386.0,54.99,100.0
2024-08-09 12:45:00,556,1006.7,71.5,0.0,31.0,3.8,625.0,61.05,100.0
2024-08-09 13:00:00,536,1006.7,71.1,0.0,31.0,3.8,1040.0,87.94,100.0
2024-08-09 13:15:00,513,1006.6,71.6,0.0,31.0,3.9,525.0,50.02,100.0
2024-08-09 13:30:00,487,1006.6,72.5,0.0,31.1,4.0,555.0,77.47,100.0
2024-08-09 13:45:00,459,1006.6,72.1,0.0,31.1,4.1,473.0,63.48,100.0
2024-08-09 14:00:00,428,1006.6,70.8,0.0,31.2,4.2,407.0,49.66,100.0
2024-08-09 14:15:00,397,1006.6,70.9,0.0,31.3,4.2,402.0,67.73,100.0
2024-08-09 14:30:00,365,1006.7,72.3,0.0,31.3,4.2,608.0,82.88,100.0
2024-08-09 14:45:00,333,1006.6,72.4,0.0,31.3,4.3,621.0,82.01,100.0
2024-08-09 15:00:00,302,1006.6,72.2,0.0,31.3,4.3,231.0,34.23,100.0
2024-08-09 15:15:00,272,1006.6,72.1,0.0,31.3,4.3,345.0,54.43,100.0
2024-08-09 15:30:00,243,1006.6,72.4,0.0,31.3,4.3,414.0,42.12,100.0
2024-08-09 15:45:00,216,1006.6,74.7,0.1,31.0,4.2,357.0,38.84,100.0
2024-08-09 16:00:00,190,1006.6,76.2,0.0,30.8,4.2,235.0,26.25,100.0
2024-08-09 16:15:00,164,1006.6,75.2,0.0,30.7,4.1,191.0,21.97,100.0
2024-08-09 16:30:00,140,1006.6,74.4,0.0,30.7,4.2,163.0,19.8,100.0
2024-08-09 16:45:00,117,1006.6,75.2,0.0,30.6,4.2,144.0,17.22,100.0
2024-08-09 17:00:00,96,1006.6,76.0,0.0,30.6,4.2,122.0,14.76,100.0
2024-08-09 17:15:00,77,1006.6,77.6,0.0,30.5,4.2,88.0,10.26,100.0
2024-08-09 17:30:00,61,1006.6,80.7,0.0,30.2,4.2,65.0,8.39,100.0
2024-08-09 17:45:00,46,1006.6,82.1,0.0,30.1,4.3,50.0,6.28,100.0
2024-08-09 18:00:00,34,1006.6,82.8,0.0,29.9,4.4,33.0,4.46,100.0
2024-08-09 18:15:00,23,1006.6,82.4,0.0,29.8,4.5,21.0,2.64,100.0
2024-08-09 18:30:00,15,1006.6,83.2,0.0,29.6,4.6,14.0,2.09,100.0
2024-08-09 18:45:00,7,1006.6,84.1,0.0,29.4,4.7,7.0,1.27,100.0
2024-08-09 19:00:00,1,1006.6,84.9,0.0,29.3,4.8,0.0,0.0,100.0
2024-08-09 19:15:00,0,1006.6,85.5,0.0,29.2,5.0,0.0,0.0,100.0
2024-08-09 19:30:00,0,1006.6,86.0,0.0,29.1,5.1,0.0,0.0,100.0
2024-08-09 19:45:00,0,1006.6,86.9,0.0,29.0,5.2,0.0,0.0,100.0
2024-08-09 20:00:00,0,1006.6,87.9,0.0,28.9,5.3,0.0,0.0,100.0
2024-08-09 20:15:00,0,1006.6,88.9,0.0,28.8,5.4,0.0,0.0,100.0
2024-08-09 20:30:00,0,1006.6,89.7,0.0,28.7,5.5,0.0,0.0,100.0
2024-08-09 20:45:00,0,1006.6,90.4,0.0,28.6,5.6,0.0,0.0,100.0
2024-08-09 21:00:00,0,1006.6,90.9,0.0,28.6,5.7,0.0,0.0,100.0
2024-08-09 21:15:00,0,1006.6,91.6,0.0,28.5,5.8,0.0,0.0,100.0
2024-08-09 21:30:00,0,1006.6,92.1,0.0,28.4,5.9,0.0,0.0,100.0
2024-08-09 21:45:00,0,1006.6,92.5,0.0,28.4,5.9,0.0,0.0,100.0
2024-08-09 22:00:00,0,1006.6,92.8,0.0,28.4,6.0,0.0,0.0,100.0
2024-08-09 22:15:00,0,1006.6,93.0,0.0,28.3,6.0,0.0,0.0,100.0
2024-08-09 22:30:00,0,1006.6,93.1,0.0,28.3,6.0,0.0,0.0,100.0
2024-08-09 22:45:00,0,1006.6,93.4,0.0,28.2,6.1,0.0,0.0,100.0
2024-08-09 23:00:00,0,1006.6,93.5,0.0,28.2,6.1,0.0,0.0,100.0
2024-08-09 23:15:00,0,1006.6,93.6,0.0,28.2,6.2,0.0,0.0,100.0
2024-08-09 23:30:00,0,1006.6,93.9,0.0,28.2,6.2,0.0,0.0,100.0
2024-08-09 23:45:00,0,1006.6,94.2,0.0,28.1,6.2,0.0,0.0,100.0
2024-08-10 00:00:00,0,1006.6,94.4,0.0,28.0,6.1,0.0,0.0,100.0
2024-08-10 00:15:00,0,1006.6,94.6,0.0,28.0,6.2,0.0,0.0,100.0
2024-08-10 00:30:00,0,1006.6,94.8,0.0,28.0,6.2,0.0,0.0,100.0
2024-08-10 00:45:00,0,1006.6,94.8,0.0,28.0,6.2,0.0,0.0,100.0
2024-08-10 01:00:00,0,1006.6,94.9,0.0,28.0,6.2,0.0,0.0,100.0
2024-08-10 01:15:00,0,1006.6,95.0,0.0,27.9,6.3,0.0,0.0,100.0
2024-08-10 01:30:00,0,1006.6,95.0,0.0,27.9,6.3,0.0,0.0,100.0
2024-08-10 01:45:00,0,1006.6,94.9,0.0,27.9,6.3,0.0,0.0,100.0
2024-08-10 02:00:00,0,1006.6,95.0,0.0,27.9,6.4,0.0,0.0,100.0
2024-08-10 02:15:00,0,1006.6,94.8,0.0,27.9,6.4,0.0,0.0,100.0
2024-08-10 02:30:00,0,1006.6,94.7,0.0,27.9,6.4,0.0,0.0,100.0
2024-08-10 02:45:00,0,1006.6,94.5,0.0,27.9,6.4,0.0,0.0,100.0
2024-08-10 03:00:00,0,1006.6,94.3,0.0,27.9,6.5,0.0,0.0,100.0
2024-08-10 03:15:00,0,1006.6,94.2,0.0,27.9,6.5,0.0,0.0,100.0
2024-08-10 03:30:00,0,1006.6,94.0,0.0,27.9,6.5,0.0,0.0,100.0
2024-08-10 03:45:00,0,1006.6,93.8,0.0,27.9,6.6,0.0,0.0,100.0
2024-08-10 04:00:00,0,1006.6,93.8,0.0,27.9,6.6,0.0,0.0,100.0
2024-08-10 04:15:00,0,1006.6,93.9,0.0,27.9,6.6,0.0,0.0,100.0
2024-08-10 04:30:00,0,1006.6,94.0,0.0,27.9,6.7,0.0,0.0,100.0
2024-08-10 04:45:00,0,1006.6,94.1,0.0,27.8,6.7,0.0,0.0,100.0
2024-08-10 05:00:00,0,1006.6,94.2,0.0,27.7,6.8,0.0,0.0,100.0
2024-08-10 05:15:00,0,1006.6,94.2,0.0,27.8,6.8,0.0,0.0,100.0
2024-08-10 05:30:00,3,1006.6,94.3,0.0,27.8,6.8,0.0,0.0,100.0
2024-08-10 05:45:00,13,1006.6,94.4,0.0,27.8,6.9,31.0,3.45,100.0
2024-08-10 06:00:00,23,1006.6,94.6,0.0,27.8,6.9,39.0,4.06,100.0
2024-08-10 06:15:00,34,1006.6,94.6,0.0,27.8,7.0,28.0,3.62,100.0
2024-08-10 06:30:00,46,1006.6,94.5,0.0,27.9,7.0,39.0,5.2,100.0
2024-08-10 06:45:00,60,1006.6,94.2,0.0,27.9,7.0,75.0,10.44,100.0
2024-08-10 07:00:00,76,1006.6,93.8,0.0,28.0,7.1,141.0,18.06,100.0
2024-08-10 07:15:00,94,1006.6,93.2,0.0,28.2,7.1,270.0,31.31,100.0
2024-08-10 07:30:00,115,1006.6,92.1,0.0,28.4,7.1,241.0,22.77,100.0
2024-08-10 07:45:00,139,1006.6,90.9,0.0,28.7,7.2,109.0,11.12,100.0
2024-08-10 08:00:00,166,1006.6,89.7,0.0,28.9,7.2,61.0,7.25,100.0
2024-08-10 08:15:00,195,1006.6,88.6,0.0,29.1,7.2,66.0,8.54,100.0
2024-08-10 08:30:00,226,1006.6,87.6,0.0,29.4,7.2,75.0,9.73,100.0
2024-08-10 08:45:00,259,1006.6,86.3,0.0,29.7,7.2,106.0,14.56,100.0
2024-08-10 09:00:00,294,1006.6,84.9,0.0,30.0,7.2,166.0,20.21,100.0
2024-08-10 09:15:00,330,1006.6,83.8,0.0,30.2,7.2,137.0,14.57,100.0
2024-08-10 09:30:00,367,1006.6,82.7,0.0,30.4,7.1,154.0,19.8,100.0
2024-08-10 09:45:00,403,1006.6,81.7,0.0,30.6,7.1,142.0,15.83,100.0
2024-08-10 10:00:00,444,1006.6,80.6,0.0,30.8,7.1,98.0,12.66,100.0
2024-08-10 10:15:00,488,1006.6,79.3,0.0,31.1,7.0,115.0,15.34,100.0
2024-08-10 10:30:00,534,1006.6,77.9,0.0,31.4,7.0,186.0,23.63,100.0
2024-08-10 10:45:00,580,1006.6,76.6,0.0,31.6,7.0,294.0,34.36,100.0
2024-08-10 11:00:00,626,1006.6,75.4,0.0,31.7,7.0,272.0,35.73,100.0
2024-08-10 11:15:00,670,1006.6,74.2,0.0,31.9,7.0,251.0,30.92,100.0
2024-08-10 11:30:00,709,1006.6,73.2,0.0,32.1,7.0,757.0,55.4,100.0
2024-08-10 11:45:00,743,1006.6,72.3,0.0,32.2,6.9,667.0,78.07,100.0
2024-08-10 12:00:00,770,1006.6,71.3,0.0,32.3,6.9,846.0,75.64,100.0
2024-08-10 12:15:00,787,1006.6,70.5,0.0,32.4,6.9,494.0,57.9,100.0
2024-08-10 12:30:00,795,1006.6,70.0,0.0,32.5,6.8,840.0,78.36,100.0
2024-08-10 12:45:00,791,1006.6,69.0,0.0,32.6,6.8,1160.0,99.09,100.0
2024-08-10 13:00:00,776,1006.6,67.7,0.0,32.8,6.9,901.0,57.44,100.0
2024-08-10 13:15:00,751,1006.6,67.1,0.0,32.8,6.9,1160.0,78.46,100.0
2024-08-10 13:30:00,717,1006.6,66.6,0.0,33.0,7.0,600.0,54.49,100.0
2024-08-10 13:45:00,677,1006.6,65.1,0.0,33.1,7.0,381.0,67.04,100.0
2024-08-10 14:00:00,632,1006.6,63.7,0.0,33.1,6.9,414.0,58.48,100.0
2024-08-10 14:15:00,584,1006.6,63.3,0.0,33.0,7.0,361.0,32.9,100.0
2024-08-10 14:30:00,536,1006.6,65.1,0.0,32.9,6.9,242.0,29.74,100.0
2024-08-10 14:45:00,487,1006.6,68.1,0.0,32.5,6.9,115.0,37.41,100.0
2024-08-10 15:00:00,441,1006.6,68.4,0.0,32.5,6.8,734.0,77.99,100.0
2024-08-10 15:15:00,397,1006.6,70.8,0.0,32.3,6.7,785.0,90.97,100.0
2024-08-10 15:30:00,358,1006.6,69.9,0.0,32.2,6.5,617.0,71.8,100.0
2024-08-10 15:45:00,322,1006.6,70.2,0.2,32.2,6.3,494.0,62.85,100.0
2024-08-10 16:00:00,288,1006.6,70.9,0.1,31.9,6.3,517.0,48.31,100.0
2024-08-10 16:15:00,255,1006.6,71.7,0.2,31.9,6.2,292.0,44.9,100.0
2024-08-10 16:30:00,224,1006.6,77.4,0.5,31.3,5.9,369.0,42.19,100.0
2024-08-10 16:45:00,194,1006.6,80.8,0.0,31.0,5.8,346.0,38.08,100.0
2024-08-10 17:00:00,166,1006.6,80.8,0.2,30.6,5.7,301.0,31.75,100.0
2024-08-10 17:15:00,140,1006.6,82.2,0.2,30.4,5.5,205.0,22.61,100.0
2024-08-10 17:30:00,116,1006.6,83.6,0.4,30.4,5.4,146.0,17.54,100.0
2024-08-10 17:45:00,93,1006.6,87.0,0.3,30.1,5.2,157.0,14.24,100.0
2024-08-10 18:00:00,72,1006.6,86.2,0.0,30.0,5.0,109.0,10.15,100.0
2024-08-10 18:15:00,52,1006.6,86.1,0.0,30.0,4.8,56.0,5.26,100.0
2024-08-10 18:30:00,34,1006.6,85.4,0.2,30.0,4.6,32.0,3.53,100.0
2024-08-10 18:45:00,17,1006.6,86.9,0.1,29.8,4.6,14.0,1.65,100.0
2024-08-10 19:00:00,2,1006.6,87.1,0.0,29.8,4.4,0.0,0.0,100.0
2024-08-10 19:15:00,0,1006.6,88.0,0.2,29.7,4.3,0.0,0.0,100.0
2024-08-10 19:30:00,0,1006.6,87.3,0.0,29.7,4.3,0.0,0.0,100.0
2024-08-10 19:45:00,0,1006.6,87.6,0.1,29.7,4.2,0.0,0.0,100.0
2024-08-10 20:00:00,0,1006.6,88.6,0.0,29.7,4.3,0.0,0.0,100.0
2024-08-10 20:15:00,0,1006.6,89.7,0.0,29.6,4.4,0.0,0.0,100.0
2024-08-10 20:30:00,0,1006.6,90.8,0.0,29.5,4.5,0.0,0.0,100.0
2024-08-10 20:45:00,0,1006.6,91.7,0.0,29.4,4.6,0.0,0.0,100.0
2024-08-10 21:00:00,0,1006.6,92.4,0.0,29.4,4.7,0.0,0.0,100.0
2024-08-10 21:15:00,0,1006.6,92.8,0.0,29.3,4.9,0.0,0.0,100.0
2024-08-10 21:30:00,0,1006.6,93.0,0.0,29.3,5.0,0.0,0.0,100.0
2024-08-10 21:45:00,0,1006.6,93.4,0.0,29.2,5.1,0.0,0.0,100.0
2024-08-10 22:00:00,0,1006.6,93.9,0.0,29.1,5.2,0.0,0.0,100.0
2024-08-10 22:15:00,0,1006.6,94.6,0.0,29.0,5.2,0.0,0.0,100.0
2024-08-10 22:30:00,0,1006.6,95.2,0.0,29.0,5.2,0.0,0.0,100.0
2024-08-10 22:45:00,0,1006.6,95.6,0.0,28.9,5.2,0.0,0.0,100.0
2024-08-10 23:00:00,0,1006.6,96.0,0.0,28.8,5.2,0.0,0.0,100.0
2024-08-10 23:15:00,0,1006.6,96.4,0.0,28.8,5.2,0.0,0.0,100.0
2024-08-10 23:30:00,0,1006.6,96.8,0.0,28.7,5.2,0.0,0.0,100.0
2024-08-10 23:45:00,0,1006.6,97.1,0.0,28.6,5.2,0.0,0.0,100.0
2024-08-11 00:00:00,0,1006.6,98.0,0.0,28.9,4.9,0.0,0.0,100.0
2024-08-11 00:15:00,0,1006.6,98.2,0.0,28.8,4.9,0.0,0.0,100.0
2024-08-11 00:30:00,0,1006.6,98.3,0.0,28.8,4.9,0.0,0.0,100.0
2024-08-11 00:45:00,0,1006.6,98.3,0.0,28.7,4.9,0.0,0.0,100.0
2024-08-11 01:00:00,0,1006.6,98.4,0.0,28.7,4.9,0.0,0.0,100.0
2024-08-11 01:15:00,0,1006.6,98.4,0.0,28.6,4.9,0.0,0.0,100.0
2024-08-11 01:30:00,0,1006.6,98.4,0.0,28.6,4.8,0.0,0.0,100.0
2024-08-11 01:45:00,0,1006.6,98.5,0.0,28.6,4.8,0.0,0.0,100.0
2024-08-11 02:00:00,0,1006.6,98.6,0.0,28.5,4.8,0.0,0.0,100.0
2024-08-11 02:15:00,0,1006.6,98.7,0.0,28.5,4.8,0.0,0.0,100.0
2024-08-11 02:30:00,0,1006.6,98.8,0.0,28.4,4.7,0.0,0.0,100.0
2024-08-11 02:45:00,0,1006.6,99.0,0.0,28.3,4.7,0.0,0.0,100.0
2024-08-11 03:00:00,0,1006.6,99.0,0.0,28.3,4.7,0.0,0.0,100.0
2024-08-11 03:15:00,0,1006.6,99.0,0.0,28.3,4.7,0.0,0.0,100.0
2024-08-11 03:30:00,0,1006.6,99.1,0.0,28.2,4.8,0.0,0.0,100.0
2024-08-11 03:45:00,0,1006.6,99.2,0.0,28.2,4.8,0.0,0.0,100.0
2024-08-11 04:00:00,0,1006.6,99.4,0.0,28.1,4.8,0.0,0.0,100.0
2024-08-11 04:15:00,0,1006.5,99.4,0.0,28.1,4.9,0.0,0.0,100.0
2024-08-11 04:30:00,0,1006.5,99.5,0.0,28.1,4.9,0.0,0.0,100.0
2024-08-11 04:45:00,0,1006.5,99.6,0.0,28.0,5.0,0.0,0.0,100.0
2024-08-11 05:00:00,0,1006.5,99.7,0.0,28.0,5.0,0.0,0.0,100.0
2024-08-11 05:15:00,0,1006.5,99.8,0.0,27.9,5.1,0.0,0.0,100.0
2024-08-11 05:30:00,7,1006.5,99.8,0.0,27.9,5.1,0.0,0.0,100.0
2024-08-11 05:45:00,37,1006.5,99.8,0.0,27.9,5.2,32.0,3.38,100.0
2024-08-11 06:00:00,67,1006.5,99.8,0.0,27.9,5.2,53.0,5.43,100.0
2024-08-11 06:15:00,97,1006.5,99.7,0.0,27.9,5.2,84.0,8.56,100.0
2024-08-11 06:30:00,129,1006.5,99.6,0.0,27.9,5.3,122.0,11.93,100.0
2024-08-11 06:45:00,163,1006.5,99.4,0.0,27.9,5.3,167.0,16.79,100.0
2024-08-11 07:00:00,198,1006.5,99.3,0.0,27.9,5.3,209.0,20.3,100.0
2024-08-11 07:15:00,237,1006.6,98.8,0.0,28.1,5.4,261.0,27.63,100.0
2024-08-11 07:30:00,278,1006.6,98.0,0.0,28.2,5.4,301.0,32.06,100.0
2024-08-11 07:45:00,321,1006.6,97.1,0.0,28.4,5.4,357.0,40.67,100.0
2024-08-11 08:00:00,367,1006.6,95.6,0.0,28.6,5.4,415.0,47.38,100.0
2024-08-11 08:15:00,415,1006.6,93.2,0.0,28.9,5.4,468.0,54.52,100.0
2024-08-11 08:30:00,463,1006.6,90.1,0.0,29.2,5.4,508.0,60.9,100.0
2024-08-11 08:45:00,511,1006.6,87.2,0.0,29.5,5.3,554.0,66.38,100.0
2024-08-11 09:00:00,558,1006.6,83.4,0.0,29.9,5.3,592.0,72.29,100.0
2024-08-11 09:15:00,603,1006.6,79.8,0.0,30.2,5.2,632.0,78.19,100.0
2024-08-11 09:30:00,644,1006.6,77.2,0.0,30.4,5.1,662.0,83.51,100.0
2024-08-11 09:45:00,680,1006.6,74.4,0.0,30.7,5.0,698.0,88.74,100.0
2024-08-11 10:00:00,712,1006.6,71.8,0.0,30.9,4.9,748.0,93.09,100.0
2024-08-11 10:15:00,740,1006.6,70.4,0.0,31.0,4.8,778.0,96.47,100.0
2024-08-11 10:30:00,764,1006.6,68.3,0.0,31.2,4.7,818.0,98.36,100.0
2024-08-11 10:45:00,784,1006.6,67.0,0.0,31.4,4.6,859.0,99.48,100.0
2024-08-11 11:00:00,799,1006.6,66.2,0.0,31.5,4.6,904.0,99.78,100.0
2024-08-11 11:15:00,811,1006.6,65.3,0.0,31.7,4.5,956.0,82.67,100.0
2024-08-11 11:30:00,818,1006.6,64.4,0.0,31.8,4.5,908.0,88.41,100.0
2024-08-11 11:45:00,821,1006.6,63.3,0.0,32.0,4.4,995.0,79.65,100.0
2024-08-11 12:00:00,821,1006.6,61.7,0.0,32.1,4.4,771.0,96.86,100.0
2024-08-11 12:15:00,817,1006.6,60.4,0.0,32.2,4.4,986.0,99.98,100.0
2024-08-11 12:30:00,810,1006.6,60.5,0.0,32.3,4.3,950.0,99.69,100.0
2024-08-11 12:45:00,800,1006.6,61.7,0.0,32.2,4.3,912.0,95.62,100.0
2024-08-11 13:00:00,787,1006.6,62.5,0.0,32.1,4.2,929.0,99.51,100.0
2024-08-11 13:15:00,771,1006.6,62.9,0.0,32.1,4.1,893.0,99.63,100.0
2024-08-11 13:30:00,752,1006.6,62.5,0.0,32.0,4.0,866.0,99.45,100.0
2024-08-11 13:45:00,729,1006.6,62.2,0.0,31.9,3.8,803.0,98.21,100.0
2024-08-11 14:00:00,704,1006.6,62.7,0.0,31.8,3.7,808.0,95.94,100.0
2024-08-11 14:15:00,676,1006.6,63.5,0.0,31.8,3.7,759.0,88.8,100.0
2024-08-11 14:30:00,644,1006.6,63.9,0.0,31.8,3.6,694.0,85.68,100.0
2024-08-11 14:45:00,610,1006.6,63.4,0.0,31.7,3.5,689.0,61.74,100.0
2024-08-11 15:00:00,573,1006.6,62.4,0.0,31.8,3.4,673.0,78.84,100.0
2024-08-11 15:15:00,534,1006.6,61.7,0.0,31.8,3.4,604.0,72.44,100.0
2024-08-11 15:30:00,493,1006.6,61.2,0.0,31.8,3.4,568.0,64.84,100.0
2024-08-11 15:45:00,450,1006.6,60.9,0.1,31.8,3.4,513.0,57.21,100.0
2024-08-11 16:00:00,405,1006.6,60.6,0.0,31.8,3.4,474.0,46.05,100.0
2024-08-11 16:15:00,358,1006.6,61.0,0.0,31.7,3.3,124.0,7.9,100.0
2024-08-11 16:30:00,311,1006.6,61.4,0.0,31.7,3.2,116.0,11.11,100.0
2024-08-11 16:45:00,265,1006.6,61.1,0.0,31.7,3.1,73.0,7.94,100.0
2024-08-11 17:00:00,222,1006.6,60.9,0.0,31.7,3.0,54.0,7.0,100.0
2024-08-11 17:15:00,182,1006.6,60.9,0.0,31.7,2.8,42.0,4.12,100.0
2024-08-11 17:30:00,145,1006.6,61.3,0.0,31.6,2.6,30.0,2.94,100.0
2024-08-11 17:45:00,112,1006.6,62.3,0.1,31.5,2.5,14.0,2.26,100.0
2024-08-11 18:00:00,83,1006.6,63.3,0.0,31.4,2.4,18.0,2.76,100.0
2024-08-11 18:15:00,58,1006.6,63.7,0.2,31.2,2.2,10.0,1.25,100.0
2024-08-11 18:30:00,37,1006.6,62.9,0.3,31.1,2.1,6.0,1.13,100.0
2024-08-11 18:45:00,18,1006.6,61.5,0.3,31.0,2.1,5.0,1.15,100.0
2024-08-11 19:00:00,2,1006.6,61.3,0.4,31.0,2.1,0.0,0.0,100.0
2024-08-11 19:15:00,0,1006.6,62.6,0.3,30.8,2.1,0.0,0.0,100.0
2024-08-11 19:30:00,0,1006.6,64.5,0.3,30.7,2.1,0.0,0.0,100.0
2024-08-11 19:45:00,0,1006.6,65.3,0.0,30.6,2.1,0.0,0.0,100.0
2024-08-11 20:00:00,0,1006.6,63.4,0.0,30.5,2.1,0.0,0.0,100.0
2024-08-11 20:15:00,0,1006.6,61.6,0.1,30.4,2.1,0.0,0.0,100.0
2024-08-11 20:30:00,0,1006.6,62.1,0.0,30.3,2.1,0.0,0.0,100.0
2024-08-11 20:45:00,0,1006.6,63.5,0.0,30.1,2.1,0.0,0.0,100.0
2024-08-11 21:00:00,0,1006.6,64.7,0.0,30.0,2.1,0.0,0.0,100.0
2024-08-11 21:15:00,0,1006.6,66.0,0.0,29.9,2.1,0.0,0.0,100.0
2024-08-11 21:30:00,0,1006.6,67.7,0.0,29.8,2.1,0.0,0.0,100.0
2024-08-11 21:45:00,0,1006.6,69.7,0.0,29.6,2.1,0.0,0.0,100.0
2024-08-11 22:00:00,0,1006.6,71.7,0.0,29.4,2.1,0.0,0.0,100.0
2024-08-11 22:15:00,0,1006.6,73.2,0.0,29.2,2.1,0.0,0.0,100.0
2024-08-11 22:30:00,0,1006.6,74.2,0.0,29.0,2.1,0.0,0.0,100.0
2024-08-11 22:45:00,0,1006.6,74.6,0.0,28.9,2.2,0.0,0.0,100.0
2024-08-11 23:00:00,0,1006.6,74.8,0.0,28.9,2.3,0.0,0.0,100.0
2024-08-11 23:15:00,0,1006.6,75.0,0.0,28.8,2.3,0.0,0.0,100.0
2024-08-11 23:30:00,0,1006.6,75.2,0.0,28.7,2.4,0.0,0.0,100.0
2024-08-11 23:45:00,0,1006.6,75.8,0.0,28.6,2.4,0.0,0.0,100.0
2024-08-12 00:00:00,0,1006.6,84.6,0.0,28.7,2.5,0.0,0.0,100.0
2024-08-12 00:15:00,0,1006.6,86.5,0.0,28.5,2.5,0.0,0.0,100.0
2024-08-12 00:30:00,0,1006.6,88.4,0.0,28.4,2.5,0.0,0.0,100.0
2024-08-12 00:45:00,0,1006.6,89.4,0.0,28.3,2.5,0.0,0.0,100.0
2024-08-12 01:00:00,0,1006.6,90.1,0.0,28.2,2.5,0.0,0.0,100.0
2024-08-12 01:15:00,0,1006.6,90.6,0.0,28.1,2.5,0.0,0.0,100.0
2024-08-12 01:30:00,0,1006.6,90.6,0.0,28.0,2.5,0.0,0.0,100.0
2024-08-12 01:45:00,0,1006.6,90.5,0.0,28.0,2.5,0.0,0.0,100.0
2024-08-12 02:00:00,0,1006.6,90.7,0.0,27.9,2.5,0.0,0.0,100.0
2024-08-12 02:15:00,0,1006.6,91.0,0.0,27.8,2.5,0.0,0.0,100.0
2024-08-12 02:30:00,0,1006.6,91.3,0.0,27.7,2.5,0.0,0.0,100.0
2024-08-12 02:45:00,0,1006.6,91.7,0.0,27.6,2.4,0.0,0.0,100.0
2024-08-12 03:00:00,0,1006.6,91.6,0.0,27.5,2.4,0.0,0.0,100.0
2024-08-12 03:15:00,0,1006.6,90.9,0.0,27.5,2.4,0.0,0.0,100.0
2024-08-12 03:30:00,0,1006.6,90.1,0.0,27.5,2.3,0.0,0.0,100.0
2024-08-12 03:45:00,0,1006.6,89.4,0.0,27.5,2.3,0.0,0.0,100.0
2024-08-12 04:00:00,0,1006.6,88.9,0.0,27.5,2.3,0.0,0.0,100.0
2024-08-12 04:15:00,0,1006.6,88.7,0.0,27.4,2.2,0.0,0.0,100.0
2024-08-12 04:30:00,0,1006.6,88.9,0.0,27.4,2.2,0.0,0.0,100.0
2024-08-12 04:45:00,0,1006.6,89.0,0.0,27.3,2.2,0.0,0.0,100.0
2024-08-12 05:00:00,0,1006.6,88.9,0.0,27.3,2.2,0.0,0.0,100.0
2024-08-12 05:15:00,0,1006.6,89.0,0.0,27.2,2.2,0.0,0.0,100.0
2024-08-12 05:30:00,6,1006.6,89.1,0.0,27.2,2.2,0.0,0.0,100.0
2024-08-12 05:45:00,35,1006.6,89.2,0.0,27.1,2.2,23.0,2.88,100.0
2024-08-12 06:00:00,66,1006.6,89.3,0.0,27.1,2.1,46.0,5.15,100.0
2024-08-12 06:15:00,97,1006.6,89.3,0.0,27.1,2.1,70.0,8.2,100.0
2024-08-12 06:30:00,129,1006.6,89.4,0.0,27.1,2.1,125.0,11.5,100.0
2024-08-12 06:45:00,163,1006.6,89.4,0.0,27.2,2.0,164.0,16.56,100.0
2024-08-12 07:00:00,199,1006.6,89.5,0.0,27.3,2.0,220.0,21.95,100.0
2024-08-12 07:15:00,237,1006.6,89.0,0.0,27.5,1.9,280.0,29.3,100.0
2024-08-12 07:30:00,278,1006.6,88.3,0.0,27.6,1.9,324.0,35.81,100.0
2024-08-12 07:45:00,321,1006.6,87.5,0.0,27.9,1.8,394.0,42.97,100.0
2024-08-12 08:00:00,367,1006.6,86.4,0.0,28.1,1.7,441.0,48.47,100.0
2024-08-12 08:15:00,414,1006.6,84.1,0.0,28.5,1.7,487.0,56.33,100.0
2024-08-12 08:30:00,462,1006.6,81.8,0.0,28.9,1.7,552.0,62.16,100.0
2024-08-12 08:45:00,510,1006.6,79.8,0.0,29.2,1.7,575.0,69.71,100.0
2024-08-12 09:00:00,557,1006.6,77.6,0.0,29.5,1.7,611.0,75.35,100.0
2024-08-12 09:15:00,602,1006.6,75.3,0.0,29.8,1.7,662.0,81.27,100.0
2024-08-12 09:30:00,644,1006.6,72.8,0.0,30.0,1.7,695.0,85.33,100.0
2024-08-12 09:45:00,682,1006.6,70.8,0.0,30.2,1.8,727.0,90.25,100.0
2024-08-12 10:00:00,716,1006.6,69.2,0.0,30.3,1.9,758.0,94.79,100.0
2024-08-12 10:15:00,747,1006.6,67.8,0.0,30.4,2.0,793.0,97.91,100.0
2024-08-12 10:30:00,774,1006.6,66.9,0.0,30.5,2.2,818.0,99.27,100.0
2024-08-12 10:45:00,797,1006.6,66.5,0.0,30.6,2.4,862.0,99.71,100.0
2024-08-12 11:00:00,816,1006.6,66.2,0.0,30.7,2.6,892.0,99.91,100.0
2024-08-12 11:15:00,831,1006.6,65.8,0.0,30.8,2.8,918.0,99.94,100.0
2024-08-12 11:30:00,843,1006.6,65.1,0.0,30.8,2.9,935.0,99.96,100.0
2024-08-12 11:45:00,850,1006.6,64.2,0.0,30.9,3.1,945.0,100.0,100.0
2024-08-12 12:00:00,854,1006.6,63.6,0.0,30.9,3.2,955.0,100.0,100.0
2024-08-12 12:15:00,854,1006.6,63.8,0.0,30.9,3.3,962.0,100.0,100.0
2024-08-12 12:30:00,851,1006.6,64.1,0.0,31.0,3.4,949.0,100.0,100.0
2024-08-12 12:45:00,844,1006.6,63.8,0.0,31.0,3.4,938.0,100.0,100.0
2024-08-12 13:00:00,835,1006.6,63.5,0.0,31.1,3.3,936.0,100.0,100.0
2024-08-12 13:15:00,824,1006.6,64.4,0.0,31.2,3.3,916.0,99.99,100.0
2024-08-12 13:30:00,809,1006.6,65.0,0.0,31.2,3.2,886.0,99.83,100.0
2024-08-12 13:45:00,791,1006.6,65.3,0.0,31.3,3.2,860.0,99.71,100.0
2024-08-12 14:00:00,769,1006.6,65.4,0.0,31.3,3.1,819.0,98.38,100.0
2024-08-12 14:15:00,743,1006.6,65.2,0.0,31.3,3.1,808.0,97.67,100.0
2024-08-12 14:30:00,714,1006.6,64.9,0.0,31.3,3.1,771.0,95.42,100.0
2024-08-12 14:45:00,680,1006.6,64.7,0.0,31.3,3.0,734.0,88.77,100.0
2024-08-12 15:00:00,643,1006.6,64.7,0.0,31.2,3.0,684.0,85.68,100.0
2024-08-12 15:15:00,602,1006.6,64.3,0.0,31.2,3.0,653.0,79.52,100.0
2024-08-12 15:30:00,558,1006.6,63.6,0.0,31.3,3.0,620.0,72.47,100.0
2024-08-12 15:45:00,510,1006.6,63.5,0.0,31.3,3.0,559.0,65.26,100.0
2024-08-12 16:00:00,459,1006.6,63.5,0.0,31.3,3.0,532.0,58.0,100.0
2024-08-12 16:15:00,405,1006.6,63.1,0.0,31.3,2.9,472.0,50.61,100.0
2024-08-12 16:30:00,351,1006.6,62.3,0.0,31.3,2.9,412.0,44.34,100.0
2024-08-12 16:45:00,298,1006.6,61.2,0.0,31.4,2.8,354.0,36.08,100.0
2024-08-12 17:00:00,248,1006.6,60.3,0.0,31.4,2.8,299.0,29.53,100.0
2024-08-12 17:15:00,202,1006.6,60.2,0.0,31.4,2.7,248.0,23.62,100.0
2024-08-12 17:30:00,159,1006.6,60.5,0.0,31.4,2.6,207.0,17.81,100.0
2024-08-12 17:45:00,122,1006.6,60.9,0.0,31.3,2.5,152.0,11.69,100.0
2024-08-12 18:00:00,89,1006.6,62.0,0.0,31.2,2.5,101.0,7.25,100.0
2024-08-12 18:15:00,62,1006.6,63.6,0.0,31.1,2.4,51.0,4.54,100.0
2024-08-12 18:30:00,38,1006.6,65.1,0.0,30.9,2.4,27.0,3.02,100.0
2024-08-12 18:45:00,17,1006.6,66.9,0.0,30.8,2.3,0.0,0.0,100.0
2024-08-12 19:00:00,1,1006.6,68.8,0.0,30.7,2.3,0.0,0.0,100.0
2024-08-12 19:15:00,0,1006.6,70.5,0.0,30.5,2.4,0.0,0.0,100.0
2024-08-12 19:30:00,0,1006.6,71.6,0.0,30.4,2.4,0.0,0.0,100.0
2024-08-12 19:45:00,0,1006.6,72.4,0.0,30.2,2.4,0.0,0.0,100.0
2024-08-12 20:00:00,0,1006.6,73.7,0.0,30.1,2.4,0.0,0.0,100.0
2024-08-12 20:15:00,0,1006.6,75.2,0.0,29.9,2.4,0.0,0.0,100.0
2024-08-12 20:30:00,0,1006.6,76.2,0.0,29.7,2.4,0.0,0.0,100.0
2024-08-12 20:45:00,0,1006.6,77.2,0.0,29.5,2.4,0.0,0.0,100.0
2024-08-12 21:00:00,0,1006.6,78.3,0.0,29.4,2.4,0.0,0.0,100.0
2024-08-12 21:15:00,0,1006.6,79.4,0.0,29.2,2.4,0.0,0.0,100.0
2024-08-12 21:30:00,0,1006.6,80.2,0.0,29.1,2.4,0.0,0.0,100.0
2024-08-12 21:45:00,0,1006.6,81.2,0.0,28.9,2.4,0.0,0.0,100.0
2024-08-12 22:00:00,0,1006.6,82.0,0.0,28.8,2.4,0.0,0.0,100.0
2024-08-12 22:15:00,0,1006.6,83.1,0.0,28.7,2.4,0.0,0.0,100.0
2024-08-12 22:30:00,0,1006.6,84.4,0.0,28.6,2.4,0.0,0.0,100.0
2024-08-12 22:45:00,0,1006.6,85.6,0.0,28.4,2.4,0.0,0.0,100.0
2024-08-12 23:00:00,0,1006.6,86.5,0.0,28.3,2.4,0.0,0.0,100.0
2024-08-12 23:15:00,0,1006.6,87.3,0.0,28.2,2.4,0.0,0.0,100.0
2024-08-12 23:30:00,0,1006.6,88.1,0.0,28.1,2.4,0.0,0.0,100.0
2024-08-12 23:45:00,0,1006.6,88.6,0.0,28.0,2.4,0.0,0.0,100.0
2024-08-13 00:00:00,0,1006.6,90.0,0.0,28.1,2.2,0.0,0.0,100.0
2024-08-13 00:15:00,0,1006.6,90.4,0.0,28.1,2.2,0.0,0.0,100.0
2024-08-13 00:30:00,0,1006.6,90.9,0.0,28.0,2.1,0.0,0.0,100.0
2024-08-13 00:45:00,0,1006.6,91.4,0.0,28.0,2.1,0.0,0.0,100.0
2024-08-13 01:00:00,0,1006.6,92.1,0.0,27.9,2.1,0.0,0.0,100.0
2024-08-13 01:15:00,0,1006.6,92.8,0.0,27.8,2.1,0.0,0.0,100.0
2024-08-13 01:30:00,0,1006.6,93.3,0.0,27.8,2.1,0.0,0.0,100.0
2024-08-13 01:45:00,0,1006.6,93.3,0.0,27.8,2.1,0.0,0.0,100.0
2024-08-13 02:00:00,0,1006.6,92.2,0.0,27.8,2.1,0.0,0.0,100.0
2024-08-13 02:15:00,0,1006.6,91.4,0.0,27.9,2.1,0.0,0.0,100.0
2024-08-13 02:30:00,0,1006.6,91.2,0.0,28.0,2.2,0.0,0.0,100.0
2024-08-13 02:45:00,0,1006.6,91.4,0.0,28.0,2.2,0.0,0.0,100.0
2024-08-13 03:00:00,0,1006.6,92.0,0.0,27.9,2.2,0.0,0.0,100.0
2024-08-13 03:15:00,0,1006.6,92.8,0.0,27.9,2.2,0.0,0.0,100.0
2024-08-13 03:30:00,0,1006.6,93.6,0.0,27.8,2.2,0.0,0.0,100.0
2024-08-13 03:45:00,0,1006.6,94.3,0.0,27.7,2.2,0.0,0.0,100.0
2024-08-13 04:00:00,0,1006.6,94.9,0.0,27.5,2.2,0.0,0.0,100.0
2024-08-13 04:15:00,0,1006.6,95.5,0.0,27.4,2.2,0.0,0.0,100.0
2024-08-13 04:30:00,0,1006.6,96.0,0.0,27.3,2.2,0.0,0.0,100.0
2024-08-13 04:45:00,0,1006.6,96.4,0.0,27.2,2.2,0.0,0.0,100.0
2024-08-13 05:00:00,0,1006.6,96.6,0.0,27.2,2.2,0.0,0.0,100.0
2024-08-13 05:15:00,0,1006.6,96.9,0.0,27.1,2.2,0.0,0.0,100.0
2024-08-13 05:30:00,5,1006.6,96.9,0.0,27.0,2.2,0.0,0.0,100.0
2024-08-13 05:45:00,33,1006.6,96.8,0.0,27.0,2.1,43.0,4.86,100.0
2024-08-13 06:00:00,62,1006.6,96.8,0.0,27.0,2.1,88.0,8.76,100.0
2024-08-13 06:15:00,92,1006.6,96.7,0.0,27.0,2.1,140.0,13.44,100.0
2024-08-13 06:30:00,123,1006.6,96.6,0.0,27.0,2.1,172.0,15.46,100.0
2024-08-13 06:45:00,156,1006.6,96.4,0.0,27.2,2.1,239.0,19.09,100.0
2024-08-13 07:00:00,191,1006.6,95.7,0.0,27.3,2.1,217.0,22.63,100.0
2024-08-13 07:15:00,229,1006.6,94.3,0.0,27.6,2.2,313.0,34.78,100.0
2024-08-13 07:30:00,269,1006.7,92.4,0.0,27.9,2.2,377.0,42.86,100.0
2024-08-13 07:45:00,313,1006.7,91.5,0.0,28.2,2.3,380.0,48.62,100.0
2024-08-13 08:00:00,358,1006.7,90.3,0.0,28.5,2.4,431.0,51.88,100.0
2024-08-13 08:15:00,405,1006.7,88.6,0.0,28.7,2.4,450.0,52.79,100.0
2024-08-13 08:30:00,453,1006.7,87.7,0.0,28.9,2.5,478.0,56.87,100.0
2024-08-13 08:45:00,500,1006.7,86.9,0.0,29.1,2.5,530.0,63.92,100.0
2024-08-13 09:00:00,546,1006.7,86.2,0.0,29.3,2.5,582.0,69.73,100.0
2024-08-13 09:15:00,588,1006.7,85.8,0.0,29.4,2.6,615.0,76.21,100.0
2024-08-13 09:30:00,626,1006.7,85.6,0.0,29.6,2.6,648.0,82.26,100.0
2024-08-13 09:45:00,658,1006.7,84.9,0.0,29.7,2.7,740.0,88.7,100.0
2024-08-13 10:00:00,684,1006.7,84.1,0.0,29.8,2.7,734.0,91.74,100.0
2024-08-13 10:15:00,705,1006.7,83.7,0.0,29.9,2.9,762.0,87.03,100.0
2024-08-13 10:30:00,720,1006.7,83.4,0.0,29.9,3.0,654.0,86.38,100.0
2024-08-13 10:45:00,730,1006.7,83.1,0.0,29.9,3.3,833.0,98.81,100.0
2024-08-13 11:00:00,734,1006.7,83.5,0.0,30.0,3.5,904.0,99.56,100.0
2024-08-13 11:15:00,735,1006.7,84.5,0.0,29.9,3.8,861.0,100.0,100.0
2024-08-13 11:30:00,731,1006.7,85.4,0.0,29.9,4.0,725.0,80.74,100.0
2024-08-13 11:45:00,725,1006.7,85.6,0.0,29.9,4.2,628.0,98.3,100.0
2024-08-13 12:00:00,715,1006.7,85.8,0.0,29.9,4.4,1068.0,87.52,100.0
2024-08-13 12:15:00,704,1006.7,85.9,0.0,29.8,4.6,444.0,53.41,100.0
2024-08-13 12:30:00,692,1006.7,85.4,0.0,29.8,4.8,410.0,44.21,100.0
2024-08-13 12:45:00,679,1006.7,84.4,0.0,29.8,5.0,378.0,45.44,100.0
2024-08-13 13:00:00,665,1006.7,84.6,0.0,29.9,5.1,393.0,45.82,100.0
2024-08-13 13:15:00,649,1006.7,84.9,0.0,29.9,5.2,787.0,82.73,100.0
2024-08-13 13:30:00,631,1006.7,85.3,0.0,29.9,5.3,936.0,93.35,100.0
2024-08-13 13:45:00,612,1006.7,85.1,0.0,30.0,5.4,549.0,74.14,100.0
2024-08-13 14:00:00,590,1006.7,84.8,0.0,30.0,5.5,919.0,75.69,100.0
2024-08-13 14:15:00,566,1006.7,84.4,0.0,30.0,5.5,461.0,46.11,100.0
2024-08-13 14:30:00,541,1006.7,84.1,0.0,30.0,5.5,365.0,46.38,100.0
2024-08-13 14:45:00,513,1006.7,83.4,0.0,30.0,5.5,405.0,38.24,100.0
2024-08-13 15:00:00,482,1006.7,83.0,0.0,30.0,5.5,329.0,35.91,100.0
2024-08-13 15:15:00,450,1006.7,82.3,0.0,30.0,5.4,324.0,42.54,100.0
2024-08-13 15:30:00,416,1006.7,81.9,0.0,30.0,5.4,195.0,18.19,100.0
2024-08-13 15:45:00,381,1006.7,82.3,0.0,30.0,5.4,277.0,26.18,100.0
2024-08-13 16:00:00,343,1006.7,82.2,0.0,30.0,5.4,183.0,29.01,100.0
2024-08-13 16:15:00,305,1006.7,82.4,0.0,30.0,5.4,149.0,23.92,100.0
2024-08-13 16:30:00,266,1006.7,82.9,0.0,29.9,5.5,145.0,20.61,100.0
2024-08-13 16:45:00,228,1006.7,84.0,0.0,29.8,5.5,131.0,21.61,100.0
2024-08-13 17:00:00,192,1006.7,84.2,0.0,29.7,5.5,162.0,22.4,100.0
2024-08-13 17:15:00,159,1006.7,83.8,0.0,29.7,5.5,162.0,18.8,100.0
2024-08-13 17:30:00,128,1006.7,83.9,0.0,29.6,5.4,132.0,15.92,100.0
2024-08-13 17:45:00,100,1006.7,83.9,0.0,29.6,5.3,111.0,13.04,100.0
2024-08-13 18:00:00,74,1006.7,84.0,0.0,29.5,5.1,23.0,2.75,100.0
2024-08-13 18:15:00,52,1006.7,84.3,0.0,29.5,5.0,6.0,0.65,100.0
2024-08-13 18:30:00,32,1006.7,84.6,0.0,29.4,4.8,5.0,0.62,100.0
2024-08-13 18:45:00,14,1006.7,84.7,0.0,29.3,4.7,0.0,0.0,100.0
2024-08-13 19:00:00,1,1006.7,84.9,0.0,29.2,4.5,0.0,0.0,100.0
2024-08-13 19:15:00,0,1006.7,85.5,0.0,29.1,4.2,0.0,0.0,100.0
2024-08-13 19:30:00,0,1006.7,86.4,0.0,29.0,4.1,0.0,0.0,100.0
2024-08-13 19:45:00,0,1006.7,87.1,0.0,28.8,3.9,0.0,0.0,100.0
2024-08-13 20:00:00,0,1006.7,87.9,0.0,28.7,3.7,0.0,0.0,100.0
2024-08-13 20:15:00,0,1006.7,88.2,0.0,28.6,3.6,0.0,0.0,100.0
2024-08-13 20:30:00,0,1006.7,88.4,0.0,28.6,3.4,0.0,0.0,100.0
2024-08-13 20:45:00,0,1006.7,88.8,0.0,28.5,3.3,0.0,0.0,100.0
2024-08-13 21:00:00,0,1006.7,89.2,0.0,28.4,3.1,0.0,0.0,100.0
2024-08-13 21:15:00,0,1006.7,89.7,0.0,28.4,3.0,0.0,0.0,100.0
2024-08-13 21:30:00,0,1006.7,90.2,0.0,28.4,3.0,0.0,0.0,100.0
2024-08-13 21:45:00,0,1006.7,90.5,0.0,28.4,2.9,0.0,0.0,100.0
2024-08-13 22:00:00,0,1006.7,90.9,0.0,28.3,2.9,0.0,0.0,100.0
2024-08-13 22:15:00,0,1006.7,91.4,0.0,28.2,2.9,0.0,0.0,100.0
2024-08-13 22:30:00,0,1006.7,91.8,0.0,28.2,2.9,0.0,0.0,100.0
2024-08-13 22:45:00,0,1006.7,92.1,0.0,28.2,2.9,0.0,0.0,100.0
2024-08-13 23:00:00,0,1006.7,92.4,0.0,28.1,3.0,0.0,0.0,100.0
2024-08-13 23:15:00,0,1006.7,92.7,0.0,28.1,3.0,0.0,0.0,100.0
2024-08-13 23:30:00,0,1006.7,93.0,0.0,28.1,3.0,0.0,0.0,100.0
2024-08-13 23:45:00,0,1006.7,93.4,0.0,28.0,3.0,0.0,0.0,100.0
2024-08-14 00:00:00,0,1006.7,92.9,0.0,28.3,1.6,0.0,0.0,100.0
2024-08-14 00:15:00,0,1006.7,77.9,0.0,-21.9,1.6,0.0,0.0,100.0
2024-08-14 00:30:00,0,1006.7,92.7,0.0,28.3,1.6,0.0,0.0,100.0
2024-08-14 00:45:00,0,1006.7,92.8,0.0,28.2,1.6,0.0,0.0,100.0
2024-08-14 01:00:00,0,1006.7,93.0,0.0,28.2,1.6,0.0,0.0,100.0
2024-08-14 01:15:00,0,1006.7,93.4,0.0,28.1,1.6,0.0,0.0,100.0
2024-08-14 01:30:00,0,1006.7,93.9,0.0,28.0,1.6,0.0,0.0,100.0
2024-08-14 01:45:00,0,1006.7,94.2,0.0,28.0,1.6,0.0,0.0,100.0
2024-08-14 02:00:00,0,1006.7,94.4,0.0,27.9,1.6,0.0,0.0,100.0
2024-08-14 02:15:00,0,1006.7,94.4,0.0,27.9,1.6,0.0,0.0,100.0
2024-08-14 02:30:00,0,1006.7,94.2,0.0,27.9,1.6,0.0,0.0,100.0
2024-08-14 02:45:00,0,1006.7,94.2,0.0,27.8,1.5,0.0,0.0,100.0
2024-08-14 03:00:00,0,1006.7,94.1,0.0,27.8,1.5,0.0,0.0,100.0
2024-08-14 03:15:00,0,1006.7,94.2,0.0,27.8,1.5,0.0,0.0,100.0
2024-08-14 03:30:00,0,1006.7,94.3,0.0,27.8,1.5,0.0,0.0,100.0
2024-08-14 03:45:00,0,1006.7,94.3,0.0,27.7,1.5,0.0,0.0,100.0
2024-08-14 04:00:00,0,1006.7,94.4,0.0,27.7,1.5,0.0,0.0,100.0
2024-08-14 04:15:00,0,1006.7,94.4,0.0,27.7,1.5,0.0,0.0,100.0
2024-08-14 04:30:00,0,1006.7,94.5,0.0,27.7,1.4,0.0,0.0,100.0
2024-08-14 04:45:00,0,1006.7,94.7,0.0,27.6,1.4,0.0,0.0,100.0
2024-08-14 05:00:00,0,1006.7,94.9,0.0,27.6,1.4,0.0,0.0,100.0
2024-08-14 05:15:00,0,1006.7,95.0,0.0,27.6,1.4,0.0,0.0,100.0
2024-08-14 05:30:00,3,1006.7,95.0,0.0,27.6,1.4,0.0,0.0,100.0
2024-08-14 05:45:00,21,1006.7,95.3,0.0,27.5,1.4,3.0,1.01,100.0
2024-08-14 06:00:00,41,1006.7,95.6,0.0,27.5,1.4,9.0,1.8,100.0
2024-08-14 06:15:00,62,1006.7,95.6,0.0,27.5,1.4,26.0,3.0,100.0
2024-08-14 06:30:00,85,1006.7,95.8,0.0,27.5,1.4,30.0,4.23,100.0
2024-08-14 06:45:00,110,1006.7,96.0,0.0,27.5,1.3,50.0,7.95,100.0
2024-08-14 07:00:00,138,1006.7,96.2,0.0,27.6,1.3,101.0,12.22,100.0
2024-08-14 07:15:00,169,1006.7,96.3,0.0,27.6,1.2,129.0,15.56,100.0
2024-08-14 07:30:00,205,1006.7,96.2,0.0,27.6,1.2,153.0,17.52,100.0
2024-08-14 07:45:00,245,1006.7,96.0,0.0,27.8,1.1,145.0,19.08,100.0
2024-08-14 08:00:00,288,1006.7,95.4,0.0,28.0,1.1,265.0,33.78,100.0
2024-08-14 08:15:00,333,1006.7,94.5,0.0,28.2,1.1,305.0,47.98,100.0
2024-08-14 08:30:00,381,1006.7,93.7,0.0,28.3,1.1,340.0,47.51,100.0
2024-08-14 08:45:00,429,1006.7,92.9,0.0,28.5,1.1,226.0,23.27,100.0
2024-08-14 09:00:00,476,1006.7,92.1,0.0,28.5,1.2,244.0,36.7,100.0
2024-08-14 09:15:00,521,1006.7,91.3,0.0,28.6,1.4,315.0,58.87,100.0
2024-08-14 09:30:00,562,1006.7,90.7,0.0,28.6,1.6,327.0,41.38,100.0
2024-08-14 09:45:00,598,1006.7,90.4,0.0,28.7,1.8,227.0,26.68,100.0
2024-08-14 10:00:00,630,1006.7,90.3,0.0,28.8,2.1,209.0,28.48,100.0
2024-08-14 10:15:00,657,1006.7,90.2,0.0,28.8,2.3,465.0,68.93,100.0
2024-08-14 10:30:00,680,1006.7,90.3,0.0,28.9,2.6,984.0,73.79,100.0
2024-08-14 10:45:00,698,1006.7,90.1,0.0,28.9,2.8,974.0,33.3,100.0
2024-08-14 11:00:00,712,1006.7,90.2,0.0,29.0,3.0,267.0,45.65,100.0
2024-08-14 11:15:00,722,1006.7,89.9,0.0,29.0,3.2,391.0,51.18,100.0
2024-08-14 11:30:00,727,1006.7,89.6,0.0,29.0,3.4,225.0,31.86,100.0
2024-08-14 11:45:00,728,1006.7,89.3,0.0,29.1,3.6,211.0,29.38,100.0
2024-08-14 12:00:00,726,1006.7,89.7,0.0,29.1,3.7,207.0,25.07,100.0
2024-08-14 12:15:00,719,1006.7,90.2,0.0,29.1,3.9,280.0,36.35,100.0
2024-08-14 12:30:00,710,1006.7,89.8,0.0,29.2,4.1,261.0,33.84,100.0
2024-08-14 12:45:00,697,1006.7,88.8,0.0,29.2,4.2,256.0,39.48,100.0
2024-08-14 13:00:00,680,1006.7,87.8,0.0,29.3,4.4,480.0,79.3,100.0
2024-08-14 13:15:00,659,1006.7,87.1,0.0,29.3,4.6,580.0,82.69,100.0
2024-08-14 13:30:00,634,1006.7,86.6,0.0,29.3,4.7,393.0,39.66,100.0
2024-08-14 13:45:00,606,1006.7,86.4,0.0,29.3,4.8,293.0,31.78,100.0
2024-08-14 14:00:00,575,1006.7,86.0,0.0,29.3,5.0,228.0,28.36,100.0
2024-08-14 14:15:00,543,1006.7,85.7,0.0,29.4,5.1,209.0,27.23,100.0
2024-08-14 14:30:00,509,1006.7,86.0,0.0,29.4,5.2,223.0,27.9,100.0
2024-08-14 14:45:00,475,1006.7,86.3,0.0,29.4,5.3,232.0,29.4,100.0
2024-08-14 15:00:00,440,1006.7,86.2,0.0,29.4,5.4,210.0,27.01,100.0
2024-08-14 15:15:00,405,1006.7,85.8,0.0,29.4,5.4,239.0,35.08,100.0
2024-08-14 15:30:00,371,1006.7,86.0,0.0,29.4,5.5,249.0,26.89,100.0
2024-08-14 15:45:00,337,1006.7,85.7,0.0,29.4,5.6,161.0,14.83,100.0
2024-08-14 16:00:00,303,1006.7,84.8,0.0,29.4,5.7,126.0,13.88,100.0
2024-08-14 16:15:00,270,1006.7,84.7,0.0,29.3,5.7,100.0,11.82,100.0
2024-08-14 16:30:00,237,1006.7,85.4,0.0,29.3,5.7,95.0,12.74,100.0
2024-08-14 16:45:00,205,1006.7,85.8,0.0,29.3,5.7,106.0,12.77,100.0
2024-08-14 17:00:00,174,1006.7,85.4,0.0,29.3,5.7,86.0,9.19,100.0
2024-08-14 17:15:00,146,1006.7,85.5,0.0,29.3,5.6,69.0,7.73,100.0
2024-08-14 17:30:00,119,1006.7,85.0,0.0,29.3,5.6,52.0,6.27,100.0
2024-08-14 17:45:00,94,1006.7,84.5,0.0,29.2,5.4,62.0,7.17,100.0
2024-08-14 18:00:00,71,1006.7,84.2,0.0,29.2,5.3,80.0,9.74,100.0
2024-08-14 18:15:00,50,1006.7,84.1,0.0,29.2,5.2,72.0,7.53,100.0
2024-08-14 18:30:00,31,1006.7,84.2,0.0,29.1,5.0,39.0,4.23,100.0
2024-08-14 18:45:00,13,1006.7,84.1,0.0,29.0,4.9,0.0,0.0,100.0
2024-08-14 19:00:00,0,1006.7,84.4,0.0,29.0,4.8,0.0,0.0,100.0
2024-08-14 19:15:00,0,1006.7,84.3,0.0,28.9,4.6,0.0,0.0,100.0
2024-08-14 19:30:00,0,1006.7,84.4,0.0,28.8,4.5,0.0,0.0,100.0
2024-08-14 19:45:00,0,1006.7,85.3,0.0,28.7,4.4,0.0,0.0,100.0
2024-08-14 20:00:00,0,1006.7,86.5,0.0,28.6,4.2,0.0,0.0,100.0
2024-08-14 20:15:00,0,1006.7,87.5,0.0,28.6,4.1,0.0,0.0,100.0
2024-08-14 20:30:00,0,1006.7,87.9,0.0,28.5,4.0,0.0,0.0,100.0
2024-08-14 20:45:00,0,1006.7,88.4,0.0,28.4,3.8,0.0,0.0,100.0
2024-08-14 21:00:00,0,1006.7,89.1,0.0,28.4,3.7,0.0,0.0,100.0
2024-08-14 21:15:00,0,1006.7,89.8,0.0,28.3,3.5,0.0,0.0,100.0
2024-08-14 21:30:00,0,1006.7,90.3,0.0,28.2,3.4,0.0,0.0,100.0
2024-08-14 21:45:00,0,1006.7,90.6,0.0,28.2,3.2,0.0,0.0,100.0
2024-08-14 22:00:00,0,1006.7,90.8,0.0,28.2,3.1,0.0,0.0,100.0
2024-08-14 22:15:00,0,1006.7,91.0,0.0,28.1,2.9,0.0,0.0,100.0
2024-08-14 22:30:00,0,1006.7,91.3,0.0,28.0,2.8,0.0,0.0,100.0
2024-08-14 22:45:00,0,1006.7,91.7,0.0,28.0,2.7,0.0,0.0,100.0
2024-08-14 23:00:00,0,1006.7,92.0,0.0,27.9,2.6,0.0,0.0,100.0
2024-08-14 23:15:00,0,1006.7,92.2,0.0,27.9,2.6,0.0,0.0,100.0
2024-08-14 23:30:00,0,1006.7,92.3,0.0,27.9,2.5,0.0,0.0,100.0
2024-08-14 23:45:00,0,1006.7,92.5,0.0,27.8,2.5,0.0,0.0,100.0
2024-08-15 00:00:00,0,1006.7,91.1,0.0,27.8,2.3,0.0,0.0,100.0
2024-08-15 00:15:00,0,1006.7,91.0,0.0,27.8,2.2,0.0,0.0,100.0
2024-08-15 00:30:00,0,1006.7,91.1,0.0,27.8,2.2,0.0,0.0,100.0
2024-08-15 00:45:00,0,1006.7,91.2,0.0,27.7,2.1,0.0,0.0,100.0
2024-08-15 01:00:00,0,1006.7,91.3,0.0,27.7,2.0,0.0,0.0,100.0
2024-08-15 01:15:00,0,1006.7,91.3,0.0,27.6,1.9,0.0,0.0,100.0
2024-08-15 01:30:00,0,1006.7,91.3,0.0,27.6,1.9,0.0,0.0,100.0
2024-08-15 01:45:00,0,1006.7,91.4,0.0,27.6,1.9,0.0,0.0,100.0
2024-08-15 02:00:00,0,1006.7,91.8,0.0,27.5,1.9,0.0,0.0,100.0
2024-08-15 02:15:00,0,1006.7,92.1,0.0,27.5,1.9,0.0,0.0,100.0
2024-08-15 02:30:00,0,1006.7,92.3,0.0,27.4,1.9,0.0,0.0,100.0
2024-08-15 02:45:00,0,1006.7,92.4,0.0,27.4,1.9,0.0,0.0,100.0
2024-08-15 03:00:00,0,1006.7,92.6,0.0,27.3,1.9,0.0,0.0,100.0
2024-08-15 03:15:00,0,1006.7,92.7,0.0,27.3,1.9,0.0,0.0,100.0
2024-08-15 03:30:00,0,1006.7,92.8,0.0,27.3,1.9,0.0,0.0,100.0
2024-08-15 03:45:00,0,1006.7,92.9,0.0,27.2,1.9,0.0,0.0,100.0
2024-08-15 04:00:00,0,1006.7,93.0,0.0,27.2,1.9,0.0,0.0,100.0
2024-08-15 04:15:00,0,1006.7,93.1,0.0,27.1,1.9,0.0,0.0,100.0
2024-08-15 04:30:00,0,1006.7,93.1,0.0,27.1,1.9,0.0,0.0,100.0
2024-08-15 04:45:00,0,1006.7,93.3,0.0,27.1,1.9,0.0,0.0,100.0
2024-08-15 05:00:00,0,1006.7,93.6,0.0,27.0,1.9,0.0,0.0,100.0
2024-08-15 05:15:00,0,1006.6,93.8,0.0,27.0,1.9,0.0,0.0,100.0
2024-08-15 05:30:00,3,1006.6,94.1,0.0,26.9,1.8,0.0,0.0,100.0
2024-08-15 05:45:00,26,1006.7,94.1,0.0,26.9,1.8,16.0,2.33,100.0
2024-08-15 06:00:00,51,1006.7,94.1,0.0,26.9,1.8,36.0,4.01,100.0
2024-08-15 06:15:00,77,1006.7,93.6,0.0,26.9,1.8,54.0,7.28,100.0
2024-08-15 06:30:00,105,1006.7,92.9,0.0,27.0,1.8,88.0,8.06,100.0
2024-08-15 06:45:00,133,1006.7,92.0,0.0,27.1,1.8,91.0,11.88,100.0
2024-08-15 07:00:00,164,1006.7,90.5,0.0,27.3,1.8,141.0,13.51,100.0
2024-08-15 07:15:00,197,1006.7,88.8,0.0,27.5,1.8,129.0,21.89,100.0
2024-08-15 07:30:00,233,1006.7,87.6,0.0,27.7,1.8,189.0,24.77,100.0
2024-08-15 07:45:00,272,1006.7,86.0,0.0,28.0,1.9,398.0,31.95,100.0
2024-08-15 08:00:00,312,1006.7,84.7,0.0,28.2,1.9,455.0,45.03,100.0
2024-08-15 08:15:00,354,1006.7,83.2,0.0,28.4,2.0,358.0,57.92,100.0
2024-08-15 08:30:00,397,1006.7,82.3,0.0,28.6,2.1,534.0,61.02,100.0
2024-08-15 08:45:00,441,1006.7,81.9,0.0,28.7,2.2,595.0,58.63,100.0
2024-08-15 09:00:00,483,1006.7,81.8,0.0,28.8,2.4,193.0,62.24,100.0
2024-08-15 09:15:00,524,1006.7,82.0,0.0,28.9,2.5,650.0,40.27,100.0
2024-08-15 09:30:00,562,1006.7,81.9,0.0,29.0,2.7,689.0,73.47,100.0
2024-08-15 09:45:00,595,1006.7,81.6,0.0,29.1,2.8,721.0,86.72,100.0
2024-08-15 10:00:00,626,1006.7,81.3,0.0,29.2,3.0,747.0,94.51,100.0
2024-08-15 10:15:00,653,1006.7,81.3,0.0,29.2,3.1,781.0,98.65,100.0
2024-08-15 10:30:00,678,1006.7,81.4,0.0,29.3,3.3,814.0,99.59,100.0
2024-08-15 10:45:00,698,1006.7,81.6,0.0,29.3,3.5,861.0,97.12,100.0
2024-08-15 11:00:00,715,1006.7,81.6,0.0,29.4,3.7,884.0,99.84,100.0
2024-08-15 11:15:00,729,1006.7,81.2,0.0,29.4,3.8,907.0,98.87,100.0
2024-08-15 11:30:00,738,1006.7,80.8,0.0,29.5,4.0,929.0,99.11,100.0
2024-08-15 11:45:00,744,1006.7,80.6,0.0,29.5,4.2,980.0,95.81,100.0
2024-08-15 12:00:00,746,1006.7,80.7,0.0,29.5,4.4,1038.0,96.9,100.0
2024-08-15 12:15:00,745,1006.7,80.9,0.0,29.5,4.6,622.0,98.47,100.0
2024-08-15 12:30:00,740,1006.7,80.9,0.0,29.5,4.8,950.0,99.47,100.0
2024-08-15 12:45:00,731,1006.7,81.2,0.0,29.6,4.9,916.0,100.0,100.0
2024-08-15 13:00:00,719,1006.7,80.9,0.0,29.6,5.1,909.0,100.0,100.0
2024-08-15 13:15:00,704,1006.7,80.2,0.0,29.5,5.3,879.0,99.99,100.0
2024-08-15 13:30:00,685,1006.7,80.1,0.0,29.5,5.4,856.0,99.94,100.0
2024-08-15 13:45:00,664,1006.7,80.1,0.0,29.6,5.6,827.0,99.64,100.0
2024-08-15 14:00:00,639,1006.7,79.9,0.0,29.5,5.7,799.0,99.12,100.0
2024-08-15 14:15:00,611,1006.7,79.3,0.0,29.5,5.8,765.0,97.48,100.0
2024-08-15 14:30:00,581,1006.7,79.0,0.0,29.5,5.9,738.0,93.99,100.0
2024-08-15 14:45:00,548,1006.7,78.5,0.0,29.5,6.0,705.0,89.52,100.0
2024-08-15 15:00:00,513,1006.7,78.0,0.0,29.5,6.0,673.0,84.42,100.0
2024-08-15 15:15:00,477,1006.7,78.1,0.1,29.5,6.1,642.0,78.74,100.0
2024-08-15 15:30:00,439,1006.7,78.4,0.0,29.5,6.1,595.0,73.08,100.0
2024-08-15 15:45:00,399,1006.7,78.0,0.0,29.5,6.1,555.0,65.96,100.0
2024-08-15 16:00:00,358,1006.7,77.6,0.0,29.5,6.2,515.0,60.03,100.0
2024-08-15 16:15:00,315,1006.7,77.9,0.0,29.5,6.2,455.0,52.66,100.0
2024-08-15 16:30:00,273,1006.7,78.0,0.0,29.4,6.2,418.0,46.34,100.0
2024-08-15 16:45:00,232,1006.7,77.9,0.0,29.4,6.2,363.0,38.18,100.0
2024-08-15 17:00:00,193,1006.7,77.8,0.0,29.4,6.2,307.0,31.48,100.0
2024-08-15 17:15:00,157,1006.7,77.7,0.0,29.4,6.1,254.0,23.99,100.0
2024-08-15 17:30:00,124,1006.7,77.7,0.0,29.3,6.1,203.0,17.76,100.0
2024-08-15 17:45:00,95,1006.7,78.0,0.0,29.3,6.0,149.0,11.75,100.0
2024-08-15 18:00:00,69,1006.7,78.8,0.0,29.2,5.8,107.0,7.72,100.0
2024-08-15 18:15:00,47,1006.7,79.2,0.0,29.1,5.7,53.0,4.12,100.0
2024-08-15 18:30:00,28,1006.7,79.3,0.0,29.0,5.5,23.0,2.25,100.0
2024-08-15 18:45:00,11,1006.7,79.5,0.0,28.9,5.3,0.0,0.0,100.0
2024-08-15 19:00:00,0,1006.7,80.2,0.0,28.8,5.1,0.0,0.0,100.0
2024-08-15 19:15:00,0,1006.7,80.7,0.0,28.7,4.8,0.0,0.0,100.0
2024-08-15 19:30:00,0,1006.7,81.0,0.0,28.7,4.6,0.0,0.0,100.0
2024-08-15 19:45:00,0,1006.7,81.7,0.0,28.6,4.4,0.0,0.0,100.0
2024-08-15 20:00:00,0,1006.7,82.6,0.0,28.5,4.3,0.0,0.0,100.0
2024-08-15 20:15:00,0,1006.7,83.5,0.0,28.4,4.1,0.0,0.0,100.0
2024-08-15 20:30:00,0,1006.7,84.4,0.0,28.3,3.9,0.0,0.0,100.0
2024-08-15 20:45:00,0,1006.7,85.2,0.0,28.3,3.8,0.0,0.0,100.0
2024-08-15 21:00:00,0,1006.7,85.8,0.0,28.2,3.6,0.0,0.0,100.0
2024-08-15 21:15:00,0,1006.7,86.1,0.0,28.1,3.5,0.0,0.0,100.0
2024-08-15 21:30:00,0,1006.7,86.5,0.0,28.1,3.3,0.0,0.0,100.0
2024-08-15 21:45:00,0,1006.7,87.1,0.0,28.0,3.2,0.0,0.0,100.0
2024-08-15 22:00:00,0,1006.7,87.6,0.0,28.0,3.0,0.0,0.0,100.0
2024-08-15 22:15:00,0,1006.7,88.0,0.0,27.9,2.9,0.0,0.0,100.0
2024-08-15 22:30:00,0,1006.7,88.4,0.0,27.9,2.8,0.0,0.0,100.0
2024-08-15 22:45:00,0,1006.7,88.6,0.0,27.8,2.7,0.0,0.0,100.0
2024-08-15 23:00:00,0,1006.7,88.8,0.0,27.8,2.6,0.0,0.0,100.0
2024-08-15 23:15:00,0,1006.7,89.1,0.0,27.8,2.5,0.0,0.0,100.0
2024-08-15 23:30:00,0,1006.7,89.4,0.0,27.8,2.4,0.0,0.0,100.0
2024-08-15 23:45:00,0,1006.7,89.7,0.0,27.7,2.4,0.0,0.0,100.0
2024-08-16 00:00:00,0,1006.7,90.5,0.0,27.2,2.8,0.0,0.0,100.0
2024-08-16 00:15:00,0,1006.7,90.7,0.0,27.2,2.7,0.0,0.0,100.0
2024-08-16 00:30:00,0,1006.7,90.9,0.0,27.2,2.6,0.0,0.0,100.0
2024-08-16 00:45:00,0,1006.7,91.2,0.0,27.1,2.5,0.0,0.0,100.0
2024-08-16 01:00:00,0,1006.7,91.4,0.0,27.1,2.5,0.0,0.0,100.0
2024-08-16 01:15:00,0,1006.7,91.7,0.0,27.0,2.4,0.0,0.0,100.0
2024-08-16 01:30:00,0,1006.7,92.0,0.0,27.0,2.4,0.0,0.0,100.0
2024-08-16 01:45:00,0,1006.7,92.3,0.0,26.9,2.4,0.0,0.0,100.0
2024-08-16 02:00:00,0,1006.7,92.5,0.0,26.8,2.3,0.0,0.0,100.0
2024-08-16 02:15:00,0,1006.7,92.6,0.0,26.8,2.3,0.0,0.0,100.0
2024-08-16 02:30:00,0,1006.7,92.6,0.0,26.7,2.3,0.0,0.0,100.0
2024-08-16 02:45:00,0,1006.6,92.7,0.0,26.7,2.2,0.0,0.0,100.0
2024-08-16 03:00:00,0,1006.6,92.7,0.0,26.6,2.2,0.0,0.0,100.0
2024-08-16 03:15:00,0,1006.6,92.6,0.0,26.6,2.1,0.0,0.0,100.0
2024-08-16 03:30:00,0,1006.6,92.4,0.0,26.5,2.1,0.0,0.0,100.0
2024-08-16 03:45:00,0,1006.6,92.2,0.0,26.5,2.1,0.0,0.0,100.0
2024-08-16 04:00:00,0,1006.6,91.9,0.0,26.5,2.1,0.0,0.0,100.0
2024-08-16 04:15:00,0,1006.6,91.8,0.0,26.5,2.0,0.0,0.0,100.0
2024-08-16 04:30:00,0,1006.6,91.7,0.0,26.4,2.0,0.0,0.0,100.0
2024-08-16 04:45:00,0,1006.6,91.6,0.0,26.4,2.0,0.0,0.0,100.0
2024-08-16 05:00:00,0,1006.6,91.5,0.0,26.4,2.0,0.0,0.0,100.0
2024-08-16 05:15:00,0,1006.6,91.3,0.0,26.4,2.0,0.0,0.0,100.0
2024-08-16 05:30:00,2,1006.6,91.1,0.0,26.4,2.0,0.0,0.0,100.0
2024-08-16 05:45:00,27,1006.6,90.9,0.0,26.4,1.9,25.0,2.93,100.0
2024-08-16 06:00:00,55,1006.6,90.7,0.0,26.4,1.9,51.0,5.12,100.0
2024-08-16 06:15:00,84,1006.6,90.5,0.0,26.5,1.9,94.0,8.31,100.0
2024-08-16 06:30:00,115,1006.7,90.2,0.0,26.5,1.9,128.0,10.91,100.0
2024-08-16 06:45:00,146,1006.7,89.3,0.0,26.7,1.9,165.0,16.07,100.0
2024-08-16 07:00:00,180,1006.7,88.0,0.0,26.9,1.9,230.0,22.95,100.0
2024-08-16 07:15:00,217,1006.7,86.2,0.0,27.2,1.9,288.0,30.73,100.0
2024-08-16 07:30:00,256,1006.7,84.6,0.0,27.4,2.0,235.0,38.87,100.0
2024-08-16 07:45:00,298,1006.7,83.4,0.0,27.6,2.1,396.0,45.12,100.0
2024-08-16 08:00:00,343,1006.7,82.4,0.0,27.9,2.2,433.0,51.08,100.0
2024-08-16 08:15:00,389,1006.7,80.7,0.0,28.1,2.3,498.0,59.57,100.0
2024-08-16 08:30:00,435,1006.7,79.8,0.0,28.3,2.5,544.0,66.1,100.0
2024-08-16 08:45:00,482,1006.7,79.2,0.0,28.5,2.6,587.0,72.8,100.0
2024-08-16 09:00:00,528,1006.7,78.7,0.0,28.6,2.8,625.0,77.8,100.0
2024-08-16 09:15:00,572,1006.7,78.4,0.0,28.7,3.0,656.0,83.79,100.0
2024-08-16 09:30:00,613,1006.7,78.1,0.0,28.8,3.1,656.0,89.15,100.0
2024-08-16 09:45:00,648,1006.7,77.5,0.0,28.8,3.3,728.0,93.89,100.0
2024-08-16 10:00:00,680,1006.7,76.7,0.0,28.9,3.5,757.0,97.46,100.0
2024-08-16 10:15:00,709,1006.7,76.1,0.0,29.0,3.6,803.0,99.28,100.0
2024-08-16 10:30:00,733,1006.7,76.0,0.0,29.0,3.8,829.0,99.75,100.0
2024-08-16 10:45:00,753,1006.7,76.5,0.0,29.0,3.9,856.0,99.89,100.0
2024-08-16 11:00:00,769,1006.7,77.3,0.0,29.1,4.1,885.0,99.95,100.0
2024-08-16 11:15:00,781,1006.7,78.3,0.0,29.1,4.2,909.0,100.0,100.0
2024-08-16 11:30:00,790,1006.7,79.0,0.0,29.1,4.4,932.0,100.0,100.0
2024-08-16 11:45:00,794,1006.7,79.4,0.0,29.1,4.6,941.0,100.0,100.0
2024-08-16 12:00:00,795,1006.7,78.8,0.0,29.2,4.8,945.0,100.0,100.0
2024-08-16 12:15:00,793,1006.7,78.1,0.0,29.2,4.9,934.0,100.0,100.0
2024-08-16 12:30:00,788,1006.7,78.9,0.0,29.2,5.1,934.0,100.0,100.0
2024-08-16 12:45:00,780,1006.7,80.0,0.0,29.2,5.2,923.0,100.0,100.0
2024-08-16 13:00:00,769,1006.7,79.8,0.0,29.2,5.4,914.0,100.0,100.0
2024-08-16 13:15:00,756,1006.7,79.6,0.0,29.2,5.5,894.0,100.0,100.0
2024-08-16 13:30:00,741,1006.7,79.8,0.0,29.2,5.6,876.0,99.99,100.0
2024-08-16 13:45:00,722,1006.7,79.5,0.0,29.2,5.7,834.0,99.75,100.0
2024-08-16 14:00:00,700,1006.7,79.0,0.0,29.2,5.8,800.0,99.39,100.0
2024-08-16 14:15:00,674,1006.7,79.4,0.0,29.2,5.8,771.0,98.03,100.0
2024-08-16 14:30:00,645,1006.7,79.8,0.0,29.2,5.9,745.0,94.37,100.0
2024-08-16 14:45:00,613,1006.7,79.5,0.0,29.2,5.9,697.0,82.43,100.0
2024-08-16 15:00:00,577,1006.7,79.2,0.0,29.2,6.0,620.0,61.71,100.0
2024-08-16 15:15:00,538,1006.7,78.9,0.0,29.2,6.0,619.0,60.9,100.0
2024-08-16 15:30:00,495,1006.7,79.0,0.0,29.2,6.0,467.0,54.48,100.0
2024-08-16 15:45:00,451,1006.7,79.3,0.0,29.1,6.0,416.0,52.54,100.0
2024-08-16 16:00:00,402,1006.7,78.7,0.0,29.1,6.0,472.0,60.74,100.0
2024-08-16 16:15:00,352,1006.7,79.0,0.0,29.1,6.0,452.0,36.83,100.0
2024-08-16 16:30:00,302,1006.7,79.4,0.0,29.1,6.0,337.0,46.9,100.0
2024-08-16 16:45:00,253,1006.7,79.5,0.0,29.0,6.0,299.0,39.29,100.0
2024-08-16 17:00:00,208,1006.7,79.2,0.0,29.0,5.9,302.0,30.01,100.0
2024-08-16 17:15:00,165,1006.7,78.9,0.0,29.0,5.9,146.0,23.07,100.0
2024-08-16 17:30:00,128,1006.7,78.2,0.0,29.0,5.8,202.0,18.56,100.0
2024-08-16 17:45:00,95,1006.7,78.1,0.0,29.0,5.7,97.0,12.34,100.0
2024-08-16 18:00:00,67,1006.7,77.8,0.0,29.0,5.5,41.0,5.07,100.0
2024-08-16 18:15:00,44,1006.7,77.6,0.0,28.9,5.4,34.0,4.85,100.0
2024-08-16 18:30:00,25,1006.7,77.9,0.0,28.9,5.2,11.0,1.68,100.0
2024-08-16 18:45:00,9,1006.7,78.8,0.0,28.8,4.9,0.0,0.0,100.0
2024-08-16 19:00:00,0,1006.7,79.8,0.0,28.7,4.7,0.0,0.0,100.0
2024-08-16 19:15:00,0,1006.7,81.0,0.0,28.6,4.5,0.0,0.0,100.0
2024-08-16 19:30:00,0,1006.7,82.1,0.0,28.5,4.3,0.0,0.0,100.0
2024-08-16 19:45:00,0,1006.7,82.8,0.0,28.4,4.1,0.0,0.0,100.0
2024-08-16 20:00:00,0,1006.7,83.3,0.0,28.3,3.9,0.0,0.0,100.0
2024-08-16 20:15:00,0,1006.7,84.0,0.0,28.2,3.7,0.0,0.0,100.0
2024-08-16 20:30:00,0,1006.7,84.4,0.0,28.2,3.5,0.0,0.0,100.0
2024-08-16 20:45:00,0,1006.7,84.9,0.0,28.1,3.3,0.0,0.0,100.0
2024-08-16 21:00:00,0,1006.7,85.5,0.0,28.0,3.2,0.0,0.0,100.0
2024-08-16 21:15:00,0,1006.7,86.3,0.0,27.9,3.0,0.0,0.0,100.0
2024-08-16 21:30:00,0,1006.7,87.1,0.0,27.9,2.9,0.0,0.0,100.0
2024-08-16 21:45:00,0,1006.7,87.9,0.0,27.8,2.7,0.0,0.0,100.0
2024-08-16 22:00:00,0,1006.7,88.7,0.0,27.7,2.6,0.0,0.0,100.0
2024-08-16 22:15:00,0,1006.7,89.3,0.0,27.7,2.5,0.0,0.0,100.0
2024-08-16 22:30:00,0,1006.7,89.8,0.0,27.6,2.4,0.0,0.0,100.0
2024-08-16 22:45:00,0,1006.7,90.3,0.0,27.6,2.3,0.0,0.0,100.0
2024-08-16 23:00:00,0,1006.7,90.7,0.0,27.6,2.3,0.0,0.0,100.0
2024-08-16 23:15:00,0,1006.7,90.9,0.0,27.5,2.2,0.0,0.0,100.0
2024-08-16 23:30:00,0,1006.7,90.9,0.0,27.5,2.1,0.0,0.0,100.0
2024-08-16 23:45:00,0,1006.7,91.3,0.0,27.5,2.1,0.0,0.0,100.0
2024-08-17 00:00:00,0,1006.7,92.9,0.0,27.6,1.7,0.0,0.0,100.0
2024-08-17 00:15:00,0,1006.7,93.2,0.0,27.6,1.7,0.0,0.0,100.0
2024-08-17 00:30:00,0,1006.7,93.5,0.0,27.5,1.7,0.0,0.0,100.0
2024-08-17 00:45:00,0,1006.7,94.0,0.0,27.5,1.7,0.0,0.0,100.0
2024-08-17 01:00:00,0,1006.7,94.7,0.0,27.4,1.7,0.0,0.0,100.0
2024-08-17 01:15:00,0,1006.7,95.2,0.0,27.3,1.7,0.0,0.0,100.0
2024-08-17 01:30:00,0,1006.7,95.6,0.0,27.2,1.7,0.0,0.0,100.0
2024-08-17 01:45:00,0,1006.7,95.8,0.0,27.2,1.7,0.0,0.0,100.0
2024-08-17 02:00:00,0,1006.7,95.9,0.0,27.2,1.8,0.0,0.0,100.0
2024-08-17 02:15:00,0,1006.7,95.9,0.0,27.1,1.7,0.0,0.0,100.0
2024-08-17 02:30:00,0,1006.7,95.8,0.0,27.1,1.7,0.0,0.0,100.0
2024-08-17 02:45:00,0,1006.7,95.9,0.0,27.0,1.7,0.0,0.0,100.0
2024-08-17 03:00:00,0,1006.7,95.9,0.0,27.0,1.7,0.0,0.0,100.0
2024-08-17 03:15:00,0,1006.7,95.9,0.0,27.0,1.7,0.0,0.0,100.0
2024-08-17 03:30:00,0,1006.7,95.9,0.0,27.0,1.6,0.0,0.0,100.0
2024-08-17 03:45:00,0,1006.7,95.9,0.0,27.0,1.6,0.0,0.0,100.0
2024-08-17 04:00:00,0,1006.7,96.0,0.0,27.0,1.6,0.0,0.0,100.0
2024-08-17 04:15:00,0,1006.7,96.1,0.0,26.9,1.5,0.0,0.0,100.0
2024-08-17 04:30:00,0,1006.7,96.2,0.0,26.9,1.5,0.0,0.0,100.0
2024-08-17 04:45:00,0,1006.7,96.2,0.0,26.9,1.5,0.0,0.0,100.0
2024-08-17 05:00:00,0,1006.7,96.3,0.0,26.9,1.5,0.0,0.0,100.0
2024-08-17 05:15:00,0,1006.7,96.4,0.0,26.9,1.5,0.0,0.0,100.0
2024-08-17 05:30:00,2,1006.7,96.4,0.0,26.9,1.5,0.0,0.0,100.0
2024-08-17 05:45:00,26,1006.7,96.5,0.0,26.9,1.5,21.0,2.63,100.0
2024-08-17 06:00:00,54,1006.7,96.6,0.0,26.9,1.5,42.0,4.53,100.0
2024-08-17 06:15:00,83,1006.7,96.6,0.0,26.9,1.5,70.0,7.62,100.0
2024-08-17 06:30:00,113,1006.7,96.5,0.0,27.0,1.4,104.0,10.89,100.0
2024-08-17 06:45:00,144,1006.7,96.3,0.0,27.1,1.4,156.0,15.54,100.0
2024-08-17 07:00:00,178,1006.7,95.9,0.0,27.2,1.4,197.0,20.27,100.0
2024-08-17 07:15:00,214,1006.7,95.4,0.0,27.3,1.4,244.0,26.54,100.0
2024-08-17 07:30:00,252,1006.7,95.0,0.0,27.5,1.4,295.0,31.89,100.0
2024-08-17 07:45:00,293,1006.7,94.2,0.0,27.6,1.4,348.0,39.28,100.0
2024-08-17 08:00:00,336,1006.7,93.8,0.0,27.8,1.4,397.0,45.7,100.0
2024-08-17 08:15:00,380,1006.7,93.3,0.0,27.9,1.4,448.0,53.67,100.0
2024-08-17 08:30:00,425,1006.7,92.9,0.0,28.0,1.4,509.0,59.81,100.0
2024-08-17 08:45:00,469,1006.7,92.4,0.0,28.1,1.4,553.0,66.95,100.0
2024-08-17 09:00:00,512,1006.7,91.4,0.0,28.3,1.5,593.0,72.14,100.0
2024-08-17 09:15:00,551,1006.7,90.2,0.0,28.5,1.5,649.0,78.79,100.0
2024-08-17 09:30:00,586,1006.7,89.0,0.0,28.7,1.5,701.0,81.51,100.0
2024-08-17 09:45:00,615,1006.7,87.9,0.0,28.9,1.6,364.0,73.37,100.0
2024-08-17 10:00:00,639,1006.7,86.6,0.0,29.1,1.7,527.0,71.39,100.0
2024-08-17 10:15:00,657,1006.7,85.1,0.0,29.3,1.8,341.0,91.94,100.0
2024-08-17 10:30:00,670,1006.7,83.7,0.0,29.4,1.9,717.0,93.15,100.0
2024-08-17 10:45:00,677,1006.7,82.9,0.0,29.5,2.0,871.0,99.6,100.0
2024-08-17 11:00:00,680,1006.7,82.5,0.0,29.5,2.2,900.0,62.55,100.0
2024-08-17 11:15:00,679,1006.7,82.2,0.0,29.5,2.5,968.0,89.55,100.0
2024-08-17 11:30:00,674,1006.7,81.8,0.0,29.6,2.8,379.0,84.56,100.0
2024-08-17 11:45:00,666,1006.7,81.5,0.0,29.6,3.1,998.0,93.29,100.0
2024-08-17 12:00:00,656,1006.7,81.0,0.0,29.7,3.3,329.0,89.64,100.0
2024-08-17 12:15:00,645,1006.7,80.5,0.0,29.7,3.6,483.0,49.93,100.0
2024-08-17 12:30:00,633,1006.7,80.5,0.0,29.6,3.7,658.0,54.09,100.0
2024-08-17 12:45:00,622,1006.7,81.3,0.0,29.5,3.9,932.0,65.34,100.0
2024-08-17 13:00:00,609,1006.7,81.2,0.0,29.5,4.0,851.0,71.54,100.0
2024-08-17 13:15:00,596,1006.7,80.3,0.0,29.6,4.2,569.0,66.83,100.0
2024-08-17 13:30:00,582,1006.7,79.4,0.0,29.7,4.2,860.0,88.72,100.0
2024-08-17 13:45:00,566,1006.7,78.0,0.0,29.8,4.3,342.0,76.04,100.0
2024-08-17 14:00:00,548,1006.7,78.0,0.0,29.8,4.4,834.0,63.23,100.0
2024-08-17 14:15:00,528,1006.7,78.4,0.0,29.8,4.5,572.0,61.05,100.0
2024-08-17 14:30:00,505,1006.7,78.7,0.0,29.8,4.5,730.0,70.71,100.0
2024-08-17 14:45:00,481,1006.7,78.6,0.0,29.8,4.6,732.0,36.19,100.0
2024-08-17 15:00:00,453,1006.7,78.5,0.0,29.8,4.7,368.0,49.34,100.0
2024-08-17 15:15:00,424,1006.7,78.0,0.0,29.9,4.8,751.0,35.56,100.0
2024-08-17 15:30:00,391,1006.7,78.5,0.0,29.9,4.8,486.0,66.11,100.0
2024-08-17 15:45:00,357,1006.7,78.5,0.0,29.9,4.9,261.0,55.3,100.0
2024-08-17 16:00:00,320,1006.7,78.6,0.0,29.9,4.9,248.0,47.55,100.0
2024-08-17 16:15:00,282,1006.7,78.6,0.0,29.9,4.9,170.0,48.35,100.0
2024-08-17 16:30:00,244,1006.7,79.3,0.0,29.9,4.8,178.0,39.04,100.0
2024-08-17 16:45:00,207,1006.7,79.7,0.0,29.8,4.8,221.0,33.65,100.0
2024-08-17 17:00:00,172,1006.7,80.1,0.0,29.8,4.8,240.0,27.14,100.0
2024-08-17 17:15:00,139,1006.7,80.0,0.0,29.8,4.7,144.0,11.89,100.0
2024-08-17 17:30:00,110,1006.7,80.1,0.0,29.8,4.6,79.0,7.63,100.0
2024-08-17 17:45:00,83,1006.7,80.3,0.0,29.8,4.5,47.0,4.82,100.0
2024-08-17 18:00:00,60,1006.7,80.7,0.0,29.7,4.3,31.0,3.59,100.0
2024-08-17 18:15:00,40,1006.7,81.1,0.0,29.7,4.1,21.0,2.49,100.0
2024-08-17 18:30:00,23,1006.7,81.7,0.0,29.6,3.9,11.0,1.5,100.0
2024-08-17 18:45:00,8,1006.7,82.5,0.0,29.5,3.7,0.0,0.0,100.0
2024-08-17 19:00:00,0,1006.7,83.1,0.0,29.4,3.5,0.0,0.0,100.0
2024-08-17 19:15:00,0,1006.7,83.6,0.0,29.3,3.4,0.0,0.0,100.0
2024-08-17 19:30:00,0,1006.7,83.8,0.0,29.2,3.2,0.0,0.0,100.0
2024-08-17 19:45:00,0,1006.7,83.9,0.0,29.1,3.1,0.0,0.0,100.0
2024-08-17 20:00:00,0,1006.7,84.5,0.0,29.0,3.0,0.0,0.0,100.0
2024-08-17 20:15:00,0,1006.7,85.4,0.0,28.8,2.9,0.0,0.0,100.0
2024-08-17 20:30:00,0,1006.7,85.8,0.0,28.7,2.8,0.0,0.0,100.0
2024-08-17 20:45:00,0,1006.7,86.1,0.0,28.6,2.7,0.0,0.0,100.0
2024-08-17 21:00:00,0,1006.7,86.5,0.0,28.6,2.7,0.0,0.0,100.0
2024-08-17 21:15:00,0,1006.7,87.2,0.0,28.5,2.7,0.0,0.0,100.0
2024-08-17 21:30:00,0,1006.7,87.9,0.0,28.4,2.7,0.0,0.0,100.0
2024-08-17 21:45:00,0,1006.7,88.4,0.0,28.3,2.7,0.0,0.0,100.0
2024-08-17 22:00:00,0,1006.7,88.9,0.0,28.3,2.7,0.0,0.0,100.0
2024-08-17 22:15:00,0,1006.7,89.3,0.0,28.2,2.7,0.0,0.0,100.0
2024-08-17 22:30:00,0,1006.7,89.7,0.0,28.1,2.8,0.0,0.0,100.0
2024-08-17 22:45:00,0,1006.7,90.3,0.0,28.1,2.9,0.0,0.0,100.0
2024-08-17 23:00:00,0,1006.7,90.7,0.0,28.0,3.0,0.0,0.0,100.0
2024-08-17 23:15:00,0,1006.7,91.0,0.0,28.0,3.1,0.0,0.0,100.0
2024-08-17 23:30:00,0,1006.7,91.7,0.0,27.9,3.2,0.0,0.0,100.0
2024-08-17 23:45:00,0,1006.7,92.1,0.0,27.8,3.2,0.0,0.0,100.0
2024-08-18 00:00:00,0,1006.7,92.1,0.0,27.8,3.5,0.0,0.0,100.0
2024-08-18 00:15:00,0,1006.7,92.6,0.0,27.7,3.4,0.0,0.0,100.0
2024-08-18 00:30:00,0,1006.7,93.2,0.0,27.7,3.4,0.0,0.0,100.0
2024-08-18 00:45:00,0,1006.7,93.7,0.0,27.6,3.3,0.0,0.0,100.0
2024-08-18 01:00:00,0,1006.7,94.1,0.0,27.5,3.3,0.0,0.0,100.0
2024-08-18 01:15:00,0,1006.7,94.6,0.0,27.4,3.2,0.0,0.0,100.0
2024-08-18 01:30:00,0,1006.7,95.0,0.0,27.4,3.2,0.0,0.0,100.0
2024-08-18 01:45:00,0,1006.7,95.4,0.0,27.3,3.1,0.0,0.0,100.0
2024-08-18 02:00:00,0,1006.7,95.8,0.0,27.2,3.1,0.0,0.0,100.0
2024-08-18 02:15:00,0,1006.7,96.0,0.0,27.2,3.0,0.0,0.0,100.0
2024-08-18 02:30:00,0,1006.7,96.3,0.0,27.1,3.0,0.0,0.0,100.0
2024-08-18 02:45:00,0,1006.7,96.5,0.0,27.1,3.0,0.0,0.0,100.0
2024-08-18 03:00:00,0,1006.7,96.6,0.0,27.0,3.0,0.0,0.0,100.0
2024-08-18 03:15:00,0,1006.7,96.7,0.0,27.0,3.0,0.0,0.0,100.0
2024-08-18 03:30:00,0,1006.7,96.8,0.0,27.0,3.0,0.0,0.0,100.0
2024-08-18 03:45:00,0,1006.7,96.9,0.0,27.0,2.9,0.0,0.0,100.0
2024-08-18 04:00:00,0,1006.7,96.9,0.0,27.0,2.9,0.0,0.0,100.0
2024-08-18 04:15:00,0,1006.7,97.0,0.0,26.9,2.9,0.0,0.0,100.0
2024-08-18 04:30:00,0,1006.7,97.1,0.0,26.9,2.9,0.0,0.0,100.0
2024-08-18 04:45:00,0,1006.7,97.2,0.0,26.9,3.0,0.0,0.0,100.0
2024-08-18 05:00:00,0,1006.7,97.3,0.0,26.9,3.0,0.0,0.0,100.0
2024-08-18 05:15:00,0,1006.7,97.4,0.0,26.9,3.0,0.0,0.0,100.0
2024-08-18 05:30:00,1,1006.7,97.5,0.0,26.9,3.0,0.0,0.0,100.0
2024-08-18 05:45:00,24,1006.7,97.6,0.0,26.8,3.0,31.0,3.7,100.0
2024-08-18 06:00:00,53,1006.7,97.7,0.0,26.8,3.0,63.0,6.23,100.0
2024-08-18 06:15:00,82,1006.7,97.6,0.0,26.9,3.0,100.0,9.11,100.0
2024-08-18 06:30:00,112,1006.7,97.4,0.0,26.9,3.0,135.0,12.22,100.0
2024-08-18 06:45:00,144,1006.7,97.2,0.0,27.0,3.0,187.0,18.13,100.0
2024-08-18 07:00:00,178,1006.7,96.8,0.0,27.1,3.0,255.0,25.52,100.0
2024-08-18 07:15:00,214,1006.7,96.5,0.0,27.2,3.0,309.0,32.9,100.0
2024-08-18 07:30:00,254,1006.7,96.2,0.0,27.3,3.0,356.0,38.52,100.0
2024-08-18 07:45:00,296,1006.7,96.1,0.0,27.4,3.0,410.0,46.2,100.0
2024-08-18 08:00:00,340,1006.7,96.0,0.0,27.4,3.0,476.0,50.77,100.0
2024-08-18 08:15:00,386,1006.7,95.5,0.0,27.6,3.0,219.0,35.59,100.0
2024-08-18 08:30:00,432,1006.7,94.4,0.0,27.8,2.9,354.0,55.84,100.0
2024-08-18 08:45:00,479,1006.7,92.6,0.0,28.1,2.9,654.0,55.57,100.0
2024-08-18 09:00:00,524,1006.7,90.3,0.0,28.4,2.9,393.0,72.37,100.0
2024-08-18 09:15:00,566,1006.7,88.2,0.0,28.8,2.9,227.0,43.52,100.0
2024-08-18 09:30:00,604,1006.7,85.9,0.0,29.1,2.9,391.0,73.9,100.0
2024-08-18 09:45:00,637,1006.7,83.5,0.0,29.4,2.8,746.0,72.82,100.0
2024-08-18 10:00:00,664,1006.7,81.5,0.0,29.6,2.8,443.0,89.24,100.0
2024-08-18 10:15:00,687,1006.7,79.3,0.0,29.8,2.8,792.0,91.89,100.0
2024-08-18 10:30:00,705,1006.7,77.3,0.0,30.0,2.8,845.0,88.0,100.0
2024-08-18 10:45:00,718,1006.7,75.4,0.0,30.2,2.7,898.0,81.39,100.0
2024-08-18 11:00:00,727,1006.7,74.2,0.0,30.3,2.7,952.0,91.92,100.0
2024-08-18 11:15:00,731,1006.7,72.9,0.0,30.5,2.7,490.0,70.15,100.0
2024-08-18 11:30:00,732,1006.7,71.3,0.0,30.6,2.6,977.0,81.08,100.0
2024-08-18 11:45:00,729,1006.7,69.0,0.0,30.8,2.6,929.0,99.17,100.0
2024-08-18 12:00:00,724,1006.7,67.9,0.0,30.9,2.6,980.0,88.87,100.0
2024-08-18 12:15:00,716,1006.7,67.5,0.0,31.0,2.6,350.0,73.66,100.0
2024-08-18 12:30:00,707,1006.7,66.9,0.0,31.1,2.6,1010.0,43.98,100.0
2024-08-18 12:45:00,696,1006.7,66.3,0.0,31.2,2.6,911.0,61.49,100.0
2024-08-18 13:00:00,683,1006.7,65.8,0.0,31.3,2.6,422.0,60.82,100.0
2024-08-18 13:15:00,669,1006.7,65.5,0.0,31.3,2.5,946.0,63.69,100.0
2024-08-18 13:30:00,652,1006.7,65.4,0.0,31.3,2.5,996.0,51.4,100.0
2024-08-18 13:45:00,633,1006.7,64.7,0.0,31.4,2.5,830.0,74.84,100.0
2024-08-18 14:00:00,612,1006.7,65.0,0.0,31.4,2.6,498.0,72.03,100.0
2024-08-18 14:15:00,588,1006.7,65.9,0.0,31.4,2.6,825.0,95.63,100.0
2024-08-18 14:30:00,562,1006.7,66.7,0.0,31.4,2.6,420.0,36.09,100.0
2024-08-18 14:45:00,533,1006.7,67.3,0.0,31.2,2.7,247.0,33.05,100.0
2024-08-18 15:00:00,501,1006.7,68.2,0.0,31.2,2.9,279.0,35.61,100.0
2024-08-18 15:15:00,467,1006.7,68.7,0.0,31.1,3.2,272.0,33.04,100.0
2024-08-18 15:30:00,431,1006.7,69.8,0.0,31.0,3.5,234.0,28.43,100.0
2024-08-18 15:45:00,393,1006.7,72.6,0.0,30.8,3.7,210.0,25.7,100.0
2024-08-18 16:00:00,352,1006.7,74.8,0.0,30.6,3.9,201.0,24.36,100.0
2024-08-18 16:15:00,311,1006.7,76.0,0.0,30.5,4.0,188.0,24.02,100.0
2024-08-18 16:30:00,269,1006.7,75.7,0.0,30.4,4.0,181.0,22.64,100.0
2024-08-18 16:45:00,228,1006.7,76.4,0.0,30.3,4.0,131.0,15.68,100.0
2024-08-18 17:00:00,190,1006.7,76.2,0.0,30.2,4.1,92.0,10.91,100.0
2024-08-18 17:15:00,154,1006.7,76.2,0.0,30.2,4.0,18.0,8.32,100.0
2024-08-18 17:30:00,121,1006.7,77.1,0.1,30.2,3.9,56.0,7.5,100.0
2024-08-18 17:45:00,92,1006.7,78.0,0.0,30.1,3.7,44.0,4.5,100.0
2024-08-18 18:00:00,66,1006.7,80.0,0.0,29.7,3.6,37.0,3.31,100.0
2024-08-18 18:15:00,44,1006.7,81.2,0.0,29.5,3.5,15.0,2.17,100.0
2024-08-18 18:30:00,25,1006.7,80.5,0.0,29.4,3.5,10.0,1.29,100.0
2024-08-18 18:45:00,7,1006.7,81.2,0.0,29.3,3.5,0.0,0.0,100.0
2024-08-18 19:00:00,0,1006.7,82.0,0.0,29.2,3.5,0.0,0.0,100.0
2024-08-18 19:15:00,0,1006.7,83.3,0.0,29.0,3.4,0.0,0.0,100.0
2024-08-18 19:30:00,0,1006.7,84.6,0.0,28.9,3.4,0.0,0.0,100.0
2024-08-18 19:45:00,0,1006.7,85.3,0.0,28.8,3.4,0.0,0.0,100.0
2024-08-18 20:00:00,0,1006.7,85.9,0.0,28.7,3.5,0.0,0.0,100.0
2024-08-18 20:15:00,0,1006.7,86.3,0.0,28.7,3.6,0.0,0.0,100.0
2024-08-18 20:30:00,0,1006.7,87.2,0.0,28.6,3.7,0.0,0.0,100.0
2024-08-18 20:45:00,0,1006.7,87.9,0.0,28.5,3.8,0.0,0.0,100.0
2024-08-18 21:00:00,0,1006.7,88.3,0.0,28.4,3.8,0.0,0.0,100.0
2024-08-18 21:15:00,0,1006.7,88.3,0.0,28.3,3.9,0.0,0.0,100.0
2024-08-18 21:30:00,0,1006.7,88.4,0.0,28.2,3.9,0.0,0.0,100.0
2024-08-18 21:45:00,0,1006.7,89.2,0.0,28.1,3.9,0.0,0.0,100.0
2024-08-18 22:00:00,0,1006.7,90.2,0.0,28.0,3.9,0.0,0.0,100.0
2024-08-18 22:15:00,0,1006.7,91.1,0.0,27.9,3.8,0.0,0.0,100.0
2024-08-18 22:30:00,0,1006.7,91.8,0.0,27.9,3.7,0.0,0.0,100.0
2024-08-18 22:45:00,0,1006.7,92.5,0.0,27.8,3.6,0.0,0.0,100.0
2024-08-18 23:00:00,0,1006.7,93.2,0.0,27.7,3.6,0.0,0.0,100.0
2024-08-18 23:15:00,0,1006.7,93.6,0.0,27.7,3.5,0.0,0.0,100.0
2024-08-18 23:30:00,0,1006.7,93.9,0.0,27.6,3.5,0.0,0.0,100.0
2024-08-18 23:45:00,0,1006.6,94.1,0.0,27.6,3.4,0.0,0.0,100.0
2024-08-19 00:00:00,0,1006.6,94.9,0.0,27.8,4.0,0.0,0.0,100.0
2024-08-19 00:15:00,0,1006.6,95.3,0.0,27.7,3.9,0.0,0.0,100.0
2024-08-19 00:30:00,0,1006.6,95.6,0.0,27.7,3.9,0.0,0.0,100.0
2024-08-19 00:45:00,0,1006.6,95.9,0.0,27.6,3.8,0.0,0.0,100.0
2024-08-19 01:00:00,0,1006.6,96.0,0.0,27.6,3.8,0.0,0.0,100.0
2024-08-19 01:15:00,0,1006.6,96.3,0.0,27.5,3.8,0.0,0.0,100.0
2024-08-19 01:30:00,0,1006.6,96.5,0.0,27.5,3.7,0.0,0.0,100.0
2024-08-19 01:45:00,0,1006.6,96.7,0.0,27.5,3.7,0.0,0.0,100.0
2024-08-19 02:00:00,0,1006.6,96.9,0.0,27.4,3.7,0.0,0.0,100.0
2024-08-19 02:15:00,0,1006.6,97.2,0.0,27.4,3.6,0.0,0.0,100.0
2024-08-19 02:30:00,0,1006.6,97.3,0.0,27.3,3.6,0.0,0.0,100.0
2024-08-19 02:45:00,0,1006.6,97.5,0.0,27.3,3.5,0.0,0.0,100.0
2024-08-19 03:00:00,0,1006.6,97.6,0.0,27.2,3.5,0.0,0.0,100.0
2024-08-19 03:15:00,0,1006.6,97.6,0.0,27.2,3.5,0.0,0.0,100.0
2024-08-19 03:30:00,0,1006.6,97.7,0.0,27.1,3.4,0.0,0.0,100.0
2024-08-19 03:45:00,0,1006.6,97.8,0.0,27.1,3.4,0.0,0.0,100.0
2024-08-19 04:00:00,0,1006.6,97.8,0.0,27.1,3.4,0.0,0.0,100.0
2024-08-19 04:15:00,0,1006.6,97.8,0.0,27.1,3.3,0.0,0.0,100.0
2024-08-19 04:30:00,0,1006.6,97.8,0.0,27.1,3.3,0.0,0.0,100.0
2024-08-19 04:45:00,0,1006.6,97.8,0.0,27.1,3.3,0.0,0.0,100.0
2024-08-19 05:00:00,0,1006.6,97.9,0.0,27.1,3.3,0.0,0.0,100.0
2024-08-19 05:15:00,0,1006.6,97.8,0.0,27.1,3.3,0.0,0.0,100.0
2024-08-19 05:30:00,0,1006.6,97.8,0.0,27.1,3.2,0.0,0.0,100.0
2024-08-19 05:45:00,18,1006.6,97.8,0.0,27.1,3.2,10.0,1.58,100.0
2024-08-19 06:00:00,42,1006.6,97.9,0.0,27.1,3.2,42.0,3.74,100.0
2024-08-19 06:15:00,65,1006.6,98.0,0.0,27.1,3.2,92.0,6.92,100.0
2024-08-19 06:30:00,89,1006.6,97.9,0.0,27.2,3.2,136.0,10.79,100.0
2024-08-19 06:45:00,114,1006.6,97.6,0.0,27.2,3.2,184.0,17.75,100.0
2024-08-19 07:00:00,140,1006.6,97.2,0.0,27.3,3.2,253.0,26.35,100.0
2024-08-19 07:15:00,166,1006.6,96.7,0.0,27.5,3.2,311.0,35.4,100.0
2024-08-19 07:30:00,194,1006.6,96.1,0.0,27.7,3.3,264.0,31.26,100.0
2024-08-19 07:45:00,223,1006.6,94.8,0.0,27.9,3.4,360.0,42.36,100.0
2024-08-19 08:00:00,252,1006.6,93.3,0.0,28.3,3.5,472.0,54.71,100.0
2024-08-19 08:15:00,282,1006.7,91.6,0.0,28.6,3.6,279.0,53.84,100.0
2024-08-19 08:30:00,312,1006.7,90.0,0.0,28.8,3.6,631.0,68.7,100.0
2024-08-19 08:45:00,341,1006.7,88.5,0.0,29.1,3.7,714.0,52.86,100.0
2024-08-19 09:00:00,369,1006.7,86.9,0.0,29.3,3.8,748.0,69.7,100.0
2024-08-19 09:15:00,395,1006.7,85.0,0.0,29.6,3.9,803.0,49.8,100.0
2024-08-19 09:30:00,418,1006.7,82.9,0.0,29.8,3.9,332.0,54.56,100.0
2024-08-19 09:45:00,439,1006.7,81.1,0.0,30.0,3.8,286.0,52.82,100.0
2024-08-19 10:00:00,455,1006.7,79.6,0.0,30.2,3.7,335.0,23.86,100.0
2024-08-19 10:15:00,467,1006.7,78.1,0.0,30.3,3.6,131.0,15.28,100.0
2024-08-19 10:30:00,476,1006.7,76.6,0.0,30.4,3.5,138.0,22.9,100.0
2024-08-19 10:45:00,482,1006.7,75.8,0.0,30.5,3.4,404.0,43.33,100.0
2024-08-19 11:00:00,484,1006.7,74.3,0.0,30.7,3.3,353.0,91.99,100.0
2024-08-19 11:15:00,485,1006.7,72.9,0.0,30.8,3.2,286.0,97.83,100.0
2024-08-19 11:30:00,484,1006.7,73.3,0.0,30.8,3.1,366.0,70.47,100.0
2024-08-19 11:45:00,481,1006.7,75.5,0.3,30.6,3.0,231.0,30.45,100.0
2024-08-19 12:00:00,478,1006.7,73.3,0.0,30.7,3.0,259.0,26.57,100.0
2024-08-19 12:15:00,475,1006.7,71.3,0.0,31.0,3.0,802.0,53.61,100.0
2024-08-19 12:30:00,473,1006.7,71.3,0.0,31.1,3.2,1128.0,45.63,100.0
2024-08-19 12:45:00,472,1006.7,70.7,0.0,31.0,3.3,822.0,99.94,100.0
2024-08-19 13:00:00,474,1006.7,70.4,0.0,31.0,3.3,983.0,100.0,100.0
2024-08-19 13:15:00,478,1006.7,70.6,0.1,31.0,3.4,333.0,41.05,100.0
2024-08-19 13:30:00,482,1006.7,74.3,0.0,30.3,3.4,453.0,63.78,100.0
2024-08-19 13:45:00,486,1006.6,76.9,0.1,30.0,3.5,283.0,36.83,100.0
2024-08-19 14:00:00,487,1006.6,76.9,0.2,30.1,3.7,222.0,42.85,100.0
2024-08-19 14:15:00,485,1006.6,76.8,0.0,30.1,3.8,145.0,20.39,100.0
2024-08-19 14:30:00,480,1006.6,76.2,0.1,30.1,4.0,92.0,8.8,100.0
2024-08-19 14:45:00,469,1006.7,77.4,0.1,30.1,4.0,10.0,3.14,100.0
2024-08-19 15:00:00,453,1006.7,78.5,0.0,30.1,4.0,34.0,2.91,100.0
2024-08-19 15:15:00,431,1006.6,79.6,0.0,29.8,4.0,49.0,7.26,100.0
2024-08-19 15:30:00,403,1006.6,78.8,0.0,29.8,4.0,87.0,12.42,100.0
2024-08-19 15:45:00,369,1006.6,77.9,0.1,29.9,4.0,156.0,19.22,100.0
2024-08-19 16:00:00,330,1006.7,78.9,0.1,29.9,4.0,186.0,20.32,100.0
2024-08-19 16:15:00,287,1006.6,80.2,0.0,29.8,4.0,155.0,16.71,100.0
2024-08-19 16:30:00,244,1006.6,81.4,0.1,29.6,3.9,120.0,12.22,100.0
2024-08-19 16:45:00,201,1006.6,81.3,0.0,29.6,3.8,102.0,11.44,100.0
2024-08-19 17:00:00,161,1006.6,80.9,0.0,29.5,3.8,96.0,12.26,100.0
2024-08-19 17:15:00,125,1006.6,82.2,0.0,29.3,3.8,86.0,10.13,100.0
2024-08-19 17:30:00,92,1006.6,84.1,0.0,29.1,3.7,68.0,7.68,100.0
2024-08-19 17:45:00,65,1006.6,84.9,0.1,29.0,3.8,41.0,4.49,100.0
2024-08-19 18:00:00,43,1006.6,85.1,0.1,29.0,3.9,24.0,3.82,100.0
2024-08-19 18:15:00,26,1006.6,85.7,0.0,29.0,3.8,15.0,2.07,100.0
2024-08-19 18:30:00,13,1006.6,85.6,0.0,28.9,3.8,5.0,0.86,100.0
2024-08-19 18:45:00,3,1006.6,87.0,0.0,28.7,3.7,0.0,0.0,100.0
2024-08-19 19:00:00,0,1006.6,86.5,0.0,28.5,3.7,0.0,0.0,100.0
2024-08-19 19:15:00,0,1006.6,85.6,0.0,28.5,3.7,0.0,0.0,100.0
2024-08-19 19:30:00,0,1006.6,85.4,0.0,28.5,3.7,0.0,0.0,100.0
2024-08-19 19:45:00,0,1006.6,85.9,0.0,28.5,3.7,0.0,0.0,100.0
2024-08-19 20:00:00,0,1006.6,86.2,0.0,28.5,3.6,0.0,0.0,100.0
2024-08-19 20:15:00,0,1006.6,86.5,0.0,28.5,3.5,0.0,0.0,100.0
2024-08-19 20:30:00,0,1006.6,87.1,0.0,28.5,3.5,0.0,0.0,100.0
2024-08-19 20:45:00,0,1006.6,88.2,0.0,28.4,3.5,0.0,0.0,100.0
2024-08-19 21:00:00,0,1006.6,88.8,0.0,28.4,3.5,0.0,0.0,100.0
2024-08-19 21:15:00,0,1006.6,88.9,0.0,28.3,3.5,0.0,0.0,100.0
2024-08-19 21:30:00,0,1006.6,89.6,0.0,28.2,3.4,0.0,0.0,100.0
2024-08-19 21:45:00,0,1006.6,90.0,0.0,28.2,3.4,0.0,0.0,100.0
2024-08-19 22:00:00,0,1006.6,90.6,0.0,28.1,3.3,0.0,0.0,100.0
2024-08-19 22:15:00,0,1006.6,91.1,0.0,28.0,3.3,0.0,0.0,100.0
2024-08-19 22:30:00,0,1006.6,91.7,0.0,28.0,3.2,0.0,0.0,100.0
2024-08-19 22:45:00,0,1006.6,92.1,0.0,27.9,3.2,0.0,0.0,100.0
2024-08-19 23:00:00,0,1006.6,92.5,0.0,27.9,3.1,0.0,0.0,100.0
2024-08-19 23:15:00,0,1006.6,92.8,0.0,27.9,3.1,0.0,0.0,100.0
2024-08-19 23:30:00,0,1006.6,93.1,0.0,27.9,3.1,0.0,0.0,100.0
2024-08-19 23:45:00,0,1006.6,93.3,0.0,27.8,3.1,0.0,0.0,100.0
2024-08-20 00:00:00,0,1006.6,92.1,0.0,27.9,2.5,0.0,0.0,100.0
2024-08-20 00:15:00,0,1006.6,92.5,0.0,27.8,2.5,0.0,0.0,100.0
2024-08-20 00:30:00,0,1006.6,93.1,0.0,27.8,2.5,0.0,0.0,100.0
2024-08-20 00:45:00,0,1006.6,93.3,0.0,27.8,2.5,0.0,0.0,100.0
2024-08-20 01:00:00,0,1006.6,93.8,0.0,27.7,2.6,0.0,0.0,100.0
2024-08-20 01:15:00,0,1006.6,94.1,0.0,27.7,2.7,0.0,0.0,100.0
2024-08-20 01:30:00,0,1006.6,94.2,0.0,27.7,2.7,0.0,0.0,100.0
2024-08-20 01:45:00,0,1006.6,94.2,0.0,27.7,2.8,0.0,0.0,100.0
2024-08-20 02:00:00,0,1006.6,94.2,0.0,27.7,2.9,0.0,0.0,100.0
2024-08-20 02:15:00,0,1006.6,94.3,0.0,27.7,3.0,0.0,0.0,100.0
2024-08-20 02:30:00,0,1006.6,94.5,0.0,27.7,3.1,0.0,0.0,100.0
2024-08-20 02:45:00,0,1006.6,94.6,0.0,27.6,3.1,0.0,0.0,100.0
2024-08-20 03:00:00,0,1006.6,94.6,0.0,27.7,3.2,0.0,0.0,100.0
2024-08-20 03:15:00,0,1006.6,94.8,0.0,27.6,3.2,0.0,0.0,100.0
2024-08-20 03:30:00,0,1006.6,94.6,0.0,27.6,3.3,0.0,0.0,100.0
2024-08-20 03:45:00,0,1006.6,95.2,0.0,27.6,3.3,0.0,0.0,100.0
2024-08-20 04:00:00,0,1006.6,95.2,0.0,27.6,3.3,0.0,0.0,100.0
2024-08-20 04:15:00,0,1006.6,95.1,0.0,27.5,3.3,0.0,0.0,100.0
2024-08-20 04:30:00,0,1006.6,94.2,0.0,27.6,3.4,0.0,0.0,100.0
2024-08-20 04:45:00,0,1006.6,93.8,0.0,27.5,3.4,0.0,0.0,100.0
2024-08-20 05:00:00,0,1006.6,93.7,0.0,27.5,3.5,0.0,0.0,100.0
2024-08-20 05:15:00,0,1006.6,93.6,0.0,27.5,3.5,0.0,0.0,100.0
2024-08-20 05:30:00,0,1006.6,93.8,0.0,27.5,3.5,0.0,0.0,100.0
2024-08-20 05:45:00,8,1006.6,94.0,0.0,27.5,3.5,6.0,0.9,100.0
2024-08-20 06:00:00,19,1006.6,94.1,0.0,27.5,3.5,13.0,2.21,100.0
2024-08-20 06:15:00,30,1006.6,93.9,0.0,27.5,3.4,37.0,5.18,100.0
2024-08-20 06:30:00,41,1006.6,93.9,0.1,27.6,3.3,72.0,9.43,100.0
2024-08-20 06:45:00,51,1006.6,93.5,0.2,27.5,3.3,84.0,9.62,100.0
2024-08-20 07:00:00,60,1006.6,93.7,0.1,27.6,3.2,90.0,12.07,100.0
2024-08-20 07:15:00,68,1006.6,93.2,0.0,27.8,3.1,115.0,14.84,100.0
2024-08-20 07:30:00,74,1006.6,92.5,0.1,28.0,3.0,144.0,18.86,100.0
2024-08-20 07:45:00,80,1006.6,92.6,0.2,28.2,3.1,156.0,19.18,100.0
2024-08-20 08:00:00,84,1006.6,91.6,0.2,28.4,3.1,235.0,39.32,100.0
2024-08-20 08:15:00,88,1006.7,90.6,0.0,28.6,3.2,303.0,42.09,100.0
2024-08-20 08:30:00,90,1006.7,90.2,0.0,28.7,3.3,279.0,36.54,100.0
2024-08-20 08:45:00,93,1006.7,89.3,0.0,28.9,3.4,283.0,33.21,100.0
2024-08-20 09:00:00,95,1006.7,88.3,0.0,29.0,3.5,200.0,24.05,100.0
2024-08-20 09:15:00,99,1006.7,87.5,0.0,29.1,3.6,166.0,26.59,100.0
2024-08-20 09:30:00,103,1006.7,87.0,0.0,29.1,3.7,228.0,37.24,100.0
2024-08-20 09:45:00,110,1006.7,87.7,0.0,29.1,3.8,252.0,26.3,100.0
2024-08-20 10:00:00,118,1006.7,87.4,0.1,29.2,3.8,285.0,46.28,100.0
2024-08-20 10:15:00,127,1006.7,87.0,0.0,29.2,3.9,325.0,38.55,100.0
2024-08-20 10:30:00,139,1006.7,86.7,0.0,29.2,4.0,266.0,31.54,100.0
2024-08-20 10:45:00,151,1006.7,86.7,0.0,29.1,4.1,345.0,49.62,100.0
2024-08-20 11:00:00,164,1006.7,87.4,0.1,28.9,4.2,311.0,30.02,100.0
2024-08-20 11:15:00,178,1006.7,88.6,0.2,28.6,4.3,203.0,23.9,100.0
2024-08-20 11:30:00,192,1006.6,88.7,0.0,28.5,4.4,191.0,28.79,100.0
2024-08-20 11:45:00,205,1006.6,88.0,0.1,28.5,4.5,205.0,31.28,100.0
2024-08-20 12:00:00,218,1006.6,87.2,0.0,28.6,4.5,326.0,46.4,100.0
2024-08-20 12:15:00,229,1006.6,86.3,0.0,28.7,4.5,160.0,18.46,100.0
2024-08-20 12:30:00,239,1006.6,87.0,0.0,28.7,4.6,226.0,29.86,100.0
2024-08-20 12:45:00,247,1006.6,87.1,0.0,28.6,4.6,223.0,42.2,100.0
2024-08-20 13:00:00,255,1006.6,86.9,0.1,28.7,4.6,257.0,40.28,100.0
2024-08-20 13:15:00,263,1006.6,87.6,0.0,28.7,4.7,454.0,68.64,100.0
2024-08-20 13:30:00,269,1006.6,87.0,0.0,28.8,4.6,293.0,44.58,100.0
2024-08-20 13:45:00,275,1006.6,87.7,0.0,28.6,4.6,301.0,38.82,100.0
2024-08-20 14:00:00,279,1006.6,87.0,0.0,28.4,4.6,266.0,31.65,100.0
2024-08-20 14:15:00,280,1006.6,86.5,0.1,28.3,4.6,219.0,32.6,100.0
2024-08-20 14:30:00,279,1006.6,86.9,0.0,28.3,4.6,244.0,41.04,100.0
2024-08-20 14:45:00,276,1006.6,86.4,0.0,28.4,4.5,306.0,25.7,100.0
2024-08-20 15:00:00,269,1006.6,85.6,0.0,28.5,4.4,267.0,34.41,100.0
2024-08-20 15:15:00,259,1006.6,84.4,0.0,28.6,4.2,336.0,39.67,100.0
2024-08-20 15:30:00,246,1006.6,83.5,0.0,28.7,4.1,382.0,36.36,100.0
2024-08-20 15:45:00,231,1006.6,83.5,0.0,28.7,3.9,242.0,32.41,100.0
2024-08-20 16:00:00,212,1006.6,83.6,0.0,28.7,3.8,211.0,28.67,100.0
2024-08-20 16:15:00,191,1006.6,84.0,0.0,28.7,3.7,320.0,41.66,100.0
2024-08-20 16:30:00,169,1006.6,84.3,0.0,28.6,3.6,267.0,47.09,100.0
2024-08-20 16:45:00,147,1006.6,84.7,0.0,28.6,3.6,474.0,25.4,100.0
2024-08-20 17:00:00,125,1006.6,85.6,0.0,28.6,3.5,205.0,27.47,100.0
2024-08-20 17:15:00,104,1006.6,86.6,0.0,28.5,3.5,219.0,22.31,100.0
2024-08-20 17:30:00,83,1006.6,86.9,0.0,28.5,3.5,205.0,9.48,100.0
2024-08-20 17:45:00,65,1006.6,86.4,0.0,28.5,3.5,79.0,8.67,100.0
2024-08-20 18:00:00,47,1006.6,86.4,0.0,28.5,3.5,68.0,9.19,100.0
2024-08-20 18:15:00,32,1006.6,87.1,0.0,28.4,3.5,26.0,3.42,100.0
2024-08-20 18:30:00,17,1006.6,87.6,0.0,28.3,3.5,12.0,1.75,100.0
2024-08-20 18:45:00,4,1006.6,87.8,0.0,28.3,3.5,0.0,0.0,100.0
2024-08-20 19:00:00,0,1006.6,87.8,0.0,28.2,3.5,0.0,0.0,100.0
2024-08-20 19:15:00,0,1006.6,88.4,0.0,28.2,3.5,0.0,0.0,100.0
2024-08-20 19:30:00,0,1006.6,88.9,0.0,28.1,3.4,0.0,0.0,100.0
2024-08-20 19:45:00,0,1006.6,89.4,0.0,28.1,3.4,0.0,0.0,100.0
2024-08-20 20:00:00,0,1006.6,90.3,0.0,28.0,3.4,0.0,0.0,100.0
2024-08-20 20:15:00,0,1006.6,91.0,0.0,28.0,3.4,0.0,0.0,100.0
2024-08-20 20:30:00,0,1006.6,91.6,0.0,27.9,3.4,0.0,0.0,100.0
2024-08-20 20:45:00,0,1006.6,92.0,0.0,27.9,3.4,0.0,0.0,100.0
2024-08-20 21:00:00,0,1006.6,92.1,0.0,27.9,3.4,0.0,0.0,100.0
2024-08-20 21:15:00,0,1006.6,92.1,0.0,27.9,3.4,0.0,0.0,100.0
2024-08-20 21:30:00,0,1006.6,92.2,0.0,27.9,3.4,0.0,0.0,100.0
2024-08-20 21:45:00,0,1006.6,92.6,0.0,27.9,3.3,0.0,0.0,100.0
2024-08-20 22:00:00,0,1006.6,92.9,0.0,27.8,3.2,0.0,0.0,100.0
2024-08-20 22:15:00,0,1006.6,93.1,0.0,27.8,3.2,0.0,0.0,100.0
2024-08-20 22:30:00,0,1006.6,93.2,0.1,27.9,3.1,0.0,0.0,100.0
2024-08-20 22:45:00,0,1006.6,93.1,0.0,27.9,3.1,0.0,0.0,100.0
2024-08-20 23:00:00,0,1006.6,93.2,0.0,27.9,3.0,0.0,0.0,100.0
2024-08-20 23:15:00,0,1006.6,93.5,0.0,27.9,3.0,0.0,0.0,100.0
2024-08-20 23:30:00,0,1006.6,93.7,0.0,27.9,2.9,0.0,0.0,100.0
2024-08-20 23:45:00,0,1006.6,93.8,0.0,27.9,2.8,0.0,0.0,100.0
2024-08-21 00:00:00,0,1006.6,95.8,0.0,27.4,2.5,0.0,0.0,100.0
2024-08-21 00:15:00,0,1006.6,96.0,0.0,27.4,2.5,0.0,0.0,100.0
2024-08-21 00:30:00,0,1006.6,96.4,0.0,27.3,2.4,0.0,0.0,100.0
2024-08-21 00:45:00,0,1006.6,96.8,0.0,27.3,2.4,0.0,0.0,100.0
2024-08-21 01:00:00,0,1006.6,97.5,0.0,27.2,2.3,0.0,0.0,100.0
2024-08-21 01:15:00,0,1006.6,97.4,0.0,27.2,2.3,0.0,0.0,100.0
2024-08-21 01:30:00,0,1006.6,97.2,0.0,27.2,2.2,0.0,0.0,100.0
2024-08-21 01:45:00,0,1006.6,97.4,0.0,27.2,2.2,0.0,0.0,100.0
2024-08-21 02:00:00,0,1006.6,97.8,0.0,27.2,2.2,0.0,0.0,100.0
2024-08-21 02:15:00,0,1006.6,98.3,0.0,27.1,2.1,0.0,0.0,100.0
2024-08-21 02:30:00,0,1006.6,98.6,0.0,27.1,2.0,0.0,0.0,100.0
2024-08-21 02:45:00,0,1006.6,98.6,0.0,27.1,2.0,0.0,0.0,100.0
2024-08-21 03:00:00,0,1006.6,98.7,0.0,27.2,1.9,0.0,0.0,100.0
2024-08-21 03:15:00,0,1006.6,98.1,0.0,27.2,1.9,0.0,0.0,100.0
2024-08-21 03:30:00,0,1006.6,98.5,0.0,27.2,1.9,0.0,0.0,100.0
2024-08-21 03:45:00,0,1006.6,98.4,0.0,27.2,1.9,0.0,0.0,100.0
2024-08-21 04:00:00,0,1006.6,98.1,0.0,27.2,1.9,0.0,0.0,100.0
2024-08-21 04:15:00,0,1006.6,98.1,0.0,27.2,1.9,0.0,0.0,100.0
2024-08-21 04:30:00,0,1006.6,98.1,0.0,27.2,2.0,0.0,0.0,100.0
2024-08-21 04:45:00,0,1006.6,98.2,0.0,27.2,2.0,0.0,0.0,100.0
2024-08-21 05:00:00,0,1006.6,98.1,0.0,27.2,2.0,0.0,0.0,100.0
2024-08-21 05:15:00,0,1006.6,98.5,0.0,27.1,2.1,0.0,0.0,100.0
2024-08-21 05:30:00,0,1006.6,98.8,0.0,27.1,2.1,0.0,0.0,100.0
2024-08-21 05:45:00,16,1006.6,99.3,0.0,27.0,2.1,4.0,0.76,100.0
2024-08-21 06:00:00,41,1006.6,99.3,0.0,26.9,2.2,8.0,1.27,100.0
2024-08-21 06:15:00,65,1006.6,99.4,0.0,26.9,2.3,18.0,2.14,100.0
2024-08-21 06:30:00,90,1006.6,99.2,0.0,26.9,2.3,29.0,3.87,100.0
2024-08-21 06:45:00,117,1006.6,99.4,0.0,26.8,2.2,38.0,4.21,100.0
2024-08-21 07:00:00,145,1006.6,99.8,0.0,26.8,2.2,55.0,6.14,100.0
2024-08-21 07:15:00,174,1006.6,99.7,0.0,26.8,2.3,313.0,21.93,100.0
2024-08-21 07:30:00,206,1006.6,99.5,0.0,26.8,2.3,349.0,37.57,100.0
2024-08-21 07:45:00,238,1006.6,99.3,0.0,27.0,2.4,371.0,45.69,100.0
2024-08-21 08:00:00,273,1006.6,98.6,0.0,27.1,2.4,430.0,52.96,100.0
2024-08-21 08:15:00,308,1006.6,97.8,0.0,27.2,2.4,544.0,37.36,100.0
2024-08-21 08:30:00,345,1006.6,96.7,0.0,27.4,2.4,420.0,33.05,100.0
2024-08-21 08:45:00,381,1006.6,94.5,0.0,27.7,2.5,505.0,54.56,100.0
2024-08-21 09:00:00,418,1006.6,92.0,0.0,28.0,2.7,634.0,77.14,100.0
2024-08-21 09:15:00,453,1006.6,90.0,0.0,28.2,2.9,666.0,83.99,100.0
2024-08-21 09:30:00,487,1006.6,88.2,0.0,28.3,3.0,762.0,92.98,100.0
2024-08-21 09:45:00,520,1006.6,87.0,0.0,28.5,3.1,787.0,56.09,100.0
2024-08-21 10:00:00,551,1006.6,86.7,0.0,28.5,3.2,805.0,56.86,100.0
2024-08-21 10:15:00,581,1006.6,86.6,0.0,28.6,3.2,854.0,51.11,100.0
2024-08-21 10:30:00,610,1006.6,86.7,0.0,28.6,3.3,532.0,81.66,100.0
2024-08-21 10:45:00,637,1006.6,86.6,0.0,28.6,3.4,878.0,98.61,100.0
2024-08-21 11:00:00,661,1006.6,86.8,0.0,28.6,3.5,888.0,98.92,100.0
2024-08-21 11:15:00,683,1006.6,87.0,0.0,28.7,3.5,902.0,100.0,100.0
2024-08-21 11:30:00,701,1006.6,86.7,0.0,28.8,3.6,934.0,100.0,100.0
2024-08-21 11:45:00,716,1006.6,86.7,0.0,28.9,3.6,958.0,100.0,100.0
2024-08-21 12:00:00,726,1006.6,87.4,0.0,28.8,3.6,943.0,100.0,100.0
2024-08-21 12:15:00,732,1006.6,87.6,0.0,28.8,3.7,959.0,99.45,100.0
2024-08-21 12:30:00,733,1006.6,87.2,0.0,28.8,3.7,959.0,99.47,100.0
2024-08-21 12:45:00,728,1006.6,87.1,0.0,28.9,3.8,1010.0,97.92,100.0
2024-08-21 13:00:00,720,1006.6,87.0,0.0,28.9,3.8,945.0,88.99,100.0
2024-08-21 13:15:00,707,1006.6,86.4,0.0,28.9,3.8,897.0,98.58,100.0
2024-08-21 13:30:00,690,1006.6,85.7,0.0,29.0,3.8,857.0,96.54,100.0
2024-08-21 13:45:00,670,1006.6,85.7,0.0,29.0,3.8,820.0,94.28,100.0
2024-08-21 14:00:00,646,1006.6,85.5,0.1,29.0,3.8,780.0,98.75,100.0
2024-08-21 14:15:00,618,1006.6,85.0,0.1,29.0,3.7,769.0,93.24,100.0
2024-08-21 14:30:00,587,1006.6,84.7,0.2,29.0,3.7,735.0,94.26,100.0
2024-08-21 14:45:00,554,1006.6,83.9,0.1,29.1,3.6,750.0,84.17,100.0
2024-08-21 15:00:00,518,1006.6,82.7,0.0,29.1,3.5,697.0,84.59,100.0
2024-08-21 15:15:00,480,1006.6,82.3,0.0,29.2,3.4,595.0,54.17,100.0
2024-08-21 15:30:00,440,1006.6,81.5,0.0,29.3,3.4,641.0,75.54,100.0
2024-08-21 15:45:00,399,1006.6,81.0,0.1,29.3,3.3,558.0,66.75,100.0
2024-08-21 16:00:00,355,1006.6,80.8,0.1,29.3,3.2,469.0,52.0,100.0
2024-08-21 16:15:00,310,1006.6,80.9,0.0,29.3,3.1,481.0,54.78,100.0
2024-08-21 16:30:00,265,1006.6,81.0,0.0,29.4,3.0,289.0,44.46,100.0
2024-08-21 16:45:00,222,1006.6,80.9,0.0,29.4,2.9,414.0,31.95,100.0
2024-08-21 17:00:00,181,1006.6,80.7,0.0,29.4,2.9,300.0,18.73,100.0
2024-08-21 17:15:00,144,1006.6,80.7,0.0,29.4,2.8,115.0,10.56,100.0
2024-08-21 17:30:00,110,1006.6,80.5,0.0,29.4,2.7,123.0,18.08,100.0
2024-08-21 17:45:00,81,1006.6,80.7,0.0,29.3,2.6,175.0,17.01,100.0
2024-08-21 18:00:00,56,1006.6,80.8,0.0,29.3,2.6,95.0,9.12,100.0
2024-08-21 18:15:00,35,1006.6,81.0,0.0,29.2,2.5,58.0,6.5,100.0
2024-08-21 18:30:00,18,1006.6,81.0,0.0,29.2,2.4,27.0,3.24,100.0
2024-08-21 18:45:00,3,1006.6,81.2,0.0,29.1,2.4,0.0,0.0,100.0
2024-08-21 19:00:00,0,1006.6,81.9,0.0,29.1,2.3,0.0,0.0,100.0
2024-08-21 19:15:00,0,1006.6,82.4,0.0,29.0,2.2,0.0,0.0,100.0
2024-08-21 19:30:00,0,1006.6,82.9,0.0,28.9,2.2,0.0,0.0,100.0
2024-08-21 19:45:00,0,1006.6,83.1,0.0,28.9,2.1,0.0,0.0,100.0
2024-08-21 20:00:00,0,1006.6,82.9,0.0,28.8,2.1,0.0,0.0,100.0
2024-08-21 20:15:00,0,1006.6,83.0,0.0,28.7,2.1,0.0,0.0,100.0
2024-08-21 20:30:00,0,1006.6,83.5,0.0,28.6,2.0,0.0,0.0,100.0
2024-08-21 20:45:00,0,1006.6,84.3,0.0,28.5,2.0,0.0,0.0,100.0
2024-08-21 21:00:00,0,1006.6,84.9,0.0,28.4,1.9,0.0,0.0,100.0
2024-08-21 21:15:00,0,1006.6,85.3,0.0,28.3,1.9,0.0,0.0,100.0
2024-08-21 21:30:00,0,1006.6,85.5,0.0,28.2,1.8,0.0,0.0,100.0
2024-08-21 21:45:00,0,1006.6,85.9,0.0,28.1,1.7,0.0,0.0,100.0
2024-08-21 22:00:00,0,1006.6,86.4,0.0,28.1,1.7,0.0,0.0,100.0
2024-08-21 22:15:00,0,1006.6,86.9,0.0,28.0,1.6,0.0,0.0,100.0
2024-08-21 22:30:00,0,1006.6,87.2,0.0,27.9,1.5,0.0,0.0,100.0
2024-08-21 22:45:00,0,1006.6,87.4,0.0,27.9,1.5,0.0,0.0,100.0
2024-08-21 23:00:00,0,1006.6,88.0,0.0,27.8,1.5,0.0,0.0,100.0
2024-08-21 23:15:00,0,1006.6,88.6,0.0,27.7,1.5,0.0,0.0,100.0
2024-08-21 23:30:00,0,1006.6,89.2,0.0,27.7,1.5,0.0,0.0,100.0
2024-08-21 23:45:00,0,1006.6,89.8,0.0,27.6,1.6,0.0,0.0,100.0
2024-08-22 00:00:00,0,1006.6,92.7,0.0,27.0,1.6,0.0,0.0,100.0
2024-08-22 00:15:00,0,1006.6,92.6,0.0,26.9,1.6,0.0,0.0,100.0
2024-08-22 00:30:00,0,1006.6,92.4,0.0,26.9,1.6,0.0,0.0,100.0
2024-08-22 00:45:00,0,1006.6,92.3,0.0,26.8,1.7,0.0,0.0,100.0
2024-08-22 01:00:00,0,1006.6,92.5,0.0,26.8,1.7,0.0,0.0,100.0
2024-08-22 01:15:00,0,1006.6,92.7,0.0,26.7,1.8,0.0,0.0,100.0
2024-08-22 01:30:00,0,1006.6,92.9,0.0,26.7,1.8,0.0,0.0,100.0
2024-08-22 01:45:00,0,1006.6,93.1,0.0,26.6,1.8,0.0,0.0,100.0
2024-08-22 02:00:00,0,1006.6,93.5,0.0,26.6,1.8,0.0,0.0,100.0
2024-08-22 02:15:00,0,1006.6,93.9,0.0,26.5,1.8,0.0,0.0,100.0
2024-08-22 02:30:00,0,1006.6,94.1,0.0,26.5,1.8,0.0,0.0,100.0
2024-08-22 02:45:00,0,1006.6,94.5,0.0,26.5,1.8,0.0,0.0,100.0
2024-08-22 03:00:00,0,1006.6,94.9,0.0,26.4,1.9,0.0,0.0,100.0
2024-08-22 03:15:00,0,1006.6,95.2,0.0,26.4,1.9,0.0,0.0,100.0
2024-08-22 03:30:00,0,1006.6,95.5,0.0,26.3,1.9,0.0,0.0,100.0
2024-08-22 03:45:00,0,1006.6,95.6,0.0,26.3,2.0,0.0,0.0,100.0
2024-08-22 04:00:00,0,1006.6,95.7,0.0,26.2,2.0,0.0,0.0,100.0
2024-08-22 04:15:00,0,1006.6,95.7,0.0,26.2,2.1,0.0,0.0,100.0
2024-08-22 04:30:00,0,1006.6,95.7,0.0,26.2,2.1,0.0,0.0,100.0
2024-08-22 04:45:00,0,1006.6,95.7,0.0,26.1,2.2,0.0,0.0,100.0
2024-08-22 05:00:00,0,1006.6,95.8,0.0,26.1,2.2,0.0,0.0,100.0
2024-08-22 05:15:00,0,1006.6,95.9,0.0,26.1,2.2,0.0,0.0,100.0
2024-08-22 05:30:00,0,1006.6,96.1,0.0,26.1,2.2,0.0,0.0,100.0
2024-08-22 05:45:00,17,1006.6,96.3,0.0,26.1,2.2,12.0,1.63,100.0
2024-08-22 06:00:00,45,1006.6,96.6,0.0,26.1,2.1,22.0,2.61,100.0
2024-08-22 06:15:00,74,1006.6,96.5,0.0,26.1,2.1,35.0,4.76,100.0
2024-08-22 06:30:00,103,1006.6,96.3,0.0,26.2,2.1,104.0,9.6,100.0
2024-08-22 06:45:00,135,1006.6,95.9,0.0,26.3,2.0,142.0,15.55,100.0
2024-08-22 07:00:00,169,1006.6,95.2,0.0,26.4,2.0,178.0,20.61,100.0
2024-08-22 07:15:00,206,1006.6,94.3,0.0,26.6,2.0,169.0,30.55,100.0
2024-08-22 07:30:00,246,1006.6,93.2,0.0,26.9,2.0,289.0,35.61,100.0
2024-08-22 07:45:00,289,1006.6,91.6,0.0,27.2,2.0,486.0,34.15,100.0
2024-08-22 08:00:00,334,1006.6,90.3,0.0,27.5,2.0,317.0,34.04,100.0
2024-08-22 08:15:00,382,1006.6,88.7,0.0,27.8,2.1,273.0,21.63,100.0
2024-08-22 08:30:00,430,1006.6,86.4,0.0,28.2,2.1,306.0,12.02,100.0
2024-08-22 08:45:00,479,1006.6,84.6,0.0,28.6,2.2,76.0,19.34,100.0
2024-08-22 09:00:00,527,1006.6,83.0,0.0,28.8,2.2,478.0,64.14,100.0
2024-08-22 09:15:00,573,1006.6,81.5,0.0,29.0,2.3,302.0,46.4,100.0
2024-08-22 09:30:00,615,1006.6,80.5,0.0,29.1,2.4,624.0,69.94,100.0
2024-08-22 09:45:00,653,1006.6,80.1,0.0,29.1,2.6,727.0,72.72,100.0
2024-08-22 10:00:00,686,1006.6,80.4,0.0,29.2,2.7,679.0,83.78,100.0
2024-08-22 10:15:00,714,1006.6,81.0,0.0,29.1,2.8,742.0,78.44,100.0
2024-08-22 10:30:00,739,1006.6,81.3,0.0,29.2,2.9,805.0,85.55,100.0
2024-08-22 10:45:00,759,1006.6,80.7,0.0,29.2,3.0,829.0,88.4,100.0
2024-08-22 11:00:00,775,1006.6,80.7,0.0,29.2,3.0,872.0,75.68,100.0
2024-08-22 11:15:00,787,1006.6,81.0,0.0,29.2,3.0,831.0,96.75,100.0
2024-08-22 11:30:00,795,1006.6,80.5,0.0,29.3,3.1,844.0,99.68,100.0
2024-08-22 11:45:00,799,1006.6,80.1,0.0,29.3,3.1,888.0,91.97,100.0
2024-08-22 12:00:00,799,1006.6,79.7,0.0,29.3,3.1,894.0,100.0,100.0
2024-08-22 12:15:00,796,1006.6,79.5,0.0,29.3,3.0,896.0,99.65,100.0
2024-08-22 12:30:00,790,1006.6,79.1,0.0,29.4,3.0,826.0,99.77,100.0
2024-08-22 12:45:00,782,1006.6,78.5,0.0,29.4,2.9,895.0,99.62,100.0
2024-08-22 13:00:00,771,1006.6,77.8,0.0,29.5,2.8,877.0,98.36,100.0
2024-08-22 13:15:00,758,1006.6,77.2,0.0,29.5,2.8,818.0,94.85,100.0
2024-08-22 13:30:00,742,1006.6,76.2,0.0,29.6,2.7,743.0,93.62,100.0
2024-08-22 13:45:00,723,1006.6,75.0,0.0,29.6,2.6,712.0,86.35,100.0
2024-08-22 14:00:00,701,1006.6,74.2,0.0,29.7,2.5,669.0,86.54,100.0
2024-08-22 14:15:00,675,1006.6,73.4,0.0,29.7,2.4,633.0,87.78,100.0
2024-08-22 14:30:00,646,1006.6,72.2,0.0,29.8,2.4,671.0,84.06,100.0
2024-08-22 14:45:00,613,1006.6,70.7,0.0,29.9,2.3,623.0,78.38,100.0
2024-08-22 15:00:00,576,1006.6,69.3,0.0,29.9,2.2,609.0,74.66,100.0
2024-08-22 15:15:00,536,1006.6,67.9,0.0,30.0,2.1,532.0,67.57,100.0
2024-08-22 15:30:00,493,1006.6,66.7,0.0,30.1,2.1,530.0,61.6,100.0
2024-08-22 15:45:00,447,1006.6,65.5,0.0,30.1,2.0,469.0,54.67,100.0
2024-08-22 16:00:00,398,1006.6,64.2,0.0,30.2,1.9,380.0,47.33,100.0
2024-08-22 16:15:00,347,1006.6,63.2,0.0,30.3,1.8,384.0,42.21,100.0
2024-08-22 16:30:00,296,1006.6,62.5,0.0,30.4,1.8,317.0,34.49,100.0
2024-08-22 16:45:00,246,1006.6,62.1,0.0,30.4,1.7,226.0,27.74,100.0
2024-08-22 17:00:00,200,1006.6,62.0,0.0,30.5,1.6,209.0,22.34,100.0
2024-08-22 17:15:00,157,1006.6,62.2,0.0,30.5,1.6,159.0,18.5,100.0
2024-08-22 17:30:00,120,1006.6,62.5,0.0,30.5,1.6,120.0,13.5,100.0
2024-08-22 17:45:00,87,1006.7,63.2,0.0,30.4,1.5,84.0,8.85,100.0
2024-08-22 18:00:00,59,1006.7,64.2,0.0,30.4,1.5,57.0,6.54,100.0
2024-08-22 18:15:00,36,1006.7,65.4,0.0,30.3,1.5,33.0,3.83,100.0
2024-08-22 18:30:00,18,1006.7,66.8,0.0,30.1,1.6,9.0,1.6,100.0
2024-08-22 18:45:00,2,1006.7,68.4,0.0,30.0,1.6,0.0,0.0,100.0
2024-08-22 19:00:00,0,1006.7,70.0,0.0,29.8,1.6,0.0,0.0,100.0
2024-08-22 19:15:00,0,1006.7,71.2,0.0,29.7,1.7,0.0,0.0,100.0
2024-08-22 19:30:00,0,1006.7,72.1,0.0,29.6,1.8,0.0,0.0,100.0
2024-08-22 19:45:00,0,1006.7,72.9,0.0,29.4,1.8,0.0,0.0,100.0
2024-08-22 20:00:00,0,1006.7,73.5,0.0,29.3,1.9,0.0,0.0,100.0
2024-08-22 20:15:00,0,1006.7,74.1,0.0,29.1,2.0,0.0,0.0,100.0
2024-08-22 20:30:00,0,1006.7,74.8,0.0,29.0,2.1,0.0,0.0,100.0
2024-08-22 20:45:00,0,1006.7,75.8,0.0,28.9,2.1,0.0,0.0,100.0
2024-08-22 21:00:00,0,1006.7,76.8,0.0,28.7,2.2,0.0,0.0,100.0
2024-08-22 21:15:00,0,1006.7,77.3,0.0,28.6,2.3,0.0,0.0,100.0
2024-08-22 21:30:00,0,1006.6,77.4,0.0,28.6,2.4,0.0,0.0,100.0
2024-08-22 21:45:00,0,1006.6,78.0,0.0,28.5,2.4,0.0,0.0,100.0
2024-08-22 22:00:00,0,1006.6,79.2,0.0,28.3,2.5,0.0,0.0,100.0
2024-08-22 22:15:00,0,1006.6,80.5,0.0,28.2,2.6,0.0,0.0,100.0
2024-08-22 22:30:00,0,1006.6,81.6,0.0,28.1,2.7,0.0,0.0,100.0
2024-08-22 22:45:00,0,1006.6,82.7,0.0,28.0,2.8,0.0,0.0,100.0
2024-08-22 23:00:00,0,1006.6,83.9,0.0,27.9,2.8,0.0,0.0,100.0
2024-08-22 23:15:00,0,1006.6,84.9,0.0,27.8,2.9,0.0,0.0,100.0
2024-08-22 23:30:00,0,1006.6,85.7,0.0,27.7,2.9,0.0,0.0,100.0
2024-08-22 23:45:00,0,1006.6,86.5,0.0,27.6,2.9,0.0,0.0,100.0
2024-08-23 00:00:00,0,1006.6,88.3,0.0,27.6,2.8,0.0,0.0,100.0
2024-08-23 00:15:00,0,1006.6,88.9,0.0,27.5,2.8,0.0,0.0,100.0
2024-08-23 00:30:00,0,1006.6,89.6,0.0,27.4,2.7,0.0,0.0,100.0
2024-08-23 00:45:00,0,1006.6,90.3,0.0,27.3,2.7,0.0,0.0,100.0
2024-08-23 01:00:00,0,1006.6,90.8,0.0,27.3,2.7,0.0,0.0,100.0
2024-08-23 01:15:00,0,1006.6,91.1,0.0,27.3,2.6,0.0,0.0,100.0
2024-08-23 01:30:00,0,1006.6,91.4,0.0,27.2,2.6,0.0,0.0,100.0
2024-08-23 01:45:00,0,1006.6,91.7,0.0,27.2,2.6,0.0,0.0,100.0
2024-08-23 02:00:00,0,1006.6,92.0,0.0,27.1,2.5,0.0,0.0,100.0
2024-08-23 02:15:00,0,1006.6,92.2,0.0,27.0,2.5,0.0,0.0,100.0
2024-08-23 02:30:00,0,1006.6,92.3,0.0,27.0,2.5,0.0,0.0,100.0
2024-08-23 02:45:00,0,1006.6,92.4,0.0,27.0,2.5,0.0,0.0,100.0
2024-08-23 03:00:00,0,1006.6,92.6,0.0,26.9,2.5,0.0,0.0,100.0
2024-08-23 03:15:00,0,1006.6,92.7,0.0,26.9,2.5,0.0,0.0,100.0
2024-08-23 03:30:00,0,1006.6,92.8,0.0,26.9,2.5,0.0,0.0,100.0
2024-08-23 03:45:00,0,1006.6,93.0,0.0,26.8,2.5,0.0,0.0,100.0
2024-08-23 04:00:00,0,1006.6,93.1,0.0,26.8,2.5,0.0,0.0,100.0
2024-08-23 04:15:00,0,1006.6,93.2,0.0,26.8,2.5,0.0,0.0,100.0
2024-08-23 04:30:00,0,1006.6,93.4,0.0,26.8,2.5,0.0,0.0,100.0
2024-08-23 04:45:00,0,1006.6,93.6,0.0,26.7,2.5,0.0,0.0,100.0
2024-08-23 05:00:00,0,1006.6,93.8,0.0,26.7,2.5,0.0,0.0,100.0
2024-08-23 05:15:00,0,1006.6,93.9,0.0,26.7,2.5,0.0,0.0,100.0
2024-08-23 05:30:00,0,1006.6,94.0,0.0,26.6,2.5,0.0,0.0,100.0
2024-08-23 05:45:00,16,1006.6,94.1,0.0,26.6,2.5,14.0,1.93,100.0
2024-08-23 06:00:00,44,1006.6,94.2,0.0,26.6,2.4,32.0,3.61,100.0
2024-08-23 06:15:00,73,1006.6,94.2,0.0,26.6,2.4,59.0,6.65,100.0
2024-08-23 06:30:00,103,1006.6,94.0,0.0,26.7,2.3,94.0,9.92,100.0
2024-08-23 06:45:00,134,1006.6,93.6,0.0,26.9,2.3,137.0,14.24,100.0
2024-08-23 07:00:00,168,1006.6,92.9,0.0,27.1,2.3,179.0,19.12,100.0
2024-08-23 07:15:00,204,1006.7,91.9,0.0,27.4,2.2,231.0,24.89,100.0
2024-08-23 07:30:00,244,1006.7,90.4,0.0,27.8,2.1,277.0,30.71,100.0
2024-08-23 07:45:00,286,1006.7,88.7,0.0,28.2,2.0,328.0,37.99,100.0
2024-08-23 08:00:00,331,1006.7,87.1,0.0,28.4,1.9,385.0,44.09,100.0
2024-08-23 08:15:00,377,1006.7,86.0,0.0,28.7,1.8,423.0,50.8,100.0
2024-08-23 08:30:00,425,1006.7,84.4,0.0,29.0,1.8,454.0,57.17,100.0
2024-08-23 08:45:00,473,1006.7,82.6,0.0,29.2,1.7,518.0,62.82,100.0
2024-08-23 09:00:00,520,1006.7,80.8,0.0,29.5,1.6,552.0,66.32,100.0
2024-08-23 09:15:00,565,1006.7,78.9,0.0,29.7,1.6,600.0,71.4,100.0
2024-08-23 09:30:00,606,1006.7,77.0,0.0,29.9,1.6,620.0,76.49,100.0
2024-08-23 09:45:00,643,1006.7,75.2,0.0,30.1,1.6,649.0,73.39,100.0
2024-08-23 10:00:00,676,1006.7,74.7,0.0,30.2,1.7,702.0,88.0,100.0
2024-08-23 10:15:00,706,1006.7,74.8,0.0,30.3,1.8,748.0,76.49,100.0
2024-08-23 10:30:00,731,1006.7,73.7,0.0,30.4,1.9,753.0,68.87,100.0
2024-08-23 10:45:00,752,1006.7,72.6,0.0,30.5,2.0,643.0,50.77,100.0
2024-08-23 11:00:00,770,1006.7,72.3,0.0,30.5,2.2,767.0,63.91,100.0
2024-08-23 11:15:00,783,1006.7,72.1,0.0,30.5,2.3,781.0,98.23,100.0
2024-08-23 11:30:00,792,1006.7,72.4,0.0,30.5,2.5,842.0,98.37,100.0
2024-08-23 11:45:00,797,1006.7,72.7,0.0,30.5,2.6,820.0,98.32,100.0
2024-08-23 12:00:00,799,1006.7,73.2,0.0,30.5,2.7,876.0,99.95,100.0
2024-08-23 12:15:00,797,1006.7,74.1,0.0,30.5,2.8,876.0,99.84,100.0
2024-08-23 12:30:00,792,1006.7,74.0,0.0,30.5,2.9,850.0,99.88,100.0
2024-08-23 12:45:00,784,1006.7,73.5,0.0,30.5,3.1,860.0,99.86,100.0
2024-08-23 13:00:00,774,1006.7,73.3,0.0,30.5,3.2,837.0,99.87,100.0
2024-08-23 13:15:00,762,1006.7,73.5,0.0,30.5,3.3,830.0,99.74,100.0
2024-08-23 13:30:00,746,1006.7,73.8,0.0,30.5,3.3,803.0,99.49,100.0
2024-08-23 13:45:00,727,1006.7,73.7,0.0,30.5,3.3,773.0,98.33,100.0
2024-08-23 14:00:00,705,1006.7,73.3,0.0,30.5,3.4,752.0,95.64,100.0
2024-08-23 14:15:00,679,1006.7,72.6,0.0,30.6,3.4,722.0,90.1,100.0
2024-08-23 14:30:00,650,1006.7,72.3,0.0,30.6,3.4,674.0,85.96,100.0
2024-08-23 14:45:00,616,1006.7,72.0,0.0,30.6,3.4,639.0,79.83,100.0
2024-08-23 15:00:00,579,1006.7,71.7,0.0,30.6,3.5,607.0,76.31,100.0
2024-08-23 15:15:00,539,1006.7,71.7,0.0,30.6,3.5,572.0,68.9,100.0
2024-08-23 15:30:00,496,1006.7,71.4,0.0,30.6,3.4,531.0,64.42,100.0
2024-08-23 15:45:00,449,1006.7,70.8,0.0,30.7,3.4,489.0,56.23,100.0
2024-08-23 16:00:00,399,1006.7,70.5,0.0,30.7,3.4,447.0,50.67,100.0
2024-08-23 16:15:00,347,1006.7,70.5,0.0,30.6,3.4,381.0,42.9,100.0
2024-08-23 16:30:00,296,1006.7,70.5,0.0,30.6,3.3,334.0,35.62,100.0
2024-08-23 16:45:00,246,1006.7,70.7,0.0,30.6,3.3,273.0,26.96,100.0
2024-08-23 17:00:00,199,1006.7,70.9,0.0,30.6,3.2,243.0,25.85,100.0
2024-08-23 17:15:00,156,1006.7,71.2,0.0,30.5,3.2,187.0,19.56,100.0
2024-08-23 17:30:00,118,1006.7,71.5,0.0,30.5,3.1,153.0,15.48,100.0
2024-08-23 17:45:00,85,1006.7,72.0,0.0,30.4,3.0,99.0,9.6,100.0
2024-08-23 18:00:00,58,1006.7,72.8,0.0,30.3,2.9,63.0,6.61,100.0
2024-08-23 18:15:00,35,1006.7,73.9,0.0,30.2,2.9,29.0,3.52,100.0
2024-08-23 18:30:00,16,1006.7,75.4,0.0,30.0,2.8,12.0,1.63,100.0
2024-08-23 18:45:00,2,1006.7,77.2,0.0,29.9,2.8,0.0,0.0,100.0
2024-08-23 19:00:00,0,1006.7,78.7,0.0,29.8,2.8,0.0,0.0,100.0
2024-08-23 19:15:00,0,1006.7,79.5,0.0,29.7,2.7,0.0,0.0,100.0
2024-08-23 19:30:00,0,1006.7,80.0,0.0,29.6,2.7,0.0,0.0,100.0
2024-08-23 19:45:00,0,1006.7,80.6,0.0,29.5,2.7,0.0,0.0,100.0
2024-08-23 20:00:00,0,1006.7,81.4,0.0,29.3,2.8,0.0,0.0,100.0
2024-08-23 20:15:00,0,1006.7,82.5,0.0,29.2,2.8,0.0,0.0,100.0
2024-08-23 20:30:00,0,1006.7,83.8,0.0,29.0,2.9,0.0,0.0,100.0
2024-08-23 20:45:00,0,1006.7,84.8,0.0,28.8,3.0,0.0,0.0,100.0
2024-08-23 21:00:00,0,1006.7,85.6,0.0,28.7,3.0,0.0,0.0,100.0
2024-08-23 21:15:00,0,1006.7,86.5,0.0,28.5,3.0,0.0,0.0,100.0
2024-08-23 21:30:00,0,1006.7,87.4,0.0,28.4,3.1,0.0,0.0,100.0
2024-08-23 21:45:00,0,1006.7,88.1,0.0,28.3,3.1,0.0,0.0,100.0
2024-08-23 22:00:00,0,1006.7,88.6,0.0,28.2,3.1,0.0,0.0,100.0
2024-08-23 22:15:00,0,1006.7,89.0,0.0,28.1,3.1,0.0,0.0,100.0
2024-08-23 22:30:00,0,1006.7,89.5,0.0,28.1,3.1,0.0,0.0,100.0
2024-08-23 22:45:00,0,1006.7,90.0,0.0,28.0,3.1,0.0,0.0,100.0
2024-08-23 23:00:00,0,1006.7,90.4,0.0,27.9,3.1,0.0,0.0,100.0
2024-08-23 23:15:00,0,1006.7,90.5,0.0,27.8,3.1,0.0,0.0,100.0
2024-08-23 23:30:00,0,1006.7,90.5,0.0,27.8,3.1,0.0,0.0,100.0
2024-08-23 23:45:00,0,1006.7,90.5,0.0,27.7,3.1,0.0,0.0,100.0
2024-08-24 00:00:00,0,1006.7,91.5,0.0,27.8,2.8,0.0,0.0,100.0
2024-08-24 00:15:00,0,1006.7,92.0,0.0,27.7,2.8,0.0,0.0,100.0
2024-08-24 00:30:00,0,1006.7,92.3,0.0,27.7,2.8,0.0,0.0,100.0
2024-08-24 00:45:00,0,1006.7,92.5,0.0,27.6,2.8,0.0,0.0,100.0
2024-08-24 01:00:00,0,1006.7,92.7,0.0,27.5,2.8,0.0,0.0,100.0
2024-08-24 01:15:00,0,1006.7,92.9,0.0,27.5,2.8,0.0,0.0,100.0
2024-08-24 01:30:00,0,1006.7,93.3,0.0,27.4,2.8,0.0,0.0,100.0
2024-08-24 01:45:00,0,1006.7,93.6,0.0,27.3,2.8,0.0,0.0,100.0
2024-08-24 02:00:00,0,1006.7,94.0,0.0,27.3,2.8,0.0,0.0,100.0
2024-08-24 02:15:00,0,1006.7,94.3,0.0,27.2,2.8,0.0,0.0,100.0
2024-08-24 02:30:00,0,1006.7,94.5,0.0,27.2,2.8,0.0,0.0,100.0
2024-08-24 02:45:00,0,1006.7,94.7,0.0,27.1,2.8,0.0,0.0,100.0
2024-08-24 03:00:00,0,1006.7,94.8,0.0,27.1,2.7,0.0,0.0,100.0
2024-08-24 03:15:00,0,1006.7,94.8,0.0,27.1,2.7,0.0,0.0,100.0
2024-08-24 03:30:00,0,1006.7,94.8,0.0,27.0,2.7,0.0,0.0,100.0
2024-08-24 03:45:00,0,1006.7,94.8,0.0,27.0,2.7,0.0,0.0,100.0
2024-08-24 04:00:00,0,1006.7,94.7,0.0,27.0,2.7,0.0,0.0,100.0
2024-08-24 04:15:00,0,1006.7,94.6,0.0,27.0,2.7,0.0,0.0,100.0
2024-08-24 04:30:00,0,1006.7,94.4,0.0,27.0,2.7,0.0,0.0,100.0
2024-08-24 04:45:00,0,1006.7,94.3,0.0,26.9,2.7,0.0,0.0,100.0
2024-08-24 05:00:00,0,1006.7,94.1,0.0,26.9,2.7,0.0,0.0,100.0
2024-08-24 05:15:00,0,1006.7,94.0,0.0,26.9,2.6,0.0,0.0,100.0
2024-08-24 05:30:00,0,1006.7,93.8,0.0,26.9,2.6,0.0,0.0,100.0
2024-08-24 05:45:00,14,1006.7,93.6,0.0,26.9,2.6,12.0,1.61,100.0
2024-08-24 06:00:00,42,1006.7,93.5,0.0,26.9,2.5,31.0,3.54,100.0
2024-08-24 06:15:00,71,1006.7,93.3,0.0,26.9,2.4,59.0,6.07,100.0
2024-08-24 06:30:00,100,1006.7,93.0,0.0,27.0,2.4,78.0,8.61,100.0
2024-08-24 06:45:00,131,1006.7,92.5,0.0,27.2,2.4,126.0,13.26,100.0
2024-08-24 07:00:00,165,1006.7,91.8,0.0,27.4,2.4,174.0,18.19,100.0
2024-08-24 07:15:00,202,1006.7,90.6,0.0,27.7,2.3,217.0,24.35,100.0
2024-08-24 07:30:00,241,1006.7,89.3,0.0,28.1,2.3,249.0,29.71,100.0
2024-08-24 07:45:00,284,1006.7,87.6,0.0,28.5,2.2,316.0,36.71,100.0
2024-08-24 08:00:00,329,1006.7,86.6,0.0,28.8,2.2,360.0,43.25,100.0
2024-08-24 08:15:00,376,1006.7,85.6,0.0,29.1,2.2,416.0,49.96,100.0
2024-08-24 08:30:00,425,1006.7,83.8,0.0,29.4,2.1,463.0,55.68,100.0
2024-08-24 08:45:00,473,1006.7,82.4,0.0,29.6,2.1,527.0,64.4,100.0
2024-08-24 09:00:00,521,1006.7,81.6,0.0,29.9,2.0,567.0,67.66,100.0
2024-08-24 09:15:00,566,1006.7,80.4,0.0,30.1,1.8,559.0,76.22,100.0
2024-08-24 09:30:00,608,1006.7,78.8,0.0,30.4,1.7,619.0,77.79,100.0
2024-08-24 09:45:00,644,1006.7,77.2,0.0,30.6,1.6,661.0,81.6,100.0
2024-08-24 10:00:00,676,1006.7,76.0,0.0,30.8,1.6,682.0,87.64,100.0
2024-08-24 10:15:00,704,1006.7,74.7,0.0,31.0,1.6,729.0,91.68,100.0
2024-08-24 10:30:00,727,1006.7,73.0,0.0,31.1,1.6,756.0,96.55,100.0
2024-08-24 10:45:00,745,1006.7,71.8,0.0,31.2,1.7,794.0,98.93,100.0
2024-08-24 11:00:00,760,1006.7,71.1,0.0,31.3,1.8,810.0,99.59,100.0
2024-08-24 11:15:00,770,1006.7,70.9,0.0,31.2,1.9,847.0,99.84,100.0
2024-08-24 11:30:00,776,1006.7,70.7,0.0,31.2,2.0,868.0,99.99,100.0
2024-08-24 11:45:00,778,1006.7,70.5,0.0,31.2,2.2,880.0,99.96,100.0
2024-08-24 12:00:00,777,1006.7,70.3,0.0,31.3,2.4,895.0,100.0,100.0
2024-08-24 12:15:00,774,1006.7,70.1,0.0,31.3,2.5,894.0,100.0,100.0
2024-08-24 12:30:00,767,1006.7,70.1,0.0,31.3,2.5,895.0,100.0,100.0
2024-08-24 12:45:00,758,1006.7,69.9,0.0,31.3,2.6,883.0,100.0,100.0
2024-08-24 13:00:00,748,1006.7,69.5,0.0,31.3,2.7,870.0,100.0,100.0
2024-08-24 13:15:00,735,1006.7,69.4,0.0,31.4,2.7,836.0,99.95,100.0
2024-08-24 13:30:00,720,1006.7,69.4,0.0,31.4,2.8,820.0,99.73,100.0
2024-08-24 13:45:00,702,1006.7,69.0,0.0,31.4,2.8,780.0,99.27,100.0
2024-08-24 14:00:00,681,1006.7,68.7,0.0,31.4,2.9,773.0,98.14,100.0
2024-08-24 14:15:00,656,1006.7,68.7,0.0,31.4,2.9,737.0,94.23,100.0
2024-08-24 14:30:00,628,1006.7,69.0,0.0,31.4,2.9,714.0,90.27,100.0
2024-08-24 14:45:00,596,1006.7,69.0,0.0,31.4,3.0,669.0,86.74,100.0
2024-08-24 15:00:00,560,1006.7,69.2,0.0,31.4,3.1,652.0,76.04,100.0
2024-08-24 15:15:00,522,1006.7,69.5,0.0,31.4,3.1,608.0,75.79,100.0
2024-08-24 15:30:00,480,1006.7,69.9,0.0,31.4,3.2,565.0,69.77,100.0
2024-08-24 15:45:00,435,1006.7,70.2,0.0,31.3,3.2,532.0,55.67,100.0
2024-08-24 16:00:00,386,1006.7,70.7,0.0,31.2,3.2,182.0,20.38,100.0
2024-08-24 16:15:00,336,1006.7,71.3,0.0,31.2,3.2,183.0,37.72,100.0
2024-08-24 16:30:00,286,1006.7,71.5,0.0,31.1,3.1,300.0,40.04,100.0
2024-08-24 16:45:00,238,1006.7,71.3,0.0,31.1,3.1,295.0,29.71,100.0
2024-08-24 17:00:00,192,1006.7,71.3,0.0,31.1,3.0,205.0,27.73,100.0
2024-08-24 17:15:00,151,1006.7,71.5,0.0,31.0,2.9,209.0,20.71,100.0
2024-08-24 17:30:00,114,1006.7,71.6,0.0,31.0,2.8,138.0,10.74,100.0
2024-08-24 17:45:00,82,1006.7,72.1,0.0,30.9,2.7,35.0,3.65,100.0
2024-08-24 18:00:00,55,1006.7,72.9,0.0,30.7,2.6,77.0,6.74,100.0
2024-08-24 18:15:00,33,1006.7,73.8,0.0,30.6,2.6,32.0,3.96,100.0
2024-08-24 18:30:00,14,1006.7,74.6,0.0,30.5,2.5,0.0,0.0,100.0
2024-08-24 18:45:00,1,1006.7,75.4,0.0,30.4,2.4,0.0,0.0,100.0
2024-08-24 19:00:00,0,1006.7,75.9,0.0,30.3,2.4,0.0,0.0,100.0
2024-08-24 19:15:00,0,1006.7,76.4,0.0,30.2,2.4,0.0,0.0,100.0
2024-08-24 19:30:00,0,1006.7,76.8,0.0,30.1,2.4,0.0,0.0,100.0
2024-08-24 19:45:00,0,1006.7,77.3,0.0,30.0,2.4,0.0,0.0,100.0
2024-08-24 20:00:00,0,1006.7,78.3,0.0,29.9,2.5,0.0,0.0,100.0
2024-08-24 20:15:00,0,1006.7,79.7,0.0,29.7,2.6,0.0,0.0,100.0
2024-08-24 20:30:00,0,1006.7,81.7,0.0,29.6,2.7,0.0,0.0,100.0
2024-08-24 20:45:00,0,1006.7,83.9,0.0,29.4,2.8,0.0,0.0,100.0
2024-08-24 21:00:00,0,1006.7,85.4,0.0,29.3,2.9,0.0,0.0,100.0
2024-08-24 21:15:00,0,1006.7,86.5,0.0,29.2,3.1,0.0,0.0,100.0
2024-08-24 21:30:00,0,1006.7,87.4,0.0,29.1,3.2,0.0,0.0,100.0
2024-08-24 21:45:00,0,1006.7,88.4,0.0,28.9,3.3,0.0,0.0,100.0
2024-08-24 22:00:00,0,1006.7,89.4,0.0,28.8,3.4,0.0,0.0,100.0
2024-08-24 22:15:00,0,1006.7,90.4,0.0,28.6,3.5,0.0,0.0,100.0
2024-08-24 22:30:00,0,1006.7,91.2,0.0,28.5,3.6,0.0,0.0,100.0
2024-08-24 22:45:00,0,1006.7,92.0,0.0,28.4,3.6,0.0,0.0,100.0
2024-08-24 23:00:00,0,1006.7,92.7,0.0,28.2,3.7,0.0,0.0,100.0
2024-08-24 23:15:00,0,1006.7,93.2,0.0,28.1,3.7,0.0,0.0,100.0
2024-08-24 23:30:00,0,1006.7,93.6,0.0,28.0,3.7,0.0,0.0,100.0
2024-08-24 23:45:00,0,1006.7,94.1,0.0,28.0,3.7,0.0,0.0,100.0
2024-08-25 00:00:00,0,1006.7,93.0,0.0,28.1,3.1,0.0,0.0,100.0
2024-08-25 00:15:00,0,1006.7,93.5,0.0,28.1,3.2,0.0,0.0,100.0
2024-08-25 00:30:00,0,1006.7,94.1,0.0,28.0,3.2,0.0,0.0,100.0
2024-08-25 00:45:00,0,1006.7,94.5,0.0,27.9,3.2,0.0,0.0,100.0
2024-08-25 01:00:00,0,1006.7,94.8,0.0,27.9,3.2,0.0,0.0,100.0
2024-08-25 01:15:00,0,1006.7,95.1,0.0,27.8,3.2,0.0,0.0,100.0
2024-08-25 01:30:00,0,1006.7,95.4,0.0,27.7,3.2,0.0,0.0,100.0
2024-08-25 01:45:00,0,1006.7,95.8,0.0,27.7,3.2,0.0,0.0,100.0
2024-08-25 02:00:00,0,1006.7,96.1,0.0,27.6,3.2,0.0,0.0,100.0
2024-08-25 02:15:00,0,1006.7,96.4,0.0,27.5,3.1,0.0,0.0,100.0
2024-08-25 02:30:00,0,1006.7,96.7,0.0,27.5,3.1,0.0,0.0,100.0
2024-08-25 02:45:00,0,1006.7,96.9,0.0,27.4,3.1,0.0,0.0,100.0
2024-08-25 03:00:00,0,1006.7,97.2,0.0,27.4,3.0,0.0,0.0,100.0
2024-08-25 03:15:00,0,1006.7,97.4,0.0,27.3,3.0,0.0,0.0,100.0
2024-08-25 03:30:00,0,1006.7,97.5,0.0,27.3,3.0,0.0,0.0,100.0
2024-08-25 03:45:00,0,1006.7,97.7,0.0,27.2,2.9,0.0,0.0,100.0
2024-08-25 04:00:00,0,1006.7,97.8,0.0,27.2,2.9,0.0,0.0,100.0
2024-08-25 04:15:00,0,1006.7,97.8,0.0,27.2,2.9,0.0,0.0,100.0
2024-08-25 04:30:00,0,1006.7,97.8,0.0,27.1,2.9,0.0,0.0,100.0
2024-08-25 04:45:00,0,1006.7,97.8,0.0,27.1,2.9,0.0,0.0,100.0
2024-08-25 05:00:00,0,1006.7,97.8,0.0,27.1,2.9,0.0,0.0,100.0
2024-08-25 05:15:00,0,1006.7,97.9,0.0,27.0,2.9,0.0,0.0,100.0
2024-08-25 05:30:00,0,1006.7,97.8,0.0,27.0,2.8,0.0,0.0,100.0
2024-08-25 05:45:00,13,1006.7,97.8,0.0,27.0,2.8,16.0,2.15,100.0
2024-08-25 06:00:00,41,1006.7,97.8,0.0,27.0,2.8,33.0,4.07,100.0
2024-08-25 06:15:00,69,1006.7,97.7,0.0,27.0,2.7,68.0,7.42,100.0
2024-08-25 06:30:00,99,1006.7,97.4,0.0,27.0,2.7,116.0,12.77,100.0
2024-08-25 06:45:00,129,1006.7,97.0,0.0,27.1,2.7,162.0,16.57,100.0
2024-08-25 07:00:00,162,1006.7,96.3,0.0,27.3,2.7,154.0,9.77,100.0
2024-08-25 07:15:00,198,1006.7,95.4,0.0,27.5,2.6,219.0,21.3,100.0
2024-08-25 07:30:00,237,1006.7,94.5,0.0,27.8,2.6,256.0,29.23,100.0
2024-08-25 07:45:00,278,1006.7,93.5,0.0,28.0,2.5,320.0,37.04,100.0
2024-08-25 08:00:00,321,1006.7,92.6,0.0,28.3,2.5,345.0,45.33,100.0
2024-08-25 08:15:00,366,1006.7,91.3,0.0,28.6,2.5,455.0,55.95,100.0
2024-08-25 08:30:00,412,1006.7,89.5,0.0,29.0,2.4,433.0,61.81,100.0
2024-08-25 08:45:00,457,1006.7,87.3,0.0,29.3,2.3,370.0,37.55,100.0
2024-08-25 09:00:00,501,1006.7,85.5,0.0,29.6,2.3,432.0,46.81,100.0
2024-08-25 09:15:00,541,1006.7,83.6,0.0,29.9,2.2,505.0,53.92,100.0
2024-08-25 09:30:00,577,1006.7,81.6,0.0,30.2,2.1,534.0,66.1,100.0
2024-08-25 09:45:00,607,1006.7,80.2,0.0,30.4,2.0,637.0,79.91,100.0
2024-08-25 10:00:00,631,1006.7,78.4,0.0,30.7,2.0,671.0,82.74,100.0
2024-08-25 10:15:00,648,1006.7,75.9,0.0,30.9,2.0,613.0,85.14,100.0
2024-08-25 10:30:00,660,1006.7,74.1,0.0,31.0,1.9,622.0,78.95,100.0
2024-08-25 10:45:00,667,1006.7,72.9,0.0,31.1,1.9,790.0,93.77,100.0
2024-08-25 11:00:00,669,1006.7,71.3,0.0,31.2,1.9,841.0,96.99,100.0
2024-08-25 11:15:00,666,1006.7,70.6,0.0,31.2,2.0,544.0,62.52,100.0
2024-08-25 11:30:00,660,1006.7,70.4,0.0,31.2,2.0,376.0,48.9,100.0
2024-08-25 11:45:00,651,1006.7,70.3,0.0,31.2,2.1,593.0,83.34,100.0
2024-08-25 12:00:00,640,1006.7,70.5,0.0,31.2,2.2,668.0,82.25,100.0
2024-08-25 12:15:00,627,1006.7,70.7,0.0,31.2,2.3,651.0,78.35,100.0
2024-08-25 12:30:00,614,1006.7,70.8,0.0,31.2,2.4,549.0,64.04,100.0
2024-08-25 12:45:00,601,1006.7,71.0,0.0,31.2,2.5,549.0,64.63,100.0
2024-08-25 13:00:00,588,1006.7,70.5,0.0,31.3,2.6,470.0,60.7,100.0
2024-08-25 13:15:00,574,1006.7,69.8,0.0,31.4,2.6,374.0,43.72,100.0
2024-08-25 13:30:00,560,1006.7,69.7,0.0,31.3,2.7,284.0,32.87,100.0
2024-08-25 13:45:00,543,1006.7,69.0,0.0,31.4,2.8,191.0,24.97,100.0
2024-08-25 14:00:00,525,1006.7,69.2,0.0,31.3,2.9,177.0,22.77,100.0
2024-08-25 14:15:00,505,1006.7,69.1,0.0,31.3,3.1,168.0,20.74,100.0
2024-08-25 14:30:00,482,1006.7,69.9,0.0,31.3,3.2,189.0,24.2,100.0
2024-08-25 14:45:00,457,1006.7,71.6,0.0,31.1,3.3,221.0,27.04,100.0
2024-08-25 15:00:00,428,1006.7,72.6,0.0,31.1,3.5,227.0,24.81,100.0
2024-08-25 15:15:00,397,1006.7,72.5,0.0,31.0,3.6,239.0,31.58,100.0
2024-08-25 15:30:00,364,1006.7,73.0,0.0,31.0,3.7,312.0,27.57,100.0
2024-08-25 15:45:00,328,1006.7,73.5,0.0,30.9,3.7,200.0,25.08,100.0
2024-08-25 16:00:00,290,1006.7,73.9,0.0,30.9,3.7,203.0,23.23,100.0
2024-08-25 16:15:00,250,1006.7,74.1,0.0,30.9,3.7,192.0,21.34,100.0
2024-08-25 16:30:00,211,1006.7,75.7,0.0,30.8,3.6,158.0,17.86,100.0
2024-08-25 16:45:00,173,1006.7,76.5,0.0,30.7,3.5,107.0,12.16,100.0
2024-08-25 17:00:00,138,1006.7,76.7,0.0,30.7,3.5,68.0,7.39,100.0
2024-08-25 17:15:00,107,1006.7,77.3,0.0,30.6,3.4,46.0,5.01,100.0
2024-08-25 17:30:00,79,1006.7,78.4,0.0,30.5,3.3,21.0,2.88,100.0
2024-08-25 17:45:00,56,1006.7,79.5,0.0,30.4,3.3,17.0,2.41,100.0
2024-08-25 18:00:00,36,1006.7,80.5,0.0,30.3,3.2,21.0,2.57,100.0
2024-08-25 18:15:00,21,1006.7,80.9,0.0,30.2,3.1,9.0,1.28,100.0
2024-08-25 18:30:00,8,1006.7,81.1,0.0,30.1,3.1,0.0,0.0,100.0
2024-08-25 18:45:00,0,1006.7,81.6,0.0,30.0,3.0,0.0,0.0,100.0
2024-08-25 19:00:00,0,1006.7,82.3,0.0,29.9,2.9,0.0,0.0,100.0
2024-08-25 19:15:00,0,1006.7,83.2,0.0,29.8,2.9,0.0,0.0,100.0
2024-08-25 19:30:00,0,1006.7,84.2,0.0,29.6,2.9,0.0,0.0,100.0
2024-08-25 19:45:00,0,1006.7,84.8,0.0,29.6,2.8,0.0,0.0,100.0
2024-08-25 20:00:00,0,1006.7,85.4,0.0,29.5,2.8,0.0,0.0,100.0
2024-08-25 20:15:00,0,1006.7,85.9,0.0,29.4,2.8,0.0,0.0,100.0
2024-08-25 20:30:00,0,1006.7,86.5,0.0,29.3,2.8,0.0,0.0,100.0
2024-08-25 20:45:00,0,1006.7,87.2,0.0,29.2,2.8,0.0,0.0,100.0
2024-08-25 21:00:00,0,1006.7,88.1,0.0,29.0,2.8,0.0,0.0,100.0
2024-08-25 21:15:00,0,1006.7,88.7,0.0,28.9,2.9,0.0,0.0,100.0
2024-08-25 21:30:00,0,1006.7,88.9,0.0,28.8,2.9,0.0,0.0,100.0
2024-08-25 21:45:00,0,1006.7,89.2,0.0,28.7,2.9,0.0,0.0,100.0
2024-08-25 22:00:00,0,1006.7,89.8,0.0,28.6,3.0,0.0,0.0,100.0
2024-08-25 22:15:00,0,1006.7,90.6,0.0,28.5,3.0,0.0,0.0,100.0
2024-08-25 22:30:00,0,1006.7,91.4,0.0,28.5,3.1,0.0,0.0,100.0
2024-08-25 22:45:00,0,1006.7,91.8,0.0,28.4,3.2,0.0,0.0,100.0
2024-08-25 23:00:00,0,1006.7,91.7,0.0,28.3,3.2,0.0,0.0,100.0
2024-08-25 23:15:00,0,1006.7,91.6,0.0,28.3,3.3,0.0,0.0,100.0
2024-08-25 23:30:00,0,1006.7,91.6,0.0,28.2,3.4,0.0,0.0,100.0
2024-08-25 23:45:00,0,1006.7,91.7,0.0,28.1,3.4,0.0,0.0,100.0
2024-08-26 00:00:00,0,1006.7,92.2,0.0,28.4,3.4,0.0,0.0,100.0
2024-08-26 00:15:00,0,1006.7,92.3,0.0,28.3,3.5,0.0,0.0,100.0
2024-08-26 00:30:00,0,1006.7,92.6,0.0,28.3,3.5,0.0,0.0,100.0
2024-08-26 00:45:00,0,1006.7,92.9,0.0,28.2,3.5,0.0,0.0,100.0
2024-08-26 01:00:00,0,1006.7,93.2,0.0,28.2,3.5,0.0,0.0,100.0
2024-08-26 01:15:00,0,1006.7,93.8,0.0,28.1,3.5,0.0,0.0,100.0
2024-08-26 01:30:00,0,1006.7,93.7,0.0,28.1,3.5,0.0,0.0,100.0
2024-08-26 01:45:00,0,1006.7,93.6,0.0,28.1,3.4,0.0,0.0,100.0
2024-08-26 02:00:00,0,1006.7,93.4,0.0,28.0,3.4,0.0,0.0,100.0
2024-08-26 02:15:00,0,1006.7,93.3,0.0,28.0,3.4,0.0,0.0,100.0
2024-08-26 02:30:00,0,1006.7,93.6,0.0,28.0,3.4,0.0,0.0,100.0
2024-08-26 02:45:00,0,1006.7,94.2,0.0,27.9,3.4,0.0,0.0,100.0
2024-08-26 03:00:00,0,1006.6,94.4,0.0,27.9,3.4,0.0,0.0,100.0
2024-08-26 03:15:00,0,1006.6,94.6,0.0,27.8,3.5,0.0,0.0,100.0
2024-08-26 03:30:00,0,1006.6,94.9,0.0,27.8,3.5,0.0,0.0,100.0
2024-08-26 03:45:00,0,1006.6,95.1,0.0,27.8,3.5,0.0,0.0,100.0
2024-08-26 04:00:00,0,1006.6,95.2,0.0,27.7,3.6,0.0,0.0,100.0
2024-08-26 04:15:00,0,1006.6,95.4,0.0,27.7,3.6,0.0,0.0,100.0
2024-08-26 04:30:00,0,1006.6,95.3,0.0,27.7,3.6,0.0,0.0,100.0
2024-08-26 04:45:00,0,1006.6,95.2,0.0,27.7,3.6,0.0,0.0,100.0
2024-08-26 05:00:00,0,1006.6,95.2,0.0,27.6,3.6,0.0,0.0,100.0
2024-08-26 05:15:00,0,1006.6,95.2,0.0,27.6,3.6,0.0,0.0,100.0
2024-08-26 05:30:00,0,1006.6,95.3,0.0,27.6,3.5,0.0,0.0,100.0
2024-08-26 05:45:00,2,1006.6,95.5,0.0,27.5,3.5,5.0,1.17,100.0
2024-08-26 06:00:00,7,1006.6,95.5,0.0,27.5,3.5,18.0,2.34,100.0
2024-08-26 06:15:00,12,1006.6,95.4,0.0,27.5,3.4,20.0,2.55,100.0
2024-08-26 06:30:00,17,1006.6,95.3,0.0,27.5,3.4,20.0,2.3,100.0
2024-08-26 06:45:00,24,1006.6,95.0,0.0,27.6,3.3,20.0,3.03,100.0
2024-08-26 07:00:00,32,1006.6,94.6,0.0,27.6,3.3,34.0,4.48,100.0
2024-08-26 07:15:00,42,1006.6,94.2,0.0,27.7,3.3,61.0,8.07,100.0
2024-08-26 07:30:00,53,1006.6,93.9,0.0,27.7,3.3,54.0,7.64,100.0
2024-08-26 07:45:00,66,1006.6,93.3,0.0,27.8,3.3,62.0,8.73,100.0
2024-08-26 08:00:00,81,1006.6,92.9,0.0,27.9,3.3,190.0,25.02,100.0
2024-08-26 08:15:00,97,1006.6,92.4,0.0,28.0,3.3,221.0,23.84,100.0
2024-08-26 08:30:00,114,1006.6,91.9,0.0,28.1,3.3,168.0,20.7,100.0
2024-08-26 08:45:00,130,1006.6,91.6,0.0,28.1,3.3,169.0,23.02,100.0
2024-08-26 09:00:00,146,1006.6,91.1,0.0,28.1,3.4,270.0,32.91,100.0
2024-08-26 09:15:00,160,1006.6,90.6,0.0,28.2,3.4,470.0,43.4,100.0
2024-08-26 09:30:00,172,1006.6,90.0,0.0,28.3,3.5,331.0,38.97,100.0
2024-08-26 09:45:00,181,1006.6,89.5,0.0,28.4,3.6,263.0,32.78,100.0
2024-08-26 10:00:00,185,1006.6,88.9,0.0,28.5,3.7,294.0,35.86,100.0
2024-08-26 10:15:00,187,1006.6,88.4,0.0,28.5,3.8,231.0,28.9,100.0
2024-08-26 10:30:00,185,1006.7,87.8,0.0,28.6,3.9,214.0,27.44,100.0
2024-08-26 10:45:00,180,1006.6,87.4,0.0,28.6,4.0,168.0,22.41,100.0
2024-08-26 11:00:00,173,1006.7,86.9,0.0,28.7,4.1,149.0,20.98,100.0
2024-08-26 11:15:00,164,1006.7,86.3,0.0,28.8,4.3,121.0,14.35,100.0
2024-08-26 11:30:00,154,1006.6,85.5,0.0,28.8,4.4,166.0,20.85,100.0
2024-08-26 11:45:00,143,1006.6,84.8,0.0,28.9,4.6,128.0,16.45,100.0
2024-08-26 12:00:00,132,1006.6,84.3,0.0,28.8,4.8,90.0,12.39,100.0
2024-08-26 12:15:00,121,1006.6,84.0,0.0,28.9,5.0,142.0,21.1,100.0
2024-08-26 12:30:00,112,1006.6,83.9,0.0,28.9,5.2,151.0,19.86,100.0
2024-08-26 12:45:00,105,1006.6,84.9,0.0,28.8,5.4,166.0,20.12,100.0
2024-08-26 13:00:00,98,1006.6,85.1,0.0,28.8,5.6,150.0,18.86,100.0
2024-08-26 13:15:00,92,1006.6,84.6,0.1,28.8,5.8,95.0,10.43,100.0
2024-08-26 13:30:00,86,1006.6,84.9,0.1,28.8,6.0,93.0,11.88,100.0
2024-08-26 13:45:00,80,1006.6,84.9,0.0,28.8,6.2,103.0,12.22,100.0
2024-08-26 14:00:00,75,1006.6,84.5,0.2,28.8,6.3,99.0,14.53,100.0
2024-08-26 14:15:00,70,1006.6,84.6,0.3,28.8,6.3,68.0,9.61,100.0
2024-08-26 14:30:00,64,1006.6,85.0,0.2,28.7,6.3,62.0,8.96,100.0
2024-08-26 14:45:00,59,1006.6,85.4,0.2,28.6,6.2,83.0,11.6,100.0
2024-08-26 15:00:00,54,1006.6,85.9,0.2,28.6,6.1,66.0,10.17,100.0
2024-08-26 15:15:00,49,1006.6,86.3,0.2,28.3,6.1,21.0,3.0,100.0
2024-08-26 15:30:00,44,1006.6,87.5,0.2,28.1,6.1,10.0,1.68,100.0
2024-08-26 15:45:00,38,1006.6,88.1,0.3,28.0,6.1,13.0,1.91,100.0
2024-08-26 16:00:00,33,1006.6,88.1,0.2,27.9,6.0,9.0,1.53,100.0
2024-08-26 16:15:00,28,1006.6,87.2,0.3,27.8,6.0,9.0,1.64,100.0
2024-08-26 16:30:00,23,1006.6,87.0,0.1,27.6,5.9,13.0,1.95,100.0
2024-08-26 16:45:00,19,1006.6,88.0,0.1,27.4,5.9,20.0,2.96,100.0
2024-08-26 17:00:00,15,1006.6,89.3,0.2,27.2,6.1,30.0,4.24,100.0
2024-08-26 17:15:00,11,1006.6,90.5,0.5,27.1,6.2,41.0,3.81,100.0
2024-08-26 17:30:00,8,1006.6,91.8,0.3,27.0,6.3,17.0,1.96,100.0
2024-08-26 17:45:00,6,1006.6,92.3,0.2,26.9,6.5,5.0,1.01,100.0
2024-08-26 18:00:00,4,1006.6,91.9,0.0,26.8,6.5,5.0,0.74,100.0
2024-08-26 18:15:00,2,1006.6,91.6,0.0,26.7,6.5,6.0,0.91,100.0
2024-08-26 18:30:00,1,1006.6,91.4,0.4,26.6,6.6,0.0,0.0,100.0
2024-08-26 18:45:00,0,1006.6,91.3,0.5,26.6,6.8,0.0,0.0,100.0
2024-08-26 19:00:00,0,1006.6,92.2,0.6,26.4,6.8,0.0,0.0,100.0
2024-08-26 19:15:00,0,1006.6,92.9,0.5,26.5,6.8,0.0,0.0,100.0
2024-08-26 19:30:00,0,1006.6,93.0,0.3,26.5,6.8,0.0,0.0,100.0
2024-08-26 19:45:00,0,1006.6,92.5,0.3,26.4,6.8,0.0,0.0,100.0
2024-08-26 20:00:00,0,1006.6,92.2,0.6,26.3,6.8,0.0,0.0,100.0
2024-08-26 20:15:00,0,1006.6,93.4,0.2,26.3,6.8,0.0,0.0,100.0
2024-08-26 20:30:00,0,1006.6,93.7,0.1,26.2,6.9,0.0,0.0,100.0
2024-08-26 20:45:00,0,1006.6,93.1,0.3,26.1,6.9,0.0,0.0,100.0
2024-08-26 21:00:00,0,1006.6,93.3,0.3,26.0,7.0,0.0,0.0,100.0
2024-08-26 21:15:00,0,1006.6,92.6,0.2,25.8,7.1,0.0,0.0,100.0
2024-08-26 21:30:00,0,1006.6,91.8,0.1,25.8,7.3,0.0,0.0,100.0
2024-08-26 21:45:00,0,1006.6,91.1,0.0,25.7,7.4,0.0,0.0,100.0
2024-08-26 22:00:00,0,1006.6,90.4,0.2,25.8,7.5,0.0,0.0,100.0
2024-08-26 22:15:00,0,1006.6,89.6,0.1,25.7,7.6,0.0,0.0,100.0
2024-08-26 22:30:00,0,1006.6,88.8,0.2,25.5,7.7,0.0,0.0,100.0
2024-08-26 22:45:00,0,1006.6,88.3,0.3,25.3,7.8,0.0,0.0,100.0
2024-08-26 23:00:00,0,1006.6,87.6,0.2,25.1,7.8,0.0,0.0,100.0
2024-08-26 23:15:00,0,1006.6,88.2,0.2,25.0,7.7,0.0,0.0,100.0
2024-08-26 23:30:00,0,1006.6,88.2,0.1,24.9,7.7,0.0,0.0,100.0
2024-08-26 23:45:00,0,1006.6,88.5,0.2,24.8,7.6,0.0,0.0,100.0
2024-08-27 00:00:00,0,1006.5,92.5,0.8,26.0,11.1,0.0,0.0,100.0
2024-08-27 00:15:00,0,1006.5,93.2,1.0,25.8,11.2,0.0,0.0,100.0
2024-08-27 00:30:00,0,1006.5,93.0,0.9,25.6,11.3,0.0,0.0,100.0
2024-08-27 00:45:00,0,1006.5,91.5,0.9,25.7,11.4,0.0,0.0,100.0
2024-08-27 01:00:00,0,1006.5,91.3,0.7,25.6,11.4,0.0,0.0,100.0
2024-08-27 01:15:00,0,1006.5,91.5,0.7,25.4,11.5,0.0,0.0,100.0
2024-08-27 01:30:00,0,1006.5,91.0,0.8,25.4,11.6,0.0,0.0,100.0
2024-08-27 01:45:00,0,1006.5,89.7,0.5,25.3,11.8,0.0,0.0,100.0
2024-08-27 02:00:00,0,1006.5,90.6,0.7,25.2,11.8,0.0,0.0,100.0
2024-08-27 02:15:00,0,1006.5,90.1,0.9,25.3,11.7,0.0,0.0,100.0
2024-08-27 02:30:00,0,1006.5,89.8,0.6,25.2,11.6,0.0,0.0,100.0
2024-08-27 02:45:00,0,1006.5,89.4,0.6,25.1,11.4,0.0,0.0,100.0
2024-08-27 03:00:00,0,1006.5,88.6,0.9,25.2,11.1,0.0,0.0,100.0
2024-08-27 03:15:00,0,1006.5,88.9,1.0,25.2,10.9,0.0,0.0,100.0
2024-08-27 03:30:00,0,1006.5,90.5,0.6,25.1,10.7,0.0,0.0,100.0
2024-08-27 03:45:00,0,1006.5,92.5,0.8,24.9,10.5,0.0,0.0,100.0
2024-08-27 04:00:00,0,1006.5,92.9,0.6,24.9,10.3,0.0,0.0,100.0
2024-08-27 04:15:00,0,1006.5,93.4,0.5,24.9,10.1,0.0,0.0,100.0
2024-08-27 04:30:00,0,1006.5,94.0,0.5,24.9,10.0,0.0,0.0,100.0
2024-08-27 04:45:00,0,1006.5,93.7,0.5,24.9,9.8,0.0,0.0,100.0
2024-08-27 05:00:00,0,1006.5,93.4,0.4,24.9,9.7,0.0,0.0,100.0
2024-08-27 05:15:00,0,1006.6,92.8,0.3,24.9,9.6,0.0,0.0,100.0
2024-08-27 05:30:00,0,1006.6,92.9,0.1,24.9,9.4,0.0,0.0,100.0
2024-08-27 05:45:00,2,1006.6,92.8,0.0,24.9,9.2,1.0,0.0,100.0
2024-08-27 06:00:00,6,1006.6,92.9,0.0,24.9,9.0,4.0,1.08,100.0
2024-08-27 06:15:00,11,1006.6,93.0,0.0,25.0,8.9,11.0,1.91,100.0
2024-08-27 06:30:00,16,1006.6,93.0,0.0,25.1,8.8,10.0,1.88,100.0
2024-08-27 06:45:00,22,1006.6,92.7,0.0,25.2,8.8,9.0,1.69,100.0
2024-08-27 07:00:00,28,1006.6,92.3,0.0,25.3,8.7,42.0,4.2,100.0
2024-08-27 07:15:00,35,1006.6,91.6,0.0,25.4,8.7,49.0,6.0,100.0
2024-08-27 07:30:00,43,1006.6,90.9,0.0,25.4,8.7,51.0,7.57,100.0
2024-08-27 07:45:00,52,1006.6,90.1,0.0,25.4,8.7,93.0,9.64,100.0
2024-08-27 08:00:00,61,1006.6,88.9,0.0,25.5,8.8,54.0,8.27,100.0
2024-08-27 08:15:00,72,1006.6,87.9,0.0,25.5,8.8,149.0,19.82,100.0
2024-08-27 08:30:00,83,1006.6,86.9,0.0,25.5,8.8,217.0,27.57,100.0
2024-08-27 08:45:00,95,1006.6,85.7,0.0,25.7,8.8,195.0,23.07,100.0
2024-08-27 09:00:00,108,1006.6,84.8,0.0,25.8,8.7,163.0,21.41,100.0
2024-08-27 09:15:00,121,1006.6,84.1,0.0,25.9,8.5,320.0,36.93,100.0
2024-08-27 09:30:00,134,1006.6,83.4,0.0,26.1,8.4,249.0,30.25,100.0
2024-08-27 09:45:00,148,1006.6,82.5,0.0,26.2,8.3,284.0,37.13,100.0
2024-08-27 10:00:00,162,1006.6,81.2,0.0,26.2,8.4,368.0,43.99,100.0
2024-08-27 10:15:00,176,1006.6,79.4,0.0,26.5,8.4,402.0,51.97,100.0
2024-08-27 10:30:00,190,1006.6,77.1,0.0,27.1,8.4,501.0,77.83,100.0
2024-08-27 10:45:00,205,1006.6,75.0,0.0,27.6,8.4,431.0,67.07,100.0
2024-08-27 11:00:00,219,1006.6,73.5,0.0,27.9,8.4,1067.0,82.65,100.0
2024-08-27 11:15:00,233,1006.6,73.4,0.0,27.9,8.4,946.0,100.0,100.0
2024-08-27 11:30:00,247,1006.6,74.0,0.0,28.0,8.5,946.0,99.97,100.0
2024-08-27 11:45:00,261,1006.6,73.7,0.0,28.0,8.5,988.0,99.25,100.0
2024-08-27 12:00:00,274,1006.6,71.9,0.0,28.2,8.5,1076.0,69.11,100.0
2024-08-27 12:15:00,287,1006.6,68.1,0.0,28.6,8.4,1200.0,60.4,100.0
2024-08-27 12:30:00,299,1006.6,67.5,0.1,28.7,8.3,341.0,53.07,100.0
2024-08-27 12:45:00,311,1006.6,66.4,0.0,28.8,8.3,453.0,57.44,100.0
2024-08-27 13:00:00,325,1006.6,64.1,0.0,29.1,8.3,380.0,39.11,100.0
2024-08-27 13:15:00,339,1006.6,62.2,0.0,29.3,8.3,380.0,46.76,100.0
2024-08-27 13:30:00,353,1006.6,61.5,0.0,29.3,8.4,382.0,74.71,100.0
2024-08-27 13:45:00,366,1006.6,60.3,0.0,29.5,8.4,552.0,48.14,100.0
2024-08-27 14:00:00,376,1006.6,59.3,0.0,29.6,8.6,340.0,44.29,100.0
2024-08-27 14:15:00,383,1006.6,58.8,0.0,29.6,8.7,289.0,53.73,100.0
2024-08-27 14:30:00,386,1006.6,57.7,0.0,29.6,8.8,294.0,73.8,100.0
2024-08-27 14:45:00,384,1006.6,56.6,0.0,29.7,8.8,403.0,69.5,100.0
2024-08-27 15:00:00,377,1006.6,55.8,0.0,29.7,8.8,650.0,36.19,100.0
2024-08-27 15:15:00,364,1006.6,54.9,0.0,29.6,8.8,397.0,82.66,100.0
2024-08-27 15:30:00,345,1006.6,53.8,0.0,29.6,8.9,575.0,69.55,100.0
2024-08-27 15:45:00,321,1006.6,53.0,0.0,29.6,8.9,498.0,64.4,100.0
2024-08-27 16:00:00,292,1006.6,52.9,0.0,29.5,8.9,465.0,57.68,100.0
2024-08-27 16:15:00,259,1006.6,53.7,0.0,29.3,8.8,415.0,48.56,100.0
2024-08-27 16:30:00,225,1006.6,54.8,0.0,29.2,8.7,376.0,41.22,100.0
2024-08-27 16:45:00,190,1006.6,55.2,0.0,29.0,8.7,315.0,34.41,100.0
2024-08-27 17:00:00,157,1006.6,55.3,0.0,28.9,8.6,257.0,26.93,100.0
2024-08-27 17:15:00,125,1006.6,55.6,0.0,28.8,8.6,208.0,19.45,100.0
2024-08-27 17:30:00,96,1006.6,56.3,0.0,28.7,8.6,159.0,13.8,100.0
2024-08-27 17:45:00,70,1006.6,57.1,0.0,28.5,8.5,104.0,7.91,100.0
2024-08-27 18:00:00,47,1006.6,58.2,0.0,28.4,8.4,65.0,4.6,100.0
2024-08-27 18:15:00,28,1006.6,59.0,0.0,28.2,8.2,28.0,2.53,100.0
2024-08-27 18:30:00,10,1006.6,59.6,0.0,28.1,8.0,0.0,0.0,100.0
2024-08-27 18:45:00,0,1006.6,60.4,0.0,27.9,7.8,0.0,0.0,100.0
2024-08-27 19:00:00,0,1006.6,61.9,0.0,27.8,7.6,0.0,0.0,100.0
2024-08-27 19:15:00,0,1006.6,63.3,0.0,27.6,7.3,0.0,0.0,100.0
2024-08-27 19:30:00,0,1006.6,64.5,0.0,27.4,6.9,0.0,0.0,100.0
2024-08-27 19:45:00,0,1006.6,65.5,0.0,27.2,6.6,0.0,0.0,100.0
2024-08-27 20:00:00,0,1006.6,67.2,0.0,27.0,6.3,0.0,0.0,100.0
2024-08-27 20:15:00,0,1006.6,69.0,0.0,27.0,6.0,0.0,0.0,100.0
2024-08-27 20:30:00,0,1006.6,70.6,0.0,26.8,5.7,0.0,0.0,100.0
2024-08-27 20:45:00,0,1006.6,71.8,0.0,26.6,5.4,0.0,0.0,100.0
2024-08-27 21:00:00,0,1006.6,72.7,0.0,26.5,5.2,0.0,0.0,100.0
2024-08-27 21:15:00,0,1006.6,73.4,0.0,26.4,5.0,0.0,0.0,100.0
2024-08-27 21:30:00,0,1006.6,74.1,0.0,26.3,4.8,0.0,0.0,100.0
2024-08-27 21:45:00,0,1006.6,74.9,0.0,26.2,4.6,0.0,0.0,100.0
2024-08-27 22:00:00,0,1006.6,75.4,0.0,26.1,4.4,0.0,0.0,100.0
2024-08-27 22:15:00,0,1006.6,75.9,0.0,26.0,4.3,0.0,0.0,100.0
2024-08-27 22:30:00,0,1006.6,76.3,0.0,26.0,4.2,0.0,0.0,100.0
2024-08-27 22:45:00,0,1006.6,76.7,0.0,25.9,4.0,0.0,0.0,100.0
2024-08-27 23:00:00,0,1006.6,77.1,0.0,25.9,3.9,0.0,0.0,100.0
2024-08-27 23:15:00,0,1006.6,77.5,0.0,25.8,3.8,0.0,0.0,100.0
2024-08-27 23:30:00,0,1006.6,78.0,0.0,25.8,3.7,0.0,0.0,100.0
2024-08-27 23:45:00,0,1006.6,78.4,0.0,25.8,3.6,0.0,0.0,100.0
2024-08-28 00:00:00,0,1006.6,80.1,0.0,24.8,3.2,0.0,0.0,100.0
2024-08-28 00:15:00,0,1006.6,80.5,0.0,24.7,3.1,0.0,0.0,100.0
2024-08-28 00:30:00,0,1006.6,80.7,0.0,24.6,3.1,0.0,0.0,100.0
2024-08-28 00:45:00,0,1006.6,80.8,0.0,24.6,3.0,0.0,0.0,100.0
2024-08-28 01:00:00,0,1006.6,81.0,0.0,24.6,3.0,0.0,0.0,100.0
2024-08-28 01:15:00,0,1006.6,81.2,0.0,24.6,2.9,0.0,0.0,100.0
2024-08-28 01:30:00,0,1006.6,81.4,0.0,24.6,2.9,0.0,0.0,100.0
2024-08-28 01:45:00,0,1006.6,81.5,0.0,24.6,2.8,0.0,0.0,100.0
2024-08-28 02:00:00,0,1006.6,81.7,0.0,24.6,2.8,0.0,0.0,100.0
2024-08-28 02:15:00,0,1006.6,82.0,0.0,24.6,2.7,0.0,0.0,100.0
2024-08-28 02:30:00,0,1006.6,82.3,0.0,24.5,2.7,0.0,0.0,100.0
2024-08-28 02:45:00,0,1006.6,82.5,0.0,24.4,2.6,0.0,0.0,100.0
2024-08-28 03:00:00,0,1006.6,82.7,0.0,24.3,2.5,0.0,0.0,100.0
2024-08-28 03:15:00,0,1006.6,82.8,0.0,24.2,2.5,0.0,0.0,100.0
2024-08-28 03:30:00,0,1006.6,82.9,0.0,24.1,2.4,0.0,0.0,100.0
2024-08-28 03:45:00,0,1006.6,83.0,0.0,24.1,2.4,0.0,0.0,100.0
2024-08-28 04:00:00,0,1006.6,83.2,0.0,24.1,2.4,0.0,0.0,100.0
2024-08-28 04:15:00,0,1006.6,83.5,0.0,24.1,2.4,0.0,0.0,100.0
2024-08-28 04:30:00,0,1006.6,83.8,0.0,24.1,2.4,0.0,0.0,100.0
2024-08-28 04:45:00,0,1006.6,84.1,0.0,24.1,2.4,0.0,0.0,100.0
2024-08-28 05:00:00,0,1006.6,84.3,0.0,24.0,2.4,0.0,0.0,100.0
2024-08-28 05:15:00,0,1006.6,84.6,0.0,24.0,2.5,0.0,0.0,100.0
2024-08-28 05:30:00,0,1006.6,84.8,0.0,24.0,2.5,0.0,0.0,100.0
2024-08-28 05:45:00,9,1006.6,85.3,0.0,24.0,2.5,0.0,0.0,100.0
2024-08-28 06:00:00,39,1006.6,85.9,0.0,24.0,2.5,37.0,3.14,100.0
2024-08-28 06:15:00,69,1006.6,86.6,0.0,24.0,2.5,77.0,6.26,100.0
2024-08-28 06:30:00,100,1006.6,87.2,0.0,24.1,2.5,118.0,10.26,100.0
2024-08-28 06:45:00,133,1006.6,87.4,0.0,24.3,2.6,174.0,16.88,100.0
2024-08-28 07:00:00,168,1006.6,87.2,0.0,24.6,2.7,233.0,23.38,100.0
2024-08-28 07:15:00,206,1006.6,86.3,0.0,25.0,2.7,285.0,32.51,100.0
2024-08-28 07:30:00,246,1006.6,84.8,0.0,25.4,2.8,340.0,39.84,100.0
2024-08-28 07:45:00,289,1006.6,83.1,0.0,25.8,3.0,408.0,48.6,100.0
2024-08-28 08:00:00,334,1006.6,80.9,0.0,26.3,3.1,458.0,55.68,100.0
2024-08-28 08:15:00,380,1006.7,79.0,0.0,26.6,3.3,518.0,64.02,100.0
2024-08-28 08:30:00,428,1006.7,77.0,0.0,26.9,3.4,564.0,70.71,100.0
2024-08-28 08:45:00,476,1006.7,74.6,0.0,27.2,3.6,609.0,77.36,100.0
2024-08-28 09:00:00,524,1006.7,72.5,0.0,27.4,3.8,649.0,83.44,100.0
2024-08-28 09:15:00,569,1006.7,70.5,0.0,27.6,3.9,690.0,89.57,100.0
2024-08-28 09:30:00,612,1006.7,68.3,0.0,27.7,4.0,721.0,94.3,100.0
2024-08-28 09:45:00,651,1006.7,66.3,0.0,27.9,4.1,757.0,97.84,100.0
2024-08-28 10:00:00,686,1006.7,65.2,0.0,28.0,4.2,783.0,97.84,100.0
2024-08-28 10:15:00,719,1006.7,64.4,0.0,28.0,4.2,814.0,97.84,100.0
2024-08-28 10:30:00,748,1006.7,64.0,0.0,28.1,4.3,841.0,97.84,100.0
2024-08-28 10:45:00,774,1006.7,63.5,0.0,28.2,4.3,868.0,97.84,100.0
2024-08-28 11:00:00,796,1006.7,62.8,0.0,28.3,4.4,893.0,97.84,100.0
2024-08-28 11:15:00,814,1006.7,61.8,0.0,28.3,4.6,921.0,97.84,100.0
2024-08-28 11:30:00,827,1006.7,61.7,0.0,28.4,4.7,943.0,97.84,100.0
2024-08-28 11:45:00,837,1006.7,62.0,0.0,28.4,5.0,950.0,97.84,100.0
2024-08-28 12:00:00,842,1006.7,61.7,0.0,28.5,5.2,948.0,97.84,100.0
2024-08-28 12:15:00,843,1006.7,62.1,0.0,28.5,5.4,952.0,97.84,100.0
2024-08-28 12:30:00,839,1006.7,62.9,0.0,28.5,5.7,949.0,97.84,100.0
2024-08-28 12:45:00,832,1006.7,64.1,0.0,28.3,5.9,928.0,97.84,100.0
2024-08-28 13:00:00,821,1006.7,64.4,0.0,28.3,6.1,918.0,97.84,100.0
2024-08-28 13:15:00,807,1006.7,63.9,0.0,28.3,6.3,883.0,97.84,100.0
2024-08-28 13:30:00,789,1006.7,63.7,0.0,28.3,6.4,864.0,97.84,100.0
2024-08-28 13:45:00,767,1006.7,63.8,0.0,28.3,6.5,827.0,97.84,100.0
2024-08-28 14:00:00,742,1006.7,63.8,0.0,28.3,6.6,798.0,97.84,100.0
2024-08-28 14:15:00,712,1006.7,64.1,0.0,28.2,6.6,761.0,97.84,100.0
2024-08-28 14:30:00,679,1006.7,64.0,0.0,28.2,6.6,725.0,95.64,100.0
2024-08-28 14:45:00,642,1006.7,64.4,0.0,28.2,6.7,693.0,90.53,100.0
2024-08-28 15:00:00,601,1006.7,65.2,0.0,28.2,6.7,667.0,85.69,100.0
2024-08-28 15:15:00,557,1006.7,65.3,0.0,28.2,6.7,629.0,79.71,100.0
2024-08-28 15:30:00,510,1006.7,65.3,0.0,28.2,6.7,591.0,73.66,100.0
2024-08-28 15:45:00,460,1006.7,65.2,0.0,28.1,6.7,545.0,66.73,100.0
2024-08-28 16:00:00,407,1006.7,65.3,0.0,28.1,6.7,497.0,60.16,100.0
2024-08-28 16:15:00,352,1006.6,65.2,0.0,28.0,6.7,444.0,51.97,100.0
2024-08-28 16:30:00,298,1006.6,65.2,0.0,28.0,6.7,390.0,44.74,100.0
2024-08-28 16:45:00,245,1006.6,65.1,0.0,28.0,6.6,329.0,36.59,100.0
2024-08-28 17:00:00,196,1006.6,64.9,0.0,27.9,6.6,269.0,28.39,100.0
2024-08-28 17:15:00,152,1006.6,64.7,0.0,27.9,6.5,211.0,20.32,100.0
2024-08-28 17:30:00,113,1006.6,64.6,0.0,27.8,6.4,160.0,13.83,100.0
2024-08-28 17:45:00,79,1006.6,64.8,0.0,27.7,6.2,104.0,7.76,100.0
2024-08-28 18:00:00,51,1006.6,65.1,0.0,27.6,6.1,66.0,4.5,100.0
2024-08-28 18:15:00,28,1006.6,65.5,0.0,27.5,5.9,25.0,2.35,100.0
2024-08-28 18:30:00,9,1006.6,66.0,0.0,27.3,5.8,0.0,0.0,100.0
2024-08-28 18:45:00,0,1006.6,66.7,0.0,27.2,5.6,0.0,0.0,100.0
2024-08-28 19:00:00,0,1006.6,67.6,0.0,27.1,5.4,0.0,0.0,100.0
2024-08-28 19:15:00,0,1006.6,68.6,0.0,27.0,5.2,0.0,0.0,100.0
2024-08-28 19:30:00,0,1006.6,69.9,0.0,26.8,5.0,0.0,0.0,100.0
2024-08-28 19:45:00,0,1006.6,71.4,0.0,26.8,4.8,0.0,0.0,100.0
2024-08-28 20:00:00,0,1006.6,72.9,0.0,26.7,4.6,0.0,0.0,100.0
2024-08-28 20:15:00,0,1006.6,74.1,0.0,26.6,4.4,0.0,0.0,100.0
2024-08-28 20:30:00,0,1006.6,75.2,0.0,26.4,4.2,0.0,0.0,100.0
2024-08-28 20:45:00,0,1006.6,76.0,0.0,26.2,3.9,0.0,0.0,100.0
2024-08-28 21:00:00,0,1006.6,77.1,0.0,26.0,3.7,0.0,0.0,100.0
2024-08-28 21:15:00,0,1006.6,78.4,0.0,25.7,3.5,0.0,0.0,100.0
2024-08-28 21:30:00,0,1006.6,79.9,0.0,25.6,3.3,0.0,0.0,100.0
2024-08-28 21:45:00,0,1006.6,81.2,0.0,25.4,3.1,0.0,0.0,100.0
2024-08-28 22:00:00,0,1006.6,82.4,0.0,25.3,3.0,0.0,0.0,100.0
2024-08-28 22:15:00,0,1006.6,83.4,0.0,25.1,2.8,0.0,0.0,100.0
2024-08-28 22:30:00,0,1006.6,84.1,0.0,25.0,2.7,0.0,0.0,100.0
2024-08-28 22:45:00,0,1006.6,84.7,0.0,24.9,2.6,0.0,0.0,100.0
2024-08-28 23:00:00,0,1006.6,85.3,0.0,24.8,2.5,0.0,0.0,100.0
2024-08-28 23:15:00,0,1006.6,85.7,0.0,24.7,2.5,0.0,0.0,100.0
2024-08-28 23:30:00,0,1006.6,85.9,0.0,24.7,2.4,0.0,0.0,100.0
2024-08-28 23:45:00,0,1006.6,85.8,0.0,24.6,2.4,0.0,0.0,100.0
2024-08-29 00:00:00,0,1006.6,91.1,0.0,25.0,1.9,0.0,0.0,100.0
2024-08-29 00:15:00,0,1006.6,91.2,0.0,24.9,1.8,0.0,0.0,100.0
2024-08-29 00:30:00,0,1006.6,91.1,0.0,24.9,1.8,0.0,0.0,100.0
2024-08-29 00:45:00,0,1006.6,90.9,0.0,24.9,1.7,0.0,0.0,100.0
2024-08-29 01:00:00,0,1006.6,90.8,0.0,24.9,1.7,0.0,0.0,100.0
2024-08-29 01:15:00,0,1006.6,90.7,0.0,24.9,1.6,0.0,0.0,100.0
2024-08-29 01:30:00,0,1006.6,90.7,0.0,24.9,1.6,0.0,0.0,100.0
2024-08-29 01:45:00,0,1006.6,90.5,0.0,25.0,1.6,0.0,0.0,100.0
2024-08-29 02:00:00,0,1006.6,90.6,0.0,25.0,1.6,0.0,0.0,100.0
2024-08-29 02:15:00,0,1006.6,90.7,0.0,25.0,1.7,0.0,0.0,100.0
2024-08-29 02:30:00,0,1006.6,91.0,0.0,25.0,1.7,0.0,0.0,100.0
2024-08-29 02:45:00,0,1006.6,91.3,0.0,25.0,1.8,0.0,0.0,100.0
2024-08-29 03:00:00,0,1006.6,92.1,0.0,25.0,1.8,0.0,0.0,100.0
2024-08-29 03:15:00,0,1006.6,93.0,0.0,24.9,1.8,0.0,0.0,100.0
2024-08-29 03:30:00,0,1006.6,94.2,0.0,24.8,1.9,0.0,0.0,100.0
2024-08-29 03:45:00,0,1006.6,95.1,0.0,24.6,1.9,0.0,0.0,100.0
2024-08-29 04:00:00,0,1006.6,95.5,0.0,24.4,1.9,0.0,0.0,100.0
2024-08-29 04:15:00,0,1006.6,95.7,0.0,24.2,1.9,0.0,0.0,100.0
2024-08-29 04:30:00,0,1006.6,95.9,0.0,24.1,1.9,0.0,0.0,100.0
2024-08-29 04:45:00,0,1006.6,96.1,0.0,24.0,1.9,0.0,0.0,100.0
2024-08-29 05:00:00,0,1006.6,96.3,0.0,24.0,1.9,0.0,0.0,100.0
2024-08-29 05:15:00,0,1006.6,96.3,0.0,23.9,1.8,0.0,0.0,100.0
2024-08-29 05:30:00,0,1006.6,96.3,0.0,23.9,1.8,0.0,0.0,100.0
2024-08-29 05:45:00,7,1006.6,96.3,0.0,23.9,1.7,0.0,0.0,100.0
2024-08-29 06:00:00,34,1006.6,96.4,0.0,23.8,1.7,36.0,3.2,100.0
2024-08-29 06:15:00,62,1006.6,96.4,0.0,23.8,1.6,77.0,6.18,100.0
2024-08-29 06:30:00,91,1006.6,96.3,0.0,23.8,1.5,116.0,10.26,100.0
2024-08-29 06:45:00,122,1006.6,96.1,0.0,23.9,1.5,165.0,16.28,100.0
2024-08-29 07:00:00,154,1006.6,95.7,0.0,24.0,1.4,217.0,23.42,100.0
2024-08-29 07:15:00,190,1006.6,95.2,0.0,24.1,1.3,278.0,31.72,100.0
2024-08-29 07:30:00,228,1006.6,94.5,0.0,24.3,1.3,330.0,39.1,100.0
2024-08-29 07:45:00,269,1006.6,93.6,0.0,24.5,1.3,396.0,48.09,100.0
2024-08-29 08:00:00,312,1006.6,93.1,0.0,24.7,1.3,449.0,55.22,100.0
2024-08-29 08:15:00,357,1006.6,92.3,0.0,25.0,1.3,503.0,63.2,100.0
2024-08-29 08:30:00,404,1006.6,91.2,0.0,25.3,1.4,554.0,69.72,100.0
2024-08-29 08:45:00,450,1006.6,89.9,0.0,25.6,1.5,599.0,76.88,100.0
2024-08-29 09:00:00,496,1006.6,88.5,0.0,25.8,1.7,641.0,82.64,100.0
2024-08-29 09:15:00,539,1006.7,87.1,0.0,26.0,1.9,679.0,88.91,100.0
2024-08-29 09:30:00,580,1006.7,85.8,0.0,26.2,2.1,708.0,93.88,100.0
2024-08-29 09:45:00,616,1006.7,84.3,0.0,26.4,2.3,739.0,97.74,100.0
2024-08-29 10:00:00,647,1006.7,82.8,0.0,26.5,2.4,778.0,98.34,100.0
2024-08-29 10:15:00,675,1006.7,81.2,0.0,26.6,2.6,807.0,98.34,100.0
2024-08-29 10:30:00,699,1006.7,79.7,0.0,26.7,2.7,831.0,98.34,100.0
2024-08-29 10:45:00,719,1006.7,78.5,0.0,26.7,2.9,864.0,98.34,100.0
2024-08-29 11:00:00,735,1006.7,77.4,0.0,26.8,3.0,892.0,98.34,100.0
2024-08-29 11:15:00,747,1006.7,76.6,0.0,26.9,3.1,924.0,98.34,100.0
2024-08-29 11:30:00,755,1006.7,75.9,0.0,26.9,3.1,932.0,98.34,100.0
2024-08-29 11:45:00,759,1006.7,74.7,0.0,27.0,3.2,949.0,98.34,100.0
2024-08-29 12:00:00,760,1006.7,73.8,0.0,27.1,3.3,963.0,98.34,100.0
2024-08-29 12:15:00,759,1006.7,72.6,0.0,27.2,3.4,947.0,98.34,100.0
2024-08-29 12:30:00,754,1006.7,71.2,0.0,27.2,3.4,945.0,98.34,100.0
2024-08-29 12:45:00,747,1006.7,70.2,0.0,27.3,3.5,931.0,98.34,100.0
2024-08-29 13:00:00,739,1006.7,69.7,0.0,27.3,3.6,913.0,98.34,100.0
2024-08-29 13:15:00,729,1006.6,69.3,0.0,27.4,3.7,891.0,98.34,100.0
2024-08-29 13:30:00,716,1006.6,69.8,0.0,27.4,3.7,868.0,98.34,100.0
2024-08-29 13:45:00,700,1006.6,70.3,0.0,27.4,3.8,843.0,98.34,100.0
2024-08-29 14:00:00,681,1006.6,70.1,0.0,27.4,3.8,816.0,98.34,100.0
2024-08-29 14:15:00,658,1006.6,69.5,0.0,27.5,3.8,782.0,98.34,100.0
2024-08-29 14:30:00,631,1006.6,68.6,0.0,27.5,3.8,749.0,97.61,100.0
2024-08-29 14:45:00,600,1006.6,68.1,0.0,27.5,3.8,715.0,92.38,100.0
2024-08-29 15:00:00,565,1006.6,67.8,0.0,27.6,3.8,682.0,87.4,100.0
2024-08-29 15:15:00,526,1006.6,68.1,0.0,27.6,3.8,636.0,80.82,100.0
2024-08-29 15:30:00,483,1006.6,68.3,0.0,27.6,3.8,609.0,75.59,100.0
2024-08-29 15:45:00,437,1006.6,68.4,0.0,27.6,3.8,560.0,68.06,100.0
2024-08-29 16:00:00,388,1006.6,68.5,0.0,27.6,3.7,512.0,61.15,100.0
2024-08-29 16:15:00,336,1006.6,68.4,0.0,27.6,3.6,452.0,53.08,100.0
2024-08-29 16:30:00,285,1006.6,68.5,0.0,27.6,3.6,394.0,45.17,100.0
2024-08-29 16:45:00,235,1006.6,68.5,0.0,27.5,3.5,329.0,35.94,100.0
2024-08-29 17:00:00,188,1006.6,68.6,0.0,27.5,3.4,275.0,28.2,100.0
2024-08-29 17:15:00,145,1006.6,68.7,0.0,27.5,3.3,210.0,19.96,100.0
2024-08-29 17:30:00,108,1006.6,68.7,0.0,27.4,3.1,158.0,13.66,100.0
2024-08-29 17:45:00,75,1006.6,68.8,0.0,27.3,3.0,102.0,7.73,100.0
2024-08-29 18:00:00,48,1006.6,69.2,0.0,27.2,2.9,64.0,4.54,100.0
2024-08-29 18:15:00,26,1006.6,70.0,0.0,27.1,2.8,20.0,2.3,100.0
2024-08-29 18:30:00,8,1006.6,70.9,0.0,27.0,2.7,0.0,0.0,100.0
2024-08-29 18:45:00,0,1006.6,72.1,0.0,26.9,2.7,0.0,0.0,100.0
2024-08-29 19:00:00,0,1006.6,73.3,0.0,26.7,2.6,0.0,0.0,100.0
2024-08-29 19:15:00,0,1006.6,74.6,0.0,26.6,2.5,0.0,0.0,100.0
2024-08-29 19:30:00,0,1006.6,75.7,0.0,26.5,2.5,0.0,0.0,100.0
2024-08-29 19:45:00,0,1006.6,76.7,0.0,26.3,2.4,0.0,0.0,100.0
2024-08-29 20:00:00,0,1006.6,77.4,0.0,26.2,2.3,0.0,0.0,100.0
2024-08-29 20:15:00,0,1006.6,77.8,0.0,26.0,2.3,0.0,0.0,100.0
2024-08-29 20:30:00,0,1006.6,78.3,0.0,25.9,2.2,0.0,0.0,100.0
2024-08-29 20:45:00,0,1006.6,78.9,0.0,25.7,2.1,0.0,0.0,100.0
2024-08-29 21:00:00,0,1006.6,79.7,0.0,25.6,2.1,0.0,0.0,100.0
2024-08-29 21:15:00,0,1006.6,80.5,0.0,25.5,2.0,0.0,0.0,100.0
2024-08-29 21:30:00,0,1006.6,80.9,0.0,25.4,2.0,0.0,0.0,100.0
2024-08-29 21:45:00,0,1006.6,80.9,0.0,25.3,1.9,0.0,0.0,100.0
2024-08-29 22:00:00,0,1006.6,80.5,0.0,25.3,1.9,0.0,0.0,100.0
2024-08-29 22:15:00,0,1006.6,79.6,0.0,25.3,1.9,0.0,0.0,100.0
2024-08-29 22:30:00,0,1006.6,78.5,0.0,25.3,1.9,0.0,0.0,100.0
2024-08-29 22:45:00,0,1006.6,77.3,0.0,25.3,1.9,0.0,0.0,100.0
2024-08-29 23:00:00,0,1006.6,76.3,0.0,25.3,1.9,0.0,0.0,100.0
2024-08-29 23:15:00,0,1006.6,75.6,0.0,25.3,1.9,0.0,0.0,100.0
2024-08-29 23:30:00,0,1006.6,75.3,0.0,25.2,1.9,0.0,0.0,100.0
2024-08-29 23:45:00,0,1006.6,75.3,0.0,25.2,1.9,0.0,0.0,100.0
2024-08-30 00:00:00,0,1006.6,73.7,0.0,25.5,1.8,0.0,0.0,100.0
2024-08-30 00:15:00,0,1006.6,73.5,0.0,25.4,1.9,0.0,0.0,100.0
2024-08-30 00:30:00,0,1006.6,73.6,0.0,25.3,2.0,0.0,0.0,100.0
2024-08-30 00:45:00,0,1006.6,74.1,0.0,25.2,2.0,0.0,0.0,100.0
2024-08-30 01:00:00,0,1006.6,74.7,0.0,25.1,2.1,0.0,0.0,100.0
2024-08-30 01:15:00,0,1006.6,75.5,0.0,25.0,2.2,0.0,0.0,100.0
2024-08-30 01:30:00,0,1006.6,76.7,0.0,24.8,2.3,0.0,0.0,100.0
2024-08-30 01:45:00,0,1006.6,78.1,0.0,24.7,2.4,0.0,0.0,100.0
2024-08-30 02:00:00,0,1006.6,79.3,0.0,24.5,2.4,0.0,0.0,100.0
2024-08-30 02:15:00,0,1006.6,80.6,0.0,24.4,2.5,0.0,0.0,100.0
2024-08-30 02:30:00,0,1006.6,82.1,0.0,24.3,2.6,0.0,0.0,100.0
2024-08-30 02:45:00,0,1006.6,83.8,0.0,24.2,2.6,0.0,0.0,100.0
2024-08-30 03:00:00,0,1006.6,85.5,0.0,24.0,2.6,0.0,0.0,100.0
2024-08-30 03:15:00,0,1006.6,87.0,0.0,24.0,2.7,0.0,0.0,100.0
2024-08-30 03:30:00,0,1006.6,88.2,0.0,23.9,2.7,0.0,0.0,100.0
2024-08-30 03:45:00,0,1006.6,89.2,0.0,23.8,2.7,0.0,0.0,100.0
2024-08-30 04:00:00,0,1006.6,90.0,0.0,23.8,2.8,0.0,0.0,100.0
2024-08-30 04:15:00,0,1006.6,90.4,0.0,23.7,2.8,0.0,0.0,100.0
2024-08-30 04:30:00,0,1006.6,90.7,0.0,23.7,2.8,0.0,0.0,100.0
2024-08-30 04:45:00,0,1006.6,91.0,0.0,23.6,2.8,0.0,0.0,100.0
2024-08-30 05:00:00,0,1006.6,91.5,0.0,23.6,2.8,0.0,0.0,100.0
2024-08-30 05:15:00,0,1006.6,92.0,0.0,23.6,2.8,0.0,0.0,100.0
2024-08-30 05:30:00,0,1006.6,92.3,0.0,23.5,2.8,0.0,0.0,100.0
2024-08-30 05:45:00,6,1006.6,92.5,0.0,23.5,2.8,0.0,0.0,100.0
2024-08-30 06:00:00,34,1006.6,92.7,0.0,23.5,2.7,25.0,3.2,100.0
2024-08-30 06:15:00,63,1006.6,93.0,0.0,23.6,2.7,52.0,5.76,100.0
2024-08-30 06:30:00,93,1006.6,93.3,0.0,23.6,2.6,86.0,8.97,100.0
2024-08-30 06:45:00,124,1006.6,93.5,0.0,23.8,2.5,136.0,14.52,100.0
2024-08-30 07:00:00,159,1006.6,93.5,0.0,23.9,2.5,172.0,18.86,100.0
2024-08-30 07:15:00,196,1006.6,93.2,0.0,24.1,2.4,214.0,23.88,100.0
2024-08-30 07:30:00,236,1006.6,92.8,0.0,24.4,2.3,270.0,31.31,100.0
2024-08-30 07:45:00,280,1006.6,92.2,0.0,24.7,2.2,353.0,40.09,100.0
2024-08-30 08:00:00,326,1006.6,91.4,0.0,25.0,2.1,369.0,44.27,100.0
2024-08-30 08:15:00,374,1006.6,90.4,0.0,25.3,2.0,414.0,51.24,100.0
2024-08-30 08:30:00,423,1006.6,88.8,0.0,25.7,1.9,476.0,57.67,100.0
2024-08-30 08:45:00,473,1006.6,86.0,0.0,26.2,1.8,523.0,66.26,100.0
2024-08-30 09:00:00,522,1006.6,83.4,0.0,26.6,1.7,574.0,72.12,100.0
2024-08-30 09:15:00,568,1006.7,81.3,0.0,27.0,1.7,610.0,76.9,100.0
2024-08-30 09:30:00,611,1006.7,79.3,0.0,27.4,1.6,646.0,81.91,100.0
2024-08-30 09:45:00,649,1006.7,77.6,0.0,27.7,1.7,656.0,87.86,100.0
2024-08-30 10:00:00,683,1006.7,76.0,0.0,27.9,1.8,698.0,89.96,100.0
2024-08-30 10:15:00,713,1006.7,74.8,0.0,27.9,1.9,720.0,91.68,100.0
2024-08-30 10:30:00,738,1006.7,74.5,0.0,27.9,2.1,655.0,79.04,100.0
2024-08-30 10:45:00,759,1006.7,75.3,0.0,27.9,2.2,490.0,71.55,100.0
2024-08-30 11:00:00,775,1006.7,76.1,0.0,27.9,2.5,428.0,94.25,100.0
2024-08-30 11:15:00,787,1006.7,76.8,0.0,27.8,2.7,837.0,99.64,100.0
2024-08-30 11:30:00,795,1006.7,77.7,0.0,27.8,2.9,817.0,99.64,100.0
2024-08-30 11:45:00,799,1006.7,78.0,0.0,27.8,3.0,839.0,99.74,100.0
2024-08-30 12:00:00,800,1006.7,77.9,0.0,27.8,3.1,877.0,99.93,100.0
2024-08-30 12:15:00,798,1006.7,77.6,0.0,27.9,3.1,881.0,96.5,100.0
2024-08-30 12:30:00,793,1006.7,77.4,0.0,27.9,3.2,877.0,99.83,100.0
2024-08-30 12:45:00,785,1006.7,77.1,0.0,28.0,3.2,863.0,99.83,100.0
2024-08-30 13:00:00,776,1006.7,76.6,0.0,28.1,3.2,845.0,99.83,100.0
2024-08-30 13:15:00,764,1006.7,76.0,0.0,28.1,3.2,816.0,99.83,100.0
2024-08-30 13:30:00,750,1006.7,75.3,0.0,28.2,3.2,805.0,99.04,100.0
2024-08-30 13:45:00,733,1006.7,74.5,0.0,28.2,3.2,786.0,98.6,100.0
2024-08-30 14:00:00,712,1006.7,73.6,0.0,28.3,3.1,742.0,95.44,100.0
2024-08-30 14:15:00,688,1006.7,72.7,0.0,28.3,3.1,696.0,89.37,100.0
2024-08-30 14:30:00,659,1006.7,71.7,0.0,28.4,3.1,658.0,86.28,100.0
2024-08-30 14:45:00,626,1006.7,70.8,0.0,28.5,3.0,628.0,80.76,100.0
2024-08-30 15:00:00,589,1006.7,69.8,0.0,28.5,2.9,593.0,74.62,100.0
2024-08-30 15:15:00,547,1006.7,68.8,0.0,28.6,2.8,531.0,69.07,100.0
2024-08-30 15:30:00,502,1006.7,68.1,0.0,28.6,2.7,510.0,61.64,100.0
2024-08-30 15:45:00,453,1006.7,67.6,0.0,28.7,2.6,464.0,54.8,100.0
2024-08-30 16:00:00,401,1006.7,66.9,0.0,28.8,2.5,421.0,49.31,100.0
2024-08-30 16:15:00,346,1006.7,66.2,0.0,28.9,2.4,364.0,41.95,100.0
2024-08-30 16:30:00,292,1006.7,65.6,0.0,28.9,2.3,307.0,34.6,100.0
2024-08-30 16:45:00,239,1006.7,65.1,0.0,29.0,2.2,260.0,28.76,100.0
2024-08-30 17:00:00,190,1006.7,64.8,0.0,29.0,2.1,210.0,22.85,100.0
2024-08-30 17:15:00,146,1006.7,64.7,0.0,29.0,2.0,160.0,16.17,100.0
2024-08-30 17:30:00,107,1006.7,65.0,0.0,29.0,2.0,115.0,11.6,100.0
2024-08-30 17:45:00,74,1006.7,65.7,0.0,28.9,1.9,72.0,7.38,100.0
2024-08-30 18:00:00,46,1006.7,66.7,0.0,28.8,1.9,41.0,4.56,100.0
2024-08-30 18:15:00,24,1006.7,67.8,0.0,28.7,1.8,14.0,2.17,100.0
2024-08-30 18:30:00,6,1006.7,69.1,0.0,28.6,1.8,0.0,0.0,100.0
2024-08-30 18:45:00,0,1006.7,70.4,0.0,28.5,1.8,0.0,0.0,100.0
2024-08-30 19:00:00,0,1006.7,71.6,0.0,28.4,1.8,0.0,0.0,100.0
2024-08-30 19:15:00,0,1006.7,72.6,0.0,28.2,1.8,0.0,0.0,100.0
2024-08-30 19:30:00,0,1006.7,73.3,0.0,28.1,1.8,0.0,0.0,100.0
2024-08-30 19:45:00,0,1006.7,74.0,0.0,28.0,1.8,0.0,0.0,100.0
2024-08-30 20:00:00,0,1006.7,74.6,0.0,27.9,1.9,0.0,0.0,100.0
2024-08-30 20:15:00,0,1006.7,75.4,0.0,27.7,1.9,0.0,0.0,100.0
2024-08-30 20:30:00,0,1006.7,76.0,0.0,27.6,1.9,0.0,0.0,100.0
2024-08-30 20:45:00,0,1006.7,76.5,0.0,27.5,1.9,0.0,0.0,100.0
2024-08-30 21:00:00,0,1006.7,76.9,0.0,27.4,1.9,0.0,0.0,100.0
2024-08-30 21:15:00,0,1006.7,77.4,0.0,27.2,1.9,0.0,0.0,100.0
2024-08-30 21:30:00,0,1006.7,77.8,0.0,27.1,1.9,0.0,0.0,100.0
2024-08-30 21:45:00,0,1006.7,78.2,0.0,27.0,1.8,0.0,0.0,100.0
2024-08-30 22:00:00,0,1006.7,78.6,0.0,26.9,1.7,0.0,0.0,100.0
2024-08-30 22:15:00,0,1006.7,78.8,0.0,26.8,1.6,0.0,0.0,100.0
2024-08-30 22:30:00,0,1006.7,79.0,0.0,26.8,1.5,0.0,0.0,100.0
2024-08-30 22:45:00,0,1006.7,79.0,0.0,26.8,1.4,0.0,0.0,100.0
2024-08-30 23:00:00,0,1006.7,79.0,0.0,26.8,1.3,0.0,0.0,100.0
2024-08-30 23:15:00,0,1006.7,78.9,0.0,26.7,1.2,0.0,0.0,100.0
2024-08-30 23:30:00,0,1006.7,79.1,0.0,26.7,1.2,0.0,0.0,100.0
2024-08-30 23:45:00,0,1006.7,79.2,0.0,26.7,1.1,0.0,0.0,100.0
2024-08-31 00:00:00,0,1006.7,80.5,0.0,26.8,1.0,0.0,0.0,100.0
2024-08-31 00:15:00,0,1006.7,80.7,0.0,26.7,1.0,0.0,0.0,100.0
2024-08-31 00:30:00,0,1006.7,81.0,0.0,26.6,1.0,0.0,0.0,100.0
2024-08-31 00:45:00,0,1006.7,81.2,0.0,26.6,1.1,0.0,0.0,100.0
2024-08-31 01:00:00,0,1006.7,81.3,0.0,26.5,1.1,0.0,0.0,100.0
2024-08-31 01:15:00,0,1006.7,81.4,0.0,26.4,1.1,0.0,0.0,100.0
2024-08-31 01:30:00,0,1006.7,81.5,0.0,26.4,1.1,0.0,0.0,100.0
2024-08-31 01:45:00,0,1006.7,81.7,0.0,26.3,1.1,0.0,0.0,100.0
2024-08-31 02:00:00,0,1006.7,81.9,0.0,26.2,1.1,0.0,0.0,100.0
2024-08-31 02:15:00,0,1006.7,82.2,0.0,26.1,1.1,0.0,0.0,100.0
2024-08-31 02:30:00,0,1006.7,82.5,0.0,26.1,1.1,0.0,0.0,100.0
2024-08-31 02:45:00,0,1006.7,82.8,0.0,26.0,1.1,0.0,0.0,100.0
2024-08-31 03:00:00,0,1006.7,83.3,0.0,26.0,1.1,0.0,0.0,100.0
2024-08-31 03:15:00,0,1006.7,83.7,0.0,25.9,1.1,0.0,0.0,100.0
2024-08-31 03:30:00,0,1006.7,84.1,0.0,25.8,1.2,0.0,0.0,100.0
2024-08-31 03:45:00,0,1006.7,84.7,0.0,25.8,1.2,0.0,0.0,100.0
2024-08-31 04:00:00,0,1006.7,85.4,0.0,25.7,1.2,0.0,0.0,100.0
2024-08-31 04:15:00,0,1006.7,86.2,0.0,25.6,1.3,0.0,0.0,100.0
2024-08-31 04:30:00,0,1006.7,86.9,0.0,25.5,1.3,0.0,0.0,100.0
2024-08-31 04:45:00,0,1006.7,87.6,0.0,25.5,1.3,0.0,0.0,100.0
2024-08-31 05:00:00,0,1006.7,88.2,0.0,25.5,1.4,0.0,0.0,100.0
2024-08-31 05:15:00,0,1006.7,88.7,0.0,25.4,1.4,0.0,0.0,100.0
2024-08-31 05:30:00,0,1006.7,89.2,0.0,25.3,1.4,0.0,0.0,100.0
2024-08-31 05:45:00,5,1006.7,89.7,0.0,25.3,1.4,0.0,0.0,100.0
2024-08-31 06:00:00,32,1006.7,90.2,0.0,25.2,1.4,28.0,3.44,100.0
2024-08-31 06:15:00,60,1006.7,90.7,0.0,25.1,1.4,55.0,6.07,100.0
2024-08-31 06:30:00,89,1006.7,91.2,0.0,25.1,1.4,91.0,9.71,100.0
2024-08-31 06:45:00,120,1006.7,91.6,0.0,25.2,1.5,135.0,14.32,100.0
2024-08-31 07:00:00,154,1006.7,91.7,0.0,25.3,1.6,175.0,18.9,100.0
2024-08-31 07:15:00,190,1006.7,91.6,0.0,25.4,1.7,229.0,26.05,100.0
2024-08-31 07:30:00,230,1006.7,91.2,0.0,25.6,1.8,271.0,32.01,100.0
2024-08-31 07:45:00,273,1006.7,90.6,0.0,25.7,1.9,322.0,38.79,100.0
2024-08-31 08:00:00,319,1006.7,89.8,0.0,25.9,2.0,387.0,46.43,100.0
2024-08-31 08:15:00,367,1006.7,89.0,0.0,26.0,2.2,436.0,52.74,100.0
2024-08-31 08:30:00,417,1006.7,88.4,0.0,26.1,2.3,488.0,59.33,100.0
2024-08-31 08:45:00,467,1006.7,87.2,0.0,26.3,2.4,527.0,63.46,100.0
2024-08-31 09:00:00,516,1006.7,86.1,0.0,26.4,2.6,587.0,65.01,100.0
2024-08-31 09:15:00,563,1006.7,85.8,0.0,26.5,2.7,644.0,76.19,100.0
2024-08-31 09:30:00,607,1006.7,86.1,0.0,26.5,2.7,602.0,86.08,100.0
2024-08-31 09:45:00,646,1006.7,86.2,0.0,26.5,2.8,664.0,78.22,100.0
2024-08-31 10:00:00,681,1006.7,85.5,0.0,26.6,2.9,706.0,86.57,100.0
2024-08-31 10:15:00,712,1006.7,84.5,0.0,26.7,3.0,719.0,94.52,100.0
2024-08-31 10:30:00,740,1006.7,83.3,0.0,26.8,3.1,737.0,98.16,100.0
2024-08-31 10:45:00,763,1006.7,82.5,0.0,26.9,3.3,830.0,99.37,100.0
2024-08-31 11:00:00,782,1006.7,81.9,0.0,27.0,3.4,843.0,97.74,100.0
2024-08-31 11:15:00,796,1006.7,81.5,0.0,27.1,3.5,466.0,97.81,100.0
2024-08-31 11:30:00,807,1006.7,81.3,0.0,27.2,3.7,556.0,99.83,100.0
2024-08-31 11:45:00,813,1006.7,81.7,0.0,27.2,3.8,846.0,93.29,100.0
2024-08-31 12:00:00,814,1006.7,82.4,0.0,27.2,3.9,426.0,94.05,100.0
2024-08-31 12:15:00,812,1006.7,83.0,0.0,27.2,4.1,850.0,72.54,100.0
2024-08-31 12:30:00,807,1006.7,83.6,0.0,27.2,4.2,858.0,87.63,100.0
2024-08-31 12:45:00,797,1006.7,84.4,0.0,27.2,4.3,831.0,97.84,100.0
2024-08-31 13:00:00,785,1006.7,84.6,0.0,27.2,4.4,819.0,99.33,100.0
2024-08-31 13:15:00,770,1006.7,84.3,0.0,27.2,4.4,801.0,99.61,100.0
2024-08-31 13:30:00,751,1006.7,84.0,0.0,27.3,4.5,770.0,99.18,100.0
2024-08-31 13:45:00,728,1006.7,83.6,0.0,27.3,4.5,757.0,97.61,100.0
2024-08-31 14:00:00,702,1006.7,83.0,0.0,27.3,4.6,732.0,94.47,100.0
2024-08-31 14:15:00,673,1006.7,82.6,0.0,27.4,4.6,697.0,90.47,100.0
2024-08-31 14:30:00,640,1006.7,81.9,0.0,27.4,4.6,634.0,85.38,100.0
2024-08-31 14:45:00,603,1006.7,81.3,0.0,27.4,4.6,609.0,81.05,100.0
2024-08-31 15:00:00,563,1006.7,80.9,0.0,27.4,4.6,387.0,73.26,100.0
2024-08-31 15:15:00,520,1006.7,80.6,0.0,27.5,4.5,560.0,68.89,100.0
2024-08-31 15:30:00,474,1006.7,80.1,0.0,27.5,4.5,506.0,61.07,100.0
2024-08-31 15:45:00,427,1006.7,79.4,0.0,27.5,4.5,487.0,59.1,100.0
2024-08-31 16:00:00,376,1006.7,78.6,0.0,27.5,4.4,423.0,50.92,100.0
2024-08-31 16:15:00,323,1006.7,77.7,0.0,27.6,4.3,370.0,42.35,100.0
2024-08-31 16:30:00,272,1006.7,76.5,0.0,27.6,4.3,315.0,36.92,100.0
2024-08-31 16:45:00,222,1006.7,75.3,0.0,27.6,4.2,269.0,29.28,100.0
2024-08-31 17:00:00,176,1006.7,74.3,0.0,27.6,4.1,214.0,19.33,100.0
2024-08-31 17:15:00,135,1006.7,73.3,0.0,27.6,3.9,165.0,17.3,100.0
2024-08-31 17:30:00,99,1006.7,72.6,0.0,27.6,3.8,122.0,11.51,100.0
2024-08-31 17:45:00,68,1006.7,72.0,0.0,27.6,3.6,73.0,7.1,100.0
2024-08-31 18:00:00,42,1006.7,72.0,0.0,27.6,3.4,46.0,4.71,100.0
2024-08-31 18:15:00,21,1006.7,71.9,0.0,27.5,3.3,16.0,2.21,100.0
2024-08-31 18:30:00,4,1006.7,71.9,0.0,27.4,3.1,0.0,0.0,100.0
2024-08-31 18:45:00,0,1006.7,71.8,0.0,27.4,2.9,0.0,0.0,100.0
2024-08-31 19:00:00,0,1006.7,72.0,0.0,27.4,2.8,0.0,0.0,100.0
2024-08-31 19:15:00,0,1006.7,72.5,0.0,27.3,2.6,0.0,0.0,100.0
2024-08-31 19:30:00,0,1006.7,73.3,0.0,27.2,2.4,0.0,0.0,100.0
2024-08-31 19:45:00,0,1006.7,74.0,0.0,27.2,2.3,0.0,0.0,100.0
2024-08-31 20:00:00,0,1006.7,74.5,0.0,27.1,2.2,0.0,0.0,100.0
2024-08-31 20:15:00,0,1006.7,75.1,0.0,27.0,2.1,0.0,0.0,100.0
2024-08-31 20:30:00,0,1006.6,76.0,0.0,26.9,2.1,0.0,0.0,100.0
2024-08-31 20:45:00,0,1006.6,77.1,0.0,26.8,2.2,0.0,0.0,100.0
2024-08-31 21:00:00,0,1006.6,78.5,0.0,26.7,2.3,0.0,0.0,100.0
2024-08-31 21:15:00,0,1006.6,80.1,0.0,26.7,2.5,0.0,0.0,100.0
2024-08-31 21:30:00,0,1006.6,81.8,0.0,26.6,2.7,0.0,0.0,100.0
2024-08-31 21:45:00,0,1006.6,83.8,0.0,26.4,3.0,0.0,0.0,100.0
2024-08-31 22:00:00,0,1006.6,85.8,0.0,26.3,3.2,0.0,0.0,100.0
2024-08-31 22:15:00,0,1006.6,87.2,0.0,26.2,3.4,0.0,0.0,100.0
2024-08-31 22:30:00,0,1006.6,89.0,0.0,26.0,3.7,0.0,0.0,100.0
2024-08-31 22:45:00,0,1006.6,91.0,0.0,25.8,3.9,0.0,0.0,100.0
2024-08-31 23:00:00,0,1006.6,93.0,0.0,25.6,4.0,0.0,0.0,100.0
2024-08-31 23:15:00,0,1006.6,95.1,0.0,25.5,4.2,0.0,0.0,100.0
2024-08-31 23:30:00,0,1006.6,96.4,0.0,25.4,4.3,0.0,0.0,100.0
2024-08-31 23:45:00,0,1006.6,97.2,0.0,25.4,4.3,0.0,0.0,100.0
2024-09-01 00:00:00,0,1006.6,95.9,0.0,26.3,5.2,0.0,0.0,100.0
2024-09-01 00:15:00,0,1006.6,95.6,0.0,26.3,5.2,0.0,0.0,100.0
2024-09-01 00:30:00,0,1006.6,95.5,0.0,26.2,5.2,0.0,0.0,100.0
2024-09-01 00:45:00,0,1006.6,95.5,0.0,26.2,5.2,0.0,0.0,100.0
2024-09-01 01:00:00,0,1006.6,95.6,0.0,26.1,5.1,0.0,0.0,100.0
2024-09-01 01:15:00,0,1006.6,95.8,0.0,26.1,5.1,0.0,0.0,100.0
2024-09-01 01:30:00,0,1006.6,95.9,0.0,26.0,5.1,0.0,0.0,100.0
2024-09-01 01:45:00,0,1006.6,96.1,0.0,26.0,5.1,0.0,0.0,100.0
2024-09-01 02:00:00,0,1006.6,96.2,0.0,25.9,5.0,0.0,0.0,100.0
2024-09-01 02:15:00,0,1006.6,96.3,0.0,25.9,5.0,0.0,0.0,100.0
2024-09-01 02:30:00,0,1006.6,96.4,0.0,25.9,5.0,0.0,0.0,100.0
2024-09-01 02:45:00,0,1006.6,96.4,0.0,25.8,5.0,0.0,0.0,100.0
2024-09-01 03:00:00,0,1006.6,96.5,0.0,25.8,5.0,0.0,0.0,100.0
2024-09-01 03:15:00,0,1006.6,96.6,0.0,25.8,5.0,0.0,0.0,100.0
2024-09-01 03:30:00,0,1006.6,96.6,0.0,25.8,5.0,0.0,0.0,100.0
2024-09-01 03:45:00,0,1006.6,96.6,0.0,25.7,5.0,0.0,0.0,100.0
2024-09-01 04:00:00,0,1006.6,96.8,0.0,25.7,5.0,0.0,0.0,100.0
2024-09-01 04:15:00,0,1006.6,96.9,0.0,25.7,5.0,0.0,0.0,100.0
2024-09-01 04:30:00,0,1006.6,96.9,0.0,25.7,5.0,0.0,0.0,100.0
2024-09-01 04:45:00,0,1006.6,97.0,0.0,25.6,5.0,0.0,0.0,100.0
2024-09-01 05:00:00,0,1006.6,97.1,0.0,25.6,5.0,0.0,0.0,100.0
2024-09-01 05:15:00,0,1006.6,97.2,0.0,25.6,4.9,0.0,0.0,100.0
2024-09-01 05:30:00,0,1006.6,97.2,0.0,25.6,4.9,0.0,0.0,100.0
2024-09-01 05:45:00,4,1006.6,97.3,0.0,25.6,4.9,0.0,0.0,100.0
2024-09-01 06:00:00,28,1006.6,97.4,0.0,25.6,4.9,22.0,2.79,100.0
2024-09-01 06:15:00,55,1006.6,97.4,0.0,25.6,4.9,55.0,5.92,100.0
2024-09-01 06:30:00,82,1006.6,97.2,0.0,25.6,4.9,61.0,5.87,100.0
2024-09-01 06:45:00,111,1006.6,96.8,0.0,25.7,4.9,70.0,6.99,100.0
2024-09-01 07:00:00,143,1006.6,96.2,0.0,25.9,4.9,140.0,11.13,100.0
2024-09-01 07:15:00,178,1006.6,95.5,0.0,26.0,5.0,210.0,19.51,100.0
2024-09-01 07:30:00,216,1006.6,94.9,0.0,26.1,5.0,254.0,28.52,100.0
2024-09-01 07:45:00,258,1006.6,94.3,0.0,26.3,5.0,300.0,35.43,100.0
2024-09-01 08:00:00,302,1006.6,93.3,0.0,26.6,5.0,369.0,40.09,100.0
2024-09-01 08:15:00,348,1006.6,91.5,0.0,26.9,5.1,362.0,36.97,100.0
2024-09-01 08:30:00,396,1006.6,89.4,0.0,27.3,5.1,419.0,53.07,100.0
2024-09-01 08:45:00,444,1006.6,87.4,0.0,27.6,5.0,471.0,58.8,100.0
2024-09-01 09:00:00,490,1006.6,85.2,0.0,28.0,5.0,521.0,66.92,100.0
2024-09-01 09:15:00,535,1006.6,82.5,0.0,28.3,4.9,562.0,71.1,100.0
2024-09-01 09:30:00,574,1006.7,81.0,0.0,28.6,4.8,628.0,66.8,100.0
2024-09-01 09:45:00,609,1006.7,79.7,0.0,28.9,4.7,588.0,75.99,100.0
2024-09-01 10:00:00,639,1006.7,78.1,0.0,29.2,4.5,569.0,73.69,100.0
2024-09-01 10:15:00,664,1006.7,76.3,0.0,29.5,4.3,244.0,33.53,100.0
2024-09-01 10:30:00,685,1006.7,75.1,0.0,29.7,4.1,522.0,64.16,100.0
2024-09-01 10:45:00,701,1006.7,74.2,0.0,29.9,3.9,613.0,61.24,100.0
2024-09-01 11:00:00,713,1006.7,73.3,0.0,30.2,3.7,512.0,43.25,100.0
2024-09-01 11:15:00,719,1006.7,72.1,0.0,30.4,3.5,120.0,13.63,100.0
2024-09-01 11:30:00,721,1006.7,71.4,0.0,30.6,3.2,189.0,27.26,100.0
2024-09-01 11:45:00,719,1006.7,70.7,0.0,30.9,3.0,394.0,49.6,100.0
2024-09-01 12:00:00,712,1006.7,69.8,0.0,31.1,2.8,510.0,63.22,100.0
2024-09-01 12:15:00,702,1006.7,69.3,0.0,31.3,2.7,206.0,36.59,100.0
2024-09-01 12:30:00,687,1006.7,69.2,0.0,31.5,2.7,411.0,52.9,100.0
2024-09-01 12:45:00,669,1006.7,68.7,0.0,31.6,2.8,339.0,45.47,100.0
2024-09-01 13:00:00,647,1006.7,71.5,0.0,31.3,2.7,642.0,49.35,100.0
2024-09-01 13:15:00,620,1006.7,72.2,0.2,31.0,2.7,803.0,46.16,100.0
2024-09-01 13:30:00,589,1006.7,76.3,0.3,30.3,2.8,611.0,39.92,100.0
2024-09-01 13:45:00,556,1006.7,83.0,0.2,29.4,2.9,435.0,29.87,100.0
2024-09-01 14:00:00,520,1006.7,80.9,0.0,29.7,3.0,194.0,17.64,100.0
2024-09-01 14:15:00,483,1006.7,78.8,0.0,30.0,3.1,227.0,32.1,100.0
2024-09-01 14:30:00,444,1006.7,77.6,0.0,30.1,3.1,113.0,18.58,100.0
2024-09-01 14:45:00,406,1006.7,77.7,0.1,30.1,3.0,473.0,68.02,100.0
2024-09-01 15:00:00,367,1006.7,78.1,0.0,30.0,2.9,529.0,48.42,100.0
2024-09-01 15:15:00,330,1006.7,77.6,0.1,29.9,3.0,487.0,58.51,100.0
2024-09-01 15:30:00,294,1006.7,78.7,0.0,29.8,3.2,221.0,24.08,100.0
2024-09-01 15:45:00,259,1006.7,81.2,0.1,29.6,3.4,175.0,20.52,100.0
2024-09-01 16:00:00,224,1006.7,83.1,0.2,29.3,3.5,214.0,20.98,100.0
2024-09-01 16:15:00,190,1006.7,84.1,0.2,29.2,3.7,58.0,4.98,100.0
2024-09-01 16:30:00,158,1006.7,86.1,0.3,28.9,4.0,37.0,5.7,100.0
2024-09-01 16:45:00,128,1006.7,86.9,0.3,28.7,4.3,65.0,9.18,100.0
2024-09-01 17:00:00,101,1006.7,87.3,0.0,28.6,4.7,28.0,3.88,100.0
2024-09-01 17:15:00,77,1006.7,88.2,0.1,28.5,5.1,25.0,4.33,100.0
2024-09-01 17:30:00,56,1006.7,89.2,0.1,28.3,5.5,23.0,2.08,100.0
2024-09-01 17:45:00,38,1006.7,90.5,0.1,28.1,5.8,27.0,2.93,100.0
2024-09-01 18:00:00,23,1006.7,90.9,0.1,27.9,6.2,12.0,1.01,100.0
2024-09-01 18:15:00,11,1006.7,91.4,0.1,27.8,6.5,1.0,0.49,100.0
2024-09-01 18:30:00,2,1006.6,92.0,0.0,27.6,6.8,0.0,0.0,100.0
2024-09-01 18:45:00,0,1006.6,91.0,0.0,27.5,7.0,0.0,0.0,100.0
2024-09-01 19:00:00,0,1006.6,90.4,0.0,27.4,7.2,0.0,0.0,100.0
2024-09-01 19:15:00,0,1006.6,90.6,0.0,27.3,7.4,0.0,0.0,100.0
2024-09-01 19:30:00,0,1006.6,90.6,0.2,27.2,7.5,0.0,0.0,100.0
2024-09-01 19:45:00,0,1006.6,91.0,0.1,27.0,7.6,0.0,0.0,100.0
2024-09-01 20:00:00,0,1006.6,91.4,0.0,26.9,7.6,0.0,0.0,100.0
2024-09-01 20:15:00,0,1006.6,90.6,0.0,26.8,7.6,0.0,0.0,100.0
2024-09-01 20:30:00,0,1006.6,89.9,0.0,26.8,7.7,0.0,0.0,100.0
2024-09-01 20:45:00,0,1006.6,88.8,0.0,26.7,7.7,0.0,0.0,100.0
2024-09-01 21:00:00,0,1006.6,87.3,0.0,26.7,7.7,0.0,0.0,100.0
2024-09-01 21:15:00,0,1006.6,86.4,0.2,26.6,7.8,0.0,0.0,100.0
2024-09-01 21:30:00,0,1006.6,85.8,0.1,26.6,7.8,0.0,0.0,100.0
2024-09-01 21:45:00,0,1006.6,85.0,0.4,26.6,7.9,0.0,0.0,100.0
2024-09-01 22:00:00,0,1006.6,84.3,0.6,26.6,8.0,0.0,0.0,100.0
2024-09-01 22:15:00,0,1006.6,83.6,0.5,26.6,8.0,0.0,0.0,100.0
2024-09-01 22:30:00,0,1006.6,82.9,0.4,26.6,8.1,0.0,0.0,100.0
2024-09-01 22:45:00,0,1006.6,82.4,0.3,26.6,8.1,0.0,0.0,100.0
2024-09-01 23:00:00,0,1006.6,82.1,0.3,26.5,8.2,0.0,0.0,100.0
2024-09-01 23:15:00,0,1006.6,82.3,0.4,26.4,8.2,0.0,0.0,100.0
2024-09-01 23:30:00,0,1006.6,82.9,0.3,26.4,8.2,0.0,0.0,100.0
2024-09-01 23:45:00,0,1006.6,83.1,0.2,26.3,8.2,0.0,0.0,100.0
