time,pressure,humidity,cloudiness,temperature,windSpeed,irradiance,irradianceReal,realPower,capacity
2023/1/11 0:00,1006.269,61.538,0,-4.213,3.441,,0,0,200
2023/1/11 0:15,1006.268,63.008,0,-4.186,3.611,,0,0,200
2023/1/11 0:30,1006.267,64.344,0,-4.161,3.67,,0,0,200
2023/1/11 0:45,1006.266,65.586,0,-4.137,3.719,,0,0,200
2023/1/11 1:00,1006.265,66.708,0,-4.12,3.689,,0,0,200
2023/1/11 1:15,1006.264,67.652,0,-4.116,3.554,,0,0,200
2023/1/11 1:30,1006.263,68.69,0,-4.119,3.427,,0,0,200
2023/1/11 1:45,1006.26,69.94,0,-4.128,3.375,,0,0,200
2023/1/11 2:00,1006.259,71.292,0,-4.128,3.369,,0,0,200
2023/1/11 2:15,1006.257,72.616,0,-4.12,3.288,,0,0,200
2023/1/11 2:30,1006.255,73.983,0,-4.121,3.224,,0,0,200
2023/1/11 2:45,1006.255,75.237,0,-4.119,3.187,,0,0,200
2023/1/11 3:00,1006.254,76.474,0,-4.136,2.984,,0,0,200
2023/1/11 3:15,1006.252,77.619,0,-4.168,2.685,,0,0,200
2023/1/11 3:30,1006.25,78.567,0,-4.188,2.513,,0,0,200
2023/1/11 3:45,1006.247,79.46,0,-4.198,2.423,,0,0,200
2023/1/11 4:00,1006.244,80.155,0,-4.192,2.275,,0,0,200
2023/1/11 4:15,1006.241,80.717,0,-4.194,2.185,,0,0,200
2023/1/11 4:30,1006.24,81.321,0,-4.213,2.267,,0,0,200
2023/1/11 4:45,1006.238,81.825,0,-4.223,2.36,,0,0,200
2023/1/11 5:00,1006.237,82.075,0,-4.22,2.408,,0,0,200
2023/1/11 5:15,1006.236,81.931,0,-4.202,2.381,,0,0,200
2023/1/11 5:30,1006.235,81.663,0,-4.173,2.309,,0,0,200
2023/1/11 5:45,1006.235,81.531,0,-4.14,2.273,,0,0,200
2023/1/11 6:00,1006.236,81.334,0.07,-4.112,2.335,,0,0,200
2023/1/11 6:15,1006.236,81.1,0.347,-4.055,2.297,,0,0,200
2023/1/11 6:30,1006.237,80.169,0.534,-3.982,2.18,,0,0,200
2023/1/11 6:45,1006.237,79.283,0.561,-3.92,2.1,,0,0,200
2023/1/11 7:00,1006.237,78.636,0.504,-3.874,2.069,,0,0,200
2023/1/11 7:15,1006.236,77.943,0.523,-3.835,1.969,,0,0,200
2023/1/11 7:30,1006.235,77.216,0.542,-3.811,1.89,,0,0,200
2023/1/11 7:45,1006.235,76.937,0.582,-3.825,1.952,,23.47886832,0.302036,200
2023/1/11 8:00,1006.235,77.18,0.545,-3.841,2.04,,34.65384264,1.37463,200
2023/1/11 8:15,1006.235,77.304,0.533,-3.782,2.11,,59.65983684,3.77475,200
2023/1/11 8:30,1006.236,76.394,0.461,-3.568,2.199,,155.4920809,12.9729,200
2023/1/11 8:45,1006.236,75.062,0.494,-3.376,2.181,,247.3480498,21.7894,200
2023/1/11 9:00,1006.236,73.661,0.459,-3.158,2.01,,316.5632648,28.4328,200
2023/1/11 9:15,1006.237,73.688,0.35,-2.941,2.141,,262.7384697,23.2666,200
2023/1/11 9:30,1006.24,74.127,0.246,-2.637,2.631,,191.2342787,16.4035,200
2023/1/11 9:45,1006.245,74.106,0.173,-2.288,3.236,,222.4610365,19.4007,200
2023/1/11 10:00,1006.25,74.363,0.099,-1.944,3.367,,366.5748365,33.233,200
2023/1/11 10:15,1006.255,71.439,0.051,-1.542,3.18,,329.2656747,29.652,200
2023/1/11 10:30,1006.259,65.297,0.031,-1.108,3.247,,574.2142304,53.1626,200
2023/1/11 10:45,1006.265,63.06,0.022,-0.682,3.223,,631.3313168,58.6448,200
2023/1/11 11:00,1006.268,58.413,0.019,-0.323,3.523,,665.6117789,61.9351,200
2023/1/11 11:15,1006.271,55.547,0.011,0.031,3.821,,666.7619972,62.0455,200
2023/1/11 11:30,1006.274,55.56,0,0.271,4.155,,721.4307024,67.2927,200
2023/1/11 11:45,1006.273,53.822,0,0.491,4.409,,726.3389253,67.7638,200
2023/1/11 12:00,1006.27,51.219,0,0.659,4.599,,733.613222,68.462,200
2023/1/11 12:15,1006.269,50.525,0,0.806,4.771,,746.2083199,69.6709,200
2023/1/11 12:30,1006.268,48.937,0,0.917,4.932,,758.9357346,70.8925,200
2023/1/11 12:45,1006.268,49.17,0,0.997,5.133,,763.5574448,71.3361,200
2023/1/11 13:00,1006.268,50.257,0,1.027,5.258,,758.5169052,70.8523,200
2023/1/11 13:15,1006.267,51.372,0,1.002,5.349,,747.4502222,69.7901,200
2023/1/11 13:30,1006.264,51.7,0,0.923,5.484,,728.6966643,67.9901,200
2023/1/11 13:45,1006.259,52.622,0,0.798,5.733,,705.0901022,65.7243,200
2023/1/11 14:00,1006.255,53.284,0,0.644,6.015,,669.7761107,62.3348,200
2023/1/11 14:15,1006.251,53.2,0,0.477,6.153,,647.5927353,60.2056,200
2023/1/11 14:30,1006.247,52.698,0,0.305,6.171,,617.3557487,57.3034,200
2023/1/11 14:45,1006.247,51.535,0,0.15,6.137,,574.1548441,53.1569,200
2023/1/11 15:00,1006.248,49.941,0,0.014,6.057,,528.378451,48.7632,200
2023/1/11 15:15,1006.246,48.48,0,-0.115,5.934,,475.712209,43.7082,200
2023/1/11 15:30,1006.245,47.562,0,-0.227,5.777,,406.9387444,37.1072,200
2023/1/11 15:45,1006.243,47.251,0,-0.351,5.667,,339.6666064,30.6503,200
2023/1/11 16:00,1006.24,47.441,0,-0.511,5.559,,203.0323504,17.5359,200
2023/1/11 16:15,1006.238,48.118,0,-0.727,5.373,,140.2964896,11.5144,200
2023/1/11 16:30,1006.236,49.692,0,-1.003,5.057,,80.84833595,5.80846,200
2023/1/11 16:45,1006.235,51.91,0,-1.398,4.324,,51.28053877,2.97049,200
2023/1/11 17:00,1006.233,54.523,0,-1.801,4.018,,31.56356884,1.07802,200
2023/1/11 17:15,1006.232,57.512,0,-2.107,3.97,,20.86571942,0.0512213,200
2023/1/11 17:30,1006.229,60.816,0,-2.359,4.01,,0,0,200
2023/1/11 17:45,1006.224,64.089,0,-2.594,4.076,,0,0,200
2023/1/11 18:00,1006.221,66.604,0,-2.768,4.114,,0,0,200
2023/1/11 18:15,1006.221,68.559,0,-2.909,4.1,,0,0,200
2023/1/11 18:30,1006.22,70.32,0,-3.037,4.071,,0,0,200
2023/1/11 18:45,1006.218,72.406,0,-3.177,4.033,,0,0,200
2023/1/11 19:00,1006.216,74.847,0,-3.331,4.01,,0,0,200
2023/1/11 19:15,1006.214,77.431,0,-3.503,4.019,,0,0,200
2023/1/11 19:30,1006.211,79.682,0,-3.669,4.079,,0,0,200
2023/1/11 19:45,1006.208,81.117,0,-3.801,4.206,,0,0,200
2023/1/11 20:00,1006.206,81.91,0,-3.923,4.287,,0,0,200
2023/1/11 20:15,1006.204,82.303,0,-4.034,4.329,,0,0,200
2023/1/11 20:30,1006.203,82.449,0,-4.14,4.335,,0,0,200
2023/1/11 20:45,1006.201,82.805,0,-4.25,4.306,,0,0,200
2023/1/11 21:00,1006.198,83.393,0,-4.369,4.23,,0,0,200
2023/1/11 21:15,1006.195,84.507,0,-4.508,4.068,,0,0,200
2023/1/11 21:30,1006.192,85.802,0,-4.652,3.936,,0,0,200
2023/1/11 21:45,1006.189,87.256,0,-4.8,3.859,,0,0,200
2023/1/11 22:00,1006.185,88.949,0,-4.963,3.869,,0,0,200
2023/1/11 22:15,1006.182,90.798,0,-5.139,3.975,,0,0,200
2023/1/11 22:30,1006.179,92.288,0,-5.302,4.118,,0,0,200
2023/1/11 22:45,1006.176,93.067,0,-5.442,4.183,,0,0,200
2023/1/11 23:00,1006.173,93.311,0,-5.558,4.216,,0,0,200
2023/1/11 23:15,1006.169,93.446,0,-5.673,4.24,,0,0,200
2023/1/11 23:30,1006.166,93.324,0,-5.778,4.261,,0,0,200
2023/1/11 23:45,1006.163,92.899,0,-5.865,4.296,,0,0,200
2024/1/26 0:00,1006.5,83.5,0,-2.2,2.9,,0,0,105.6
2024/1/26 0:15,1006.5,84.3,0,-2.3,2.9,,0,0,105.6
2024/1/26 0:30,1006.5,85.3,0,-2.4,3,,0,0,105.6
2024/1/26 0:45,1006.5,86.5,0,-2.5,3,,0,0,105.6
2024/1/26 1:00,1006.5,87.7,0,-2.6,3,,0,0,105.6
2024/1/26 1:15,1006.5,88.5,0,-2.8,3,,0,0,105.6
2024/1/26 1:30,1006.5,88.8,0,-2.9,3,,0,0,105.6
2024/1/26 1:45,1006.5,89.2,0,-3,3,,0,0,105.6
2024/1/26 2:00,1006.5,89.8,0,-3.1,3,,0,0,105.6
2024/1/26 2:15,1006.4,90.2,0,-3.2,3,,0,0,105.6
2024/1/26 2:30,1006.4,90.4,0,-3.3,3,,0,0,105.6
2024/1/26 2:45,1006.4,90.4,0,-3.4,3,,0,0,105.6
2024/1/26 3:00,1006.4,90.4,0,-3.4,3,,0,0,105.6
2024/1/26 3:15,1006.4,90.5,0,-3.5,3,,0,0,105.6
2024/1/26 3:30,1006.4,90.7,0,-3.5,3,,0,0,105.6
2024/1/26 3:45,1006.4,91,0,-3.5,3,,0,0,105.6
2024/1/26 4:00,1006.4,91.6,0,-3.6,3,,0,0,105.6
2024/1/26 4:15,1006.4,92.1,0,-3.6,3.1,,0,0,105.6
2024/1/26 4:30,1006.4,92.6,0,-3.7,3.1,,0,0,105.6
2024/1/26 4:45,1006.4,93.1,0,-3.7,3.1,,0,0,105.6
2024/1/26 5:00,1006.4,93.5,0,-3.8,3.1,,0,0,105.6
2024/1/26 5:15,1006.4,94,0,-3.8,3,,0,0,105.6
2024/1/26 5:30,1006.4,94.5,0,-3.8,3,,0,0,105.6
2024/1/26 5:45,1006.4,95.2,0,-3.9,3,,0,0,105.6
2024/1/26 6:00,1006.4,95.9,0,-4,3,,0,0,105.6
2024/1/26 6:15,1006.4,96.3,0,-4.3,2.9,,0,0,105.6
2024/1/26 6:30,1006.4,96.7,0,-4.5,2.9,,0,0,105.6
2024/1/26 6:45,1006.4,97.1,0,-4.6,2.9,,0,0,105.6
2024/1/26 7:00,1006.4,97.4,0,-4.6,2.8,,0,0,105.6
2024/1/26 7:15,1006.4,97.4,0,-4.5,2.8,,4,1.24,105.6
2024/1/26 7:30,1006.4,97.7,0,-4.5,2.8,,20,2.88,105.6
2024/1/26 7:45,1006.4,98,0,-4.5,2.8,,50,5.37,105.6
2024/1/26 8:00,1006.4,98.2,0,-4.6,2.7,,92,8.85,105.6
2024/1/26 8:15,1006.4,98.3,0,-4.6,2.7,,142,15.46,105.6
2024/1/26 8:30,1006.4,98.4,0,-4.7,2.7,,176,20.23,105.6
2024/1/26 8:45,1006.4,98.2,0,-4.7,2.7,,227,25.25,105.6
2024/1/26 9:00,1006.4,97.9,0,-4.5,2.8,,272,29.42,105.6
2024/1/26 9:15,1006.4,97.4,0,-4.3,2.8,,321,35.34,105.6
2024/1/26 9:30,1006.4,96.6,0,-3.9,2.8,,378,26.08,105.6
2024/1/26 9:45,1006.4,95.4,0,-3.6,2.9,,423,44.51,105.6
2024/1/26 10:00,1006.4,93.6,0,-3.3,2.9,,463,57.13,105.6
2024/1/26 10:15,1006.4,92.6,0,-3.1,2.9,,505,77.76,105.6
2024/1/26 10:30,1006.4,92.2,0,-2.9,3,,537,85.11,105.6
2024/1/26 10:45,1006.5,91.4,0,-2.8,3,,510,73.12,105.6
2024/1/26 11:00,1006.5,90.2,0,-2.5,3,,585,92.34,105.6
2024/1/26 11:15,1006.5,87.9,0,-2.2,3.1,,563,20.31,105.6
2024/1/26 11:30,1006.5,86.2,0,-2,3.1,,626,95.56,105.6
2024/1/26 11:45,1006.5,85,0,-1.9,3.1,,649,98.73,105.6
2024/1/26 12:00,1006.5,83.7,0,-1.9,3.2,,655,99.01,105.6
2024/1/26 12:15,1006.5,83.1,0,-1.9,3.2,,648,98.87,105.6
2024/1/26 12:30,1006.5,83,0,-1.9,3.2,,650,98.91,105.6
2024/1/26 12:45,1006.5,82.6,0,-1.9,3.2,,644,98.83,105.6
2024/1/26 13:00,1006.5,82.4,0,-1.9,3.2,,635,98.7,105.6
2024/1/26 13:15,1006.5,82.3,0,-1.8,3.2,,623,98.09,105.6
2024/1/26 13:30,1006.5,82.4,0,-1.7,3.1,,607,96.92,105.6
2024/1/26 13:45,1006.5,82.4,0,-1.7,3.1,,587,93.29,105.6
2024/1/26 14:00,1006.5,82.5,0,-1.6,3,,557,88,105.6
2024/1/26 14:15,1006.5,82.2,0,-1.6,3,,496,77.85,105.6
2024/1/26 14:30,1006.5,81.6,0,-1.5,2.9,,480,66.77,105.6
2024/1/26 14:45,1006.5,81.1,0,-1.4,2.9,,428,50.11,105.6
2024/1/26 15:00,1006.5,80.4,0,-1.3,2.8,,382,42.68,105.6
2024/1/26 15:15,1006.5,79.6,0,-1.2,2.7,,355,39.4,105.6
2024/1/26 15:30,1006.5,79,0,-1.2,2.6,,304,34.37,105.6
2024/1/26 15:45,1006.5,78.5,0,-1.1,2.5,,250,29.4,105.6
2024/1/26 16:00,1006.5,78,0,-1.1,2.5,,212,24.06,105.6
2024/1/26 16:15,1006.5,77.6,0,-1.1,2.4,,136,19.12,105.6
2024/1/26 16:30,1006.5,77.1,0,-1.1,2.3,,79,8.16,105.6
2024/1/26 16:45,1006.5,76.6,0,-1,2.2,,38,5.34,105.6
2024/1/26 17:00,1006.5,75.9,0,-1.1,2.1,,24,2.88,105.6
2024/1/26 17:15,1006.5,75.2,0,-1,2.1,,0,1.07,105.6
2024/1/26 17:30,1006.5,74.8,0,-1,2,,0,0,105.6
2024/1/26 17:45,1006.5,74.6,0,-1,2,,0,0,105.6
2024/1/26 18:00,1006.5,74.5,0,-1,1.9,,0,0,105.6
2024/1/26 18:15,1006.5,74.7,0,-1,1.9,,0,0,105.6
2024/1/26 18:30,1006.5,75.2,0,-1.1,1.8,,0,0,105.6
2024/1/26 18:45,1006.5,76,0,-1.1,1.8,,0,0,105.6
2024/1/26 19:00,1006.5,76.7,0,-1.1,1.8,,0,0,105.6
2024/1/26 19:15,1006.5,77.3,0,-1.1,1.8,,0,0,105.6
2024/1/26 19:30,1006.5,77.9,0,-1.1,1.8,,0,0,105.6
2024/1/26 19:45,1006.5,78.4,0,-1.1,1.8,,0,0,105.6
2024/1/26 20:00,1006.5,78.8,0,-1.2,1.8,,0,0,105.6
2024/1/26 20:15,1006.5,79.1,0,-1.2,1.8,,0,0,105.6
2024/1/26 20:30,1006.5,79.4,0,-1.2,1.8,,0,0,105.6
2024/1/26 20:45,1006.5,80,0,-1.2,1.8,,0,0,105.6
2024/1/26 21:00,1006.5,80.6,0,-1.3,1.8,,0,0,105.6
2024/1/26 21:15,1006.5,81.4,0,-1.3,1.8,,0,0,105.6
2024/1/26 21:30,1006.5,82.3,0,-1.3,1.8,,0,0,105.6
2024/1/26 21:45,1006.5,83.2,0,-1.4,1.8,,0,0,105.6
2024/1/26 22:00,1006.5,84.2,0,-1.5,1.8,,0,0,105.6
2024/1/26 22:15,1006.5,85.1,0,-1.5,1.8,,0,0,105.6
2024/1/26 22:30,1006.5,85.7,0,-1.5,1.8,,0,0,105.6
2024/1/26 22:45,1006.5,86.2,0,-1.5,1.8,,0,0,105.6
2024/1/26 23:00,1006.5,86.7,0,-1.4,1.8,,0,0,105.6
2024/1/26 23:15,1006.5,87,0,-1.4,1.8,,0,0,105.6
2024/1/26 23:30,1006.5,87.4,0,-1.4,1.7,,0,0,105.6
2024/1/26 23:45,1006.5,87.8,0,-1.4,1.7,,0,0,105.6
2024/1/27 0:00,1006.5,80.9,0,-1.2,2.6,,0,0,105.6
2024/1/27 0:15,1006.5,81.5,0,-1.2,2.7,,0,0,105.6
2024/1/27 0:30,1006.5,82.1,0,-1.2,2.7,,0,0,105.6
2024/1/27 0:45,1006.5,83,0,-1.2,2.7,,0,0,105.6
2024/1/27 1:00,1006.5,84.3,0,-1.2,2.7,,0,0,105.6
2024/1/27 1:15,1006.5,85.5,0,-1.2,2.7,,0,0,105.6
2024/1/27 1:30,1006.5,87.1,0,-1.2,2.7,,0,0,105.6
2024/1/27 1:45,1006.5,88.3,0,-1.2,2.7,,0,0,105.6
2024/1/27 2:00,1006.5,89.4,0,-1.1,2.6,,0,0,105.6
2024/1/27 2:15,1006.5,89.9,0,-1.1,2.6,,0,0,105.6
2024/1/27 2:30,1006.5,90.2,0,-1.1,2.6,,0,0,105.6
2024/1/27 2:45,1006.5,90.7,0,-1.2,2.6,,0,0,105.6
2024/1/27 3:00,1006.5,91.8,0,-1.3,2.5,,0,0,105.6
2024/1/27 3:15,1006.5,93.3,0,-1.6,2.4,,0,0,105.6
2024/1/27 3:30,1006.5,94.6,0,-1.9,2.4,,0,0,105.6
2024/1/27 3:45,1006.5,95.5,0,-2.2,2.3,,0,0,105.6
2024/1/27 4:00,1006.5,96.4,0,-2.4,2.2,,0,0,105.6
2024/1/27 4:15,1006.5,96.5,0,-2.6,2.2,,0,0,105.6
2024/1/27 4:30,1006.5,96.3,0,-2.7,2.1,,0,0,105.6
2024/1/27 4:45,1006.5,96.1,0,-2.6,2,,0,0,105.6
2024/1/27 5:00,1006.5,96.1,0,-2.6,2,,0,0,105.6
2024/1/27 5:15,1006.4,96.6,0,-2.7,1.9,,0,0,105.6
2024/1/27 5:30,1006.4,97.5,0,-2.8,1.9,,0,0,105.6
2024/1/27 5:45,1006.4,98.3,0,-3,1.8,,0,0,105.6
2024/1/27 6:00,1006.4,99.6,0,-3.2,1.7,,0,0,105.6
2024/1/27 6:15,1006.4,99.8,0,-3.5,1.7,,0,0,105.6
2024/1/27 6:30,1006.4,99.9,0,-3.6,1.6,,0,0,105.6
2024/1/27 6:45,1006.4,99.8,0,-3.7,1.5,,0,0,105.6
2024/1/27 7:00,1006.4,99.9,0,-3.6,1.5,,0,0,105.6
2024/1/27 7:15,1006.4,99.9,0,-3.5,1.4,,6,1.05,105.6
2024/1/27 7:30,1006.4,99.9,0,-3.5,1.4,,13,1.92,105.6
2024/1/27 7:45,1006.4,100,0,-3.5,1.3,,22,2.91,105.6
2024/1/27 8:00,1006.4,100,0,-3.5,1.3,,28,4.28,105.6
2024/1/27 8:15,1006.4,100,0,-3.4,1.2,,55,6.35,105.6
2024/1/27 8:30,1006.4,99.9,0,-3.4,1.2,,67,5.95,105.6
2024/1/27 8:45,1006.4,99.5,0,-3.5,1.2,,90,12.1,105.6
2024/1/27 9:00,1006.4,99.2,0,-3.6,1.2,,116,14.32,105.6
2024/1/27 9:15,1006.4,99.1,0,-3.6,1.2,,137,19.55,105.6
2024/1/27 9:30,1006.4,99,0,-3.6,1.2,,159,20.63,105.6
2024/1/27 9:45,1006.4,98.8,0,-3.5,1.2,,139,19.34,105.6
2024/1/27 10:00,1006.4,98.7,0,-3.5,1.3,,140,18.04,105.6
2024/1/27 10:15,1006.4,98.5,0,-3.3,1.3,,142,20.84,105.6
2024/1/27 10:30,1006.4,98.2,0,-3.2,1.4,,171,18.23,105.6
2024/1/27 10:45,1006.4,98,0,-3,1.4,,228,23.56,105.6
2024/1/27 11:00,1006.5,97.1,0,-2.9,1.4,,215,25.07,105.6
2024/1/27 11:15,1006.5,96.3,0,-2.8,1.5,,201,26.35,105.6
2024/1/27 11:30,1006.5,95.9,0,-2.7,1.6,,229,32.72,105.6
2024/1/27 11:45,1006.5,95.4,0,-2.7,1.6,,224,34.51,105.6
2024/1/27 12:00,1006.5,95.3,0,-2.6,1.7,,294,44.05,105.6
2024/1/27 12:15,1006.5,95.3,0,-2.6,1.7,,321,58.15,105.6
2024/1/27 12:30,1006.4,95.1,0,-2.5,1.8,,374,61.83,105.6
2024/1/27 12:45,1006.4,94.8,0,-2.4,1.9,,348,67.53,105.6
2024/1/27 13:00,1006.5,94.6,0,-2.4,1.9,,395,60.3,105.6
2024/1/27 13:15,1006.4,94.5,0,-2.3,2,,540,57.47,105.6
2024/1/27 13:30,1006.4,94.5,0,-2.3,2.1,,359,63.54,105.6
2024/1/27 13:45,1006.4,94,0,-2.3,2.1,,376,59.15,105.6
2024/1/27 14:00,1006.4,93.8,0,-2.3,2.1,,388,65.21,105.6
2024/1/27 14:15,1006.4,93.6,0,-2.2,2.2,,345,62.72,105.6
2024/1/27 14:30,1006.4,93.7,0,-2.2,2.2,,311,57.72,105.6
2024/1/27 14:45,1006.4,94,0,-2.2,2.2,,408,48.47,105.6
2024/1/27 15:00,1006.4,93.6,0,-2.4,2.2,,359,43.56,105.6
2024/1/27 15:15,1006.4,93.4,0,-2.5,2.2,,328,37.67,105.6
2024/1/27 15:30,1006.4,93.1,0,-2.4,2.2,,331,33.29,105.6
2024/1/27 15:45,1006.4,92.3,0,-2.4,2.1,,269,27.56,105.6
2024/1/27 16:00,1006.4,91.3,0,-2.3,2.1,,204,22.61,105.6
2024/1/27 16:15,1006.4,90.7,0,-2.3,2.1,,143,16.36,105.6
2024/1/27 16:30,1006.4,90.5,0,-2.3,2,,70,8.52,105.6
2024/1/27 16:45,1006.4,90.9,0,-2.5,2,,40,5.22,105.6
2024/1/27 17:00,1006.4,91.8,0,-2.6,1.9,,18,3.12,105.6
2024/1/27 17:15,1006.4,92,0,-2.9,1.9,,4,1.04,105.6
2024/1/27 17:30,1006.4,92.1,0,-3,1.8,,0,0,105.6
2024/1/27 17:45,1006.4,92.4,0,-3.1,1.8,,0,0,105.6
2024/1/27 18:00,1006.4,92.8,0,-3.2,1.7,,0,0,105.6
2024/1/27 18:15,1006.4,93,0,-3.2,1.7,,0,0,105.6
2024/1/27 18:30,1006.4,93,0,-3.3,1.6,,0,0,105.6
2024/1/27 18:45,1006.4,92.8,0,-3.2,1.6,,0,0,105.6
2024/1/27 19:00,1006.4,92.6,0,-3.2,1.5,,0,0,105.6
2024/1/27 19:15,1006.4,92.6,0,-3.2,1.5,,0,0,105.6
2024/1/27 19:30,1006.4,92.7,0,-3.3,1.4,,0,0,105.6
2024/1/27 19:45,1006.4,92.7,0,-3.3,1.4,,0,0,105.6
2024/1/27 20:00,1006.4,92.7,0,-3.3,1.3,,0,0,105.6
2024/1/27 20:15,1006.4,92.7,0,-3.3,1.3,,0,0,105.6
2024/1/27 20:30,1006.4,92.6,0,-3.3,1.3,,0,0,105.6
2024/1/27 20:45,1006.4,92.6,0,-3.3,1.2,,0,0,105.6
2024/1/27 21:00,1006.4,92.6,0,-3.3,1.2,,0,0,105.6
2024/1/27 21:15,1006.4,92.6,0,-3.4,1.2,,0,0,105.6
2024/1/27 21:30,1006.4,92.6,0,-3.4,1.2,,0,0,105.6
2024/1/27 21:45,1006.4,92.4,0,-3.5,1.2,,0,0,105.6
2024/1/27 22:00,1006.4,92.4,0,-3.5,1.2,,0,0,105.6
2024/1/27 22:15,1006.4,92.2,0,-3.6,1.2,,0,0,105.6
2024/1/27 22:30,1006.4,92,0,-3.7,1.2,,0,0,105.6
2024/1/27 22:45,1006.4,91.7,0,-3.8,1.2,,0,0,105.6
2024/1/27 23:00,1006.4,91.4,0,-3.8,1.2,,0,0,105.6
2024/1/27 23:15,1006.4,91.1,0,-3.9,1.2,,0,0,105.6
2024/1/27 23:30,1006.4,91,0,-4,1.2,,0,0,105.6
2024/1/27 23:45,1006.4,91.1,0,-4,1.2,,0,0,105.6
2024/1/28 0:00,1006.4,80.6,0,-2.9,1.5,,0,0,105.6
2024/1/28 0:15,1006.4,80.7,0,-2.9,1.5,,0,0,105.6
2024/1/28 0:30,1006.4,80.9,0,-3,1.6,,0,0,105.6
2024/1/28 0:45,1006.4,81.5,0,-3.1,1.6,,0,0,105.6
2024/1/28 1:00,1006.4,82.4,0,-3.2,1.7,,0,0,105.6
2024/1/28 1:15,1006.4,83.5,0,-3.2,1.7,,0,0,105.6
2024/1/28 1:30,1006.4,84.6,0,-3.3,1.8,,0,0,105.6
2024/1/28 1:45,1006.4,86.2,0,-3.3,1.8,,0,0,105.6
2024/1/28 2:00,1006.4,88.3,0,-3.3,1.8,,0,0,105.6
2024/1/28 2:15,1006.4,90.5,0,-3.4,1.9,,0,0,105.6
2024/1/28 2:30,1006.4,92.4,0,-3.5,1.9,,0,0,105.6
2024/1/28 2:45,1006.4,94,0,-3.6,1.9,,0,0,105.6
2024/1/28 3:00,1006.4,94.5,0,-3.9,1.9,,0,0,105.6
2024/1/28 3:15,1006.4,95.1,0,-4.1,1.9,,0,0,105.6
2024/1/28 3:30,1006.4,95.9,0,-4.2,1.9,,0,0,105.6
2024/1/28 3:45,1006.4,96.8,0,-4.3,1.9,,0,0,105.6
2024/1/28 4:00,1006.4,97.1,0,-4.5,1.9,,0,0,105.6
2024/1/28 4:15,1006.4,97.3,0,-4.6,1.9,,0,0,105.6
2024/1/28 4:30,1006.4,97.8,0,-4.8,1.9,,0,0,105.6
2024/1/28 4:45,1006.4,98.6,0,-4.9,1.9,,0,0,105.6
2024/1/28 5:00,1006.4,98.9,0,-5.2,1.8,,0,0,105.6
2024/1/28 5:15,1006.4,99.1,0,-5.5,1.8,,0,0,105.6
2024/1/28 5:30,1006.4,99.1,0,-5.6,1.8,,0,0,105.6
2024/1/28 5:45,1006.4,99.2,0,-5.7,1.7,,0,0,105.6
2024/1/28 6:00,1006.4,99.2,0,-5.8,1.7,,0,0,105.6
2024/1/28 6:15,1006.4,99.1,0,-5.8,1.7,,0,0,105.6
2024/1/28 6:30,1006.4,99.1,0,-5.7,1.7,,0,0,105.6
2024/1/28 6:45,1006.4,99.1,0,-5.6,1.7,,0,0,105.6
2024/1/28 7:00,1006.4,99.1,0,-5.5,1.7,,0,0,105.6
2024/1/28 7:15,1006.4,99.1,0,-5.4,1.7,,2,0.97,105.6
2024/1/28 7:30,1006.4,99.1,0,-5.3,1.7,,28,2.54,105.6
2024/1/28 7:45,1006.4,99.1,0,-5.2,1.7,,74,5.02,105.6
2024/1/28 8:00,1006.4,99,0,-5.1,1.8,,116,7.29,105.6
2024/1/28 8:15,1006.4,99,0,-5.2,1.8,,165,14.4,105.6
2024/1/28 8:30,1006.4,99,0,-5.2,1.8,,196,18.76,105.6
2024/1/28 8:45,1006.4,99,0,-5.2,1.8,,241,23.98,105.6
2024/1/28 9:00,1006.4,98.9,0,-5.2,1.8,,273,29.18,105.6
2024/1/28 9:15,1006.4,98.9,0,-5.1,1.9,,308,36.78,105.6
2024/1/28 9:30,1006.4,98.9,0,-5,1.9,,329,42.16,105.6
2024/1/28 9:45,1006.4,98.9,0,-4.8,1.9,,363,52.65,105.6
2024/1/28 10:00,1006.4,98.8,0,-4.6,1.8,,393,64.88,105.6
2024/1/28 10:15,1006.4,98.6,0,-4.4,1.8,,412,73.15,105.6
2024/1/28 10:30,1006.4,97.8,0,-4,1.8,,459,80.4,105.6
2024/1/28 10:45,1006.4,96.7,0,-3.6,1.8,,608,86.87,105.6
2024/1/28 11:00,1006.4,94.9,0,-3.2,1.8,,671,91.23,105.6
2024/1/28 11:15,1006.4,92.5,0,-2.7,1.8,,693,92.33,105.6
2024/1/28 11:30,1006.5,89.4,0,-2.3,1.8,,676,93.63,105.6
2024/1/28 11:45,1006.5,86.6,0,-1.9,1.7,,675,95.04,105.6
2024/1/28 12:00,1006.5,83.8,0,-1.5,1.7,,685,95.04,105.6
2024/1/28 12:15,1006.5,81.4,0,-1.1,1.7,,646,95.04,105.6
2024/1/28 12:30,1006.5,78.2,0,-0.7,1.7,,644,10.24,105.6
2024/1/28 12:45,1006.5,75.6,0,-0.4,1.6,,612,9.92,105.6
2024/1/28 13:00,1006.5,73.2,0,-0.2,1.6,,621,9.92,105.6
2024/1/28 13:15,1006.5,70.3,0,0,1.5,,620,9.92,105.6
2024/1/28 13:30,1006.5,67,0,0.2,1.5,,608,9.63,105.6
2024/1/28 13:45,1006.5,63.6,0,0.3,1.4,,581,10.41,105.6
2024/1/28 14:00,1006.5,60.4,0,0.5,1.4,,563,9.95,105.6
2024/1/28 14:15,1006.5,58,0,0.6,1.4,,526,10.41,105.6
2024/1/28 14:30,1006.5,56.5,0,0.7,1.3,,488,10.41,105.6
2024/1/28 14:45,1006.5,55.6,0,0.9,1.3,,448,53.7,105.6
2024/1/28 15:00,1006.5,54.9,0,1,1.4,,403,43.47,105.6
2024/1/28 15:15,1006.5,54.1,0,1.1,1.4,,343,36.96,105.6
2024/1/28 15:30,1006.5,53.5,0,1.2,1.5,,301,32.33,105.6
2024/1/28 15:45,1006.5,53.1,0,1.3,1.5,,241,28.09,105.6
2024/1/28 16:00,1006.5,53.3,0,1.3,1.6,,203,22.94,105.6
2024/1/28 16:15,1006.5,54.2,0,1.4,1.7,,150,17.84,105.6
2024/1/28 16:30,1006.5,55.2,0,1.4,1.8,,105,8,105.6
2024/1/28 16:45,1006.5,56.4,0,1.4,1.9,,57,5.55,105.6
2024/1/28 17:00,1006.5,58.4,0,1.4,2,,24,2.99,105.6
2024/1/28 17:15,1006.5,61,0,1.3,2.1,,4,1.19,105.6
2024/1/28 17:30,1006.5,63.6,0,1.1,2.2,,0,0,105.6
2024/1/28 17:45,1006.5,64.9,0,0.9,2.3,,0,0,105.6
2024/1/28 18:00,1006.5,64.4,0,0.7,2.4,,0,0,105.6
2024/1/28 18:15,1006.5,63.3,0,0.5,2.5,,0,0,105.6
2024/1/28 18:30,1006.5,62.9,0,0.3,2.5,,0,0,105.6
2024/1/28 18:45,1006.5,63.5,0,0.2,2.6,,0,0,105.6
2024/1/28 19:00,1006.5,64.7,0,0,2.7,,0,0,105.6
2024/1/28 19:15,1006.5,66.1,0,-0.2,2.8,,0,0,105.6
2024/1/28 19:30,1006.5,67.6,0,-0.4,2.9,,0,0,105.6
2024/1/28 19:45,1006.5,68.7,0,-0.5,3,,0,0,105.6
2024/1/28 20:00,1006.5,69.1,0,-0.7,3.1,,0,0,105.6
2024/1/28 20:15,1006.5,69.7,0,-0.9,3.2,,0,0,105.6
2024/1/28 20:30,1006.5,70.8,0,-1,3.3,,0,0,105.6
2024/1/28 20:45,1006.5,71.7,0,-1.1,3.3,,0,0,105.6
2024/1/28 21:00,1006.5,72.6,0,-1.2,3.4,,0,0,105.6
2024/1/28 21:15,1006.5,73.5,0,-1.4,3.4,,0,0,105.6
2024/1/28 21:30,1006.5,74.4,0,-1.5,3.4,,0,0,105.6
2024/1/28 21:45,1006.5,75.2,0,-1.5,3.5,,0,0,105.6
2024/1/28 22:00,1006.5,75.7,0,-1.6,3.5,,0,0,105.6
2024/1/28 22:15,1006.5,76.1,0,-1.7,3.5,,0,0,105.6
2024/1/28 22:30,1006.5,76.5,0,-1.8,3.5,,0,0,105.6
2024/1/28 22:45,1006.5,77,0,-1.8,3.5,,0,0,105.6
2024/1/28 23:00,1006.5,77.6,0,-1.9,3.5,,0,0,105.6
2024/1/28 23:15,1006.5,78.3,0,-2,3.5,,0,0,105.6
2024/1/28 23:30,1006.5,78.9,0,-2.1,3.5,,0,0,105.6
2024/1/28 23:45,1006.5,79.7,0,-2.1,3.5,,0,0,105.6
2024/1/29 0:00,1006.5,80.1,0,-1.9,3.9,,0,0,105.6
2024/1/29 0:15,1006.5,81.1,0,-2,3.9,,0,0,105.6
2024/1/29 0:30,1006.5,82.3,0,-2,3.9,,0,0,105.6
2024/1/29 0:45,1006.5,83.5,0,-2.1,3.9,,0,0,105.6
2024/1/29 1:00,1006.5,84.5,0,-2.2,3.9,,0,0,105.6
2024/1/29 1:15,1006.5,85.4,0,-2.2,3.9,,0,0,105.6
2024/1/29 1:30,1006.5,86.1,0,-2.2,3.9,,0,0,105.6
2024/1/29 1:45,1006.5,86.8,0,-2.3,3.9,,0,0,105.6
2024/1/29 2:00,1006.5,87.3,0,-2.3,3.9,,0,0,105.6
2024/1/29 2:15,1006.5,87.8,0,-2.3,3.9,,0,0,105.6
2024/1/29 2:30,1006.5,88.3,0,-2.4,3.9,,0,0,105.6
2024/1/29 2:45,1006.5,88.7,0,-2.4,3.9,,0,0,105.6
2024/1/29 3:00,1006.5,89,0,-2.4,3.9,,0,0,105.6
2024/1/29 3:15,1006.5,89.3,0,-2.5,3.9,,0,0,105.6
2024/1/29 3:30,1006.5,89.6,0,-2.5,3.8,,0,0,105.6
2024/1/29 3:45,1006.5,89.8,0,-2.5,3.8,,0,0,105.6
2024/1/29 4:00,1006.4,89.9,0,-2.5,3.8,,0,0,105.6
2024/1/29 4:15,1006.4,90,0,-2.5,3.8,,0,0,105.6
2024/1/29 4:30,1006.4,90,0,-2.6,3.8,,0,0,105.6
2024/1/29 4:45,1006.4,90,0,-2.6,3.8,,0,0,105.6
2024/1/29 5:00,1006.4,90,0,-2.6,3.7,,0,0,105.6
2024/1/29 5:15,1006.4,90,0,-2.6,3.7,,0,0,105.6
2024/1/29 5:30,1006.4,90,0,-2.6,3.7,,0,0,105.6
2024/1/29 5:45,1006.5,89.9,0,-2.6,3.7,,0,0,105.6
2024/1/29 6:00,1006.5,90,0,-2.6,3.7,,0,0,105.6
2024/1/29 6:15,1006.5,90.1,0,-2.6,3.6,,0,0,105.6
2024/1/29 6:30,1006.5,90.3,0,-2.6,3.6,,0,0,105.6
2024/1/29 6:45,1006.5,90.5,0,-2.7,3.6,,0,0,105.6
2024/1/29 7:00,1006.5,90.7,0,-2.7,3.6,,0,0,105.6
2024/1/29 7:15,1006.5,90.9,0,-2.7,3.6,,5,1.26,105.6
2024/1/29 7:30,1006.5,91.1,0,-2.8,3.6,,19,2.87,105.6
2024/1/29 7:45,1006.5,91.3,0,-2.7,3.6,,45,5.51,105.6
2024/1/29 8:00,1006.5,91.3,0,-2.7,3.6,,86,9.05,105.6
2024/1/29 8:15,1006.5,91.2,0,-2.5,3.7,,134,14.74,105.6
2024/1/29 8:30,1006.5,90.9,0,-2.3,3.7,,166,22.31,105.6
2024/1/29 8:45,1006.5,90.3,0,-1.9,3.7,,99,16.81,105.6
2024/1/29 9:00,1006.5,89.4,0,-1.5,3.7,,256,30.25,105.6
2024/1/29 9:15,1006.5,88.4,0,-1,3.8,,260,28.93,105.6
2024/1/29 9:30,1006.5,86.9,0,-0.6,3.8,,320,42.35,105.6
2024/1/29 9:45,1006.5,86,0,-0.2,3.8,,305,45.39,105.6
2024/1/29 10:00,1006.5,85.5,0,0.2,3.8,,271,40.79,105.6
2024/1/29 10:15,1006.5,84.6,0,0.5,3.9,,197,45.29,105.6
2024/1/29 10:30,1006.5,83.6,0,0.8,3.9,,477,68.33,105.6
2024/1/29 10:45,1006.5,82.5,0,1,3.9,,496,63.19,105.6
2024/1/29 11:00,1006.5,81.8,0,1.3,4,,434,58.82,105.6
2024/1/29 11:15,1006.5,81.2,0,1.5,4,,275,61.29,105.6
2024/1/29 11:30,1006.5,80,0,1.8,4,,595,70.33,105.6
2024/1/29 11:45,1006.5,78.4,0,2,4.1,,484,71.93,105.6
2024/1/29 12:00,1006.5,77.6,0,2.2,4.1,,208,39.93,105.6
2024/1/29 12:15,1006.5,76.2,0,2.4,4.1,,292,65.55,105.6
2024/1/29 12:30,1006.5,74.4,0,2.6,4.1,,531,53.54,105.6
2024/1/29 12:45,1006.5,73.2,0,2.8,4.1,,597,89.49,105.6
2024/1/29 13:00,1006.5,71.9,0,2.9,4.1,,280,61.65,105.6
2024/1/29 13:15,1006.5,70.7,0,3,4.1,,592,76.55,105.6
2024/1/29 13:30,1006.5,69.2,0,3.2,4.1,,560,72.63,105.6
2024/1/29 13:45,1006.5,67.4,0,3.3,4.1,,485,30.15,105.6
2024/1/29 14:00,1006.5,66.5,0,3.4,4.1,,325,20.45,105.6
2024/1/29 14:15,1006.5,65.8,0,3.4,4,,419,57.8,105.6
2024/1/29 14:30,1006.5,65.1,0,3.5,4,,354,37.11,105.6
2024/1/29 14:45,1006.5,64.5,0,3.6,3.9,,179,24.82,105.6
2024/1/29 15:00,1006.5,64.4,0,3.6,3.8,,155,20.65,105.6
2024/1/29 15:15,1006.5,64.3,0,3.6,3.8,,201,33.19,105.6
2024/1/29 15:30,1006.5,64.3,0,3.7,3.8,,245,29.61,105.6
2024/1/29 15:45,1006.5,64.2,0,3.6,3.7,,145,18.5,105.6
2024/1/29 16:00,1006.5,64.3,0,3.6,3.7,,134,14.62,105.6
2024/1/29 16:15,1006.5,65,0,3.6,3.7,,78,10.73,105.6
2024/1/29 16:30,1006.5,66.7,0,3.6,3.7,,70,8.86,105.6
2024/1/29 16:45,1006.5,68.7,0,3.6,3.7,,47,5.71,105.6
2024/1/29 17:00,1006.5,70.4,0,3.5,3.7,,20,2.91,105.6
2024/1/29 17:15,1006.5,72,0,3.3,3.7,,4,1.12,105.6
2024/1/29 17:30,1006.5,73,0,3.1,3.7,,0,0,105.6
2024/1/29 17:45,1006.5,73.9,0,2.8,3.7,,0,0,105.6
2024/1/29 18:00,1006.5,74.7,0,2.5,3.8,,0,0,105.6
2024/1/29 18:15,1006.5,75.4,0,2.2,3.8,,0,0,105.6
2024/1/29 18:30,1006.5,77,0,1.8,3.8,,0,0,105.6
2024/1/29 18:45,1006.5,80.3,0,1.4,3.8,,0,0,105.6
2024/1/29 19:00,1006.5,83.6,0,1.1,3.8,,0,0,105.6
2024/1/29 19:15,1006.5,86,0,0.9,3.8,,0,0,105.6
2024/1/29 19:30,1006.5,87.7,0,0.7,3.8,,0,0,105.6
2024/1/29 19:45,1006.5,88.5,0,0.5,3.9,,0,0,105.6
2024/1/29 20:00,1006.5,89.2,0,0.3,3.9,,0,0,105.6
2024/1/29 20:15,1006.5,89.8,0,0.2,4,,0,0,105.6
2024/1/29 20:30,1006.5,90.1,0,0,4,,0,0,105.6
2024/1/29 20:45,1006.5,90.1,0,-0.1,4.1,,0,0,105.6
2024/1/29 21:00,1006.5,90.3,0,-0.2,4.1,,0,0,105.6
2024/1/29 21:15,1006.5,90.6,0,-0.3,4.1,,0,0,105.6
2024/1/29 21:30,1006.5,90.7,0,-0.4,4.1,,0,0,105.6
2024/1/29 21:45,1006.5,90.5,0,-0.5,4.1,,0,0,105.6
2024/1/29 22:00,1006.5,90.2,0,-0.6,4.1,,0,0,105.6
2024/1/29 22:15,1006.5,89.9,0,-0.7,4.1,,0,0,105.6
2024/1/29 22:30,1006.5,89.6,0,-0.9,4,,0,0,105.6
2024/1/29 22:45,1006.5,89.1,0,-0.9,4,,0,0,105.6
2024/1/29 23:00,1006.5,88.6,0,-1,3.9,,0,0,105.6
2024/1/29 23:15,1006.5,88.5,0,-1.1,3.9,,0,0,105.6
2024/1/29 23:30,1006.5,88.5,0,-1.1,3.8,,0,0,105.6
2024/1/29 23:45,1006.5,88.7,0,-1.2,3.8,,0,0,105.6
2024/1/30 0:00,1006.5,96.2,0,-0.5,4.1,,0,0,105.6
2024/1/30 0:15,1006.5,96.7,0,-0.6,4,,0,0,105.6
2024/1/30 0:30,1006.5,97,0,-0.6,3.9,,0,0,105.6
2024/1/30 0:45,1006.5,97.3,0,-0.7,3.9,,0,0,105.6
2024/1/30 1:00,1006.5,97.5,0,-0.9,3.8,,0,0,105.6
2024/1/30 1:15,1006.5,97.7,0,-0.9,3.7,,0,0,105.6
2024/1/30 1:30,1006.5,97.7,0,-1.1,3.6,,0,0,105.6
2024/1/30 1:45,1006.5,97.8,0,-1.1,3.5,,0,0,105.6
2024/1/30 2:00,1006.5,98,0,-1.2,3.4,,0,0,105.6
2024/1/30 2:15,1006.5,98.3,0,-1.2,3.3,,0,0,105.6
2024/1/30 2:30,1006.4,98.5,0,-1.3,3.2,,0,0,105.6
2024/1/30 2:45,1006.4,98.7,0,-1.3,3.1,,0,0,105.6
2024/1/30 3:00,1006.4,98.9,0,-1.4,3,,0,0,105.6
2024/1/30 3:15,1006.4,98.8,0,-1.5,2.9,,0,0,105.6
2024/1/30 3:30,1006.4,98.8,0,-1.6,2.8,,0,0,105.6
2024/1/30 3:45,1006.4,98.7,0,-1.7,2.7,,0,0,105.6
2024/1/30 4:00,1006.4,98.7,0,-1.8,2.6,,0,0,105.6
2024/1/30 4:15,1006.4,98.7,0,-1.8,2.5,,0,0,105.6
2024/1/30 4:30,1006.4,98.7,0,-1.8,2.4,,0,0,105.6
2024/1/30 4:45,1006.4,98.7,0,-1.9,2.3,,0,0,105.6
2024/1/30 5:00,1006.4,98.7,0,-2,2.3,,0,0,105.6
2024/1/30 5:15,1006.4,98.8,0,-2.1,2.2,,0,0,105.6
2024/1/30 5:30,1006.4,98.8,0,-2.2,2.1,,0,0,105.6
2024/1/30 5:45,1006.4,98.8,0,-2.2,2.1,,0,0,105.6
2024/1/30 6:00,1006.4,98.8,0,-2.3,2,,0,0,105.6
2024/1/30 6:15,1006.4,98.9,0,-2.3,2,,0,0,105.6
2024/1/30 6:30,1006.4,98.9,0,-2.3,2,,0,0,105.6
2024/1/30 6:45,1006.4,98.9,0,-2.3,1.9,,0,0,105.6
2024/1/30 7:00,1006.4,99,0,-2.3,1.9,,0,0,105.6
2024/1/30 7:15,1006.4,99,0,-2.3,1.9,,8,1.48,105.6
2024/1/30 7:30,1006.4,99,0,-2.3,1.9,,43,4.79,105.6
2024/1/30 7:45,1006.4,99,0,-2.2,1.9,,72,8.24,105.6
2024/1/30 8:00,1006.4,99,0,-2.1,1.9,,119,11.81,105.6
2024/1/30 8:15,1006.4,99,0,-1.9,1.9,,186,11.75,105.6
2024/1/30 8:30,1006.4,99,0,-1.8,2,,214,12.01,105.6
2024/1/30 8:45,1006.4,98.9,0,-1.6,2,,177,11.45,105.6
2024/1/30 9:00,1006.4,98.7,0,-1.3,2.1,,158,11.47,105.6
2024/1/30 9:15,1006.4,98.4,0,-0.9,2.2,,175,11.83,105.6
2024/1/30 9:30,1006.5,97.7,0,-0.4,2.4,,222,11.91,105.6
2024/1/30 9:45,1006.5,97.4,0,0.1,2.5,,280,11.77,105.6
2024/1/30 10:00,1006.5,97.1,0,0.6,2.7,,447,11.36,105.6
2024/1/30 10:15,1006.5,96.8,0,1.1,2.9,,480,60.72,105.6
2024/1/30 10:30,1006.5,96.4,0,1.5,3,,306,48.87,105.6
2024/1/30 10:45,1006.5,96.1,0,1.9,3.2,,500,74.34,105.6
2024/1/30 11:00,1006.5,95.3,0,2.2,3.4,,531,82.32,105.6
2024/1/30 11:15,1006.5,93.8,0,2.7,3.6,,569,80.29,105.6
2024/1/30 11:30,1006.5,91.9,0,3.2,3.7,,523,75.21,105.6
2024/1/30 11:45,1006.5,89.2,0,3.9,3.9,,528,80.31,105.6
2024/1/30 12:00,1006.5,87.2,0,4.3,4.1,,429,61.29,105.6
2024/1/30 12:15,1006.5,84.5,0,4.5,4.2,,364,88.03,105.6
2024/1/30 12:30,1006.5,82.8,0,4.6,4.4,,545,82.82,105.6
2024/1/30 12:45,1006.5,82,0,4.7,4.5,,553,75.34,105.6
2024/1/30 13:00,1006.5,81.5,0,4.7,4.6,,539,81.97,105.6
2024/1/30 13:15,1006.5,80.9,0,4.8,4.7,,451,73.1,105.6
2024/1/30 13:30,1006.5,79.8,0,4.9,4.7,,270,62.92,105.6
2024/1/30 13:45,1006.5,78.5,0,5,4.8,,264,47.42,105.6
2024/1/30 14:00,1006.5,77.4,0,5,4.8,,411,67.17,105.6
2024/1/30 14:15,1006.5,76.6,0,5,4.9,,241,35.96,105.6
2024/1/30 14:30,1006.5,75.9,0,5.1,4.9,,151,18.06,105.6
2024/1/30 14:45,1006.5,75.6,0,5.2,4.9,,197,12.72,105.6
2024/1/30 15:00,1006.5,75.8,0,5.2,4.9,,67,8.24,105.6
2024/1/30 15:15,1006.5,76.8,0,5.3,4.9,,68,8.15,105.6
2024/1/30 15:30,1006.5,77.8,0,5.3,4.8,,53,6.32,105.6
2024/1/30 15:45,1006.5,79.2,0.1,5.4,4.7,,23,2.94,105.6
2024/1/30 16:00,1006.5,80.8,0.2,5.4,4.6,,26,3.67,105.6
2024/1/30 16:15,1006.5,82.3,0.3,5.4,4.5,,28,4.62,105.6
2024/1/30 16:30,1006.5,83.6,0.4,5.3,4.4,,31,4.4,105.6
2024/1/30 16:45,1006.5,84.7,0.4,5.2,4.2,,23,2.95,105.6
2024/1/30 17:00,1006.5,86.4,0.3,5.1,4.1,,4,0.8,105.6
2024/1/30 17:15,1006.5,88.4,0.3,4.8,4,,2,0.44,105.6
2024/1/30 17:30,1006.5,88.8,0.4,4.5,3.9,,0,0,105.6
2024/1/30 17:45,1006.5,90.7,0.4,4.3,3.8,,0,0,105.6
2024/1/30 18:00,1006.5,92.1,0.4,4.1,3.7,,0,0,105.6
2024/1/30 18:15,1006.5,93.4,0.4,3.9,3.6,,0,0,105.6
2024/1/30 18:30,1006.5,94.5,0.4,3.8,3.5,,0,0,105.6
2024/1/30 18:45,1006.5,95.1,0.4,3.7,3.5,,0,0,105.6
2024/1/30 19:00,1006.5,95.8,0.4,3.5,3.4,,0,0,105.6
2024/1/30 19:15,1006.5,96.3,0.4,3.4,3.4,,0,0,105.6
2024/1/30 19:30,1006.5,96.8,0.4,3.4,3.4,,0,0,105.6
2024/1/30 19:45,1006.5,97.2,0.4,3.3,3.4,,0,0,105.6
2024/1/30 20:00,1006.5,97.3,0.4,3.2,3.3,,0,0,105.6
2024/1/30 20:15,1006.5,97.2,0.4,3.1,3.3,,0,0,105.6
2024/1/30 20:30,1006.5,97.3,0.4,3.1,3.2,,0,0,105.6
2024/1/30 20:45,1006.5,97.3,0.4,3.1,3.1,,0,0,105.6
2024/1/30 21:00,1006.5,97.4,0.4,3,3,,0,0,105.6
2024/1/30 21:15,1006.5,97.6,0.4,3,2.9,,0,0,105.6
2024/1/30 21:30,1006.5,97.9,0.3,3,2.8,,0,0,105.6
2024/1/30 21:45,1006.5,98,0.2,3,2.7,,0,0,105.6
2024/1/30 22:00,1006.5,98.2,0.2,3,2.6,,0,0,105.6
2024/1/30 22:15,1006.5,98.2,0.3,3,2.6,,0,0,105.6
2024/1/30 22:30,1006.5,98.1,0.5,3.1,2.5,,0,0,105.6
2024/1/30 22:45,1006.5,97.9,0.4,3.1,2.4,,0,0,105.6
2024/1/30 23:00,1006.5,97.7,0.4,3,2.3,,0,0,105.6
2024/1/30 23:15,1006.5,97.5,0.4,3,2.2,,0,0,105.6
2024/1/30 23:30,1006.5,97.3,0.4,2.9,2.1,,0,0,105.6
2024/1/30 23:45,1006.5,97.3,0.4,3,2.1,,0,0,105.6
2024/1/31 0:00,1006.5,97.3,0.1,2.6,2.5,,0,0,105.6
2024/1/31 0:15,1006.5,97.5,0.1,2.6,2.4,,0,0,105.6
2024/1/31 0:30,1006.5,97.6,0.1,2.6,2.3,,0,0,105.6
2024/1/31 0:45,1006.5,97.8,0.2,2.6,2.2,,0,0,105.6
2024/1/31 1:00,1006.5,98,0.2,2.6,2.1,,0,0,105.6
2024/1/31 1:15,1006.5,98.3,0.2,2.6,2.1,,0,0,105.6
2024/1/31 1:30,1006.5,98.4,0.2,2.6,2,,0,0,105.6
2024/1/31 1:45,1006.5,98.4,0.2,2.6,1.9,,0,0,105.6
2024/1/31 2:00,1006.5,98.4,0.2,2.6,1.9,,0,0,105.6
2024/1/31 2:15,1006.5,98.4,0.2,2.6,1.8,,0,0,105.6
2024/1/31 2:30,1006.5,98.6,0.2,2.7,1.8,,0,0,105.6
2024/1/31 2:45,1006.5,98.8,0.2,2.7,1.8,,0,0,105.6
2024/1/31 3:00,1006.5,99,0.2,2.7,1.7,,0,0,105.6
2024/1/31 3:15,1006.5,99.2,0.2,2.7,1.7,,0,0,105.6
2024/1/31 3:30,1006.5,99.3,0.2,2.7,1.7,,0,0,105.6
2024/1/31 3:45,1006.5,99.5,0.2,2.7,1.7,,0,0,105.6
2024/1/31 4:00,1006.5,99.6,0.2,2.6,1.7,,0,0,105.6
2024/1/31 4:15,1006.5,99.7,0.2,2.6,1.7,,0,0,105.6
2024/1/31 4:30,1006.5,99.8,0,2.5,1.7,,0,0,105.6
2024/1/31 4:45,1006.5,99.8,0.1,2.4,1.8,,0,0,105.6
2024/1/31 5:00,1006.5,99.8,0.1,2.4,1.9,,0,0,105.6
2024/1/31 5:15,1006.5,99.9,0,2.3,2,,0,0,105.6
2024/1/31 5:30,1006.5,99.9,0,2.2,2.1,,0,0,105.6
2024/1/31 5:45,1006.5,100,0,2,2.2,,0,0,105.6
2024/1/31 6:00,1006.5,100,0,1.9,2.4,,0,0,105.6
2024/1/31 6:15,1006.5,100,0,1.8,2.6,,0,0,105.6
2024/1/31 6:30,1006.5,100,0,1.7,2.8,,0,0,105.6
2024/1/31 6:45,1006.5,100,0,1.5,3,,0,0,105.6
2024/1/31 7:00,1006.5,100,0,1.4,3.3,,0,0,105.6
2024/1/31 7:15,1006.5,100,0,1.2,3.6,,2,0.39,105.6
2024/1/31 7:30,1006.5,100,0,1.1,3.9,,8,1.22,105.6
2024/1/31 7:45,1006.5,100,0,1,4.2,,20,2.66,105.6
2024/1/31 8:00,1006.5,100,0,1,4.6,,30,3.62,105.6
2024/1/31 8:15,1006.5,100,0,1,4.9,,31,3.82,105.6
2024/1/31 8:30,1006.5,100,0,1,5.3,,39,3.82,105.6
2024/1/31 8:45,1006.5,99.8,0,0.9,5.7,,29,3.73,105.6
2024/1/31 9:00,1006.5,99.8,0,0.9,6,,32,3.74,105.6
2024/1/31 9:15,1006.5,99.9,0,0.9,6.4,,48,3.97,105.6
2024/1/31 9:30,1006.5,99.2,0,0.9,6.8,,40,3.76,105.6
2024/1/31 9:45,1006.5,97.7,0,0.9,7.1,,47,6.11,105.6
2024/1/31 10:00,1006.5,96.9,0,0.8,7.5,,61,7.64,105.6
2024/1/31 10:15,1006.5,96.4,0,0.8,7.8,,93,9.36,105.6
2024/1/31 10:30,1006.5,95.6,0,0.8,8.2,,85,10.83,105.6
2024/1/31 10:45,1006.5,94.5,0,0.7,8.5,,116,14.08,105.6
2024/1/31 11:00,1006.5,93.3,0,0.5,8.8,,143,21.39,105.6
2024/1/31 11:15,1006.5,92.5,0,0.4,9.1,,174,21.12,105.6
2024/1/31 11:30,1006.5,91.9,0,0.3,9.4,,200,18.52,105.6
2024/1/31 11:45,1006.5,91.5,0,0.2,9.7,,305,25.09,105.6
2024/1/31 12:00,1006.5,91.1,0,0.1,9.9,,1200,34.8,105.6
2024/1/31 12:15,1006.5,90.6,0,0,10.1,,1200,34.64,105.6
2024/1/31 12:30,1006.5,90.1,0,-0.1,10.3,,348,42.16,105.6
2024/1/31 12:45,1006.4,89.7,0,-0.1,10.5,,319,33.97,105.6
2024/1/31 13:00,1006.4,89.5,0,-0.2,10.6,,289,30.51,105.6
2024/1/31 13:15,1006.4,89.3,0,-0.3,10.8,,274,35.89,105.6
2024/1/31 13:30,1006.4,88.9,0,-0.3,10.9,,239,29.76,105.6
2024/1/31 13:45,1006.4,88.4,0,-0.4,11,,254,33.09,105.6
2024/1/31 14:00,1006.4,87.9,0,-0.4,11,,339,32.91,105.6
2024/1/31 14:15,1006.4,87.3,0,-0.5,11.1,,414,39.69,105.6
2024/1/31 14:30,1006.4,86.4,0,-0.5,11.1,,386,35.59,105.6
2024/1/31 14:45,1006.4,85.4,0,-0.6,11.2,,281,25.92,105.6
2024/1/31 15:00,1006.4,84.2,0,-0.6,11.2,,175,20.11,105.6
2024/1/31 15:15,1006.4,83,0,-0.7,11.2,,117,13.15,105.6
2024/1/31 15:30,1006.4,82.3,0,-0.7,11.2,,104,11.75,105.6
2024/1/31 15:45,1006.4,81.5,0,-0.8,11.2,,82,10.6,105.6
2024/1/31 16:00,1006.4,81,0,-0.9,11.2,,63,8.06,105.6
2024/1/31 16:15,1006.4,80.4,0,-1,11.2,,41,4.75,105.6
2024/1/31 16:30,1006.4,79.9,0,-1.1,11.2,,34,4.14,105.6
2024/1/31 16:45,1006.4,79.5,0,-1.2,11.2,,20,2.32,105.6
2024/1/31 17:00,1006.4,79,0,-1.3,11.2,,10,1.37,105.6
2024/1/31 17:15,1006.4,78.5,0,-1.4,11.1,,3,0.64,105.6
2024/1/31 17:30,1006.4,78.1,0,-1.5,11.1,,0,0,105.6
2024/1/31 17:45,1006.4,77.8,0,-1.6,11.1,,0,0,105.6
2024/1/31 18:00,1006.4,77.3,0,-1.6,11.1,,0,0,105.6
2024/1/31 18:15,1006.4,76.7,0,-1.7,11.1,,0,0,105.6
2024/1/31 18:30,1006.4,76.4,0,-1.7,11,,0,0,105.6
2024/1/31 18:45,1006.4,76.3,0,-1.8,11,,0,0,105.6
2024/1/31 19:00,1006.4,76.2,0,-1.8,11,,0,0,105.6
2024/1/31 19:15,1006.4,76.1,0,-1.9,11,,0,0,105.6
2024/1/31 19:30,1006.4,75.8,0,-1.9,11,,0,0,105.6
2024/1/31 19:45,1006.4,75.5,0,-1.9,11,,0,0,105.6
2024/1/31 20:00,1006.4,75.1,0,-2,11,,0,0,105.6
2024/1/31 20:15,1006.4,74.6,0,-2,11,,0,0,105.6
2024/1/31 20:30,1006.4,74.3,0,-2,11,,0,0,105.6
2024/1/31 20:45,1006.4,73.9,0,-2.1,11,,0,0,105.6
2024/1/31 21:00,1006.4,73.6,0,-2.1,11,,0,0,105.6
2024/1/31 21:15,1006.4,73.5,0.1,-2.2,11,,0,0,105.6
2024/1/31 21:30,1006.4,73.5,0.1,-2.2,11.1,,0,0,105.6
2024/1/31 21:45,1006.4,73.5,0.2,-2.2,11.1,,0,0,105.6
2024/1/31 22:00,1006.4,73.5,0.2,-2.3,11.1,,0,0,105.6
2024/1/31 22:15,1006.4,73.7,0.3,-2.3,11.1,,0,0,105.6
2024/1/31 22:30,1006.4,73.9,0.3,-2.3,11.2,,0,0,105.6
2024/1/31 22:45,1006.5,74,0.3,-2.4,11.2,,0,0,105.6
2024/1/31 23:00,1006.5,74.1,0.3,-2.4,11.2,,0,0,105.6
2024/1/31 23:15,1006.4,74.1,0.3,-2.4,11.2,,0,0,105.6
2024/1/31 23:30,1006.4,74,0.3,-2.5,11.2,,0,0,105.6
2024/1/31 23:45,1006.4,73.6,0.3,-2.5,11.2,,0,0,105.6
2024/2/1 0:00,1006.4,71.6,0.1,-1.9,11.3,,0,0,105.6
2024/2/1 0:15,1006.4,71.5,0.1,-1.9,11.3,,0,0,105.6
2024/2/1 0:30,1006.4,71.3,0.2,-1.9,11.4,,0,0,105.6
2024/2/1 0:45,1006.4,70.8,0.2,-1.9,11.4,,0,0,105.6
2024/2/1 1:00,1006.4,70.6,0.2,-2,11.4,,0,0,105.6
2024/2/1 1:15,1006.4,70.7,0.3,-2,11.5,,0,0,105.6
2024/2/1 1:30,1006.4,70.8,0.3,-2,11.5,,0,0,105.6
2024/2/1 1:45,1006.4,70.9,0.3,-2,11.5,,0,0,105.6
2024/2/1 2:00,1006.4,70.6,0.3,-2,11.5,,0,0,105.6
2024/2/1 2:15,1006.4,70.4,0.3,-2.1,11.5,,0,0,105.6
2024/2/1 2:30,1006.4,70.4,0.2,-2.1,11.5,,0,0,105.6
2024/2/1 2:45,1006.4,70.6,0.3,-2.1,11.5,,0,0,105.6
2024/2/1 3:00,1006.4,70.4,0.3,-2.1,11.5,,0,0,105.6
2024/2/1 3:15,1006.4,70.3,0.3,-2.2,11.5,,0,0,105.6
2024/2/1 3:30,1006.4,70.5,0.3,-2.2,11.5,,0,0,105.6
2024/2/1 3:45,1006.4,70.6,0.3,-2.2,11.5,,0,0,105.6
2024/2/1 4:00,1006.4,70.7,0.3,-2.3,11.5,,0,0,105.6
2024/2/1 4:15,1006.4,70.7,0.3,-2.3,11.5,,0,0,105.6
2024/2/1 4:30,1006.4,70.4,0.3,-2.4,11.5,,0,0,105.6
2024/2/1 4:45,1006.4,70.1,0.3,-2.4,11.4,,0,0,105.6
2024/2/1 5:00,1006.4,69.7,0.3,-2.4,11.4,,0,0,105.6
2024/2/1 5:15,1006.4,69.4,0.3,-2.5,11.4,,0,0,105.6
2024/2/1 5:30,1006.4,69.1,0.3,-2.5,11.3,,0,0,105.6
2024/2/1 5:45,1006.4,68.8,0.3,-2.5,11.3,,0,0,105.6
2024/2/1 6:00,1006.4,68.7,0.3,-2.6,11.2,,0,0,105.6
2024/2/1 6:15,1006.4,68.8,0.2,-2.6,11.2,,0,0,105.6
2024/2/1 6:30,1006.4,69.2,0.2,-2.7,11.1,,0,0,105.6
2024/2/1 6:45,1006.5,69.5,0.1,-2.7,11.1,,0,0,105.6
2024/2/1 7:00,1006.5,69.5,0.1,-2.7,11,,0,0,105.6
2024/2/1 7:15,1006.5,69.3,0.1,-2.7,11,,8,1.28,105.6
2024/2/1 7:30,1006.5,69.3,0.2,-2.8,10.9,,31,4.16,105.6
2024/2/1 7:45,1006.5,69.5,0.2,-2.8,10.9,,51,6.21,105.6
2024/2/1 8:00,1006.5,69.8,0.2,-2.8,10.9,,54,6.95,105.6
2024/2/1 8:15,1006.5,69.3,0.3,-2.8,10.8,,94,16.23,105.6
2024/2/1 8:30,1006.5,69,0.3,-2.8,10.8,,106,12.92,105.6
2024/2/1 8:45,1006.5,68.8,0.3,-2.7,10.8,,128,18.09,105.6
2024/2/1 9:00,1006.5,68.8,0.2,-2.7,10.8,,123,16.61,105.6
2024/2/1 9:15,1006.5,68.7,0.2,-2.6,10.7,,120,15.31,105.6
2024/2/1 9:30,1006.5,68.2,0.2,-2.5,10.7,,114,14.65,105.6
2024/2/1 9:45,1006.5,67.8,0.3,-2.4,10.7,,112,14.51,105.6
2024/2/1 10:00,1006.5,67.6,0.3,-2.3,10.7,,148,19.35,105.6
2024/2/1 10:15,1006.5,67.1,0.2,-2.2,10.6,,231,29.61,105.6
2024/2/1 10:30,1006.5,66.3,0.2,-2.1,10.6,,318,47.99,105.6
2024/2/1 10:45,1006.5,65.3,0.1,-2,10.6,,309,67.5,105.6
2024/2/1 11:00,1006.5,64.4,0.1,-1.9,10.7,,375,45.53,105.6
2024/2/1 11:15,1006.5,63.7,0.1,-1.8,10.7,,279,27.61,105.6
2024/2/1 11:30,1006.5,64.3,0,-1.8,10.7,,201,28.43,105.6
2024/2/1 11:45,1006.5,64.5,0,-1.8,10.7,,247,47.26,105.6
2024/2/1 12:00,1006.5,64.3,0,-1.8,10.7,,261,46.84,105.6
2024/2/1 12:15,1006.5,64.6,0,-1.8,10.8,,374,61.64,105.6
2024/2/1 12:30,1006.5,64.6,0,-1.8,10.8,,576,87.27,105.6
2024/2/1 12:45,1006.5,64.3,0,-1.8,10.8,,662,72.05,105.6
2024/2/1 13:00,1006.5,64.3,0,-1.8,10.8,,630,88.98,105.6
2024/2/1 13:15,1006.5,64.2,0,-1.8,10.8,,687,74.75,105.6
2024/2/1 13:30,1006.5,65.2,0,-1.9,10.8,,467,54.75,105.6
2024/2/1 13:45,1006.5,66.5,0,-1.9,10.8,,384,61.04,105.6
2024/2/1 14:00,1006.5,67.8,0,-2,10.7,,482,38.86,105.6
2024/2/1 14:15,1006.5,68.8,0,-2,10.7,,264,63.13,105.6
2024/2/1 14:30,1006.5,69.2,0,-2.1,10.7,,250,42.94,105.6
2024/2/1 14:45,1006.5,69.9,0,-2.1,10.6,,194,36.96,105.6
2024/2/1 15:00,1006.5,70.7,0,-2.1,10.6,,394,24.14,105.6
2024/2/1 15:15,1006.5,71.2,0,-2.2,10.6,,141,17.71,105.6
2024/2/1 15:30,1006.5,71.6,0,-2.2,10.5,,104,23.62,105.6
2024/2/1 15:45,1006.5,72,0,-2.3,10.4,,118,14.21,105.6
2024/2/1 16:00,1006.5,72.2,0,-2.3,10.4,,80,13.82,105.6
2024/2/1 16:15,1006.5,72.3,0,-2.4,10.3,,81,10.49,105.6
2024/2/1 16:30,1006.5,72.5,0,-2.4,10.2,,66,8.47,105.6
2024/2/1 16:45,1006.5,72.6,0,-2.5,10.1,,30,3.67,105.6
2024/2/1 17:00,1006.5,72.9,0,-2.5,10,,16,3.05,105.6
2024/2/1 17:15,1006.5,73.3,0,-2.5,9.9,,5,0.91,105.6
2024/2/1 17:30,1006.5,73.5,0,-2.5,9.8,,0,0.3,105.6
2024/2/1 17:45,1006.5,73.7,0,-2.5,9.7,,0,0,105.6
2024/2/1 18:00,1006.5,73.7,0,-2.5,9.6,,0,0,105.6
2024/2/1 18:15,1006.5,73.8,0,-2.5,9.5,,0,0,105.6
2024/2/1 18:30,1006.5,73.8,0,-2.5,9.4,,0,0,105.6
2024/2/1 18:45,1006.5,73.8,0,-2.5,9.4,,0,0,105.6
2024/2/1 19:00,1006.5,73.7,0,-2.5,9.3,,0,0,105.6
2024/2/1 19:15,1006.5,73.8,0,-2.4,9.2,,0,0,105.6
2024/2/1 19:30,1006.5,73.9,0,-2.4,9.1,,0,0,105.6
2024/2/1 19:45,1006.5,73.9,0,-2.4,9,,0,0,105.6
2024/2/1 20:00,1006.5,74,0,-2.3,9,,0,0,105.6
2024/2/1 20:15,1006.5,73.7,0,-2.3,8.9,,0,0,105.6
2024/2/1 20:30,1006.5,74,0,-2.3,8.8,,0,0,105.6
2024/2/1 20:45,1006.5,74.1,0,-2.3,8.8,,0,0,105.6
2024/2/1 21:00,1006.5,74.1,0,-2.2,8.7,,0,0,105.6
2024/2/1 21:15,1006.5,74.1,0,-2.2,8.7,,0,0,105.6
2024/2/1 21:30,1006.5,73.4,0,-2.1,8.6,,0,0,105.6
2024/2/1 21:45,1006.5,72.6,0,-2.1,8.6,,0,0,105.6
2024/2/1 22:00,1006.5,71.8,0,-2.1,8.6,,0,0,105.6
2024/2/1 22:15,1006.5,71.2,0,-2,8.5,,0,0,105.6
2024/2/1 22:30,1006.5,70.9,0,-2,8.5,,0,0,105.6
2024/2/1 22:45,1006.5,71.1,0,-2,8.5,,0,0,105.6
2024/2/1 23:00,1006.5,71.2,0,-2,8.5,,0,0,105.6
2024/2/1 23:15,1006.5,71.3,0,-1.9,8.4,,0,0,105.6
2024/2/1 23:30,1006.5,71.4,0,-1.9,8.4,,0,0,105.6
2024/2/1 23:45,1006.5,71.4,0,-1.9,8.4,,0,0,105.6
2024/2/2 0:00,1006.5,70.6,0,-3,7.6,,0,0,105.6
2024/2/2 0:15,1006.5,70.1,0,-2.9,7.6,,0,0,105.6
2024/2/2 0:30,1006.5,69.3,0,-2.9,7.6,,0,0,105.6
2024/2/2 0:45,1006.5,68,0,-2.9,7.6,,0,0,105.6
2024/2/2 1:00,1006.5,68,0,-2.8,7.6,,0,0,105.6
2024/2/2 1:15,1006.5,67.8,0,-2.8,7.6,,0,0,105.6
2024/2/2 1:30,1006.5,67.7,0,-2.8,7.6,,0,0,105.6
2024/2/2 1:45,1006.5,67.6,0,-2.8,7.6,,0,0,105.6
2024/2/2 2:00,1006.5,67.4,0,-2.8,7.6,,0,0,105.6
2024/2/2 2:15,1006.5,66.9,0,-2.7,7.7,,0,0,105.6
2024/2/2 2:30,1006.5,66.6,0,-2.7,7.7,,0,0,105.6
2024/2/2 2:45,1006.5,66.2,0,-2.7,7.7,,0,0,105.6
2024/2/2 3:00,1006.5,65.8,0,-2.7,7.7,,0,0,105.6
2024/2/2 3:15,1006.5,65.6,0,-2.7,7.7,,0,0,105.6
2024/2/2 3:30,1006.5,65.7,0,-2.6,7.7,,0,0,105.6
2024/2/2 3:45,1006.5,65.1,0,-2.6,7.7,,0,0,105.6
2024/2/2 4:00,1006.5,64.5,0,-2.6,7.7,,0,0,105.6
2024/2/2 4:15,1006.5,64,0,-2.6,7.7,,0,0,105.6
2024/2/2 4:30,1006.5,63.3,0,-2.5,7.7,,0,0,105.6
2024/2/2 4:45,1006.5,63,0,-2.5,7.7,,0,0,105.6
2024/2/2 5:00,1006.5,63,0,-2.5,7.7,,0,0,105.6
2024/2/2 5:15,1006.5,63.2,0,-2.5,7.7,,0,0,105.6
2024/2/2 5:30,1006.5,63.5,0,-2.5,7.7,,0,0,105.6
2024/2/2 5:45,1006.5,64,0,-2.5,7.6,,0,0,105.6
2024/2/2 6:00,1006.5,64.5,0,-2.4,7.6,,0,0,105.6
2024/2/2 6:15,1006.5,65,0,-2.4,7.6,,0,0,105.6
2024/2/2 6:30,1006.5,65.3,0,-2.4,7.5,,0,0,105.6
2024/2/2 6:45,1006.5,65.9,0,-2.4,7.5,,0,0,105.6
2024/2/2 7:00,1006.5,66.4,0,-2.4,7.4,,0,0,105.6
2024/2/2 7:15,1006.5,66.7,0,-2.4,7.4,,9,1.62,105.6
2024/2/2 7:30,1006.5,67.1,0,-2.3,7.3,,30,4.01,105.6
2024/2/2 7:45,1006.5,67.3,0,-2.3,7.3,,72,6.97,105.6
2024/2/2 8:00,1006.5,67.3,0,-2.2,7.3,,115,12.04,105.6
2024/2/2 8:15,1006.5,67.5,0,-2.1,7.2,,169,18.59,105.6
2024/2/2 8:30,1006.5,67.9,0,-2,7.2,,207,24.8,105.6
2024/2/2 8:45,1006.5,68.2,0,-1.9,7.1,,255,28.59,105.6
2024/2/2 9:00,1006.5,68.3,0,-1.8,7.1,,300,34.6,105.6
2024/2/2 9:15,1006.5,68.5,0,-1.7,7.1,,340,41.43,105.6
2024/2/2 9:30,1006.5,68.5,0,-1.6,7,,389,53.85,105.6
2024/2/2 9:45,1006.5,68.3,0,-1.5,7,,420,64.56,105.6
2024/2/2 10:00,1006.5,68.2,0,-1.5,7,,481,76.41,105.6
2024/2/2 10:15,1006.5,68,0,-1.4,7,,456,73.51,105.6
2024/2/2 10:30,1006.5,67.9,0,-1.4,6.9,,510,78.67,105.6
2024/2/2 10:45,1006.5,67.9,0,-1.3,6.9,,450,76.84,105.6
2024/2/2 11:00,1006.5,68,0,-1.3,6.9,,467,74.75,105.6
2024/2/2 11:15,1006.5,68.2,0,-1.2,6.9,,433,61.3,105.6
2024/2/2 11:30,1006.5,68.3,0,-1.2,7,,392,61.65,105.6
2024/2/2 11:45,1006.5,68.3,0,-1.2,7,,491,70.38,105.6
2024/2/2 12:00,1006.5,68.2,0,-1.1,7,,505,84.2,105.6
2024/2/2 12:15,1006.5,68.3,0,-1.1,7,,385,62.63,105.6
2024/2/2 12:30,1006.5,68.2,0,-1.1,7,,521,70.74,105.6
2024/2/2 12:45,1006.5,68.2,0,-1.1,7.1,,448,75.95,105.6
2024/2/2 13:00,1006.5,68.3,0,-1.1,7.1,,694,95.04,105.6
2024/2/2 13:15,1006.5,68.3,0,-1.1,7.1,,540,87.54,105.6
2024/2/2 13:30,1006.5,68.4,0,-1.1,7.1,,593,93.62,105.6
2024/2/2 13:45,1006.5,68.5,0,-1.1,7.1,,483,76.13,105.6
2024/2/2 14:00,1006.5,68.4,0,-1.1,7.2,,333,55.54,105.6
2024/2/2 14:15,1006.5,68.4,0,-1.1,7.2,,296,51,105.6
2024/2/2 14:30,1006.5,68.4,0,-1.1,7.2,,240,31.61,105.6
2024/2/2 14:45,1006.5,68.5,0,-1.1,7.2,,307,35.15,105.6
2024/2/2 15:00,1006.5,68.5,0,-1.2,7.2,,305,43.01,105.6
2024/2/2 15:15,1006.5,68.3,0,-1.2,7.2,,194,29.29,105.6
2024/2/2 15:30,1006.5,68.3,0,-1.2,7.3,,168,21.99,105.6
2024/2/2 15:45,1006.5,68.2,0,-1.2,7.3,,94,11.84,105.6
2024/2/2 16:00,1006.5,68.3,0,-1.3,7.3,,78,9.28,105.6
2024/2/2 16:15,1006.5,68.5,0,-1.3,7.2,,58,7.55,105.6
2024/2/2 16:30,1006.5,68.6,0,-1.3,7.2,,44,5.96,105.6
2024/2/2 16:45,1006.5,68.5,0,-1.3,7.2,,31,3.86,105.6
2024/2/2 17:00,1006.5,68.2,0,-1.3,7.2,,15,2.25,105.6
2024/2/2 17:15,1006.5,68.1,0,-1.3,7.1,,5,0.99,105.6
2024/2/2 17:30,1006.5,67.6,0,-1.3,7.1,,0,0.33,105.6
2024/2/2 17:45,1006.5,66.6,0,-1.3,7.1,,0,0,105.6
2024/2/2 18:00,1006.5,66.6,0,-1.3,7,,0,0,105.6
2024/2/2 18:15,1006.5,66.5,0,-1.3,7,,0,0,105.6
2024/2/2 18:30,1006.5,66.2,0,-1.2,6.9,,0,0,105.6
2024/2/2 18:45,1006.5,65.4,0,-1.2,6.8,,0,0,105.6
2024/2/2 19:00,1006.5,64.9,0,-1.2,6.8,,0,0,105.6
2024/2/2 19:15,1006.5,65,0,-1.2,6.7,,0,0,105.6
2024/2/2 19:30,1006.5,65.8,0,-1.2,6.6,,0,0,105.6
2024/2/2 19:45,1006.5,66.9,0,-1.2,6.6,,0,0,105.6
2024/2/2 20:00,1006.5,67.8,0,-1.1,6.5,,0,0,105.6
2024/2/2 20:15,1006.5,68.1,0,-1.1,6.4,,0,0,105.6
2024/2/2 20:30,1006.5,68.7,0,-1.1,6.4,,0,0,105.6
2024/2/2 20:45,1006.5,68.6,0,-1.1,6.3,,0,0,105.6
2024/2/2 21:00,1006.5,68.3,0,-1,6.2,,0,0,105.6
2024/2/2 21:15,1006.5,68.3,0,-1,6.1,,0,0,105.6
2024/2/2 21:30,1006.5,68.8,0,-1,6.1,,0,0,105.6
2024/2/2 21:45,1006.5,69.9,0,-0.9,6,,0,0,105.6
2024/2/2 22:00,1006.5,70.9,0,-0.9,6,,0,0,105.6
2024/2/2 22:15,1006.5,71.6,0,-0.9,5.9,,0,0,105.6
2024/2/2 22:30,1006.5,72.2,0,-0.8,5.8,,0,0,105.6
2024/2/2 22:45,1006.5,72.7,0,-0.8,5.8,,0,0,105.6
2024/2/2 23:00,1006.5,72.9,0,-0.8,5.7,,0,0,105.6
2024/2/2 23:15,1006.5,72.9,0,-0.8,5.7,,0,0,105.6
2024/2/2 23:30,1006.5,72.9,0,-0.7,5.7,,0,0,105.6
2024/2/2 23:45,1006.5,72.9,0,-0.7,5.6,,0,0,105.6
2024/2/4 0:00,1006.5,82,0,-0.6,6.1,,0,0,105.6
2024/2/4 0:15,1006.5,81.6,0,-0.6,6.1,,0,0,105.6
2024/2/4 0:30,1006.5,81.2,0,-0.6,6.1,,0,0,105.6
2024/2/4 0:45,1006.5,81.1,0,-0.6,6.1,,0,0,105.6
2024/2/4 1:00,1006.5,80.9,0,-0.7,6.1,,0,0,105.6
2024/2/4 1:15,1006.5,80.9,0,-0.7,6.1,,0,0,105.6
2024/2/4 1:30,1006.5,80.9,0,-0.8,6.1,,0,0,105.6
2024/2/4 1:45,1006.5,80.9,0,-0.9,6.2,,0,0,105.6
2024/2/4 2:00,1006.5,80.9,0,-0.9,6.2,,0,0,105.6
2024/2/4 2:15,1006.5,80.7,0,-1,6.2,,0,0,105.6
2024/2/4 2:30,1006.5,80.4,0,-1,6.2,,0,0,105.6
2024/2/4 2:45,1006.5,79.9,0,-1.1,6.2,,0,0,105.6
2024/2/4 3:00,1006.5,79.3,0,-1.1,6.3,,0,0,105.6
2024/2/4 3:15,1006.5,78.8,0,-1.1,6.3,,0,0,105.6
2024/2/4 3:30,1006.5,78.5,0,-1.2,6.3,,0,0,105.6
2024/2/4 3:45,1006.5,78.6,0,-1.2,6.3,,0,0,105.6
2024/2/4 4:00,1006.5,78.8,0,-1.2,6.3,,0,0,105.6
2024/2/4 4:15,1006.5,79.1,0,-1.2,6.4,,0,0,105.6
2024/2/4 4:30,1006.5,79.5,0,-1.3,6.4,,0,0,105.6
2024/2/4 4:45,1006.5,79.7,0,-1.3,6.4,,0,0,105.6
2024/2/4 5:00,1006.5,79.7,0,-1.3,6.5,,0,0,105.6
2024/2/4 5:15,1006.5,79.7,0,-1.3,6.5,,0,0,105.6
2024/2/4 5:30,1006.5,79.6,0,-1.2,6.6,,0,0,105.6
2024/2/4 5:45,1006.5,79.5,0,-1.2,6.6,,0,0,105.6
2024/2/4 6:00,1006.5,79.3,0,-1.2,6.6,,0,0,105.6
2024/2/4 6:15,1006.5,79,0,-1.2,6.7,,0,0,105.6
2024/2/4 6:30,1006.5,78.9,0,-1.3,6.7,,0,0,105.6
2024/2/4 6:45,1006.5,78.8,0,-1.3,6.8,,0,0,105.6
2024/2/4 7:00,1006.5,78.6,0,-1.3,6.8,,0,0.32,105.6
2024/2/4 7:15,1006.5,78.3,0,-1.3,6.9,,6,1.14,105.6
2024/2/4 7:30,1006.5,78,0,-1.3,7,,24,3.18,105.6
2024/2/4 7:45,1006.5,77.5,0,-1.3,7,,46,6.32,105.6
2024/2/4 8:00,1006.5,76.9,0,-1.2,7.1,,73,9.65,105.6
2024/2/4 8:15,1006.5,76.2,0,-1.1,7.2,,104,13.41,105.6
2024/2/4 8:30,1006.5,75.6,0,-1.1,7.2,,127,16.71,105.6
2024/2/4 8:45,1006.5,74.9,0,-1,7.3,,149,19.79,105.6
2024/2/4 9:00,1006.5,74.2,0,-0.9,7.3,,168,21.88,105.6
2024/2/4 9:15,1006.5,73.3,0,-0.8,7.4,,183,24.14,105.6
2024/2/4 9:30,1006.5,72.3,0,-0.7,7.5,,214,27.79,105.6
2024/2/4 9:45,1006.5,71.2,0,-0.6,7.5,,245,32.48,105.6
2024/2/4 10:00,1006.5,70.2,0,-0.4,7.6,,304,41.49,105.6
2024/2/4 10:15,1006.5,69.5,0,-0.3,7.7,,360,49.56,105.6
2024/2/4 10:30,1006.5,69.3,0,-0.2,7.7,,320,45.55,105.6
2024/2/4 10:45,1006.5,69.1,0,-0.2,7.8,,308,42.06,105.6
2024/2/4 11:00,1006.5,69.3,0,-0.1,7.8,,321,44.26,105.6
2024/2/4 11:15,1006.5,69.3,0,0,7.9,,408,57.19,105.6
2024/2/4 11:30,1006.5,69.1,0,0.1,7.9,,393,57.34,105.6
2024/2/4 11:45,1006.5,68.6,0,0.1,8,,358,45.46,105.6
2024/2/4 12:00,1006.5,68,0,0.1,8,,348,47.14,105.6
2024/2/4 12:15,1006.5,67.5,0,0.2,8.1,,290,38.7,105.6
2024/2/4 12:30,1006.5,67.3,0,0.2,8.1,,314,40.52,105.6
2024/2/4 12:45,1006.5,67.4,0,0.2,8.1,,284,38.3,105.6
2024/2/4 13:00,1006.5,67.6,0,0.2,8.2,,254,31.09,105.6
2024/2/4 13:15,1006.5,68,0,0.2,8.2,,269,33.54,105.6
2024/2/4 13:30,1006.5,68.5,0,0.1,8.2,,213,25.21,105.6
2024/2/4 13:45,1006.5,69,0,0.1,8.2,,143,19.25,105.6
2024/2/4 14:00,1006.5,69.6,0,0.1,8.2,,151,19.11,105.6
2024/2/4 14:15,1006.4,70.2,0,0,8.2,,159,20.89,105.6
2024/2/4 14:30,1006.4,70.4,0,0,8.2,,162,21.61,105.6
2024/2/4 14:45,1006.5,70.6,0,-0.1,8.2,,129,15.83,105.6
2024/2/4 15:00,1006.5,70.9,0,-0.1,8.1,,97,12.73,105.6
2024/2/4 15:15,1006.5,71.3,0,-0.1,8.1,,71,9.47,105.6
2024/2/4 15:30,1006.5,71.7,0,-0.2,8,,61,8.27,105.6
2024/2/4 15:45,1006.4,72,0,-0.2,7.9,,51,6.57,105.6
2024/2/4 16:00,1006.4,72.2,0,-0.2,7.9,,41,5.33,105.6
2024/2/4 16:15,1006.4,72.2,0,-0.3,7.8,,29,3.99,105.6
2024/2/4 16:30,1006.4,72.1,0.1,-0.3,7.7,,18,2.79,105.6
2024/2/4 16:45,1006.4,72,0.1,-0.3,7.6,,12,1.8,105.6
2024/2/4 17:00,1006.4,72.1,0.1,-0.3,7.5,,6,1.16,105.6
2024/2/4 17:15,1006.4,72.3,0.2,-0.3,7.4,,1,0.39,105.6
2024/2/4 17:30,1006.4,72.5,0.2,-0.3,7.3,,0,0.17,105.6
2024/2/4 17:45,1006.4,72.7,0.3,-0.3,7.2,,0,0,105.6
2024/2/4 18:00,1006.4,72.9,0.3,-0.3,7.1,,0,0,105.6
2024/2/4 18:15,1006.4,73,0.3,-0.3,7,,0,0,105.6
2024/2/4 18:30,1006.4,73.3,0.3,-0.3,6.9,,0,0,105.6
2024/2/4 18:45,1006.4,73.5,0.3,-0.3,6.8,,0,0,105.6
2024/2/4 19:00,1006.4,73.8,0.3,-0.3,6.7,,0,0,105.6
2024/2/4 19:15,1006.4,74,0.3,-0.3,6.6,,0,0,105.6
2024/2/4 19:30,1006.4,74,0.4,-0.3,6.5,,0,0,105.6
2024/2/4 19:45,1006.4,74,0.4,-0.2,6.4,,0,0,105.6
2024/2/4 20:00,1006.5,74.2,0.5,-0.2,6.3,,0,0,105.6
2024/2/4 20:15,1006.5,74.9,0.5,-0.2,6.3,,0,0,105.6
2024/2/4 20:30,1006.5,75.6,0.6,-0.2,6.2,,0,0,105.6
2024/2/4 20:45,1006.5,76.3,0.6,-0.2,6.2,,0,0,105.6
2024/2/4 21:00,1006.5,77.1,0.6,-0.2,6.2,,0,0,105.6
2024/2/4 21:15,1006.5,78.2,0.6,-0.2,6.1,,0,0,105.6
2024/2/4 21:30,1006.5,80,0.6,-0.3,6.1,,0,0,105.6
2024/2/4 21:45,1006.5,81.9,0.7,-0.3,6.1,,0,0,105.6
2024/2/4 22:00,1006.5,83.2,0.8,-0.3,6.1,,0,0,105.6
2024/2/4 22:15,1006.5,83.7,0.8,-0.3,6.1,,0,0,105.6
2024/2/4 22:30,1006.4,83.9,0.8,-0.3,6.1,,0,0,105.6
2024/2/4 22:45,1006.4,84.5,0.9,-0.3,6.2,,0,0,105.6
2024/2/4 23:00,1006.4,85,0.9,-0.4,6.2,,0,0,105.6
2024/2/4 23:15,1006.4,85.1,0.9,-0.4,6.3,,0,0,105.6
2024/2/4 23:30,1006.4,84.9,0.9,-0.4,6.3,,0,0,105.6
2024/2/4 23:45,1006.4,85.3,0.9,-0.4,6.4,,0,0,105.6
2024/2/5 0:00,1006.4,92.5,1,-0.7,5.8,,0,0,105.6
2024/2/5 0:15,1006.4,92.6,1,-0.6,5.9,,0,0,105.6
2024/2/5 0:30,1006.4,89.7,1,-0.6,6,,0,0,105.6
2024/2/5 0:45,1006.4,88.3,0.9,-0.6,6.1,,0,0,105.6
2024/2/5 1:00,1006.4,88.6,1,-0.6,6.2,,0,0,105.6
2024/2/5 1:15,1006.4,87.5,1,-0.7,6.3,,0,0,105.6
2024/2/5 1:30,1006.4,89.3,1,-0.7,6.3,,0,0,105.6
2024/2/5 1:45,1006.4,92.1,1,-0.8,6.4,,0,0,105.6
2024/2/5 2:00,1006.4,90.3,1,-1,6.4,,0,0,105.6
2024/2/5 2:15,1006.4,90.1,1,-1.1,6.5,,0,0,105.6
2024/2/5 2:30,1006.4,90.4,1,-1.1,6.5,,0,0,105.6
2024/2/5 2:45,1006.4,90.3,1,-1.1,6.6,,0,0,105.6
2024/2/5 3:00,1006.4,92.4,1,-1,6.8,,0,0,105.6
2024/2/5 3:15,1006.4,93.9,1,-1,6.9,,0,0,105.6
2024/2/5 3:30,1006.4,93,0.9,-1,6.9,,0,0,105.6
2024/2/5 3:45,1006.4,93.8,0.9,-1,6.9,,0,0,105.6
2024/2/5 4:00,1006.4,90.6,0.8,-1,7,,0,0,105.6
2024/2/5 4:15,1006.4,88.4,1,-1,7,,0,0,105.6
2024/2/5 4:30,1006.4,89.6,1,-1,7.1,,0,0,105.6
2024/2/5 4:45,1006.4,89.2,0.9,-1,7.1,,0,0,105.6
2024/2/5 5:00,1006.4,89.2,0.8,-1,7.1,,0,0,105.6
2024/2/5 5:15,1006.4,89.5,0.6,-1,7.1,,0,0,105.6
2024/2/5 5:30,1006.4,91.7,0.3,-1,7.1,,0,0,105.6
2024/2/5 5:45,1006.4,89.7,0.1,-1,7.1,,0,0,105.6
2024/2/5 6:00,1006.4,87.9,0,-1.1,7.1,,0,0,105.6
2024/2/5 6:15,1006.4,88,0,-1.1,7.2,,0,0,105.6
2024/2/5 6:30,1006.4,90.2,0,-1.1,7.2,,0,0,105.6
2024/2/5 6:45,1006.4,87.2,0,-1,7.3,,0,0,105.6
2024/2/5 7:00,1006.4,86,0.1,-1,7.3,,0,0,105.6
2024/2/5 7:15,1006.4,87.4,0.1,-1.1,7.3,,1,0.47,105.6
2024/2/5 7:30,1006.4,90.3,0.2,-1.2,7.3,,9,1.12,105.6
2024/2/5 7:45,1006.4,91.3,0.3,-1.2,7.3,,37,2.23,105.6
2024/2/5 8:00,1006.4,90.9,0.1,-1.2,7.3,,47,1.92,105.6
2024/2/5 8:15,1006.4,89.5,0.1,-1.1,7.3,,91,5,105.6
2024/2/5 8:30,1006.4,85.3,0,-1,7.3,,103,6.77,105.6
2024/2/5 8:45,1006.4,85.6,0,-1,7.3,,205,13.6,105.6
2024/2/5 9:00,1006.4,82.3,0,-0.8,7.3,,192,15.3,105.6
2024/2/5 9:15,1006.4,81,0,-0.8,7.4,,231,18.58,105.6
2024/2/5 9:30,1006.4,81,0,-0.8,7.4,,216,17.67,105.6
2024/2/5 9:45,1006.4,80.6,0,-0.7,7.4,,250,22.74,105.6
2024/2/5 10:00,1006.4,80.6,0,-0.7,7.4,,329,31.73,105.6
2024/2/5 10:15,1006.4,80.1,0,-0.6,7.4,,309,31.58,105.6
2024/2/5 10:30,1006.4,78,0,-0.6,7.4,,430,63.52,105.6
2024/2/5 10:45,1006.4,75.9,0,-0.5,7.4,,542,70.72,105.6
2024/2/5 11:00,1006.4,73.4,0,-0.4,7.4,,687,95.04,105.6
2024/2/5 11:15,1006.4,70.1,0,-0.3,7.5,,623,93.87,105.6
2024/2/5 11:30,1006.4,68.3,0,-0.2,7.5,,662,95.04,105.6
2024/2/5 11:45,1006.4,68.3,0,-0.2,7.5,,691,95.04,105.6
2024/2/5 12:00,1006.4,68.8,0,-0.2,7.5,,680,95.04,105.6
2024/2/5 12:15,1006.4,68.7,0,-0.2,7.5,,711,95.04,105.6
2024/2/5 12:30,1006.4,67.8,0,-0.2,7.5,,649,95.04,105.6
2024/2/5 12:45,1006.4,67.7,0,-0.2,7.5,,692,95.04,105.6
2024/2/5 13:00,1006.4,68.1,0,-0.2,7.5,,637,95.04,105.6
2024/2/5 13:15,1006.4,68.3,0,-0.2,7.5,,679,95.04,105.6
2024/2/5 13:30,1006.4,68.4,0,-0.2,7.5,,668,95.04,105.6
2024/2/5 13:45,1006.4,67.6,0,-0.3,7.5,,628,95.04,105.6
2024/2/5 14:00,1006.4,66.3,0,-0.3,7.5,,614,10.91,105.6
2024/2/5 14:15,1006.4,64.6,0,-0.3,7.5,,582,10.21,105.6
2024/2/5 14:30,1006.4,64.5,0,-0.3,7.5,,547,10.23,105.6
2024/2/5 14:45,1006.4,65,0,-0.3,7.4,,405,10.56,105.6
2024/2/5 15:00,1006.4,65.4,0,-0.3,7.4,,417,10.28,105.6
2024/2/5 15:15,1006.4,64.8,0,-0.3,7.4,,412,10.21,105.6
2024/2/5 15:30,1006.5,64.8,0,-0.4,7.3,,361,9.78,105.6
2024/2/5 15:45,1006.5,64.9,0,-0.4,7.3,,306,34.69,105.6
2024/2/5 16:00,1006.5,64.7,0,-0.4,7.2,,257,29.23,105.6
2024/2/5 16:15,1006.5,64.2,0,-0.4,7.1,,211,23.43,105.6
2024/2/5 16:30,1006.5,64.1,0,-0.5,7.1,,147,23.34,105.6
2024/2/5 16:45,1006.5,64.2,0,-0.5,7,,68,9.6,105.6
2024/2/5 17:00,1006.5,64.2,0,-0.6,6.9,,70,7.41,105.6
2024/2/5 17:15,1006.5,64.3,0,-0.6,6.9,,27,3.43,105.6
2024/2/5 17:30,1006.5,64.1,0,-0.6,6.8,,0,0.96,105.6
2024/2/5 17:45,1006.5,63.7,0,-0.7,6.7,,0,0,105.6
2024/2/5 18:00,1006.5,63,0,-0.7,6.7,,0,0,105.6
2024/2/5 18:15,1006.5,62.7,0,-0.7,6.6,,0,0,105.6
2024/2/5 18:30,1006.5,63.2,0,-0.7,6.5,,0,0,105.6
2024/2/5 18:45,1006.5,64.9,0,-0.7,6.5,,0,0,105.6
2024/2/5 19:00,1006.5,64.9,0,-0.7,6.4,,0,0,105.6
2024/2/5 19:15,1006.5,65.5,0,-0.8,6.3,,0,0,105.6
2024/2/5 19:30,1006.5,66,0,-0.8,6.3,,0,0,105.6
2024/2/5 19:45,1006.5,66.2,0,-0.8,6.2,,0,0,105.6
2024/2/5 20:00,1006.5,66.5,0,-0.8,6.1,,0,0,105.6
2024/2/5 20:15,1006.5,66.6,0,-0.8,6,,0,0,105.6
2024/2/5 20:30,1006.5,66.6,0,-0.8,6,,0,0,105.6
2024/2/5 20:45,1006.5,66.1,0,-0.8,5.9,,0,0,105.6
2024/2/5 21:00,1006.5,66.7,0,-0.8,5.8,,0,0,105.6
2024/2/5 21:15,1006.5,68.1,0,-0.9,5.8,,0,0,105.6
2024/2/5 21:30,1006.5,68.9,0,-0.9,5.7,,0,0,105.6
2024/2/5 21:45,1006.5,68.4,0,-0.9,5.6,,0,0,105.6
2024/2/5 22:00,1006.5,68.7,0,-0.9,5.6,,0,0,105.6
2024/2/5 22:15,1006.5,68.6,0,-0.9,5.5,,0,0,105.6
2024/2/5 22:30,1006.5,68.7,0,-0.9,5.5,,0,0,105.6
2024/2/5 22:45,1006.5,69.1,0,-0.9,5.4,,0,0,105.6
2024/2/5 23:00,1006.5,69.4,0,-0.9,5.4,,0,0,105.6
2024/2/5 23:15,1006.5,69.9,0,-0.9,5.3,,0,0,105.6
2024/2/5 23:30,1006.5,70.5,0,-0.9,5.3,,0,0,105.6
2024/2/5 23:45,1006.5,70.9,0,-0.9,5.2,,0,0,105.6
2024/2/7 0:00,1006.5,85.9,0,-1.6,1.3,,0,0,105.6
2024/2/7 0:15,1006.5,86.2,0,-1.7,1.3,,0,0,105.6
2024/2/7 0:30,1006.5,86.7,0,-1.7,1.3,,0,0,105.6
2024/2/7 0:45,1006.5,87.5,0,-1.8,1.3,,0,0,105.6
2024/2/7 1:00,1006.5,88.8,0,-1.9,1.3,,0,0,105.6
2024/2/7 1:15,1006.5,90.4,0,-2,1.3,,0,0,105.6
2024/2/7 1:30,1006.5,91.8,0,-2.1,1.3,,0,0,105.6
2024/2/7 1:45,1006.5,92.8,0,-2.2,1.3,,0,0,105.6
2024/2/7 2:00,1006.5,93.8,0,-2.3,1.4,,0,0,105.6
2024/2/7 2:15,1006.5,94.9,0,-2.2,1.4,,0,0,105.6
2024/2/7 2:30,1006.5,96.6,0,-2.2,1.4,,0,0,105.6
2024/2/7 2:45,1006.4,97,0,-2.2,1.4,,0,0,105.6
2024/2/7 3:00,1006.4,97.2,0,-2.3,1.4,,0,0,105.6
2024/2/7 3:15,1006.4,97.4,0,-2.3,1.4,,0,0,105.6
2024/2/7 3:30,1006.4,97.5,0,-2.3,1.4,,0,0,105.6
2024/2/7 3:45,1006.4,97.7,0,-2.4,1.4,,0,0,105.6
2024/2/7 4:00,1006.4,98,0,-2.5,1.4,,0,0,105.6
2024/2/7 4:15,1006.4,98.3,0,-2.6,1.4,,0,0,105.6
2024/2/7 4:30,1006.4,98.8,0,-2.7,1.4,,0,0,105.6
2024/2/7 4:45,1006.4,98.9,0,-2.8,1.4,,0,0,105.6
2024/2/7 5:00,1006.4,99,0,-3,1.4,,0,0,105.6
2024/2/7 5:15,1006.4,99.2,0,-3.1,1.4,,0,0,105.6
2024/2/7 5:30,1006.4,99.3,0,-3.2,1.4,,0,0,105.6
2024/2/7 5:45,1006.4,99.4,0,-3.4,1.4,,0,0,105.6
2024/2/7 6:00,1006.4,99.4,0,-3.5,1.3,,0,0,105.6
2024/2/7 6:15,1006.4,99.5,0,-3.6,1.3,,0,0,105.6
2024/2/7 6:30,1006.4,99.5,0,-3.6,1.3,,0,0,105.6
2024/2/7 6:45,1006.4,99.6,0,-3.7,1.2,,0,0,105.6
2024/2/7 7:00,1006.4,99.6,0,-3.7,1.2,,0,0.57,105.6
2024/2/7 7:15,1006.4,99.7,0,-3.7,1.1,,12,1.97,105.6
2024/2/7 7:30,1006.4,99.7,0,-3.7,1.1,,33,4.48,105.6
2024/2/7 7:45,1006.4,99.8,0,-3.8,1.1,,69,8.29,105.6
2024/2/7 8:00,1006.4,99.8,0,-3.8,1.1,,117,13.08,105.6
2024/2/7 8:15,1006.4,99.8,0,-3.7,1,,161,18.46,105.6
2024/2/7 8:30,1006.4,99.9,0,-3.5,1,,148,23.47,105.6
2024/2/7 8:45,1006.4,99.9,0,-3.4,1,,101,25.96,105.6
2024/2/7 9:00,1006.4,100,0,-3.2,1,,135,25.98,105.6
2024/2/7 9:15,1006.4,100,0,-3.1,1,,224,30.06,105.6
2024/2/7 9:30,1006.4,100,0,-2.9,1,,234,34.51,105.6
2024/2/7 9:45,1006.4,100,0,-2.7,1.1,,422,54.89,105.6
2024/2/7 10:00,1006.4,100,0,-2.6,1.1,,539,63.79,105.6
2024/2/7 10:15,1006.4,100,0,-2.5,1.1,,556,76.11,105.6
2024/2/7 10:30,1006.4,100,0,-2.4,1.2,,599,81.76,105.6
2024/2/7 10:45,1006.4,100,0,-2.4,1.2,,606,87.22,105.6
2024/2/7 11:00,1006.4,100,0,-2.3,1.3,,619,92.57,105.6
2024/2/7 11:15,1006.4,100,0,-2.2,1.4,,641,95.04,105.6
2024/2/7 11:30,1006.4,100,0,-2.1,1.4,,648,95.04,105.6
2024/2/7 11:45,1006.4,99.7,0,-1.9,1.5,,662,95.04,105.6
2024/2/7 12:00,1006.4,99.2,0,-1.7,1.6,,669,68.34,105.6
2024/2/7 12:15,1006.4,98.5,0,-1.6,1.7,,668,41.99,105.6
2024/2/7 12:30,1006.4,97.9,0,-1.6,1.8,,678,23.99,105.6
2024/2/7 12:45,1006.4,97.4,0,-1.5,1.9,,660,12.08,105.6
2024/2/7 13:00,1006.4,96.6,0,-1.5,2,,658,12.08,105.6
2024/2/7 13:15,1006.4,96.1,0,-1.5,2.1,,640,11.96,105.6
2024/2/7 13:30,1006.4,95.9,0,-1.4,2.2,,623,11.76,105.6
2024/2/7 13:45,1006.4,95.1,0,-1.3,2.3,,608,11.98,105.6
2024/2/7 14:00,1006.4,94.2,0,-1.2,2.4,,578,12.77,105.6
2024/2/7 14:15,1006.4,92.5,0,-1.2,2.5,,545,12.86,105.6
2024/2/7 14:30,1006.4,92.3,0,-1.1,2.6,,512,12.85,105.6
2024/2/7 14:45,1006.4,92.3,0,-1.1,2.7,,469,15.73,105.6
2024/2/7 15:00,1006.4,92.1,0,-1.1,2.7,,424,36.58,105.6
2024/2/7 15:15,1006.4,91.7,0,-1.1,2.8,,372,54.69,105.6
2024/2/7 15:30,1006.4,91.4,0,-1.1,2.8,,325,43.49,105.6
2024/2/7 15:45,1006.4,91.2,0,-1.1,2.9,,275,31.09,105.6
2024/2/7 16:00,1006.4,91.1,0,-0.9,2.9,,226,25.88,105.6
2024/2/7 16:15,1006.4,91,0,-0.9,3,,173,19.62,105.6
2024/2/7 16:30,1006.4,91,0,-0.9,3,,125,14.28,105.6
2024/2/7 16:45,1006.4,91.7,0,-1,3,,77,8.46,105.6
2024/2/7 17:00,1006.4,91.9,0,-1.2,2.9,,38,4.64,105.6
2024/2/7 17:15,1006.4,92,0,-1.4,2.9,,12,1.93,105.6
2024/2/7 17:30,1006.4,92.4,0,-1.5,2.9,,0,0.65,105.6
2024/2/7 17:45,1006.4,93.1,0,-1.6,2.8,,0,0,105.6
2024/2/7 18:00,1006.4,93.8,0,-1.6,2.7,,0,0,105.6
2024/2/7 18:15,1006.4,94.2,0,-1.5,2.7,,0,0,105.6
2024/2/7 18:30,1006.4,94.6,0,-1.5,2.6,,0,0,105.6
2024/2/7 18:45,1006.4,95.7,0,-1.7,2.5,,0,0,105.6
2024/2/7 19:00,1006.4,96.2,0,-1.9,2.5,,0,0,105.6
2024/2/7 19:15,1006.4,96.4,0,-2.1,2.4,,0,0,105.6
2024/2/7 19:30,1006.4,96.5,0,-2.1,2.3,,0,0,105.6
2024/2/7 19:45,1006.4,96.4,0,-2.2,2.2,,0,0,105.6
2024/2/7 20:00,1006.4,96.3,0,-2.3,2.1,,0,0,105.6
2024/2/7 20:15,1006.4,96.2,0,-2.3,1.9,,0,0,105.6
2024/2/7 20:30,1006.4,96.1,0,-2.3,1.9,,0,0,105.6
2024/2/7 20:45,1006.4,96,0,-2.4,1.8,,0,0,105.6
2024/2/7 21:00,1006.4,95.9,0,-2.4,1.7,,0,0,105.6
2024/2/7 21:15,1006.4,95.8,0,-2.5,1.6,,0,0,105.6
2024/2/7 21:30,1006.4,95.7,0,-2.5,1.5,,0,0,105.6
2024/2/7 21:45,1006.4,95.6,0,-2.5,1.4,,0,0,105.6
2024/2/7 22:00,1006.4,95.5,0,-2.4,1.3,,0,0,105.6
2024/2/7 22:15,1006.4,95.5,0,-2.4,1.3,,0,0,105.6
2024/2/7 22:30,1006.4,95.4,0,-2.4,1.2,,0,0,105.6
2024/2/7 22:45,1006.4,95.3,0,-2.4,1.1,,0,0,105.6
2024/2/7 23:00,1006.4,95.3,0,-2.4,1.1,,0,0,105.6
2024/2/7 23:15,1006.4,95.3,0,-2.5,1.1,,0,0,105.6
2024/2/7 23:30,1006.4,95.2,0,-2.5,1,,0,0,105.6
2024/2/7 23:45,1006.4,95.2,0,-2.6,1,,0,0,105.6
2024/2/8 0:00,1006.4,84.1,0,-1.9,1.1,,0,0,105.6
2024/2/8 0:15,1006.4,84,0,-1.9,1.2,,0,0,105.6
2024/2/8 0:30,1006.4,83.9,0,-1.9,1.2,,0,0,105.6
2024/2/8 0:45,1006.4,83.9,0,-1.9,1.2,,0,0,105.6
2024/2/8 1:00,1006.4,84.1,0,-2,1.2,,0,0,105.6
2024/2/8 1:15,1006.4,84.3,0,-2,1.2,,0,0,105.6
2024/2/8 1:30,1006.4,84.6,0,-2.2,1.3,,0,0,105.6
2024/2/8 1:45,1006.4,84.9,0,-2.3,1.3,,0,0,105.6
2024/2/8 2:00,1006.4,85.3,0,-2.4,1.3,,0,0,105.6
2024/2/8 2:15,1006.4,86,0,-2.5,1.4,,0,0,105.6
2024/2/8 2:30,1006.4,87.2,0,-2.6,1.4,,0,0,105.6
2024/2/8 2:45,1006.4,88.6,0,-2.7,1.5,,0,0,105.6
2024/2/8 3:00,1006.4,89.9,0,-2.7,1.5,,0,0,105.6
2024/2/8 3:15,1006.4,91.1,0,-2.7,1.5,,0,0,105.6
2024/2/8 3:30,1006.4,92,0,-2.8,1.6,,0,0,105.6
2024/2/8 3:45,1006.4,92.8,0,-2.8,1.6,,0,0,105.6
2024/2/8 4:00,1006.4,93.4,0,-2.8,1.6,,0,0,105.6
2024/2/8 4:15,1006.4,93.6,0,-2.8,1.7,,0,0,105.6
2024/2/8 4:30,1006.4,93.9,0,-2.8,1.7,,0,0,105.6
2024/2/8 4:45,1006.4,94.3,0,-2.9,1.7,,0,0,105.6
2024/2/8 5:00,1006.4,94.6,0,-3,1.7,,0,0,105.6
2024/2/8 5:15,1006.4,94.7,0,-3.1,1.7,,0,0,105.6
2024/2/8 5:30,1006.4,94.8,0,-3.1,1.6,,0,0,105.6
2024/2/8 5:45,1006.4,94.9,0,-3.2,1.6,,0,0,105.6
2024/2/8 6:00,1006.4,94.9,0,-3.3,1.5,,0,0,105.6
2024/2/8 6:15,1006.4,94.9,0,-3.4,1.5,,0,0,105.6
2024/2/8 6:30,1006.4,94.9,0,-3.4,1.5,,0,0,105.6
2024/2/8 6:45,1006.4,95,0,-3.4,1.4,,0,0,105.6
2024/2/8 7:00,1006.4,95.3,0,-3.4,1.4,,0,0.64,105.6
2024/2/8 7:15,1006.4,96,0,-3.5,1.4,,18,2.54,105.6
2024/2/8 7:30,1006.4,96.2,0,-3.6,1.3,,42,4.47,105.6
2024/2/8 7:45,1006.4,96.2,0,-3.6,1.3,,87,8.3,105.6
2024/2/8 8:00,1006.4,96.1,0,-3.6,1.2,,137,13.05,105.6
2024/2/8 8:15,1006.4,95.9,0,-3.5,1.2,,194,17.95,105.6
2024/2/8 8:30,1006.4,95.8,0,-3.4,1.2,,260,26.42,105.6
2024/2/8 8:45,1006.4,95.8,0,-3.3,1.2,,302,26.54,105.6
2024/2/8 9:00,1006.4,95.8,0,-3.2,1.2,,304,34.74,105.6
2024/2/8 9:15,1006.4,95.8,0,-3.1,1.2,,317,36.68,105.6
2024/2/8 9:30,1006.4,95.7,0,-2.9,1.2,,360,45.69,105.6
2024/2/8 9:45,1006.4,95.5,0,-2.6,1.2,,409,59.33,105.6
2024/2/8 10:00,1006.4,95.3,0,-2.4,1.3,,467,56.22,105.6
2024/2/8 10:15,1006.4,95.1,0,-2.2,1.3,,472,64.62,105.6
2024/2/8 10:30,1006.4,94.2,0,-2,1.3,,541,68.71,105.6
2024/2/8 10:45,1006.4,93.1,0,-1.8,1.3,,620,87.59,105.6
2024/2/8 11:00,1006.4,92.3,0,-1.7,1.4,,554,82.42,105.6
2024/2/8 11:15,1006.4,91.6,0,-1.6,1.4,,566,69.63,105.6
2024/2/8 11:30,1006.4,90.5,0,-1.5,1.5,,566,88.38,105.6
2024/2/8 11:45,1006.4,89.1,0,-1.3,1.5,,670,91.65,105.6
2024/2/8 12:00,1006.4,87.5,0,-1.2,1.5,,499,70.13,105.6
2024/2/8 12:15,1006.4,86.3,0,-1.1,1.5,,471,66.57,105.6
2024/2/8 12:30,1006.4,85.9,0,-1.1,1.6,,478,56.13,105.6
2024/2/8 12:45,1006.4,85.9,0,-1,1.6,,403,43.55,105.6
2024/2/8 13:00,1006.4,85.6,0,-0.9,1.6,,386,28.55,105.6
2024/2/8 13:15,1006.4,85.1,0,-0.8,1.5,,352,14.28,105.6
2024/2/8 13:30,1006.4,84.4,0,-0.8,1.5,,408,11.62,105.6
2024/2/8 13:45,1006.4,83.6,0,-0.7,1.5,,346,11.65,105.6
2024/2/8 14:00,1006.4,82.7,0,-0.6,1.5,,336,11.83,105.6
2024/2/8 14:15,1006.4,81.8,0,-0.5,1.4,,546,11.48,105.6
2024/2/8 14:30,1006.4,80.9,0,-0.4,1.4,,493,61.01,105.6
2024/2/8 14:45,1006.4,79.7,0,-0.3,1.4,,557,12.72,105.6
2024/2/8 15:00,1006.4,78.2,0,-0.2,1.3,,484,12.33,105.6
2024/2/8 15:15,1006.4,76.3,0,-0.1,1.3,,423,12.25,105.6
2024/2/8 15:30,1006.4,74.4,0,0,1.3,,366,12.5,105.6
2024/2/8 15:45,1006.4,71.7,0,0.2,1.3,,306,12.54,105.6
2024/2/8 16:00,1006.4,69.2,0,0.4,1.3,,247,26.65,105.6
2024/2/8 16:15,1006.4,66.9,0,0.5,1.3,,163,15.95,105.6
2024/2/8 16:30,1006.4,64.9,0,0.6,1.3,,169,20.53,105.6
2024/2/8 16:45,1006.4,63.4,0,0.8,1.3,,131,15.16,105.6
2024/2/8 17:00,1006.4,62.5,0,0.9,1.3,,74,7.7,105.6
2024/2/8 17:15,1006.4,62.2,0,0.9,1.3,,20,2.81,105.6
2024/2/8 17:30,1006.4,62.7,0,1,1.3,,3,0.99,105.6
2024/2/8 17:45,1006.4,63.3,0,0.9,1.4,,0,0,105.6
2024/2/8 18:00,1006.4,63.5,0,0.9,1.4,,0,0,105.6
2024/2/8 18:15,1006.4,63.7,0,0.9,1.5,,0,0,105.6
2024/2/8 18:30,1006.4,64.1,0,0.9,1.5,,0,0,105.6
2024/2/8 18:45,1006.4,64.8,0,0.9,1.6,,0,0,105.6
2024/2/8 19:00,1006.4,65.9,0,0.9,1.7,,0,0,105.6
2024/2/8 19:15,1006.4,67.1,0,0.9,1.8,,0,0,105.6
2024/2/8 19:30,1006.4,68.3,0,0.8,1.8,,0,0,105.6
2024/2/8 19:45,1006.4,69.7,0,0.7,1.9,,0,0,105.6
2024/2/8 20:00,1006.4,71.2,0,0.6,2,,0,0,105.6
2024/2/8 20:15,1006.4,73,0,0.6,2.1,,0,0,105.6
2024/2/8 20:30,1006.4,75.1,0,0.5,2.1,,0,0,105.6
2024/2/8 20:45,1006.4,76.9,0,0.3,2.2,,0,0,105.6
2024/2/8 21:00,1006.4,78.4,0,0.2,2.2,,0,0,105.6
2024/2/8 21:15,1006.4,79.6,0,0.1,2.2,,0,0,105.6
2024/2/8 21:30,1006.4,80.7,0,0,2.3,,0,0,105.6
2024/2/8 21:45,1006.4,81.6,0,-0.1,2.3,,0,0,105.6
2024/2/8 22:00,1006.4,82.3,0,-0.2,2.3,,0,0,105.6
2024/2/8 22:15,1006.4,83,0,-0.2,2.3,,0,0,105.6
2024/2/8 22:30,1006.4,83.7,0,-0.3,2.3,,0,0,105.6
2024/2/8 22:45,1006.4,84.4,0,-0.4,2.4,,0,0,105.6
2024/2/8 23:00,1006.4,85,0,-0.5,2.4,,0,0,105.6
2024/2/8 23:15,1006.4,85.6,0,-0.6,2.4,,0,0,105.6
2024/2/8 23:30,1006.4,86.2,0,-0.7,2.4,,0,0,105.6
2024/2/8 23:45,1006.4,86.8,0,-0.8,2.4,,0,0,105.6
2024/2/9 0:00,1006.4,73.4,0,-0.8,2.4,,0,0,105.6
2024/2/9 0:15,1006.4,75.7,0,-1,2.4,,0,0,105.6
2024/2/9 0:30,1006.4,78,0,-1.1,2.4,,0,0,105.6
2024/2/9 0:45,1006.4,80.2,0,-1.2,2.5,,0,0,105.6
2024/2/9 1:00,1006.4,82.1,0,-1.3,2.5,,0,0,105.6
2024/2/9 1:15,1006.4,83.8,0,-1.4,2.5,,0,0,105.6
2024/2/9 1:30,1006.4,85.3,0,-1.5,2.5,,0,0,105.6
2024/2/9 1:45,1006.4,86.6,0,-1.6,2.6,,0,0,105.6
2024/2/9 2:00,1006.4,87.9,0,-1.6,2.6,,0,0,105.6
2024/2/9 2:15,1006.4,89,0,-1.7,2.6,,0,0,105.6
2024/2/9 2:30,1006.4,89.7,0,-1.8,2.7,,0,0,105.6
2024/2/9 2:45,1006.4,90.2,0,-1.9,2.7,,0,0,105.6
2024/2/9 3:00,1006.4,90.6,0,-1.9,2.8,,0,0,105.6
2024/2/9 3:15,1006.4,90.9,0,-2,2.8,,0,0,105.6
2024/2/9 3:30,1006.4,91.1,0,-2,2.8,,0,0,105.6
2024/2/9 3:45,1006.4,91.3,0,-2,2.9,,0,0,105.6
2024/2/9 4:00,1006.4,91.4,0,-2.1,2.9,,0,0,105.6
2024/2/9 4:15,1006.4,91.4,0,-2.1,2.9,,0,0,105.6
2024/2/9 4:30,1006.4,91.4,0,-2.2,3,,0,0,105.6
2024/2/9 4:45,1006.4,91.4,0,-2.2,3,,0,0,105.6
2024/2/9 5:00,1006.4,91.4,0,-2.2,3.1,,0,0,105.6
2024/2/9 5:15,1006.4,91.4,0,-2.3,3.1,,0,0,105.6
2024/2/9 5:30,1006.4,91.4,0,-2.3,3.2,,0,0,105.6
2024/2/9 5:45,1006.4,91.2,0,-2.4,3.2,,0,0,105.6
2024/2/9 6:00,1006.4,91.1,0,-2.4,3.2,,0,0,105.6
2024/2/9 6:15,1006.4,91,0,-2.4,3.2,,0,0,105.6
2024/2/9 6:30,1006.4,91.1,0,-2.4,3.2,,0,0,105.6
2024/2/9 6:45,1006.4,91.3,0,-2.5,3.2,,0,0,105.6
2024/2/9 7:00,1006.4,91.7,0,-2.6,3.2,,0,0.65,105.6
2024/2/9 7:15,1006.4,92,0,-2.7,3.2,,15,2.43,105.6
2024/2/9 7:30,1006.4,92.3,0,-2.7,3.2,,36,4.81,105.6
2024/2/9 7:45,1006.4,92.6,0,-2.7,3.2,,68,8.77,105.6
2024/2/9 8:00,1006.4,92.7,0,-2.6,3.2,,107,13.19,105.6
2024/2/9 8:15,1006.4,92.6,0,-2.4,3.2,,152,17.53,105.6
2024/2/9 8:30,1006.4,92,0,-2.1,3.2,,187,21.63,105.6
2024/2/9 8:45,1006.4,91,0,-1.7,3.2,,220,27.08,105.6
2024/2/9 9:00,1006.4,89.7,0,-1.2,3.2,,252,33.11,105.6
2024/2/9 9:15,1006.4,88.1,0,-0.6,3.2,,304,41.92,105.6
2024/2/9 9:30,1006.4,85.8,0,-0.1,3.1,,343,47.79,105.6
2024/2/9 9:45,1006.4,83.2,0,0.4,3.1,,386,53.56,105.6
2024/2/9 10:00,1006.4,81.7,0,0.8,3.1,,418,58.96,105.6
2024/2/9 10:15,1006.4,81,0,1.2,3,,463,64.46,105.6
2024/2/9 10:30,1006.5,79.9,0,1.7,3,,488,67.55,105.6
2024/2/9 10:45,1006.5,76.9,0,2.1,3,,507,51.26,105.6
2024/2/9 11:00,1006.5,75.2,0,2.5,2.9,,526,24.8,105.6
2024/2/9 11:15,1006.5,74.8,0,2.9,2.9,,550,19.08,105.6
2024/2/9 11:30,1006.5,73.4,0,3.4,2.9,,567,13.15,105.6
2024/2/9 11:45,1006.5,71.3,0,3.7,2.9,,590,11.68,105.6
2024/2/9 12:00,1006.5,69.9,0,4,2.9,,585,10.51,105.6
2024/2/9 12:15,1006.5,67.6,0,4.2,3,,573,8.98,105.6
2024/2/9 12:30,1006.5,65,0,4.4,3,,592,11.08,105.6
2024/2/9 12:45,1006.5,63.4,0,4.6,3,,567,11.1,105.6
2024/2/9 13:00,1006.5,62.7,0,4.8,3,,565,10.86,105.6
2024/2/9 13:15,1006.5,62.2,0,4.9,3,,540,11.04,105.6
2024/2/9 13:30,1006.5,61.8,0,5,3,,542,10.97,105.6
2024/2/9 13:45,1006.5,61.8,0,5.1,3,,528,10.9,105.6
2024/2/9 14:00,1006.5,62.5,0,5.1,3,,463,10.44,105.6
2024/2/9 14:15,1006.5,63.4,0,5,3,,476,11.61,105.6
2024/2/9 14:30,1006.5,63.9,0,4.9,3,,391,11.06,105.6
2024/2/9 14:45,1006.5,64.2,0,4.8,2.9,,371,12.99,105.6
2024/2/9 15:00,1006.5,64.6,0,4.8,2.9,,336,12.37,105.6
2024/2/9 15:15,1006.5,65,0,4.8,2.9,,304,12.34,105.6
2024/2/9 15:30,1006.5,65.5,0,4.8,2.8,,261,12.47,105.6
2024/2/9 15:45,1006.5,66.4,0,4.8,2.8,,224,18.05,105.6
2024/2/9 16:00,1006.5,67.4,0,4.8,2.7,,184,21.64,105.6
2024/2/9 16:15,1006.5,68.2,0,4.8,2.7,,144,16.58,105.6
2024/2/9 16:30,1006.5,68.9,0,4.8,2.7,,103,12.36,105.6
2024/2/9 16:45,1006.5,69.9,0,4.8,2.6,,68,8.09,105.6
2024/2/9 17:00,1006.5,70.9,0,4.7,2.6,,40,5.09,105.6
2024/2/9 17:15,1006.5,72,0.1,4.7,2.6,,16,2.52,105.6
2024/2/9 17:30,1006.5,73.2,0.1,4.7,2.5,,2,0.95,105.6
2024/2/9 17:45,1006.5,74.2,0,4.6,2.4,,0,0,105.6
2024/2/9 18:00,1006.5,75.2,0,4.5,2.4,,0,0,105.6
2024/2/9 18:15,1006.5,76.1,0,4.5,2.3,,0,0,105.6
2024/2/9 18:30,1006.5,76.9,0,4.4,2.3,,0,0,105.6
2024/2/9 18:45,1006.5,77.9,0,4.2,2.3,,0,0,105.6
2024/2/9 19:00,1006.5,78.2,0,4.1,2.3,,0,0,105.6
2024/2/9 19:15,1006.5,77.9,0,4,2.2,,0,0,105.6
2024/2/9 19:30,1006.5,78.3,0,3.8,2.2,,0,0,105.6
2024/2/9 19:45,1006.5,79,0,3.6,2.2,,0,0,105.6
2024/2/9 20:00,1006.5,80.1,0,3.3,2.2,,0,0,105.6
2024/2/9 20:15,1006.5,81.6,0,3,2.2,,0,0,105.6
2024/2/9 20:30,1006.5,82.9,0,2.8,2.2,,0,0,105.6
2024/2/9 20:45,1006.5,83.8,0,2.5,2.2,,0,0,105.6
2024/2/9 21:00,1006.5,84.6,0,2.3,2.2,,0,0,105.6
2024/2/9 21:15,1006.4,85.1,0,1.9,2.2,,0,0,105.6
2024/2/9 21:30,1006.4,85.1,0,1.7,2.1,,0,0,105.6
2024/2/9 21:45,1006.4,84.2,0,1.6,2.1,,0,0,105.6
2024/2/9 22:00,1006.4,84.2,0,1.4,2.1,,0,0,105.6
2024/2/9 22:15,1006.4,85.2,0,1.3,2,,0,0,105.6
2024/2/9 22:30,1006.4,86.3,0,1.2,2,,0,0,105.6
2024/2/9 22:45,1006.4,87.1,0,1.1,1.9,,0,0,105.6
2024/2/9 23:00,1006.4,87.8,0,1.1,1.9,,0,0,105.6
2024/2/9 23:15,1006.4,89.1,0,1,1.8,,0,0,105.6
2024/2/9 23:30,1006.4,89.6,0,0.7,1.8,,0,0,105.6
2024/2/9 23:45,1006.4,89.8,0,0.6,1.7,,0,0,105.6
2024/2/10 0:00,1006.4,92.8,0,0.9,2,,0,0,105.6
2024/2/10 0:15,1006.4,92.5,0,0.8,2,,0,0,105.6
2024/2/10 0:30,1006.4,92.2,0,0.7,2,,0,0,105.6
2024/2/10 0:45,1006.4,92,0,0.6,1.9,,0,0,105.6
2024/2/10 1:00,1006.4,91.8,0,0.5,1.9,,0,0,105.6
2024/2/10 1:15,1006.4,91.8,0,0.3,1.8,,0,0,105.6
2024/2/10 1:30,1006.4,91.9,0,0.3,1.8,,0,0,105.6
2024/2/10 1:45,1006.4,92.1,0,0.2,1.7,,0,0,105.6
2024/2/10 2:00,1006.4,92.6,0,0,1.7,,0,0,105.6
2024/2/10 2:15,1006.4,93.4,0,-0.1,1.6,,0,0,105.6
2024/2/10 2:30,1006.4,94.6,0,-0.2,1.5,,0,0,105.6
2024/2/10 2:45,1006.4,96.1,0,-0.4,1.5,,0,0,105.6
2024/2/10 3:00,1006.4,96.9,0,-0.8,1.4,,0,0,105.6
2024/2/10 3:15,1006.4,97.5,0,-1.1,1.4,,0,0,105.6
2024/2/10 3:30,1006.4,97.9,0,-1.4,1.4,,0,0,105.6
2024/2/10 3:45,1006.4,98.3,0,-1.6,1.4,,0,0,105.6
2024/2/10 4:00,1006.4,98.6,0,-1.8,1.4,,0,0,105.6
2024/2/10 4:15,1006.4,98.6,0,-1.9,1.4,,0,0,105.6
2024/2/10 4:30,1006.4,98.6,0,-2.1,1.4,,0,0,105.6
2024/2/10 4:45,1006.4,98.7,0,-2.1,1.4,,0,0,105.6
2024/2/10 5:00,1006.4,99,0,-2.1,1.3,,0,0,105.6
2024/2/10 5:15,1006.4,99.1,0,-2.1,1.3,,0,0,105.6
2024/2/10 5:30,1006.4,99.2,0,-2.1,1.3,,0,0,105.6
2024/2/10 5:45,1006.4,99.3,0,-2.2,1.2,,0,0,105.6
2024/2/10 6:00,1006.4,99.4,0,-2.3,1.2,,0,0,105.6
2024/2/10 6:15,1006.4,99.6,0,-2.4,1.2,,0,0,105.6
2024/2/10 6:30,1006.4,99.7,0,-2.5,1.1,,0,0,105.6
2024/2/10 6:45,1006.4,99.9,0,-2.4,1.1,,0,0,105.6
2024/2/10 7:00,1006.4,99.9,0,-2.3,1,,0,0.64,105.6
2024/2/10 7:15,1006.4,99.9,0,-2.2,1,,13,2.15,105.6
2024/2/10 7:30,1006.4,99.9,0,-2.1,1,,36,4.43,105.6
2024/2/10 7:45,1006.4,100,0,-2,1.1,,70,7.88,105.6
2024/2/10 8:00,1006.4,100,0,-1.9,1.1,,101,12.26,105.6
2024/2/10 8:15,1006.4,100,0,-1.8,1.2,,152,16.75,105.6
2024/2/10 8:30,1006.4,100,0,-1.7,1.2,,198,21.06,105.6
2024/2/10 8:45,1006.4,100,0,-1.6,1.3,,221,19.65,105.6
2024/2/10 9:00,1006.4,100,0,-1.4,1.4,,116,10.84,105.6
2024/2/10 9:15,1006.4,100,0,-1.4,1.4,,104,12.8,105.6
2024/2/10 9:30,1006.4,100,0,-1.4,1.5,,148,16.22,105.6
2024/2/10 9:45,1006.4,100,0,-1.4,1.5,,124,17.91,105.6
2024/2/10 10:00,1006.4,100,0,-1.5,1.6,,176,10.49,105.6
2024/2/10 10:15,1006.4,100,0,-1.6,1.7,,172,10.61,105.6
2024/2/10 10:30,1006.4,100,0,-1.6,1.7,,190,9.7,105.6
2024/2/10 10:45,1006.4,100,0,-1.5,1.8,,250,6.91,105.6
2024/2/10 11:00,1006.4,99.9,0,-1.4,1.8,,239,7.08,105.6
2024/2/10 11:15,1006.4,99.4,0,-1.3,1.9,,286,7.08,105.6
2024/2/10 11:30,1006.4,98.8,0,-1.1,2,,241,7.58,105.6
2024/2/10 11:45,1006.4,97.9,0,-1,2,,232,7.46,105.6
2024/2/10 12:00,1006.4,96.9,0,-0.9,2.1,,297,8.03,105.6
2024/2/10 12:15,1006.4,95.7,0,-0.9,2.2,,344,9.74,105.6
2024/2/10 12:30,1006.4,94.9,0,-0.9,2.3,,615,11.41,105.6
2024/2/10 12:45,1006.4,95,0,-0.9,2.3,,433,11.47,105.6
2024/2/10 13:00,1006.4,95.2,0,-1,2.4,,563,11.84,105.6
2024/2/10 13:15,1006.4,95.3,0,-1,2.4,,525,9.81,105.6
2024/2/10 13:30,1006.4,95.3,0,-1.1,2.4,,428,11.19,105.6
2024/2/10 13:45,1006.4,94.8,0,-1.2,2.4,,551,11.27,105.6
2024/2/10 14:00,1006.4,94.5,0,-1.3,2.4,,529,11.41,105.6
2024/2/10 14:15,1006.4,94.5,0,-1.3,2.4,,476,10.56,105.6
2024/2/10 14:30,1006.4,92.9,0,-1.2,2.4,,451,10.41,105.6
2024/2/10 14:45,1006.4,92.5,0,-1.2,2.4,,422,9.87,105.6
2024/2/10 15:00,1006.4,92.7,0,-1.2,2.3,,398,9.34,105.6
2024/2/10 15:15,1006.4,92.9,0,-1.3,2.3,,221,17.6,105.6
2024/2/10 15:30,1006.4,93.1,0,-1.4,2.2,,311,40.44,105.6
2024/2/10 15:45,1006.4,93.1,0,-1.6,2.2,,237,31.88,105.6
2024/2/10 16:00,1006.4,92.8,0,-1.7,2.1,,189,25.54,105.6
2024/2/10 16:15,1006.4,92.2,0,-1.7,2.1,,163,19.49,105.6
2024/2/10 16:30,1006.4,91.7,0,-1.8,2.1,,124,14.18,105.6
2024/2/10 16:45,1006.4,91.5,0,-1.8,2,,67,8.71,105.6
2024/2/10 17:00,1006.4,91.7,0,-1.8,2,,43,5.47,105.6
2024/2/10 17:15,1006.4,92.4,0,-1.8,1.9,,13,2.23,105.6
2024/2/10 17:30,1006.4,93.4,0,-1.9,1.9,,3,0.99,105.6
2024/2/10 17:45,1006.4,94.4,0,-2,1.8,,0,0,105.6
2024/2/10 18:00,1006.4,95.6,0,-2,1.8,,0,0,105.6
2024/2/10 18:15,1006.4,97.6,0,-2.1,1.8,,0,0,105.6
2024/2/10 18:30,1006.4,98.2,0,-2.2,1.7,,0,0,105.6
2024/2/10 18:45,1006.4,98.4,0,-2.1,1.7,,0,0,105.6
2024/2/10 19:00,1006.4,98.5,0,-2,1.7,,0,0,105.6
2024/2/10 19:15,1006.4,98.6,0,-2.1,1.7,,0,0,105.6
2024/2/10 19:30,1006.4,98.9,0,-2.1,1.7,,0,0,105.6
2024/2/10 19:45,1006.4,99.1,0,-2,1.7,,0,0,105.6
2024/2/10 20:00,1006.4,99.3,0,-2,1.7,,0,0,105.6
2024/2/10 20:15,1006.4,99.4,0,-2,1.6,,0,0,105.6
2024/2/10 20:30,1006.4,99.5,0,-2,1.6,,0,0,105.6
2024/2/10 20:45,1006.4,99.6,0,-2.1,1.6,,0,0,105.6
2024/2/10 21:00,1006.4,99.8,0,-2,1.6,,0,0,105.6
2024/2/10 21:15,1006.4,99.9,0,-2,1.7,,0,0,105.6
2024/2/10 21:30,1006.4,99.9,0,-1.8,1.7,,0,0,105.6
2024/2/10 21:45,1006.4,99,0,-1.7,1.7,,0,0,105.6
2024/2/10 22:00,1006.4,98.3,0,-1.7,1.7,,0,0,105.6
2024/2/10 22:15,1006.4,98.1,0,-1.7,1.7,,0,0,105.6
2024/2/10 22:30,1006.4,98.1,0,-1.7,1.8,,0,0,105.6
2024/2/10 22:45,1006.4,98.5,0,-1.8,1.8,,0,0,105.6
2024/2/10 23:00,1006.4,98.9,0,-1.8,1.8,,0,0,105.6
2024/2/10 23:15,1006.4,98.9,0,-1.8,1.8,,0,0,105.6
2024/2/10 23:30,1006.4,98.2,0,-1.9,1.9,,0,0,105.6
2024/2/10 23:45,1006.4,98.3,0,-2,1.9,,0,0,105.6
2024/2/11 0:00,1006.4,98.9,0,-2,1.7,,0,0,105.6
2024/2/11 0:15,1006.4,99.2,0,-2.1,1.8,,0,0,105.6
2024/2/11 0:30,1006.4,99.4,0,-2.2,1.8,,0,0,105.6
2024/2/11 0:45,1006.4,99.6,0,-2.3,1.8,,0,0,105.6
2024/2/11 1:00,1006.4,99.6,0,-2.5,1.9,,0,0,105.6
2024/2/11 1:15,1006.4,99.6,0,-2.7,1.9,,0,0,105.6
2024/2/11 1:30,1006.4,99.5,0,-2.8,1.9,,0,0,105.6
2024/2/11 1:45,1006.4,99.5,0,-2.9,1.9,,0,0,105.6
2024/2/11 2:00,1006.4,99.4,0,-3,2,,0,0,105.6
2024/2/11 2:15,1006.4,99.4,0,-3,2,,0,0,105.6
2024/2/11 2:30,1006.4,99.4,0,-3,2,,0,0,105.6
2024/2/11 2:45,1006.4,99.4,0,-3.1,2.1,,0,0,105.6
2024/2/11 3:00,1006.4,99.5,0,-3.1,2.1,,0,0,105.6
2024/2/11 3:15,1006.4,99.5,0,-3.1,2.1,,0,0,105.6
2024/2/11 3:30,1006.4,99.5,0,-3.1,2.2,,0,0,105.6
2024/2/11 3:45,1006.4,99.5,0,-3.1,2.2,,0,0,105.6
2024/2/11 4:00,1006.4,99.5,0,-3.1,2.3,,0,0,105.6
2024/2/11 4:15,1006.4,99.6,0,-3.2,2.4,,0,0,105.6
2024/2/11 4:30,1006.4,99.7,0,-3.2,2.4,,0,0,105.6
2024/2/11 4:45,1006.4,99.8,0,-3.2,2.5,,0,0,105.6
2024/2/11 5:00,1006.4,99.9,0,-3.3,2.6,,0,0,105.6
2024/2/11 5:15,1006.4,99.9,0,-3.3,2.7,,0,0,105.6
2024/2/11 5:30,1006.4,99.8,0,-3.3,2.8,,0,0,105.6
2024/2/11 5:45,1006.4,99.8,0,-3.3,2.8,,0,0,105.6
2024/2/11 6:00,1006.4,99.7,0,-3.3,2.9,,0,0,105.6
2024/2/11 6:15,1006.4,99.7,0,-3.2,2.9,,0,0,105.6
2024/2/11 6:30,1006.4,99.7,0,-3.2,3,,0,0,105.6
2024/2/11 6:45,1006.4,99.7,0,-3.2,3,,0,0,105.6
2024/2/11 7:00,1006.4,99.7,0,-3.2,3.1,,0,0.37,105.6
2024/2/11 7:15,1006.4,99.6,0,-3.2,3.1,,10,1.43,105.6
2024/2/11 7:30,1006.4,99.5,0,-3.2,3.2,,21,3.22,105.6
2024/2/11 7:45,1006.4,99.5,0,-3.1,3.2,,43,5.84,105.6
2024/2/11 8:00,1006.4,99.4,0,-3.1,3.2,,107,10.13,105.6
2024/2/11 8:15,1006.4,99.4,0,-3.1,3.2,,154,16.69,105.6
2024/2/11 8:30,1006.4,99.4,0,-3,3.2,,190,21.73,105.6
2024/2/11 8:45,1006.4,99.4,0,-2.9,3.2,,238,29.01,105.6
2024/2/11 9:00,1006.4,99.4,0,-2.8,3.2,,271,41.62,105.6
2024/2/11 9:15,1006.4,98.4,0,-2.5,3.2,,320,52.44,105.6
2024/2/11 9:30,1006.4,96.9,0,-2.2,3.2,,361,59.35,105.6
2024/2/11 9:45,1006.4,95.4,0,-1.8,3.2,,428,34.02,105.6
2024/2/11 10:00,1006.4,94,0,-1.4,3.2,,526,10.57,105.6
2024/2/11 10:15,1006.4,92.6,0,-1,3.2,,612,10.44,105.6
2024/2/11 10:30,1006.4,89.1,0,-0.5,3.2,,575,9.61,105.6
2024/2/11 10:45,1006.4,86.6,0,-0.1,3.2,,592,10.08,105.6
2024/2/11 11:00,1006.5,83.6,0,0.5,3.2,,612,10.35,105.6
2024/2/11 11:15,1006.5,79.9,0,1,3.2,,638,10.67,105.6
2024/2/11 11:30,1006.5,76.7,0,1.6,3.2,,655,10.8,105.6
2024/2/11 11:45,1006.5,74.1,0,2.1,3.3,,663,10.93,105.6
2024/2/11 12:00,1006.5,71.4,0,2.6,3.3,,672,10.95,105.6
2024/2/11 12:15,1006.5,68,0,3.3,3.3,,679,10.98,105.6
2024/2/11 12:30,1006.5,64.1,0,3.7,3.3,,684,11.02,105.6
2024/2/11 12:45,1006.5,61.2,0,4,3.3,,686,11.03,105.6
2024/2/11 13:00,1006.5,59.1,0,4.1,3.3,,678,11.06,105.6
2024/2/11 13:15,1006.5,57.4,0,4,3.3,,667,11,105.6
2024/2/11 13:30,1006.5,56,0,3.9,3.3,,656,10.91,105.6
2024/2/11 13:45,1006.5,55.3,0,3.8,3.3,,624,10.65,105.6
2024/2/11 14:00,1006.5,55.1,0,3.7,3.2,,601,10.43,105.6
2024/2/11 14:15,1006.5,55.2,0,3.7,3.2,,572,10.01,105.6
2024/2/11 14:30,1006.5,55.5,0,3.8,3.1,,537,9.6,105.6
2024/2/11 14:45,1006.5,56,0,3.9,3.1,,494,9.13,105.6
2024/2/11 15:00,1006.5,56.7,0,4,3,,459,8.57,105.6
2024/2/11 15:15,1006.5,57.7,0,4.1,2.9,,425,7.74,105.6
2024/2/11 15:30,1006.5,58.5,0,4.1,2.9,,373,6.98,105.6
2024/2/11 15:45,1006.5,59.2,0,4.1,2.8,,320,5.66,105.6
2024/2/11 16:00,1006.5,59.8,0,4.1,2.7,,266,5.23,105.6
2024/2/11 16:15,1006.5,60.3,0,4.1,2.7,,212,10.23,105.6
2024/2/11 16:30,1006.5,60.7,0,4.2,2.6,,159,10.32,105.6
2024/2/11 16:45,1006.5,61.1,0,4.2,2.6,,103,11.73,105.6
2024/2/11 17:00,1006.5,61.7,0,4.1,2.5,,60,6,105.6
2024/2/11 17:15,1006.5,62.7,0,4.1,2.5,,22,3.21,105.6
2024/2/11 17:30,1006.5,63.8,0,4.1,2.4,,5,1.28,105.6
2024/2/11 17:45,1006.5,64.2,0,4.2,2.4,,0,0,105.6
2024/2/11 18:00,1006.5,63.5,0,4.5,2.4,,0,0,105.6
2024/2/11 18:15,1006.5,63.1,0,4.7,2.4,,0,0,105.6
2024/2/11 18:30,1006.5,63.6,0,4.7,2.4,,0,0,105.6
2024/2/11 18:45,1006.5,65,0,4.7,2.4,,0,0,105.6
2024/2/11 19:00,1006.5,66.8,0,4.7,2.4,,0,0,105.6
2024/2/11 19:15,1006.5,68.7,0,4.7,2.5,,0,0,105.6
2024/2/11 19:30,1006.5,71,0,4.5,2.5,,0,0,105.6
2024/2/11 19:45,1006.5,73.6,0,4.2,2.6,,0,0,105.6
2024/2/11 20:00,1006.5,75.3,0,4,2.7,,0,0,105.6
2024/2/11 20:15,1006.5,75.7,0,4,2.8,,0,0,105.6
2024/2/11 20:30,1006.5,75.5,0,3.8,2.9,,0,0,105.6
2024/2/11 20:45,1006.5,75.9,0,3.6,3,,0,0,105.6
2024/2/11 21:00,1006.5,76.4,0,3.4,3.2,,0,0,105.6
2024/2/11 21:15,1006.5,77,0,3.1,3.3,,0,0,105.6
2024/2/11 21:30,1006.5,77.6,0,2.9,3.5,,0,0,105.6
2024/2/11 21:45,1006.5,78,0,2.7,3.6,,0,0,105.6
2024/2/11 22:00,1006.5,78.5,0,2.5,3.7,,0,0,105.6
2024/2/11 22:15,1006.5,79.3,0,2.3,3.8,,0,0,105.6
2024/2/11 22:30,1006.5,80.3,0,2.1,3.9,,0,0,105.6
2024/2/11 22:45,1006.5,81.1,0,2,4,,0,0,105.6
2024/2/11 23:00,1006.5,82.2,0,1.8,4,,0,0,105.6
2024/2/11 23:15,1006.5,83.6,0,1.7,4.1,,0,0,105.6
2024/2/11 23:30,1006.5,85.1,0,1.6,4.2,,0,0,105.6
2024/2/11 23:45,1006.5,87,0,1.5,4.3,,0,0,105.6
2024/2/12 0:00,1006.5,86.9,0,1.1,4.1,,0,0,105.6
2024/2/12 0:15,1006.5,87.8,0,1.1,4.2,,0,0,105.6
2024/2/12 0:30,1006.5,88.3,0,1.1,4.3,,0,0,105.6
2024/2/12 0:45,1006.5,88.8,0,1.1,4.3,,0,0,105.6
2024/2/12 1:00,1006.5,89.4,0,1.1,4.4,,0,0,105.6
2024/2/12 1:15,1006.5,90.1,0,1,4.5,,0,0,105.6
2024/2/12 1:30,1006.5,91,0,1,4.6,,0,0,105.6
2024/2/12 1:45,1006.5,91.9,0,1,4.6,,0,0,105.6
2024/2/12 2:00,1006.5,92.7,0,1,4.7,,0,0,105.6
2024/2/12 2:15,1006.5,93.3,0,1,4.8,,0,0,105.6
2024/2/12 2:30,1006.5,94,0,1,4.9,,0,0,105.6
2024/2/12 2:45,1006.5,94.5,0,1,4.9,,0,0,105.6
2024/2/12 3:00,1006.5,94.9,0,0.9,5,,0,0,105.6
2024/2/12 3:15,1006.5,95.6,0,0.9,5.1,,0,0,105.6
2024/2/12 3:30,1006.5,96.4,0,0.9,5.2,,0,0,105.6
2024/2/12 3:45,1006.4,97,0,0.8,5.2,,0,0,105.6
2024/2/12 4:00,1006.4,97.3,0,0.8,5.3,,0,0,105.6
2024/2/12 4:15,1006.4,97.3,0,0.7,5.4,,0,0,105.6
2024/2/12 4:30,1006.4,97.5,0,0.7,5.5,,0,0,105.6
2024/2/12 4:45,1006.4,97.8,0,0.6,5.6,,0,0,105.6
2024/2/12 5:00,1006.4,98,0,0.6,5.7,,0,0,105.6
2024/2/12 5:15,1006.4,98.2,0,0.7,5.8,,0,0,105.6
2024/2/12 5:30,1006.4,98.6,0,0.7,5.9,,0,0,105.6
2024/2/12 5:45,1006.4,98.9,0,0.8,6,,0,0,105.6
2024/2/12 6:00,1006.4,99.3,0,0.8,6.1,,0,0,105.6
2024/2/12 6:15,1006.4,99.7,0,0.7,6.2,,0,0,105.6
2024/2/12 6:30,1006.4,99.8,0,0.7,6.3,,0,0,105.6
2024/2/12 6:45,1006.4,99.9,0,0.7,6.4,,0,0,105.6
2024/2/12 7:00,1006.4,99.9,0,0.8,6.5,,0,0.89,105.6
2024/2/12 7:15,1006.4,100,0,0.9,6.6,,18,2.64,105.6
2024/2/12 7:30,1006.4,100,0,0.9,6.7,,41,5.12,105.6
2024/2/12 7:45,1006.4,100,0,0.9,6.8,,75,9.42,105.6
2024/2/12 8:00,1006.4,100,0,1,6.9,,116,13.97,105.6
2024/2/12 8:15,1006.4,100,0,1.1,7,,170,19.68,105.6
2024/2/12 8:30,1006.4,100,0,1.1,7.1,,219,24.46,105.6
2024/2/12 8:45,1006.4,100,0,1.2,7.2,,265,34.53,105.6
2024/2/12 9:00,1006.4,100,0,1.2,7.3,,308,45.36,105.6
2024/2/12 9:15,1006.4,99.8,0,1.4,7.4,,346,28.59,105.6
2024/2/12 9:30,1006.5,98.9,0,1.6,7.5,,395,11.63,105.6
2024/2/12 9:45,1006.5,98,0,1.8,7.6,,435,10.6,105.6
2024/2/12 10:00,1006.5,96.2,0,2.1,7.7,,470,9,105.6
2024/2/12 10:15,1006.5,94,0,2.4,7.8,,509,9.44,105.6
2024/2/12 10:30,1006.5,92,0,2.7,7.8,,535,9.86,105.6
2024/2/12 10:45,1006.5,89.8,0,3,7.9,,571,10.3,105.6
2024/2/12 11:00,1006.5,87.4,0,3.3,8,,588,10.68,105.6
2024/2/12 11:15,1006.5,85.2,0,3.6,8,,613,10.81,105.6
2024/2/12 11:30,1006.5,83.4,0,3.9,8.1,,629,11.05,105.6
2024/2/12 11:45,1006.5,81.9,0,4.2,8.2,,632,11.09,105.6
2024/2/12 12:00,1006.5,80.7,0,4.5,8.2,,640,11.22,105.6
2024/2/12 12:15,1006.5,80,0,4.8,8.3,,649,11.32,105.6
2024/2/12 12:30,1006.5,79.5,0,5.2,8.3,,655,11.27,105.6
2024/2/12 12:45,1006.5,79.2,0,5.7,8.4,,641,11.32,105.6
2024/2/12 13:00,1006.5,77.4,0,6.2,8.4,,649,11.28,105.6
2024/2/12 13:15,1006.5,75,0,6.6,8.4,,627,11.01,105.6
2024/2/12 13:30,1006.5,74,0,6.8,8.4,,618,10.8,105.6
2024/2/12 13:45,1006.5,73.8,0,7.1,8.4,,596,10.57,105.6
2024/2/12 14:00,1006.5,73.4,0,7.3,8.4,,564,10.26,105.6
2024/2/12 14:15,1006.5,72.7,0,7.5,8.4,,526,9.73,105.6
2024/2/12 14:30,1006.5,72.5,0,7.6,8.3,,497,9.4,105.6
2024/2/12 14:45,1006.6,72.4,0,7.7,8.3,,460,8.79,105.6
2024/2/12 15:00,1006.6,71.7,0,7.8,8.2,,426,8.28,105.6
2024/2/12 15:15,1006.6,71.3,0,7.9,8.1,,387,7.64,105.6
2024/2/12 15:30,1006.6,71.6,0,7.9,8.1,,336,6.94,105.6
2024/2/12 15:45,1006.6,72.4,0,7.9,8,,289,6.05,105.6
2024/2/12 16:00,1006.6,73.1,0,7.9,7.9,,247,10.66,105.6
2024/2/12 16:15,1006.6,74,0,7.8,7.9,,192,10.12,105.6
2024/2/12 16:30,1006.6,75.4,0,7.7,7.8,,143,10.23,105.6
2024/2/12 16:45,1006.6,77.6,0,7.4,7.8,,94,10.95,105.6
2024/2/12 17:00,1006.5,80.2,0,7.2,7.7,,58,6.36,105.6
2024/2/12 17:15,1006.5,82.7,0,7,7.6,,26,3.27,105.6
2024/2/12 17:30,1006.5,84.6,0,6.7,7.6,,8,1.39,105.6
2024/2/12 17:45,1006.5,85.8,0,6.4,7.5,,0,0,105.6
2024/2/12 18:00,1006.5,87.2,0,6.1,7.5,,0,0,105.6
2024/2/12 18:15,1006.5,88.5,0,5.9,7.4,,0,0,105.6
2024/2/12 18:30,1006.5,89.9,0,5.7,7.3,,0,0,105.6
2024/2/12 18:45,1006.5,91.1,0,5.5,7.3,,0,0,105.6
2024/2/12 19:00,1006.5,91.9,0,5.3,7.2,,0,0,105.6
2024/2/12 19:15,1006.5,92.1,0,5.1,7.2,,0,0,105.6
2024/2/12 19:30,1006.5,92.1,0,4.9,7.2,,0,0,105.6
2024/2/12 19:45,1006.5,92.4,0,4.7,7.1,,0,0,105.6
2024/2/12 20:00,1006.5,92.9,0,4.6,7.1,,0,0,105.6
2024/2/12 20:15,1006.5,93.4,0,4.4,7.1,,0,0,105.6
2024/2/12 20:30,1006.5,94,0,4.3,7.1,,0,0,105.6
2024/2/12 20:45,1006.5,94.4,0,4.2,7.1,,0,0,105.6
2024/2/12 21:00,1006.5,94.8,0,4.1,7.1,,0,0,105.6
2024/2/12 21:15,1006.5,95,0,4,7.1,,0,0,105.6
2024/2/12 21:30,1006.5,95.2,0,3.9,7.1,,0,0,105.6
2024/2/12 21:45,1006.5,95.6,0,3.8,7.1,,0,0,105.6
2024/2/12 22:00,1006.5,96.1,0,3.7,7.1,,0,0,105.6
2024/2/12 22:15,1006.5,96.1,0,3.6,7.1,,0,0,105.6
2024/2/12 22:30,1006.5,96.4,0,3.6,7.1,,0,0,105.6
2024/2/12 22:45,1006.5,96.8,0,3.5,7.1,,0,0,105.6
2024/2/12 23:00,1006.5,96.8,0,3.5,7,,0,0,105.6
2024/2/12 23:15,1006.5,96.7,0,3.6,7,,0,0,105.6
2024/2/12 23:30,1006.5,96.6,0,3.5,7,,0,0,105.6
2024/2/12 23:45,1006.5,96.5,0,3.5,6.9,,0,0,105.6
2024/2/13 0:00,1006.5,96.1,0,3.9,6.3,,0,0,105.6
2024/2/13 0:15,1006.5,96,0,3.9,6.3,,0,0,105.6
2024/2/13 0:30,1006.5,95.8,0,3.9,6.3,,0,0,105.6
2024/2/13 0:45,1006.5,95.6,0,3.9,6.3,,0,0,105.6
2024/2/13 1:00,1006.5,95.5,0,3.9,6.2,,0,0,105.6
2024/2/13 1:15,1006.5,95.3,0,3.9,6.2,,0,0,105.6
2024/2/13 1:30,1006.5,95.2,0,3.8,6.2,,0,0,105.6
2024/2/13 1:45,1006.5,95.2,0,3.8,6.2,,0,0,105.6
2024/2/13 2:00,1006.5,95.2,0,3.9,6.2,,0,0,105.6
2024/2/13 2:15,1006.5,95.2,0,3.9,6.2,,0,0,105.6
2024/2/13 2:30,1006.5,95.2,0,3.8,6.2,,0,0,105.6
2024/2/13 2:45,1006.4,95.1,0,3.8,6.2,,0,0,105.6
2024/2/13 3:00,1006.4,95.1,0,3.8,6.2,,0,0,105.6
2024/2/13 3:15,1006.4,95.1,0,3.7,6.2,,0,0,105.6
2024/2/13 3:30,1006.4,95.2,0,3.7,6.2,,0,0,105.6
2024/2/13 3:45,1006.4,95.2,0,3.7,6.2,,0,0,105.6
2024/2/13 4:00,1006.4,95.2,0,3.6,6.1,,0,0,105.6
2024/2/13 4:15,1006.4,95.3,0,3.6,6.1,,0,0,105.6
2024/2/13 4:30,1006.4,95.3,0,3.6,6.1,,0,0,105.6
2024/2/13 4:45,1006.4,95.4,0,3.6,6.1,,0,0,105.6
2024/2/13 5:00,1006.4,95.4,0,3.5,6.1,,0,0,105.6
2024/2/13 5:15,1006.4,95.3,0,3.5,6.1,,0,0,105.6
2024/2/13 5:30,1006.4,95.3,0,3.5,6.1,,0,0,105.6
2024/2/13 5:45,1006.4,95.2,0,3.5,6.1,,0,0,105.6
2024/2/13 6:00,1006.4,95.2,0,3.5,6.1,,0,0,105.6
2024/2/13 6:15,1006.4,95.1,0,3.5,6.1,,0,0,105.6
2024/2/13 6:30,1006.4,95,0,3.4,6.1,,0,0,105.6
2024/2/13 6:45,1006.4,95,0,3.4,6.1,,0,0,105.6
2024/2/13 7:00,1006.4,95.1,0,3.4,6.1,,0,0.96,105.6
2024/2/13 7:15,1006.4,95.1,0,3.4,6.1,,21,2.88,105.6
2024/2/13 7:30,1006.4,95,0,3.4,6.1,,46,5.17,105.6
2024/2/13 7:45,1006.4,94.8,0,3.4,6.2,,88,10.9,105.6
2024/2/13 8:00,1006.4,94.5,0,3.5,6.2,,134,15.72,105.6
2024/2/13 8:15,1006.4,94,0,3.6,6.2,,200,21.52,105.6
2024/2/13 8:30,1006.4,93.6,0,3.7,6.2,,256,27.08,105.6
2024/2/13 8:45,1006.4,93,0,3.8,6.2,,299,42.13,105.6
2024/2/13 9:00,1006.5,92.4,0,4,6.3,,340,10.88,105.6
2024/2/13 9:15,1006.5,92,0,4.1,6.3,,390,26.93,105.6
2024/2/13 9:30,1006.5,91.9,0,4.3,6.3,,431,27.27,105.6
2024/2/13 9:45,1006.5,91.8,0,4.4,6.3,,475,27.94,105.6
2024/2/13 10:00,1006.5,91.5,0,4.6,6.4,,511,28.47,105.6
2024/2/13 10:15,1006.5,91,0,4.9,6.4,,552,29.01,105.6
2024/2/13 10:30,1006.5,90.5,0,5.1,6.4,,580,29.4,105.6
2024/2/13 10:45,1006.5,89.6,0,5.4,6.4,,613,29.82,105.6
2024/2/13 11:00,1006.5,88.5,0,5.7,6.4,,634,30.04,105.6
2024/2/13 11:15,1006.5,87.5,0,6,6.4,,651,30.17,105.6
2024/2/13 11:30,1006.5,86.5,0,6.3,6.4,,662,30.24,105.6
2024/2/13 11:45,1006.5,85.4,0,6.6,6.4,,667,30.26,105.6
2024/2/13 12:00,1006.5,84.1,0,6.9,6.4,,671,30.26,105.6
2024/2/13 12:15,1006.5,82.3,0,7.2,6.4,,665,30.24,105.6
2024/2/13 12:30,1006.5,80.7,0,7.4,6.4,,664,30.24,105.6
2024/2/13 12:45,1006.5,79.8,0,7.6,6.3,,659,30.25,105.6
2024/2/13 13:00,1006.5,79.6,0,7.8,6.3,,651,30.1,105.6
2024/2/13 13:15,1006.5,79.6,0,8.1,6.3,,629,29.93,105.6
2024/2/13 13:30,1006.5,79.6,0,8.3,6.2,,608,29.65,105.6
2024/2/13 13:45,1006.5,79.7,0,8.6,6.2,,586,29.28,105.6
2024/2/13 14:00,1006.5,80.1,0,8.8,6.1,,567,28.87,105.6
2024/2/13 14:15,1006.5,79.8,0,9.1,6.1,,529,28.25,105.6
2024/2/13 14:30,1006.5,77.3,0,9.4,6,,494,27.82,105.6
2024/2/13 14:45,1006.5,76.9,0,9.6,6,,456,27.25,105.6
2024/2/13 15:00,1006.5,77,0,9.7,5.9,,409,26.69,105.6
2024/2/13 15:15,1006.5,77.4,0,9.9,5.8,,375,26.02,105.6
2024/2/13 15:30,1006.5,78.1,0,9.9,5.8,,333,25.39,105.6
2024/2/13 15:45,1006.5,78.9,0,10,5.7,,281,27.39,105.6
2024/2/13 16:00,1006.5,80,0,10,5.6,,232,10.24,105.6
2024/2/13 16:15,1006.5,81.2,0,9.9,5.6,,183,9.94,105.6
2024/2/13 16:30,1006.5,82.2,0,9.8,5.5,,136,11.59,105.6
2024/2/13 16:45,1006.5,83.2,0,9.6,5.5,,92,10.62,105.6
2024/2/13 17:00,1006.5,84.6,0,9.4,5.4,,60,6.59,105.6
2024/2/13 17:15,1006.5,86.1,0,9.2,5.4,,27,3.43,105.6
2024/2/13 17:30,1006.5,87.5,0,8.9,5.4,,8,1.55,105.6
2024/2/13 17:45,1006.5,88.8,0,8.7,5.3,,0,0,105.6
2024/2/13 18:00,1006.5,90.1,0,8.4,5.3,,0,0,105.6
2024/2/13 18:15,1006.5,91.4,0,8.1,5.3,,0,0,105.6
2024/2/13 18:30,1006.5,92.6,0,7.8,5.3,,0,0,105.6
2024/2/13 18:45,1006.5,93.2,0,7.6,5.3,,0,0,105.6
2024/2/13 19:00,1006.5,93.3,0,7.4,5.3,,0,0,105.6
2024/2/13 19:15,1006.5,93.3,0,7.2,5.3,,0,0,105.6
2024/2/13 19:30,1006.5,93.6,0,6.9,5.3,,0,0,105.6
2024/2/13 19:45,1006.5,94.3,0,6.7,5.3,,0,0,105.6
2024/2/13 20:00,1006.5,94.9,0,6.5,5.3,,0,0,105.6
2024/2/13 20:15,1006.5,94.6,0,6.3,5.4,,0,0,105.6
2024/2/13 20:30,1006.5,94.1,0,6,5.4,,0,0,105.6
2024/2/13 20:45,1006.5,93.6,0,5.8,5.4,,0,0,105.6
2024/2/13 21:00,1006.5,93,0,5.7,5.4,,0,0,105.6
2024/2/13 21:15,1006.5,92.2,0,5.5,5.4,,0,0,105.6
2024/2/13 21:30,1006.5,90.9,0,5.4,5.3,,0,0,105.6
2024/2/13 21:45,1006.5,89.7,0,5.3,5.3,,0,0,105.6
2024/2/13 22:00,1006.5,89.2,0,5.2,5.3,,0,0,105.6
2024/2/13 22:15,1006.5,89,0,5,5.3,,0,0,105.6
2024/2/13 22:30,1006.5,89.1,0,4.9,5.2,,0,0,105.6
2024/2/13 22:45,1006.5,89.3,0,4.8,5.2,,0,0,105.6
2024/2/13 23:00,1006.5,89.6,0,4.7,5.2,,0,0,105.6
2024/2/13 23:15,1006.5,90,0,4.6,5.1,,0,0,105.6
2024/2/13 23:30,1006.5,90.5,0,4.5,5.1,,0,0,105.6
2024/2/13 23:45,1006.4,91.1,0,4.4,5,,0,0,105.6
2024/2/14 0:00,1006.5,93.2,0,5.5,5.1,,0,0,105.6
2024/2/14 0:15,1006.5,94.1,0,5.4,5,,0,0,105.6
2024/2/14 0:30,1006.4,95,0,5.4,5,,0,0,105.6
2024/2/14 0:45,1006.4,95.8,0,5.3,4.9,,0,0,105.6
2024/2/14 1:00,1006.4,96.6,0,5.3,4.8,,0,0,105.6
2024/2/14 1:15,1006.4,97.2,0,5.2,4.7,,0,0,105.6
2024/2/14 1:30,1006.4,97.7,0,5.2,4.6,,0,0,105.6
2024/2/14 1:45,1006.4,98,0,5.1,4.5,,0,0,105.6
2024/2/14 2:00,1006.4,98.2,0,5,4.4,,0,0,105.6
2024/2/14 2:15,1006.4,98.3,0,5,4.3,,0,0,105.6
2024/2/14 2:30,1006.4,98.3,0,5,4.2,,0,0,105.6
2024/2/14 2:45,1006.4,98.3,0,5,4.1,,0,0,105.6
2024/2/14 3:00,1006.4,98.4,0,5,4,,0,0,105.6
2024/2/14 3:15,1006.4,98.5,0,5,4,,0,0,105.6
2024/2/14 3:30,1006.4,98.6,0,5,3.9,,0,0,105.6
2024/2/14 3:45,1006.4,98.6,0,5.1,3.8,,0,0,105.6
2024/2/14 4:00,1006.4,98.7,0,5.1,3.7,,0,0,105.6
2024/2/14 4:15,1006.4,98.7,0,5.1,3.6,,0,0,105.6
2024/2/14 4:30,1006.4,98.8,0,5,3.6,,0,0,105.6
2024/2/14 4:45,1006.4,98.8,0,5.1,3.5,,0,0,105.6
2024/2/14 5:00,1006.4,98.8,0,5.1,3.4,,0,0,105.6
2024/2/14 5:15,1006.4,98.9,0,5.1,3.4,,0,0,105.6
2024/2/14 5:30,1006.4,98.8,0,5.1,3.3,,0,0,105.6
2024/2/14 5:45,1006.4,98.8,0,5.1,3.3,,0,0,105.6
2024/2/14 6:00,1006.4,98.8,0,5.2,3.2,,0,0,105.6
2024/2/14 6:15,1006.4,98.7,0,5.2,3.1,,0,0,105.6
2024/2/14 6:30,1006.4,98.6,0,5.3,3,,0,0,105.6
2024/2/14 6:45,1006.4,98.6,0,5.3,3,,0,0,105.6
2024/2/14 7:00,1006.4,98.6,0,5.3,2.9,,3,0.96,105.6
2024/2/14 7:15,1006.4,98.7,0,5.2,2.8,,19,2.87,105.6
2024/2/14 7:30,1006.4,98.8,0,5.2,2.7,,42,5.26,105.6
2024/2/14 7:45,1006.4,99,0,5.2,2.6,,78,9.84,105.6
2024/2/14 8:00,1006.4,99.2,0,5.2,2.6,,115,14.03,105.6
2024/2/14 8:15,1006.4,99.2,0,5.2,2.6,,174,19.45,105.6
2024/2/14 8:30,1006.4,99.3,0,5.1,2.7,,223,24.82,105.6
2024/2/14 8:45,1006.4,99.3,0,5.1,2.8,,266,37.57,105.6
2024/2/14 9:00,1006.5,99.3,0,5.2,2.9,,304,44.76,105.6
2024/2/14 9:15,1006.5,99.3,0,5.2,3,,351,51.58,105.6
2024/2/14 9:30,1006.5,99.3,0,5.2,3.2,,383,56.96,105.6
2024/2/14 9:45,1006.5,99.3,0,5.3,3.3,,421,62.71,105.6
2024/2/14 10:00,1006.5,99.2,0,5.3,3.5,,455,67.31,105.6
2024/2/14 10:15,1006.5,99.3,0,5.3,3.7,,490,72.3,105.6
2024/2/14 10:30,1006.5,99.2,0,5.1,3.9,,514,75.81,105.6
2024/2/14 10:45,1006.5,99.5,0,4.9,4.1,,532,79.1,105.6
2024/2/14 11:00,1006.4,99.9,0,3.9,4.3,,548,82.29,105.6
2024/2/14 11:15,1006.4,100,0,3.6,4.6,,565,76.69,105.6
2024/2/14 11:30,1006.4,100,0,3.3,4.8,,581,70.84,105.6
2024/2/14 11:45,1006.4,100,0,3.1,5.1,,599,62.59,105.6
2024/2/14 12:00,1006.4,100,0,3,5.4,,602,78.03,105.6
2024/2/14 12:15,1006.4,100,0,3,5.7,,603,71.63,105.6
2024/2/14 12:30,1006.4,100,0,3.1,6.1,,580,55.58,105.6
2024/2/14 12:45,1006.4,100,0,3,6.4,,615,50.36,105.6
2024/2/14 13:00,1006.4,100,0,3,6.8,,594,64,105.6
2024/2/14 13:15,1006.4,100,0.1,3.1,7.2,,434,38.84,105.6
2024/2/14 13:30,1006.4,100,0.1,3.1,7.6,,383,30.65,105.6
2024/2/14 13:45,1006.4,100,0.2,3,7.9,,322,28.97,105.6
2024/2/14 14:00,1006.4,99.7,0.3,2.9,8.2,,287,28.64,105.6
2024/2/14 14:15,1006.4,99.7,0.3,2.8,8.4,,247,28.11,105.6
2024/2/14 14:30,1006.4,99.4,0.5,2.7,8.6,,271,26.32,105.6
2024/2/14 14:45,1006.4,98.1,0.5,2.7,8.8,,129,14.15,105.6
2024/2/14 15:00,1006.4,96.7,0.5,2.7,9,,94,12.43,105.6
2024/2/14 15:15,1006.4,95.1,0.5,2.7,9.2,,91,9.95,105.6
2024/2/14 15:30,1006.4,93.2,0.5,2.7,9.4,,74,9.09,105.6
2024/2/14 15:45,1006.4,91.7,0.5,2.7,9.5,,26,3.22,105.6
2024/2/14 16:00,1006.4,90.7,0.6,2.6,9.6,,30,3.03,105.6
2024/2/14 16:15,1006.4,89.8,0.6,2.6,9.7,,26,3.92,105.6
2024/2/14 16:30,1006.4,89.1,0.6,2.6,9.8,,32,3.86,105.6
2024/2/14 16:45,1006.4,88.4,0.6,2.5,9.9,,23,3.58,105.6
2024/2/14 17:00,1006.4,87.7,0.6,2.5,10,,21,2.99,105.6
2024/2/14 17:15,1006.4,86.9,0.6,2.5,10,,7,1.05,105.6
2024/2/14 17:30,1006.4,86.1,0.6,2.5,10.1,,1,0.36,105.6
2024/2/14 17:45,1006.4,85.3,0.6,2.5,10.1,,0,0,105.6
2024/2/14 18:00,1006.4,84.5,0.5,2.5,10.1,,0,0,105.6
2024/2/14 18:15,1006.4,83.7,0.4,2.5,10.2,,0,0,105.6
2024/2/14 18:30,1006.4,83.1,0.3,2.5,10.2,,0,0,105.6
2024/2/14 18:45,1006.4,82.6,0.3,2.5,10.2,,0,0,105.6
2024/2/14 19:00,1006.4,82.3,0.3,2.5,10.2,,0,0,105.6
2024/2/14 19:15,1006.4,82.1,0.4,2.5,10.3,,0,0,105.6
2024/2/14 19:30,1006.4,81.8,0.4,2.5,10.3,,0,0,105.6
2024/2/14 19:45,1006.4,81.5,0.4,2.5,10.3,,0,0,105.6
2024/2/14 20:00,1006.4,81.3,0.4,2.5,10.3,,0,0,105.6
2024/2/14 20:15,1006.5,81.1,0.4,2.5,10.3,,0,0,105.6
2024/2/14 20:30,1006.5,80.9,0.5,2.5,10.3,,0,0,105.6
2024/2/14 20:45,1006.5,80.4,0.5,2.6,10.3,,0,0,105.6
2024/2/14 21:00,1006.5,80.2,0.4,2.6,10.3,,0,0,105.6
2024/2/14 21:15,1006.5,80.1,0.4,2.6,10.3,,0,0,105.6
2024/2/14 21:30,1006.5,80.1,0.4,2.6,10.3,,0,0,105.6
2024/2/14 21:45,1006.5,80,0.3,2.5,10.3,,0,0,105.6
2024/2/14 22:00,1006.5,79.7,0.3,2.5,10.3,,0,0,105.6
2024/2/14 22:15,1006.5,79.2,0.3,2.5,10.4,,0,0,105.6
2024/2/14 22:30,1006.5,78.9,0.3,2.5,10.4,,0,0,105.6
2024/2/14 22:45,1006.5,78.7,0.3,2.5,10.4,,0,0,105.6
2024/2/14 23:00,1006.5,78.5,0.3,2.5,10.4,,0,0,105.6
2024/2/14 23:15,1006.5,78.4,0.4,2.4,10.4,,0,0,105.6
2024/2/14 23:30,1006.5,78.4,0.5,2.4,10.4,,0,0,105.6
2024/2/14 23:45,1006.5,77.9,0.4,2.4,10.5,,0,0,105.6
2024/2/15 0:00,1006.5,78,0.5,2.8,10.1,,0,0,105.6
2024/2/15 0:15,1006.5,78.3,0.5,2.7,10.1,,0,0,105.6
2024/2/15 0:30,1006.5,78.3,0.5,2.6,10.1,,0,0,105.6
2024/2/15 0:45,1006.5,78.2,0.5,2.6,10.1,,0,0,105.6
2024/2/15 1:00,1006.5,77.9,0.4,2.5,10,,0,0,105.6
2024/2/15 1:15,1006.5,77.6,0.4,2.5,10,,0,0,105.6
2024/2/15 1:30,1006.5,77.1,0.4,2.4,10,,0,0,105.6
2024/2/15 1:45,1006.5,76.3,0.4,2.4,10,,0,0,105.6
2024/2/15 2:00,1006.5,75.2,0.3,2.4,10,,0,0,105.6
2024/2/15 2:15,1006.5,73.3,0.2,2.4,9.9,,0,0,105.6
2024/2/15 2:30,1006.5,71.4,0.1,2.4,9.9,,0,0,105.6
2024/2/15 2:45,1006.5,69.9,0.1,2.4,9.9,,0,0,105.6
2024/2/15 3:00,1006.5,68.9,0.1,2.4,9.9,,0,0,105.6
2024/2/15 3:15,1006.5,68.1,0.1,2.4,9.9,,0,0,105.6
2024/2/15 3:30,1006.5,67.7,0.1,2.4,9.9,,0,0,105.6
2024/2/15 3:45,1006.5,67.3,0,2.4,9.9,,0,0,105.6
2024/2/15 4:00,1006.5,66.9,0,2.4,9.9,,0,0,105.6
2024/2/15 4:15,1006.5,66.4,0,2.3,9.8,,0,0,105.6
2024/2/15 4:30,1006.5,66,0,2.3,9.8,,0,0,105.6
2024/2/15 4:45,1006.5,65.5,0,2.3,9.7,,0,0,105.6
2024/2/15 5:00,1006.5,64.9,0,2.3,9.7,,0,0,105.6
2024/2/15 5:15,1006.5,64.3,0,2.3,9.6,,0,0,105.6
2024/2/15 5:30,1006.5,64.1,0,2.2,9.5,,0,0,105.6
2024/2/15 5:45,1006.5,64.2,0,2.2,9.5,,0,0,105.6
2024/2/15 6:00,1006.5,64.2,0,2.2,9.4,,0,0,105.6
2024/2/15 6:15,1006.5,64.1,0,2.1,9.3,,0,0,105.6
2024/2/15 6:30,1006.5,63.8,0,2.1,9.2,,0,0,105.6
2024/2/15 6:45,1006.5,63.8,0,2.1,9.1,,0,0,105.6
2024/2/15 7:00,1006.5,63.8,0,2,9,,3,0.97,105.6
2024/2/15 7:15,1006.5,63.8,0,2,8.9,,33,4.61,105.6
2024/2/15 7:30,1006.5,64.2,0,2,8.8,,57,7.36,105.6
2024/2/15 7:45,1006.5,64,0,2.1,8.7,,71,9.1,105.6
2024/2/15 8:00,1006.5,64.3,0,2.1,8.5,,85,11.74,105.6
2024/2/15 8:15,1006.5,64.6,0,2.1,8.4,,128,17.26,105.6
2024/2/15 8:30,1006.5,64.2,0,2.2,8.3,,170,23.07,105.6
2024/2/15 8:45,1006.5,63.5,0,2.2,8.1,,268,29.82,105.6
2024/2/15 9:00,1006.5,63.5,0,2.3,8,,258,56.9,105.6
2024/2/15 9:15,1006.5,63.8,0,2.3,7.9,,275,40.26,105.6
2024/2/15 9:30,1006.5,64.4,0,2.3,7.7,,243,34.41,105.6
2024/2/15 9:45,1006.5,64.4,0,2.3,7.6,,253,35.63,105.6
2024/2/15 10:00,1006.5,64,0,2.4,7.4,,283,49.97,105.6
2024/2/15 10:15,1006.5,63.6,0,2.4,7.3,,645,91.48,105.6
2024/2/15 10:30,1006.5,64,0,2.4,7.2,,290,42.15,105.6
2024/2/15 10:45,1006.5,65.1,0,2.3,7.1,,481,74.99,105.6
2024/2/15 11:00,1006.5,66.1,0,2.3,7,,294,47.03,105.6
2024/2/15 11:15,1006.5,66.4,0,2.3,6.9,,438,68.36,105.6
2024/2/15 11:30,1006.5,66.1,0,2.3,6.8,,655,87.02,105.6
2024/2/15 11:45,1006.5,65.8,0,2.3,6.7,,584,73.04,105.6
2024/2/15 12:00,1006.5,65.7,0,2.3,6.6,,681,64.41,105.6
2024/2/15 12:15,1006.5,66.3,0,2.4,6.5,,559,59.97,105.6
2024/2/15 12:30,1006.5,66.8,0,2.5,6.4,,327,87.26,105.6
2024/2/15 12:45,1006.5,67.1,0,2.5,6.3,,748,95.04,105.6
2024/2/15 13:00,1006.5,67.6,0,2.4,6.2,,693,93.12,105.6
2024/2/15 13:15,1006.5,68.1,0,2.3,6,,765,95.04,105.6
2024/2/15 13:30,1006.5,67.9,0,2.3,5.9,,739,95.04,105.6
2024/2/15 13:45,1006.5,67.4,0,2.4,5.8,,717,95.04,105.6
2024/2/15 14:00,1006.5,67.5,0,2.4,5.6,,683,95.04,105.6
2024/2/15 14:15,1006.5,68.1,0,2.4,5.5,,665,95.04,105.6
2024/2/15 14:30,1006.5,68.5,0,2.3,5.3,,629,80.9,105.6
2024/2/15 14:45,1006.5,68.3,0,2.3,5.2,,574,56.26,105.6
2024/2/15 15:00,1006.5,68.2,0,2.3,5,,530,37.97,105.6
2024/2/15 15:15,1006.5,67.6,0,2.3,4.8,,479,23.64,105.6
2024/2/15 15:30,1006.5,67.8,0,2.3,4.7,,428,17.72,105.6
2024/2/15 15:45,1006.5,67.5,0,2.2,4.5,,370,17.19,105.6
2024/2/15 16:00,1006.5,67.2,0,2.2,4.3,,319,34.13,105.6
2024/2/15 16:15,1006.5,66.6,0,2.1,4.1,,259,28.84,105.6
2024/2/15 16:30,1006.5,65.7,0,2.1,3.9,,199,22.9,105.6
2024/2/15 16:45,1006.5,65.2,0,2,3.7,,140,16.59,105.6
2024/2/15 17:00,1006.5,64.9,0,2,3.5,,98,11.49,105.6
2024/2/15 17:15,1006.5,64.6,0,1.9,3.3,,49,4.35,105.6
2024/2/15 17:30,1006.5,64.5,0,1.9,3.2,,14,1.82,105.6
2024/2/15 17:45,1006.5,64.9,0,1.8,3,,0,0.4,105.6
2024/2/15 18:00,1006.5,65.7,0,1.8,2.9,,0,0,105.6
2024/2/15 18:15,1006.5,66.2,0,1.7,2.7,,0,0,105.6
2024/2/15 18:30,1006.5,67.2,0,1.7,2.6,,0,0,105.6
2024/2/15 18:45,1006.5,68.2,0,1.6,2.5,,0,0,105.6
2024/2/15 19:00,1006.5,69.1,0,1.6,2.4,,0,0,105.6
2024/2/15 19:15,1006.5,69.8,0,1.6,2.3,,0,0,105.6
2024/2/15 19:30,1006.5,70.3,0,1.5,2.2,,0,0,105.6
2024/2/15 19:45,1006.5,70.8,0,1.4,2.1,,0,0,105.6
2024/2/15 20:00,1006.5,71.4,0,1.4,2.1,,0,0,105.6
2024/2/15 20:15,1006.5,73.1,0,1.2,2,,0,0,105.6
2024/2/15 20:30,1006.5,73.8,0,1,2,,0,0,105.6
2024/2/15 20:45,1006.5,74,0,0.9,2,,0,0,105.6
2024/2/15 21:00,1006.5,73.9,0,0.8,2,,0,0,105.6
2024/2/15 21:15,1006.5,73.4,0,0.7,2,,0,0,105.6
2024/2/15 21:30,1006.5,73,0,0.6,2.1,,0,0,105.6
2024/2/15 21:45,1006.5,73.1,0,0.5,2.1,,0,0,105.6
2024/2/15 22:00,1006.5,73,0,0.5,2.1,,0,0,105.6
2024/2/15 22:15,1006.5,72.8,0,0.4,2.2,,0,0,105.6
2024/2/15 22:30,1006.5,73,0,0.3,2.3,,0,0,105.6
2024/2/15 22:45,1006.5,73.5,0,0.2,2.3,,0,0,105.6
2024/2/15 23:00,1006.5,74.1,0,0.1,2.4,,0,0,105.6
2024/2/15 23:15,1006.5,74.6,0,0,2.5,,0,0,105.6
2024/2/15 23:30,1006.5,74.9,0,-0.1,2.5,,0,0,105.6
2024/2/15 23:45,1006.5,75,0,-0.1,2.6,,0,0,105.6
2024/2/16 0:00,1006.4,82.3,0,-0.6,2.6,,0,0,105.6
2024/2/16 0:15,1006.4,82.8,0,-0.7,2.7,,0,0,105.6
2024/2/16 0:30,1006.4,83.8,0,-0.9,2.8,,0,0,105.6
2024/2/16 0:45,1006.4,85.3,0,-1.1,2.9,,0,0,105.6
2024/2/16 1:00,1006.4,86.4,0,-1.2,3,,0,0,105.6
2024/2/16 1:15,1006.4,86.9,0,-1.3,3,,0,0,105.6
2024/2/16 1:30,1006.4,87,0,-1.4,3.1,,0,0,105.6
2024/2/16 1:45,1006.4,86.8,0,-1.4,3.2,,0,0,105.6
2024/2/16 2:00,1006.4,86.4,0,-1.5,3.3,,0,0,105.6
2024/2/16 2:15,1006.4,86.1,0,-1.5,3.3,,0,0,105.6
2024/2/16 2:30,1006.4,85.9,0,-1.6,3.4,,0,0,105.6
2024/2/16 2:45,1006.4,85.7,0,-1.6,3.5,,0,0,105.6
2024/2/16 3:00,1006.4,85.2,0,-1.7,3.6,,0,0,105.6
2024/2/16 3:15,1006.4,84.6,0,-1.7,3.7,,0,0,105.6
2024/2/16 3:30,1006.4,84,0,-1.7,3.8,,0,0,105.6
2024/2/16 3:45,1006.4,83.3,0,-1.7,3.9,,0,0,105.6
2024/2/16 4:00,1006.4,82.3,0,-1.7,4,,0,0,105.6
2024/2/16 4:15,1006.4,81.2,0,-1.7,4.1,,0,0,105.6
2024/2/16 4:30,1006.4,80.4,0,-1.7,4.2,,0,0,105.6
2024/2/16 4:45,1006.4,80.2,0,-1.7,4.3,,0,0,105.6
2024/2/16 5:00,1006.4,80.5,0,-1.8,4.4,,0,0,105.6
2024/2/16 5:15,1006.4,81.3,0,-1.8,4.5,,0,0,105.6
2024/2/16 5:30,1006.4,82.2,0,-1.8,4.6,,0,0,105.6
2024/2/16 5:45,1006.4,82.9,0,-1.9,4.7,,0,0,105.6
2024/2/16 6:00,1006.4,83.5,0,-1.8,4.9,,0,0,105.6
2024/2/16 6:15,1006.4,84.1,0,-1.8,5.1,,0,0,105.6
2024/2/16 6:30,1006.4,84.8,0,-1.8,5.2,,0,0,105.6
2024/2/16 6:45,1006.4,85.6,0,-1.8,5.4,,0,0,105.6
2024/2/16 7:00,1006.4,86.2,0,-1.8,5.5,,0,0,105.6
2024/2/16 7:15,1006.4,86.5,0,-1.8,5.7,,29,3.51,105.6
2024/2/16 7:30,1006.4,86.5,0,-1.7,5.9,,66,6.87,105.6
2024/2/16 7:45,1006.4,86.1,0,-1.5,6,,117,13.72,105.6
2024/2/16 8:00,1006.4,85.1,0,-1.2,6.2,,163,19.15,105.6
2024/2/16 8:15,1006.4,83.9,0,-0.7,6.3,,233,25.79,105.6
2024/2/16 8:30,1006.4,82.3,0,-0.3,6.5,,308,39.7,105.6
2024/2/16 8:45,1006.4,80.7,0,0.1,6.6,,386,56.18,105.6
2024/2/16 9:00,1006.4,79.6,0,0.6,6.7,,429,64.27,105.6
2024/2/16 9:15,1006.4,79.4,0,0.9,6.8,,447,72.11,105.6
2024/2/16 9:30,1006.4,78.9,0,1.4,6.9,,491,78.57,105.6
2024/2/16 9:45,1006.4,77.9,0,1.8,7,,536,85.62,105.6
2024/2/16 10:00,1006.4,77.2,0,2.2,7.2,,577,61.84,105.6
2024/2/16 10:15,1006.4,77.4,0,2.6,7.3,,612,38.5,105.6
2024/2/16 10:30,1006.4,77.1,0,3,7.4,,644,26.86,105.6
2024/2/16 10:45,1006.5,75.4,0,3.4,7.5,,668,10.74,105.6
2024/2/16 11:00,1006.5,73.8,0,3.8,7.6,,691,10.74,105.6
2024/2/16 11:15,1006.5,72.7,0,4.1,7.7,,712,10.79,105.6
2024/2/16 11:30,1006.5,71.8,0,4.5,7.8,,726,10.79,105.6
2024/2/16 11:45,1006.5,70.4,0,4.8,7.9,,739,10.84,105.6
2024/2/16 12:00,1006.5,68.5,0,5,7.9,,749,10.85,105.6
2024/2/16 12:15,1006.5,67.2,0,5.2,8,,747,10.84,105.6
2024/2/16 12:30,1006.5,67.9,0,5.4,8,,751,10.86,105.6
2024/2/16 12:45,1006.5,68.4,0,5.6,8,,759,10.86,105.6
2024/2/16 13:00,1006.5,68.4,0,5.8,8.1,,736,10.46,105.6
2024/2/16 13:15,1006.5,67.2,0,6,8.1,,719,22.45,105.6
2024/2/16 13:30,1006.5,65.3,0,6.2,8.1,,708,32.1,105.6
2024/2/16 13:45,1006.5,61.9,0,6.3,8.1,,673,32.05,105.6
2024/2/16 14:00,1006.5,61.5,0,6.3,8.2,,654,31.96,105.6
2024/2/16 14:15,1006.5,62.8,0,6.4,8.2,,609,31.63,105.6
2024/2/16 14:30,1006.5,64.1,0,6.5,8.1,,588,31.34,105.6
2024/2/16 14:45,1006.5,65.2,0,6.5,8.1,,555,30.67,105.6
2024/2/16 15:00,1006.5,65.9,0,6.6,8.1,,520,23.75,105.6
2024/2/16 15:15,1006.5,66.2,0,6.6,8.1,,467,10.13,105.6
2024/2/16 15:30,1006.5,66.6,0,6.6,8,,417,9.82,105.6
2024/2/16 15:45,1006.5,66.6,0,6.6,8,,360,10.15,105.6
2024/2/16 16:00,1006.5,65.7,0,6.6,8.1,,304,10.18,105.6
2024/2/16 16:15,1006.5,65.1,0,6.4,8.1,,251,10.16,105.6
2024/2/16 16:30,1006.5,65.8,0,6.3,8.1,,192,16.19,105.6
2024/2/16 16:45,1006.5,67.5,0,6.1,8.1,,133,15.49,105.6
2024/2/16 17:00,1006.5,70.5,0,5.9,8.1,,89,9.94,105.6
2024/2/16 17:15,1006.5,74,0,5.5,8.1,,43,4.2,105.6
2024/2/16 17:30,1006.5,77.8,0,5.2,8.1,,15,2.04,105.6
2024/2/16 17:45,1006.4,81.5,0,5,8.2,,0,0,105.6
2024/2/16 18:00,1006.4,84.6,0,4.7,8.2,,0,0,105.6
2024/2/16 18:15,1006.4,85.5,0,4.4,8.3,,0,0,105.6
2024/2/16 18:30,1006.4,83.9,0,4.2,8.3,,0,0,105.6
2024/2/16 18:45,1006.4,83.2,0,4,8.3,,0,0,105.6
2024/2/16 19:00,1006.4,83,0,3.8,8.4,,0,0,105.6
2024/2/16 19:15,1006.4,83.1,0,3.6,8.4,,0,0,105.6
2024/2/16 19:30,1006.4,83.9,0,3.4,8.5,,0,0,105.6
2024/2/16 19:45,1006.4,84.4,0,3.2,8.5,,0,0,105.6
2024/2/16 20:00,1006.4,84.8,0,3.1,8.6,,0,0,105.6
2024/2/16 20:15,1006.4,85.1,0,2.9,8.6,,0,0,105.6
2024/2/16 20:30,1006.4,85.6,0,2.8,8.7,,0,0,105.6
2024/2/16 20:45,1006.4,86.4,0,2.7,8.8,,0,0,105.6
2024/2/16 21:00,1006.4,87,0,2.6,8.9,,0,0,105.6
2024/2/16 21:15,1006.4,87.6,0,2.5,8.9,,0,0,105.6
2024/2/16 21:30,1006.4,88.3,0,2.5,9,,0,0,105.6
2024/2/16 21:45,1006.4,89,0,2.4,9,,0,0,105.6
2024/2/16 22:00,1006.4,89.7,0,2.4,9,,0,0,105.6
2024/2/16 22:15,1006.4,90.3,0,2.3,9,,0,0,105.6
2024/2/16 22:30,1006.4,90.9,0,2.3,9,,0,0,105.6
2024/2/16 22:45,1006.4,91.4,0,2.3,9,,0,0,105.6
2024/2/16 23:00,1006.4,91.8,0,2.3,9,,0,0,105.6
2024/2/16 23:15,1006.4,92.3,0,2.2,9,,0,0,105.6
2024/2/16 23:30,1006.4,92.6,0,2.2,9,,0,0,105.6
2024/2/16 23:45,1006.4,92.6,0,2.2,9,,0,0,105.6
2024/2/17 0:00,1006.4,89.6,0,1.8,8.8,,0,0,105.6
2024/2/17 0:15,1006.4,89.7,0,1.8,8.7,,0,0,105.6
2024/2/17 0:30,1006.4,89.7,0,1.8,8.7,,0,0,105.6
2024/2/17 0:45,1006.4,89.7,0,1.7,8.6,,0,0,105.6
2024/2/17 1:00,1006.4,89.7,0,1.7,8.6,,0,0,105.6
2024/2/17 1:15,1006.4,89.7,0,1.7,8.5,,0,0,105.6
2024/2/17 1:30,1006.4,89.6,0,1.7,8.5,,0,0,105.6
2024/2/17 1:45,1006.4,89.6,0,1.6,8.5,,0,0,105.6
2024/2/17 2:00,1006.4,89.6,0,1.6,8.4,,0,0,105.6
2024/2/17 2:15,1006.4,89.6,0,1.6,8.4,,0,0,105.6
2024/2/17 2:30,1006.4,89.6,0,1.6,8.4,,0,0,105.6
2024/2/17 2:45,1006.4,89.7,0,1.6,8.4,,0,0,105.6
2024/2/17 3:00,1006.4,89.9,0,1.6,8.3,,0,0,105.6
2024/2/17 3:15,1006.3,90.1,0,1.5,8.3,,0,0,105.6
2024/2/17 3:30,1006.3,90.3,0,1.5,8.3,,0,0,105.6
2024/2/17 3:45,1006.3,90.7,0,1.5,8.3,,0,0,105.6
2024/2/17 4:00,1006.3,91.6,0,1.5,8.3,,0,0,105.6
2024/2/17 4:15,1006.3,92.2,0,1.4,8.4,,0,0,105.6
2024/2/17 4:30,1006.3,92.4,0,1.4,8.4,,0,0,105.6
2024/2/17 4:45,1006.3,92.3,0,1.5,8.4,,0,0,105.6
2024/2/17 5:00,1006.3,92.3,0,1.5,8.4,,0,0,105.6
2024/2/17 5:15,1006.3,92.3,0,1.5,8.5,,0,0,105.6
2024/2/17 5:30,1006.3,92.4,0,1.5,8.5,,0,0,105.6
2024/2/17 5:45,1006.3,92.5,0,1.5,8.5,,0,0,105.6
2024/2/17 6:00,1006.3,92.6,0,1.5,8.5,,0,0,105.6
2024/2/17 6:15,1006.3,92.8,0,1.5,8.5,,0,0,105.6
2024/2/17 6:30,1006.3,93,0,1.5,8.6,,0,0,105.6
2024/2/17 6:45,1006.3,93.2,0,1.5,8.6,,0,0,105.6
2024/2/17 7:00,1006.3,93.5,0,1.5,8.6,,7,1.35,105.6
2024/2/17 7:15,1006.3,93.7,0,1.5,8.7,,29,3.56,105.6
2024/2/17 7:30,1006.3,93.9,0,1.5,8.7,,64,7.42,105.6
2024/2/17 7:45,1006.3,93.9,0,1.6,8.7,,115,13.95,105.6
2024/2/17 8:00,1006.4,93.9,0,1.7,8.7,,155,18.88,105.6
2024/2/17 8:15,1006.4,93.7,0,1.9,8.8,,225,25.34,105.6
2024/2/17 8:30,1006.4,93.4,0,2.1,8.8,,293,40.57,105.6
2024/2/17 8:45,1006.4,93,0,2.3,8.8,,352,52.3,105.6
2024/2/17 9:00,1006.4,92.4,0,2.5,8.8,,377,60.1,105.6
2024/2/17 9:15,1006.4,91.6,0,2.8,8.8,,429,68.56,105.6
2024/2/17 9:30,1006.4,90.9,0,3,8.8,,474,75.49,105.6
2024/2/17 9:45,1006.4,90.4,0,3.3,8.9,,524,82.43,105.6
2024/2/17 10:00,1006.4,89.1,0,3.6,8.9,,565,54.6,105.6
2024/2/17 10:15,1006.4,87.5,0,4.1,8.9,,597,25.17,105.6
2024/2/17 10:30,1006.4,85.7,0,4.5,8.9,,628,13.62,105.6
2024/2/17 10:45,1006.4,84.1,0,4.9,8.9,,648,10.6,105.6
2024/2/17 11:00,1006.4,83,0,5.4,9,,669,10.68,105.6
2024/2/17 11:15,1006.4,81.6,0,5.8,9,,696,10.74,105.6
2024/2/17 11:30,1006.4,80.9,0,6.1,9,,703,10.77,105.6
2024/2/17 11:45,1006.4,80.3,0,6.4,9,,715,10.81,105.6
2024/2/17 12:00,1006.4,79.7,0,6.6,9,,721,10.84,105.6
2024/2/17 12:15,1006.4,79.2,0,6.9,9,,732,10.82,105.6
2024/2/17 12:30,1006.4,78.9,0,7.1,9,,718,10.83,105.6
2024/2/17 12:45,1006.4,78.7,0,7.2,9,,707,10.83,105.6
2024/2/17 13:00,1006.4,78.6,0,7.4,9,,698,10.83,105.6
2024/2/17 13:15,1006.5,78.6,0,7.5,9,,688,10.81,105.6
2024/2/17 13:30,1006.5,78.6,0,7.6,9,,659,10.72,105.6
2024/2/17 13:45,1006.5,78.7,0,7.7,9,,660,10.68,105.6
2024/2/17 14:00,1006.5,78.7,0,7.8,8.9,,636,10.44,105.6
2024/2/17 14:15,1006.5,78.7,0,7.8,8.9,,614,9.96,105.6
2024/2/17 14:30,1006.5,78.4,0,7.8,8.9,,580,9.97,105.6
2024/2/17 14:45,1006.5,78.1,0,7.8,8.8,,525,10.1,105.6
2024/2/17 15:00,1006.5,77.8,0,7.8,8.8,,507,10.16,105.6
2024/2/17 15:15,1006.5,77.7,0,7.8,8.8,,442,10.02,105.6
2024/2/17 15:30,1006.5,77.9,0,7.8,8.7,,403,10.23,105.6
2024/2/17 15:45,1006.5,78.6,0,7.7,8.7,,340,10.07,105.6
2024/2/17 16:00,1006.4,79.3,0,7.6,8.6,,301,9.93,105.6
2024/2/17 16:15,1006.4,80.1,0,7.4,8.6,,238,30.51,105.6
2024/2/17 16:30,1006.4,80.8,0,7.2,8.6,,184,20.9,105.6
2024/2/17 16:45,1006.4,81.4,0,6.9,8.5,,132,14.91,105.6
2024/2/17 17:00,1006.4,82.1,0,6.6,8.5,,92,10.42,105.6
2024/2/17 17:15,1006.4,83.1,0,6.3,8.5,,48,4.3,105.6
2024/2/17 17:30,1006.4,84.4,0,6,8.4,,16,2.16,105.6
2024/2/17 17:45,1006.4,85.5,0,5.6,8.4,,0,0.64,105.6
2024/2/17 18:00,1006.4,86.5,0,5.4,8.3,,0,0,105.6
2024/2/17 18:15,1006.4,87.2,0,5.1,8.3,,0,0,105.6
2024/2/17 18:30,1006.4,87.8,0,4.9,8.2,,0,0,105.6
2024/2/17 18:45,1006.4,88.6,0,4.8,8.2,,0,0,105.6
2024/2/17 19:00,1006.4,89.4,0,4.7,8.2,,0,0,105.6
2024/2/17 19:15,1006.4,90.1,0,4.5,8.2,,0,0,105.6
2024/2/17 19:30,1006.4,90.7,0,4.4,8.1,,0,0,105.6
2024/2/17 19:45,1006.4,91.3,0,4.4,8.1,,0,0,105.6
2024/2/17 20:00,1006.4,91.8,0,4.3,8.1,,0,0,105.6
2024/2/17 20:15,1006.4,92.2,0,4.2,8.1,,0,0,105.6
2024/2/17 20:30,1006.4,92.7,0,4.2,8.1,,0,0,105.6
2024/2/17 20:45,1006.4,93,0,4.2,8.1,,0,0,105.6
2024/2/17 21:00,1006.4,93.3,0,4.2,8,,0,0,105.6
2024/2/17 21:15,1006.4,93.7,0,4.2,8,,0,0,105.6
2024/2/17 21:30,1006.4,94,0,4.2,8,,0,0,105.6
2024/2/17 21:45,1006.4,94.3,0,4.2,8,,0,0,105.6
2024/2/17 22:00,1006.4,94.5,0,4.2,7.9,,0,0,105.6
2024/2/17 22:15,1006.4,94.8,0,4.3,7.9,,0,0,105.6
2024/2/17 22:30,1006.4,95.1,0,4.3,7.9,,0,0,105.6
2024/2/17 22:45,1006.4,95.4,0,4.3,7.8,,0,0,105.6
2024/2/17 23:00,1006.4,95.7,0,4.3,7.8,,0,0,105.6
2024/2/17 23:15,1006.4,96,0,4.3,7.8,,0,0,105.6
2024/2/17 23:30,1006.4,96.5,0,4.3,7.7,,0,0,105.6
2024/2/17 23:45,1006.4,96.9,0,4.3,7.7,,0,0,105.6
2024/2/18 0:00,1006.4,97.9,0,5.1,7.6,,0,0,105.6
2024/2/18 0:15,1006.4,98.4,0,5.1,7.6,,0,0,105.6
2024/2/18 0:30,1006.4,98.8,0,5.1,7.6,,0,0,105.6
2024/2/18 0:45,1006.4,99,0,5.1,7.6,,0,0,105.6
2024/2/18 1:00,1006.4,99.1,0,5.1,7.6,,0,0,105.6
2024/2/18 1:15,1006.4,99.2,0,5.1,7.6,,0,0,105.6
2024/2/18 1:30,1006.4,99.3,0,5.1,7.6,,0,0,105.6
2024/2/18 1:45,1006.4,99.4,0,5.1,7.6,,0,0,105.6
2024/2/18 2:00,1006.4,99.5,0,5.2,7.6,,0,0,105.6
2024/2/18 2:15,1006.4,99.6,0,5.2,7.6,,0,0,105.6
2024/2/18 2:30,1006.4,99.8,0,5.2,7.6,,0,0,105.6
2024/2/18 2:45,1006.4,100,0.2,5.2,7.6,,0,0,105.6
2024/2/18 3:00,1006.4,100,0.2,5.2,7.6,,0,0,105.6
2024/2/18 3:15,1006.4,100,0.3,5.2,7.6,,0,0,105.6
2024/2/18 3:30,1006.4,100,0.3,5.3,7.6,,0,0,105.6
2024/2/18 3:45,1006.4,100,0.3,5.3,7.6,,0,0,105.6
2024/2/18 4:00,1006.4,99.9,0.3,5.4,7.6,,0,0,105.6
2024/2/18 4:15,1006.4,99.9,0.3,5.4,7.7,,0,0,105.6
2024/2/18 4:30,1006.4,99.8,0.3,5.5,7.7,,0,0,105.6
2024/2/18 4:45,1006.4,99.8,0.3,5.5,7.7,,0,0,105.6
2024/2/18 5:00,1006.4,99.7,0.3,5.5,7.6,,0,0,105.6
2024/2/18 5:15,1006.4,99.6,0.3,5.6,7.6,,0,0,105.6
2024/2/18 5:30,1006.4,99.5,0.3,5.6,7.6,,0,0,105.6
2024/2/18 5:45,1006.4,99.3,0.3,5.6,7.6,,0,0,105.6
2024/2/18 6:00,1006.4,99.1,0.5,5.6,7.5,,0,0,105.6
2024/2/18 6:15,1006.4,98.9,0.7,5.7,7.5,,0,0,105.6
2024/2/18 6:30,1006.4,98.7,0.8,5.9,7.4,,0,0,105.6
2024/2/18 6:45,1006.4,98.2,0.7,6,7.4,,0,0,105.6
2024/2/18 7:00,1006.4,97.8,0.6,6.1,7.3,,1,0.33,105.6
2024/2/18 7:15,1006.4,97.4,0.4,6.2,7.3,,7,1.23,105.6
2024/2/18 7:30,1006.4,97.1,0.5,6.1,7.2,,14,1.82,105.6
2024/2/18 7:45,1006.4,96.9,0.5,6.2,7.1,,24,3.48,105.6
2024/2/18 8:00,1006.4,97,0.2,6.4,7,,58,5.7,105.6
2024/2/18 8:15,1006.4,97,0.3,6.5,6.9,,58,7.15,105.6
2024/2/18 8:30,1006.4,97.2,0.6,6.5,6.8,,61,7.49,105.6
2024/2/18 8:45,1006.4,97.3,0.5,6.6,6.8,,66,7.87,105.6
2024/2/18 9:00,1006.4,97,0.2,6.8,6.7,,78,9.52,105.6
2024/2/18 9:15,1006.4,96.7,0.3,7,6.7,,84,8.18,105.6
2024/2/18 9:30,1006.4,96.2,0.3,7.1,6.6,,47,8.25,105.6
2024/2/18 9:45,1006.4,95.7,0.2,7.2,6.5,,54,7.42,105.6
2024/2/18 10:00,1006.4,95.5,0.3,7.3,6.4,,100,14.02,105.6
2024/2/18 10:15,1006.4,95.3,0.1,7.7,6.3,,84,12.83,105.6
2024/2/18 10:30,1006.4,95,0.5,7.7,6.2,,174,20.91,105.6
2024/2/18 10:45,1006.4,94.4,0.4,7.8,6.2,,153,16.01,105.6
2024/2/18 11:00,1006.4,94.3,0.4,7.8,6.1,,139,18.15,105.6
2024/2/18 11:15,1006.4,94.1,0.6,7.8,6.1,,173,22.59,105.6
2024/2/18 11:30,1006.4,93.8,0.2,8,6.1,,194,22.59,105.6
2024/2/18 11:45,1006.4,93.5,0.5,8.1,6.1,,169,21.72,105.6
2024/2/18 12:00,1006.4,93.7,0.5,8.1,6.1,,169,21.61,105.6
2024/2/18 12:15,1006.4,93.5,0.5,8.3,6.1,,241,25.87,105.6
2024/2/18 12:30,1006.4,93.6,0.4,8.4,6.1,,209,24.6,105.6
2024/2/18 12:45,1006.4,93.5,0.6,8.6,6.1,,115,14.45,105.6
2024/2/18 13:00,1006.4,93.7,0.5,8.7,6.1,,137,18.22,105.6
2024/2/18 13:15,1006.4,93.6,0.7,8.9,6.1,,145,17.98,105.6
2024/2/18 13:30,1006.4,93.4,0.2,9.1,6,,141,17.49,105.6
2024/2/18 13:45,1006.4,93,0,9.2,6,,191,25.35,105.6
2024/2/18 14:00,1006.4,92.4,0.4,9.4,5.9,,191,23.74,105.6
2024/2/18 14:15,1006.4,92.2,0.2,9.6,5.7,,111,18.15,105.6
2024/2/18 14:30,1006.4,91.2,0.3,10,5.6,,109,14.91,105.6
2024/2/18 14:45,1006.4,90.5,0.1,10.2,5.5,,48,9.82,105.6
2024/2/18 15:00,1006.4,90.2,0.3,10.3,5.4,,76,11.49,105.6
2024/2/18 15:15,1006.4,90.5,0.4,10.3,5.3,,100,12.52,105.6
2024/2/18 15:30,1006.4,90.6,0.2,10.5,5.2,,36,4.27,105.6
2024/2/18 15:45,1006.4,91.1,0.3,10.4,5.1,,24,2.96,105.6
2024/2/18 16:00,1006.4,91.9,0.4,10.5,5,,32,5.83,105.6
2024/2/18 16:15,1006.4,92.7,0.4,10.5,4.9,,14,1.11,105.6
2024/2/18 16:30,1006.4,93.2,0.5,10.4,4.8,,6,0.78,105.6
2024/2/18 16:45,1006.4,93.8,0.6,10.4,4.7,,7,1.54,105.6
2024/2/18 17:00,1006.4,94.6,0.9,10.4,4.6,,24,1.57,105.6
2024/2/18 17:15,1006.4,95,0.6,10.2,4.4,,1,0.34,105.6
2024/2/18 17:30,1006.4,95.5,0.7,10.1,4.3,,1,0.27,105.6
2024/2/18 17:45,1006.4,95.9,0.5,9.9,4.1,,1,0.13,105.6
2024/2/18 18:00,1006.4,97.4,0.6,9.4,4,,0,0,105.6
2024/2/18 18:15,1006.4,97.6,0.5,9.2,3.9,,0,0,105.6
2024/2/18 18:30,1006.4,98.1,0.3,9.3,3.7,,0,0,105.6
2024/2/18 18:45,1006.4,98.2,0.4,9.4,3.6,,0,0,105.6
2024/2/18 19:00,1006.4,98.7,0.7,9.3,3.5,,0,0,105.6
2024/2/18 19:15,1006.4,98.9,0.4,9.5,3.4,,0,0,105.6
2024/2/18 19:30,1006.4,99.1,0.5,9.4,3.3,,0,0,105.6
2024/2/18 19:45,1006.4,99.2,0.3,9.4,3.3,,0,0,105.6
2024/2/18 20:00,1006.4,99.2,0.3,9.4,3.4,,0,0,105.6
2024/2/18 20:15,1006.4,99.1,0.3,9.3,3.4,,0,0,105.6
2024/2/18 20:30,1006.4,98.7,0.3,9.4,3.5,,0,0,105.6
2024/2/18 20:45,1006.4,98.9,0.2,9.3,3.6,,0,0,105.6
2024/2/18 21:00,1006.4,99.2,0.3,9.2,3.6,,0,0,105.6
2024/2/18 21:15,1006.4,99.2,0.3,9.2,3.7,,0,0,105.6
2024/2/18 21:30,1006.4,99.2,0.2,9.1,3.8,,0,0,105.6
2024/2/18 21:45,1006.4,99.1,0.3,9.1,3.8,,0,0,105.6
2024/2/18 22:00,1006.4,99.1,0.2,9.2,3.9,,0,0,105.6
2024/2/18 22:15,1006.4,99.5,0.5,8.9,4.1,,0,0,105.6
2024/2/18 22:30,1006.4,99.7,0.4,7.4,4.3,,0,0,105.6
2024/2/18 22:45,1006.4,99.7,0.3,6.9,4.5,,0,0,105.6
2024/2/18 23:00,1006.4,99.7,0.5,6.5,4.7,,0,0,105.6
2024/2/18 23:15,1006.4,99.7,0.3,6.4,5,,0,0,105.6
2024/2/18 23:30,1006.3,99.9,0.3,4.7,5.3,,0,0,105.6
2024/2/18 23:45,1006.3,99.7,0.4,4.2,5.6,,0,0,105.6
2024/2/19 0:00,1006.3,99.7,0,3.5,6.6,,0,0,105.6
2024/2/19 0:15,1006.3,99.6,0.2,3.4,6.9,,0,0,105.6
2024/2/19 0:30,1006.3,99.2,0,3.3,7.3,,0,0,105.6
2024/2/19 0:45,1006.3,99.1,0,3.2,7.7,,0,0,105.6
2024/2/19 1:00,1006.3,98.8,0.2,3.2,8.1,,0,0,105.6
2024/2/19 1:15,1006.3,98.6,0.3,3.1,8.6,,0,0,105.6
2024/2/19 1:30,1006.3,98.4,0.1,3.1,9.1,,0,0,105.6
2024/2/19 1:45,1006.3,98,0,3.2,9.4,,0,0,105.6
2024/2/19 2:00,1006.3,97.5,0.1,3.2,9.7,,0,0,105.6
2024/2/19 2:15,1006.3,96.9,0.1,3.2,10,,0,0,105.6
2024/2/19 2:30,1006.3,96.3,0.2,3.1,10.4,,0,0,105.6
2024/2/19 2:45,1006.3,95.5,0.2,3.1,10.7,,0,0,105.6
2024/2/19 3:00,1006.3,94.8,0.2,3,11.1,,0,0,105.6
2024/2/19 3:15,1006.3,94,0.2,2.9,11.4,,0,0,105.6
2024/2/19 3:30,1006.3,93.5,0.2,2.7,11.8,,0,0,105.6
2024/2/19 3:45,1006.3,93.2,0.4,2.5,12.1,,0,0,105.6
2024/2/19 4:00,1006.3,93.3,0.4,2.4,12.5,,0,0,105.6
2024/2/19 4:15,1006.3,93.1,0.5,2.3,12.8,,0,0,105.6
2024/2/19 4:30,1006.3,92.3,0.7,2.3,13.2,,0,0,105.6
2024/2/19 4:45,1006.3,91.8,0.8,2.2,13.5,,0,0,105.6
2024/2/19 5:00,1006.3,92,0.3,2.2,13.7,,0,0,105.6
2024/2/19 5:15,1006.3,92.1,0.2,2.1,14,,0,0,105.6
2024/2/19 5:30,1006.3,92.4,0.4,2,14.2,,0,0,105.6
2024/2/19 5:45,1006.3,91.8,0.4,1.9,14.4,,0,0,105.6
2024/2/19 6:00,1006.3,91,0.2,1.9,14.6,,0,0,105.6
2024/2/19 6:15,1006.3,90.6,0.6,1.8,14.7,,0,0,105.6
2024/2/19 6:30,1006.3,89.8,0.7,1.8,14.8,,0,0,105.6
2024/2/19 6:45,1006.4,89.1,0.8,1.7,14.9,,1,0,105.6
2024/2/19 7:00,1006.4,88.3,0.6,1.6,14.9,,0,0.33,105.6
2024/2/19 7:15,1006.4,87.7,0.5,1.6,14.9,,9,1.26,105.6
2024/2/19 7:30,1006.4,86.8,0.7,1.5,14.9,,45,6.14,105.6
2024/2/19 7:45,1006.4,85.4,0.5,1.5,14.9,,56,6.15,105.6
2024/2/19 8:00,1006.4,82.6,0.5,1.4,14.9,,84,12.74,105.6
2024/2/19 8:15,1006.4,79.6,0.4,1.5,15,,220,26.5,105.6
2024/2/19 8:30,1006.4,76.6,0.3,1.5,15,,287,28.02,105.6
2024/2/19 8:45,1006.4,74.5,0.2,1.5,15,,126,19.53,105.6
2024/2/19 9:00,1006.4,73.2,0,1.6,14.9,,310,49.4,105.6
2024/2/19 9:15,1006.4,71.9,0,1.6,14.9,,336,49.09,105.6
2024/2/19 9:30,1006.4,70.7,0,1.6,14.8,,241,49.78,105.6
2024/2/19 9:45,1006.4,70.4,0,1.6,14.7,,181,22.25,105.6
2024/2/19 10:00,1006.4,70.2,0,1.5,14.6,,249,29.33,105.6
2024/2/19 10:15,1006.4,69.6,0,1.5,14.5,,229,30.52,105.6
2024/2/19 10:30,1006.4,68.4,0,1.4,14.4,,348,60.11,105.6
2024/2/19 10:45,1006.4,67.3,0,1.3,14.3,,282,36.11,105.6
2024/2/19 11:00,1006.4,67.3,0,1.2,14.1,,355,41.07,105.6
2024/2/19 11:15,1006.4,68.1,0,1.1,14,,274,28.06,105.6
2024/2/19 11:30,1006.4,69.2,0,1,13.9,,232,28.74,105.6
2024/2/19 11:45,1006.4,70.2,0,1,13.8,,252,32.86,105.6
2024/2/19 12:00,1006.4,70.3,0,0.9,13.7,,188,27.89,105.6
2024/2/19 12:15,1006.4,70.5,0,0.8,13.6,,263,28.08,105.6
2024/2/19 12:30,1006.4,70.4,0,0.8,13.5,,285,44.42,105.6
2024/2/19 12:45,1006.4,70.9,0,0.7,13.5,,431,51.74,105.6
2024/2/19 13:00,1006.4,70.1,0,0.7,13.4,,368,56.06,105.6
2024/2/19 13:15,1006.4,71.3,0,0.6,13.3,,357,70.32,105.6
2024/2/19 13:30,1006.4,71.8,0,0.6,13.3,,374,53.32,105.6
2024/2/19 13:45,1006.4,72.2,0,0.5,13.2,,659,95.04,105.6
2024/2/19 14:00,1006.4,72.7,0,0.4,13.1,,569,89.16,105.6
2024/2/19 14:15,1006.4,73,0,0.3,13,,380,82.01,105.6
2024/2/19 14:30,1006.4,73.2,0,0.3,12.9,,245,41.65,105.6
2024/2/19 14:45,1006.4,73.2,0,0.2,12.8,,217,24.84,105.6
2024/2/19 15:00,1006.4,73.1,0,0.1,12.7,,144,17.59,105.6
2024/2/19 15:15,1006.4,72.8,0,0,12.6,,135,17.44,105.6
2024/2/19 15:30,1006.4,73,0,-0.1,12.5,,99,10.65,105.6
2024/2/19 15:45,1006.4,73.2,0,-0.1,12.4,,136,16.16,105.6
2024/2/19 16:00,1006.4,73.4,0,-0.2,12.3,,71,9.58,105.6
2024/2/19 16:15,1006.4,73.4,0,-0.3,12.3,,55,7.38,105.6
2024/2/19 16:30,1006.4,73.5,0,-0.3,12.2,,44,5.91,105.6
2024/2/19 16:45,1006.4,73.8,0,-0.4,12.2,,42,6.23,105.6
2024/2/19 17:00,1006.4,74,0,-0.4,12.1,,16,2.23,105.6
2024/2/19 17:15,1006.4,74.2,0,-0.4,12.1,,10,1.29,105.6
2024/2/19 17:30,1006.4,74.5,0,-0.5,12,,1,0.55,105.6
2024/2/19 17:45,1006.4,74.7,0,-0.5,11.9,,0,0.17,105.6
2024/2/19 18:00,1006.4,75,0,-0.5,11.8,,0,0,105.6
2024/2/19 18:15,1006.4,75.1,0,-0.5,11.8,,0,0,105.6
2024/2/19 18:30,1006.4,75.3,0,-0.6,11.7,,0,0,105.6
2024/2/19 18:45,1006.4,75.4,0,-0.6,11.6,,0,0,105.6
2024/2/19 19:00,1006.4,75.5,0,-0.6,11.6,,0,0,105.6
2024/2/19 19:15,1006.4,75.3,0,-0.6,11.5,,0,0,105.6
2024/2/19 19:30,1006.4,74.9,0,-0.6,11.5,,0,0,105.6
2024/2/19 19:45,1006.4,74.6,0,-0.6,11.4,,0,0,105.6
2024/2/19 20:00,1006.4,74.2,0,-0.6,11.4,,0,0,105.6
2024/2/19 20:15,1006.4,73.9,0,-0.6,11.3,,0,0,105.6
2024/2/19 20:30,1006.4,73.6,0,-0.6,11.3,,0,0,105.6
2024/2/19 20:45,1006.4,72.5,0,-0.6,11.2,,0,0,105.6
2024/2/19 21:00,1006.4,71.2,0,-0.6,11.1,,0,0,105.6
2024/2/19 21:15,1006.4,70.6,0,-0.7,11,,0,0,105.6
2024/2/19 21:30,1006.4,70.5,0,-0.7,11,,0,0,105.6
2024/2/19 21:45,1006.4,70.7,0,-0.7,10.9,,0,0,105.6
2024/2/19 22:00,1006.4,71.1,0,-0.7,10.9,,0,0,105.6
2024/2/19 22:15,1006.4,71.6,0,-0.8,10.8,,0,0,105.6
2024/2/19 22:30,1006.4,71.9,0,-0.8,10.8,,0,0,105.6
2024/2/19 22:45,1006.4,72.2,0,-0.8,10.7,,0,0,105.6
2024/2/19 23:00,1006.4,72.5,0,-0.8,10.7,,0,0,105.6
2024/2/19 23:15,1006.4,72.7,0,-0.9,10.6,,0,0,105.6
2024/2/19 23:30,1006.4,72.8,0,-0.9,10.6,,0,0,105.6
2024/2/19 23:45,1006.4,73,0,-0.9,10.6,,0,0,105.6
2024/2/20 0:00,1006.4,66.3,0,-0.9,10.4,,0,0,105.6
2024/2/20 0:15,1006.4,66.1,0,-0.9,10.4,,0,0,105.6
2024/2/20 0:30,1006.4,66,0,-0.9,10.4,,0,0,105.6
2024/2/20 0:45,1006.4,65.9,0,-0.9,10.3,,0,0,105.6
2024/2/20 1:00,1006.4,65.9,0,-1,10.3,,0,0,105.6
2024/2/20 1:15,1006.4,66,0,-1,10.3,,0,0,105.6
2024/2/20 1:30,1006.4,66.3,0.1,-1.1,10.3,,0,0,105.6
2024/2/20 1:45,1006.4,66.7,0.1,-1.1,10.3,,0,0,105.6
2024/2/20 2:00,1006.4,66.7,0.2,-1.2,10.3,,0,0,105.6
2024/2/20 2:15,1006.4,67,0.3,-1.2,10.4,,0,0,105.6
2024/2/20 2:30,1006.4,67.3,0.3,-1.3,10.4,,0,0,105.6
2024/2/20 2:45,1006.4,67.5,0.4,-1.3,10.4,,0,0,105.6
2024/2/20 3:00,1006.4,67.7,0.4,-1.4,10.5,,0,0,105.6
2024/2/20 3:15,1006.4,67.8,0.4,-1.4,10.5,,0,0,105.6
2024/2/20 3:30,1006.4,67.6,0.3,-1.5,10.5,,0,0,105.6
2024/2/20 3:45,1006.4,67.5,0.3,-1.5,10.6,,0,0,105.6
2024/2/20 4:00,1006.4,67.1,0.3,-1.6,10.6,,0,0,105.6
2024/2/20 4:15,1006.4,66.4,0.3,-1.6,10.6,,0,0,105.6
2024/2/20 4:30,1006.4,65.8,0.3,-1.6,10.7,,0,0,105.6
2024/2/20 4:45,1006.4,65.5,0.3,-1.7,10.7,,0,0,105.6
2024/2/20 5:00,1006.4,65.2,0.3,-1.7,10.8,,0,0,105.6
2024/2/20 5:15,1006.4,65,0.3,-1.8,10.8,,0,0,105.6
2024/2/20 5:30,1006.4,65,0.3,-1.8,10.8,,0,0,105.6
2024/2/20 5:45,1006.4,65.1,0.3,-1.9,10.9,,0,0,105.6
2024/2/20 6:00,1006.4,65.3,0.3,-1.9,10.9,,0,0,105.6
2024/2/20 6:15,1006.4,65.6,0.3,-2,11,,0,0,105.6
2024/2/20 6:30,1006.4,65.9,0.3,-2,11.1,,0,0,105.6
2024/2/20 6:45,1006.4,66.2,0.3,-2.1,11.1,,0,0,105.6
2024/2/20 7:00,1006.4,66.5,0.4,-2.2,11.2,,2,0.56,105.6
2024/2/20 7:15,1006.4,67,0.4,-2.2,11.3,,9,1.45,105.6
2024/2/20 7:30,1006.4,67.6,0.6,-2.3,11.3,,7,1.31,105.6
2024/2/20 7:45,1006.4,68,0.6,-2.3,11.4,,14,2.34,105.6
2024/2/20 8:00,1006.4,68.3,0.5,-2.4,11.4,,22,3.11,105.6
2024/2/20 8:15,1006.4,68.2,0.5,-2.4,11.4,,38,5.4,105.6
2024/2/20 8:30,1006.4,67.9,0.5,-2.3,11.5,,32,4.41,105.6
2024/2/20 8:45,1006.4,67.5,0.5,-2.3,11.5,,53,7.82,105.6
2024/2/20 9:00,1006.4,67.3,0.6,-2.3,11.6,,64,10.02,105.6
2024/2/20 9:15,1006.4,66.3,0.8,-2.3,11.6,,59,9.06,105.6
2024/2/20 9:30,1006.4,65,0.8,-2.2,11.7,,87,9.17,105.6
2024/2/20 9:45,1006.4,63.9,0.8,-2.1,11.7,,94,12.47,105.6
2024/2/20 10:00,1006.4,62.7,0.8,-2.1,11.8,,104,13.36,105.6
2024/2/20 10:15,1006.4,61.3,0.7,-2,11.9,,99,14.82,105.6
2024/2/20 10:30,1006.4,60.7,0.7,-1.9,11.9,,112,14.7,105.6
2024/2/20 10:45,1006.4,61.5,0.7,-1.8,12,,104,14.16,105.6
2024/2/20 11:00,1006.4,61.5,0.8,-1.8,12.1,,109,13.99,105.6
2024/2/20 11:15,1006.4,61.4,0.9,-1.7,12.2,,59,8.15,105.6
2024/2/20 11:30,1006.4,61.2,1,-1.7,12.3,,96,12.4,105.6
2024/2/20 11:45,1006.4,61.7,0.9,-1.7,12.4,,82,11.8,105.6
2024/2/20 12:00,1006.4,61.8,0.9,-1.6,12.4,,90,12.26,105.6
2024/2/20 12:15,1006.4,62.3,0.9,-1.6,12.5,,81,10.98,105.6
2024/2/20 12:30,1006.4,63.5,0.9,-1.7,12.5,,150,18.53,105.6
2024/2/20 12:45,1006.4,64.1,0.8,-1.7,12.5,,204,29.99,105.6
2024/2/20 13:00,1006.4,65,0.8,-1.8,12.5,,219,24.28,105.6
2024/2/20 13:15,1006.4,65.5,1,-1.8,12.4,,149,20.89,105.6
2024/2/20 13:30,1006.4,65.9,1,-1.9,12.4,,97,12.89,105.6
2024/2/20 13:45,1006.4,66.8,1,-1.9,12.3,,88,12.27,105.6
2024/2/20 14:00,1006.4,69.4,1,-2,12.3,,125,17.29,105.6
2024/2/20 14:15,1006.4,74.1,1,-2.2,12.2,,176,19.37,105.6
2024/2/20 14:30,1006.4,78.1,0.9,-2.3,12.1,,133,18.26,105.6
2024/2/20 14:45,1006.4,80.5,1,-2.4,12,,109,13.59,105.6
2024/2/20 15:00,1006.4,83.1,1,-2.4,11.9,,84,11.35,105.6
2024/2/20 15:15,1006.4,85,1,-2.4,11.8,,55,10.43,105.6
2024/2/20 15:30,1006.4,85.5,1,-2.4,11.6,,66,6.65,105.6
2024/2/20 15:45,1006.4,85.8,1,-2.3,11.5,,55,5.98,105.6
2024/2/20 16:00,1006.4,86,1,-2.3,11.4,,43,4.86,105.6
2024/2/20 16:15,1006.4,86.5,1,-2.4,11.2,,23,3.16,105.6
2024/2/20 16:30,1006.4,87,1,-2.4,11.1,,17,2.1,105.6
2024/2/20 16:45,1006.4,87.4,1,-2.4,11,,9,1.6,105.6
2024/2/20 17:00,1006.4,87.8,1,-2.4,10.8,,11,1.81,105.6
2024/2/20 17:15,1006.4,88.2,1,-2.4,10.7,,11,1.86,105.6
2024/2/20 17:30,1006.4,88.5,1,-2.3,10.5,,6,0.91,105.6
2024/2/20 17:45,1006.4,88.7,1,-2.3,10.4,,0,0.22,105.6
2024/2/20 18:00,1006.4,88.6,1,-2.3,10.2,,0,0,105.6
2024/2/20 18:15,1006.4,88.5,1,-2.3,10.1,,0,0,105.6
2024/2/20 18:30,1006.4,88.2,1,-2.3,10,,0,0,105.6
2024/2/20 18:45,1006.4,88,1,-2.2,9.9,,0,0,105.6
2024/2/20 19:00,1006.4,88,1,-2.2,9.8,,0,0,105.6
2024/2/20 19:15,1006.4,87.8,1,-2.2,9.8,,0,0,105.6
2024/2/20 19:30,1006.4,87.7,0.9,-2.1,9.8,,0,0,105.6
2024/2/20 19:45,1006.4,87.5,0.8,-2.1,9.7,,0,0,105.6
2024/2/20 20:00,1006.4,87.4,0.8,-2,9.7,,0,0,105.6
2024/2/20 20:15,1006.4,87.2,1,-2,9.7,,0,0,105.6
2024/2/20 20:30,1006.4,86.7,1,-2,9.7,,0,0,105.6
2024/2/20 20:45,1006.4,86.7,1,-2,9.8,,0,0,105.6
2024/2/20 21:00,1006.4,88.1,0.9,-1.9,9.8,,0,0,105.6
2024/2/20 21:15,1006.4,88.9,0.7,-1.9,9.8,,0,0,105.6
2024/2/20 21:30,1006.4,88.6,0.8,-1.8,9.8,,0,0,105.6
2024/2/20 21:45,1006.4,88,0.8,-1.8,9.9,,0,0,105.6
2024/2/20 22:00,1006.4,87.3,0.8,-1.7,9.9,,0,0,105.6
2024/2/20 22:15,1006.4,86.4,0.9,-1.7,9.9,,0,0,105.6
2024/2/20 22:30,1006.4,85.8,1,-1.7,9.9,,0,0,105.6
2024/2/20 22:45,1006.4,85.4,1,-1.7,9.9,,0,0,105.6
2024/2/20 23:00,1006.4,85.7,0.9,-1.7,10,,0,0,105.6
2024/2/20 23:15,1006.4,85.9,0.9,-1.7,10,,0,0,105.6
2024/2/20 23:30,1006.4,85.4,1,-1.6,10.1,,0,0,105.6
2024/2/20 23:45,1006.4,83.1,1,-1.5,10.2,,0,0,105.6
2024/2/21 0:00,1006.4,90.2,1,-1.2,10.7,,0,0,105.6
2024/2/21 0:15,1006.4,90,1,-1.2,10.7,,0,0,105.6
2024/2/21 0:30,1006.4,89.6,1,-1.2,10.6,,0,0,105.6
2024/2/21 0:45,1006.4,89.9,1,-1.2,10.6,,0,0,105.6
2024/2/21 1:00,1006.4,89.8,1,-1.1,10.6,,0,0,105.6
2024/2/21 1:15,1006.4,89.4,1,-1.1,10.6,,0,0,105.6
2024/2/21 1:30,1006.4,89.1,1,-1.1,10.7,,0,0,105.6
2024/2/21 1:45,1006.4,88.7,1,-1.1,10.7,,0,0,105.6
2024/2/21 2:00,1006.4,88.8,1,-1,10.7,,0,0,105.6
2024/2/21 2:15,1006.4,89.1,1,-1,10.8,,0,0,105.6
2024/2/21 2:30,1006.4,89.9,1,-1,10.8,,0,0,105.6
2024/2/21 2:45,1006.4,90.7,1,-1,10.9,,0,0,105.6
2024/2/21 3:00,1006.4,90.9,1,-1,10.9,,0,0,105.6
2024/2/21 3:15,1006.4,91.2,1,-0.9,11,,0,0,105.6
2024/2/21 3:30,1006.4,90.9,1,-0.9,11,,0,0,105.6
2024/2/21 3:45,1006.4,90.4,1,-0.9,11.1,,0,0,105.6
2024/2/21 4:00,1006.4,90.3,1,-0.9,11.1,,0,0,105.6
2024/2/21 4:15,1006.4,90.9,0.9,-0.9,11.1,,0,0,105.6
2024/2/21 4:30,1006.4,92,0.8,-0.9,11.1,,0,0,105.6
2024/2/21 4:45,1006.4,92.5,0.8,-0.8,11.1,,0,0,105.6
2024/2/21 5:00,1006.4,92.7,0.8,-0.7,11.2,,0,0,105.6
2024/2/21 5:15,1006.4,92.6,0.9,-0.7,11.2,,0,0,105.6
2024/2/21 5:30,1006.4,92.8,1,-0.7,11.2,,0,0,105.6
2024/2/21 5:45,1006.4,92.9,1,-0.7,11.3,,0,0,105.6
2024/2/21 6:00,1006.4,92.9,1,-0.6,11.3,,0,0,105.6
2024/2/21 6:15,1006.4,92.8,1,-0.6,11.4,,0,0,105.6
2024/2/21 6:30,1006.4,92.7,1,-0.6,11.4,,0,0,105.6
2024/2/21 6:45,1006.4,92.7,1,-0.6,11.5,,0,0,105.6
2024/2/21 7:00,1006.4,92.6,1,-0.6,11.5,,2,0.35,105.6
2024/2/21 7:15,1006.4,92.4,1,-0.6,11.6,,7,0.91,105.6
2024/2/21 7:30,1006.4,92.5,1,-0.6,11.6,,9,1.43,105.6
2024/2/21 7:45,1006.4,92.5,1,-0.6,11.7,,18,2.12,105.6
2024/2/21 8:00,1006.4,92.2,1,-0.5,11.7,,22,2.25,105.6
2024/2/21 8:15,1006.4,92.2,1,-0.5,11.8,,27,3.06,105.6
2024/2/21 8:30,1006.4,91.8,1,-0.5,11.8,,35,3.85,105.6
2024/2/21 8:45,1006.4,91.8,1,-0.4,11.9,,29,3.28,105.6
2024/2/21 9:00,1006.4,91.8,1,-0.4,11.9,,39,4.44,105.6
2024/2/21 9:15,1006.4,91.6,1,-0.3,12,,27,3.67,105.6
2024/2/21 9:30,1006.4,91,1,-0.2,12,,43,5.28,105.6
2024/2/21 9:45,1006.4,90.1,1,-0.2,12,,48,7,105.6
2024/2/21 10:00,1006.4,90.1,1,-0.1,12,,58,6.32,105.6
2024/2/21 10:15,1006.4,90.5,1,-0.1,12.1,,49,7.12,105.6
2024/2/21 10:30,1006.4,90.9,1,0,12.1,,63,8.23,105.6
2024/2/21 10:45,1006.4,90.9,1,0,12.1,,90,9.64,105.6
2024/2/21 11:00,1006.4,90.8,1,0,12.1,,89,8.15,105.6
2024/2/21 11:15,1006.4,90.9,1,0,12.1,,82,10.24,105.6
2024/2/21 11:30,1006.4,90.9,1,0,12.1,,101,11.08,105.6
2024/2/21 11:45,1006.4,90.9,1,0,12.2,,88,10.62,105.6
2024/2/21 12:00,1006.4,91.2,1,0,12.2,,102,12.28,105.6
2024/2/21 12:15,1006.4,91.5,1,0,12.1,,124,12.6,105.6
2024/2/21 12:30,1006.4,91.7,1,0,12.1,,110,10.18,105.6
2024/2/21 12:45,1006.4,91.7,1,0,12.1,,72,8.09,105.6
2024/2/21 13:00,1006.4,91.7,1,0.1,12.1,,62,7.98,105.6
2024/2/21 13:15,1006.4,91.8,1,0.1,12.1,,55,8,105.6
2024/2/21 13:30,1006.4,92,1,0.1,12,,58,6.44,105.6
2024/2/21 13:45,1006.4,92.1,1,0.1,12,,57,7.48,105.6
2024/2/21 14:00,1006.4,92.3,1,0.1,12,,56,6.4,105.6
2024/2/21 14:15,1006.4,92.5,1,0,12,,56,6.16,105.6
2024/2/21 14:30,1006.4,92.5,1,0,11.9,,43,5.01,105.6
2024/2/21 14:45,1006.4,92.5,1,0,11.9,,38,4.91,105.6
2024/2/21 15:00,1006.4,92.5,1,-0.1,11.9,,40,4.84,105.6
2024/2/21 15:15,1006.4,92.6,1,-0.1,11.9,,40,4.13,105.6
2024/2/21 15:30,1006.4,92.7,1,-0.1,11.9,,37,4.12,105.6
2024/2/21 15:45,1006.4,92.9,0.6,-0.2,12,,39,5.26,105.6
2024/2/21 16:00,1006.4,93,0.8,-0.2,12,,31,4.14,105.6
2024/2/21 16:15,1006.4,92.9,0.9,-0.3,12,,26,3.88,105.6
2024/2/21 16:30,1006.4,92.8,0.9,-0.3,12,,23,2.82,105.6
2024/2/21 16:45,1006.4,92.7,0.9,-0.3,12,,19,2.15,105.6
2024/2/21 17:00,1006.4,92,0.9,-0.4,11.9,,12,1.71,105.6
2024/2/21 17:15,1006.4,91.5,1,-0.4,11.9,,6,0.88,105.6
2024/2/21 17:30,1006.4,90.9,1,-0.4,11.9,,2,0.58,105.6
2024/2/21 17:45,1006.4,90.4,1,-0.5,11.9,,0,0.16,105.6
2024/2/21 18:00,1006.4,90.2,1,-0.5,11.8,,0,0,105.6
2024/2/21 18:15,1006.4,89.8,1,-0.5,11.8,,0,0,105.6
2024/2/21 18:30,1006.4,89.4,1,-0.5,11.8,,0,0,105.6
2024/2/21 18:45,1006.4,89.2,1,-0.6,11.8,,0,0,105.6
2024/2/21 19:00,1006.4,88.8,1,-0.6,11.7,,0,0,105.6
2024/2/21 19:15,1006.4,88.3,1,-0.6,11.7,,0,0,105.6
2024/2/21 19:30,1006.4,88.1,1,-0.6,11.7,,0,0,105.6
2024/2/21 19:45,1006.4,88.2,1,-0.7,11.7,,0,0,105.6
2024/2/21 20:00,1006.4,89.5,1,-0.7,11.7,,0,0,105.6
2024/2/21 20:15,1006.4,90.5,1,-0.7,11.6,,0,0,105.6
2024/2/21 20:30,1006.4,91.3,1,-0.7,11.6,,0,0,105.6
2024/2/21 20:45,1006.4,91.9,1,-0.8,11.6,,0,0,105.6
2024/2/21 21:00,1006.4,91.4,0.9,-0.8,11.5,,0,0,105.6
2024/2/21 21:15,1006.4,89.7,0.8,-0.8,11.5,,0,0,105.6
2024/2/21 21:30,1006.4,87.7,0.8,-0.8,11.4,,0,0,105.6
2024/2/21 21:45,1006.4,84.6,0.8,-0.8,11.4,,0,0,105.6
2024/2/21 22:00,1006.4,81.8,0.8,-0.8,11.4,,0,0,105.6
2024/2/21 22:15,1006.4,79.4,0.8,-0.8,11.3,,0,0,105.6
2024/2/21 22:30,1006.4,76.9,0.8,-0.8,11.3,,0,0,105.6
2024/2/21 22:45,1006.4,74.1,0.8,-0.8,11.3,,0,0,105.6
2024/2/21 23:00,1006.4,72,0.8,-0.8,11.3,,0,0,105.6
2024/2/21 23:15,1006.4,70.6,0.7,-0.8,11.3,,0,0,105.6
2024/2/21 23:30,1006.4,69.8,0.7,-0.8,11.2,,0,0,105.6
2024/2/21 23:45,1006.4,69.7,0.6,-0.8,11.2,,0,0,105.6
2024/2/22 0:00,1006.5,69.8,0.7,-0.8,11.2,,0,0,105.6
2024/2/22 0:15,1006.5,70.2,0.6,-0.8,11.1,,0,0,105.6
2024/2/22 0:30,1006.5,70.4,0.4,-0.9,11.1,,0,0,105.6
2024/2/22 0:45,1006.5,70.2,0.3,-0.9,11.1,,0,0,105.6
2024/2/22 1:00,1006.5,69.7,0.3,-1,11.1,,0,0,105.6
2024/2/22 1:15,1006.5,69.1,0.3,-1,11.1,,0,0,105.6
2024/2/22 1:30,1006.5,68.3,0,-1,11.1,,0,0,105.6
2024/2/22 1:45,1006.5,67.6,0,-1,11.1,,0,0,105.6
2024/2/22 2:00,1006.5,67.9,0.3,-1,11.1,,0,0,105.6
2024/2/22 2:15,1006.5,68.7,0.3,-1,11.1,,0,0,105.6
2024/2/22 2:30,1006.5,69,0.3,-1,11.1,,0,0,105.6
2024/2/22 2:45,1006.5,69,0.1,-1,11.1,,0,0,105.6
2024/2/22 3:00,1006.5,69,0,-1,11.1,,0,0,105.6
2024/2/22 3:15,1006.5,69.2,0,-0.9,11.1,,0,0,105.6
2024/2/22 3:30,1006.5,69.5,0.3,-0.9,11,,0,0,105.6
2024/2/22 3:45,1006.5,69.6,0.3,-0.9,11,,0,0,105.6
2024/2/22 4:00,1006.5,69.5,0.3,-0.9,11,,0,0,105.6
2024/2/22 4:15,1006.5,69.4,0.3,-1,11,,0,0,105.6
2024/2/22 4:30,1006.5,69.3,0.4,-1,10.9,,0,0,105.6
2024/2/22 4:45,1006.5,69.3,0.4,-1,10.9,,0,0,105.6
2024/2/22 5:00,1006.5,69.1,0.2,-1,10.9,,0,0,105.6
2024/2/22 5:15,1006.5,69,0.1,-1,10.9,,0,0,105.6
2024/2/22 5:30,1006.5,68.8,0.1,-1,10.8,,0,0,105.6
2024/2/22 5:45,1006.5,68.7,0,-1,10.8,,0,0,105.6
2024/2/22 6:00,1006.5,68.7,0,-1,10.7,,0,0,105.6
2024/2/22 6:15,1006.5,68.5,0,-0.9,10.7,,0,0,105.6
2024/2/22 6:30,1006.5,68.6,0,-0.9,10.6,,0,0,105.6
2024/2/22 6:45,1006.5,68.8,0,-0.9,10.6,,0,0.35,105.6
2024/2/22 7:00,1006.5,69.2,0,-1,10.5,,9,1.29,105.6
2024/2/22 7:15,1006.5,69.4,0,-1,10.5,,19,2.45,105.6
2024/2/22 7:30,1006.5,69.5,0,-1,10.4,,26,3.05,105.6
2024/2/22 7:45,1006.5,69.5,0,-0.9,10.4,,36,4.32,105.6
2024/2/22 8:00,1006.5,69.4,0,-0.9,10.3,,46,5.47,105.6
2024/2/22 8:15,1006.5,69.3,0,-0.9,10.3,,78,10.74,105.6
2024/2/22 8:30,1006.5,69.2,0,-0.8,10.3,,147,18.85,105.6
2024/2/22 8:45,1006.5,69.2,0,-0.8,10.2,,110,15.16,105.6
2024/2/22 9:00,1006.5,69.2,0,-0.8,10.2,,98,13.22,105.6
2024/2/22 9:15,1006.5,69.2,0,-0.7,10.2,,126,17.61,105.6
2024/2/22 9:30,1006.5,69,0,-0.7,10.2,,193,24.83,105.6
2024/2/22 9:45,1006.5,68.9,0,-0.6,10.2,,225,33.67,105.6
2024/2/22 10:00,1006.5,68.9,0,-0.6,10.2,,282,36.77,105.6
2024/2/22 10:15,1006.5,68.8,0,-0.6,10.1,,256,38.22,105.6
2024/2/22 10:30,1006.5,68.7,0,-0.6,10.1,,348,46.15,105.6
2024/2/22 10:45,1006.5,68.7,0,-0.5,10.1,,294,38.48,105.6
2024/2/22 11:00,1006.5,68.6,0,-0.5,10.1,,284,40.6,105.6
2024/2/22 11:15,1006.5,68.5,0,-0.5,10.1,,354,49,105.6
2024/2/22 11:30,1006.5,68.4,0,-0.5,10,,479,61.12,105.6
2024/2/22 11:45,1006.5,68.3,0,-0.5,10,,436,59.2,105.6
2024/2/22 12:00,1006.5,68.3,0,-0.5,10,,440,60.13,105.6
2024/2/22 12:15,1006.5,68.2,0,-0.5,10,,392,59.07,105.6
2024/2/22 12:30,1006.5,68.1,0,-0.5,9.9,,408,53.23,105.6
2024/2/22 12:45,1006.5,68.1,0,-0.5,9.9,,403,56.53,105.6
2024/2/22 13:00,1006.5,68.1,0,-0.5,9.9,,831,76.04,105.6
2024/2/22 13:15,1006.5,68.2,0,-0.4,9.9,,399,59.76,105.6
2024/2/22 13:30,1006.5,68.3,0,-0.5,9.9,,458,66.83,105.6
2024/2/22 13:45,1006.5,68.4,0,-0.5,9.8,,547,68.31,105.6
2024/2/22 14:00,1006.5,68.5,0,-0.5,9.8,,694,65.86,105.6
2024/2/22 14:15,1006.5,68.4,0,-0.5,9.7,,789,59.53,105.6
2024/2/22 14:30,1006.5,68.4,0,-0.4,9.7,,288,53.97,105.6
2024/2/22 14:45,1006.5,68.3,0,-0.4,9.6,,620,54.18,105.6
2024/2/22 15:00,1006.5,68.2,0,-0.4,9.6,,316,42.48,105.6
2024/2/22 15:15,1006.5,68.1,0,-0.4,9.5,,199,62.45,105.6
2024/2/22 15:30,1006.5,68.1,0,-0.4,9.4,,205,31.21,105.6
2024/2/22 15:45,1006.5,68,0,-0.5,9.4,,431,37.94,105.6
2024/2/22 16:00,1006.5,68,0,-0.5,9.3,,259,38.95,105.6
2024/2/22 16:15,1006.5,68.1,0,-0.5,9.2,,143,25.54,105.6
2024/2/22 16:30,1006.5,68,0,-0.6,9.2,,96,19.8,105.6
2024/2/22 16:45,1006.5,67.9,0,-0.6,9.1,,143,12.53,105.6
2024/2/22 17:00,1006.5,67.9,0,-0.6,9,,51,7.17,105.6
2024/2/22 17:15,1006.5,68,0,-0.7,8.9,,30,3.43,105.6
2024/2/22 17:30,1006.5,67.8,0,-0.7,8.9,,13,2.15,105.6
2024/2/22 17:45,1006.5,67.7,0,-0.7,8.8,,1,0.63,105.6
2024/2/22 18:00,1006.5,67.8,0,-0.7,8.7,,0,0,105.6
2024/2/22 18:15,1006.5,67.8,0,-0.7,8.6,,0,0,105.6
2024/2/22 18:30,1006.5,67.9,0,-0.7,8.5,,0,0,105.6
2024/2/22 18:45,1006.5,68,0,-0.7,8.4,,0,0,105.6
2024/2/22 19:00,1006.5,68.1,0,-0.7,8.3,,0,0,105.6
2024/2/22 19:15,1006.5,68.3,0,-0.6,8.2,,0,0,105.6
2024/2/22 19:30,1006.5,68.3,0,-0.6,8.1,,0,0,105.6
2024/2/22 19:45,1006.5,68.3,0,-0.6,8.1,,0,0,105.6
2024/2/22 20:00,1006.5,68.2,0,-0.6,8,,0,0,105.6
2024/2/22 20:15,1006.5,68.1,0,-0.5,7.9,,0,0,105.6
2024/2/22 20:30,1006.5,68.2,0,-0.5,7.8,,0,0,105.6
2024/2/22 20:45,1006.5,68.7,0,-0.5,7.7,,0,0,105.6
2024/2/22 21:00,1006.5,69.3,0,-0.5,7.7,,0,0,105.6
2024/2/22 21:15,1006.5,69.8,0,-0.5,7.6,,0,0,105.6
2024/2/22 21:30,1006.5,70.2,0,-0.5,7.6,,0,0,105.6
2024/2/22 21:45,1006.5,70.3,0,-0.4,7.6,,0,0,105.6
2024/2/22 22:00,1006.5,70.2,0,-0.4,7.6,,0,0,105.6
2024/2/22 22:15,1006.5,70,0,-0.4,7.6,,0,0,105.6
2024/2/22 22:30,1006.5,69.8,0,-0.3,7.6,,0,0,105.6
2024/2/22 22:45,1006.5,69.4,0,-0.3,7.6,,0,0,105.6
2024/2/22 23:00,1006.5,69,0,-0.3,7.6,,0,0,105.6
2024/2/22 23:15,1006.5,68.7,0,-0.2,7.7,,0,0,105.6
2024/2/22 23:30,1006.5,68.5,0,-0.2,7.7,,0,0,105.6
2024/2/22 23:45,1006.5,68.3,0,-0.2,7.7,,0,0,105.6
2024/2/23 0:00,1006.5,65.7,0,-0.5,8.4,,0,0,105.6
2024/2/23 0:15,1006.5,65.7,0,-0.5,8.5,,0,0,105.6
2024/2/23 0:30,1006.5,65.6,0,-0.5,8.6,,0,0,105.6
2024/2/23 0:45,1006.5,65.6,0,-0.5,8.7,,0,0,105.6
2024/2/23 1:00,1006.5,65.6,0,-0.5,8.7,,0,0,105.6
2024/2/23 1:15,1006.5,65.6,0,-0.5,8.8,,0,0,105.6
2024/2/23 1:30,1006.5,65.7,0,-0.5,8.8,,0,0,105.6
2024/2/23 1:45,1006.5,65.8,0,-0.5,8.9,,0,0,105.6
2024/2/23 2:00,1006.5,65.9,0,-0.5,8.9,,0,0,105.6
2024/2/23 2:15,1006.5,66,0,-0.5,8.9,,0,0,105.6
2024/2/23 2:30,1006.5,66.1,0,-0.5,9,,0,0,105.6
2024/2/23 2:45,1006.5,66.1,0,-0.5,9,,0,0,105.6
2024/2/23 3:00,1006.5,66,0,-0.5,9,,0,0,105.6
2024/2/23 3:15,1006.5,66,0,-0.5,9,,0,0,105.6
2024/2/23 3:30,1006.5,66.1,0,-0.5,9,,0,0,105.6
2024/2/23 3:45,1006.5,66.2,0,-0.6,9,,0,0,105.6
2024/2/23 4:00,1006.5,66.2,0,-0.6,9,,0,0,105.6
2024/2/23 4:15,1006.5,66.2,0,-0.6,8.9,,0,0,105.6
2024/2/23 4:30,1006.5,66.3,0,-0.6,8.9,,0,0,105.6
2024/2/23 4:45,1006.5,66.3,0,-0.6,8.9,,0,0,105.6
2024/2/23 5:00,1006.5,66.3,0,-0.6,8.8,,0,0,105.6
2024/2/23 5:15,1006.5,66.3,0,-0.6,8.7,,0,0,105.6
2024/2/23 5:30,1006.5,66.3,0,-0.6,8.6,,0,0,105.6
2024/2/23 5:45,1006.5,66.3,0,-0.7,8.6,,0,0,105.6
2024/2/23 6:00,1006.5,66.4,0,-0.7,8.5,,0,0,105.6
2024/2/23 6:15,1006.5,66.7,0,-0.7,8.4,,0,0,105.6
2024/2/23 6:30,1006.5,67.1,0,-0.7,8.4,,0,0,105.6
2024/2/23 6:45,1006.5,67.5,0,-0.7,8.3,,0,0.72,105.6
2024/2/23 7:00,1006.5,68,0,-0.7,8.3,,22,2.68,105.6
2024/2/23 7:15,1006.5,68.5,0,-0.7,8.2,,66,8.93,105.6
2024/2/23 7:30,1006.5,68.8,0,-0.7,8.1,,104,11.95,105.6
2024/2/23 7:45,1006.5,68.9,0,-0.7,8.1,,136,12.71,105.6
2024/2/23 8:00,1006.5,69,0,-0.7,8,,265,25.33,105.6
2024/2/23 8:15,1006.5,68.9,0,-0.6,7.9,,191,32.34,105.6
2024/2/23 8:30,1006.5,69,0,-0.6,7.8,,158,32.2,105.6
2024/2/23 8:45,1006.5,69.4,0,-0.5,7.7,,260,38.62,105.6
2024/2/23 9:00,1006.5,69.6,0,-0.4,7.7,,195,34.64,105.6
2024/2/23 9:15,1006.5,69.5,0,-0.4,7.6,,189,31.31,105.6
2024/2/23 9:30,1006.5,69.1,0,-0.3,7.5,,366,39.92,105.6
2024/2/23 9:45,1006.5,69,0,-0.3,7.5,,388,55.56,105.6
2024/2/23 10:00,1006.5,68.5,0,-0.3,7.4,,412,47.88,105.6
2024/2/23 10:15,1006.5,68,0,-0.2,7.4,,431,71.33,105.6
2024/2/23 10:30,1006.5,68.1,0,-0.2,7.4,,602,69.47,105.6
2024/2/23 10:45,1006.5,68.3,0,-0.2,7.4,,669,85.75,105.6
2024/2/23 11:00,1006.5,68.7,0,-0.2,7.4,,764,84.69,105.6
2024/2/23 11:15,1006.5,68.7,0,-0.1,7.4,,488,75.77,105.6
2024/2/23 11:30,1006.5,68.6,0,-0.1,7.4,,415,89.37,105.6
2024/2/23 11:45,1006.5,68.5,0,-0.1,7.4,,938,64.96,105.6
2024/2/23 12:00,1006.5,68.3,0,-0.1,7.4,,371,83.12,105.6
2024/2/23 12:15,1006.5,68.1,0,-0.1,7.4,,584,74.67,105.6
2024/2/23 12:30,1006.5,67.8,0,-0.1,7.4,,683,89.63,105.6
2024/2/23 12:45,1006.5,67.9,0,-0.1,7.4,,351,84.3,105.6
2024/2/23 13:00,1006.5,68,0,-0.1,7.4,,837,95.04,105.6
2024/2/23 13:15,1006.5,68.1,0,-0.1,7.3,,772,80.83,105.6
2024/2/23 13:30,1006.5,68.2,0,-0.1,7.3,,759,94.68,105.6
2024/2/23 13:45,1006.5,68.1,0,-0.1,7.3,,752,92.95,105.6
2024/2/23 14:00,1006.5,68.3,0,-0.1,7.2,,559,81.43,105.6
2024/2/23 14:15,1006.5,68.5,0,-0.1,7.2,,293,46.07,105.6
2024/2/23 14:30,1006.5,68.8,0,-0.1,7.1,,337,47.85,105.6
2024/2/23 14:45,1006.5,69.1,0,-0.1,7,,299,74.92,105.6
2024/2/23 15:00,1006.5,70.4,0,-0.1,7,,697,62.77,105.6
2024/2/23 15:15,1006.5,71.9,0,-0.1,6.9,,199,39.36,105.6
2024/2/23 15:30,1006.5,72,0,-0.1,6.8,,482,53.75,105.6
2024/2/23 15:45,1006.5,71.8,0,-0.2,6.7,,166,28.43,105.6
2024/2/23 16:00,1006.5,71.8,0,-0.2,6.6,,131,35.31,105.6
2024/2/23 16:15,1006.5,71.9,0,-0.2,6.5,,70,10.29,105.6
2024/2/23 16:30,1006.5,72.1,0,-0.2,6.3,,166,22.19,105.6
2024/2/23 16:45,1006.5,72.4,0,-0.2,6.2,,158,16.64,105.6
2024/2/23 17:00,1006.5,72.6,0,-0.3,6,,73,9.06,105.6
2024/2/23 17:15,1006.5,72.8,0,-0.3,5.8,,38,4.99,105.6
2024/2/23 17:30,1006.5,73.2,0,-0.4,5.6,,18,2.55,105.6
2024/2/23 17:45,1006.5,73.5,0,-0.3,5.4,,2,0.66,105.6
2024/2/23 18:00,1006.5,73.7,0,-0.3,5.2,,0,0,105.6
2024/2/23 18:15,1006.5,73.9,0,-0.2,5,,0,0,105.6
2024/2/23 18:30,1006.5,74.1,0,-0.1,4.8,,0,0,105.6
2024/2/23 18:45,1006.5,74.3,0,-0.1,4.6,,0,0,105.6
2024/2/23 19:00,1006.5,74.3,0,-0.1,4.4,,0,0,105.6
2024/2/23 19:15,1006.5,73.6,0,-0.1,4.2,,0,0,105.6
2024/2/23 19:30,1006.5,73.3,0,-0.1,4.1,,0,0,105.6
2024/2/23 19:45,1006.5,73.6,0,-0.2,3.9,,0,0,105.6
2024/2/23 20:00,1006.5,74.3,0,-0.2,3.8,,0,0,105.6
2024/2/23 20:15,1006.5,75.6,0,-0.2,3.6,,0,0,105.6
2024/2/23 20:30,1006.5,76.6,0,-0.3,3.5,,0,0,105.6
2024/2/23 20:45,1006.5,77.1,0,-0.4,3.3,,0,0,105.6
2024/2/23 21:00,1006.5,77.5,0,-0.6,3.2,,0,0,105.6
2024/2/23 21:15,1006.5,77.4,0,-0.7,3,,0,0,105.6
2024/2/23 21:30,1006.5,76.8,0,-0.7,2.9,,0,0,105.6
2024/2/23 21:45,1006.5,76.2,0,-0.7,2.7,,0,0,105.6
2024/2/23 22:00,1006.5,75.7,0,-0.7,2.5,,0,0,105.6
2024/2/23 22:15,1006.5,75.1,0,-0.7,2.3,,0,0,105.6
2024/2/23 22:30,1006.5,74.5,0,-0.7,2.2,,0,0,105.6
2024/2/23 22:45,1006.5,74.5,0,-0.7,2,,0,0,105.6
2024/2/23 23:00,1006.5,74.6,0,-0.7,1.9,,0,0,105.6
2024/2/23 23:15,1006.5,74.9,0,-0.8,1.8,,0,0,105.6
2024/2/23 23:30,1006.5,75.1,0,-0.8,1.7,,0,0,105.6
2024/2/23 23:45,1006.5,75.3,0,-0.7,1.6,,0,0,105.6
2024/2/24 0:00,1006.5,73.5,0,0.1,2.1,,0,0,105.6
2024/2/24 0:15,1006.5,73.8,0,0.1,2,,0,0,105.6
2024/2/24 0:30,1006.5,74.1,0,0.2,1.9,,0,0,105.6
2024/2/24 0:45,1006.5,74.5,0,0.3,1.8,,0,0,105.6
2024/2/24 1:00,1006.5,74.7,0.1,0.3,1.8,,0,0,105.6
2024/2/24 1:15,1006.5,74.9,0.1,0.4,1.7,,0,0,105.6
2024/2/24 1:30,1006.5,75,0.2,0.4,1.7,,0,0,105.6
2024/2/24 1:45,1006.5,75.2,0.2,0.5,1.7,,0,0,105.6
2024/2/24 2:00,1006.5,75.5,0.3,0.5,1.6,,0,0,105.6
2024/2/24 2:15,1006.5,76,0.3,0.5,1.6,,0,0,105.6
2024/2/24 2:30,1006.5,76.8,0.2,0.5,1.6,,0,0,105.6
2024/2/24 2:45,1006.5,77.7,0.2,0.4,1.5,,0,0,105.6
2024/2/24 3:00,1006.5,78.2,0.2,0.4,1.4,,0,0,105.6
2024/2/24 3:15,1006.5,78.2,0.3,0.4,1.4,,0,0,105.6
2024/2/24 3:30,1006.5,77.9,0.2,0.3,1.3,,0,0,105.6
2024/2/24 3:45,1006.5,77.7,0.3,0.4,1.3,,0,0,105.6
2024/2/24 4:00,1006.5,77.4,0.4,0.4,1.2,,0,0,105.6
2024/2/24 4:15,1006.5,77.2,0.4,0.4,1.1,,0,0,105.6
2024/2/24 4:30,1006.5,77.1,0.5,0.5,1.1,,0,0,105.6
2024/2/24 4:45,1006.5,76.9,0.5,0.5,1,,0,0,105.6
2024/2/24 5:00,1006.5,76.7,0.4,0.5,1,,0,0,105.6
2024/2/24 5:15,1006.5,76.7,0.5,0.6,1,,0,0,105.6
2024/2/24 5:30,1006.5,76.8,0.5,0.6,0.9,,0,0,105.6
2024/2/24 5:45,1006.5,77.1,0.5,0.6,0.9,,0,0,105.6
2024/2/24 6:00,1006.5,77.4,0.5,0.6,0.9,,0,0,105.6
2024/2/24 6:15,1006.5,77.6,0.5,0.6,0.9,,0,0,105.6
2024/2/24 6:30,1006.5,77.7,0.5,0.6,0.9,,0,0,105.6
2024/2/24 6:45,1006.5,77.6,0.5,0.5,0.8,,0,0.36,105.6
2024/2/24 7:00,1006.5,77.6,0.5,0.5,0.8,,6,0.96,105.6
2024/2/24 7:15,1006.5,77.7,0.5,0.4,0.8,,15,2.59,105.6
2024/2/24 7:30,1006.5,77.6,0.4,0.4,0.8,,37,3.52,105.6
2024/2/24 7:45,1006.5,77.5,0.4,0.4,0.8,,35,4.17,105.6
2024/2/24 8:00,1006.5,77.4,0.3,0.4,0.8,,41,5.9,105.6
2024/2/24 8:15,1006.5,77.6,0.2,0.5,0.8,,65,10.75,105.6
2024/2/24 8:30,1006.5,77.9,0.1,0.6,0.8,,86,10.25,105.6
2024/2/24 8:45,1006.5,78.3,0.1,0.7,0.9,,98,12.89,105.6
2024/2/24 9:00,1006.5,78.6,0.1,0.8,1,,110,13.45,105.6
2024/2/24 9:15,1006.5,78.7,0,0.9,1.1,,93,12.92,105.6
2024/2/24 9:30,1006.5,78.7,0,1,1.2,,119,18.31,105.6
2024/2/24 9:45,1006.5,78.3,0,1.1,1.4,,214,26.21,105.6
2024/2/24 10:00,1006.5,78,0.1,1.1,1.5,,228,28.35,105.6
2024/2/24 10:15,1006.5,78,0.1,1.1,1.7,,186,24.17,105.6
2024/2/24 10:30,1006.5,78,0.2,1.2,1.9,,163,24.71,105.6
2024/2/24 10:45,1006.5,77.8,0.2,1.2,2,,168,22.37,105.6
2024/2/24 11:00,1006.5,77.3,0.3,1.3,2.2,,146,21.83,105.6
2024/2/24 11:15,1006.5,76.3,0.5,1.3,2.4,,165,23.27,105.6
2024/2/24 11:30,1006.5,75.2,0.5,1.4,2.6,,158,23.2,105.6
2024/2/24 11:45,1006.5,73.9,0.5,1.4,2.8,,196,30.38,105.6
2024/2/24 12:00,1006.5,73.3,0.5,1.4,3,,216,30.32,105.6
2024/2/24 12:15,1006.5,74,0.5,1.4,3.2,,193,28.59,105.6
2024/2/24 12:30,1006.5,74.5,0.5,1.4,3.4,,180,27.31,105.6
2024/2/24 12:45,1006.5,75.6,0.6,1.3,3.6,,183,27.43,105.6
2024/2/24 13:00,1006.5,75.2,0.5,1.2,3.7,,162,23.91,105.6
2024/2/24 13:15,1006.5,74.7,0.5,1.2,3.9,,138,18.62,105.6
2024/2/24 13:30,1006.5,74.5,0.5,1.2,4.1,,158,23.41,105.6
2024/2/24 13:45,1006.5,75.2,0.7,1.2,4.2,,225,28.61,105.6
2024/2/24 14:00,1006.5,76,0.7,1.1,4.3,,239,28.33,105.6
2024/2/24 14:15,1006.5,76.8,0.8,1.1,4.4,,179,23.5,105.6
2024/2/24 14:30,1006.5,77.6,0.8,1,4.5,,136,16.92,105.6
2024/2/24 14:45,1006.5,78.6,0.8,1,4.5,,96,12.96,105.6
2024/2/24 15:00,1006.5,79.4,0.8,1,4.6,,93,14.69,105.6
2024/2/24 15:15,1006.5,78.9,0.8,1,4.6,,117,17.45,105.6
2024/2/24 15:30,1006.5,78.5,0.8,0.9,4.6,,111,15.39,105.6
2024/2/24 15:45,1006.5,78.8,0.8,0.9,4.5,,106,13.95,105.6
2024/2/24 16:00,1006.4,79.2,0.8,0.8,4.4,,101,13.79,105.6
2024/2/24 16:15,1006.4,79.7,0.7,0.8,4.4,,77,9.83,105.6
2024/2/24 16:30,1006.4,80.5,0.7,0.8,4.3,,66,9.36,105.6
2024/2/24 16:45,1006.4,80.4,0.6,0.7,4.2,,71,11.07,105.6
2024/2/24 17:00,1006.4,80.8,0.4,0.7,4.1,,79,10.71,105.6
2024/2/24 17:15,1006.4,81.3,0.4,0.7,4,,47,5.73,105.6
2024/2/24 17:30,1006.4,81.5,0.3,0.7,4,,21,3.27,105.6
2024/2/24 17:45,1006.4,81.2,0.3,0.7,3.9,,5,0.99,105.6
2024/2/24 18:00,1006.4,80.9,0.2,0.7,3.9,,0,0,105.6
2024/2/24 18:15,1006.4,80.6,0.5,0.7,3.8,,0,0,105.6
2024/2/24 18:30,1006.4,80.3,0.4,0.7,3.8,,0,0,105.6
2024/2/24 18:45,1006.4,79.8,0.4,0.7,3.8,,0,0,105.6
2024/2/24 19:00,1006.4,79.2,0.3,0.7,3.8,,0,0,105.6
2024/2/24 19:15,1006.5,78.5,0.3,0.7,3.8,,0,0,105.6
2024/2/24 19:30,1006.5,78.1,0.3,0.8,3.8,,0,0,105.6
2024/2/24 19:45,1006.5,77.7,0.3,0.8,3.8,,0,0,105.6
2024/2/24 20:00,1006.5,76.9,0.2,0.8,3.9,,0,0,105.6
2024/2/24 20:15,1006.5,76.1,0.1,0.8,3.9,,0,0,105.6
2024/2/24 20:30,1006.5,75.1,0,0.8,3.9,,0,0,105.6
2024/2/24 20:45,1006.5,74.3,0,0.7,4,,0,0,105.6
2024/2/24 21:00,1006.5,74.5,0,0.7,4,,0,0,105.6
2024/2/24 21:15,1006.5,74.5,0,0.6,4.1,,0,0,105.6
2024/2/24 21:30,1006.5,74,0,0.6,4.1,,0,0,105.6
2024/2/24 21:45,1006.5,73.6,0,0.6,4.2,,0,0,105.6
2024/2/24 22:00,1006.5,74.3,0,0.5,4.3,,0,0,105.6
2024/2/24 22:15,1006.5,74.2,0,0.5,4.4,,0,0,105.6
2024/2/24 22:30,1006.5,73.9,0,0.5,4.6,,0,0,105.6
2024/2/24 22:45,1006.5,73.4,0,0.5,4.7,,0,0,105.6
2024/2/24 23:00,1006.5,72.4,0,0.5,4.8,,0,0,105.6
2024/2/24 23:15,1006.5,71,0,0.5,5,,0,0,105.6
2024/2/24 23:30,1006.5,68.7,0,0.5,5.1,,0,0,105.6
2024/2/24 23:45,1006.5,67,0,0.5,5.2,,0,0,105.6
2024/2/25 0:00,1006.5,66,0,0.6,5.9,,0,0,105.6
2024/2/25 0:15,1006.5,66.6,0,0.6,5.9,,0,0,105.6
2024/2/25 0:30,1006.5,67.3,0,0.7,5.9,,0,0,105.6
2024/2/25 0:45,1006.5,67.8,0,0.7,5.9,,0,0,105.6
2024/2/25 1:00,1006.5,67.8,0,0.7,5.9,,0,0,105.6
2024/2/25 1:15,1006.5,67.8,0,0.7,5.8,,0,0,105.6
2024/2/25 1:30,1006.5,67.7,0,0.7,5.8,,0,0,105.6
2024/2/25 1:45,1006.5,67.5,0,0.7,5.8,,0,0,105.6
2024/2/25 2:00,1006.5,67.3,0,0.7,5.8,,0,0,105.6
2024/2/25 2:15,1006.5,67,0,0.8,5.9,,0,0,105.6
2024/2/25 2:30,1006.5,66.3,0,0.8,5.9,,0,0,105.6
2024/2/25 2:45,1006.5,65.8,0,0.8,5.8,,0,0,105.6
2024/2/25 3:00,1006.5,66.5,0,0.8,5.8,,0,0,105.6
2024/2/25 3:15,1006.5,68.3,0,0.8,5.8,,0,0,105.6
2024/2/25 3:30,1006.5,70.5,0,0.8,5.8,,0,0,105.6
2024/2/25 3:45,1006.5,71.9,0,0.8,5.7,,0,0,105.6
2024/2/25 4:00,1006.5,72.4,0,0.8,5.7,,0,0,105.6
2024/2/25 4:15,1006.5,72.2,0,0.8,5.6,,0,0,105.6
2024/2/25 4:30,1006.5,71.4,0,0.8,5.6,,0,0,105.6
2024/2/25 4:45,1006.5,70.3,0,0.8,5.5,,0,0,105.6
2024/2/25 5:00,1006.5,69.5,0,0.8,5.5,,0,0,105.6
2024/2/25 5:15,1006.5,68.9,0,0.8,5.5,,0,0,105.6
2024/2/25 5:30,1006.5,68.8,0,0.9,5.4,,0,0,105.6
2024/2/25 5:45,1006.5,69.1,0,0.9,5.4,,0,0,105.6
2024/2/25 6:00,1006.5,69.7,0,0.9,5.3,,0,0,105.6
2024/2/25 6:15,1006.5,70.4,0,0.9,5.3,,0,0,105.6
2024/2/25 6:30,1006.5,71.6,0,0.9,5.3,,0,0,105.6
2024/2/25 6:45,1006.5,72.6,0,0.9,5.2,,0,0.96,105.6
2024/2/25 7:00,1006.5,73.5,0,0.9,5.2,,17,2.86,105.6
2024/2/25 7:15,1006.5,73.9,0,1,5.2,,55,6.68,105.6
2024/2/25 7:30,1006.5,73.9,0,1.1,5.1,,94,10.91,105.6
2024/2/25 7:45,1006.5,73.9,0,1.3,5.1,,145,16.4,105.6
2024/2/25 8:00,1006.5,74.2,0,1.5,5.1,,194,25.21,105.6
2024/2/25 8:15,1006.5,74.7,0,1.7,5.1,,261,34.13,105.6
2024/2/25 8:30,1006.5,75.5,0,1.8,5.1,,331,42.01,105.6
2024/2/25 8:45,1006.5,75.8,0,1.9,5,,411,50.71,105.6
2024/2/25 9:00,1006.5,76.5,0,1.9,5,,453,57.7,105.6
2024/2/25 9:15,1006.5,77.1,0,2,5,,474,65.53,105.6
2024/2/25 9:30,1006.5,77.6,0,2.1,5,,484,71.78,105.6
2024/2/25 9:45,1006.5,78.3,0,2.1,5,,541,79.54,105.6
2024/2/25 10:00,1006.5,79,0,2.2,5.1,,578,85.36,105.6
2024/2/25 10:15,1006.5,79,0,2.3,5.1,,612,91.46,105.6
2024/2/25 10:30,1006.5,79,0,2.3,5.1,,638,95.04,105.6
2024/2/25 10:45,1006.5,79.2,0,2.4,5.1,,658,95.04,105.6
2024/2/25 11:00,1006.5,79.2,0,2.4,5.2,,681,95.04,105.6
2024/2/25 11:15,1006.5,79.2,0,2.5,5.3,,707,95.04,105.6
2024/2/25 11:30,1006.5,78.9,0,2.5,5.3,,726,95.04,105.6
2024/2/25 11:45,1006.5,78.5,0,2.6,5.4,,734,95.04,105.6
2024/2/25 12:00,1006.5,78.3,0,2.6,5.5,,743,95.04,105.6
2024/2/25 12:15,1006.5,78.3,0,2.6,5.6,,745,95.04,105.6
2024/2/25 12:30,1006.5,78.3,0,2.6,5.7,,740,95.04,105.6
2024/2/25 12:45,1006.5,77.9,0,2.7,5.8,,735,95.04,105.6
2024/2/25 13:00,1006.5,76.7,0,2.7,5.9,,728,95.04,105.6
2024/2/25 13:15,1006.5,74.7,0,2.7,6,,720,95.04,105.6
2024/2/25 13:30,1006.5,73.4,0,2.6,6.1,,703,95.04,105.6
2024/2/25 13:45,1006.5,72.2,0,2.6,6.2,,676,95.04,105.6
2024/2/25 14:00,1006.5,71.6,0,2.5,6.3,,656,95.04,105.6
2024/2/25 14:15,1006.5,70.5,0,2.5,6.4,,623,74.83,105.6
2024/2/25 14:30,1006.5,69.5,0,2.4,6.4,,590,56.78,105.6
2024/2/25 14:45,1006.5,68.4,0,2.3,6.5,,559,44.23,105.6
2024/2/25 15:00,1006.5,68.1,0,2.3,6.5,,515,72.7,105.6
2024/2/25 15:15,1006.5,68.5,0,2.3,6.6,,461,64.23,105.6
2024/2/25 15:30,1006.5,68.4,0,2.3,6.6,,409,56.88,105.6
2024/2/25 15:45,1006.5,68,0,2.2,6.6,,353,49.01,105.6
2024/2/25 16:00,1006.5,67.3,0,2.1,6.6,,301,42.19,105.6
2024/2/25 16:15,1006.5,66.7,0,2.1,6.6,,249,33.41,105.6
2024/2/25 16:30,1006.5,66.8,0,2,6.6,,182,24.85,105.6
2024/2/25 16:45,1006.5,67.5,0,1.9,6.5,,141,18.19,105.6
2024/2/25 17:00,1006.5,68.5,0,1.8,6.5,,98,11.81,105.6
2024/2/25 17:15,1006.5,69.6,0,1.7,6.4,,54,6.5,105.6
2024/2/25 17:30,1006.5,70.4,0,1.6,6.3,,28,3.6,105.6
2024/2/25 17:45,1006.5,72.3,0,1.4,6.2,,3,0.98,105.6
2024/2/25 18:00,1006.5,74.1,0,1.3,6.1,,0,0,105.6
2024/2/25 18:15,1006.5,74.6,0,1.3,6,,0,0,105.6
2024/2/25 18:30,1006.5,74.1,0,1.2,5.9,,0,0,105.6
2024/2/25 18:45,1006.5,73.1,0,1.2,5.8,,0,0,105.6
2024/2/25 19:00,1006.5,72.6,0,1.2,5.7,,0,0,105.6
2024/2/25 19:15,1006.5,72.7,0,1.1,5.6,,0,0,105.6
2024/2/25 19:30,1006.5,72.9,0,1.1,5.5,,0,0,105.6
2024/2/25 19:45,1006.5,73.1,0,1,5.4,,0,0,105.6
2024/2/25 20:00,1006.5,73.1,0,1,5.3,,0,0,105.6
2024/2/25 20:15,1006.5,73.2,0,1,5.2,,0,0,105.6
2024/2/25 20:30,1006.5,73.2,0,1,5.2,,0,0,105.6
2024/2/25 20:45,1006.5,73.2,0,1,5.2,,0,0,105.6
2024/2/25 21:00,1006.5,73.2,0,1,5.2,,0,0,105.6
2024/2/25 21:15,1006.5,73.3,0,1,5.3,,0,0,105.6
2024/2/25 21:30,1006.5,73.1,0,1.1,5.3,,0,0,105.6
2024/2/25 21:45,1006.5,72.9,0,1,5.4,,0,0,105.6
2024/2/25 22:00,1006.5,72.5,0,1,5.4,,0,0,105.6
2024/2/25 22:15,1006.5,72.1,0,1.1,5.5,,0,0,105.6
2024/2/25 22:30,1006.5,71.7,0,1.1,5.6,,0,0,105.6
2024/2/25 22:45,1006.5,71.2,0,1.2,5.7,,0,0,105.6
2024/2/25 23:00,1006.5,70.6,0,1.2,5.7,,0,0,105.6
2024/2/25 23:15,1006.5,68.1,0,1.3,5.8,,0,0,105.6
2024/2/25 23:30,1006.5,65.4,0,1.3,5.9,,0,0,105.6
2024/2/25 23:45,1006.5,64.6,0,1.2,6,,0,0,105.6
2024/2/26 0:00,1006.5,66.7,0,1.2,6.5,,0,0,105.6
2024/2/26 0:15,1006.5,66.4,0,1.3,6.5,,0,0,105.6
2024/2/26 0:30,1006.5,66.3,0,1.3,6.5,,0,0,105.6
2024/2/26 0:45,1006.5,66.8,0,1.3,6.5,,0,0,105.6
2024/2/26 1:00,1006.5,66.7,0,1.3,6.5,,0,0,105.6
2024/2/26 1:15,1006.5,66.9,0,1.3,6.5,,0,0,105.6
2024/2/26 1:30,1006.5,67.6,0,1.4,6.6,,0,0,105.6
2024/2/26 1:45,1006.5,68,0,1.4,6.6,,0,0,105.6
2024/2/26 2:00,1006.5,67.3,0,1.4,6.6,,0,0,105.6
2024/2/26 2:15,1006.5,66.4,0,1.4,6.6,,0,0,105.6
2024/2/26 2:30,1006.5,65.9,0,1.4,6.5,,0,0,105.6
2024/2/26 2:45,1006.5,65.2,0,1.4,6.5,,0,0,105.6
2024/2/26 3:00,1006.5,64.4,0,1.5,6.5,,0,0,105.6
2024/2/26 3:15,1006.5,63.9,0,1.5,6.4,,0,0,105.6
2024/2/26 3:30,1006.5,64,0,1.4,6.4,,0,0,105.6
2024/2/26 3:45,1006.5,64.6,0,1.4,6.3,,0,0,105.6
2024/2/26 4:00,1006.5,65.3,0,1.4,6.2,,0,0,105.6
2024/2/26 4:15,1006.5,66,0,1.4,6.2,,0,0,105.6
2024/2/26 4:30,1006.5,66.4,0,1.3,6.1,,0,0,105.6
2024/2/26 4:45,1006.5,66.6,0,1.3,6.1,,0,0,105.6
2024/2/26 5:00,1006.5,66.7,0,1.2,6,,0,0,105.6
2024/2/26 5:15,1006.5,66.8,0,1.2,6.1,,0,0,105.6
2024/2/26 5:30,1006.5,66.9,0,1.2,6.1,,0,0,105.6
2024/2/26 5:45,1006.5,67.2,0,1.1,6.1,,0,0,105.6
2024/2/26 6:00,1006.5,67.5,0,1,6.1,,0,0,105.6
2024/2/26 6:15,1006.5,68,0,1,6.2,,0,0,105.6
2024/2/26 6:30,1006.5,68.2,0,0.9,6.2,,0,0,105.6
2024/2/26 6:45,1006.5,68.2,0,0.8,6.3,,0,1,105.6
2024/2/26 7:00,1006.5,68,0,0.7,6.3,,17,2.55,105.6
2024/2/26 7:15,1006.5,67.4,0,0.7,6.4,,35,4.72,105.6
2024/2/26 7:30,1006.5,66.5,0,0.7,6.4,,80,9.9,105.6
2024/2/26 7:45,1006.5,65.3,0,0.8,6.5,,163,21.42,105.6
2024/2/26 8:00,1006.5,64,0,0.9,6.5,,232,33.54,105.6
2024/2/26 8:15,1006.5,62.8,0,1,6.6,,286,43.54,105.6
2024/2/26 8:30,1006.5,61.3,0,1.1,6.7,,224,31.49,105.6
2024/2/26 8:45,1006.5,60.1,0,1.1,6.7,,221,37.66,105.6
2024/2/26 9:00,1006.5,58.7,0,1.2,6.8,,437,61.88,105.6
2024/2/26 9:15,1006.5,57.7,0,1.3,7,,414,53.14,105.6
2024/2/26 9:30,1006.5,57,0,1.4,7.1,,332,51.72,105.6
2024/2/26 9:45,1006.5,56.1,0,1.5,7.2,,598,89.97,105.6
2024/2/26 10:00,1006.5,55.8,0,1.6,7.4,,539,85.49,105.6
2024/2/26 10:15,1006.5,55.6,0,1.7,7.5,,445,58.61,105.6
2024/2/26 10:30,1006.5,55.2,0,1.7,7.6,,412,57.03,105.6
2024/2/26 10:45,1006.5,54.3,0,1.8,7.7,,625,79.55,105.6
2024/2/26 11:00,1006.5,53.6,0,1.9,7.8,,826,95.04,105.6
2024/2/26 11:15,1006.5,53.7,0,1.9,7.9,,570,90.9,105.6
2024/2/26 11:30,1006.5,53.7,0,1.9,7.9,,521,91.34,105.6
2024/2/26 11:45,1006.5,53.8,0,2,8,,864,95.04,105.6
2024/2/26 12:00,1006.5,53.9,0,2,8,,720,95.04,105.6
2024/2/26 12:15,1006.5,54.1,0,1.9,8,,668,90.58,105.6
2024/2/26 12:30,1006.5,54.5,0,1.9,8.1,,578,79.33,105.6
2024/2/26 12:45,1006.5,55,0,1.9,8.1,,617,92.14,105.6
2024/2/26 13:00,1006.5,55.2,0,1.9,8.2,,596,88.33,105.6
2024/2/26 13:15,1006.5,55.3,0,1.8,8.2,,794,95.04,105.6
2024/2/26 13:30,1006.5,55.7,0,1.8,8.2,,852,95.04,105.6
2024/2/26 13:45,1006.5,56,0,1.7,8.3,,490,86.19,105.6
2024/2/26 14:00,1006.5,56.3,0,1.6,8.3,,512,65.69,105.6
2024/2/26 14:15,1006.5,56.5,0,1.6,8.3,,449,65.59,105.6
2024/2/26 14:30,1006.5,56.6,0,1.5,8.3,,361,49.75,105.6
2024/2/26 14:45,1006.5,56.8,0,1.5,8.2,,561,82,105.6
2024/2/26 15:00,1006.5,57.2,0,1.4,8.2,,682,83.26,105.6
2024/2/26 15:15,1006.5,57.9,0,1.4,8.1,,443,48.8,105.6
2024/2/26 15:30,1006.5,58.6,0,1.4,8,,204,25.86,105.6
2024/2/26 15:45,1006.5,59.6,0,1.3,7.9,,323,65.33,105.6
2024/2/26 16:00,1006.5,60.5,0,1.2,7.8,,305,41.82,105.6
2024/2/26 16:15,1006.5,61.5,0,1.1,7.7,,208,20.97,105.6
2024/2/26 16:30,1006.5,62.1,0,1,7.6,,135,18.14,105.6
2024/2/26 16:45,1006.5,62.7,0,0.9,7.4,,156,24.34,105.6
2024/2/26 17:00,1006.5,63.6,0,0.8,7.3,,125,11.67,105.6
2024/2/26 17:15,1006.5,64.4,0,0.7,7.2,,44,5.08,105.6
2024/2/26 17:30,1006.5,65,0,0.6,7,,20,2.88,105.6
2024/2/26 17:45,1006.5,65.8,0,0.6,6.9,,6,1.15,105.6
2024/2/26 18:00,1006.5,66.6,0,0.5,6.7,,0,0,105.6
2024/2/26 18:15,1006.5,67.3,0,0.5,6.6,,0,0,105.6
2024/2/26 18:30,1006.5,68.1,0,0.4,6.4,,0,0,105.6
2024/2/26 18:45,1006.5,68.7,0,0.4,6.3,,0,0,105.6
2024/2/26 19:00,1006.5,69.3,0,0.3,6.1,,0,0,105.6
2024/2/26 19:15,1006.5,69.6,0,0.3,5.9,,0,0,105.6
2024/2/26 19:30,1006.5,69.6,0,0.2,5.7,,0,0,105.6
2024/2/26 19:45,1006.5,69.8,0,0.2,5.5,,0,0,105.6
2024/2/26 20:00,1006.5,70.1,0,0.2,5.4,,0,0,105.6
2024/2/26 20:15,1006.5,70.4,0,0.3,5.2,,0,0,105.6
2024/2/26 20:30,1006.5,70.8,0,0.3,5,,0,0,105.6
2024/2/26 20:45,1006.5,70.9,0,0.3,4.9,,0,0,105.6
2024/2/26 21:00,1006.5,71,0,0.4,4.7,,0,0,105.6
2024/2/26 21:15,1006.5,71,0,0.4,4.5,,0,0,105.6
2024/2/26 21:30,1006.5,71,0,0.5,4.3,,0,0,105.6
2024/2/26 21:45,1006.5,71.1,0,0.5,4.1,,0,0,105.6
2024/2/26 22:00,1006.5,71.2,0,0.5,3.9,,0,0,105.6
2024/2/26 22:15,1006.5,72,0,0.5,3.8,,0,0,105.6
2024/2/26 22:30,1006.5,72.5,0,0.5,3.6,,0,0,105.6
2024/2/26 22:45,1006.5,73.4,0,0.5,3.4,,0,0,105.6
2024/2/26 23:00,1006.5,74.7,0,0.5,3.3,,0,0,105.6
2024/2/26 23:15,1006.5,76,0,0.4,3.1,,0,0,105.6
2024/2/26 23:30,1006.5,77,0,0.4,3,,0,0,105.6
2024/2/26 23:45,1006.5,77.7,0,0.3,2.8,,0,0,105.6
2024/2/27 0:00,1006.5,80.7,0,-1.1,1.7,,0,0,105.6
2024/2/27 0:15,1006.5,81.2,0,-1.1,1.6,,0,0,105.6
2024/2/27 0:30,1006.5,81.6,0,-1.2,1.5,,0,0,105.6
2024/2/27 0:45,1006.5,82,0,-1.2,1.4,,0,0,105.6
2024/2/27 1:00,1006.5,82.5,0,-1.2,1.4,,0,0,105.6
2024/2/27 1:15,1006.5,82.9,0,-1.3,1.3,,0,0,105.6
2024/2/27 1:30,1006.5,83,0,-1.3,1.3,,0,0,105.6
2024/2/27 1:45,1006.5,82.9,0,-1.4,1.3,,0,0,105.6
2024/2/27 2:00,1006.5,82.9,0,-1.4,1.2,,0,0,105.6
2024/2/27 2:15,1006.5,83.2,0,-1.4,1.2,,0,0,105.6
2024/2/27 2:30,1006.5,83.5,0,-1.5,1.1,,0,0,105.6
2024/2/27 2:45,1006.5,83.6,0,-1.5,1.1,,0,0,105.6
2024/2/27 3:00,1006.5,83.6,0,-1.5,1.1,,0,0,105.6
2024/2/27 3:15,1006.5,83.6,0,-1.4,1,,0,0,105.6
2024/2/27 3:30,1006.5,83.7,0,-1.4,1,,0,0,105.6
2024/2/27 3:45,1006.5,83.8,0,-1.4,1,,0,0,105.6
2024/2/27 4:00,1006.5,84.3,0,-1.5,1,,0,0,105.6
2024/2/27 4:15,1006.5,84.7,0,-1.5,1,,0,0,105.6
2024/2/27 4:30,1006.5,84.8,0,-1.5,1,,0,0,105.6
2024/2/27 4:45,1006.5,84.9,0,-1.4,1,,0,0,105.6
2024/2/27 5:00,1006.5,85.1,0,-1.4,1.1,,0,0,105.6
2024/2/27 5:15,1006.5,85.4,0,-1.4,1.1,,0,0,105.6
2024/2/27 5:30,1006.4,85.8,0,-1.5,1.1,,0,0,105.6
2024/2/27 5:45,1006.4,86.5,0,-1.6,1.2,,0,0,105.6
2024/2/27 6:00,1006.4,87,0,-1.7,1.2,,0,0,105.6
2024/2/27 6:15,1006.4,87.2,0,-1.8,1.2,,0,0,105.6
2024/2/27 6:30,1006.4,87.1,0,-1.8,1.3,,0,0,105.6
2024/2/27 6:45,1006.4,86.7,0,-1.9,1.3,,1,0,105.6
2024/2/27 7:00,1006.4,86.4,0,-1.9,1.3,,1,0,105.6
2024/2/27 7:15,1006.4,86.8,0,-2,1.3,,31,4.2,105.6
2024/2/27 7:30,1006.4,87,0,-2.1,1.3,,42,7.51,105.6
2024/2/27 7:45,1006.4,87.3,0,-2.2,1.3,,163,24.6,105.6
2024/2/27 8:00,1006.4,87.5,0,-2.2,1.3,,215,34.62,105.6
2024/2/27 8:15,1006.4,87.5,0,-2.1,1.3,,279,43.83,105.6
2024/2/27 8:30,1006.4,87.4,0,-1.9,1.3,,351,51.72,105.6
2024/2/27 8:45,1006.4,87.1,0,-1.6,1.3,,447,59.87,105.6
2024/2/27 9:00,1006.5,86.5,0,-1.3,1.3,,505,67.41,105.6
2024/2/27 9:15,1006.5,84.7,0,-0.9,1.3,,501,75.03,105.6
2024/2/27 9:30,1006.5,82.4,0,-0.6,1.3,,553,80.38,105.6
2024/2/27 9:45,1006.5,79.8,0,-0.3,1.3,,594,87.35,105.6
2024/2/27 10:00,1006.5,78.1,0,0,1.3,,641,93.5,105.6
2024/2/27 10:15,1006.5,76.3,0,0.2,1.3,,611,78.92,105.6
2024/2/27 10:30,1006.5,74.9,0,0.4,1.4,,715,95.04,105.6
2024/2/27 10:45,1006.5,72.6,0,0.7,1.4,,711,95.04,105.6
2024/2/27 11:00,1006.5,71.1,0,0.9,1.4,,726,95.04,105.6
2024/2/27 11:15,1006.5,70.3,0,1.1,1.4,,741,95.04,105.6
2024/2/27 11:30,1006.5,69.5,0,1.3,1.5,,753,95.04,105.6
2024/2/27 11:45,1006.5,68.1,0,1.5,1.5,,766,95.04,105.6
2024/2/27 12:00,1006.5,67.4,0,1.6,1.6,,778,95.04,105.6
2024/2/27 12:15,1006.5,66.9,0,1.7,1.7,,785,95.04,105.6
2024/2/27 12:30,1006.5,66.6,0,1.8,1.7,,784,95.04,105.6
2024/2/27 12:45,1006.5,66.7,0,1.8,1.8,,783,95.04,105.6
2024/2/27 13:00,1006.5,66.7,0,1.8,1.9,,782,95.04,105.6
2024/2/27 13:15,1006.5,66.6,0,1.7,2,,771,95.04,105.6
2024/2/27 13:30,1006.5,66.1,0,1.7,2.1,,758,95.04,105.6
2024/2/27 13:45,1006.5,65.5,0,1.9,2.1,,744,95.04,105.6
2024/2/27 14:00,1006.5,65.3,0,2,2.2,,722,95.04,105.6
2024/2/27 14:15,1006.5,65.4,0,2.1,2.3,,704,95.04,105.6
2024/2/27 14:30,1006.5,65.3,0,2.2,2.3,,686,95.04,105.6
2024/2/27 14:45,1006.5,64.9,0,2.2,2.4,,647,91.77,105.6
2024/2/27 15:00,1006.5,64.4,0,2.3,2.4,,602,85.61,105.6
2024/2/27 15:15,1006.5,64.1,0,2.3,2.5,,549,77,105.6
2024/2/27 15:30,1006.5,63.6,0,2.4,2.5,,496,70.16,105.6
2024/2/27 15:45,1006.5,63.1,0,2.5,2.6,,431,61.7,105.6
2024/2/27 16:00,1006.5,62.7,0,2.6,2.6,,371,53.71,105.6
2024/2/27 16:15,1006.5,62.7,0,2.8,2.6,,315,44.89,105.6
2024/2/27 16:30,1006.5,62.8,0,2.9,2.6,,262,36.57,105.6
2024/2/27 16:45,1006.5,62.9,0,2.9,2.6,,190,26.66,105.6
2024/2/27 17:00,1006.5,63.3,0,2.9,2.6,,139,15.07,105.6
2024/2/27 17:15,1006.5,64.1,0,2.9,2.6,,81,8.91,105.6
2024/2/27 17:30,1006.5,64.7,0,2.8,2.6,,41,4.78,105.6
2024/2/27 17:45,1006.5,65.1,0,2.6,2.5,,8,1.58,105.6
2024/2/27 18:00,1006.5,65.4,0,2.5,2.5,,0,0,105.6
2024/2/27 18:15,1006.5,65.9,0,2.4,2.5,,0,0,105.6
2024/2/27 18:30,1006.5,66.9,0,2.3,2.5,,0,0,105.6
2024/2/27 18:45,1006.5,68.1,0,2.1,2.4,,0,0,105.6
2024/2/27 19:00,1006.5,69,0,2,2.4,,0,0,105.6
2024/2/27 19:15,1006.5,70.2,0,1.9,2.4,,0,0,105.6
2024/2/27 19:30,1006.5,72.1,0,1.8,2.4,,0,0,105.6
2024/2/27 19:45,1006.5,74.1,0,1.7,2.4,,0,0,105.6
2024/2/27 20:00,1006.5,75.4,0,1.6,2.5,,0,0,105.6
2024/2/27 20:15,1006.5,76.1,0,1.4,2.5,,0,0,105.6
2024/2/27 20:30,1006.5,76.9,0,1.3,2.5,,0,0,105.6
2024/2/27 20:45,1006.5,77.5,0,1.2,2.5,,0,0,105.6
2024/2/27 21:00,1006.5,78,0,1.1,2.5,,0,0,105.6
2024/2/27 21:15,1006.5,78.6,0,1,2.6,,0,0,105.6
2024/2/27 21:30,1006.5,79,0,0.8,2.6,,0,0,105.6
2024/2/27 21:45,1006.5,79.6,0,0.7,2.6,,0,0,105.6
2024/2/27 22:00,1006.5,80,0,0.6,2.7,,0,0,105.6
2024/2/27 22:15,1006.5,79.6,0,0.6,2.7,,0,0,105.6
2024/2/27 22:30,1006.5,79.5,0,0.5,2.8,,0,0,105.6
2024/2/27 22:45,1006.5,79.6,0,0.6,2.8,,0,0,105.6
2024/2/27 23:00,1006.5,79.4,0,0.6,2.8,,0,0,105.6
2024/2/27 23:15,1006.5,78.9,0,0.7,2.9,,0,0,105.6
2024/2/27 23:30,1006.5,78.2,0,0.7,2.9,,0,0,105.6
2024/2/27 23:45,1006.5,78.7,0,0.7,2.9,,0,0,105.6
2024/2/28 0:00,1006.5,79.3,0,0.5,2.9,,0,0,105.6
2024/2/28 0:15,1006.5,80.9,0,0.4,2.9,,0,0,105.6
2024/2/28 0:30,1006.5,82.9,0,0.3,2.9,,0,0,105.6
2024/2/28 0:45,1006.5,84.8,0,0.2,2.9,,0,0,105.6
2024/2/28 1:00,1006.5,86.4,0,0.1,2.9,,0,0,105.6
2024/2/28 1:15,1006.5,87.5,0,0.1,2.9,,0,0,105.6
2024/2/28 1:30,1006.5,88.2,0,0,2.9,,0,0,105.6
2024/2/28 1:45,1006.5,88.7,0,0,2.9,,0,0,105.6
2024/2/28 2:00,1006.5,88.9,0,-0.1,2.9,,0,0,105.6
2024/2/28 2:15,1006.5,88.8,0,-0.1,2.9,,0,0,105.6
2024/2/28 2:30,1006.5,88.6,0,-0.1,2.8,,0,0,105.6
2024/2/28 2:45,1006.5,88.2,0,-0.1,2.8,,0,0,105.6
2024/2/28 3:00,1006.5,87.6,0,-0.1,2.7,,0,0,105.6
2024/2/28 3:15,1006.5,86.9,0,0,2.7,,0,0,105.6
2024/2/28 3:30,1006.5,86.2,0,0,2.6,,0,0,105.6
2024/2/28 3:45,1006.5,85.3,0,0,2.6,,0,0,105.6
2024/2/28 4:00,1006.5,84.4,0,0.1,2.5,,0,0,105.6
2024/2/28 4:15,1006.5,83.2,0,0.1,2.5,,0,0,105.6
2024/2/28 4:30,1006.5,82,0,0.2,2.4,,0,0,105.6
2024/2/28 4:45,1006.5,81,0,0.3,2.3,,0,0,105.6
2024/2/28 5:00,1006.5,80,0,0.3,2.3,,0,0,105.6
2024/2/28 5:15,1006.5,78.8,0,0.4,2.2,,0,0,105.6
2024/2/28 5:30,1006.5,77.9,0,0.4,2.2,,0,0,105.6
2024/2/28 5:45,1006.5,77,0,0.5,2.2,,0,0,105.6
2024/2/28 6:00,1006.5,76,0,0.5,2.1,,0,0,105.6
2024/2/28 6:15,1006.5,75,0,0.6,2.1,,0,0,105.6
2024/2/28 6:30,1006.5,74.2,0,0.6,2,,0,0,105.6
2024/2/28 6:45,1006.5,73.7,0,0.6,2,,1,0.42,105.6
2024/2/28 7:00,1006.5,73.2,0,0.5,1.9,,11,1.7,105.6
2024/2/28 7:15,1006.5,72.9,0,0.5,1.9,,29,3.88,105.6
2024/2/28 7:30,1006.5,72.6,0,0.5,1.8,,52,7.63,105.6
2024/2/28 7:45,1006.5,72.4,0,0.5,1.8,,59,7.56,105.6
2024/2/28 8:00,1006.5,72.2,0,0.5,1.7,,73,9.79,105.6
2024/2/28 8:15,1006.5,72.2,0,0.5,1.6,,96,13.06,105.6
2024/2/28 8:30,1006.5,72.3,0,0.6,1.6,,106,14.28,105.6
2024/2/28 8:45,1006.5,72.6,0,0.7,1.5,,188,25.48,105.6
2024/2/28 9:00,1006.5,73,0,0.8,1.5,,215,26.49,105.6
2024/2/28 9:15,1006.5,73.4,0,1,1.4,,184,23.7,105.6
2024/2/28 9:30,1006.5,73.6,0,1.3,1.4,,203,27.77,105.6
2024/2/28 9:45,1006.5,73.5,0,1.5,1.4,,267,35.06,105.6
2024/2/28 10:00,1006.5,72.9,0,1.8,1.5,,263,35.29,105.6
2024/2/28 10:15,1006.5,72.4,0,2.1,1.5,,259,35.15,105.6
2024/2/28 10:30,1006.5,71.6,0,2.4,1.6,,277,34.25,105.6
2024/2/28 10:45,1006.5,70.8,0,2.7,1.7,,238,30.72,105.6
2024/2/28 11:00,1006.5,69.4,0,2.9,1.8,,206,27.6,105.6
2024/2/28 11:15,1006.5,68.1,0,3.1,1.9,,217,28.75,105.6
2024/2/28 11:30,1006.5,67.4,0,3.2,2,,182,24.39,105.6
2024/2/28 11:45,1006.5,67.4,0,3.1,2.1,,174,22.69,105.6
2024/2/28 12:00,1006.5,66.8,0,3.1,2.2,,207,30.78,105.6
2024/2/28 12:15,1006.5,66.7,0,2.9,2.4,,236,31.61,105.6
2024/2/28 12:30,1006.5,65.9,0,2.8,2.6,,420,54.18,105.6
2024/2/28 12:45,1006.5,64.7,0,2.7,2.7,,311,39.66,105.6
2024/2/28 13:00,1006.5,63,0,2.7,2.9,,311,46.31,105.6
2024/2/28 13:15,1006.5,62.6,0,2.7,3.1,,415,49.89,105.6
2024/2/28 13:30,1006.5,63.1,0,2.6,3.3,,475,75.42,105.6
2024/2/28 13:45,1006.5,63.3,0,2.6,3.5,,337,62.41,105.6
2024/2/28 14:00,1006.5,63.6,0,2.5,3.7,,550,92.54,105.6
2024/2/28 14:15,1006.5,64.7,0,2.5,4,,369,54.52,105.6
2024/2/28 14:30,1006.5,66.7,0,2.4,4.2,,360,47.06,105.6
2024/2/28 14:45,1006.5,69.4,0,2.3,4.4,,293,36.37,105.6
2024/2/28 15:00,1006.5,72.1,0,2.2,4.6,,239,30.08,105.6
2024/2/28 15:15,1006.5,73.7,0,2.2,4.8,,198,24.29,105.6
2024/2/28 15:30,1006.5,75.1,0,2.2,4.9,,198,26.56,105.6
2024/2/28 15:45,1006.5,76.7,0,2.1,5,,195,25.13,105.6
2024/2/28 16:00,1006.5,77.3,0,2.1,5,,190,25.28,105.6
2024/2/28 16:15,1006.5,78.5,0,2.1,5.1,,163,21.79,105.6
2024/2/28 16:30,1006.5,79.7,0,2,5.1,,145,19.18,105.6
2024/2/28 16:45,1006.5,81.4,0,1.9,5.1,,129,17.58,105.6
2024/2/28 17:00,1006.5,83.1,0,1.9,5.1,,116,13.61,105.6
2024/2/28 17:15,1006.5,84.9,0,1.8,5.1,,62,7.48,105.6
2024/2/28 17:30,1006.5,85.8,0,1.8,5.1,,32,3.52,105.6
2024/2/28 17:45,1006.5,85,0,1.8,5.1,,32,0.95,105.6
2024/2/28 18:00,1006.5,84.5,0,1.8,5.1,,0,0,105.6
2024/2/28 18:15,1006.5,84.5,0,1.8,5.1,,0,0,105.6
2024/2/28 18:30,1006.5,84.3,0,1.8,5,,0,0,105.6
2024/2/28 18:45,1006.5,84.3,0,1.8,5,,0,0,105.6
2024/2/28 19:00,1006.5,84.6,0,1.8,4.9,,0,0,105.6
2024/2/28 19:15,1006.5,85.1,0,1.8,4.9,,0,0,105.6
2024/2/28 19:30,1006.5,85.5,0,1.8,4.9,,0,0,105.6
2024/2/28 19:45,1006.5,85.9,0,1.7,4.8,,0,0,105.6
2024/2/28 20:00,1006.5,86.4,0,1.7,4.7,,0,0,105.6
2024/2/28 20:15,1006.5,86.9,0,1.7,4.7,,0,0,105.6
2024/2/28 20:30,1006.5,87.4,0,1.7,4.6,,0,0,105.6
2024/2/28 20:45,1006.5,88.1,0,1.6,4.6,,0,0,105.6
2024/2/28 21:00,1006.5,89.2,0,1.5,4.6,,0,0,105.6
2024/2/28 21:15,1006.5,90,0,1.5,4.6,,0,0,105.6
2024/2/28 21:30,1006.5,90.7,0,1.4,4.6,,0,0,105.6
2024/2/28 21:45,1006.5,91.2,0,1.3,4.7,,0,0,105.6
2024/2/28 22:00,1006.5,91.7,0,1.3,4.7,,0,0,105.6
2024/2/28 22:15,1006.5,91.9,0,1.2,4.7,,0,0,105.6
2024/2/28 22:30,1006.5,92.4,0,1.2,4.7,,0,0,105.6
2024/2/28 22:45,1006.5,92.8,0,1.1,4.8,,0,0,105.6
2024/2/28 23:00,1006.5,93.4,0,1,4.8,,0,0,105.6
2024/2/28 23:15,1006.5,93.9,0,0.9,4.9,,0,0,105.6
2024/2/28 23:30,1006.5,94.2,0,0.9,4.9,,0,0,105.6
2024/2/28 23:45,1006.5,94.2,0,0.9,5,,0,0,105.6
2024/2/29 0:00,1006.5,91.7,0,1.2,5.2,,0,0,105.6
2024/2/29 0:15,1006.5,92,0.1,1.2,5.3,,0,0,105.6
2024/2/29 0:30,1006.5,92.4,0.1,1.2,5.4,,0,0,105.6
2024/2/29 0:45,1006.5,92.7,0.1,1.2,5.5,,0,0,105.6
2024/2/29 1:00,1006.5,92.5,0.2,1.2,5.6,,0,0,105.6
2024/2/29 1:15,1006.5,92.1,0.2,1.2,5.7,,0,0,105.6
2024/2/29 1:30,1006.5,91.6,0.4,1.2,5.8,,0,0,105.6
2024/2/29 1:45,1006.5,91.2,0.5,1.2,5.9,,0,0,105.6
2024/2/29 2:00,1006.5,90.7,0.5,1.1,6,,0,0,105.6
2024/2/29 2:15,1006.5,90.1,0.6,1.1,6.1,,0,0,105.6
2024/2/29 2:30,1006.5,89.4,0.6,1.1,6.2,,0,0,105.6
2024/2/29 2:45,1006.5,88.7,0.7,1.1,6.4,,0,0,105.6
2024/2/29 3:00,1006.5,88.2,0.7,1.1,6.5,,0,0,105.6
2024/2/29 3:15,1006.5,88,0.8,1.1,6.6,,0,0,105.6
2024/2/29 3:30,1006.5,87.8,0.6,1.1,6.7,,0,0,105.6
2024/2/29 3:45,1006.5,87.7,0.6,1.1,6.8,,0,0,105.6
2024/2/29 4:00,1006.5,87.6,0.6,1.1,7,,0,0,105.6
2024/2/29 4:15,1006.5,87.6,0.5,1.1,7.1,,0,0,105.6
2024/2/29 4:30,1006.5,87.9,0.5,1.1,7.2,,0,0,105.6
2024/2/29 4:45,1006.5,88.4,0.5,1.1,7.3,,0,0,105.6
2024/2/29 5:00,1006.5,88.5,0.3,1.1,7.4,,0,0,105.6
2024/2/29 5:15,1006.5,88.2,0.3,1.1,7.5,,0,0,105.6
2024/2/29 5:30,1006.5,87.6,0.2,1.1,7.6,,0,0,105.6
2024/2/29 5:45,1006.5,87.1,0.2,1.1,7.7,,0,0,105.6
2024/2/29 6:00,1006.5,86.7,0.1,1.1,7.8,,0,0,105.6
2024/2/29 6:15,1006.5,86.3,0,1,7.9,,0,0,105.6
2024/2/29 6:30,1006.5,85.9,0,1,8,,0,0,105.6
2024/2/29 6:45,1006.5,85.5,0,1,8.1,,4,0.94,105.6
2024/2/29 7:00,1006.5,84.8,0,1,8.2,,12,1.8,105.6
2024/2/29 7:15,1006.5,83.9,0,1,8.3,,26,3.46,105.6
2024/2/29 7:30,1006.5,83,0,1,8.4,,44,5.85,105.6
2024/2/29 7:45,1006.5,81.9,0,1.1,8.5,,80,10.23,105.6
2024/2/29 8:00,1006.5,80.7,0,1.1,8.5,,89,11.34,105.6
2024/2/29 8:15,1006.5,79.9,0,1.1,8.6,,125,16.96,105.6
2024/2/29 8:30,1006.5,79.2,0,1.2,8.7,,157,21.61,105.6
2024/2/29 8:45,1006.5,78.3,0,1.2,8.7,,227,31.12,105.6
2024/2/29 9:00,1006.5,77.3,0,1.2,8.8,,286,38,105.6
2024/2/29 9:15,1006.5,76.3,0,1.3,8.9,,319,45,105.6
2024/2/29 9:30,1006.5,75.4,0,1.3,8.9,,359,49.14,105.6
2024/2/29 9:45,1006.5,74.2,0,1.4,9,,374,50.83,105.6
2024/2/29 10:00,1006.5,72.9,0,1.4,9,,369,42.88,105.6
2024/2/29 10:15,1006.5,71.9,0,1.4,9.1,,357,49.19,105.6
2024/2/29 10:30,1006.5,70.9,0,1.4,9.1,,449,63.43,105.6
2024/2/29 10:45,1006.5,70.5,0,1.4,9.2,,494,70.75,105.6
2024/2/29 11:00,1006.5,70.4,0,1.4,9.3,,490,61.73,105.6
2024/2/29 11:15,1006.5,70.4,0,1.3,9.3,,370,44.3,105.6
2024/2/29 11:30,1006.5,70.3,0,1.3,9.3,,351,46.76,105.6
2024/2/29 11:45,1006.5,70.4,0,1.3,9.4,,381,49.4,105.6
2024/2/29 12:00,1006.5,70.4,0,1.2,9.4,,390,59.79,105.6
2024/2/29 12:15,1006.5,70.1,0,1.2,9.4,,421,55.78,105.6
2024/2/29 12:30,1006.5,69.6,0,1.1,9.4,,458,61.95,105.6
2024/2/29 12:45,1006.5,69.2,0,1.1,9.4,,448,62.85,105.6
2024/2/29 13:00,1006.5,69.5,0,1,9.4,,480,68.37,105.6
2024/2/29 13:15,1006.5,69.6,0,0.9,9.4,,464,65.35,105.6
2024/2/29 13:30,1006.5,69.5,0,0.8,9.4,,466,62.55,105.6
2024/2/29 13:45,1006.5,69.4,0,0.7,9.3,,369,44.55,105.6
2024/2/29 14:00,1006.5,69.5,0,0.7,9.3,,380,46.79,105.6
2024/2/29 14:15,1006.5,69.6,0,0.6,9.2,,352,46.36,105.6
2024/2/29 14:30,1006.5,69.7,0,0.5,9.1,,379,52.12,105.6
2024/2/29 14:45,1006.5,69.8,0,0.4,9,,454,63.72,105.6
2024/2/29 15:00,1006.5,70,0,0.4,8.9,,339,43.18,105.6
2024/2/29 15:15,1006.5,70.2,0,0.3,8.8,,283,37.68,105.6
2024/2/29 15:30,1006.5,69.9,0,0.2,8.6,,249,35.44,105.6
2024/2/29 15:45,1006.5,68.9,0,0.1,8.5,,218,27.49,105.6
2024/2/29 16:00,1006.5,67.2,0,0,8.3,,205,27.68,105.6
2024/2/29 16:15,1006.5,68.5,0,-0.1,8.2,,221,28.53,105.6
2024/2/29 16:30,1006.5,68.4,0,-0.1,8,,206,27.65,105.6
2024/2/29 16:45,1006.5,68,0,-0.2,7.8,,131,15.54,105.6
2024/2/29 17:00,1006.5,67.8,0,-0.3,7.6,,93,11.48,105.6
2024/2/29 17:15,1006.5,67.3,0,-0.4,7.4,,63,7.82,105.6
2024/2/29 17:30,1006.5,66.6,0,-0.5,7.2,,38,4.76,105.6
2024/2/29 17:45,1006.5,65.9,0,-0.6,7.1,,19,2.73,105.6
2024/2/29 18:00,1006.5,65.8,0,-0.6,6.9,,0,0,105.6
2024/2/29 18:15,1006.5,65.7,0,-0.7,6.7,,0,0,105.6
2024/2/29 18:30,1006.5,65.5,0,-0.7,6.5,,0,0,105.6
2024/2/29 18:45,1006.5,64.9,0,-0.7,6.4,,0,0,105.6
2024/2/29 19:00,1006.5,63.4,0,-0.8,6.2,,0,0,105.6
2024/2/29 19:15,1006.5,63,0,-0.8,6,,0,0,105.6
2024/2/29 19:30,1006.5,62.6,0,-0.8,5.8,,0,0,105.6
2024/2/29 19:45,1006.5,62.3,0,-0.8,5.7,,0,0,105.6
2024/2/29 20:00,1006.5,62,0,-0.8,5.5,,0,0,105.6
2024/2/29 20:15,1006.5,62,0,-0.8,5.3,,0,0,105.6
2024/2/29 20:30,1006.5,62.1,0,-0.8,5.2,,0,0,105.6
2024/2/29 20:45,1006.5,62.1,0,-0.9,5,,0,0,105.6
2024/2/29 21:00,1006.5,61.8,0,-0.9,4.9,,0,0,105.6
2024/2/29 21:15,1006.5,61.1,0,-0.9,4.8,,0,0,105.6
2024/2/29 21:30,1006.5,60.5,0,-0.9,4.7,,0,0,105.6
2024/2/29 21:45,1006.5,60.4,0,-0.9,4.6,,0,0,105.6
2024/2/29 22:00,1006.5,60.6,0,-1,4.5,,0,0,105.6
2024/2/29 22:15,1006.5,61.3,0,-0.9,4.5,,0,0,105.6
2024/2/29 22:30,1006.5,62.1,0,-0.9,4.4,,0,0,105.6
2024/2/29 22:45,1006.5,63.1,0,-0.9,4.4,,0,0,105.6
2024/2/29 23:00,1006.5,64.3,0,-0.9,4.3,,0,0,105.6
2024/2/29 23:15,1006.5,65.3,0,-0.8,4.2,,0,0,105.6
2024/2/29 23:30,1006.5,66,0,-0.8,4.1,,0,0,105.6
2024/2/29 23:45,1006.5,66.1,0,-0.8,4.1,,0,0,105.6
2024/3/1 0:00,1006.5,56.4,0,-0.1,4.7,,0,0,105.6
2024/3/1 0:15,1006.5,57,0,-0.1,4.7,,0,0,105.6
2024/3/1 0:30,1006.5,57.5,0,-0.1,4.7,,0,0,105.6
2024/3/1 0:45,1006.5,58.3,0,-0.1,4.7,,0,0,105.6
2024/3/1 1:00,1006.5,58.9,0,0,4.7,,0,0,105.6
2024/3/1 1:15,1006.5,59,0,0,4.8,,0,0,105.6
2024/3/1 1:30,1006.5,59,0,0.1,4.8,,0,0,105.6
2024/3/1 1:45,1006.5,58.9,0,0.1,4.8,,0,0,105.6
2024/3/1 2:00,1006.5,59.3,0,0.1,4.9,,0,0,105.6
2024/3/1 2:15,1006.5,60.8,0,0,4.9,,0,0,105.6
2024/3/1 2:30,1006.5,63.7,0,-0.1,5,,0,0,105.6
2024/3/1 2:45,1006.5,65.5,0,-0.3,5.1,,0,0,105.6
2024/3/1 3:00,1006.5,66.9,0,-0.4,5.1,,0,0,105.6
2024/3/1 3:15,1006.5,68.4,0,-0.5,5.2,,0,0,105.6
2024/3/1 3:30,1006.5,71,0,-0.8,5.3,,0,0,105.6
2024/3/1 3:45,1006.5,72.9,0,-1,5.3,,0,0,105.6
2024/3/1 4:00,1006.5,73.5,0,-1.3,5.4,,0,0,105.6
2024/3/1 4:15,1006.5,73.9,0,-1.3,5.4,,0,0,105.6
2024/3/1 4:30,1006.5,74.1,0,-1.3,5.5,,0,0,105.6
2024/3/1 4:45,1006.5,74.1,0,-1.3,5.5,,0,0,105.6
2024/3/1 5:00,1006.5,73.5,0,-1.3,5.6,,0,0,105.6
2024/3/1 5:15,1006.5,73.2,0,-1.3,5.6,,0,0,105.6
2024/3/1 5:30,1006.5,73,0,-1.3,5.6,,0,0,105.6
2024/3/1 5:45,1006.5,73.5,0,-1.3,5.7,,0,0,105.6
2024/3/1 6:00,1006.5,74.5,0,-1.3,5.7,,0,0,105.6
2024/3/1 6:15,1006.5,72.6,0,-1.2,5.7,,0,0,105.6
2024/3/1 6:30,1006.5,68.5,0,-1.3,5.7,,0,0.29,105.6
2024/3/1 6:45,1006.5,68.7,0,-1.3,5.7,,4,1.26,105.6
2024/3/1 7:00,1006.5,64.4,0,-1.3,5.8,,19,2.1,105.6
2024/3/1 7:15,1006.5,62.2,0,-1.4,5.8,,30,5.51,105.6
2024/3/1 7:30,1006.5,63,0,-1.4,5.8,,61,7.28,105.6
2024/3/1 7:45,1006.5,63.2,0,-1.3,5.8,,63,8.26,105.6
2024/3/1 8:00,1006.5,63.2,0,-1.2,5.8,,57,9.91,105.6
2024/3/1 8:15,1006.5,62.8,0,-1.1,5.8,,62,24.12,105.6
2024/3/1 8:30,1006.5,62.2,0,-0.9,5.8,,67,11.05,105.6
2024/3/1 8:45,1006.5,60.6,0,-0.8,5.8,,461,62.16,105.6
2024/3/1 9:00,1006.5,58,0,-0.6,5.8,,570,72.49,105.6
2024/3/1 9:15,1006.5,55,0,-0.3,5.7,,545,79.74,105.6
2024/3/1 9:30,1006.5,50.9,0,0,5.7,,654,74.3,105.6
2024/3/1 9:45,1006.5,43.7,0,0.3,5.6,,670,65.02,105.6
2024/3/1 10:00,1006.5,41,0,0.4,5.5,,687,98.57,105.6
2024/3/1 10:15,1006.5,40.5,0,0.4,5.4,,730,99.64,105.6
2024/3/1 10:30,1006.5,40.8,0,0.3,5.3,,286,68.48,105.6
2024/3/1 10:45,1006.5,41,0,0.3,5.2,,757,100.49,105.6
2024/3/1 11:00,1006.5,41.2,0,0.3,5.1,,773,100.5,105.6
2024/3/1 11:15,1006.5,41.9,0,0.3,5,,788,100.39,105.6
2024/3/1 11:30,1006.5,42.2,0,0.4,4.9,,806,100.56,105.6
2024/3/1 11:45,1006.5,42.2,0,0.4,4.7,,813,100.59,105.6
2024/3/1 12:00,1006.5,42.4,0,0.4,4.6,,816,100.59,105.6
2024/3/1 12:15,1006.5,42.9,0,0.5,4.4,,822,100.61,105.6
2024/3/1 12:30,1006.5,43.3,0,0.5,4.3,,818,100.66,105.6
2024/3/1 12:45,1006.5,43.6,0,0.4,4,,812,100.64,105.6
2024/3/1 13:00,1006.5,43.7,0,0.4,3.8,,805,100.54,105.6
2024/3/1 13:15,1006.5,43.9,0,0.4,3.6,,795,100.62,105.6
2024/3/1 13:30,1006.5,43.9,0,0.4,3.4,,780,100.56,105.6
2024/3/1 13:45,1006.5,44,0,0.4,3.1,,759,100.28,105.6
2024/3/1 14:00,1006.5,43.8,0,0.3,2.9,,739,100.31,105.6
2024/3/1 14:15,1006.5,43.8,0,0.3,2.7,,716,99.96,105.6
2024/3/1 14:30,1006.5,44.8,0,0.3,2.5,,694,99.05,105.6
2024/3/1 14:45,1006.5,45.3,0,0.4,2.4,,669,95.02,105.6
2024/3/1 15:00,1006.5,45.4,0,0.4,2.3,,632,88.68,105.6
2024/3/1 15:15,1006.5,45.6,0,0.5,2.2,,584,81.48,105.6
2024/3/1 15:30,1006.5,44.4,0,0.6,2.1,,533,74.48,105.6
2024/3/1 15:45,1006.5,42.3,0,0.6,2.1,,469,66.22,105.6
2024/3/1 16:00,1006.5,40.5,0,0.6,2.1,,415,58.56,105.6
2024/3/1 16:15,1006.5,40,0,0.7,2.1,,342,49.24,105.6
2024/3/1 16:30,1006.5,39.4,0,0.9,2.1,,284,40.53,105.6
2024/3/1 16:45,1006.5,39.2,0,1,2.2,,215,30.82,105.6
2024/3/1 17:00,1006.5,39.8,0,1,2.2,,162,22.13,105.6
2024/3/1 17:15,1006.5,41.9,0,1,2.3,,102,10.06,105.6
2024/3/1 17:30,1006.5,45.7,0,1,2.3,,55,5.86,105.6
2024/3/1 17:45,1006.5,49.9,0,1,2.5,,16,1.97,105.6
2024/3/1 18:00,1006.5,53.3,0,0.9,2.6,,0,0,105.6
2024/3/1 18:15,1006.5,56,0,0.8,2.8,,0,0,105.6
2024/3/1 18:30,1006.5,58.9,0,0.7,2.9,,0,0,105.6
2024/3/1 18:45,1006.5,62.2,0,0.5,3.1,,0,0,105.6
2024/3/1 19:00,1006.5,64.8,0,0.4,3.2,,0,0,105.6
2024/3/1 19:15,1006.5,66.6,0,0.3,3.4,,0,0,105.6
2024/3/1 19:30,1006.4,68,0,0.2,3.7,,0,0,105.6
2024/3/1 19:45,1006.4,69.8,0,0.1,3.9,,0,0,105.6
2024/3/1 20:00,1006.4,71.8,0,-0.1,4.1,,0,0,105.6
2024/3/1 20:15,1006.4,72.5,0,-0.2,4.3,,0,0,105.6
2024/3/1 20:30,1006.4,72.4,0,-0.4,4.5,,0,0,105.6
2024/3/1 20:45,1006.4,73.3,0,-0.5,4.7,,0,0,105.6
2024/3/1 21:00,1006.4,74.5,0,-0.6,4.8,,0,0,105.6
2024/3/1 21:15,1006.4,75.1,0,-0.8,4.9,,0,0,105.6
2024/3/1 21:30,1006.4,75.6,0,-0.9,5,,0,0,105.6
2024/3/1 21:45,1006.4,75.4,0,-0.9,5.2,,0,0,105.6
2024/3/1 22:00,1006.4,75.9,0,-1,5.2,,0,0,105.6
2024/3/1 22:15,1006.4,75.9,0,-1,5.3,,0,0,105.6
2024/3/1 22:30,1006.4,76.1,0,-1,5.4,,0,0,105.6
2024/3/1 22:45,1006.4,77.5,0,-1.1,5.5,,0,0,105.6
2024/3/1 23:00,1006.4,78.7,0,-1.2,5.6,,0,0,105.6
2024/3/1 23:15,1006.4,79.2,0,-1.2,5.6,,0,0,105.6
2024/3/1 23:30,1006.4,79.8,0,-1.2,5.7,,0,0,105.6
2024/3/1 23:45,1006.4,81,0,-1.3,5.8,,0,0,105.6
2024/3/2 0:00,1006.4,79.7,0,-2.2,5.8,,0,0,105.6
2024/3/2 0:15,1006.4,80.5,0,-2.2,5.9,,0,0,105.6
2024/3/2 0:30,1006.4,81.2,0,-2.2,5.9,,0,0,105.6
2024/3/2 0:45,1006.4,82.1,0,-2.2,6,,0,0,105.6
2024/3/2 1:00,1006.4,83,0,-2.3,6,,0,0,105.6
2024/3/2 1:15,1006.4,83.8,0,-2.3,6.1,,0,0,105.6
2024/3/2 1:30,1006.4,84.7,0,-2.3,6.1,,0,0,105.6
2024/3/2 1:45,1006.4,85.5,0,-2.3,6.1,,0,0,105.6
2024/3/2 2:00,1006.4,86.4,0,-2.3,6.1,,0,0,105.6
2024/3/2 2:15,1006.4,87.5,0,-2.4,6.1,,0,0,105.6
2024/3/2 2:30,1006.4,88.5,0,-2.4,6.1,,0,0,105.6
2024/3/2 2:45,1006.4,89.5,0,-2.4,6.1,,0,0,105.6
2024/3/2 3:00,1006.4,90.3,0,-2.4,6.1,,0,0,105.6
2024/3/2 3:15,1006.4,90.8,0,-2.4,6.1,,0,0,105.6
2024/3/2 3:30,1006.4,91.1,0,-2.4,6,,0,0,105.6
2024/3/2 3:45,1006.4,91.4,0,-2.3,6,,0,0,105.6
2024/3/2 4:00,1006.3,91.6,0,-2.3,6,,0,0,105.6
2024/3/2 4:15,1006.3,92,0,-2.3,5.9,,0,0,105.6
2024/3/2 4:30,1006.3,92.5,0,-2.4,5.9,,0,0,105.6
2024/3/2 4:45,1006.3,92.9,0,-2.4,5.9,,0,0,105.6
2024/3/2 5:00,1006.3,93.2,0,-2.4,5.8,,0,0,105.6
2024/3/2 5:15,1006.3,93.5,0,-2.3,5.8,,0,0,105.6
2024/3/2 5:30,1006.3,93.9,0,-2.3,5.7,,0,0,105.6
2024/3/2 5:45,1006.3,94.6,0,-2.3,5.6,,0,0,105.6
2024/3/2 6:00,1006.3,94.7,0,-2.4,5.6,,0,0,105.6
2024/3/2 6:15,1006.3,94.8,0,-2.3,5.5,,0,0,105.6
2024/3/2 6:30,1006.3,94.8,0,-2.3,5.5,,0,0,105.6
2024/3/2 6:45,1006.3,94.8,0,-2.2,5.4,,0,0,105.6
2024/3/2 7:00,1006.3,94.9,0,-2.2,5.4,,0,0,105.6
2024/3/2 7:15,1006.3,94.8,0,-2.1,5.4,,63,8.02,105.6
2024/3/2 7:30,1006.3,94.5,0,-1.9,5.4,,106,14.35,105.6
2024/3/2 7:45,1006.3,93.9,0,-1.7,5.4,,159,22.78,105.6
2024/3/2 8:00,1006.4,93,0,-1.4,5.4,,210,30.31,105.6
2024/3/2 8:15,1006.4,91.6,0,-1,5.4,,274,39.24,105.6
2024/3/2 8:30,1006.4,89.8,0,-0.5,5.4,,332,46.91,105.6
2024/3/2 8:45,1006.4,88,0,-0.1,5.5,,422,55.11,105.6
2024/3/2 9:00,1006.4,86.3,0,0.4,5.5,,496,61.45,105.6
2024/3/2 9:15,1006.4,83.6,0,1.1,5.6,,503,69.46,105.6
2024/3/2 9:30,1006.4,79.9,0,1.7,5.7,,543,76.62,105.6
2024/3/2 9:45,1006.4,77,0,2.2,5.8,,581,82.54,105.6
2024/3/2 10:00,1006.4,74.5,0,2.6,5.9,,615,88.96,105.6
2024/3/2 10:15,1006.4,72.2,0,2.9,6,,642,93.66,105.6
2024/3/2 10:30,1006.4,69.5,0,3.3,6,,667,97.02,105.6
2024/3/2 10:45,1006.4,67.3,0,3.5,6.1,,692,98.92,105.6
2024/3/2 11:00,1006.4,67.3,0,3.4,6.1,,726,100.03,105.6
2024/3/2 11:15,1006.4,68.4,0,3.4,6.1,,745,100.29,105.6
2024/3/2 11:30,1006.4,70,0,3.4,6.1,,749,100.3,105.6
2024/3/2 11:45,1006.4,70.8,0,3.3,6.1,,762,100.41,105.6
2024/3/2 12:00,1006.4,68.1,0,3.3,6.1,,760,100.31,105.6
2024/3/2 12:15,1006.4,65.4,0,3.4,6.1,,781,100.42,105.6
2024/3/2 12:30,1006.4,64.3,0,3.4,6,,777,100.38,105.6
2024/3/2 12:45,1006.4,65,0,3.4,5.9,,751,100.2,105.6
2024/3/2 13:00,1006.4,66.7,0,3.4,5.8,,742,100.05,105.6
2024/3/2 13:15,1006.4,67.6,0,3.5,5.7,,723,99.31,105.6
2024/3/2 13:30,1006.4,67.6,0,3.5,5.6,,700,98.37,105.6
2024/3/2 13:45,1006.4,67.9,0,3.5,5.5,,680,96.31,105.6
2024/3/2 14:00,1006.4,68,0,3.5,5.4,,654,94.36,105.6
2024/3/2 14:15,1006.4,67.6,0,3.5,5.2,,627,89.11,105.6
2024/3/2 14:30,1006.4,67,0,3.5,5.1,,602,82.94,105.6
2024/3/2 14:45,1006.4,66.4,0,3.5,5,,562,77.18,105.6
2024/3/2 15:00,1006.4,65.3,0,3.5,4.8,,540,72.99,105.6
2024/3/2 15:15,1006.4,64,0,3.5,4.6,,490,65.66,105.6
2024/3/2 15:30,1006.4,62.3,0,3.5,4.4,,438,58.53,105.6
2024/3/2 15:45,1006.4,60.6,0,3.5,4.2,,382,51.26,105.6
2024/3/2 16:00,1006.4,59.3,0,3.6,4.1,,327,42.77,105.6
2024/3/2 16:15,1006.4,58.1,0,3.6,3.9,,264,34.73,105.6
2024/3/2 16:30,1006.4,57.5,0,3.6,3.8,,219,28.85,105.6
2024/3/2 16:45,1006.4,57.8,0,3.6,3.7,,165,21.03,105.6
2024/3/2 17:00,1006.4,58.4,0,3.6,3.5,,115,14.49,105.6
2024/3/2 17:15,1006.4,59.3,0,3.5,3.4,,73,8.4,105.6
2024/3/2 17:30,1006.4,60.8,0,3.4,3.3,,39,4.97,105.6
2024/3/2 17:45,1006.4,62.1,0,3.3,3.3,,12,1.92,105.6
2024/3/2 18:00,1006.4,62.4,0,3.2,3.2,,0,0.63,105.6
2024/3/2 18:15,1006.4,62.1,0,3.1,3.2,,0,0,105.6
2024/3/2 18:30,1006.4,61.3,0,3.1,3.2,,0,0,105.6
2024/3/2 18:45,1006.4,61.4,0,3,3.1,,0,0,105.6
2024/3/2 19:00,1006.4,62.5,0,3,3.1,,0,0,105.6
2024/3/2 19:15,1006.4,63.9,0,2.9,3.1,,0,0,105.6
2024/3/2 19:30,1006.4,64.7,0,2.9,3.1,,0,0,105.6
2024/3/2 19:45,1006.4,64.8,0,2.8,3.1,,0,0,105.6
2024/3/2 20:00,1006.4,65.2,0,2.6,3.1,,0,0,105.6
2024/3/2 20:15,1006.4,67,0,2.4,3.1,,0,0,105.6
2024/3/2 20:30,1006.4,69.4,0,2.1,3.1,,0,0,105.6
2024/3/2 20:45,1006.4,70.9,0,2,3.2,,0,0,105.6
2024/3/2 21:00,1006.4,71,0,1.9,3.2,,0,0,105.6
2024/3/2 21:15,1006.4,69.9,0,1.8,3.2,,0,0,105.6
2024/3/2 21:30,1006.4,69,0,1.7,3.2,,0,0,105.6
2024/3/2 21:45,1006.4,68,0,1.7,3.2,,0,0,105.6
2024/3/2 22:00,1006.4,67,0,1.6,3.3,,0,0,105.6
2024/3/2 22:15,1006.4,67.3,0,1.5,3.3,,0,0,105.6
2024/3/2 22:30,1006.4,68.6,0,1.3,3.3,,0,0,105.6
2024/3/2 22:45,1006.4,69.3,0,1.2,3.4,,0,0,105.6
2024/3/2 23:00,1006.4,69.9,0,1.1,3.4,,0,0,105.6
2024/3/2 23:15,1006.4,69.9,0,1,3.5,,0,0,105.6
2024/3/2 23:30,1006.4,69.9,0,1,3.5,,0,0,105.6
2024/3/2 23:45,1006.4,70.6,0,0.9,3.5,,0,0,105.6
2024/3/3 0:00,1006.4,77.9,0,0.7,3.4,,0,0,105.6
2024/3/3 0:15,1006.4,78.6,0,0.6,3.5,,0,0,105.6
2024/3/3 0:30,1006.4,79.3,0,0.6,3.5,,0,0,105.6
2024/3/3 0:45,1006.4,80.2,0,0.5,3.5,,0,0,105.6
2024/3/3 1:00,1006.4,81,0,0.4,3.5,,0,0,105.6
2024/3/3 1:15,1006.4,81.7,0,0.3,3.6,,0,0,105.6
2024/3/3 1:30,1006.4,81.8,0,0.3,3.6,,0,0,105.6
2024/3/3 1:45,1006.4,81.3,0,0.3,3.6,,0,0,105.6
2024/3/3 2:00,1006.4,81,0,0.3,3.6,,0,0,105.6
2024/3/3 2:15,1006.4,81.5,0,0.2,3.6,,0,0,105.6
2024/3/3 2:30,1006.4,82.6,0,0.1,3.6,,0,0,105.6
2024/3/3 2:45,1006.4,83.9,0,0,3.6,,0,0,105.6
2024/3/3 3:00,1006.4,84.9,0,-0.2,3.7,,0,0,105.6
2024/3/3 3:15,1006.3,86,0,-0.4,3.7,,0,0,105.6
2024/3/3 3:30,1006.3,87,0,-0.5,3.7,,0,0,105.6
2024/3/3 3:45,1006.3,87.8,0,-0.6,3.7,,0,0,105.6
2024/3/3 4:00,1006.3,88.1,0,-0.6,3.7,,0,0,105.6
2024/3/3 4:15,1006.3,88.2,0,-0.6,3.8,,0,0,105.6
2024/3/3 4:30,1006.3,88.1,0,-0.6,3.8,,0,0,105.6
2024/3/3 4:45,1006.3,88.4,0,-0.7,3.8,,0,0,105.6
2024/3/3 5:00,1006.3,88.8,0,-0.8,3.8,,0,0,105.6
2024/3/3 5:15,1006.3,89.5,0,-0.8,3.8,,0,0,105.6
2024/3/3 5:30,1006.3,90.2,0,-0.8,3.8,,0,0,105.6
2024/3/3 5:45,1006.3,90.9,0,-0.8,3.8,,0,0,105.6
2024/3/3 6:00,1006.3,91.6,0,-0.8,3.9,,0,0,105.6
2024/3/3 6:15,1006.3,92.4,0,-0.9,3.9,,0,0,105.6
2024/3/3 6:30,1006.3,93,0,-0.9,3.9,,0,0.43,105.6
2024/3/3 6:45,1006.3,93.6,0,-0.9,3.9,,11,1.89,105.6
2024/3/3 7:00,1006.3,94,0,-0.9,3.9,,32,4.38,105.6
2024/3/3 7:15,1006.3,94.3,0,-0.9,3.9,,67,8.44,105.6
2024/3/3 7:30,1006.3,94.5,0,-0.8,3.9,,106,14.29,105.6
2024/3/3 7:45,1006.3,94.4,0,-0.6,3.9,,158,21.56,105.6
2024/3/3 8:00,1006.3,94.3,0,-0.4,3.9,,206,28.29,105.6
2024/3/3 8:15,1006.4,94.4,0,-0.1,3.8,,262,36.03,105.6
2024/3/3 8:30,1006.4,94.4,0,0.3,3.7,,314,42.17,105.6
2024/3/3 8:45,1006.4,93.8,0,0.8,3.7,,402,50.29,105.6
2024/3/3 9:00,1006.4,93.4,0,1.1,3.6,,463,56.86,105.6
2024/3/3 9:15,1006.4,93.3,0,1.4,3.6,,473,64.16,105.6
2024/3/3 9:30,1006.4,93.1,0,1.7,3.5,,513,70.06,105.6
2024/3/3 9:45,1006.4,92.9,0,2,3.5,,553,76.39,105.6
2024/3/3 10:00,1006.4,91.8,0,2.3,3.5,,589,80.86,105.6
2024/3/3 10:15,1006.4,90.8,0,2.7,3.5,,614,86.77,105.6
2024/3/3 10:30,1006.4,89.9,0,3.1,3.5,,636,89.46,105.6
2024/3/3 10:45,1006.4,88.5,0,3.5,3.5,,668,94.13,105.6
2024/3/3 11:00,1006.4,86,0,3.9,3.5,,686,96.92,105.6
2024/3/3 11:15,1006.4,83.1,0,4.3,3.6,,710,98.22,105.6
2024/3/3 11:30,1006.4,80.1,0,4.5,3.6,,718,98.71,105.6
2024/3/3 11:45,1006.4,79.1,0,4.2,3.6,,731,99.52,105.6
2024/3/3 12:00,1006.4,78.8,0,3.9,3.6,,738,99.56,105.6
2024/3/3 12:15,1006.4,79.3,0,3.7,3.6,,747,99.8,105.6
2024/3/3 12:30,1006.4,81,0,3.5,3.6,,737,99.55,105.6
2024/3/3 12:45,1006.4,83.5,0,3.2,3.6,,744,99.63,105.6
2024/3/3 13:00,1006.4,85.9,0,2.7,3.6,,732,99.47,105.6
2024/3/3 13:15,1006.4,86.9,0,2.4,3.6,,708,98.51,105.6
2024/3/3 13:30,1006.4,87,0,2.3,3.6,,697,97.58,105.6
2024/3/3 13:45,1006.4,88.2,0,2.1,3.7,,673,94.52,105.6
2024/3/3 14:00,1006.4,88.8,0,2,3.7,,650,91.13,105.6
2024/3/3 14:15,1006.4,87.1,0,2,3.7,,625,86.27,105.6
2024/3/3 14:30,1006.4,85.7,0,2.1,3.7,,598,81.71,105.6
2024/3/3 14:45,1006.4,84.5,0,2.1,3.7,,564,76.13,105.6
2024/3/3 15:00,1006.4,82.6,0,2.2,3.7,,524,70.12,105.6
2024/3/3 15:15,1006.4,82,0,2.3,3.6,,483,63.68,105.6
2024/3/3 15:30,1006.4,82.5,0,2.2,3.6,,436,57.55,105.6
2024/3/3 15:45,1006.4,83,0,2.1,3.5,,388,50.55,105.6
2024/3/3 16:00,1006.4,83.2,0,2.1,3.4,,337,44.25,105.6
2024/3/3 16:15,1006.4,83.2,0,2.1,3.3,,277,36.26,105.6
2024/3/3 16:30,1006.4,83.2,0,2.1,3.2,,227,29.24,105.6
2024/3/3 16:45,1006.4,83.4,0,2.2,3.1,,171,21.73,105.6
2024/3/3 17:00,1006.4,83.6,0,2.3,3,,127,15.69,105.6
2024/3/3 17:15,1006.4,83.9,0,2.4,3,,77,7.86,105.6
2024/3/3 17:30,1006.4,84.4,0,2.4,2.9,,37,4.66,105.6
2024/3/3 17:45,1006.4,85.1,0,2.5,2.8,,4,1.16,105.6
2024/3/3 18:00,1006.4,85.7,0,2.6,2.8,,0,0.36,105.6
2024/3/3 18:15,1006.4,85,0,2.8,2.7,,0,0,105.6
2024/3/3 18:30,1006.4,84.8,0,3.1,2.7,,0,0,105.6
2024/3/3 18:45,1006.4,84.8,0,3.3,2.7,,0,0,105.6
2024/3/3 19:00,1006.4,85.6,0,3.4,2.7,,0,0,105.6
2024/3/3 19:15,1006.4,87,0,3.4,2.7,,0,0,105.6
2024/3/3 19:30,1006.4,88.7,0,3.4,2.7,,0,0,105.6
2024/3/3 19:45,1006.4,90.4,0,3.5,2.7,,0,0,105.6
2024/3/3 20:00,1006.4,92.4,0,3.5,2.8,,0,0,105.6
2024/3/3 20:15,1006.4,93.5,0,3.5,2.8,,0,0,105.6
2024/3/3 20:30,1006.4,94.2,0,3.4,2.9,,0,0,105.6
2024/3/3 20:45,1006.4,94.8,0,3.2,2.9,,0,0,105.6
2024/3/3 21:00,1006.4,94.8,0,3,3,,0,0,105.6
2024/3/3 21:15,1006.4,94.9,0,2.9,3,,0,0,105.6
2024/3/3 21:30,1006.4,94.7,0,2.9,3.1,,0,0,105.6
2024/3/3 21:45,1006.4,94.2,0,2.8,3.1,,0,0,105.6
2024/3/3 22:00,1006.4,93.5,0,2.8,3.2,,0,0,105.6
2024/3/3 22:15,1006.4,92.9,0,2.8,3.3,,0,0,105.6
2024/3/3 22:30,1006.4,92.7,0,2.8,3.3,,0,0,105.6
2024/3/3 22:45,1006.4,92.5,0,2.8,3.4,,0,0,105.6
2024/3/3 23:00,1006.4,93,0,2.7,3.4,,0,0,105.6
2024/3/3 23:15,1006.4,93.7,0,2.6,3.5,,0,0,105.6
2024/3/3 23:30,1006.4,94.4,0,2.5,3.5,,0,0,105.6
2024/3/3 23:45,1006.4,95,0,2.3,3.5,,0,0,105.6
2024/3/4 0:00,1006.4,84.8,0,2.5,4.9,,0,0,105.6
2024/3/4 0:15,1006.4,85.1,0,2.5,4.9,,0,0,105.6
2024/3/4 0:30,1006.4,85.5,0,2.4,4.9,,0,0,105.6
2024/3/4 0:45,1006.4,85.8,0,2.4,5,,0,0,105.6
2024/3/4 1:00,1006.4,86.2,0,2.4,5,,0,0,105.6
2024/3/4 1:15,1006.4,86.4,0,2.3,5,,0,0,105.6
2024/3/4 1:30,1006.4,86.4,0,2.3,5,,0,0,105.6
2024/3/4 1:45,1006.4,86.4,0,2.3,5,,0,0,105.6
2024/3/4 2:00,1006.4,86.1,0,2.3,5,,0,0,105.6
2024/3/4 2:15,1006.4,85.2,0,2.3,5,,0,0,105.6
2024/3/4 2:30,1006.4,84.4,0,2.3,5,,0,0,105.6
2024/3/4 2:45,1006.4,83.9,0,2.3,5,,0,0,105.6
2024/3/4 3:00,1006.4,83.7,0,2.3,5.1,,0,0,105.6
2024/3/4 3:15,1006.4,83.8,0,2.3,5.1,,0,0,105.6
2024/3/4 3:30,1006.4,84.1,0,2.3,5.1,,0,0,105.6
2024/3/4 3:45,1006.4,84.4,0,2.4,5.1,,0,0,105.6
2024/3/4 4:00,1006.4,84.9,0,2.4,5.1,,0,0,105.6
2024/3/4 4:15,1006.4,85.6,0,2.4,5.1,,0,0,105.6
2024/3/4 4:30,1006.4,86.1,0,2.4,5.1,,0,0,105.6
2024/3/4 4:45,1006.4,86.4,0,2.4,5.1,,0,0,105.6
2024/3/4 5:00,1006.4,86.6,0,2.4,5.1,,0,0,105.6
2024/3/4 5:15,1006.4,86.9,0,2.4,5.1,,0,0,105.6
2024/3/4 5:30,1006.4,87,0,2.4,5.2,,0,0,105.6
2024/3/4 5:45,1006.4,87.2,0,2.5,5.2,,0,0,105.6
2024/3/4 6:00,1006.4,87.4,0,2.5,5.2,,0,0,105.6
2024/3/4 6:15,1006.4,87.5,0,2.5,5.2,,0,0,105.6
2024/3/4 6:30,1006.4,87.6,0,2.5,5.2,,0,0.35,105.6
2024/3/4 6:45,1006.4,87.9,0,2.6,5.2,,11,1.7,105.6
2024/3/4 7:00,1006.4,88.2,0,2.6,5.3,,30,3.75,105.6
2024/3/4 7:15,1006.4,88.5,0,2.6,5.3,,49,6.21,105.6
2024/3/4 7:30,1006.4,88.5,0,2.7,5.3,,72,9.1,105.6
2024/3/4 7:45,1006.4,88.4,0,2.9,5.4,,144,19.58,105.6
2024/3/4 8:00,1006.4,88.2,0,3.1,5.4,,181,21.64,105.6
2024/3/4 8:15,1006.4,87.6,0,3.4,5.5,,252,31.64,105.6
2024/3/4 8:30,1006.4,87,0,3.6,5.5,,271,32.82,105.6
2024/3/4 8:45,1006.4,86.1,0,4,5.6,,279,36.37,105.6
2024/3/4 9:00,1006.4,85.2,0,4.3,5.6,,273,36.82,105.6
2024/3/4 9:15,1006.4,84.1,0,4.6,5.6,,347,43.13,105.6
2024/3/4 9:30,1006.4,82.6,0,4.9,5.7,,377,53.31,105.6
2024/3/4 9:45,1006.5,80.7,0,5.2,5.7,,557,68.66,105.6
2024/3/4 10:00,1006.5,79.2,0,5.5,5.7,,556,69.79,105.6
2024/3/4 10:15,1006.5,78.1,0,5.8,5.8,,469,63.98,105.6
2024/3/4 10:30,1006.5,76.4,0,6.1,5.8,,636,75.25,105.6
2024/3/4 10:45,1006.5,74.6,0,6.3,5.9,,503,59.37,105.6
2024/3/4 11:00,1006.5,73.6,0,6.5,5.9,,520,86.86,105.6
2024/3/4 11:15,1006.5,72.5,0,6.8,6,,472,56.52,105.6
2024/3/4 11:30,1006.5,71.3,0,7,6,,733,77.19,105.6
2024/3/4 11:45,1006.5,70.4,0,7.2,6.1,,784,88.71,105.6
2024/3/4 12:00,1006.5,68.2,0,7.4,6.1,,832,100.62,105.6
2024/3/4 12:15,1006.5,66.7,0,7.5,6.1,,574,67.24,105.6
2024/3/4 12:30,1006.5,66.1,0,7.7,6.2,,575,54.67,105.6
2024/3/4 12:45,1006.5,65.3,0,7.8,6.2,,370,38.33,105.6
2024/3/4 13:00,1006.5,65,0,7.8,6.2,,295,34.99,105.6
2024/3/4 13:15,1006.5,65.9,0,7.9,6.2,,250,29.46,105.6
2024/3/4 13:30,1006.5,66.7,0,7.9,6.2,,228,27.56,105.6
2024/3/4 13:45,1006.5,67.3,0,7.9,6.2,,205,24.32,105.6
2024/3/4 14:00,1006.5,67.7,0,8,6.2,,186,21,105.6
2024/3/4 14:15,1006.5,67.3,0,8,6.2,,167,20.65,105.6
2024/3/4 14:30,1006.5,67.5,0,7.9,6.2,,186,21.25,105.6
2024/3/4 14:45,1006.5,67.9,0,7.9,6.1,,227,28.62,105.6
2024/3/4 15:00,1006.5,68.7,0,7.9,6.1,,215,23.24,105.6
2024/3/4 15:15,1006.5,69.2,0,7.9,6,,133,14.46,105.6
2024/3/4 15:30,1006.5,69.6,0,7.9,6,,92,12.25,105.6
2024/3/4 15:45,1006.5,70.1,0,7.8,5.9,,82,10.95,105.6
2024/3/4 16:00,1006.5,70.6,0,7.7,5.8,,64,7.11,105.6
2024/3/4 16:15,1006.5,70.9,0,7.5,5.7,,43,5.32,105.6
2024/3/4 16:30,1006.5,71.3,0,7.4,5.6,,33,4.78,105.6
2024/3/4 16:45,1006.5,71.7,0,7.3,5.5,,28,3.8,105.6
2024/3/4 17:00,1006.5,72.6,0,7.1,5.4,,24,3.2,105.6
2024/3/4 17:15,1006.5,74.2,0,6.9,5.3,,14,1.98,105.6
2024/3/4 17:30,1006.5,76.1,0,6.6,5.2,,9,1.49,105.6
2024/3/4 17:45,1006.5,78.2,0,6.4,5.1,,1,0.58,105.6
2024/3/4 18:00,1006.5,79.8,0,6.1,4.9,,0,0.24,105.6
2024/3/4 18:15,1006.5,81.4,0,6,4.8,,0,0,105.6
2024/3/4 18:30,1006.5,83,0,5.8,4.7,,0,0,105.6
2024/3/4 18:45,1006.5,84.6,0,5.6,4.6,,0,0,105.6
2024/3/4 19:00,1006.4,86,0,5.5,4.5,,0,0,105.6
2024/3/4 19:15,1006.4,86.9,0,5.3,4.4,,0,0,105.6
2024/3/4 19:30,1006.4,87.8,0,5.2,4.3,,0,0,105.6
2024/3/4 19:45,1006.4,88.6,0,5.1,4.1,,0,0,105.6
2024/3/4 20:00,1006.4,89.1,0,5.1,4,,0,0,105.6
2024/3/4 20:15,1006.4,89.3,0,5.1,3.9,,0,0,105.6
2024/3/4 20:30,1006.4,89.5,0.1,5,3.8,,0,0,105.6
2024/3/4 20:45,1006.4,89.7,0.2,5,3.7,,0,0,105.6
2024/3/4 21:00,1006.4,89.9,0.2,4.9,3.6,,0,0,105.6
2024/3/4 21:15,1006.4,90,0.3,4.9,3.5,,0,0,105.6
2024/3/4 21:30,1006.4,90.1,0.2,4.8,3.4,,0,0,105.6
2024/3/4 21:45,1006.4,90.3,0.2,4.8,3.4,,0,0,105.6
2024/3/4 22:00,1006.4,90.5,0.2,4.8,3.4,,0,0,105.6
2024/3/4 22:15,1006.4,90.7,0.2,4.8,3.3,,0,0,105.6
2024/3/4 22:30,1006.4,90.6,0.2,4.8,3.3,,0,0,105.6
2024/3/4 22:45,1006.4,90.3,0.2,4.8,3.3,,0,0,105.6
2024/3/4 23:00,1006.4,89.9,0.3,4.8,3.3,,0,0,105.6
2024/3/4 23:15,1006.4,89.5,0.3,4.7,3.2,,0,0,105.6
2024/3/4 23:30,1006.4,89.2,0.3,4.7,3.2,,0,0,105.6
2024/3/4 23:45,1006.4,88.9,0.3,4.5,3.2,,0,0,105.6
2024/3/5 0:00,1006.4,93.4,0.3,4.2,3.3,,0,0,105.6
2024/3/5 0:15,1006.4,93.6,0.3,4.2,3.3,,0,0,105.6
2024/3/5 0:30,1006.4,93.9,0.4,4.2,3.3,,0,0,105.6
2024/3/5 0:45,1006.4,94.2,0.3,4.2,3.4,,0,0,105.6
2024/3/5 1:00,1006.4,94.3,0.3,4.1,3.4,,0,0,105.6
2024/3/5 1:15,1006.4,94.3,0.2,4.1,3.4,,0,0,105.6
2024/3/5 1:30,1006.4,94.5,0.2,4.1,3.5,,0,0,105.6
2024/3/5 1:45,1006.4,94.7,0.2,4,3.5,,0,0,105.6
2024/3/5 2:00,1006.4,95,0.4,3.9,3.5,,0,0,105.6
2024/3/5 2:15,1006.4,95.3,0.4,3.9,3.5,,0,0,105.6
2024/3/5 2:30,1006.4,95.8,0.5,3.8,3.6,,0,0,105.6
2024/3/5 2:45,1006.4,96.3,0.5,3.7,3.6,,0,0,105.6
2024/3/5 3:00,1006.4,96.8,0.6,3.7,3.6,,0,0,105.6
2024/3/5 3:15,1006.4,97.1,0.6,3.7,3.6,,0,0,105.6
2024/3/5 3:30,1006.4,97.4,0.6,3.6,3.7,,0,0,105.6
2024/3/5 3:45,1006.4,97.6,0.6,3.6,3.7,,0,0,105.6
2024/3/5 4:00,1006.4,97.6,0.6,3.6,3.8,,0,0,105.6
2024/3/5 4:15,1006.4,97.6,0.6,3.6,3.8,,0,0,105.6
2024/3/5 4:30,1006.4,97.5,0.5,3.6,3.9,,0,0,105.6
2024/3/5 4:45,1006.4,97.5,0.5,3.7,3.9,,0,0,105.6
2024/3/5 5:00,1006.4,97.6,0.6,3.6,3.9,,0,0,105.6
2024/3/5 5:15,1006.4,97.8,0.7,3.6,3.9,,0,0,105.6
2024/3/5 5:30,1006.4,97.7,0.8,3.6,4,,0,0,105.6
2024/3/5 5:45,1006.4,97.6,0.8,3.5,4,,0,0,105.6
2024/3/5 6:00,1006.4,97.4,0.7,3.5,4,,0,0,105.6
2024/3/5 6:15,1006.4,97.1,0.7,3.5,3.9,,0,0,105.6
2024/3/5 6:30,1006.4,96.8,0.8,3.5,3.9,,0,0,105.6
2024/3/5 6:45,1006.4,96.7,0.9,3.5,3.9,,0,0.33,105.6
2024/3/5 7:00,1006.4,96.9,0.8,3.5,3.9,,5,1.02,105.6
2024/3/5 7:15,1006.4,97,0.8,3.5,3.9,,8,1.29,105.6
2024/3/5 7:30,1006.4,96.9,0.7,3.5,3.9,,11,1.74,105.6
2024/3/5 7:45,1006.4,96.8,0.7,3.5,3.9,,18,2.65,105.6
2024/3/5 8:00,1006.4,96.4,0.6,3.6,3.9,,34,4.19,105.6
2024/3/5 8:15,1006.4,96,0.6,3.7,4,,25,3.11,105.6
2024/3/5 8:30,1006.4,95.4,0.5,3.8,4,,58,7.49,105.6
2024/3/5 8:45,1006.4,94.2,0.4,4,4.1,,70,9.71,105.6
2024/3/5 9:00,1006.4,92.8,0.4,4.2,4.2,,65,8.88,105.6
2024/3/5 9:15,1006.4,91.1,0.4,4.5,4.2,,76,8.16,105.6
2024/3/5 9:30,1006.4,89,0.4,4.8,4.3,,64,7.56,105.6
2024/3/5 9:45,1006.4,86.9,0.4,5.1,4.4,,70,8.05,105.6
2024/3/5 10:00,1006.4,85.1,0.3,5.4,4.5,,58,7.31,105.6
2024/3/5 10:15,1006.4,83.7,0.4,5.6,4.6,,61,8.51,105.6
2024/3/5 10:30,1006.4,81.9,0.5,5.7,4.7,,82,11.27,105.6
2024/3/5 10:45,1006.4,80,0.5,5.7,4.9,,71,9.78,105.6
2024/3/5 11:00,1006.4,78.6,0.6,5.6,5.1,,97,13.08,105.6
2024/3/5 11:15,1006.4,79.4,0.4,5.2,5.2,,73,11.92,105.6
2024/3/5 11:30,1006.4,79.5,0.3,5,5.4,,100,11.31,105.6
2024/3/5 11:45,1006.4,79.6,0.2,4.9,5.6,,137,18.32,105.6
2024/3/5 12:00,1006.4,79.5,0.2,4.8,5.8,,182,24.21,105.6
2024/3/5 12:15,1006.4,79.3,0.2,4.7,5.9,,229,28.4,105.6
2024/3/5 12:30,1006.4,79.3,0.2,4.7,6.1,,245,29.83,105.6
2024/3/5 12:45,1006.4,80.1,0.1,4.5,6.3,,234,29.54,105.6
2024/3/5 13:00,1006.4,81.6,0.2,4.3,6.5,,275,36.7,105.6
2024/3/5 13:15,1006.4,82.5,0.1,4,6.7,,274,34.35,105.6
2024/3/5 13:30,1006.4,82.6,0.1,3.9,6.9,,232,29.1,105.6
2024/3/5 13:45,1006.4,82.3,0.1,3.8,7.1,,188,25.63,105.6
2024/3/5 14:00,1006.4,81.6,0.2,3.8,7.2,,172,22.83,105.6
2024/3/5 14:15,1006.4,81,0.1,3.8,7.4,,193,24.85,105.6
2024/3/5 14:30,1006.4,80.2,0.1,3.8,7.5,,214,27.26,105.6
2024/3/5 14:45,1006.4,79.6,0.1,3.7,7.6,,207,26.75,105.6
2024/3/5 15:00,1006.4,79.2,0,3.7,7.7,,228,29.29,105.6
2024/3/5 15:15,1006.4,79.1,0,3.6,7.8,,200,23.95,105.6
2024/3/5 15:30,1006.4,79,0,3.5,7.8,,188,23.16,105.6
2024/3/5 15:45,1006.4,79.3,0,3.4,7.8,,153,18.18,105.6
2024/3/5 16:00,1006.4,79,0,3.4,7.8,,128,15.77,105.6
2024/3/5 16:15,1006.4,78.5,0,3.3,7.8,,89,10.56,105.6
2024/3/5 16:30,1006.4,78.5,0,3.2,7.8,,91,10.61,105.6
2024/3/5 16:45,1006.4,78.2,0,3.2,7.7,,86,10.29,105.6
2024/3/5 17:00,1006.4,78.2,0,3.1,7.7,,83,9.75,105.6
2024/3/5 17:15,1006.4,78.4,0,3,7.6,,57,6.7,105.6
2024/3/5 17:30,1006.4,78.8,0,2.9,7.5,,36,4.16,105.6
2024/3/5 17:45,1006.4,79.4,0,2.8,7.4,,14,1.93,105.6
2024/3/5 18:00,1006.4,80.1,0,2.8,7.3,,0,0.57,105.6
2024/3/5 18:15,1006.4,80.5,0,2.7,7.2,,0,0,105.6
2024/3/5 18:30,1006.4,80.7,0,2.7,7.1,,0,0,105.6
2024/3/5 18:45,1006.4,80.9,0,2.7,6.9,,0,0,105.6
2024/3/5 19:00,1006.4,81,0,2.6,6.8,,0,0,105.6
2024/3/5 19:15,1006.4,81.2,0,2.6,6.7,,0,0,105.6
2024/3/5 19:30,1006.4,81.3,0,2.6,6.5,,0,0,105.6
2024/3/5 19:45,1006.4,81.4,0,2.6,6.4,,0,0,105.6
2024/3/5 20:00,1006.4,81.4,0,2.5,6.3,,0,0,105.6
2024/3/5 20:15,1006.4,81.6,0,2.5,6.1,,0,0,105.6
2024/3/5 20:30,1006.4,81.9,0,2.5,6,,0,0,105.6
2024/3/5 20:45,1006.4,81.9,0,2.4,5.9,,0,0,105.6
2024/3/5 21:00,1006.4,81.9,0,2.4,5.8,,0,0,105.6
2024/3/5 21:15,1006.4,82,0,2.4,5.7,,0,0,105.6
2024/3/5 21:30,1006.4,82.2,0,2.3,5.7,,0,0,105.6
2024/3/5 21:45,1006.4,82.5,0,2.3,5.6,,0,0,105.6
2024/3/5 22:00,1006.4,82.9,0,2.3,5.6,,0,0,105.6
2024/3/5 22:15,1006.4,83.3,0,2.3,5.5,,0,0,105.6
2024/3/5 22:30,1006.4,83.7,0,2.3,5.5,,0,0,105.6
2024/3/5 22:45,1006.4,84.1,0,2.3,5.5,,0,0,105.6
2024/3/5 23:00,1006.4,84.4,0,2.3,5.4,,0,0,105.6
2024/3/5 23:15,1006.4,84.7,0,2.3,5.4,,0,0,105.6
2024/3/5 23:30,1006.4,84.8,0,2.3,5.4,,0,0,105.6
2024/3/5 23:45,1006.4,84.7,0,2.3,5.4,,0,0,105.6
2024/3/6 0:00,1006.4,79.9,0,3.1,6.5,,0,0,105.6
2024/3/6 0:15,1006.4,79.6,0,3.1,6.5,,0,0,105.6
2024/3/6 0:30,1006.4,79.3,0,3.1,6.6,,0,0,105.6
2024/3/6 0:45,1006.4,79.1,0,3.1,6.6,,0,0,105.6
2024/3/6 1:00,1006.4,78.7,0,3.1,6.6,,0,0,105.6
2024/3/6 1:15,1006.4,78.3,0,3.1,6.7,,0,0,105.6
2024/3/6 1:30,1006.4,77.7,0,3.2,6.7,,0,0,105.6
2024/3/6 1:45,1006.4,77.3,0,3.2,6.8,,0,0,105.6
2024/3/6 2:00,1006.4,77,0,3.2,6.8,,0,0,105.6
2024/3/6 2:15,1006.4,76.8,0,3.1,6.9,,0,0,105.6
2024/3/6 2:30,1006.4,76.6,0,3.1,6.9,,0,0,105.6
2024/3/6 2:45,1006.4,76.3,0,3.1,7,,0,0,105.6
2024/3/6 3:00,1006.4,76.1,0,3.1,7.1,,0,0,105.6
2024/3/6 3:15,1006.4,75.8,0,3.1,7.1,,0,0,105.6
2024/3/6 3:30,1006.4,75.5,0,3.1,7.2,,0,0,105.6
2024/3/6 3:45,1006.4,75.1,0,3.1,7.2,,0,0,105.6
2024/3/6 4:00,1006.4,74.6,0,3.1,7.3,,0,0,105.6
2024/3/6 4:15,1006.4,74.1,0,3.1,7.3,,0,0,105.6
2024/3/6 4:30,1006.4,73.7,0,3.1,7.3,,0,0,105.6
2024/3/6 4:45,1006.4,73.4,0,3,7.4,,0,0,105.6
2024/3/6 5:00,1006.4,73.2,0,3,7.4,,0,0,105.6
2024/3/6 5:15,1006.4,73.1,0,3,7.4,,0,0,105.6
2024/3/6 5:30,1006.4,72.9,0,3,7.4,,0,0,105.6
2024/3/6 5:45,1006.4,72.7,0,3,7.4,,0,0,105.6
2024/3/6 6:00,1006.4,72.6,0,2.9,7.4,,0,0,105.6
2024/3/6 6:15,1006.4,72.5,0,2.9,7.4,,0,0,105.6
2024/3/6 6:30,1006.4,72.5,0,2.9,7.4,,0,0.44,105.6
2024/3/6 6:45,1006.4,72.6,0,2.8,7.3,,19,2.86,105.6
2024/3/6 7:00,1006.4,72.6,0,2.8,7.3,,48,6.27,105.6
2024/3/6 7:15,1006.4,72.6,0,2.8,7.3,,88,11.16,105.6
2024/3/6 7:30,1006.5,72.3,0,2.9,7.3,,116,14.52,105.6
2024/3/6 7:45,1006.5,71.8,0,2.9,7.3,,125,16.13,105.6
2024/3/6 8:00,1006.5,71.1,0,3,7.3,,153,22.17,105.6
2024/3/6 8:15,1006.5,70.3,0,3.1,7.3,,247,32.48,105.6
2024/3/6 8:30,1006.5,69.4,0,3.1,7.3,,293,41.14,105.6
2024/3/6 8:45,1006.5,68.4,0,3.2,7.3,,365,49.37,105.6
2024/3/6 9:00,1006.5,67.2,0,3.3,7.3,,430,57.14,105.6
2024/3/6 9:15,1006.5,66.1,0,3.4,7.3,,404,56.32,105.6
2024/3/6 9:30,1006.5,65,0,3.5,7.3,,391,59.58,105.6
2024/3/6 9:45,1006.5,63.8,0,3.6,7.3,,501,72.39,105.6
2024/3/6 10:00,1006.5,62.5,0,3.7,7.4,,601,90.09,105.6
2024/3/6 10:15,1006.5,61.8,0,3.7,7.4,,656,98.61,105.6
2024/3/6 10:30,1006.5,62,0,3.8,7.4,,683,99.92,105.6
2024/3/6 10:45,1006.5,62.3,0,3.8,7.5,,706,100.54,105.6
2024/3/6 11:00,1006.5,62.4,0,3.8,7.5,,737,100.7,105.6
2024/3/6 11:15,1006.5,62.4,0,3.8,7.5,,761,100.69,105.6
2024/3/6 11:30,1006.5,62.5,0,3.8,7.6,,762,100.73,105.6
2024/3/6 11:45,1006.5,62.8,0,3.7,7.6,,778,100.78,105.6
2024/3/6 12:00,1006.5,63.2,0,3.7,7.6,,782,100.78,105.6
2024/3/6 12:15,1006.5,63.7,0,3.6,7.6,,789,100.77,105.6
2024/3/6 12:30,1006.5,64.2,0,3.5,7.7,,792,100.78,105.6
2024/3/6 12:45,1006.5,64.6,0,3.5,7.7,,782,100.78,105.6
2024/3/6 13:00,1006.5,65,0,3.4,7.7,,774,100.78,105.6
2024/3/6 13:15,1006.5,65.2,0,3.4,7.6,,759,100.77,105.6
2024/3/6 13:30,1006.5,65.4,0,3.3,7.6,,748,100.69,105.6
2024/3/6 13:45,1006.5,65.5,0,3.2,7.6,,723,100.49,105.6
2024/3/6 14:00,1006.5,65.5,0,3.2,7.5,,714,100.36,105.6
2024/3/6 14:15,1006.5,65.6,0,3.1,7.5,,684,99.76,105.6
2024/3/6 14:30,1006.4,65.6,0,3.1,7.4,,646,95.78,105.6
2024/3/6 14:45,1006.5,65.7,0,3.1,7.3,,611,92.32,105.6
2024/3/6 15:00,1006.4,66,0,3,7.2,,573,84.87,105.6
2024/3/6 15:15,1006.4,66.2,0,3,7.1,,463,67.68,105.6
2024/3/6 15:30,1006.4,66.5,0,2.9,7,,482,71.6,105.6
2024/3/6 15:45,1006.4,66.7,0,2.9,6.9,,424,62.66,105.6
2024/3/6 16:00,1006.4,66.8,0,2.8,6.7,,384,56.03,105.6
2024/3/6 16:15,1006.4,66.8,0,2.7,6.6,,313,46.23,105.6
2024/3/6 16:30,1006.4,66.9,0,2.7,6.4,,262,36.37,105.6
2024/3/6 16:45,1006.4,66.9,0,2.6,6.3,,197,26.83,105.6
2024/3/6 17:00,1006.4,66.9,0,2.5,6.1,,151,19.69,105.6
2024/3/6 17:15,1006.4,67,0,2.6,5.9,,98,12.06,105.6
2024/3/6 17:30,1006.4,67,0,2.6,5.7,,60,6.32,105.6
2024/3/6 17:45,1006.4,67.2,0,2.5,5.5,,26,3.08,105.6
2024/3/6 18:00,1006.4,67.7,0,2.5,5.3,,4,0.96,105.6
2024/3/6 18:15,1006.4,68.2,0,2.5,5.1,,0,0,105.6
2024/3/6 18:30,1006.4,68.2,0,2.4,4.9,,0,0,105.6
2024/3/6 18:45,1006.4,68.2,0,2.4,4.7,,0,0,105.6
2024/3/6 19:00,1006.4,68.3,0,2.3,4.5,,0,0,105.6
2024/3/6 19:15,1006.4,68.5,0,2.3,4.3,,0,0,105.6
2024/3/6 19:30,1006.4,68.5,0,2.2,4.1,,0,0,105.6
2024/3/6 19:45,1006.4,68.9,0,2.2,3.8,,0,0,105.6
2024/3/6 20:00,1006.4,69.7,0,2.2,3.6,,0,0,105.6
2024/3/6 20:15,1006.4,70.1,0,2.2,3.4,,0,0,105.6
2024/3/6 20:30,1006.4,70.3,0,2.2,3.2,,0,0,105.6
2024/3/6 20:45,1006.4,70.5,0,2.1,3,,0,0,105.6
2024/3/6 21:00,1006.4,70.6,0,2.1,2.8,,0,0,105.6
2024/3/6 21:15,1006.4,70.3,0,2.1,2.6,,0,0,105.6
2024/3/6 21:30,1006.4,70.8,0,2,2.5,,0,0,105.6
2024/3/6 21:45,1006.4,70.8,0,2,2.4,,0,0,105.6
2024/3/6 22:00,1006.4,71,0,2,2.2,,0,0,105.6
2024/3/6 22:15,1006.4,71.1,0,2,2.1,,0,0,105.6
2024/3/6 22:30,1006.4,71.5,0,2,2,,0,0,105.6
2024/3/6 22:45,1006.4,71.7,0,1.9,1.9,,0,0,105.6
2024/3/6 23:00,1006.4,72,0,1.9,1.8,,0,0,105.6
2024/3/6 23:15,1006.4,72.8,0,1.8,1.8,,0,0,105.6
2024/3/6 23:30,1006.4,73,0,1.6,1.7,,0,0,105.6
2024/3/6 23:45,1006.4,72.4,0,1.5,1.7,,0,0,105.6
2024/3/7 0:00,1006.4,64.8,0,0.6,1.8,,0,0,105.6
2024/3/7 0:15,1006.4,63.3,0,0.6,1.8,,0,0,105.6
2024/3/7 0:30,1006.4,61.9,0,0.6,1.8,,0,0,105.6
2024/3/7 0:45,1006.4,60.5,0,0.6,1.9,,0,0,105.6
2024/3/7 1:00,1006.4,59.6,0,0.5,1.9,,0,0,105.6
2024/3/7 1:15,1006.4,59.4,0,0.5,1.9,,0,0,105.6
2024/3/7 1:30,1006.4,59.5,0,0.4,2,,0,0,105.6
2024/3/7 1:45,1006.4,59.6,0,0.4,2,,0,0,105.6
2024/3/7 2:00,1006.4,59.8,0,0.3,2,,0,0,105.6
2024/3/7 2:15,1006.4,60.1,0,0.2,2.1,,0,0,105.6
2024/3/7 2:30,1006.4,60.4,0,0.2,2.1,,0,0,105.6
2024/3/7 2:45,1006.4,61.5,0,0.1,2.2,,0,0,105.6
2024/3/7 3:00,1006.4,63.4,0,0,2.3,,0,0,105.6
2024/3/7 3:15,1006.4,65,0,-0.1,2.3,,0,0,105.6
2024/3/7 3:30,1006.4,66.4,0,-0.2,2.4,,0,0,105.6
2024/3/7 3:45,1006.4,67.7,0,-0.3,2.5,,0,0,105.6
2024/3/7 4:00,1006.4,69,0,-0.4,2.6,,0,0,105.6
2024/3/7 4:15,1006.4,69.9,0,-0.4,2.6,,0,0,105.6
2024/3/7 4:30,1006.4,70.4,0,-0.5,2.7,,0,0,105.6
2024/3/7 4:45,1006.4,70.5,0,-0.5,2.8,,0,0,105.6
2024/3/7 5:00,1006.4,70.4,0,-0.5,2.8,,0,0,105.6
2024/3/7 5:15,1006.4,70.4,0,-0.5,2.9,,0,0,105.6
2024/3/7 5:30,1006.4,70.5,0,-0.6,2.9,,0,0,105.6
2024/3/7 5:45,1006.4,70.4,0,-0.6,2.9,,0,0,105.6
2024/3/7 6:00,1006.4,70.4,0,-0.6,3,,0,0,105.6
2024/3/7 6:15,1006.4,70.4,0,-0.7,3,,0,0,105.6
2024/3/7 6:30,1006.4,70.4,0,-0.7,3,,0,0.77,105.6
2024/3/7 6:45,1006.4,70.6,0,-0.7,3.1,,19,2.98,105.6
2024/3/7 7:00,1006.4,71.1,0,-0.7,3.2,,52,6.84,105.6
2024/3/7 7:15,1006.4,71.7,0,-0.6,3.2,,78,9.78,105.6
2024/3/7 7:30,1006.4,72.4,0,-0.5,3.3,,121,17.63,105.6
2024/3/7 7:45,1006.4,73.3,0,-0.2,3.3,,176,26.18,105.6
2024/3/7 8:00,1006.4,74.5,0,0.1,3.4,,222,32.42,105.6
2024/3/7 8:15,1006.4,75.9,0,0.4,3.4,,276,39.95,105.6
2024/3/7 8:30,1006.4,77.1,0,0.9,3.5,,331,47.9,105.6
2024/3/7 8:45,1006.4,77.5,0,1.4,3.6,,428,57.97,105.6
2024/3/7 9:00,1006.4,76.7,0,1.9,3.6,,402,49.6,105.6
2024/3/7 9:15,1006.4,75.8,0,2.3,3.6,,496,68.52,105.6
2024/3/7 9:30,1006.4,75.5,0,2.8,3.6,,537,78.43,105.6
2024/3/7 9:45,1006.4,73.5,0,3.2,3.6,,544,78.64,105.6
2024/3/7 10:00,1006.4,72.2,0,3.6,3.6,,578,84.06,105.6
2024/3/7 10:15,1006.5,72.8,0,3.9,3.6,,636,87.99,105.6
2024/3/7 10:30,1006.5,72.4,0,4.2,3.5,,561,81.16,105.6
2024/3/7 10:45,1006.5,71.3,0,4.5,3.5,,603,79.22,105.6
2024/3/7 11:00,1006.5,71,0,4.8,3.4,,553,73.86,105.6
2024/3/7 11:15,1006.5,69.5,0,5,3.4,,664,96.22,105.6
2024/3/7 11:30,1006.5,67.2,0,5.2,3.3,,494,84.06,105.6
2024/3/7 11:45,1006.5,66.5,0.1,5.4,3.3,,630,85.19,105.6
2024/3/7 12:00,1006.5,66.5,0.3,5.6,3.3,,670,99.6,105.6
2024/3/7 12:15,1006.5,66.2,0.3,5.8,3.4,,796,100.5,105.6
2024/3/7 12:30,1006.5,66,0.4,6.1,3.4,,776,99.74,105.6
2024/3/7 12:45,1006.5,65.6,0.4,6.2,3.4,,698,100.2,105.6
2024/3/7 13:00,1006.5,64.8,0.2,6.4,3.4,,760,100.21,105.6
2024/3/7 13:15,1006.5,64.5,0.3,6.5,3.5,,647,85.76,105.6
2024/3/7 13:30,1006.5,64.8,0.3,6.4,3.5,,683,73.46,105.6
2024/3/7 13:45,1006.5,65.4,0.4,6.3,3.5,,296,40.65,105.6
2024/3/7 14:00,1006.5,65.8,0.7,6.2,3.5,,219,24.71,105.6
2024/3/7 14:15,1006.5,68.1,0.7,5.9,3.5,,146,18.85,105.6
2024/3/7 14:30,1006.5,71.3,0.6,5.5,3.5,,164,23.79,105.6
2024/3/7 14:45,1006.5,73.5,0.7,5.2,3.5,,187,30.85,105.6
2024/3/7 15:00,1006.4,76.8,0.8,4.7,3.4,,163,15.78,105.6
2024/3/7 15:15,1006.4,79.8,0.9,4.4,3.4,,104,16.8,105.6
2024/3/7 15:30,1006.4,81.3,0.9,4.2,3.4,,98,12.21,105.6
2024/3/7 15:45,1006.4,81.9,0.7,4.2,3.4,,50,7.77,105.6
2024/3/7 16:00,1006.4,82.6,0.7,4.1,3.4,,46,6.8,105.6
2024/3/7 16:15,1006.4,84.1,0.7,4,3.4,,29,4.16,105.6
2024/3/7 16:30,1006.4,85.6,0.8,3.8,3.4,,19,3.66,105.6
2024/3/7 16:45,1006.4,86.6,0.7,3.7,3.4,,17,3.32,105.6
2024/3/7 17:00,1006.4,87.8,0.9,3.6,3.4,,17,2.24,105.6
2024/3/7 17:15,1006.4,88.8,0.7,3.4,3.3,,10,1.6,105.6
2024/3/7 17:30,1006.4,88.9,0.8,3.3,3.3,,13,1.61,105.6
2024/3/7 17:45,1006.4,89.3,0.6,3.3,3.2,,8,1.26,105.6
2024/3/7 18:00,1006.4,89.9,0.4,3.4,3.1,,3,0.67,105.6
2024/3/7 18:15,1006.4,90,0.4,3.4,3,,0,0,105.6
2024/3/7 18:30,1006.4,90.7,0.3,3.4,2.8,,0,0,105.6
2024/3/7 18:45,1006.4,91.7,0.3,3.3,2.7,,0,0,105.6
2024/3/7 19:00,1006.4,91.9,0.2,3.3,2.6,,0,0,105.6
2024/3/7 19:15,1006.4,92.3,0,3.4,2.5,,0,0,105.6
2024/3/7 19:30,1006.4,92.5,0,3.4,2.4,,0,0,105.6
2024/3/7 19:45,1006.4,92.6,0,3.4,2.4,,0,0,105.6
2024/3/7 20:00,1006.4,92.8,0,3.3,2.3,,0,0,105.6
2024/3/7 20:15,1006.4,92.9,0,3.3,2.2,,0,0,105.6
2024/3/7 20:30,1006.4,93.3,0,3.2,2.1,,0,0,105.6
2024/3/7 20:45,1006.4,93.7,0,3.1,2,,0,0,105.6
2024/3/7 21:00,1006.4,94.2,0,3.1,2,,0,0,105.6
2024/3/7 21:15,1006.4,94.6,0,3,1.9,,0,0,105.6
2024/3/7 21:30,1006.4,95,0,2.9,1.9,,0,0,105.6
2024/3/7 21:45,1006.4,95.8,0,2.8,1.9,,0,0,105.6
2024/3/7 22:00,1006.4,96.6,0,2.6,1.8,,0,0,105.6
2024/3/7 22:15,1006.4,97.4,0,2.4,1.8,,0,0,105.6
2024/3/7 22:30,1006.4,97.9,0,2.3,1.8,,0,0,105.6
2024/3/7 22:45,1006.4,98.3,0,2.1,1.8,,0,0,105.6
2024/3/7 23:00,1006.4,98.7,0,1.9,1.8,,0,0,105.6
2024/3/7 23:15,1006.4,99.1,0,1.6,1.8,,0,0,105.6
2024/3/7 23:30,1006.4,99.5,0,1.4,1.8,,0,0,105.6
2024/3/7 23:45,1006.4,99.9,0,1.4,1.8,,0,0,105.6
2024/3/8 0:00,1006.4,91.8,0,2.1,2.3,,0,0,105.6
2024/3/8 0:15,1006.4,92.2,0,2,2.2,,0,0,105.6
2024/3/8 0:30,1006.4,92.5,0,1.8,2.2,,0,0,105.6
2024/3/8 0:45,1006.4,93.1,0,1.7,2.2,,0,0,105.6
2024/3/8 1:00,1006.4,93.7,0,1.5,2.2,,0,0,105.6
2024/3/8 1:15,1006.4,93.9,0,1.5,2.1,,0,0,105.6
2024/3/8 1:30,1006.4,93.8,0,1.5,2.1,,0,0,105.6
2024/3/8 1:45,1006.4,94,0,1.5,2,,0,0,105.6
2024/3/8 2:00,1006.4,94.2,0,1.5,2,,0,0,105.6
2024/3/8 2:15,1006.4,94.5,0,1.5,1.9,,0,0,105.6
2024/3/8 2:30,1006.4,94.6,0,1.5,1.9,,0,0,105.6
2024/3/8 2:45,1006.4,94.7,0,1.6,1.8,,0,0,105.6
2024/3/8 3:00,1006.4,94.7,0,1.6,1.8,,0,0,105.6
2024/3/8 3:15,1006.4,95.1,0,1.4,1.7,,0,0,105.6
2024/3/8 3:30,1006.4,96.5,0,1.2,1.7,,0,0,105.6
2024/3/8 3:45,1006.4,97.1,0,1.1,1.6,,0,0,105.6
2024/3/8 4:00,1006.4,97.6,0,1.1,1.5,,0,0,105.6
2024/3/8 4:15,1006.4,98.6,0,0.8,1.5,,0,0,105.6
2024/3/8 4:30,1006.4,99.4,0,0.7,1.4,,0,0,105.6
2024/3/8 4:45,1006.4,99.6,0,0.5,1.4,,0,0,105.6
2024/3/8 5:00,1006.4,99.7,0,0.3,1.3,,0,0,105.6
2024/3/8 5:15,1006.4,99.8,0,0.3,1.3,,0,0,105.6
2024/3/8 5:30,1006.4,99.8,0,0.3,1.3,,0,0,105.6
2024/3/8 5:45,1006.4,99.7,0,0.3,1.3,,0,0,105.6
2024/3/8 6:00,1006.4,99.7,0,0.3,1.2,,0,0,105.6
2024/3/8 6:15,1006.4,99.8,0,0.2,1.2,,0,0,105.6
2024/3/8 6:30,1006.4,99.8,0,0.1,1.2,,0,0.29,105.6
2024/3/8 6:45,1006.4,99.8,0,0.1,1.2,,9,1.08,105.6
2024/3/8 7:00,1006.4,99.7,0,0,1.2,,15,1.19,105.6
2024/3/8 7:15,1006.4,99.7,0,-0.1,1.3,,14,1.86,105.6
2024/3/8 7:30,1006.4,99.7,0,-0.3,1.3,,17,2.35,105.6
2024/3/8 7:45,1006.4,99.7,0,-0.5,1.4,,18,2.88,105.6
2024/3/8 8:00,1006.4,99.7,0,-0.6,1.4,,33,4.04,105.6
2024/3/8 8:15,1006.4,99.7,0,-0.6,1.5,,42,5.06,105.6
2024/3/8 8:30,1006.4,99.6,0,-0.6,1.6,,58,6.36,105.6
2024/3/8 8:45,1006.4,99.5,0,-0.7,1.7,,55,8.06,105.6
2024/3/8 9:00,1006.4,99.5,0,-0.6,1.8,,64,8.09,105.6
2024/3/8 9:15,1006.4,99.4,0,-0.5,1.9,,93,7.88,105.6
2024/3/8 9:30,1006.4,99.4,0,-0.4,2.1,,74,9.8,105.6
2024/3/8 9:45,1006.4,99.3,0,-0.2,2.2,,84,13.39,105.6
2024/3/8 10:00,1006.4,99.2,0,-0.1,2.4,,119,14.99,105.6
2024/3/8 10:15,1006.4,99.1,0,-0.1,2.6,,150,18.92,105.6
2024/3/8 10:30,1006.4,98.9,0,0,2.8,,140,24.89,105.6
2024/3/8 10:45,1006.4,98.6,0,0.1,3,,186,25.11,105.6
2024/3/8 11:00,1006.4,98,0,0.2,3.2,,422,40.67,105.6
2024/3/8 11:15,1006.4,97.1,0,0.3,3.4,,417,58.44,105.6
2024/3/8 11:30,1006.4,96.5,0,0.3,3.6,,466,54.64,105.6
2024/3/8 11:45,1006.4,95.8,0,0.4,3.8,,742,93.07,105.6
2024/3/8 12:00,1006.4,94.9,0,0.4,3.9,,631,92.03,105.6
2024/3/8 12:15,1006.4,93.9,0,0.5,4.1,,729,92.66,105.6
2024/3/8 12:30,1006.4,89.5,0,0.8,4.3,,716,93.12,105.6
2024/3/8 12:45,1006.5,86,0,1.1,4.4,,767,83.88,105.6
2024/3/8 13:00,1006.5,80.4,0,1.3,4.5,,626,89.69,105.6
2024/3/8 13:15,1006.5,76.4,0,1.5,4.6,,289,63.33,105.6
2024/3/8 13:30,1006.5,74.2,0,1.6,4.7,,528,81.38,105.6
2024/3/8 13:45,1006.5,73.3,0,1.6,4.8,,768,100.34,105.6
2024/3/8 14:00,1006.5,72.1,0,1.7,4.8,,747,100.57,105.6
2024/3/8 14:15,1006.5,69,0,1.8,4.9,,716,100.42,105.6
2024/3/8 14:30,1006.5,67,0,1.8,4.9,,694,100.02,105.6
2024/3/8 14:45,1006.5,65.8,0,1.8,4.9,,658,97.66,105.6
2024/3/8 15:00,1006.5,64.6,0,1.8,4.8,,619,91.97,105.6
2024/3/8 15:15,1006.5,63.5,0,1.8,4.8,,569,84.37,105.6
2024/3/8 15:30,1006.5,63.1,0,1.8,4.7,,520,77.24,105.6
2024/3/8 15:45,1006.5,62.8,0,1.8,4.6,,464,68.78,105.6
2024/3/8 16:00,1006.5,62.1,0,1.7,4.5,,416,60.95,105.6
2024/3/8 16:15,1006.5,61.3,0,1.7,4.4,,349,51.46,105.6
2024/3/8 16:30,1006.5,60.6,0,1.7,4.3,,291,42.88,105.6
2024/3/8 16:45,1006.5,60.1,0,1.7,4.1,,233,32.86,105.6
2024/3/8 17:00,1006.5,59.7,0,1.7,4,,177,24.55,105.6
2024/3/8 17:15,1006.5,59.2,0,1.6,3.8,,116,15.4,105.6
2024/3/8 17:30,1006.5,59.3,0,1.6,3.7,,74,8.9,105.6
2024/3/8 17:45,1006.5,59.7,0,1.5,3.5,,27,3.54,105.6
2024/3/8 18:00,1006.5,60.3,0,1.4,3.4,,6,1.32,105.6
2024/3/8 18:15,1006.5,61,0,1.3,3.2,,0,0,105.6
2024/3/8 18:30,1006.5,61.7,0,1.3,3.1,,0,0,105.6
2024/3/8 18:45,1006.5,62.4,0,1.2,2.9,,0,0,105.6
2024/3/8 19:00,1006.5,62.9,0,1.2,2.8,,0,0,105.6
2024/3/8 19:15,1006.5,63.2,0,1.2,2.7,,0,0,105.6
2024/3/8 19:30,1006.5,63.6,0,1.2,2.6,,0,0,105.6
2024/3/8 19:45,1006.5,64.1,0,1.2,2.5,,0,0,105.6
2024/3/8 20:00,1006.5,64.2,0,1.1,2.4,,0,0,105.6
2024/3/8 20:15,1006.5,64,0,1.1,2.3,,0,0,105.6
2024/3/8 20:30,1006.5,63.9,0,1.1,2.2,,0,0,105.6
2024/3/8 20:45,1006.5,64,0,1.1,2.2,,0,0,105.6
2024/3/8 21:00,1006.5,64.6,0,1,2.1,,0,0,105.6
2024/3/8 21:15,1006.5,65.2,0,1,2.1,,0,0,105.6
2024/3/8 21:30,1006.5,65.8,0,0.9,2,,0,0,105.6
2024/3/8 21:45,1006.5,65.9,0,0.8,2,,0,0,105.6
2024/3/8 22:00,1006.5,65.4,0,0.7,2,,0,0,105.6
2024/3/8 22:15,1006.5,64.3,0,0.7,2,,0,0,105.6
2024/3/8 22:30,1006.5,62.9,0,0.7,2,,0,0,105.6
2024/3/8 22:45,1006.5,61.2,0,0.6,2,,0,0,105.6
2024/3/8 23:00,1006.5,59.5,0,0.6,2,,0,0,105.6
2024/3/8 23:15,1006.5,57.9,0,0.6,2.1,,0,0,105.6
2024/3/8 23:30,1006.5,56.6,0,0.6,2.1,,0,0,105.6
2024/3/8 23:45,1006.5,55.6,0,0.6,2.1,,0,0,105.6
2024/3/9 0:00,1006.5,64.9,0,0.5,2.3,,0,0,105.6
2024/3/9 0:15,1006.4,64.6,0,0.5,2.3,,0,0,105.6
2024/3/9 0:30,1006.4,64.4,0,0.4,2.4,,0,0,105.6
2024/3/9 0:45,1006.4,64,0,0.3,2.4,,0,0,105.6
2024/3/9 1:00,1006.4,63.3,0,0.3,2.5,,0,0,105.6
2024/3/9 1:15,1006.4,62.7,0,0.3,2.6,,0,0,105.6
2024/3/9 1:30,1006.4,63,0,0.2,2.6,,0,0,105.6
2024/3/9 1:45,1006.4,64.3,0,0.2,2.7,,0,0,105.6
2024/3/9 2:00,1006.4,66.3,0,0,2.7,,0,0,105.6
2024/3/9 2:15,1006.4,68.1,0,-0.1,2.8,,0,0,105.6
2024/3/9 2:30,1006.4,69.5,0,-0.2,2.9,,0,0,105.6
2024/3/9 2:45,1006.4,70.4,0,-0.4,2.9,,0,0,105.6
2024/3/9 3:00,1006.4,71.4,0,-0.5,3,,0,0,105.6
2024/3/9 3:15,1006.4,72.6,0,-0.6,3,,0,0,105.6
2024/3/9 3:30,1006.4,74,0,-0.8,3.1,,0,0,105.6
2024/3/9 3:45,1006.4,75.2,0,-0.9,3.1,,0,0,105.6
2024/3/9 4:00,1006.4,76,0,-1,3.2,,0,0,105.6
2024/3/9 4:15,1006.4,76.4,0,-1.1,3.2,,0,0,105.6
2024/3/9 4:30,1006.4,76.4,0,-1.1,3.2,,0,0,105.6
2024/3/9 4:45,1006.4,76.2,0,-1.1,3.3,,0,0,105.6
2024/3/9 5:00,1006.4,76.3,0,-1.2,3.3,,0,0,105.6
2024/3/9 5:15,1006.4,76.3,0,-1.2,3.3,,0,0,105.6
2024/3/9 5:30,1006.4,75.9,0,-1.2,3.4,,0,0,105.6
2024/3/9 5:45,1006.4,75.1,0,-1.2,3.4,,0,0,105.6
2024/3/9 6:00,1006.4,74.4,0,-1.2,3.5,,0,0,105.6
2024/3/9 6:15,1006.4,73.9,0,-1.2,3.5,,0,0,105.6
2024/3/9 6:30,1006.4,73.6,0,-1.2,3.6,,5,1.28,105.6
2024/3/9 6:45,1006.4,73.5,0,-1.2,3.6,,25,4.13,105.6
2024/3/9 7:00,1006.4,73.7,0,-1.1,3.7,,59,9.58,105.6
2024/3/9 7:15,1006.4,74.2,0,-1,3.8,,110,17.85,105.6
2024/3/9 7:30,1006.4,74.9,0,-0.8,3.8,,163,25.3,105.6
2024/3/9 7:45,1006.4,75.8,0,-0.5,3.9,,225,33.89,105.6
2024/3/9 8:00,1006.4,76.8,0,-0.1,4,,280,42.43,105.6
2024/3/9 8:15,1006.4,77.5,0,0.4,4.1,,346,52.54,105.6
2024/3/9 8:30,1006.5,77.8,0,1,4.2,,401,60.58,105.6
2024/3/9 8:45,1006.5,77.3,0,1.5,4.3,,486,68.88,105.6
2024/3/9 9:00,1006.5,76.3,0,2.1,4.4,,581,76.97,105.6
2024/3/9 9:15,1006.5,75.1,0,2.5,4.5,,600,85.02,105.6
2024/3/9 9:30,1006.5,72.4,0,2.9,4.6,,608,90.95,105.6
2024/3/9 9:45,1006.5,70.1,0,3.1,4.8,,650,97.34,105.6
2024/3/9 10:00,1006.5,68.8,0,3.4,4.9,,683,99.75,105.6
2024/3/9 10:15,1006.5,68.4,0,3.6,5,,718,100.35,105.6
2024/3/9 10:30,1006.5,67.8,0,3.7,5.1,,741,100.57,105.6
2024/3/9 10:45,1006.5,65.6,0,3.9,5.2,,769,100.64,105.6
2024/3/9 11:00,1006.5,65.2,0,4.1,5.3,,791,100.69,105.6
2024/3/9 11:15,1006.5,66.5,0,4.2,5.4,,808,100.72,105.6
2024/3/9 11:30,1006.5,66.3,0,4.3,5.5,,820,100.73,105.6
2024/3/9 11:45,1006.5,64.3,0,4.5,5.7,,836,100.68,105.6
2024/3/9 12:00,1006.5,62.3,0,4.6,5.8,,830,100.73,105.6
2024/3/9 12:15,1006.5,60.3,0,4.7,5.8,,824,100.8,105.6
2024/3/9 12:30,1006.5,60.8,0,4.9,5.9,,845,100.79,105.6
2024/3/9 12:45,1006.5,60,0,5,6,,830,100.8,105.6
2024/3/9 13:00,1006.5,58.1,0,5.1,6.1,,820,100.8,105.6
2024/3/9 13:15,1006.5,56.5,0,5.3,6.1,,808,100.79,105.6
2024/3/9 13:30,1006.5,57.7,0,5.4,6.2,,789,100.76,105.6
2024/3/9 13:45,1006.5,59.1,0,5.6,6.2,,760,100.66,105.6
2024/3/9 14:00,1006.5,62.4,0,5.7,6.3,,744,100.45,105.6
2024/3/9 14:15,1006.5,63.8,0,5.8,6.3,,709,99.9,105.6
2024/3/9 14:30,1006.5,63.1,0,5.9,6.4,,687,97.35,105.6
2024/3/9 14:45,1006.5,61.8,0,6,6.4,,642,92.9,105.6
2024/3/9 15:00,1006.5,61.6,0,6,6.4,,597,85.72,105.6
2024/3/9 15:15,1006.5,62.4,0,6.1,6.4,,555,78.55,105.6
2024/3/9 15:30,1006.5,62.8,0,6.1,6.4,,511,72.52,105.6
2024/3/9 15:45,1006.5,62.1,0,6,6.4,,450,63.56,105.6
2024/3/9 16:00,1006.5,63.1,0,6,6.4,,394,55.97,105.6
2024/3/9 16:15,1006.5,64.3,0,5.9,6.4,,333,46.75,105.6
2024/3/9 16:30,1006.5,64.8,0,5.8,6.5,,279,38.91,105.6
2024/3/9 16:45,1006.5,65.3,0,5.7,6.5,,216,28.87,105.6
2024/3/9 17:00,1006.5,65.9,0,5.6,6.5,,167,21.6,105.6
2024/3/9 17:15,1006.5,65.9,0,5.4,6.6,,108,13.46,105.6
2024/3/9 17:30,1006.5,66.8,0,5.2,6.6,,63,7.62,105.6
2024/3/9 17:45,1006.5,68.6,0,4.9,6.6,,27,3.29,105.6
2024/3/9 18:00,1006.5,72,0,4.7,6.7,,7,1.29,105.6
2024/3/9 18:15,1006.5,75.7,0,4.5,6.7,,0,0,105.6
2024/3/9 18:30,1006.5,78,0,4.3,6.7,,0,0,105.6
2024/3/9 18:45,1006.5,79.1,0,4,6.7,,0,0,105.6
2024/3/9 19:00,1006.5,80,0,3.8,6.7,,0,0,105.6
2024/3/9 19:15,1006.5,80.5,0,3.6,6.8,,0,0,105.6
2024/3/9 19:30,1006.5,81.1,0,3.4,6.8,,0,0,105.6
2024/3/9 19:45,1006.5,81.3,0,3.2,6.8,,0,0,105.6
2024/3/9 20:00,1006.5,81.4,0,3.1,6.8,,0,0,105.6
2024/3/9 20:15,1006.5,81.7,0,2.9,6.8,,0,0,105.6
2024/3/9 20:30,1006.5,82.1,0,2.8,6.8,,0,0,105.6
2024/3/9 20:45,1006.5,82.1,0,2.6,6.8,,0,0,105.6
2024/3/9 21:00,1006.5,81.7,0,2.5,6.8,,0,0,105.6
2024/3/9 21:15,1006.5,81.5,0,2.3,6.8,,0,0,105.6
2024/3/9 21:30,1006.5,81.5,0,2.2,6.8,,0,0,105.6
2024/3/9 21:45,1006.5,81.9,0,2.1,6.8,,0,0,105.6
2024/3/9 22:00,1006.5,82.4,0,2,6.8,,0,0,105.6
2024/3/9 22:15,1006.5,82.9,0,1.8,6.8,,0,0,105.6
2024/3/9 22:30,1006.5,83.3,0,1.7,6.8,,0,0,105.6
2024/3/9 22:45,1006.5,83.7,0,1.6,6.8,,0,0,105.6
2024/3/9 23:00,1006.5,84.1,0,1.5,6.7,,0,0,105.6
2024/3/9 23:15,1006.5,84.8,0,1.4,6.7,,0,0,105.6
2024/3/9 23:30,1006.5,85.7,0,1.3,6.6,,0,0,105.6
2024/3/9 23:45,1006.5,86.6,0,1.2,6.6,,0,0,105.6
2024/3/10 0:00,1006.5,86.2,0,1.6,6.5,,0,0,105.6
2024/3/10 0:15,1006.5,86.7,0,1.6,6.5,,0,0,105.6
2024/3/10 0:30,1006.5,87.1,0,1.5,6.5,,0,0,105.6
2024/3/10 0:45,1006.5,87.4,0,1.4,6.4,,0,0,105.6
2024/3/10 1:00,1006.5,87.7,0,1.4,6.4,,0,0,105.6
2024/3/10 1:15,1006.5,87.8,0,1.3,6.4,,0,0,105.6
2024/3/10 1:30,1006.5,87.8,0,1.3,6.4,,0,0,105.6
2024/3/10 1:45,1006.5,87.9,0,1.2,6.4,,0,0,105.6
2024/3/10 2:00,1006.5,88.1,0,1.2,6.4,,0,0,105.6
2024/3/10 2:15,1006.4,88.2,0,1.2,6.4,,0,0,105.6
2024/3/10 2:30,1006.4,88.3,0,1.1,6.4,,0,0,105.6
2024/3/10 2:45,1006.4,88.4,0,1.1,6.4,,0,0,105.6
2024/3/10 3:00,1006.4,88.6,0,1.1,6.4,,0,0,105.6
2024/3/10 3:15,1006.4,88.9,0,1,6.4,,0,0,105.6
2024/3/10 3:30,1006.4,89.1,0,1,6.5,,0,0,105.6
2024/3/10 3:45,1006.4,89.3,0,1,6.5,,0,0,105.6
2024/3/10 4:00,1006.4,89.4,0,1,6.5,,0,0,105.6
2024/3/10 4:15,1006.4,89.5,0,0.9,6.5,,0,0,105.6
2024/3/10 4:30,1006.4,89.7,0,0.9,6.5,,0,0,105.6
2024/3/10 4:45,1006.4,89.8,0,0.9,6.6,,0,0,105.6
2024/3/10 5:00,1006.4,89.8,0,0.9,6.6,,0,0,105.6
2024/3/10 5:15,1006.4,89.7,0,0.9,6.6,,0,0,105.6
2024/3/10 5:30,1006.4,89.6,0,0.9,6.7,,0,0,105.6
2024/3/10 5:45,1006.4,89.5,0,0.9,6.7,,0,0,105.6
2024/3/10 6:00,1006.4,89.6,0,0.9,6.7,,0,0,105.6
2024/3/10 6:15,1006.4,89.7,0,0.8,6.8,,0,0,105.6
2024/3/10 6:30,1006.4,89.9,0,0.8,6.9,,6,1.27,105.6
2024/3/10 6:45,1006.4,90.1,0,0.8,6.9,,24,3.52,105.6
2024/3/10 7:00,1006.4,90.2,0,0.9,7,,53,6.94,105.6
2024/3/10 7:15,1006.4,90,0,1,7.1,,97,12.58,105.6
2024/3/10 7:30,1006.5,89.7,0,1.2,7.1,,139,18.87,105.6
2024/3/10 7:45,1006.5,89.1,0,1.5,7.2,,198,27.31,105.6
2024/3/10 8:00,1006.5,88.3,0,1.8,7.3,,246,35.08,105.6
2024/3/10 8:15,1006.5,87.3,0,2.2,7.3,,305,43.79,105.6
2024/3/10 8:30,1006.5,86.4,0,2.5,7.4,,362,51.6,105.6
2024/3/10 8:45,1006.5,85.5,0,2.8,7.5,,432,60.69,105.6
2024/3/10 9:00,1006.5,84.1,0,3.1,7.5,,515,68.19,105.6
2024/3/10 9:15,1006.5,82.8,0,3.5,7.6,,532,76.28,105.6
2024/3/10 9:30,1006.5,81.8,0,3.8,7.6,,562,82.42,105.6
2024/3/10 9:45,1006.5,81,0,4.2,7.7,,602,88.92,105.6
2024/3/10 10:00,1006.5,80.2,0,4.5,7.7,,633,93.53,105.6
2024/3/10 10:15,1006.5,78.8,0,4.8,7.8,,666,98.38,105.6
2024/3/10 10:30,1006.5,77.5,0,5.1,7.9,,693,99.9,105.6
2024/3/10 10:45,1006.5,76.5,0,5.4,7.9,,722,100.4,105.6
2024/3/10 11:00,1006.5,75.9,0,5.7,7.9,,731,100.55,105.6
2024/3/10 11:15,1006.5,74.7,0,5.9,8,,760,100.66,105.6
2024/3/10 11:30,1006.5,73.7,0,6.2,8,,770,100.62,105.6
2024/3/10 11:45,1006.5,72.8,0,6.4,8,,780,100.73,105.6
2024/3/10 12:00,1006.6,72.8,0,6.6,8,,771,100.73,105.6
2024/3/10 12:15,1006.6,72.4,0,6.9,8.1,,774,100.74,105.6
2024/3/10 12:30,1006.6,70.9,0,7.1,8.1,,774,100.74,105.6
2024/3/10 12:45,1006.6,69.7,0,7.5,8.1,,777,100.74,105.6
2024/3/10 13:00,1006.6,67.6,0,7.6,8.1,,756,100.66,105.6
2024/3/10 13:15,1006.6,67.6,0,7.8,8.1,,732,100.43,105.6
2024/3/10 13:30,1006.6,68.5,0,7.9,8,,720,100.04,105.6
2024/3/10 13:45,1006.6,69.1,0,8,8,,688,98.63,105.6
2024/3/10 14:00,1006.6,69.4,0,8.2,8,,604,93.02,105.6
2024/3/10 14:15,1006.6,69.2,0,8.3,8,,597,84.9,105.6
2024/3/10 14:30,1006.6,68.3,0,8.4,8,,542,75.99,105.6
2024/3/10 14:45,1006.6,67.8,0,8.4,7.9,,510,70.69,105.6
2024/3/10 15:00,1006.6,67.9,0,8.4,7.9,,414,55.04,105.6
2024/3/10 15:15,1006.6,68.9,0,8.3,7.9,,358,48.08,105.6
2024/3/10 15:30,1006.6,70,0,8.1,7.9,,293,39.9,105.6
2024/3/10 15:45,1006.6,71.7,0,8,7.9,,253,33.18,105.6
2024/3/10 16:00,1006.6,73.5,0,7.9,7.8,,260,32.69,105.6
2024/3/10 16:15,1006.6,75,0,7.6,7.8,,179,22.83,105.6
2024/3/10 16:30,1006.6,75.7,0,7.3,7.8,,135,16.15,105.6
2024/3/10 16:45,1006.6,76.1,0,7.1,7.8,,106,13.32,105.6
2024/3/10 17:00,1006.5,76.5,0,6.9,7.8,,75,9.5,105.6
2024/3/10 17:15,1006.5,77.1,0,6.7,7.8,,50,6.38,105.6
2024/3/10 17:30,1006.5,78.2,0,6.4,7.8,,32,4.17,105.6
2024/3/10 17:45,1006.5,78.7,0,6.2,7.8,,14,1.87,105.6
2024/3/10 18:00,1006.5,79.7,0,5.9,7.8,,1,0.51,105.6
2024/3/10 18:15,1006.5,80.2,0,5.7,7.8,,0,0,105.6
2024/3/10 18:30,1006.5,81.1,0,5.5,7.8,,0,0,105.6
2024/3/10 18:45,1006.5,82.1,0,5.3,7.8,,0,0,105.6
2024/3/10 19:00,1006.5,82.3,0,5.1,7.8,,0,0,105.6
2024/3/10 19:15,1006.5,83.3,0,5,7.7,,0,0,105.6
2024/3/10 19:30,1006.5,84.7,0,4.8,7.7,,0,0,105.6
2024/3/10 19:45,1006.5,85.9,0,4.7,7.7,,0,0,105.6
2024/3/10 20:00,1006.5,86.7,0,4.6,7.7,,0,0,105.6
2024/3/10 20:15,1006.5,87.5,0,4.5,7.7,,0,0,105.6
2024/3/10 20:30,1006.5,88.1,0,4.4,7.7,,0,0,105.6
2024/3/10 20:45,1006.5,88.5,0,4.4,7.7,,0,0,105.6
2024/3/10 21:00,1006.5,88.8,0,4.3,7.7,,0,0,105.6
2024/3/10 21:15,1006.5,88.8,0,4.3,7.7,,0,0,105.6
2024/3/10 21:30,1006.5,88.5,0,4.2,7.7,,0,0,105.6
2024/3/10 21:45,1006.5,88,0,4.2,7.7,,0,0,105.6
2024/3/10 22:00,1006.5,87.4,0,4.1,7.7,,0,0,105.6
2024/3/10 22:15,1006.5,86.8,0,4,7.7,,0,0,105.6
2024/3/10 22:30,1006.5,86.2,0,4,7.6,,0,0,105.6
2024/3/10 22:45,1006.5,85.7,0,3.9,7.6,,0,0,105.6
2024/3/10 23:00,1006.5,85.3,0,3.9,7.6,,0,0,105.6
2024/3/10 23:15,1006.5,85,0,3.8,7.6,,0,0,105.6
2024/3/10 23:30,1006.5,84.9,0,3.8,7.6,,0,0,105.6
2024/3/10 23:45,1006.5,84.9,0,3.8,7.6,,0,0,105.6
2024/3/11 0:00,1006.4,89.7,0,4.7,7.4,,0,0,105.6
2024/3/11 0:15,1006.4,89.9,0,4.6,7.4,,0,0,105.6
2024/3/11 0:30,1006.4,90.2,0,4.6,7.4,,0,0,105.6
2024/3/11 0:45,1006.4,90.7,0,4.6,7.4,,0,0,105.6
2024/3/11 1:00,1006.4,91.2,0,4.5,7.4,,0,0,105.6
2024/3/11 1:15,1006.4,91.7,0,4.5,7.4,,0,0,105.6
2024/3/11 1:30,1006.4,92.3,0,4.5,7.4,,0,0,105.6
2024/3/11 1:45,1006.4,92.9,0,4.5,7.4,,0,0,105.6
2024/3/11 2:00,1006.4,93.4,0,4.5,7.4,,0,0,105.6
2024/3/11 2:15,1006.4,93.8,0,4.5,7.4,,0,0,105.6
2024/3/11 2:30,1006.4,94.2,0,4.5,7.4,,0,0,105.6
2024/3/11 2:45,1006.4,94.5,0,4.5,7.3,,0,0,105.6
2024/3/11 3:00,1006.4,94.8,0,4.5,7.3,,0,0,105.6
2024/3/11 3:15,1006.4,95.1,0,4.5,7.3,,0,0,105.6
2024/3/11 3:30,1006.4,95.5,0,4.6,7.3,,0,0,105.6
2024/3/11 3:45,1006.4,95.8,0,4.6,7.2,,0,0,105.6
2024/3/11 4:00,1006.4,96.1,0,4.6,7.2,,0,0,105.6
2024/3/11 4:15,1006.4,96.4,0,4.6,7.2,,0,0,105.6
2024/3/11 4:30,1006.4,96.6,0,4.6,7.1,,0,0,105.6
2024/3/11 4:45,1006.4,96.8,0,4.6,7.1,,0,0,105.6
2024/3/11 5:00,1006.4,96.9,0,4.6,7,,0,0,105.6
2024/3/11 5:15,1006.4,96.9,0,4.6,7,,0,0,105.6
2024/3/11 5:30,1006.4,97,0,4.6,7,,0,0,105.6
2024/3/11 5:45,1006.4,96.9,0,4.6,6.9,,0,0,105.6
2024/3/11 6:00,1006.4,96.9,0,4.6,6.9,,0,0,105.6
2024/3/11 6:15,1006.4,96.9,0,4.5,6.9,,0,0,105.6
2024/3/11 6:30,1006.4,97.1,0,4.4,6.8,,2,0.64,105.6
2024/3/11 6:45,1006.4,97.2,0,4.4,6.8,,30,2.89,105.6
2024/3/11 7:00,1006.4,97.2,0,4.4,6.8,,29,3.89,105.6
2024/3/11 7:15,1006.4,97,0,4.5,6.7,,48,6.46,105.6
2024/3/11 7:30,1006.4,96.6,0,4.6,6.7,,49,5.84,105.6
2024/3/11 7:45,1006.4,96.1,0,4.7,6.6,,67,8.46,105.6
2024/3/11 8:00,1006.4,95.5,0,4.9,6.6,,116,15.05,105.6
2024/3/11 8:15,1006.4,95,0,5.1,6.5,,217,21.23,105.6
2024/3/11 8:30,1006.4,94.3,0,5.4,6.4,,106,12.51,105.6
2024/3/11 8:45,1006.4,93.3,0,5.7,6.3,,400,46.23,105.6
2024/3/11 9:00,1006.4,92.4,0,6,6.2,,278,50.09,105.6
2024/3/11 9:15,1006.4,91.9,0,6.3,6.1,,285,34.38,105.6
2024/3/11 9:30,1006.4,91.4,0,6.5,6,,403,61.8,105.6
2024/3/11 9:45,1006.4,91,0,6.7,5.8,,425,61.91,105.6
2024/3/11 10:00,1006.4,91,0,6.9,5.6,,271,40.06,105.6
2024/3/11 10:15,1006.4,91,0,7,5.4,,304,38.34,105.6
2024/3/11 10:30,1006.4,91.1,0,7.2,5.2,,339,70.53,105.6
2024/3/11 10:45,1006.4,91.1,0,7.4,5,,613,86.21,105.6
2024/3/11 11:00,1006.4,90.8,0,7.5,4.8,,649,89.05,105.6
2024/3/11 11:15,1006.4,90.5,0,7.8,4.6,,652,92.62,105.6
2024/3/11 11:30,1006.5,90.2,0,8,4.5,,673,93.75,105.6
2024/3/11 11:45,1006.5,89.6,0,8.2,4.4,,688,95.83,105.6
2024/3/11 12:00,1006.5,88.9,0,8.5,4.4,,690,96.79,105.6
2024/3/11 12:15,1006.5,88.2,0,8.7,4.4,,694,95.9,105.6
2024/3/11 12:30,1006.5,87.2,0,9,4.3,,687,95.41,105.6
2024/3/11 12:45,1006.5,86.3,0,9.4,4.3,,679,93.98,105.6
2024/3/11 13:00,1006.5,85.6,0,9.6,4.2,,669,93.94,105.6
2024/3/11 13:15,1006.5,85.3,0,9.7,4.2,,653,91.94,105.6
2024/3/11 13:30,1006.5,85.5,0,9.7,4.1,,653,89.65,105.6
2024/3/11 13:45,1006.5,86.3,0,9.5,4.1,,613,84.61,105.6
2024/3/11 14:00,1006.4,88,0,8.7,4,,633,84.07,105.6
2024/3/11 14:15,1006.4,90.6,0,7.9,4,,513,80.21,105.6
2024/3/11 14:30,1006.4,94.1,0,6.8,4,,359,37.72,105.6
2024/3/11 14:45,1006.4,97,0,6.1,4,,245,32.83,105.6
2024/3/11 15:00,1006.4,98.1,0,5.8,4,,208,27.56,105.6
2024/3/11 15:15,1006.4,99.2,0,5.5,4.1,,379,56.78,105.6
2024/3/11 15:30,1006.4,99.6,0,5.2,4.2,,331,37.9,105.6
2024/3/11 15:45,1006.4,99.7,0,5,4.3,,324,41.5,105.6
2024/3/11 16:00,1006.4,99.8,0,4.9,4.4,,241,16.39,105.6
2024/3/11 16:15,1006.4,99.9,0,4.7,4.5,,241,33.65,105.6
2024/3/11 16:30,1006.4,100,0,4.5,4.7,,202,25.19,105.6
2024/3/11 16:45,1006.4,100,0,4.3,4.8,,161,18.93,105.6
2024/3/11 17:00,1006.4,100,0,4.2,5,,126,14.56,105.6
2024/3/11 17:15,1006.4,100,0,4.1,5,,81,9.58,105.6
2024/3/11 17:30,1006.4,100,0,3.9,5,,53,6.14,105.6
2024/3/11 17:45,1006.4,100,0,3.7,5,,18,2.46,105.6
2024/3/11 18:00,1006.4,100,0,3.6,5,,6,1.15,105.6
2024/3/11 18:15,1006.4,100,0,3.5,5,,0,0,105.6
2024/3/11 18:30,1006.4,99.9,0,3.4,5,,0,0,105.6
2024/3/11 18:45,1006.4,99.9,0,3.3,5.1,,0,0,105.6
2024/3/11 19:00,1006.4,99.8,0,3.3,5.1,,0,0,105.6
2024/3/11 19:15,1006.4,99.7,0,3.2,5.2,,0,0,105.6
2024/3/11 19:30,1006.4,99.6,0,3.2,5.3,,0,0,105.6
2024/3/11 19:45,1006.4,99.3,0,3.1,5.5,,0,0,105.6
2024/3/11 20:00,1006.4,98.9,0,3.1,5.6,,0,0,105.6
2024/3/11 20:15,1006.4,98.6,0,3.1,5.7,,0,0,105.6
2024/3/11 20:30,1006.4,98.3,0,3.1,5.8,,0,0,105.6
2024/3/11 20:45,1006.4,98,0,3.1,5.9,,0,0,105.6
2024/3/11 21:00,1006.4,97.9,0,3.1,6,,0,0,105.6
2024/3/11 21:15,1006.4,97.7,0,3,6.2,,0,0,105.6
2024/3/11 21:30,1006.4,97.3,0,3,6.3,,0,0,105.6
2024/3/11 21:45,1006.4,96.8,0,3,6.5,,0,0,105.6
2024/3/11 22:00,1006.4,96.3,0,3,6.7,,0,0,105.6
2024/3/11 22:15,1006.4,96,0,3,6.9,,0,0,105.6
2024/3/11 22:30,1006.4,96.1,0,3,7,,0,0,105.6
2024/3/11 22:45,1006.4,96.7,0,3,7.1,,0,0,105.6
2024/3/11 23:00,1006.4,97.3,0,3,7.3,,0,0,105.6
2024/3/11 23:15,1006.4,97.6,0,3,7.4,,0,0,105.6
2024/3/11 23:30,1006.4,97.3,0,3,7.5,,0,0,105.6
2024/3/11 23:45,1006.4,96.9,0,3,7.6,,0,0,105.6
2024/3/12 0:00,1006.4,92.2,0,3.5,7.2,,0,0,105.6
2024/3/12 0:15,1006.4,92,0,3.5,7.2,,0,0,105.6
2024/3/12 0:30,1006.4,91.9,0,3.5,7.2,,0,0,105.6
2024/3/12 0:45,1006.4,91.8,0,3.5,7.3,,0,0,105.6
2024/3/12 1:00,1006.4,91.9,0,3.5,7.3,,0,0,105.6
2024/3/12 1:15,1006.4,91.8,0,3.5,7.3,,0,0,105.6
2024/3/12 1:30,1006.4,91.7,0,3.4,7.2,,0,0,105.6
2024/3/12 1:45,1006.4,91.6,0,3.4,7.2,,0,0,105.6
2024/3/12 2:00,1006.4,91.7,0,3.4,7.2,,0,0,105.6
2024/3/12 2:15,1006.4,91.7,0,3.3,7.1,,0,0,105.6
2024/3/12 2:30,1006.4,91.7,0,3.3,7.1,,0,0,105.6
2024/3/12 2:45,1006.4,91.5,0,3.3,7,,0,0,105.6
2024/3/12 3:00,1006.4,91.3,0,3.3,7,,0,0,105.6
2024/3/12 3:15,1006.4,91,0,3.3,6.9,,0,0,105.6
2024/3/12 3:30,1006.4,90.6,0,3.3,6.9,,0,0,105.6
2024/3/12 3:45,1006.4,90.2,0,3.3,6.8,,0,0,105.6
2024/3/12 4:00,1006.4,89.7,0,3.3,6.8,,0,0,105.6
2024/3/12 4:15,1006.4,89.3,0,3.2,6.7,,0,0,105.6
2024/3/12 4:30,1006.4,88.9,0,3.2,6.7,,0,0,105.6
2024/3/12 4:45,1006.4,88.4,0,3.2,6.6,,0,0,105.6
2024/3/12 5:00,1006.4,87.9,0,3.2,6.6,,0,0,105.6
2024/3/12 5:15,1006.4,87.3,0,3.2,6.5,,0,0,105.6
2024/3/12 5:30,1006.4,86.6,0,3.2,6.5,,0,0,105.6
2024/3/12 5:45,1006.4,85.8,0,3.2,6.5,,0,0,105.6
2024/3/12 6:00,1006.4,85.1,0,3.2,6.4,,0,0,105.6
2024/3/12 6:15,1006.4,84.6,0,3.2,6.4,,0,0.34,105.6
2024/3/12 6:30,1006.4,84.3,0,3.2,6.3,,8,1.54,105.6
2024/3/12 6:45,1006.4,84,0,3.2,6.2,,31,4.17,105.6
2024/3/12 7:00,1006.4,83.6,0,3.2,6.2,,59,7.65,105.6
2024/3/12 7:15,1006.4,83.3,0,3.3,6.1,,97,13.24,105.6
2024/3/12 7:30,1006.4,83,0,3.4,6,,152,19.24,105.6
2024/3/12 7:45,1006.5,82.9,0,3.5,6,,201,27.45,105.6
2024/3/12 8:00,1006.5,82.9,0,3.6,5.9,,252,34.56,105.6
2024/3/12 8:15,1006.5,82.8,0,3.6,5.8,,313,43.64,105.6
2024/3/12 8:30,1006.5,82.5,0,3.7,5.7,,367,51.5,105.6
2024/3/12 8:45,1006.5,82.3,0,3.7,5.6,,445,61.99,105.6
2024/3/12 9:00,1006.5,82.4,0,3.8,5.5,,538,71.66,105.6
2024/3/12 9:15,1006.5,82.2,0,3.8,5.4,,567,80.24,105.6
2024/3/12 9:30,1006.5,81.9,0,3.9,5.3,,596,87.7,105.6
2024/3/12 9:45,1006.5,82,0,3.9,5.1,,650,95.47,105.6
2024/3/12 10:00,1006.5,82.1,0,3.9,5,,687,99.22,105.6
2024/3/12 10:15,1006.5,82.1,0,3.9,4.8,,718,100.41,105.6
2024/3/12 10:30,1006.5,82,0,3.9,4.7,,753,100.6,105.6
2024/3/12 10:45,1006.5,81.8,0,3.9,4.5,,776,100.41,105.6
2024/3/12 11:00,1006.5,81.4,0,4,4.4,,797,100.76,105.6
2024/3/12 11:15,1006.5,80.6,0,4,4.3,,816,100.79,105.6
2024/3/12 11:30,1006.5,79.8,0,4,4.1,,836,100.8,105.6
2024/3/12 11:45,1006.5,79.1,0,4,4,,844,100.79,105.6
2024/3/12 12:00,1006.5,78.6,0,4,3.9,,855,100.8,105.6
2024/3/12 12:15,1006.5,78.5,0,4,3.7,,856,100.8,105.6
2024/3/12 12:30,1006.5,78.6,0,4.1,3.6,,856,100.8,105.6
2024/3/12 12:45,1006.5,78.4,0,4.1,3.4,,848,100.8,105.6
2024/3/12 13:00,1006.5,78.2,0,4.1,3.3,,832,100.79,105.6
2024/3/12 13:15,1006.5,77.8,0,4.1,3.1,,815,100.8,105.6
2024/3/12 13:30,1006.5,77.1,0,4.1,3,,788,100.75,105.6
2024/3/12 13:45,1006.5,76.1,0,4.1,2.8,,765,100.65,105.6
2024/3/12 14:00,1006.5,74.8,0,4.1,2.7,,738,100.4,105.6
2024/3/12 14:15,1006.5,73.1,0,4.2,2.6,,711,99.76,105.6
2024/3/12 14:30,1006.5,70.9,0,4.2,2.4,,688,97.59,105.6
2024/3/12 14:45,1006.5,68.8,0,4.2,2.3,,649,93.02,105.6
2024/3/12 15:00,1006.5,66.8,0,4.3,2.2,,620,88.09,105.6
2024/3/12 15:15,1006.5,64.9,0,4.4,2.1,,556,80.47,105.6
2024/3/12 15:30,1006.5,64.3,0,4.4,2,,526,73.69,105.6
2024/3/12 15:45,1006.5,62.3,0,4.4,1.9,,471,64.07,105.6
2024/3/12 16:00,1006.5,58.7,0,4.5,1.8,,385,51.5,105.6
2024/3/12 16:15,1006.5,54.8,0,4.7,1.8,,321,43.05,105.6
2024/3/12 16:30,1006.5,51.4,0,5,1.7,,262,35.8,105.6
2024/3/12 16:45,1006.5,48.4,0,5.2,1.6,,215,27,105.6
2024/3/12 17:00,1006.5,45.9,0,5.3,1.5,,161,20.07,105.6
2024/3/12 17:15,1006.5,44,0,5.5,1.5,,108,13.13,105.6
2024/3/12 17:30,1006.5,43.2,0,5.6,1.5,,66,7.75,105.6
2024/3/12 17:45,1006.5,43.2,0,5.6,1.5,,30,3.83,105.6
2024/3/12 18:00,1006.5,44.1,0,5.7,1.5,,7,1.6,105.6
2024/3/12 18:15,1006.5,45.5,0,5.7,1.6,,0,0,105.6
2024/3/12 18:30,1006.5,47.1,0,5.7,1.6,,0,0,105.6
2024/3/12 18:45,1006.5,48.6,0,5.7,1.7,,0,0,105.6
2024/3/12 19:00,1006.5,50.3,0,5.7,1.8,,0,0,105.6
2024/3/12 19:15,1006.5,52.5,0,5.7,1.9,,0,0,105.6
2024/3/12 19:30,1006.5,55.7,0,5.5,2,,0,0,105.6
2024/3/12 19:45,1006.5,58.7,0,5.1,2.1,,0,0,105.6
2024/3/12 20:00,1006.5,60.7,0,4.9,2.2,,0,0,105.6
2024/3/12 20:15,1006.5,61.4,0,4.8,2.3,,0,0,105.6
2024/3/12 20:30,1006.5,60.5,0,4.9,2.4,,0,0,105.6
2024/3/12 20:45,1006.5,58.5,0,4.9,2.5,,0,0,105.6
2024/3/12 21:00,1006.5,56.7,0,4.8,2.6,,0,0,105.6
2024/3/12 21:15,1006.5,56.6,0,4.6,2.7,,0,0,105.6
2024/3/12 21:30,1006.5,59.4,0,4.3,2.8,,0,0,105.6
2024/3/12 21:45,1006.5,63.4,0,4,2.9,,0,0,105.6
2024/3/12 22:00,1006.5,67.1,0,3.8,3,,0,0,105.6
2024/3/12 22:15,1006.5,70.8,0,3.5,3.2,,0,0,105.6
2024/3/12 22:30,1006.5,74.6,0,3.3,3.3,,0,0,105.6
2024/3/12 22:45,1006.5,76,0,3.3,3.4,,0,0,105.6
2024/3/12 23:00,1006.5,77.7,0,3.2,3.5,,0,0,105.6
2024/3/12 23:15,1006.5,79.6,0,3,3.5,,0,0,105.6
2024/3/12 23:30,1006.5,81.1,0,2.9,3.6,,0,0,105.6
2024/3/12 23:45,1006.5,81.6,0,2.9,3.7,,0,0,105.6
2024/3/13 0:00,1006.5,76.8,0,3.1,3.9,,0,0,105.6
2024/3/13 0:15,1006.5,77.4,0,3,3.9,,0,0,105.6
2024/3/13 0:30,1006.5,77.9,0,2.9,3.9,,0,0,105.6
2024/3/13 0:45,1006.5,78.7,0,2.9,3.9,,0,0,105.6
2024/3/13 1:00,1006.5,79.5,0,2.8,4,,0,0,105.6
2024/3/13 1:15,1006.4,80.7,0,2.7,4,,0,0,105.6
2024/3/13 1:30,1006.4,81.4,0,2.7,4,,0,0,105.6
2024/3/13 1:45,1006.4,82.4,0,2.6,4.1,,0,0,105.6
2024/3/13 2:00,1006.4,83.7,0,2.5,4.1,,0,0,105.6
2024/3/13 2:15,1006.4,84.8,0,2.4,4.2,,0,0,105.6
2024/3/13 2:30,1006.4,85.7,0,2.4,4.2,,0,0,105.6
2024/3/13 2:45,1006.4,86.8,0,2.3,4.2,,0,0,105.6
2024/3/13 3:00,1006.4,87.4,0,2.2,4.3,,0,0,105.6
2024/3/13 3:15,1006.4,87.7,0,2.2,4.3,,0,0,105.6
2024/3/13 3:30,1006.4,88,0,2.2,4.4,,0,0,105.6
2024/3/13 3:45,1006.4,88.2,0,2.2,4.4,,0,0,105.6
2024/3/13 4:00,1006.4,88.5,0,2.1,4.4,,0,0,105.6
2024/3/13 4:15,1006.4,88.9,0,2.1,4.5,,0,0,105.6
2024/3/13 4:30,1006.4,89.3,0,2,4.5,,0,0,105.6
2024/3/13 4:45,1006.4,89.6,0,2,4.5,,0,0,105.6
2024/3/13 5:00,1006.4,90,0,2,4.6,,0,0,105.6
2024/3/13 5:15,1006.4,90.5,0,1.9,4.6,,0,0,105.6
2024/3/13 5:30,1006.4,91,0,1.9,4.6,,0,0,105.6
2024/3/13 5:45,1006.4,91.5,0,1.8,4.7,,0,0,105.6
2024/3/13 6:00,1006.4,92.1,0,1.8,4.7,,0,0,105.6
2024/3/13 6:15,1006.4,92.5,0,1.7,4.8,,0,0.64,105.6
2024/3/13 6:30,1006.4,92.6,0,1.7,4.8,,11,1.84,105.6
2024/3/13 6:45,1006.4,92.6,0,1.7,4.8,,43,5.75,105.6
2024/3/13 7:00,1006.4,92.4,0,1.8,4.9,,62,7.44,105.6
2024/3/13 7:15,1006.4,91.9,0,2,4.9,,99,14.36,105.6
2024/3/13 7:30,1006.4,91,0,2.3,5,,163,21.6,105.6
2024/3/13 7:45,1006.4,89.9,0,2.8,5,,212,28.93,105.6
2024/3/13 8:00,1006.4,88.3,0,3.3,5.1,,257,35.31,105.6
2024/3/13 8:15,1006.4,86.2,0,3.8,5.1,,319,44.6,105.6
2024/3/13 8:30,1006.5,84,0,4.2,5.2,,370,51.45,105.6
2024/3/13 8:45,1006.5,83.1,0,4.6,5.2,,434,59.97,105.6
2024/3/13 9:00,1006.5,81.8,0,4.9,5.3,,501,65.46,105.6
2024/3/13 9:15,1006.5,79.6,0,5.3,5.4,,520,73.18,105.6
2024/3/13 9:30,1006.5,77.6,0,5.7,5.4,,549,79.08,105.6
2024/3/13 9:45,1006.5,76.2,0,6.1,5.5,,588,83.73,105.6
2024/3/13 10:00,1006.5,74.7,0,6.5,5.5,,615,89.24,105.6
2024/3/13 10:15,1006.5,73.6,0,6.9,5.6,,656,94.08,105.6
2024/3/13 10:30,1006.5,71.9,0,7.2,5.7,,684,98.11,105.6
2024/3/13 10:45,1006.5,69.1,0,7.6,5.7,,710,99.75,105.6
2024/3/13 11:00,1006.5,68,0,7.9,5.8,,722,100.24,105.6
2024/3/13 11:15,1006.5,67.9,0,8.1,5.8,,729,100.45,105.6
2024/3/13 11:30,1006.5,68,0,8.4,5.9,,798,99.39,105.6
2024/3/13 11:45,1006.5,68,0,8.7,5.9,,736,97.83,105.6
2024/3/13 12:00,1006.5,67.9,0,8.9,6,,767,100.66,105.6
2024/3/13 12:15,1006.5,66.4,0,9.1,6.1,,762,100.65,105.6
2024/3/13 12:30,1006.5,65.2,0,9.2,6.1,,729,99.89,105.6
2024/3/13 12:45,1006.5,65.1,0,9.4,6.2,,733,99.42,105.6
2024/3/13 13:00,1006.5,65.2,0,9.5,6.2,,737,97.83,105.6
2024/3/13 13:15,1006.5,65,0,9.7,6.3,,678,91.74,105.6
2024/3/13 13:30,1006.5,64.3,0,9.8,6.3,,662,89.25,105.6
2024/3/13 13:45,1006.5,64,0,9.9,6.3,,681,94.82,105.6
2024/3/13 14:00,1006.5,63.8,0,10,6.3,,618,84.59,105.6
2024/3/13 14:15,1006.5,63.5,0,10.1,6.3,,603,82.81,105.6
2024/3/13 14:30,1006.5,63,0,10.1,6.3,,584,76.14,105.6
2024/3/13 14:45,1006.5,62.9,0,10.2,6.3,,508,69.62,105.6
2024/3/13 15:00,1006.5,63,0,10.2,6.3,,521,65.75,105.6
2024/3/13 15:15,1006.5,63.5,0,10.2,6.2,,474,60.98,105.6
2024/3/13 15:30,1006.5,64.2,0,10.1,6.2,,330,45.79,105.6
2024/3/13 15:45,1006.5,65.5,0,10,6.2,,345,42.75,105.6
2024/3/13 16:00,1006.5,67,0,9.9,6.1,,279,38.13,105.6
2024/3/13 16:15,1006.5,68.4,0,9.9,6.1,,204,24.47,105.6
2024/3/13 16:30,1006.5,69.7,0,9.7,6.1,,205,25.22,105.6
2024/3/13 16:45,1006.5,71.1,0,9.6,6,,150,17.85,105.6
2024/3/13 17:00,1006.5,72.8,0,9.4,6,,108,13.22,105.6
2024/3/13 17:15,1006.5,74.7,0,9.2,5.9,,66,8.24,105.6
2024/3/13 17:30,1006.5,77,0,8.9,5.9,,44,6.07,105.6
2024/3/13 17:45,1006.5,79.4,0,8.6,5.8,,20,3.2,105.6
2024/3/13 18:00,1006.5,81.4,0,8.4,5.8,,2,0.99,105.6
2024/3/13 18:15,1006.5,82.6,0,8.1,5.7,,0,0,105.6
2024/3/13 18:30,1006.5,83.3,0,7.9,5.7,,0,0,105.6
2024/3/13 18:45,1006.5,83.4,0,7.7,5.6,,0,0,105.6
2024/3/13 19:00,1006.5,83.5,0,7.5,5.5,,0,0,105.6
2024/3/13 19:15,1006.5,83.8,0,7.4,5.5,,0,0,105.6
2024/3/13 19:30,1006.5,84.7,0,7.2,5.4,,0,0,105.6
2024/3/13 19:45,1006.5,85.8,0,7,5.3,,0,0,105.6
2024/3/13 20:00,1006.5,87.2,0,6.9,5.3,,0,0,105.6
2024/3/13 20:15,1006.5,88.7,0,6.7,5.2,,0,0,105.6
2024/3/13 20:30,1006.5,89.4,0,6.5,5.2,,0,0,105.6
2024/3/13 20:45,1006.5,89.6,0,6.3,5.1,,0,0,105.6
2024/3/13 21:00,1006.5,90,0,6.2,5.1,,0,0,105.6
2024/3/13 21:15,1006.5,90.6,0,6,5,,0,0,105.6
2024/3/13 21:30,1006.5,91.3,0,5.9,4.9,,0,0,105.6
2024/3/13 21:45,1006.5,91.8,0,5.7,4.9,,0,0,105.6
2024/3/13 22:00,1006.5,92.2,0,5.6,4.8,,0,0,105.6
2024/3/13 22:15,1006.5,92.7,0,5.5,4.7,,0,0,105.6
2024/3/13 22:30,1006.5,93.3,0,5.4,4.6,,0,0,105.6
2024/3/13 22:45,1006.5,93.9,0,5.2,4.5,,0,0,105.6
2024/3/13 23:00,1006.5,94.4,0,5.1,4.5,,0,0,105.6
2024/3/13 23:15,1006.5,94.9,0,5,4.4,,0,0,105.6
2024/3/13 23:30,1006.5,95.3,0,4.9,4.3,,0,0,105.6
2024/3/13 23:45,1006.5,95.8,0,4.9,4.2,,0,0,105.6
2024/3/14 0:00,1006.5,95.1,0,5.7,3.6,,0,0,105.6
2024/3/14 0:15,1006.5,95.3,0,5.6,3.6,,0,0,105.6
2024/3/14 0:30,1006.5,95.3,0,5.6,3.6,,0,0,105.6
2024/3/14 0:45,1006.5,95.2,0,5.5,3.5,,0,0,105.6
2024/3/14 1:00,1006.5,95.3,0,5.4,3.5,,0,0,105.6
2024/3/14 1:15,1006.5,95.5,0,5.4,3.4,,0,0,105.6
2024/3/14 1:30,1006.5,95.7,0,5.3,3.4,,0,0,105.6
2024/3/14 1:45,1006.5,95.7,0,5.2,3.3,,0,0,105.6
2024/3/14 2:00,1006.5,95.9,0,5,3.3,,0,0,105.6
2024/3/14 2:15,1006.5,96.2,0,4.9,3.2,,0,0,105.6
2024/3/14 2:30,1006.5,96.5,0,4.8,3.2,,0,0,105.6
2024/3/14 2:45,1006.5,96.8,0,4.7,3.1,,0,0,105.6
2024/3/14 3:00,1006.5,97,0,4.6,3.1,,0,0,105.6
2024/3/14 3:15,1006.5,97.3,0,4.5,3,,0,0,105.6
2024/3/14 3:30,1006.5,97.5,0,4.4,3,,0,0,105.6
2024/3/14 3:45,1006.5,97.7,0,4.4,2.9,,0,0,105.6
2024/3/14 4:00,1006.5,98,0,4.3,2.8,,0,0,105.6
2024/3/14 4:15,1006.4,98.1,0,4.2,2.8,,0,0,105.6
2024/3/14 4:30,1006.4,98,0,4.1,2.8,,0,0,105.6
2024/3/14 4:45,1006.4,98.1,0,4,2.7,,0,0,105.6
2024/3/14 5:00,1006.4,98.3,0,3.9,2.7,,0,0,105.6
2024/3/14 5:15,1006.4,98.5,0,3.8,2.6,,0,0,105.6
2024/3/14 5:30,1006.4,98.6,0,3.7,2.6,,0,0,105.6
2024/3/14 5:45,1006.4,98.7,0,3.5,2.6,,0,0,105.6
2024/3/14 6:00,1006.4,98.8,0,3.3,2.6,,0,0,105.6
2024/3/14 6:15,1006.4,98.8,0,3.2,2.6,,0,0.39,105.6
2024/3/14 6:30,1006.4,98.8,0,3.2,2.6,,8,1.6,105.6
2024/3/14 6:45,1006.4,98.8,0,3.1,2.5,,30,4.14,105.6
2024/3/14 7:00,1006.4,98.9,0,3.1,2.5,,58,7.35,105.6
2024/3/14 7:15,1006.4,98.9,0,3.1,2.5,,99,12.71,105.6
2024/3/14 7:30,1006.4,98.9,0,3.1,2.5,,144,18.21,105.6
2024/3/14 7:45,1006.4,98.9,0,3.2,2.5,,195,25.5,105.6
2024/3/14 8:00,1006.4,98.9,0,3.3,2.5,,242,32.49,105.6
2024/3/14 8:15,1006.4,98.8,0,3.6,2.5,,300,40.12,105.6
2024/3/14 8:30,1006.4,98.7,0,4,2.4,,348,47.16,105.6
2024/3/14 8:45,1006.5,98.7,0,4.2,2.4,,411,55.13,105.6
2024/3/14 9:00,1006.5,98.5,0,4.5,2.3,,485,60.99,105.6
2024/3/14 9:15,1006.5,98.1,0,4.9,2.3,,505,68.56,105.6
2024/3/14 9:30,1006.5,97.7,0,5.2,2.3,,534,74.55,105.6
2024/3/14 9:45,1006.5,97.1,0,5.8,2.3,,579,80.79,105.6
2024/3/14 10:00,1006.5,93,0,6.5,2.3,,613,86.36,105.6
2024/3/14 10:15,1006.5,88.3,0,7.3,2.3,,654,92.25,105.6
2024/3/14 10:30,1006.5,86.4,0,7.9,2.3,,672,95.9,105.6
2024/3/14 10:45,1006.5,84.6,0,8.3,2.2,,696,98.87,105.6
2024/3/14 11:00,1006.5,82.9,0,8.8,2.2,,726,99.81,105.6
2024/3/14 11:15,1006.5,81.2,0,9.3,2.2,,739,100.21,105.6
2024/3/14 11:30,1006.5,79,0,9.8,2.2,,758,100.45,105.6
2024/3/14 11:45,1006.5,76.9,0,10.1,2.2,,757,100.45,105.6
2024/3/14 12:00,1006.6,75.6,0,10.4,2.2,,757,100.37,105.6
2024/3/14 12:15,1006.6,74.3,0,10.6,2.2,,739,100.52,105.6
2024/3/14 12:30,1006.6,73,0,10.7,2.3,,753,100.38,105.6
2024/3/14 12:45,1006.6,71.1,0,10.9,2.3,,742,100.26,105.6
2024/3/14 13:00,1006.6,70.2,0,11.1,2.3,,726,99.8,105.6
2024/3/14 13:15,1006.6,69.7,0,11.3,2.3,,716,96.22,105.6
2024/3/14 13:30,1006.6,68.8,0,11.5,2.4,,675,97.09,105.6
2024/3/14 13:45,1006.6,67.4,0,11.7,2.4,,674,94.61,105.6
2024/3/14 14:00,1006.6,65.8,0,11.9,2.5,,650,92.32,105.6
2024/3/14 14:15,1006.6,64.2,0,12.1,2.6,,676,81.77,105.6
2024/3/14 14:30,1006.6,62.9,0,12.3,2.7,,588,83.86,105.6
2024/3/14 14:45,1006.6,62.1,0,12.4,2.8,,521,73.81,105.6
2024/3/14 15:00,1006.6,61.5,0,12.4,2.8,,545,65.84,105.6
2024/3/14 15:15,1006.6,60.9,0,12.5,2.9,,457,57.31,105.6
2024/3/14 15:30,1006.6,59.9,0,12.6,3,,455,52.08,105.6
2024/3/14 15:45,1006.6,59.2,0,12.6,3.1,,359,45.29,105.6
2024/3/14 16:00,1006.6,59.4,0,12.6,3.1,,317,39.6,105.6
2024/3/14 16:15,1006.6,60.5,0,12.5,3.2,,259,34.16,105.6
2024/3/14 16:30,1006.6,61.5,0,12.5,3.3,,228,30.28,105.6
2024/3/14 16:45,1006.6,63.2,0,12.4,3.4,,176,22.02,105.6
2024/3/14 17:00,1006.6,66.9,0,12.3,3.5,,140,16.7,105.6
2024/3/14 17:15,1006.6,70.9,0,12.2,3.6,,97,10.53,105.6
2024/3/14 17:30,1006.6,73.5,0,11.9,3.7,,59,6.43,105.6
2024/3/14 17:45,1006.6,74.1,0,11.6,3.8,,25,3.2,105.6
2024/3/14 18:00,1006.6,74.4,0,11.3,3.9,,7,1.44,105.6
2024/3/14 18:15,1006.6,76.1,0,11,4.1,,0,0,105.6
2024/3/14 18:30,1006.6,78.3,0,10.7,4.2,,0,0,105.6
2024/3/14 18:45,1006.6,78.9,0,10.3,4.4,,0,0,105.6
2024/3/14 19:00,1006.6,79.1,0,10,4.5,,0,0,105.6
2024/3/14 19:15,1006.6,80.4,0,9.7,4.6,,0,0,105.6
2024/3/14 19:30,1006.5,82.9,0,9.4,4.7,,0,0,105.6
2024/3/14 19:45,1006.5,84,0,9.1,4.7,,0,0,105.6
2024/3/14 20:00,1006.5,84.2,0,8.7,4.8,,0,0,105.6
2024/3/14 20:15,1006.5,85.7,0,8.4,4.9,,0,0,105.6
2024/3/14 20:30,1006.5,89.8,0,8.1,5,,0,0,105.6
2024/3/14 20:45,1006.5,91,0,7.9,5.1,,0,0,105.6
2024/3/14 21:00,1006.5,91.8,0,7.6,5.2,,0,0,105.6
2024/3/14 21:15,1006.5,92.2,0,7.4,5.3,,0,0,105.6
2024/3/14 21:30,1006.5,92.3,0,7.2,5.3,,0,0,105.6
2024/3/14 21:45,1006.5,92.6,0,7.1,5.4,,0,0,105.6
2024/3/14 22:00,1006.5,92.7,0,6.9,5.4,,0,0,105.6
2024/3/14 22:15,1006.5,92.8,0,6.7,5.5,,0,0,105.6
2024/3/14 22:30,1006.5,92.8,0,6.6,5.5,,0,0,105.6
2024/3/14 22:45,1006.5,92.7,0,6.4,5.5,,0,0,105.6
2024/3/14 23:00,1006.5,92.5,0,6.3,5.5,,0,0,105.6
2024/3/14 23:15,1006.5,92.4,0,6.2,5.5,,0,0,105.6
2024/3/14 23:30,1006.5,92,0,6,5.5,,0,0,105.6
2024/3/14 23:45,1006.5,91.4,0,5.9,5.5,,0,0,105.6
2024/3/15 0:00,1006.5,83,0,6,5.3,,0,0,105.6
2024/3/15 0:15,1006.5,82.9,0,5.9,5.3,,0,0,105.6
2024/3/15 0:30,1006.5,82.9,0,5.7,5.3,,0,0,105.6
2024/3/15 0:45,1006.5,83.1,0,5.6,5.2,,0,0,105.6
2024/3/15 1:00,1006.5,83.4,0,5.5,5.2,,0,0,105.6
2024/3/15 1:15,1006.5,83.9,0,5.4,5.2,,0,0,105.6
2024/3/15 1:30,1006.5,84.3,0,5.3,5.1,,0,0,105.6
2024/3/15 1:45,1006.5,84.7,0,5.2,5.1,,0,0,105.6
2024/3/15 2:00,1006.5,85,0,5.1,5.1,,0,0,105.6
2024/3/15 2:15,1006.5,85.3,0,5,5,,0,0,105.6
2024/3/15 2:30,1006.5,85.5,0,5,5,,0,0,105.6
2024/3/15 2:45,1006.5,85.8,0,4.9,5,,0,0,105.6
2024/3/15 3:00,1006.5,86,0,4.8,4.9,,0,0,105.6
2024/3/15 3:15,1006.5,86.2,0,4.8,4.9,,0,0,105.6
2024/3/15 3:30,1006.5,86.5,0,4.7,4.8,,0,0,105.6
2024/3/15 3:45,1006.4,86.9,0,4.7,4.8,,0,0,105.6
2024/3/15 4:00,1006.4,87.3,0,4.6,4.8,,0,0,105.6
2024/3/15 4:15,1006.4,87.8,0,4.6,4.7,,0,0,105.6
2024/3/15 4:30,1006.4,88.3,0,4.5,4.7,,0,0,105.6
2024/3/15 4:45,1006.4,88.8,0,4.5,4.6,,0,0,105.6
2024/3/15 5:00,1006.4,89.2,0,4.4,4.6,,0,0,105.6
2024/3/15 5:15,1006.4,89.6,0,4.4,4.5,,0,0,105.6
2024/3/15 5:30,1006.4,90.1,0,4.3,4.5,,0,0,105.6
2024/3/15 5:45,1006.4,90.5,0,4.3,4.4,,0,0,105.6
2024/3/15 6:00,1006.5,90.9,0,4.3,4.4,,0,0,105.6
2024/3/15 6:15,1006.5,91.4,0,4.2,4.4,,0,0.49,105.6
2024/3/15 6:30,1006.5,91.9,0,4.2,4.3,,11,1.93,105.6
2024/3/15 6:45,1006.5,92.3,0,4.2,4.3,,36,4.8,105.6
2024/3/15 7:00,1006.5,92.6,0,4.3,4.2,,66,8.27,105.6
2024/3/15 7:15,1006.5,92.7,0,4.5,4.2,,109,13.64,105.6
2024/3/15 7:30,1006.5,92.7,0,4.8,4.1,,153,19.31,105.6
2024/3/15 7:45,1006.5,92.5,0,5.2,4,,208,26.82,105.6
2024/3/15 8:00,1006.5,92.3,0,5.7,3.9,,258,33.65,105.6
2024/3/15 8:15,1006.5,91.8,0,6.2,3.8,,317,42,105.6
2024/3/15 8:30,1006.5,91.3,0,6.9,3.8,,369,49.47,105.6
2024/3/15 8:45,1006.5,90.2,0,7.5,3.7,,427,57.47,105.6
2024/3/15 9:00,1006.5,88.6,0,8,3.6,,501,64.82,105.6
2024/3/15 9:15,1006.5,88.2,0,8.4,3.5,,526,72.61,105.6
2024/3/15 9:30,1006.5,88.1,0,8.9,3.4,,562,78.6,105.6
2024/3/15 9:45,1006.5,87.8,0,9.5,3.3,,607,85.08,105.6
2024/3/15 10:00,1006.6,86.7,0,10.1,3.2,,644,90.26,105.6
2024/3/15 10:15,1006.6,84.3,0,10.8,3.1,,680,95.13,105.6
2024/3/15 10:30,1006.6,82.5,0,11.3,3,,701,98.71,105.6
2024/3/15 10:45,1006.6,81.7,0,11.7,2.9,,730,99.77,105.6
2024/3/15 11:00,1006.6,80.8,0,12.1,2.8,,749,100.09,105.6
2024/3/15 11:15,1006.6,79.5,0,12.4,2.7,,757,100.55,105.6
2024/3/15 11:30,1006.6,78.1,0,12.7,2.6,,788,100.53,105.6
2024/3/15 11:45,1006.6,77,0,12.9,2.5,,806,100.62,105.6
2024/3/15 12:00,1006.6,75.7,0,13.1,2.4,,796,100.68,105.6
2024/3/15 12:15,1006.6,73.7,0,13.2,2.3,,814,100.67,105.6
2024/3/15 12:30,1006.6,72.3,0,13.3,2.2,,776,100.63,105.6
2024/3/15 12:45,1006.6,70.6,0,13.4,2.2,,761,100.66,105.6
2024/3/15 13:00,1006.6,69.1,0,13.5,2.2,,764,100.5,105.6
2024/3/15 13:15,1006.6,67.8,0,13.6,2.2,,789,100.39,105.6
2024/3/15 13:30,1006.6,67.8,0,13.7,2.2,,744,99.6,105.6
2024/3/15 13:45,1006.6,66.7,0,13.7,2.2,,712,94.97,105.6
2024/3/15 14:00,1006.6,66.5,0,13.6,2.3,,656,88.57,105.6
2024/3/15 14:15,1006.6,67,0,13.5,2.3,,667,90.23,105.6
2024/3/15 14:30,1006.6,67.4,0,13.4,2.3,,637,86.88,105.6
2024/3/15 14:45,1006.6,67.4,0,13.3,2.3,,618,83.13,105.6
2024/3/15 15:00,1006.6,67.1,0,13.3,2.3,,582,75.72,105.6
2024/3/15 15:15,1006.6,66.4,0,13.3,2.3,,528,69.62,105.6
2024/3/15 15:30,1006.6,66.8,0,13.2,2.4,,486,62.76,105.6
2024/3/15 15:45,1006.6,66.7,0,13.1,2.4,,418,55.95,105.6
2024/3/15 16:00,1006.6,65.5,0,12.9,2.4,,352,46.13,105.6
2024/3/15 16:15,1006.6,65.2,0,12.6,2.5,,305,38.89,105.6
2024/3/15 16:30,1006.6,67,0,12.2,2.7,,265,32.71,105.6
2024/3/15 16:45,1006.6,69.5,0,12,2.8,,212,25.22,105.6
2024/3/15 17:00,1006.6,70.9,0,11.9,3,,165,19.52,105.6
2024/3/15 17:15,1006.6,71.9,0,12,3.1,,112,13.09,105.6
2024/3/15 17:30,1006.6,72.9,0,12,3.3,,72,8,105.6
2024/3/15 17:45,1006.6,73.7,0,11.9,3.4,,34,4.12,105.6
2024/3/15 18:00,1006.6,75.2,0,11.8,3.5,,12,1.85,105.6
2024/3/15 18:15,1006.6,77.7,0,11.9,3.6,,0,0,105.6
2024/3/15 18:30,1006.6,79.4,0,11.8,3.7,,0,0,105.6
2024/3/15 18:45,1006.6,82.1,0,11.4,3.8,,0,0,105.6
2024/3/15 19:00,1006.6,84.1,0,10.7,3.8,,0,0,105.6
2024/3/15 19:15,1006.6,85.3,0,9.9,3.8,,0,0,105.6
2024/3/15 19:30,1006.6,86.7,0,9.4,3.9,,0,0,105.6
2024/3/15 19:45,1006.6,88.6,0,9.1,3.9,,0,0,105.6
2024/3/15 20:00,1006.6,90.3,0,8.8,3.9,,0,0,105.6
2024/3/15 20:15,1006.5,90.8,0,8.6,4,,0,0,105.6
2024/3/15 20:30,1006.5,91.8,0,8.3,4.1,,0,0,105.6
2024/3/15 20:45,1006.5,93.6,0,8,4.1,,0,0,105.6
2024/3/15 21:00,1006.5,95.2,0,7.7,4.2,,0,0,105.6
2024/3/15 21:15,1006.5,96.4,0,7.5,4.3,,0,0,105.6
2024/3/15 21:30,1006.5,97.2,0,7.2,4.4,,0,0,105.6
2024/3/15 21:45,1006.5,97.6,0,7,4.4,,0,0,105.6
2024/3/15 22:00,1006.5,97.4,0,6.8,4.4,,0,0,105.6
2024/3/15 22:15,1006.5,97,0,6.7,4.4,,0,0,105.6
2024/3/15 22:30,1006.5,97.1,0,6.5,4.3,,0,0,105.6
2024/3/15 22:45,1006.5,97.1,0,6.2,4.3,,0,0,105.6
2024/3/15 23:00,1006.5,96.5,0,6,4.2,,0,0,105.6
2024/3/15 23:15,1006.5,95.8,0,5.9,4.2,,0,0,105.6
2024/3/15 23:30,1006.5,95,0,5.8,4.2,,0,0,105.6
2024/3/15 23:45,1006.5,93.6,0,5.7,4.1,,0,0,105.6
2024/3/16 0:00,1006.5,91.6,0,6.5,4.7,,0,0,105.6
2024/3/16 0:15,1006.5,91.7,0,6.4,4.7,,0,0,105.6
2024/3/16 0:30,1006.5,91.8,0,6.3,4.7,,0,0,105.6
2024/3/16 0:45,1006.5,92,0,6.3,4.7,,0,0,105.6
2024/3/16 1:00,1006.5,92.2,0,6.2,4.8,,0,0,105.6
2024/3/16 1:15,1006.5,92.5,0,6.2,4.8,,0,0,105.6
2024/3/16 1:30,1006.5,93,0,6.1,4.8,,0,0,105.6
2024/3/16 1:45,1006.5,93.5,0,6.1,4.8,,0,0,105.6
2024/3/16 2:00,1006.5,94.2,0,6,4.9,,0,0,105.6
2024/3/16 2:15,1006.5,94.3,0,6,4.9,,0,0,105.6
2024/3/16 2:30,1006.5,94.2,0,6.1,5,,0,0,105.6
2024/3/16 2:45,1006.5,94.2,0,6.1,5,,0,0,105.6
2024/3/16 3:00,1006.5,94.2,0,6.1,5.1,,0,0,105.6
2024/3/16 3:15,1006.5,94.2,0,6.1,5.1,,0,0,105.6
2024/3/16 3:30,1006.5,94.1,0,6.1,5.2,,0,0,105.6
2024/3/16 3:45,1006.5,93.9,0,6.2,5.3,,0,0,105.6
2024/3/16 4:00,1006.5,93.7,0,6.2,5.3,,0,0,105.6
2024/3/16 4:15,1006.5,93.6,0,6.3,5.4,,0,0,105.6
2024/3/16 4:30,1006.5,93.6,0,6.3,5.4,,0,0,105.6
2024/3/16 4:45,1006.5,93.6,0,6.3,5.5,,0,0,105.6
2024/3/16 5:00,1006.5,93.4,0,6.4,5.6,,0,0,105.6
2024/3/16 5:15,1006.5,93.2,0,6.4,5.6,,0,0,105.6
2024/3/16 5:30,1006.5,93,0,6.5,5.7,,0,0,105.6
2024/3/16 5:45,1006.5,92.9,0,6.5,5.8,,0,0,105.6
2024/3/16 6:00,1006.5,92.8,0,6.5,5.8,,0,0,105.6
2024/3/16 6:15,1006.5,92.7,0,6.5,5.9,,0,0.33,105.6
2024/3/16 6:30,1006.5,92.6,0,6.6,6,,4,0.81,105.6
2024/3/16 6:45,1006.5,92.6,0,6.6,6,,14,2.23,105.6
2024/3/16 7:00,1006.5,92.5,0,6.6,6.1,,24,2.68,105.6
2024/3/16 7:15,1006.5,92.4,0,6.7,6.1,,36,5.22,105.6
2024/3/16 7:30,1006.5,92.2,0,6.8,6.2,,41,5.7,105.6
2024/3/16 7:45,1006.5,91.9,0,6.9,6.2,,62,7.5,105.6
2024/3/16 8:00,1006.5,91.7,0,7,6.3,,80,9.61,105.6
2024/3/16 8:15,1006.5,91.6,0,7.2,6.3,,139,14.24,105.6
2024/3/16 8:30,1006.5,91.6,0,7.3,6.3,,123,16.2,105.6
2024/3/16 8:45,1006.5,91.6,0,7.5,6.3,,188,22.63,105.6
2024/3/16 9:00,1006.5,91.3,0,7.7,6.4,,184,21.13,105.6
2024/3/16 9:15,1006.5,91.2,0,7.8,6.4,,168,18.1,105.6
2024/3/16 9:30,1006.5,91.1,0,8,6.3,,187,23.94,105.6
2024/3/16 9:45,1006.5,91.2,0,8.2,6.3,,301,34.83,105.6
2024/3/16 10:00,1006.5,91.2,0,8.4,6.3,,421,49.14,105.6
2024/3/16 10:15,1006.5,91.3,0,8.6,6.3,,518,65.27,105.6
2024/3/16 10:30,1006.5,91.2,0,8.9,6.2,,406,52,105.6
2024/3/16 10:45,1006.5,91.2,0,9.2,6.2,,501,72.19,105.6
2024/3/16 11:00,1006.5,90.9,0,9.4,6.1,,588,66.75,105.6
2024/3/16 11:15,1006.5,90.5,0,9.7,6,,692,92.04,105.6
2024/3/16 11:30,1006.5,90.3,0,9.9,5.9,,858,100.75,105.6
2024/3/16 11:45,1006.5,90.2,0,10.2,5.7,,498,73.38,105.6
2024/3/16 12:00,1006.5,90,0,10.4,5.6,,708,100.74,105.6
2024/3/16 12:15,1006.5,89.9,0,10.7,5.4,,821,100.72,105.6
2024/3/16 12:30,1006.5,89.6,0,10.9,5.2,,804,100.71,105.6
2024/3/16 12:45,1006.5,89,0,11.2,5.1,,807,100.64,105.6
2024/3/16 13:00,1006.5,88.5,0,11.5,4.9,,753,100.66,105.6
2024/3/16 13:15,1006.6,88.2,0,11.8,4.7,,808,100.47,105.6
2024/3/16 13:30,1006.6,87.7,0,12.1,4.5,,540,83.06,105.6
2024/3/16 13:45,1006.6,87,0,12.3,4.4,,458,96.17,105.6
2024/3/16 14:00,1006.6,86.4,0,12.6,4.2,,718,94.94,105.6
2024/3/16 14:15,1006.6,85.9,0,12.8,4.1,,681,65.88,105.6
2024/3/16 14:30,1006.6,85,0,13.2,4,,590,80.43,105.6
2024/3/16 14:45,1006.6,84,0,13.4,3.8,,499,73.32,105.6
2024/3/16 15:00,1006.6,83.2,0,13.6,3.7,,562,69.3,105.6
2024/3/16 15:15,1006.6,82.6,0.2,13.7,3.6,,526,58.95,105.6
2024/3/16 15:30,1006.6,83.5,0.2,13.6,3.4,,420,62.94,105.6
2024/3/16 15:45,1006.6,84.8,0.2,13.4,3.3,,374,47.35,105.6
2024/3/16 16:00,1006.6,84.2,0,13.5,3.2,,234,24.44,105.6
2024/3/16 16:15,1006.6,83.7,0,13.7,3.1,,215,19.3,105.6
2024/3/16 16:30,1006.6,83.9,0,13.6,3,,139,15.14,105.6
2024/3/16 16:45,1006.6,84.4,0,13.6,2.9,,121,13.56,105.6
2024/3/16 17:00,1006.6,85.2,0,13.5,2.9,,66,7.63,105.6
2024/3/16 17:15,1006.6,86.4,0,13.5,2.9,,57,7.28,105.6
2024/3/16 17:30,1006.6,87.6,0.1,13.4,2.9,,49,5.68,105.6
2024/3/16 17:45,1006.6,88.7,0.1,13.1,3,,14,1.99,105.6
2024/3/16 18:00,1006.6,89.3,0.1,12.9,3,,5,1.28,105.6
2024/3/16 18:15,1006.6,89.9,0.1,12.8,3.1,,0,0,105.6
2024/3/16 18:30,1006.6,90.5,0.1,12.6,3.2,,0,0,105.6
2024/3/16 18:45,1006.6,90.7,0,12.4,3.2,,0,0,105.6
2024/3/16 19:00,1006.6,90.7,0,12.2,3.3,,0,0,105.6
2024/3/16 19:15,1006.6,91.2,0,12.1,3.3,,0,0,105.6
2024/3/16 19:30,1006.6,93.7,0,11.7,3.4,,0,0,105.6
2024/3/16 19:45,1006.5,95.7,0,10.5,3.4,,0,0,105.6
2024/3/16 20:00,1006.5,95.9,0,10.2,3.4,,0,0,105.6
2024/3/16 20:15,1006.5,95.3,0,10,3.4,,0,0,105.6
2024/3/16 20:30,1006.5,93.1,0,10,3.3,,0,0,105.6
2024/3/16 20:45,1006.5,92,0,9.9,3.3,,0,0,105.6
2024/3/16 21:00,1006.5,92.3,0,9.7,3.2,,0,0,105.6
2024/3/16 21:15,1006.5,93.2,0,9.5,3.2,,0,0,105.6
2024/3/16 21:30,1006.5,92.5,0,9.5,3.2,,0,0,105.6
2024/3/16 21:45,1006.5,92.5,0,9.6,3.3,,0,0,105.6
2024/3/16 22:00,1006.5,93,0,9.5,3.4,,0,0,105.6
2024/3/16 22:15,1006.5,93.6,0,9.4,3.4,,0,0,105.6
2024/3/16 22:30,1006.5,93.7,0,9.4,3.6,,0,0,105.6
2024/3/16 22:45,1006.5,94,0,9.4,3.7,,0,0,105.6
2024/3/16 23:00,1006.5,94.2,0,9.3,3.8,,0,0,105.6
2024/3/16 23:15,1006.5,94.9,0,9.2,3.9,,0,0,105.6
2024/3/16 23:30,1006.5,95.5,0,9,4,,0,0,105.6
2024/3/16 23:45,1006.5,95.9,0,8.8,4.1,,0,0,105.6
2024/3/17 0:00,1006.5,83.1,0,8.5,6.3,,0,0,105.6
2024/3/17 0:15,1006.5,82.4,0,8.3,6.6,,0,0,105.6
2024/3/17 0:30,1006.5,82.2,0,8.1,7,,0,0,105.6
2024/3/17 0:45,1006.5,82,0,8,7.3,,0,0,105.6
2024/3/17 1:00,1006.5,81.8,0,7.6,7.6,,0,0,105.6
2024/3/17 1:15,1006.5,81.1,0,7.4,7.9,,0,0,105.6
2024/3/17 1:30,1006.5,74.7,0,7.5,8.2,,0,0,105.6
2024/3/17 1:45,1006.5,69.1,0,7.5,8.5,,0,0,105.6
2024/3/17 2:00,1006.5,66,0,7.4,8.7,,0,0,105.6
2024/3/17 2:15,1006.5,63.3,0,7.3,8.9,,0,0,105.6
2024/3/17 2:30,1006.5,61.2,0,7.2,9.1,,0,0,105.6
2024/3/17 2:45,1006.5,60.1,0,7.2,9.3,,0,0,105.6
2024/3/17 3:00,1006.5,60.1,0,7.1,9.4,,0,0,105.6
2024/3/17 3:15,1006.5,60.6,0,6.9,9.6,,0,0,105.6
2024/3/17 3:30,1006.5,61.4,0,6.8,9.7,,0,0,105.6
2024/3/17 3:45,1006.5,62.4,0,6.7,9.8,,0,0,105.6
2024/3/17 4:00,1006.5,63.5,0,6.6,9.8,,0,0,105.6
2024/3/17 4:15,1006.5,64.6,0,6.5,9.8,,0,0,105.6
2024/3/17 4:30,1006.5,65.7,0,6.4,9.8,,0,0,105.6
2024/3/17 4:45,1006.5,66.6,0,6.4,9.9,,0,0,105.6
2024/3/17 5:00,1006.5,67.2,0,6.3,9.9,,0,0,105.6
2024/3/17 5:15,1006.5,67.1,0,6.2,9.9,,0,0,105.6
2024/3/17 5:30,1006.5,66.5,0,6.1,9.9,,0,0,105.6
2024/3/17 5:45,1006.5,65.8,0,6.1,10,,0,0,105.6
2024/3/17 6:00,1006.5,65,0,6,10,,0,0,105.6
2024/3/17 6:15,1006.5,64.5,0,6,10.1,,0,0.37,105.6
2024/3/17 6:30,1006.5,64.3,0,5.9,10.1,,12,1.61,105.6
2024/3/17 6:45,1006.5,64,0,5.8,10.2,,28,3.77,105.6
2024/3/17 7:00,1006.5,63.5,0,5.8,10.2,,43,5.37,105.6
2024/3/17 7:15,1006.5,62.5,0,5.8,10.2,,63,8.08,105.6
2024/3/17 7:30,1006.5,61.3,0,5.8,10.2,,154,18.25,105.6
2024/3/17 7:45,1006.5,60.1,0,5.7,10.3,,212,27.64,105.6
2024/3/17 8:00,1006.5,58.7,0,5.7,10.3,,251,32.13,105.6
2024/3/17 8:15,1006.5,57.5,0,5.7,10.3,,335,41.07,105.6
2024/3/17 8:30,1006.5,56.5,0,5.6,10.3,,221,27.67,105.6
2024/3/17 8:45,1006.5,55.9,0,5.6,10.4,,261,34.04,105.6
2024/3/17 9:00,1006.5,55.7,0,5.5,10.4,,243,30.21,105.6
2024/3/17 9:15,1006.5,55.7,0,5.5,10.3,,276,34.77,105.6
2024/3/17 9:30,1006.5,55.9,0,5.5,10.3,,251,34.02,105.6
2024/3/17 9:45,1006.5,56.2,0,5.5,10.3,,407,53.87,105.6
2024/3/17 10:00,1006.5,56.5,0,5.5,10.2,,561,63.81,105.6
2024/3/17 10:15,1006.5,56.8,0,5.4,10.2,,426,70.82,105.6
2024/3/17 10:30,1006.5,57.2,0,5.4,10.1,,729,97.96,105.6
2024/3/17 10:45,1006.5,57.6,0,5.4,10,,656,99.36,105.6
2024/3/17 11:00,1006.5,58,0,5.4,9.9,,750,100.39,105.6
2024/3/17 11:15,1006.5,58.5,0,5.4,9.8,,581,82.92,105.6
2024/3/17 11:30,1006.5,59,0,5.4,9.6,,611,94.39,105.6
2024/3/17 11:45,1006.5,59.4,0,5.3,9.5,,685,88.13,105.6
2024/3/17 12:00,1006.5,59.8,0,5.3,9.3,,747,98.14,105.6
2024/3/17 12:15,1006.5,60.1,0,5.3,9.2,,853,100.59,105.6
2024/3/17 12:30,1006.5,60.4,0,5.3,9,,340,58.79,105.6
2024/3/17 12:45,1006.5,60.7,0,5.3,8.9,,771,95.28,105.6
2024/3/17 13:00,1006.5,61.1,0,5.2,8.7,,698,98.15,105.6
2024/3/17 13:15,1006.5,61.4,0,5.2,8.5,,801,100.8,105.6
2024/3/17 13:30,1006.5,61.9,0,5.2,8.3,,761,100.72,105.6
2024/3/17 13:45,1006.5,62.2,0,5.1,8.1,,798,88.86,105.6
2024/3/17 14:00,1006.5,62.5,0,5.1,8,,760,82.02,105.6
2024/3/17 14:15,1006.5,62.7,0,5.1,7.7,,631,68.3,105.6
2024/3/17 14:30,1006.5,63,0,5,7.5,,619,56.99,105.6
2024/3/17 14:45,1006.5,63.6,0,5,7.3,,379,46.02,105.6
2024/3/17 15:00,1006.5,64.1,0,4.9,7.1,,610,73.55,105.6
2024/3/17 15:15,1006.5,64.7,0,4.9,6.9,,423,43.06,105.6
2024/3/17 15:30,1006.5,65.3,0,4.8,6.6,,499,59.52,105.6
2024/3/17 15:45,1006.5,66,0,4.8,6.4,,271,38.91,105.6
2024/3/17 16:00,1006.5,66.4,0,4.7,6.2,,332,44.68,105.6
2024/3/17 16:15,1006.5,66.7,0,4.7,5.9,,310,34.18,105.6
2024/3/17 16:30,1006.5,67.1,0,4.7,5.7,,265,35.05,105.6
2024/3/17 16:45,1006.5,67.3,0,4.7,5.4,,214,28.5,105.6
2024/3/17 17:00,1006.5,67.7,0,4.7,5.2,,153,20.54,105.6
2024/3/17 17:15,1006.5,68.1,0,4.6,5,,167,20.12,105.6
2024/3/17 17:30,1006.5,68.5,0,4.7,4.7,,68,8.33,105.6
2024/3/17 17:45,1006.5,68.9,0,4.7,4.5,,58,6.16,105.6
2024/3/17 18:00,1006.5,69.4,0,4.7,4.3,,15,2.21,105.6
2024/3/17 18:15,1006.5,70,0,4.7,4.1,,0,0,105.6
2024/3/17 18:30,1006.5,70.9,0,4.7,3.8,,0,0,105.6
2024/3/17 18:45,1006.5,71.8,0,4.6,3.6,,0,0,105.6
2024/3/17 19:00,1006.5,72.5,0,4.6,3.4,,0,0,105.6
2024/3/17 19:15,1006.5,73.4,0,4.5,3.2,,0,0,105.6
2024/3/17 19:30,1006.5,74.3,0,4.5,3,,0,0,105.6
2024/3/17 19:45,1006.5,75.1,0,4.5,2.8,,0,0,105.6
2024/3/17 20:00,1006.5,75.5,0,4.5,2.6,,0,0,105.6
2024/3/17 20:15,1006.5,76.2,0,4.5,2.4,,0,0,105.6
2024/3/17 20:30,1006.5,76.4,0,4.5,2.3,,0,0,105.6
2024/3/17 20:45,1006.5,76.8,0,4.5,2.2,,0,0,105.6
2024/3/17 21:00,1006.5,77.6,0,4.6,2,,0,0,105.6
2024/3/17 21:15,1006.5,78,0,4.6,1.9,,0,0,105.6
2024/3/17 21:30,1006.5,78.6,0,4.6,1.9,,0,0,105.6
2024/3/17 21:45,1006.5,79.1,0,4.6,1.8,,0,0,105.6
2024/3/17 22:00,1006.5,79.6,0,4.6,1.7,,0,0,105.6
2024/3/17 22:15,1006.5,80.2,0,4.6,1.7,,0,0,105.6
2024/3/17 22:30,1006.5,80.6,0,4.5,1.7,,0,0,105.6
2024/3/17 22:45,1006.5,80.9,0,4.5,1.7,,0,0,105.6
2024/3/17 23:00,1006.5,81.3,0,4.5,1.7,,0,0,105.6
2024/3/17 23:15,1006.5,81.6,0,4.5,1.7,,0,0,105.6
2024/3/17 23:30,1006.5,82.1,0,4.4,1.7,,0,0,105.6
2024/3/17 23:45,1006.5,82.7,0,4.4,1.7,,0,0,105.6
2024/3/18 0:00,1006.5,83.6,0,4.1,1.7,,0,0,105.6
2024/3/18 0:15,1006.5,83.9,0,4,1.8,,0,0,105.6
2024/3/18 0:30,1006.5,84.2,0,3.9,1.9,,0,0,105.6
2024/3/18 0:45,1006.5,84.6,0,3.8,2,,0,0,105.6
2024/3/18 1:00,1006.5,84.9,0,3.8,2.1,,0,0,105.6
2024/3/18 1:15,1006.5,85.3,0,3.7,2.2,,0,0,105.6
2024/3/18 1:30,1006.5,85.7,0,3.7,2.3,,0,0,105.6
2024/3/18 1:45,1006.5,86.1,0,3.7,2.4,,0,0,105.6
2024/3/18 2:00,1006.5,86.6,0,3.7,2.5,,0,0,105.6
2024/3/18 2:15,1006.5,87.1,0,3.6,2.6,,0,0,105.6
2024/3/18 2:30,1006.5,87.5,0,3.6,2.8,,0,0,105.6
2024/3/18 2:45,1006.5,88.1,0,3.6,2.9,,0,0,105.6
2024/3/18 3:00,1006.5,89,0,3.5,3,,0,0,105.6
2024/3/18 3:15,1006.5,89.9,0,3.5,3.2,,0,0,105.6
2024/3/18 3:30,1006.5,90.8,0,3.4,3.3,,0,0,105.6
2024/3/18 3:45,1006.5,91.4,0,3.3,3.5,,0,0,105.6
2024/3/18 4:00,1006.5,91.8,0,3.3,3.6,,0,0,105.6
2024/3/18 4:15,1006.5,91.9,0,3.3,3.7,,0,0,105.6
2024/3/18 4:30,1006.5,91.8,0,3.3,3.9,,0,0,105.6
2024/3/18 4:45,1006.5,91.5,0,3.3,4,,0,0,105.6
2024/3/18 5:00,1006.5,90.9,0,3.3,4.2,,0,0,105.6
2024/3/18 5:15,1006.5,90.5,0,3.4,4.3,,0,0,105.6
2024/3/18 5:30,1006.5,90.1,0,3.5,4.5,,0,0,105.6
2024/3/18 5:45,1006.5,89.7,0,3.6,4.7,,0,0,105.6
2024/3/18 6:00,1006.5,89.7,0,3.7,4.8,,0,0,105.6
2024/3/18 6:15,1006.5,90.1,0,3.8,5,,0,0.72,105.6
2024/3/18 6:30,1006.5,90.4,0,3.8,5.1,,21,2.9,105.6
2024/3/18 6:45,1006.5,90.8,0,3.9,5.3,,49,6.59,105.6
2024/3/18 7:00,1006.5,91.1,0,4.1,5.5,,94,12.2,105.6
2024/3/18 7:15,1006.5,91.4,0,4.2,5.7,,121,14.71,105.6
2024/3/18 7:30,1006.5,91.3,0,4.4,5.8,,137,17.87,105.6
2024/3/18 7:45,1006.5,91,0,4.6,6,,179,23.49,105.6
2024/3/18 8:00,1006.5,90.5,0,4.9,6.1,,232,30.49,105.6
2024/3/18 8:15,1006.5,89.8,0,4.9,6.3,,250,32.9,105.6
2024/3/18 8:30,1006.5,89,0,5.2,6.4,,257,33.6,105.6
2024/3/18 8:45,1006.5,87.9,0,5.4,6.6,,315,43.65,105.6
2024/3/18 9:00,1006.5,86.7,0,5.7,6.7,,367,49.15,105.6
2024/3/18 9:15,1006.5,85.1,0,5.9,6.9,,428,57.87,105.6
2024/3/18 9:30,1006.5,83.3,0,6.2,7,,421,57.7,105.6
2024/3/18 9:45,1006.5,81.7,0,6.4,7.1,,434,58.35,105.6
2024/3/18 10:00,1006.5,80.2,0,6.7,7.2,,490,67.48,105.6
2024/3/18 10:15,1006.5,78.5,0,7,7.3,,504,66.15,105.6
2024/3/18 10:30,1006.5,76.9,0,7.2,7.4,,484,63.83,105.6
2024/3/18 10:45,1006.5,75.5,0,7.5,7.5,,436,57.03,105.6
2024/3/18 11:00,1006.5,74.6,0,7.7,7.6,,458,58.86,105.6
2024/3/18 11:15,1006.5,73.3,0,8,7.7,,472,63.06,105.6
2024/3/18 11:30,1006.5,71.1,0,8.2,7.7,,470,63.09,105.6
2024/3/18 11:45,1006.5,69.2,0,8.4,7.8,,457,59.99,105.6
2024/3/18 12:00,1006.5,68,0,8.6,7.8,,459,60.12,105.6
2024/3/18 12:15,1006.5,67.3,0,8.8,7.8,,418,53.19,105.6
2024/3/18 12:30,1006.5,66.5,0,8.9,7.8,,371,48.63,105.6
2024/3/18 12:45,1006.5,65.6,0,9.1,7.9,,366,48.66,105.6
2024/3/18 13:00,1006.5,64.8,0,9.2,7.9,,337,44.33,105.6
2024/3/18 13:15,1006.5,64.3,0,9.3,7.8,,319,41.51,105.6
2024/3/18 13:30,1006.5,64.5,0,9.4,7.8,,412,57.84,105.6
2024/3/18 13:45,1006.5,65.1,0,9.5,7.8,,449,60.26,105.6
2024/3/18 14:00,1006.5,65.6,0,9.7,7.8,,474,62.91,105.6
2024/3/18 14:15,1006.5,65.5,0,9.8,7.7,,408,51.05,105.6
2024/3/18 14:30,1006.5,65.2,0,9.9,7.6,,328,45.76,105.6
2024/3/18 14:45,1006.5,64.7,0,10,7.5,,325,42.16,105.6
2024/3/18 15:00,1006.5,64.8,0,10.1,7.4,,292,36.35,105.6
2024/3/18 15:15,1006.5,65.3,0,10.1,7.3,,410,50.54,105.6
2024/3/18 15:30,1006.5,65.3,0,10.2,7.2,,352,41.87,105.6
2024/3/18 15:45,1006.5,65.7,0,10.2,7.1,,288,42.25,105.6
2024/3/18 16:00,1006.5,66,0,10.3,6.9,,236,29.89,105.6
2024/3/18 16:15,1006.5,66.5,0,10.3,6.8,,230,29.88,105.6
2024/3/18 16:30,1006.5,67,0,10.3,6.7,,206,28.23,105.6
2024/3/18 16:45,1006.5,67.7,0,10.3,6.5,,161,18.13,105.6
2024/3/18 17:00,1006.5,68.9,0,10.2,6.4,,145,17.17,105.6
2024/3/18 17:15,1006.5,70.6,0,10.1,6.3,,83,9.61,105.6
2024/3/18 17:30,1006.5,73,0,10,6.2,,59,6.48,105.6
2024/3/18 17:45,1006.5,75.8,0,9.8,6,,30,3.94,105.6
2024/3/18 18:00,1006.5,78.7,0,9.6,5.9,,14,1.95,105.6
2024/3/18 18:15,1006.5,81.5,0,9.3,5.8,,0,0,105.6
2024/3/18 18:30,1006.5,83.5,0,9.1,5.7,,0,0,105.6
2024/3/18 18:45,1006.5,84.7,0,8.8,5.6,,0,0,105.6
2024/3/18 19:00,1006.5,85.3,0,8.6,5.5,,0,0,105.6
2024/3/18 19:15,1006.5,85.5,0,8.5,5.4,,0,0,105.6
2024/3/18 19:30,1006.5,85.5,0,8.5,5.3,,0,0,105.6
2024/3/18 19:45,1006.5,85.6,0,8.4,5.2,,0,0,105.6
2024/3/18 20:00,1006.5,85.8,0,8.3,5.1,,0,0,105.6
2024/3/18 20:15,1006.5,86.4,0,8.2,5,,0,0,105.6
2024/3/18 20:30,1006.5,87.1,0,8,5,,0,0,105.6
2024/3/18 20:45,1006.5,87.8,0,7.9,4.9,,0,0,105.6
2024/3/18 21:00,1006.5,88.4,0,7.7,4.9,,0,0,105.6
2024/3/18 21:15,1006.5,89,0,7.6,4.9,,0,0,105.6
2024/3/18 21:30,1006.5,89.6,0,7.4,4.9,,0,0,105.6
2024/3/18 21:45,1006.5,90.1,0,7.3,4.9,,0,0,105.6
2024/3/18 22:00,1006.5,90.7,0,7.2,4.8,,0,0,105.6
2024/3/18 22:15,1006.5,91.2,0,7.1,4.8,,0,0,105.6
2024/3/18 22:30,1006.5,91.8,0,7,4.8,,0,0,105.6
2024/3/18 22:45,1006.5,92.2,0,6.9,4.8,,0,0,105.6
2024/3/18 23:00,1006.5,92.4,0,6.8,4.8,,0,0,105.6
2024/3/18 23:15,1006.5,92.4,0,6.8,4.8,,0,0,105.6
2024/3/18 23:30,1006.5,92.2,0,6.7,4.8,,0,0,105.6
2024/3/18 23:45,1006.5,92.1,0,6.7,4.7,,0,0,105.6
2024/3/19 0:00,1006.4,92.4,0,5.6,5.3,,0,0,105.6
2024/3/19 0:15,1006.4,92.4,0,5.6,5.5,,0,0,105.6
2024/3/19 0:30,1006.4,91.8,0,5.6,5.7,,0,0,105.6
2024/3/19 0:45,1006.4,90.6,0.1,5.7,5.8,,0,0,105.6
2024/3/19 1:00,1006.4,89.4,0,5.7,5.9,,0,0,105.6
2024/3/19 1:15,1006.4,87.9,0,6,6,,0,0,105.6
2024/3/19 1:30,1006.4,87.5,0,6.1,6.1,,0,0,105.6
2024/3/19 1:45,1006.4,88.4,0,6.2,6.2,,0,0,105.6
2024/3/19 2:00,1006.4,89.9,0,6.2,6.4,,0,0,105.6
2024/3/19 2:15,1006.4,91.2,0,6.2,6.5,,0,0,105.6
2024/3/19 2:30,1006.4,93,0,6,6.7,,0,0,105.6
2024/3/19 2:45,1006.4,93.2,0,5.9,6.8,,0,0,105.6
2024/3/19 3:00,1006.4,92,0,5.8,7,,0,0,105.6
2024/3/19 3:15,1006.4,89,0,5.4,7.2,,0,0,105.6
2024/3/19 3:30,1006.4,86,0,5.1,7.4,,0,0,105.6
2024/3/19 3:45,1006.4,83.5,0,4.7,7.6,,0,0,105.6
2024/3/19 4:00,1006.4,82.2,0,4.4,7.8,,0,0,105.6
2024/3/19 4:15,1006.4,81.8,0,4.3,8,,0,0,105.6
2024/3/19 4:30,1006.4,81.3,0,4.4,8.1,,0,0,105.6
2024/3/19 4:45,1006.4,78.4,0,4.8,8.2,,0,0,105.6
2024/3/19 5:00,1006.4,77.3,0,4.8,8.4,,0,0,105.6
2024/3/19 5:15,1006.4,77.3,0,4.8,8.5,,0,0,105.6
2024/3/19 5:30,1006.4,76.7,0,4.8,8.5,,0,0,105.6
2024/3/19 5:45,1006.4,76,0,4.8,8.6,,0,0,105.6
2024/3/19 6:00,1006.4,74.2,0,4.8,8.7,,0,0,105.6
2024/3/19 6:15,1006.4,73.3,0,4.8,8.7,,4,0.91,105.6
2024/3/19 6:30,1006.4,72.5,0,4.8,8.8,,18,2.54,105.6
2024/3/19 6:45,1006.4,72,0,4.9,8.9,,45,5.41,105.6
2024/3/19 7:00,1006.4,71.3,0,4.9,9.1,,72,8.99,105.6
2024/3/19 7:15,1006.5,69.9,0,4.9,9.2,,122,15.04,105.6
2024/3/19 7:30,1006.5,68.5,0,5,9.4,,175,22.09,105.6
2024/3/19 7:45,1006.5,67.6,0,5,9.5,,237,31.69,105.6
2024/3/19 8:00,1006.5,66.8,0,5,9.6,,300,40.29,105.6
2024/3/19 8:15,1006.5,66.3,0,5,9.6,,359,49.44,105.6
2024/3/19 8:30,1006.5,66.1,0,5,9.7,,440,61.55,105.6
2024/3/19 8:45,1006.5,65.7,0,5,9.7,,509,71.02,105.6
2024/3/19 9:00,1006.5,65.3,0,5,9.7,,565,79.76,105.6
2024/3/19 9:15,1006.5,65,0,5,9.7,,622,88.47,105.6
2024/3/19 9:30,1006.5,64.6,0,5.1,9.6,,664,95.3,105.6
2024/3/19 9:45,1006.5,64,0,5.1,9.5,,714,99.69,105.6
2024/3/19 10:00,1006.5,62.6,0,5.2,9.4,,746,100.38,105.6
2024/3/19 10:15,1006.5,61.4,0,5.3,9.3,,775,100.61,105.6
2024/3/19 10:30,1006.5,61,0,5.3,9.2,,798,100.74,105.6
2024/3/19 10:45,1006.5,60.6,0,5.3,9,,826,100.77,105.6
2024/3/19 11:00,1006.5,60.4,0,5.4,8.9,,855,100.76,105.6
2024/3/19 11:15,1006.5,60.5,0,5.4,8.7,,869,100.8,105.6
2024/3/19 11:30,1006.5,60.8,0,5.4,8.5,,885,100.79,105.6
2024/3/19 11:45,1006.5,61.1,0,5.4,8.2,,891,100.8,105.6
2024/3/19 12:00,1006.5,61.1,0,5.4,8,,894,100.8,105.6
2024/3/19 12:15,1006.5,61.1,0,5.4,7.7,,901,100.8,105.6
2024/3/19 12:30,1006.5,61.1,0,5.4,7.5,,898,100.8,105.6
2024/3/19 12:45,1006.5,61,0,5.4,7.2,,889,100.8,105.6
2024/3/19 13:00,1006.5,60.6,0,5.4,6.9,,872,100.8,105.6
2024/3/19 13:15,1006.5,59.6,0,5.4,6.6,,859,100.8,105.6
2024/3/19 13:30,1006.5,58.6,0,5.5,6.4,,844,100.8,105.6
2024/3/19 13:45,1006.5,58.6,0,5.4,6.1,,814,100.79,105.6
2024/3/19 14:00,1006.5,60,0,5.4,5.8,,794,100.75,105.6
2024/3/19 14:15,1006.5,62.1,0,5.4,5.5,,769,100.62,105.6
2024/3/19 14:30,1006.5,63.1,0,5.4,5.2,,744,100.18,105.6
2024/3/19 14:45,1006.5,62.6,0,5.4,5,,711,98.65,105.6
2024/3/19 15:00,1006.5,61.3,0,5.4,4.7,,673,93.19,105.6
2024/3/19 15:15,1006.5,59.7,0,5.5,4.4,,627,85.18,105.6
2024/3/19 15:30,1006.5,57.8,0,5.6,4.2,,570,77.03,105.6
2024/3/19 15:45,1006.5,56.1,0,5.6,4,,505,67.46,105.6
2024/3/19 16:00,1006.5,54.5,0,5.7,3.8,,451,60.09,105.6
2024/3/19 16:15,1006.5,52.6,0,5.7,3.7,,382,50.75,105.6
2024/3/19 16:30,1006.5,50.4,0.3,5.7,3.6,,326,42.57,105.6
2024/3/19 16:45,1006.5,49.2,0.2,5.8,3.5,,255,32.89,105.6
2024/3/19 17:00,1006.5,49,0.2,5.9,3.5,,207,25.03,105.6
2024/3/19 17:15,1006.5,48.5,0.1,6,3.5,,144,16.83,105.6
2024/3/19 17:30,1006.5,47.9,0.1,6,3.6,,91,10.64,105.6
2024/3/19 17:45,1006.5,47.1,0.2,6,3.7,,45,5.31,105.6
2024/3/19 18:00,1006.5,47.3,0.2,6,3.8,,15,2.34,105.6
2024/3/19 18:15,1006.5,47.6,0.2,5.9,3.9,,0,0,105.6
2024/3/19 18:30,1006.5,49.5,0.1,5.8,4.1,,0,0,105.6
2024/3/19 18:45,1006.5,51.8,0,5.8,4.2,,0,0,105.6
2024/3/19 19:00,1006.5,53.2,0,5.7,4.4,,0,0,105.6
2024/3/19 19:15,1006.5,55,0,5.8,4.5,,0,0,105.6
2024/3/19 19:30,1006.5,57.7,0,5.7,4.7,,0,0,105.6
2024/3/19 19:45,1006.5,59.3,0,5.8,4.9,,0,0,105.6
2024/3/19 20:00,1006.5,62.4,0,5.8,5.1,,0,0,105.6
2024/3/19 20:15,1006.5,63.7,0,5.8,5.3,,0,0,105.6
2024/3/19 20:30,1006.5,66,0,5.7,5.5,,0,0,105.6
2024/3/19 20:45,1006.5,68,0,5.6,5.7,,0,0,105.6
2024/3/19 21:00,1006.5,68.5,0,5.5,5.9,,0,0,105.6
2024/3/19 21:15,1006.5,68.8,0,5.5,6.1,,0,0,105.6
2024/3/19 21:30,1006.5,69.1,0,5.4,6.2,,0,0,105.6
2024/3/19 21:45,1006.5,70,0,5.3,6.4,,0,0,105.6
2024/3/19 22:00,1006.5,71.5,0,5.3,6.5,,0,0,105.6
2024/3/19 22:15,1006.5,73.6,0,5.2,6.6,,0,0,105.6
2024/3/19 22:30,1006.5,74.8,0,5.2,6.6,,0,0,105.6
2024/3/19 22:45,1006.5,75.9,0,5.1,6.7,,0,0,105.6
2024/3/19 23:00,1006.5,77.4,0.1,5,6.7,,0,0,105.6
2024/3/19 23:15,1006.5,77.8,0.2,5,6.6,,0,0,105.6
2024/3/19 23:30,1006.5,78.4,0.1,4.9,6.6,,0,0,105.6
2024/3/19 23:45,1006.5,77.9,0,5,6.6,,0,0,105.6
2024/3/20 0:00,1006.5,68.3,0,6.4,7,,0,0,105.6
2024/3/20 0:15,1006.5,68.3,0,6.3,6.9,,0,0,105.6
2024/3/20 0:30,1006.5,68.7,0,6.2,6.9,,0,0,105.6
2024/3/20 0:45,1006.5,69.1,0,6.1,6.8,,0,0,105.6
2024/3/20 1:00,1006.5,69.5,0,6.1,6.7,,0,0,105.6
2024/3/20 1:15,1006.5,69.8,0,6.1,6.6,,0,0,105.6
2024/3/20 1:30,1006.5,70.1,0,6,6.5,,0,0,105.6
2024/3/20 1:45,1006.5,70.5,0,5.9,6.4,,0,0,105.6
2024/3/20 2:00,1006.5,70.8,0,5.9,6.4,,0,0,105.6
2024/3/20 2:15,1006.5,70.8,0,5.8,6.4,,0,0,105.6
2024/3/20 2:30,1006.5,70.6,0,5.8,6.4,,0,0,105.6
2024/3/20 2:45,1006.5,70.3,0,5.8,6.4,,0,0,105.6
2024/3/20 3:00,1006.5,69.7,0,5.8,6.4,,0,0,105.6
2024/3/20 3:15,1006.5,69,0,5.7,6.4,,0,0,105.6
2024/3/20 3:30,1006.5,68.3,0,5.7,6.4,,0,0,105.6
2024/3/20 3:45,1006.5,67.3,0,5.7,6.4,,0,0,105.6
2024/3/20 4:00,1006.5,66.3,0,5.7,6.3,,0,0,105.6
2024/3/20 4:15,1006.5,65.7,0,5.7,6.3,,0,0,105.6
2024/3/20 4:30,1006.5,65.5,0,5.7,6.3,,0,0,105.6
2024/3/20 4:45,1006.5,65.2,0,5.6,6.3,,0,0,105.6
2024/3/20 5:00,1006.5,64.2,0,5.6,6.3,,0,0,105.6
2024/3/20 5:15,1006.5,62.9,0,5.5,6.3,,0,0,105.6
2024/3/20 5:30,1006.5,62.1,0,5.4,6.3,,0,0,105.6
2024/3/20 5:45,1006.5,61.7,0,5.3,6.3,,0,0,105.6
2024/3/20 6:00,1006.5,61.5,0,5.3,6.3,,0,0,105.6
2024/3/20 6:15,1006.5,61.1,0,5.2,6.3,,6,1.21,105.6
2024/3/20 6:30,1006.5,60.7,0,5.1,6.3,,28,3.48,105.6
2024/3/20 6:45,1006.5,60.3,0,5.1,6.2,,72,8.37,105.6
2024/3/20 7:00,1006.5,60,0,5.1,6.2,,118,14.76,105.6
2024/3/20 7:15,1006.5,59.6,0,5.2,6.1,,183,23.65,105.6
2024/3/20 7:30,1006.5,59,0,5.2,6,,243,32.17,105.6
2024/3/20 7:45,1006.5,58.4,0,5.3,5.9,,300,42.2,105.6
2024/3/20 8:00,1006.5,57.8,0,5.4,5.8,,357,50.74,105.6
2024/3/20 8:15,1006.5,57.1,0,5.4,5.7,,427,60.53,105.6
2024/3/20 8:30,1006.5,56.5,0,5.5,5.6,,483,68.48,105.6
2024/3/20 8:45,1006.5,55.9,0,5.5,5.4,,543,76.91,105.6
2024/3/20 9:00,1006.5,55.4,0,5.5,5.3,,598,84.25,105.6
2024/3/20 9:15,1006.5,54.9,0,5.5,5.2,,640,91.95,105.6
2024/3/20 9:30,1006.5,54.3,0,5.5,5.1,,684,97.66,105.6
2024/3/20 9:45,1006.5,54.2,0,5.5,4.9,,721,100.03,105.6
2024/3/20 10:00,1006.5,54.3,0,5.5,4.8,,744,100.48,105.6
2024/3/20 10:15,1006.5,54.5,0,5.5,4.7,,773,100.68,105.6
2024/3/20 10:30,1006.5,54.7,0,5.6,4.5,,797,100.75,105.6
2024/3/20 10:45,1006.5,54.5,0,5.6,4.4,,820,100.79,105.6
2024/3/20 11:00,1006.5,54.4,0,5.6,4.3,,849,100.78,105.6
2024/3/20 11:15,1006.5,54.1,0,5.6,4.1,,871,100.79,105.6
2024/3/20 11:30,1006.5,54.2,0,5.6,4,,884,100.8,105.6
2024/3/20 11:45,1006.5,54.2,0,5.6,3.8,,897,100.8,105.6
2024/3/20 12:00,1006.5,54.1,0,5.5,3.7,,899,100.8,105.6
2024/3/20 12:15,1006.5,54.1,0,5.5,3.5,,908,100.8,105.6
2024/3/20 12:30,1006.5,53.9,0,5.5,3.4,,904,100.8,105.6
2024/3/20 12:45,1006.5,53.7,0,5.5,3.2,,898,100.8,105.6
2024/3/20 13:00,1006.5,53.5,0,5.4,3.1,,892,100.8,105.6
2024/3/20 13:15,1006.5,52.8,0,5.4,2.9,,873,100.8,105.6
2024/3/20 13:30,1006.5,52.2,0,5.4,2.8,,854,100.79,105.6
2024/3/20 13:45,1006.5,51.6,0,5.4,2.7,,831,100.79,105.6
2024/3/20 14:00,1006.5,51.1,0,5.4,2.6,,805,100.77,105.6
2024/3/20 14:15,1006.5,50,0,5.4,2.4,,786,100.61,105.6
2024/3/20 14:30,1006.5,49,0,5.5,2.3,,755,100.37,105.6
2024/3/20 14:45,1006.5,47.5,0,5.5,2.2,,723,99.01,105.6
2024/3/20 15:00,1006.5,45.9,0,5.6,2.1,,687,94.53,105.6
2024/3/20 15:15,1006.5,43.7,0,5.7,2.1,,633,86.89,105.6
2024/3/20 15:30,1006.5,41.7,0,5.8,2,,590,79.96,105.6
2024/3/20 15:45,1006.5,40,0,5.9,2,,534,71.79,105.6
2024/3/20 16:00,1006.5,38.6,0,6.1,2,,476,63.89,105.6
2024/3/20 16:15,1006.5,37.7,0,6.2,2,,409,54.62,105.6
2024/3/20 16:30,1006.5,37.6,0,6.4,2,,353,46.46,105.6
2024/3/20 16:45,1006.5,37.7,0,6.5,2,,288,36.62,105.6
2024/3/20 17:00,1006.5,38.3,0,6.6,2.1,,232,27.78,105.6
2024/3/20 17:15,1006.5,40.3,0,6.6,2.1,,159,18.75,105.6
2024/3/20 17:30,1006.5,43.4,0,6.6,2.2,,107,11.76,105.6
2024/3/20 17:45,1006.5,46.1,0,6.6,2.2,,53,5.76,105.6
2024/3/20 18:00,1006.5,48.7,0,6.5,2.3,,19,2.56,105.6
2024/3/20 18:15,1006.5,50.1,0,6.4,2.4,,0,0.68,105.6
2024/3/20 18:30,1006.5,51.6,0,6.3,2.5,,0,0,105.6
2024/3/20 18:45,1006.5,53.1,0,6.2,2.6,,0,0,105.6
2024/3/20 19:00,1006.5,54.4,0,6.1,2.7,,0,0,105.6
2024/3/20 19:15,1006.5,55.2,0,6,2.8,,0,0,105.6
2024/3/20 19:30,1006.5,55.7,0,5.9,2.9,,0,0,105.6
2024/3/20 19:45,1006.5,57.1,0,5.8,3,,0,0,105.6
2024/3/20 20:00,1006.5,59.1,0,5.7,3.2,,0,0,105.6
2024/3/20 20:15,1006.5,60.7,0,5.5,3.3,,0,0,105.6
2024/3/20 20:30,1006.5,62,0,5.4,3.5,,0,0,105.6
2024/3/20 20:45,1006.5,63.2,0,5.3,3.6,,0,0,105.6
2024/3/20 21:00,1006.5,64.4,0,5.2,3.8,,0,0,105.6
2024/3/20 21:15,1006.5,66.1,0,5,3.9,,0,0,105.6
2024/3/20 21:30,1006.5,67.9,0,4.9,4,,0,0,105.6
2024/3/20 21:45,1006.5,69.1,0,4.9,4.2,,0,0,105.6
2024/3/20 22:00,1006.5,70.1,0,4.8,4.3,,0,0,105.6
2024/3/20 22:15,1006.5,71.2,0,4.7,4.4,,0,0,105.6
2024/3/20 22:30,1006.5,72.1,0,4.7,4.5,,0,0,105.6
2024/3/20 22:45,1006.5,73.2,0,4.6,4.6,,0,0,105.6
2024/3/20 23:00,1006.5,74.3,0,4.5,4.6,,0,0,105.6
2024/3/20 23:15,1006.4,75.2,0,4.5,4.7,,0,0,105.6
2024/3/20 23:30,1006.4,75.7,0,4.4,4.8,,0,0,105.6
2024/3/20 23:45,1006.4,75.9,0,4.4,4.9,,0,0,105.6
2024/3/22 0:00,1006.4,90.8,0,7.7,9.7,,0,0,105.6
2024/3/22 0:15,1006.3,90.7,0,7.7,9.6,,0,0,105.6
2024/3/22 0:30,1006.3,90.3,0,7.7,9.6,,0,0,105.6
2024/3/22 0:45,1006.3,90,0,7.7,9.6,,0,0,105.6
2024/3/22 1:00,1006.3,89.7,0,7.7,9.5,,0,0,105.6
2024/3/22 1:15,1006.3,89.3,0,7.6,9.5,,0,0,105.6
2024/3/22 1:30,1006.3,88.9,0,7.6,9.5,,0,0,105.6
2024/3/22 1:45,1006.3,88.4,0,7.6,9.4,,0,0,105.6
2024/3/22 2:00,1006.3,87.9,0,7.6,9.4,,0,0,105.6
2024/3/22 2:15,1006.3,87.5,0,7.5,9.3,,0,0,105.6
2024/3/22 2:30,1006.3,87.1,0,7.5,9.2,,0,0,105.6
2024/3/22 2:45,1006.3,86.8,0,7.5,9.2,,0,0,105.6
2024/3/22 3:00,1006.3,86.6,0,7.5,9.1,,0,0,105.6
2024/3/22 3:15,1006.3,86.5,0,7.4,9.1,,0,0,105.6
2024/3/22 3:30,1006.3,86.4,0,7.4,9,,0,0,105.6
2024/3/22 3:45,1006.3,86.4,0,7.4,9,,0,0,105.6
2024/3/22 4:00,1006.3,86.5,0,7.3,8.9,,0,0,105.6
2024/3/22 4:15,1006.3,86.6,0,7.3,8.9,,0,0,105.6
2024/3/22 4:30,1006.3,86.8,0,7.3,8.8,,0,0,105.6
2024/3/22 4:45,1006.3,87,0,7.3,8.8,,0,0,105.6
2024/3/22 5:00,1006.3,87.3,0,7.2,8.7,,0,0,105.6
2024/3/22 5:15,1006.3,87.5,0,7.2,8.6,,0,0,105.6
2024/3/22 5:30,1006.3,87.7,0,7.2,8.6,,0,0,105.6
2024/3/22 5:45,1006.3,87.8,0,7.2,8.5,,0,0,105.6
2024/3/22 6:00,1006.3,88.1,0,7.1,8.4,,0,0.33,105.6
2024/3/22 6:15,1006.3,88.3,0,7.1,8.3,,9,1.41,105.6
2024/3/22 6:30,1006.3,88.5,0,7.1,8.1,,26,3.47,105.6
2024/3/22 6:45,1006.3,88.8,0,7.1,8,,89,10.45,105.6
2024/3/22 7:00,1006.3,89,0,7.2,7.9,,82,9.05,105.6
2024/3/22 7:15,1006.3,89,0,7.3,7.7,,93,11.68,105.6
2024/3/22 7:30,1006.3,88.8,0,7.5,7.6,,105,14.05,105.6
2024/3/22 7:45,1006.3,88.6,0,7.7,7.4,,159,18.73,105.6
2024/3/22 8:00,1006.3,88.1,0,7.9,7.3,,208,24.86,105.6
2024/3/22 8:15,1006.3,87.7,0,8.1,7.1,,269,33.95,105.6
2024/3/22 8:30,1006.4,87.3,0,8.3,7,,238,29.96,105.6
2024/3/22 8:45,1006.4,86.8,0,8.6,7,,345,37.89,105.6
2024/3/22 9:00,1006.4,86.2,0,9,6.9,,406,50.48,105.6
2024/3/22 9:15,1006.4,85.1,0,9.3,6.8,,507,65.35,105.6
2024/3/22 9:30,1006.4,83.9,0,9.7,6.7,,462,68.86,105.6
2024/3/22 9:45,1006.4,83.2,0,10.1,6.6,,531,66.21,105.6
2024/3/22 10:00,1006.4,82.3,0,10.5,6.4,,543,72.96,105.6
2024/3/22 10:15,1006.4,80.8,0,10.8,6.3,,673,89.1,105.6
2024/3/22 10:30,1006.4,79.1,0,11,6.2,,615,82.57,105.6
2024/3/22 10:45,1006.4,78.3,0,10.9,6,,558,87.96,105.6
2024/3/22 11:00,1006.4,79,0,10.5,5.9,,680,93.29,105.6
2024/3/22 11:15,1006.4,81.8,0,9.9,5.7,,680,93.07,105.6
2024/3/22 11:30,1006.4,85,0,9.5,5.5,,680,80.95,105.6
2024/3/22 11:45,1006.4,89.2,0,9.1,5.4,,680,99.8,105.6
2024/3/22 12:00,1006.4,91.9,0,8.9,5.2,,680,99.88,105.6
2024/3/22 12:15,1006.4,94,0,8.6,5,,680,100.06,105.6
2024/3/22 12:30,1006.4,95.9,0,8.4,4.8,,680,100.25,105.6
2024/3/22 12:45,1006.4,97,0,8.3,4.7,,680,100.43,105.6
2024/3/22 13:00,1006.4,97.6,0,8.3,4.5,,680,100.54,105.6
2024/3/22 13:15,1006.4,98.3,0,8.2,4.3,,680,100.51,105.6
2024/3/22 13:30,1006.4,98.7,0,8.1,4.1,,680,100.49,105.6
2024/3/22 13:45,1006.4,98.8,0,8.1,3.9,,680,100.38,105.6
2024/3/22 14:00,1006.4,98.9,0,8.1,3.7,,680,100.2,105.6
2024/3/22 14:15,1006.4,98.9,0,8,3.5,,714,99.51,105.6
2024/3/22 14:30,1006.4,99,0,7.9,3.2,,696,97.28,105.6
2024/3/22 14:45,1006.4,99,0,7.9,3,,666,92.03,105.6
2024/3/22 15:00,1006.4,99,0,7.8,2.8,,639,87.29,105.6
2024/3/22 15:15,1006.4,99,0,7.7,2.6,,599,80.83,105.6
2024/3/22 15:30,1006.4,99,0,7.7,2.4,,554,74.46,105.6
2024/3/22 15:45,1006.4,98.9,0,7.6,2.2,,507,67.08,105.6
2024/3/22 16:00,1006.4,98.8,0,7.7,2.1,,459,59.7,105.6
2024/3/22 16:15,1006.4,98.6,0,7.8,1.9,,392,49.55,105.6
2024/3/22 16:30,1006.4,98.3,0,7.9,1.8,,335,42.09,100
2024/3/22 16:45,1006.4,98.2,0,8,1.7,,267,32.98,100
2024/3/22 17:00,1006.4,98,0,8,1.6,,211,24.62,100
2024/3/22 17:15,1006.4,98,0,8,1.5,,149,16.4,100
2024/3/22 17:30,1006.4,97.2,0,8.1,1.4,,100,10.54,100
2024/3/22 17:45,1006.4,96.6,0,8.2,1.4,,49,5.18,100
2024/3/22 18:00,1006.4,96.2,0,8.2,1.3,,16,2.27,100
2024/3/22 18:15,1006.4,95.9,0,8.3,1.3,,0,0.65,100
2024/3/22 18:30,1006.4,95.7,0,8.4,1.3,,0,0,100
2024/3/22 18:45,1006.4,95.2,0,8.4,1.3,,0,0,100
2024/3/22 19:00,1006.4,93.9,0,8.6,1.4,,0,0,100
2024/3/22 19:15,1006.4,92.9,0,8.6,1.4,,0,0,100
2024/3/22 19:30,1006.4,92.2,0,8.7,1.4,,0,0,100
2024/3/22 19:45,1006.4,91.6,0,8.7,1.4,,0,0,100
2024/3/22 20:00,1006.4,91,0,8.7,1.5,,0,0,100
2024/3/22 20:15,1006.4,89.4,0,8.8,1.5,,0,0,100
2024/3/22 20:30,1006.4,87.4,0,8.9,1.5,,0,0,100
2024/3/22 20:45,1006.4,86.3,0,8.9,1.6,,0,0,100
2024/3/22 21:00,1006.4,85.6,0,8.8,1.6,,0,0,100
2024/3/22 21:15,1006.4,85.2,0,8.7,1.7,,0,0,100
2024/3/22 21:30,1006.4,84.6,0,8.6,1.7,,0,0,100
2024/3/22 21:45,1006.4,83.7,0,8.6,1.7,,0,0,100
2024/3/22 22:00,1006.4,82.7,0,8.6,1.8,,0,0,100
2024/3/22 22:15,1006.4,81.8,0,8.6,1.8,,0,0,100
2024/3/22 22:30,1006.4,80.5,0,8.7,1.9,,0,0,100
2024/3/22 22:45,1006.4,79.6,0,8.7,1.9,,0,0,100
2024/3/22 23:00,1006.4,78.6,0,8.7,2,,0,0,100
2024/3/22 23:15,1006.4,78,0,8.8,2,,0,0,100
2024/3/22 23:30,1006.4,77.5,0,8.8,2,,0,0,100
2024/3/22 23:45,1006.4,76.7,0,8.8,2.1,,0,0,100
2024/3/23 0:00,1006.4,73.1,0,9.4,3.1,,0,0,100
2024/3/23 0:15,1006.4,73.6,0,9.3,3.1,,0,0,100
2024/3/23 0:30,1006.4,73.9,0,9.2,3.1,,0,0,100
2024/3/23 0:45,1006.4,74.2,0,9.1,3.1,,0,0,100
2024/3/23 1:00,1006.4,74.6,0,9,3.1,,0,0,100
2024/3/23 1:15,1006.4,75,0,8.9,3,,0,0,100
2024/3/23 1:30,1006.4,75.6,0,8.7,3,,0,0,100
2024/3/23 1:45,1006.4,76.6,0,8.6,3,,0,0,100
2024/3/23 2:00,1006.4,77.8,0,8.4,2.9,,0,0,100
2024/3/23 2:15,1006.4,78.7,0,8.3,2.9,,0,0,100
2024/3/23 2:30,1006.4,78.8,0,8.3,2.9,,0,0,100
2024/3/23 2:45,1006.4,78.3,0,8.4,2.8,,0,0,100
2024/3/23 3:00,1006.4,77.7,0,8.4,2.8,,0,0,100
2024/3/23 3:15,1006.4,77.5,0,8.4,2.7,,0,0,100
2024/3/23 3:30,1006.4,77.2,0,8.4,2.7,,0,0,100
2024/3/23 3:45,1006.4,76.6,0,8.4,2.6,,0,0,100
2024/3/23 4:00,1006.4,75.8,0,8.5,2.5,,0,0,100
2024/3/23 4:15,1006.4,74.8,0,8.5,2.4,,0,0,100
2024/3/23 4:30,1006.4,73.4,0,8.6,2.4,,0,0,100
2024/3/23 4:45,1006.4,71.9,0,8.7,2.3,,0,0,100
2024/3/23 5:00,1006.4,70.4,0,8.8,2.2,,0,0,100
2024/3/23 5:15,1006.4,69,0,8.8,2.1,,0,0,100
2024/3/23 5:30,1006.4,67.7,0,8.9,2.1,,0,0,100
2024/3/23 5:45,1006.4,66.1,0,9,2,,0,0,100
2024/3/23 6:00,1006.4,64.3,0,9.1,1.9,,0,0.52,100
2024/3/23 6:15,1006.4,62.4,0,9.2,1.9,,16,2.26,100
2024/3/23 6:30,1006.5,61.2,0,9.2,1.8,,37,4.78,100
2024/3/23 6:45,1006.5,60.4,0,9.3,1.8,,81,9.64,100
2024/3/23 7:00,1006.5,60.3,0,9.3,1.8,,127,14.66,100
2024/3/23 7:15,1006.5,60.7,0,9.4,1.7,,181,17.02,100
2024/3/23 7:30,1006.5,61.1,0,9.5,1.7,,207,28.12,100
2024/3/23 7:45,1006.5,61.3,0,9.6,1.8,,289,38.58,100
2024/3/23 8:00,1006.5,61.7,0,9.9,1.8,,341,46.14,100
2024/3/23 8:15,1006.5,62.6,0,10.1,1.9,,401,53.44,100
2024/3/23 8:30,1006.5,63.2,0,10.4,1.9,,450,60.17,100
2024/3/23 8:45,1006.5,63.3,0,10.7,2,,500,67.71,100
2024/3/23 9:00,1006.5,63.2,0,11.1,2.1,,559,75.42,100
2024/3/23 9:15,1006.5,63,0,11.5,2.2,,602,83.4,100
2024/3/23 9:30,1006.5,62.9,0,11.9,2.3,,640,89.63,100
2024/3/23 9:45,1006.5,62.3,0,12.2,2.4,,673,95.03,100
2024/3/23 10:00,1006.5,61.3,0,12.5,2.5,,691,98.72,100
2024/3/23 10:15,1006.5,60.3,0,12.6,2.6,,721,100,100
2024/3/23 10:30,1006.5,60.2,0,12.7,2.8,,757,100,100
2024/3/23 10:45,1006.5,60.4,0,12.7,2.9,,694,79.65,100
2024/3/23 11:00,1006.5,60.7,0,12.8,3,,798,100,100
2024/3/23 11:15,1006.5,60.8,0,12.8,3.1,,820,100,100
2024/3/23 11:30,1006.5,60.7,0,12.9,3.2,,789,100,100
2024/3/23 11:45,1006.5,60.8,0,12.9,3.3,,789,100,100
2024/3/23 12:00,1006.5,61.3,0,13,3.4,,856,84.74,100
2024/3/23 12:15,1006.5,62.3,0,13,3.5,,471,81.75,100
2024/3/23 12:30,1006.5,63.3,0,13,3.6,,465,93.19,100
2024/3/23 12:45,1006.5,63.8,0,13,3.7,,571,83.03,100
2024/3/23 13:00,1006.5,64,0,13.1,3.8,,733,94.96,100
2024/3/23 13:15,1006.5,63.8,0,13.2,3.9,,424,66.07,100
2024/3/23 13:30,1006.5,63.6,0,13.3,4,,782,83.29,100
2024/3/23 13:45,1006.5,63.8,0,13.3,4,,456,62.06,100
2024/3/23 14:00,1006.5,64.2,0,13.4,4.1,,474,62.73,100
2024/3/23 14:15,1006.5,64.5,0,13.4,4.1,,619,68.75,100
2024/3/23 14:30,1006.5,64.6,0,13.5,4.1,,537,84.41,100
2024/3/23 14:45,1006.5,64.4,0,13.5,4.1,,536,78.12,100
2024/3/23 15:00,1006.5,64.3,0,13.6,4.1,,393,50.84,100
2024/3/23 15:15,1006.5,64.1,0,13.6,4,,338,37.47,100
2024/3/23 15:30,1006.5,63.5,0,13.7,4,,290,33.76,100
2024/3/23 15:45,1006.5,62.4,0,13.7,4,,267,42.96,100
2024/3/23 16:00,1006.5,61.2,0,13.7,4,,370,34.44,100
2024/3/23 16:15,1006.5,61.1,0,13.6,4,,184,21.19,100
2024/3/23 16:30,1006.5,61.9,0,13.4,3.9,,195,24.38,100
2024/3/23 16:45,1006.5,62.9,0,13.2,3.9,,131,15.58,100
2024/3/23 17:00,1006.5,64.6,0,13,3.9,,106,11.5,100
2024/3/23 17:15,1006.5,66.5,0,12.8,3.8,,59,7.22,100
2024/3/23 17:30,1006.5,68.4,0,12.5,3.7,,46,5.78,100
2024/3/23 17:45,1006.5,69.6,0,12.2,3.7,,36,4.82,100
2024/3/23 18:00,1006.5,70,0,12,3.6,,15,2.24,100
2024/3/23 18:15,1006.5,70.3,0,11.7,3.5,,1,0.35,100
2024/3/23 18:30,1006.5,70.8,0,11.4,3.4,,0,0,100
2024/3/23 18:45,1006.5,71.1,0,11.1,3.4,,0,0,100
2024/3/23 19:00,1006.5,71.6,0,11,3.3,,0,0,100
2024/3/23 19:15,1006.5,72.2,0,10.8,3.2,,0,0,100
2024/3/23 19:30,1006.5,72.9,0,10.6,3.1,,0,0,100
2024/3/23 19:45,1006.5,73.5,0,10.5,3,,0,0,100
2024/3/23 20:00,1006.5,73.8,0,10.4,2.9,,0,0,100
2024/3/23 20:15,1006.5,73.9,0,10.4,2.8,,0,0,100
2024/3/23 20:30,1006.5,73.8,0,10.3,2.8,,0,0,100
2024/3/23 20:45,1006.5,73.4,0,10.2,2.7,,0,0,100
2024/3/23 21:00,1006.5,72.9,0,10.2,2.7,,0,0,100
2024/3/23 21:15,1006.5,72.4,0,10.1,2.6,,0,0,100
2024/3/23 21:30,1006.5,72.2,0,10.1,2.6,,0,0,100
2024/3/23 21:45,1006.5,72.4,0,10,2.5,,0,0,100
2024/3/23 22:00,1006.5,72.6,0,9.9,2.5,,0,0,100
2024/3/23 22:15,1006.5,72.8,0,9.8,2.4,,0,0,100
2024/3/23 22:30,1006.5,73.4,0,9.7,2.4,,0,0,100
2024/3/23 22:45,1006.5,74,0,9.6,2.4,,0,0,100
2024/3/23 23:00,1006.5,75.1,0,9.5,2.4,,0,0,100
2024/3/23 23:15,1006.5,76.1,0,9.4,2.4,,0,0,100
2024/3/23 23:30,1006.5,76.7,0,9.3,2.5,,0,0,100
2024/3/23 23:45,1006.5,77.4,0,9.2,2.5,,0,0,100
2024/3/24 0:00,1006.5,73,0,9.2,2.1,,0,0,100
2024/3/24 0:15,1006.5,73.5,0,9.1,2.1,,0,0,100
2024/3/24 0:30,1006.5,73.7,0,9,2.1,,0,0,100
2024/3/24 0:45,1006.5,74.1,0,8.9,2.1,,0,0,100
2024/3/24 1:00,1006.5,74.6,0,8.8,2.1,,0,0,100
2024/3/24 1:15,1006.5,75.1,0,8.7,2.2,,0,0,100
2024/3/24 1:30,1006.5,75.2,0,8.7,2.2,,0,0,100
2024/3/24 1:45,1006.5,75.8,0,8.5,2.3,,0,0,100
2024/3/24 2:00,1006.5,76.2,0,8.5,2.4,,0,0,100
2024/3/24 2:15,1006.5,77.1,0,8.5,2.4,,0,0,100
2024/3/24 2:30,1006.5,78.1,0,8.4,2.6,,0,0,100
2024/3/24 2:45,1006.5,79.3,0,8.2,2.7,,0,0,100
2024/3/24 3:00,1006.5,80.1,0,8.1,2.8,,0,0,100
2024/3/24 3:15,1006.5,80.1,0,8.1,2.9,,0,0,100
2024/3/24 3:30,1006.5,79.8,0,8,3.1,,0,0,100
2024/3/24 3:45,1006.5,80.1,0,8,3.2,,0,0,100
2024/3/24 4:00,1006.5,80.4,0,7.8,3.3,,0,0,100
2024/3/24 4:15,1006.5,80.6,0,7.7,3.5,,0,0,100
2024/3/24 4:30,1006.5,81.1,0,7.7,3.6,,0,0,100
2024/3/24 4:45,1006.5,81.5,0,7.6,3.7,,0,0,100
2024/3/24 5:00,1006.5,81.8,0,7.6,3.8,,0,0,100
2024/3/24 5:15,1006.5,82.7,0,7.5,3.9,,0,0,100
2024/3/24 5:30,1006.5,83.3,0,7.4,4,,0,0,100
2024/3/24 5:45,1006.5,84.9,0,7.2,4.1,,0,0,100
2024/3/24 6:00,1006.5,85.7,0,7.1,4.2,,1,0.58,100
2024/3/24 6:15,1006.5,86,0,6.9,4.2,,13,2.02,100
2024/3/24 6:30,1006.5,86.3,0,6.9,4.3,,45,5.41,100
2024/3/24 6:45,1006.5,86.8,0,6.9,4.4,,82,9.56,100
2024/3/24 7:00,1006.5,86.7,0,6.9,4.4,,81,15.19,100
2024/3/24 7:15,1006.5,86.4,0,7,4.5,,221,17.53,100
2024/3/24 7:30,1006.5,85.8,0,7.1,4.6,,156,16.6,100
2024/3/24 7:45,1006.5,85,0,7.2,4.7,,130,15.69,100
2024/3/24 8:00,1006.5,84.1,0,7.3,4.8,,117,18.69,100
2024/3/24 8:15,1006.5,83.1,0,7.5,4.9,,426,57.21,100
2024/3/24 8:30,1006.5,81.8,0,7.7,5,,491,66.97,100
2024/3/24 8:45,1006.5,80.9,0,7.9,5.2,,727,34.15,100
2024/3/24 9:00,1006.5,80.3,0,8,5.4,,250,32.77,100
2024/3/24 9:15,1006.5,80.3,0,8.1,5.6,,306,38.57,100
2024/3/24 9:30,1006.5,80.5,0,8.2,5.8,,382,50.59,100
2024/3/24 9:45,1006.5,80.7,0,8.2,6,,642,65.6,100
2024/3/24 10:00,1006.5,81.2,0,8.3,6.2,,848,100,100
2024/3/24 10:15,1006.5,81.7,0,8.2,6.4,,752,100,100
2024/3/24 10:30,1006.5,83.7,0,8.1,6.6,,769,100,100
2024/3/24 10:45,1006.5,84.1,0,7.9,6.8,,828,100,100
2024/3/24 11:00,1006.5,84.7,0,7.7,7,,844,100,100
2024/3/24 11:15,1006.5,86.5,0,7.5,7.2,,939,100,100
2024/3/24 11:30,1006.5,87,0,7.4,7.4,,884,100,100
2024/3/24 11:45,1006.5,86.8,0,7.3,7.6,,775,100,100
2024/3/24 12:00,1006.5,86.7,0,7.2,7.9,,865,100,100
2024/3/24 12:15,1006.5,86.2,0,7.2,8.1,,902,100,100
2024/3/24 12:30,1006.5,86.1,0,7.2,8.3,,622,97.18,100
2024/3/24 12:45,1006.5,86.1,0,7.1,8.5,,957,98.79,100
2024/3/24 13:00,1006.5,85.8,0,7.1,8.7,,644,75.51,100
2024/3/24 13:15,1006.5,85.8,0,7.1,8.9,,470,98.93,100
2024/3/24 13:30,1006.5,86,0,7,9.1,,569,79.94,100
2024/3/24 13:45,1006.5,86.2,0,7,9.2,,518,80.36,100
2024/3/24 14:00,1006.5,86.1,0,6.9,9.3,,606,86.96,100
2024/3/24 14:15,1006.5,85.8,0,6.8,9.4,,471,62.62,100
2024/3/24 14:30,1006.4,85.4,0,6.7,9.4,,257,34.21,100
2024/3/24 14:45,1006.4,85,0,6.6,9.4,,789,55.53,100
2024/3/24 15:00,1006.4,84.8,0,6.5,9.4,,444,57.51,100
2024/3/24 15:15,1006.4,84.5,0,6.4,9.4,,276,34.16,100
2024/3/24 15:30,1006.4,84.3,0,6.4,9.4,,288,32.99,100
2024/3/24 15:45,1006.4,83.9,0,6.3,9.4,,221,25.65,100
2024/3/24 16:00,1006.4,83.6,0,6.2,9.3,,159,20.01,100
2024/3/24 16:15,1006.4,83.4,0,6.2,9.3,,104,12.76,100
2024/3/24 16:30,1006.4,83.2,0,6.1,9.2,,69,8.89,100
2024/3/24 16:45,1006.4,83.2,0,6.1,9.2,,44,5.61,100
2024/3/24 17:00,1006.4,83.2,0,6.1,9.1,,35,4.2,100
2024/3/24 17:15,1006.4,83.3,0,6,9.1,,19,2.24,100
2024/3/24 17:30,1006.4,83.4,0,6,9,,16,2.06,100
2024/3/24 17:45,1006.4,83.4,0,6,8.9,,14,1.92,100
2024/3/24 18:00,1006.4,83.5,0,6,8.8,,5,0.96,100
2024/3/24 18:15,1006.4,83.7,0,6,8.7,,1,0.19,100
2024/3/24 18:30,1006.4,83.9,0,6,8.6,,0,0,100
2024/3/24 18:45,1006.4,84.2,0,6,8.5,,0,0,100
2024/3/24 19:00,1006.4,84.5,0,5.9,8.4,,0,0,100
2024/3/24 19:15,1006.4,84.7,0,5.9,8.3,,0,0,100
2024/3/24 19:30,1006.4,84.9,0,5.9,8.3,,0,0,100
2024/3/24 19:45,1006.5,85.1,0,5.9,8.2,,0,0,100
2024/3/24 20:00,1006.5,85.2,0,5.9,8.1,,0,0,100
2024/3/24 20:15,1006.5,85.2,0,5.9,8,,0,0,100
2024/3/24 20:30,1006.5,85.3,0,5.9,7.9,,0,0,100
2024/3/24 20:45,1006.5,85.4,0,5.9,7.8,,0,0,100
2024/3/24 21:00,1006.5,85.6,0,5.9,7.7,,0,0,100
2024/3/24 21:15,1006.5,85.6,0,5.9,7.6,,0,0,100
2024/3/24 21:30,1006.5,85.6,0,5.9,7.6,,0,0,100
2024/3/24 21:45,1006.5,85.6,0,5.9,7.5,,0,0,100
2024/3/24 22:00,1006.5,85.5,0,5.9,7.5,,0,0,100
2024/3/24 22:15,1006.5,85.5,0,5.9,7.4,,0,0,100
2024/3/24 22:30,1006.5,85.6,0,5.9,7.4,,0,0,100
2024/3/24 22:45,1006.5,85.8,0,5.9,7.4,,0,0,100
2024/3/24 23:00,1006.5,85.7,0,5.9,7.5,,0,0,100
2024/3/24 23:15,1006.5,85.4,0,6,7.5,,0,0,100
2024/3/24 23:30,1006.5,84.7,0,6,7.6,,0,0,100
2024/3/24 23:45,1006.5,84.8,0,6,7.6,,0,0,100
2024/3/25 0:00,1006.5,86.2,0,6.8,6.8,,0,0,100
2024/3/25 0:15,1006.5,86.4,0,6.8,6.9,,0,0,100
2024/3/25 0:30,1006.5,86.3,0.1,6.8,7,,0,0,100
2024/3/25 0:45,1006.5,85.6,0.1,6.9,7.1,,0,0,100
2024/3/25 1:00,1006.5,86.1,0.1,6.8,7.1,,0,0,100
2024/3/25 1:15,1006.5,87.8,0.1,6.8,7.2,,0,0,100
2024/3/25 1:30,1006.5,86,0.1,7,7.2,,0,0,100
2024/3/25 1:45,1006.5,87.1,0.1,6.7,7.3,,0,0,100
2024/3/25 2:00,1006.5,86.8,0.1,6.8,7.4,,0,0,100
2024/3/25 2:15,1006.5,88.3,0.1,6.7,7.5,,0,0,100
2024/3/25 2:30,1006.5,88.5,0.1,6.7,7.6,,0,0,100
2024/3/25 2:45,1006.5,87.3,0.1,6.8,7.7,,0,0,100
2024/3/25 3:00,1006.5,88,0.1,6.6,7.8,,0,0,100
2024/3/25 3:15,1006.5,88.5,0.1,6.6,7.9,,0,0,100
2024/3/25 3:30,1006.4,88.6,0.1,6.6,7.9,,0,0,100
2024/3/25 3:45,1006.5,89.2,0.1,6.7,7.9,,0,0,100
2024/3/25 4:00,1006.5,89.7,0.1,6.7,7.9,,0,0,100
2024/3/25 4:15,1006.5,89.3,0.1,6.8,7.9,,0,0,100
2024/3/25 4:30,1006.5,89.9,0,6.7,7.9,,0,0,100
2024/3/25 4:45,1006.4,89.7,0,6.5,7.8,,0,0,100
2024/3/25 5:00,1006.4,88.1,0.1,6.4,7.8,,0,0,100
2024/3/25 5:15,1006.4,88.2,0.2,6.4,7.8,,0,0,100
2024/3/25 5:30,1006.4,87.9,0.3,6.4,7.7,,0,0,100
2024/3/25 5:45,1006.4,87.4,0.3,6.5,7.6,,0,0,100
2024/3/25 6:00,1006.4,87.7,0.3,6.5,7.5,,1,0,100
2024/3/25 6:15,1006.4,88.4,0.3,6.5,7.5,,1,0,100
2024/3/25 6:30,1006.4,88.7,0.5,6.5,7.4,,1,0.49,100
2024/3/25 6:45,1006.4,88.3,0.4,6.4,7.4,,7,1.14,100
2024/3/25 7:00,1006.4,87.8,0.4,6.4,7.4,,18,2.47,100
2024/3/25 7:15,1006.4,87.1,0.4,6.4,7.4,,18,2.52,100
2024/3/25 7:30,1006.4,86.2,0.4,6.4,7.3,,30,3.41,100
2024/3/25 7:45,1006.4,85.5,0.4,6.4,7.3,,25,3.77,100
2024/3/25 8:00,1006.4,85,0.5,6.4,7.3,,27,4.78,100
2024/3/25 8:15,1006.4,85.2,0.6,6.4,7.2,,57,9.88,100
2024/3/25 8:30,1006.5,85.7,0.7,6.5,7.2,,85,9.46,100
2024/3/25 8:45,1006.5,86.3,0.8,6.5,7.2,,73,10.01,100
2024/3/25 9:00,1006.5,86.8,0.8,6.5,7.2,,67,8.42,100
2024/3/25 9:15,1006.5,87.2,0.8,6.5,7.2,,81,12.38,100
2024/3/25 9:30,1006.5,87.8,0.9,6.5,7.3,,138,16.78,100
2024/3/25 9:45,1006.5,88.3,0.9,6.5,7.3,,133,16.99,100
2024/3/25 10:00,1006.5,88.3,0.8,6.5,7.4,,136,18.09,100
2024/3/25 10:15,1006.5,88.6,0.8,6.6,7.4,,118,15.3,100
2024/3/25 10:30,1006.5,88.8,0.8,6.6,7.5,,117,17.32,100
2024/3/25 10:45,1006.5,89,0.8,6.5,7.5,,142,21.93,100
2024/3/25 11:00,1006.5,89.6,0.7,6.5,7.5,,179,26.12,100
2024/3/25 11:15,1006.5,90,0.7,6.5,7.6,,224,27.11,100
2024/3/25 11:30,1006.5,90.3,0.8,6.5,7.6,,224,30.1,100
2024/3/25 11:45,1006.4,90.5,0.8,6.4,7.7,,229,32.17,100
2024/3/25 12:00,1006.4,90.8,0.8,6.4,7.7,,152,19.26,100
2024/3/25 12:15,1006.4,91.3,0.9,6.3,7.7,,130,18.19,100
2024/3/25 12:30,1006.4,91.5,1,6.3,7.7,,145,15.8,100
2024/3/25 12:45,1006.4,91.3,1,6.3,7.7,,97,14.82,100
2024/3/25 13:00,1006.4,90.8,1,6.3,7.8,,110,13.2,100
2024/3/25 13:15,1006.4,90.3,0.9,6.3,7.8,,114,13.1,100
2024/3/25 13:30,1006.4,90,0.9,6.3,7.8,,92,9.83,100
2024/3/25 13:45,1006.4,89.6,0.8,6.3,7.7,,90,10.53,100
2024/3/25 14:00,1006.4,89.4,0.9,6.2,7.7,,103,11.49,100
2024/3/25 14:15,1006.4,89.1,1,6.2,7.7,,100,12.16,100
2024/3/25 14:30,1006.4,88.6,1,6.2,7.6,,98,12.73,100
2024/3/25 14:45,1006.4,88.2,1,6.2,7.5,,61,9.05,100
2024/3/25 15:00,1006.4,87.9,1,6.2,7.4,,66,10.01,100
2024/3/25 15:15,1006.4,87.4,1,6.1,7.4,,72,10.1,100
2024/3/25 15:30,1006.4,86.9,1,6.1,7.3,,57,7.93,100
2024/3/25 15:45,1006.4,86.5,1,6.1,7.2,,66,8.43,100
2024/3/25 16:00,1006.4,86.2,0.9,6.1,7.1,,44,5.88,100
2024/3/25 16:15,1006.4,85.9,0.8,6,7,,52,6.51,100
2024/3/25 16:30,1006.4,85.9,0.8,6,6.9,,56,6.66,100
2024/3/25 16:45,1006.4,86,0.8,6,6.8,,45,5.77,100
2024/3/25 17:00,1006.4,86.2,0.8,6,6.7,,36,4.15,100
2024/3/25 17:15,1006.4,86.2,0.9,5.9,6.5,,20,2.3,100
2024/3/25 17:30,1006.4,86.2,0.9,5.9,6.4,,13,1.99,100
2024/3/25 17:45,1006.4,86.2,0.9,5.9,6.3,,7,1.29,100
2024/3/25 18:00,1006.4,86.2,0.8,5.9,6.1,,7,1.29,100
2024/3/25 18:15,1006.4,86.2,0.7,5.9,6,,0,0.28,100
2024/3/25 18:30,1006.4,86,0.6,5.9,5.8,,0,0,100
2024/3/25 18:45,1006.4,85.7,0.5,5.9,5.7,,0,0,100
2024/3/25 19:00,1006.4,85.5,0.7,5.9,5.5,,0,0,100
2024/3/25 19:15,1006.4,85.5,0.7,5.9,5.3,,0,0,100
2024/3/25 19:30,1006.4,85.2,0.5,5.9,5.2,,0,0,100
2024/3/25 19:45,1006.4,84.7,0.5,5.9,5,,0,0,100
2024/3/25 20:00,1006.4,84.2,0.6,5.9,4.9,,0,0,100
2024/3/25 20:15,1006.5,83.9,0.6,5.9,4.8,,0,0,100
2024/3/25 20:30,1006.5,84,0.5,5.9,4.6,,0,0,100
2024/3/25 20:45,1006.5,83.9,0.5,5.9,4.5,,0,0,100
2024/3/25 21:00,1006.5,83.3,0.5,5.9,4.4,,0,0,100
2024/3/25 21:15,1006.5,83,0.4,6,4.3,,0,0,100
2024/3/25 21:30,1006.5,82.9,0.4,6,4.2,,0,0,100
2024/3/25 21:45,1006.5,82.9,0.4,6,4.1,,0,0,100
2024/3/25 22:00,1006.5,82.8,0.4,6,4,,0,0,100
2024/3/25 22:15,1006.5,82.7,0.5,6,3.9,,0,0,100
2024/3/25 22:30,1006.5,82.2,0.5,6,3.8,,0,0,100
2024/3/25 22:45,1006.5,81.6,0.4,6,3.8,,0,0,100
2024/3/25 23:00,1006.5,81.2,0.2,6,3.7,,0,0,100
2024/3/25 23:15,1006.5,80.8,0.2,6,3.7,,0,0,100
2024/3/25 23:30,1006.5,80.5,0.2,6.1,3.6,,0,0,100
2024/3/25 23:45,1006.5,79.9,0.2,6.1,3.5,,0,0,100
2024/3/26 0:00,1006.5,68.1,0.1,6.2,4.7,,0,0,100
2024/3/26 0:15,1006.5,68.5,0.2,6.2,4.7,,0,0,100
2024/3/26 0:30,1006.5,68.3,0.2,6.3,4.7,,0,0,100
2024/3/26 0:45,1006.5,67.3,0.2,6.3,4.7,,0,0,100
2024/3/26 1:00,1006.5,66.6,0.3,6.4,4.7,,0,0,100
2024/3/26 1:15,1006.5,66.6,0.2,6.4,4.7,,0,0,100
2024/3/26 1:30,1006.5,67.2,0.1,6.5,4.8,,0,0,100
2024/3/26 1:45,1006.5,67.7,0.1,6.5,4.8,,0,0,100
2024/3/26 2:00,1006.5,68.4,0,6.5,4.8,,0,0,100
2024/3/26 2:15,1006.5,69.1,0,6.5,4.8,,0,0,100
2024/3/26 2:30,1006.5,69.7,0,6.5,4.8,,0,0,100
2024/3/26 2:45,1006.5,70.5,0,6.5,4.9,,0,0,100
2024/3/26 3:00,1006.5,70.9,0,6.5,4.8,,0,0,100
2024/3/26 3:15,1006.5,69.6,0,6.5,4.8,,0,0,100
2024/3/26 3:30,1006.5,68.1,0,6.6,4.8,,0,0,100
2024/3/26 3:45,1006.5,68,0,6.6,4.8,,0,0,100
2024/3/26 4:00,1006.5,68.5,0,6.6,4.7,,0,0,100
2024/3/26 4:15,1006.5,68,0,6.6,4.6,,0,0,100
2024/3/26 4:30,1006.5,67.7,0,6.6,4.6,,0,0,100
2024/3/26 4:45,1006.5,68.2,0,6.7,4.5,,0,0,100
2024/3/26 5:00,1006.5,68.5,0,6.7,4.4,,0,0,100
2024/3/26 5:15,1006.5,68.5,0,6.7,4.2,,0,0,100
2024/3/26 5:30,1006.5,68.9,0,6.7,4.1,,0,0,100
2024/3/26 5:45,1006.5,69.3,0,6.7,4,,0,0,100
2024/3/26 6:00,1006.5,69.3,0,6.7,3.9,,0,0.7,100
2024/3/26 6:15,1006.5,69.3,0,6.7,3.7,,19,2.58,100
2024/3/26 6:30,1006.5,69.3,0,6.7,3.6,,45,5.47,100
2024/3/26 6:45,1006.5,69.2,0,6.8,3.5,,90,10.6,100
2024/3/26 7:00,1006.5,69.6,0,6.9,3.4,,136,16.52,100
2024/3/26 7:15,1006.5,70.5,0,7,3.2,,199,24.96,100
2024/3/26 7:30,1006.5,71.4,0,7.1,3.1,,252,33.19,100
2024/3/26 7:45,1006.5,72.9,0,7.2,3,,313,42.48,100
2024/3/26 8:00,1006.5,73.7,0,7.3,2.9,,375,50.91,100
2024/3/26 8:15,1006.5,73.7,0,7.3,2.8,,447,62.62,100
2024/3/26 8:30,1006.5,73.4,0,7.4,2.7,,490,66.87,100
2024/3/26 8:45,1006.5,73.2,0,7.5,2.6,,545,75.6,100
2024/3/26 9:00,1006.5,72.8,0,7.6,2.6,,590,82.63,100
2024/3/26 9:15,1006.5,71.8,0,7.6,2.5,,635,89.51,100
2024/3/26 9:30,1006.5,70.5,0,7.7,2.4,,667,95.15,100
2024/3/26 9:45,1006.5,69.4,0,7.7,2.4,,691,99.24,100
2024/3/26 10:00,1006.5,68.4,0,7.7,2.4,,727,99.99,100
2024/3/26 10:15,1006.5,67.5,0,7.8,2.3,,755,100,100
2024/3/26 10:30,1006.5,66.4,0,7.8,2.3,,782,100,100
2024/3/26 10:45,1006.5,65.5,0,7.9,2.3,,812,100,100
2024/3/26 11:00,1006.5,64.9,0,7.9,2.3,,831,100,100
2024/3/26 11:15,1006.5,64.7,0,7.9,2.3,,854,100,100
2024/3/26 11:30,1006.5,64.8,0,7.9,2.4,,859,100,100
2024/3/26 11:45,1006.5,64.7,0,8,2.4,,870,100,100
2024/3/26 12:00,1006.5,64.1,0,8,2.4,,876,100,100
2024/3/26 12:15,1006.5,62.6,0,8.1,2.4,,883,100,100
2024/3/26 12:30,1006.5,60.3,0,8.2,2.4,,882,100,100
2024/3/26 12:45,1006.5,57.6,0,8.3,2.5,,868,100,100
2024/3/26 13:00,1006.5,55.2,0,8.5,2.5,,872,100,100
2024/3/26 13:15,1006.5,53.6,0,8.6,2.5,,803,100,100
2024/3/26 13:30,1006.5,52.6,0,8.8,2.4,,821,100,100
2024/3/26 13:45,1006.5,52,0,8.9,2.4,,798,100,100
2024/3/26 14:00,1006.5,51.4,0,9.1,2.4,,773,100,100
2024/3/26 14:15,1006.5,50.1,0,9.2,2.4,,728,100,100
2024/3/26 14:30,1006.5,48.6,0,9.3,2.5,,700,98.56,100
2024/3/26 14:45,1006.5,47,0,9.5,2.5,,661,92.81,100
2024/3/26 15:00,1006.5,45.8,0,9.7,2.5,,627,86.93,100
2024/3/26 15:15,1006.5,45.5,0,10,2.6,,587,83.22,100
2024/3/26 15:30,1006.5,46.2,0,10.3,2.7,,591,47.71,100
2024/3/26 15:45,1006.5,47.5,0,10.6,2.7,,583,74.83,100
2024/3/26 16:00,1006.5,49.5,0,11,2.8,,406,36.47,100
2024/3/26 16:15,1006.6,51.6,0,11.3,2.9,,396,41.06,100
2024/3/26 16:30,1006.6,53.5,0,11.7,3,,327,41.25,100
2024/3/26 16:45,1006.6,55.4,0,11.9,3.1,,260,33.12,100
2024/3/26 17:00,1006.6,57.8,0,12,3.3,,163,18.15,100
2024/3/26 17:15,1006.6,60.1,0,12,3.4,,184,22.08,100
2024/3/26 17:30,1006.6,63,0,11.8,3.5,,78,10.84,100
2024/3/26 17:45,1006.6,65.3,0,11.6,3.6,,39,4.74,100
2024/3/26 18:00,1006.6,66.5,0,11.2,3.7,,11,1.61,100
2024/3/26 18:15,1006.6,67.9,0,11,3.8,,1,0.65,100
2024/3/26 18:30,1006.6,70.3,0,10.8,4,,0,0,100
2024/3/26 18:45,1006.6,73.2,0,10.6,4.2,,0,0,100
2024/3/26 19:00,1006.6,75.3,0,10.4,4.3,,0,0,100
2024/3/26 19:15,1006.6,75.2,0,10.3,4.5,,0,0,100
2024/3/26 19:30,1006.6,75.8,0,10.1,4.7,,0,0,100
2024/3/26 19:45,1006.6,76.8,0,10,4.9,,0,0,100
2024/3/26 20:00,1006.5,77.9,0,9.9,5,,0,0,100
2024/3/26 20:15,1006.5,79.9,0,9.7,5.2,,0,0,100
2024/3/26 20:30,1006.5,80.9,0,9.6,5.3,,0,0,100
2024/3/26 20:45,1006.5,80.9,0,9.5,5.5,,0,0,100
2024/3/26 21:00,1006.5,82.1,0,9.4,5.6,,0,0,100
2024/3/26 21:15,1006.5,83.5,0,9.3,5.7,,0,0,100
2024/3/26 21:30,1006.5,85,0,9.2,5.8,,0,0,100
2024/3/26 21:45,1006.5,86.6,0,9.1,5.9,,0,0,100
2024/3/26 22:00,1006.5,87.6,0,9,6.1,,0,0,100
2024/3/26 22:15,1006.5,88.1,0,8.9,6.2,,0,0,100
2024/3/26 22:30,1006.5,88,0,8.9,6.3,,0,0,100
2024/3/26 22:45,1006.5,87.8,0,8.8,6.4,,0,0,100
2024/3/26 23:00,1006.5,87.7,0,8.7,6.5,,0,0,100
2024/3/26 23:15,1006.5,87.8,0,8.6,6.6,,0,0,100
2024/3/26 23:30,1006.5,87.9,0,8.6,6.7,,0,0,100
2024/3/26 23:45,1006.5,87.7,0,8.5,6.8,,0,0,100
2024/3/27 0:00,1006.5,83.1,0,7.6,6.9,,0,0,100
2024/3/27 0:15,1006.5,82.7,0,7.5,7,,0,0,100
2024/3/27 0:30,1006.5,82.3,0,7.5,7.1,,0,0,100
2024/3/27 0:45,1006.5,81.8,0,7.4,7.2,,0,0,100
2024/3/27 1:00,1006.5,81.4,0,7.4,7.3,,0,0,100
2024/3/27 1:15,1006.5,81.2,0,7.4,7.3,,0,0,100
2024/3/27 1:30,1006.5,80.8,0,7.3,7.4,,0,0,100
2024/3/27 1:45,1006.5,80.4,0,7.3,7.5,,0,0,100
2024/3/27 2:00,1006.5,80.3,0,7.2,7.5,,0,0,100
2024/3/27 2:15,1006.5,80.1,0,7.2,7.6,,0,0,100
2024/3/27 2:30,1006.5,80,0,7.2,7.6,,0,0,100
2024/3/27 2:45,1006.5,80,0,7.2,7.7,,0,0,100
2024/3/27 3:00,1006.5,80.1,0,7.2,7.8,,0,0,100
2024/3/27 3:15,1006.5,80.2,0,7.2,7.8,,0,0,100
2024/3/27 3:30,1006.5,80.3,0,7.2,7.9,,0,0,100
2024/3/27 3:45,1006.5,80.4,0,7.2,7.9,,0,0,100
2024/3/27 4:00,1006.5,80.6,0,7.1,7.9,,0,0,100
2024/3/27 4:15,1006.5,80.8,0,7.1,8,,0,0,100
2024/3/27 4:30,1006.5,81.1,0,7.1,8,,0,0,100
2024/3/27 4:45,1006.5,81.5,0,7,8,,0,0,100
2024/3/27 5:00,1006.5,82.2,0,7,8,,0,0,100
2024/3/27 5:15,1006.5,83,0,6.9,8,,0,0,100
2024/3/27 5:30,1006.5,83.4,0,6.9,8,,0,0,100
2024/3/27 5:45,1006.5,83.8,0,6.9,8,,0,0,100
2024/3/27 6:00,1006.5,84.3,0,6.9,8,,0,0.41,100
2024/3/27 6:15,1006.5,84.8,0,6.9,8,,19,2.58,100
2024/3/27 6:30,1006.5,85.5,0,6.9,8,,32,4.12,100
2024/3/27 6:45,1006.5,85.8,0,6.9,8,,70,8.63,100
2024/3/27 7:00,1006.5,86.2,0,7,8,,93,12.53,100
2024/3/27 7:15,1006.5,86.7,0,7.1,8.1,,200,23.65,100
2024/3/27 7:30,1006.5,87,0,7.2,8.1,,226,28.82,100
2024/3/27 7:45,1006.5,87.2,0,7.4,8.1,,312,37.81,100
2024/3/27 8:00,1006.5,87.2,0,7.6,8.1,,348,44.26,100
2024/3/27 8:15,1006.5,87.1,0,7.9,8.1,,306,38.79,100
2024/3/27 8:30,1006.5,86.8,0,8.2,8.2,,354,47.39,100
2024/3/27 8:45,1006.5,86.5,0,8.5,8.2,,384,53.56,100
2024/3/27 9:00,1006.5,86,0,8.9,8.2,,386,49.22,100
2024/3/27 9:15,1006.5,85.4,0,9.2,8.2,,450,60.4,100
2024/3/27 9:30,1006.5,85,0,9.4,8.2,,433,53.04,100
2024/3/27 9:45,1006.5,84.8,0,9.6,8.2,,471,76.61,100
2024/3/27 10:00,1006.5,84.6,0,9.8,8.2,,531,66.13,100
2024/3/27 10:15,1006.5,84.1,0,10,8.2,,552,81.21,100
2024/3/27 10:30,1006.5,83.3,0,10.2,8.2,,588,92.83,100
2024/3/27 10:45,1006.5,83,0,10.3,8.3,,597,74.84,100
2024/3/27 11:00,1006.5,82.6,0,10.5,8.3,,503,63.38,100
2024/3/27 11:15,1006.5,82.4,0,10.6,8.3,,539,66.97,100
2024/3/27 11:30,1006.5,82,0,10.8,8.3,,546,72.69,100
2024/3/27 11:45,1006.5,81.1,0,10.9,8.4,,596,74.19,100
2024/3/27 12:00,1006.5,80.5,0,11,8.4,,499,77.58,100
2024/3/27 12:15,1006.5,79.7,0,11,8.4,,571,70.64,100
2024/3/27 12:30,1006.5,79.4,0,11.1,8.4,,496,88.52,100
2024/3/27 12:45,1006.5,79.2,0,11.1,8.4,,506,79.58,100
2024/3/27 13:00,1006.5,78.6,0,11.2,8.4,,832,98.66,100
2024/3/27 13:15,1006.5,75.5,0,11.3,8.4,,637,94.39,100
2024/3/27 13:30,1006.5,75.1,0,11.2,8.4,,623,88.81,100
2024/3/27 13:45,1006.5,76.8,0,11.2,8.4,,384,48.51,100
2024/3/27 14:00,1006.5,77.8,0,11.2,8.3,,560,68.4,100
2024/3/27 14:15,1006.5,78.2,0,11.2,8.3,,561,65.97,100
2024/3/27 14:30,1006.5,78.5,0,11.2,8.3,,338,48.71,100
2024/3/27 14:45,1006.5,78.2,0,11.3,8.3,,339,38.78,100
2024/3/27 15:00,1006.5,77.9,0,11.2,8.2,,631,68.96,100
2024/3/27 15:15,1006.5,77.2,0,11.3,8.2,,539,70.99,100
2024/3/27 15:30,1006.5,77.8,0,11.4,8.2,,429,65.47,100
2024/3/27 15:45,1006.5,78.7,0,11.2,8.1,,401,50.59,100
2024/3/27 16:00,1006.5,79,0,11,8.1,,259,35.26,100
2024/3/27 16:15,1006.5,79.9,0,10.8,8.1,,254,25.47,100
2024/3/27 16:30,1006.5,80.2,0,10.7,8.1,,212,32.09,100
2024/3/27 16:45,1006.5,81.1,0,10.5,8,,190,20.4,100
2024/3/27 17:00,1006.5,83.7,0,10.3,8,,116,13.65,100
2024/3/27 17:15,1006.5,85,0,10.2,8,,70,8.66,100
2024/3/27 17:30,1006.5,86.2,0,10,8,,50,6.94,100
2024/3/27 17:45,1006.5,86.5,0,9.8,7.9,,23,3.2,100
2024/3/27 18:00,1006.5,87.2,0,9.6,7.9,,12,1.6,100
2024/3/27 18:15,1006.5,87.3,0,9.4,7.8,,2,0.45,100
2024/3/27 18:30,1006.5,87.3,0,9.3,7.8,,0,0,100
2024/3/27 18:45,1006.5,87.1,0,9.1,7.8,,0,0,100
2024/3/27 19:00,1006.5,87.8,0,9.1,7.8,,0,0,100
2024/3/27 19:15,1006.5,89.1,0,8.9,7.7,,0,0,100
2024/3/27 19:30,1006.5,89.7,0,8.7,7.7,,0,0,100
2024/3/27 19:45,1006.5,90.3,0.1,8.5,7.7,,0,0,100
2024/3/27 20:00,1006.4,90.9,0,8.4,7.7,,0,0,100
2024/3/27 20:15,1006.4,91.6,0,8.3,7.6,,0,0,100
2024/3/27 20:30,1006.4,92.5,0,8.1,7.6,,0,0,100
2024/3/27 20:45,1006.4,93.4,0,8,7.6,,0,0,100
2024/3/27 21:00,1006.4,94.2,0,7.9,7.6,,0,0,100
2024/3/27 21:15,1006.4,95,0,7.9,7.5,,0,0,100
2024/3/27 21:30,1006.4,95.7,0,7.9,7.5,,0,0,100
2024/3/27 21:45,1006.4,96.2,0,7.8,7.5,,0,0,100
2024/3/27 22:00,1006.4,96.9,0,7.7,7.4,,0,0,100
2024/3/27 22:15,1006.4,97.4,0,7.7,7.4,,0,0,100
2024/3/27 22:30,1006.4,97.7,0,7.7,7.3,,0,0,100
2024/3/27 22:45,1006.4,97.9,0,7.7,7.2,,0,0,100
2024/3/27 23:00,1006.4,98,0,7.7,7.2,,0,0,100
2024/3/27 23:15,1006.4,98.2,0,7.6,7.1,,0,0,100
2024/3/27 23:30,1006.4,98.4,0,7.6,7,,0,0,100
2024/3/27 23:45,1006.4,98.8,0,7.7,7,,0,0,100
2024/3/28 0:00,1006.4,97.1,0,8.5,7.3,,0,0,100
2024/3/28 0:15,1006.4,97.7,0,8.4,7.2,,0,0,100
2024/3/28 0:30,1006.4,98.1,0,8.4,7.1,,0,0,100
2024/3/28 0:45,1006.4,98.5,0.1,8.3,7.1,,0,0,100
2024/3/28 1:00,1006.4,98.9,0.1,8.3,7,,0,0,100
2024/3/28 1:15,1006.4,99.2,0,8.3,6.9,,0,0,100
2024/3/28 1:30,1006.4,99.4,0,8.3,6.8,,0,0,100
2024/3/28 1:45,1006.4,99.7,0.1,8.3,6.7,,0,0,100
2024/3/28 2:00,1006.4,99.9,0.1,8.4,6.6,,0,0,100
2024/3/28 2:15,1006.4,99.9,0.2,8.4,6.5,,0,0,100
2024/3/28 2:30,1006.4,99.8,0.5,8.4,6.4,,0,0,100
2024/3/28 2:45,1006.4,99.8,0.4,8.5,6.2,,0,0,100
2024/3/28 3:00,1006.4,99.8,0.4,8.6,6,,0,0,100
2024/3/28 3:15,1006.4,99.7,0.2,8.6,5.9,,0,0,100
2024/3/28 3:30,1006.4,99.4,0.2,8.7,5.7,,0,0,100
2024/3/28 3:45,1006.4,99.3,0.1,8.8,5.6,,0,0,100
2024/3/28 4:00,1006.4,99.2,0.2,8.8,5.4,,0,0,100
2024/3/28 4:15,1006.4,99.1,0.2,8.9,5.3,,0,0,100
2024/3/28 4:30,1006.4,99.1,0.2,8.9,5.2,,0,0,100
2024/3/28 4:45,1006.4,99.1,0.1,9,5.2,,0,0,100
2024/3/28 5:00,1006.4,99.2,0,9,5.2,,0,0,100
2024/3/28 5:15,1006.4,98.9,0,9,5.2,,0,0,100
2024/3/28 5:30,1006.4,98.1,0,9,5.2,,0,0,100
2024/3/28 5:45,1006.4,98.6,0,9,5.2,,0,0,100
2024/3/28 6:00,1006.4,98.7,0,8.9,5.2,,0,0,100
2024/3/28 6:15,1006.4,98.7,0,8.8,5.2,,2,0.37,100
2024/3/28 6:30,1006.4,98.9,0,8.8,5.2,,9,1.45,100
2024/3/28 6:45,1006.4,99.1,0,8.7,5.2,,43,6.84,100
2024/3/28 7:00,1006.4,98.7,0,8.8,5.3,,60,5.58,100
2024/3/28 7:15,1006.4,96.5,0,8.7,5.3,,113,12.84,100
2024/3/28 7:30,1006.4,93.4,0,8.4,5.4,,140,16.23,100
2024/3/28 7:45,1006.4,92.2,0,8.2,5.4,,179,21.76,100
2024/3/28 8:00,1006.4,91.5,0,8.1,5.5,,203,24.98,100
2024/3/28 8:15,1006.4,89.9,0,8,5.5,,251,30.59,100
2024/3/28 8:30,1006.4,86.3,0,8.1,5.6,,296,36.1,100
2024/3/28 8:45,1006.4,81.1,0,8.1,5.6,,358,46.62,100
2024/3/28 9:00,1006.4,76.7,0,8,5.7,,420,53.32,100
2024/3/28 9:15,1006.4,75.8,0,8,5.7,,451,49.8,100
2024/3/28 9:30,1006.4,74.4,0,8,5.8,,430,55.19,100
2024/3/28 9:45,1006.4,71.7,0,8.3,5.8,,279,38.36,100
2024/3/28 10:00,1006.4,69.5,0,8.4,5.8,,445,56.49,100
2024/3/28 10:15,1006.4,67.9,0,8.4,5.8,,520,76.25,100
2024/3/28 10:30,1006.4,67.3,0,8.4,5.7,,609,78.72,100
2024/3/28 10:45,1006.4,67.1,0,8.4,5.6,,625,84.69,100
2024/3/28 11:00,1006.4,66.6,0,8.5,5.5,,641,85.68,100
2024/3/28 11:15,1006.4,66.4,0,8.5,5.4,,648,82.1,100
2024/3/28 11:30,1006.4,66.4,0,8.5,5.3,,643,86.12,100
2024/3/28 11:45,1006.4,66.2,0,8.5,5.1,,676,90.93,100
2024/3/28 12:00,1006.4,65.3,0,8.5,5,,704,93.8,100
2024/3/28 12:15,1006.4,64,0,8.5,4.8,,713,95.86,100
2024/3/28 12:30,1006.4,62.7,0,8.5,4.6,,739,97.75,100
2024/3/28 12:45,1006.4,61.7,0,8.5,4.4,,724,96.27,100
2024/3/28 13:00,1006.4,60.7,0,8.5,4.2,,715,91.78,100
2024/3/28 13:15,1006.4,58.6,0,8.5,4,,690,93.66,100
2024/3/28 13:30,1006.4,55.9,0,8.6,3.8,,692,94.42,100
2024/3/28 13:45,1006.4,53.9,0,8.6,3.6,,685,91.52,100
2024/3/28 14:00,1006.4,52.3,0,8.7,3.4,,659,87.56,100
2024/3/28 14:15,1006.4,50.7,0,8.7,3.3,,622,82.92,100
2024/3/28 14:30,1006.4,49,0,8.8,3.1,,583,78.11,100
2024/3/28 14:45,1006.4,47.3,0,8.8,3,,542,70.76,100
2024/3/28 15:00,1006.4,45.1,0,8.8,2.9,,504,64.67,100
2024/3/28 15:15,1006.4,41.9,0,8.9,2.8,,455,58.92,100
2024/3/28 15:30,1006.4,38.5,0,9,2.7,,424,53.91,100
2024/3/28 15:45,1006.4,35.6,0,9.2,2.6,,372,46.54,100
2024/3/28 16:00,1006.4,33.2,0,9.3,2.6,,332,41.04,100
2024/3/28 16:15,1006.4,31.4,0,9.4,2.6,,279,34.25,100
2024/3/28 16:30,1006.4,30.4,0,9.6,2.6,,244,29.26,100
2024/3/28 16:45,1006.4,30.3,0,9.7,2.6,,199,23.33,100
2024/3/28 17:00,1006.4,31.5,0,9.8,2.7,,161,18.15,100
2024/3/28 17:15,1006.4,34.3,0,9.8,2.8,,115,13.12,100
2024/3/28 17:30,1006.4,37.7,0,9.7,2.9,,82,9.27,100
2024/3/28 17:45,1006.4,40.7,0,9.6,3.1,,44,5.27,100
2024/3/28 18:00,1006.4,43.5,0,9.4,3.3,,26,3.08,100
2024/3/28 18:15,1006.4,46,0,9.2,3.5,,3,0.92,100
2024/3/28 18:30,1006.4,48,0,9,3.7,,0,0,100
2024/3/28 18:45,1006.4,50.6,0,8.8,4,,0,0,100
2024/3/28 19:00,1006.4,53.1,0,8.6,4.2,,0,0,100
2024/3/28 19:15,1006.4,55.2,0,8.5,4.5,,0,0,100
2024/3/28 19:30,1006.4,57.5,0,8.3,4.9,,0,0,100
2024/3/28 19:45,1006.4,60.4,0,8.1,5.2,,0,0,100
2024/3/28 20:00,1006.4,62.8,0,7.9,5.6,,0,0,100
2024/3/28 20:15,1006.4,65.1,0,7.8,5.9,,0,0,100
2024/3/28 20:30,1006.4,66.5,0,7.7,6.3,,0,0,100
2024/3/28 20:45,1006.4,67.2,0,7.6,6.6,,0,0,100
2024/3/28 21:00,1006.4,67.5,0,7.6,6.9,,0,0,100
2024/3/28 21:15,1006.4,67.9,0,7.6,7.2,,0,0,100
2024/3/28 21:30,1006.4,69.4,0,7.6,7.5,,0,0,100
2024/3/28 21:45,1006.3,71.6,0,7.6,7.7,,0,0,100
2024/3/28 22:00,1006.3,72.6,0,7.7,8,,0,0,100
2024/3/28 22:15,1006.3,73.9,0,7.7,8.2,,0,0,100
2024/3/28 22:30,1006.3,75.3,0,7.7,8.4,,0,0,100
2024/3/28 22:45,1006.3,76.7,0,7.7,8.6,,0,0,100
2024/3/28 23:00,1006.3,77.7,0,7.7,8.8,,0,0,100
2024/3/28 23:15,1006.3,78.6,0,7.7,8.9,,0,0,100
2024/3/28 23:30,1006.3,79,0,7.7,8.9,,0,0,100
2024/3/28 23:45,1006.3,79.3,0,7.7,9,,0,0,100
2024/3/29 0:00,1006.3,69.8,0,8.1,8,,0,0,100
2024/3/29 0:15,1006.3,73.4,0,8.1,8.1,,0,0,100
2024/3/29 0:30,1006.3,77.8,0,8,8.1,,0,0,100
2024/3/29 0:45,1006.3,81.5,0,8.1,8.1,,0,0,100
2024/3/29 1:00,1006.3,85.3,0,8.2,8,,0,0,100
2024/3/29 1:15,1006.3,88.6,0,8.2,8,,0,0,100
2024/3/29 1:30,1006.3,91.6,0,8.4,7.9,,0,0,100
2024/3/29 1:45,1006.3,94,0,8.5,7.9,,0,0,100
2024/3/29 2:00,1006.3,95.9,0,8.7,7.8,,0,0,100
2024/3/29 2:15,1006.3,97.4,0,9,7.7,,0,0,100
2024/3/29 2:30,1006.3,98.5,0,9.2,7.6,,0,0,100
2024/3/29 2:45,1006.3,99.2,0,9.4,7.5,,0,0,100
2024/3/29 3:00,1006.4,99.6,0,9.6,7.3,,0,0,100
2024/3/29 3:15,1006.4,100,0,9.7,7.2,,0,0,100
2024/3/29 3:30,1006.4,100,0,9.7,7,,0,0,100
2024/3/29 3:45,1006.4,100,0,9.7,6.9,,0,0,100
2024/3/29 4:00,1006.4,100,0,9.7,6.7,,0,0,100
2024/3/29 4:15,1006.4,99.9,0,9.5,6.6,,0,0,100
2024/3/29 4:30,1006.4,99.9,0,9.4,6.5,,0,0,100
2024/3/29 4:45,1006.4,98.8,0,9.3,6.4,,0,0,100
2024/3/29 5:00,1006.4,99.3,0,9.2,6.4,,0,0,100
2024/3/29 5:15,1006.4,99.5,0,8.9,6.3,,0,0,100
2024/3/29 5:30,1006.4,99.4,0,8.8,6.3,,0,0,100
2024/3/29 5:45,1006.4,99.7,0,8.7,6.3,,1,0,100
2024/3/29 6:00,1006.4,99.6,0,8.5,6.3,,2,0.67,100
2024/3/29 6:15,1006.4,99.3,0,8.4,6.4,,15,2.28,100
2024/3/29 6:30,1006.4,98,0,8.3,6.4,,39,4.75,100
2024/3/29 6:45,1006.4,94.1,0,8.3,6.5,,62,9.14,100
2024/3/29 7:00,1006.4,87.7,0,8.3,6.5,,92,10.92,100
2024/3/29 7:15,1006.4,83.8,0,8.3,6.5,,146,16.71,100
2024/3/29 7:30,1006.4,82.2,0,8.2,6.5,,214,23.1,100
2024/3/29 7:45,1006.4,80.7,0,8.2,6.5,,247,29.14,100
2024/3/29 8:00,1006.4,79.9,0,8.2,6.5,,284,34.89,100
2024/3/29 8:15,1006.4,79.4,0,8.2,6.5,,356,44.27,100
2024/3/29 8:30,1006.4,79.3,0,8.3,6.4,,415,54.95,100
2024/3/29 8:45,1006.4,79.2,0,8.4,6.4,,487,63.06,100
2024/3/29 9:00,1006.4,78.4,0,8.4,6.4,,520,67.99,100
2024/3/29 9:15,1006.4,78.6,0,8.4,6.3,,559,73,100
2024/3/29 9:30,1006.4,78.1,0,8.4,6.3,,607,79.94,100
2024/3/29 9:45,1006.4,77,0,8.4,6.2,,675,92.46,100
2024/3/29 10:00,1006.4,76,0,8.5,6.2,,713,97.49,100
2024/3/29 10:15,1006.4,75.3,0,8.6,6.1,,740,99.68,100
2024/3/29 10:30,1006.4,74.8,0,8.7,6,,759,100,100
2024/3/29 10:45,1006.4,73.9,0,8.7,5.9,,782,100,100
2024/3/29 11:00,1006.4,72.5,0,8.8,5.8,,825,100,100
2024/3/29 11:15,1006.4,71.1,0,8.8,5.7,,847,100,100
2024/3/29 11:30,1006.4,70.5,0,8.8,5.6,,855,100,100
2024/3/29 11:45,1006.4,70.7,0,8.8,5.5,,889,100,100
2024/3/29 12:00,1006.4,70.5,0,8.7,5.3,,900,100,100
2024/3/29 12:15,1006.4,69.6,0,8.7,5.2,,902,100,100
2024/3/29 12:30,1006.4,68.2,0,8.7,5.1,,901,100,100
2024/3/29 12:45,1006.4,66.6,0,8.7,4.9,,890,100,100
2024/3/29 13:00,1006.4,64.7,0,8.7,4.7,,873,100,100
2024/3/29 13:15,1006.4,62.7,0,8.8,4.6,,852,100,100
2024/3/29 13:30,1006.4,60.9,0,8.8,4.4,,831,100,100
2024/3/29 13:45,1006.4,60,0,8.8,4.2,,813,100,100
2024/3/29 14:00,1006.4,60.1,0,8.7,4,,780,100,100
2024/3/29 14:15,1006.4,59.7,0,8.7,3.8,,755,99.5,100
2024/3/29 14:30,1006.4,58.4,0,8.7,3.6,,731,97.24,100
2024/3/29 14:45,1006.4,57,0,8.8,3.4,,692,92.15,100
2024/3/29 15:00,1006.4,55.6,0,8.8,3.2,,656,86.27,100
2024/3/29 15:15,1006.4,53.8,0,8.9,3.1,,617,80.05,100
2024/3/29 15:30,1006.4,52.1,0,9,2.9,,578,73.79,100
2024/3/29 15:45,1006.4,50.6,0,9,2.8,,524,65.96,100
2024/3/29 16:00,1006.4,48.7,0,9,2.7,,471,59.21,100
2024/3/29 16:15,1006.4,46.9,0,9.1,2.6,,420,50.25,100
2024/3/29 16:30,1006.4,45.5,0,9.1,2.5,,363,42.98,100
2024/3/29 16:45,1006.4,43.9,0,9.2,2.4,,287,33.8,100
2024/3/29 17:00,1006.4,41.9,0,9.2,2.4,,230,25.39,100
2024/3/29 17:15,1006.4,40.2,0,9.3,2.4,,166,17.37,100
2024/3/29 17:30,1006.4,38.8,0,9.4,2.3,,113,11.55,100
2024/3/29 17:45,1006.4,38.2,0,9.4,2.3,,58,6.15,100
2024/3/29 18:00,1006.4,38.6,0,9.5,2.3,,29,3.43,100
2024/3/29 18:15,1006.4,40,0,9.4,2.4,,3,1.23,100
2024/3/29 18:30,1006.4,42,0,9.3,2.4,,0,0,100
2024/3/29 18:45,1006.4,43.7,0,9.2,2.5,,0,0,100
2024/3/29 19:00,1006.4,45.1,0,9,2.5,,0,0,100
2024/3/29 19:15,1006.4,45.6,0,8.9,2.6,,0,0,100
2024/3/29 19:30,1006.4,45.7,0,8.8,2.7,,0,0,100
2024/3/29 19:45,1006.4,46.7,0,8.7,2.8,,0,0,100
2024/3/29 20:00,1006.4,48.1,0,8.5,2.9,,0,0,100
2024/3/29 20:15,1006.4,50,0,8.4,3.1,,0,0,100
2024/3/29 20:30,1006.4,51.7,0,8.2,3.2,,0,0,100
2024/3/29 20:45,1006.4,52.8,0,8.1,3.4,,0,0,100
2024/3/29 21:00,1006.4,53.7,0,8,3.5,,0,0,100
2024/3/29 21:15,1006.4,54.7,0,7.9,3.7,,0,0,100
2024/3/29 21:30,1006.4,56.4,0,7.7,3.8,,0,0,100
2024/3/29 21:45,1006.4,58.6,0,7.6,3.9,,0,0,100
2024/3/29 22:00,1006.4,60.7,0,7.4,4,,0,0,100
2024/3/29 22:15,1006.4,62.1,0,7.3,4,,0,0,100
2024/3/29 22:30,1006.4,63,0,7.2,4.1,,0,0,100
2024/3/29 22:45,1006.4,63.7,0,7.1,4.1,,0,0,100
2024/3/29 23:00,1006.4,64.5,0,7.1,4.2,,0,0,100
2024/3/29 23:15,1006.4,65.3,0,7,4.2,,0,0,100
2024/3/29 23:30,1006.4,66,0,6.9,4.3,,0,0,100
2024/3/29 23:45,1006.4,66.4,0,6.9,4.3,,0,0,100
2024/3/30 0:00,1006.4,70.8,0,6.9,3.8,,0,0,100
2024/3/30 0:15,1006.4,71.1,0,6.9,3.8,,0,0,100
2024/3/30 0:30,1006.4,71,0,6.9,3.8,,0,0,100
2024/3/30 0:45,1006.4,70.6,0,6.9,3.8,,0,0,100
2024/3/30 1:00,1006.4,70.2,0,6.9,3.7,,0,0,100
2024/3/30 1:15,1006.4,69.8,0,6.9,3.7,,0,0,100
2024/3/30 1:30,1006.4,70.2,0,6.9,3.7,,0,0,100
2024/3/30 1:45,1006.4,71.2,0,6.9,3.7,,0,0,100
2024/3/30 2:00,1006.4,72.2,0,6.8,3.6,,0,0,100
2024/3/30 2:15,1006.4,72.6,0,6.8,3.6,,0,0,100
2024/3/30 2:30,1006.4,72.8,0,6.8,3.6,,0,0,100
2024/3/30 2:45,1006.4,72.4,0,6.9,3.6,,0,0,100
2024/3/30 3:00,1006.4,71.8,0,6.9,3.6,,0,0,100
2024/3/30 3:15,1006.4,72.5,0,6.9,3.5,,0,0,100
2024/3/30 3:30,1006.4,73.7,0,6.9,3.5,,0,0,100
2024/3/30 3:45,1006.4,74.3,0,6.8,3.5,,0,0,100
2024/3/30 4:00,1006.4,74.8,0,6.9,3.4,,0,0,100
2024/3/30 4:15,1006.4,75.4,0.2,6.9,3.3,,0,0,100
2024/3/30 4:30,1006.4,75.5,0.3,6.9,3.3,,0,0,100
2024/3/30 4:45,1006.4,75.6,0.3,7,3.3,,0,0,100
2024/3/30 5:00,1006.4,75.5,0.3,7.1,3.2,,0,0,100
2024/3/30 5:15,1006.4,75.7,0.3,7,3.2,,0,0,100
2024/3/30 5:30,1006.4,75.9,0.3,7,3.1,,0,0,100
2024/3/30 5:45,1006.4,75.7,0.3,7,3.1,,0,0,100
2024/3/30 6:00,1006.4,75.5,0.3,7.1,3.1,,4,0.97,100
2024/3/30 6:15,1006.4,75.2,0.2,7.1,3.1,,23,3.05,100
2024/3/30 6:30,1006.4,75.1,0.1,7.1,3,,44,5.05,100
2024/3/30 6:45,1006.4,75.1,0,7.1,3,,80,9.3,100
2024/3/30 7:00,1006.4,75.1,0,7.3,3,,118,13.81,100
2024/3/30 7:15,1006.4,74.7,0,7.5,3,,183,21.13,100
2024/3/30 7:30,1006.4,74.5,0,7.8,3,,219,26.49,100
2024/3/30 7:45,1006.4,74.4,0,8.2,3,,285,35.14,100
2024/3/30 8:00,1006.4,73.9,0,8.7,3,,338,42.54,100
2024/3/30 8:15,1006.4,72.5,0,9.2,3,,412,51.79,100
2024/3/30 8:30,1006.4,69.7,0,9.7,3,,453,58.22,100
2024/3/30 8:45,1006.5,68.6,0,10.1,3,,522,67.26,100
2024/3/30 9:00,1006.5,68.3,0,10.4,3.1,,574,76.04,100
2024/3/30 9:15,1006.5,67.3,0,10.7,3.1,,640,85.94,100
2024/3/30 9:30,1006.5,64.7,0,10.9,3.1,,685,92.98,100
2024/3/30 9:45,1006.5,60.8,0,10.9,3.2,,724,98.7,100
2024/3/30 10:00,1006.5,59.4,0,10.9,3.3,,749,100,100
2024/3/30 10:15,1006.5,57.8,0,11.1,3.4,,772,100,100
2024/3/30 10:30,1006.5,55.9,0,11.2,3.5,,796,80.45,100
2024/3/30 10:45,1006.5,53.1,0,11.4,3.6,,845,100,100
2024/3/30 11:00,1006.5,54.8,0,11.2,3.7,,874,100,100
2024/3/30 11:15,1006.5,56.8,0,10.9,3.8,,898,100,100
2024/3/30 11:30,1006.5,56.8,0,10.8,3.9,,908,100,100
2024/3/30 11:45,1006.5,57.2,0,10.8,4,,917,100,100
2024/3/30 12:00,1006.5,58.7,0,10.5,4.2,,934,100,100
2024/3/30 12:15,1006.5,61.3,0,10.1,4.3,,934,100,100
2024/3/30 12:30,1006.5,66,0,9.8,4.4,,931,100,100
2024/3/30 12:45,1006.5,72.5,0,9.4,4.5,,918,100,100
2024/3/30 13:00,1006.5,72.7,0,9.3,4.5,,908,100,100
2024/3/30 13:15,1006.5,71.4,0,9.3,4.6,,886,100,100
2024/3/30 13:30,1006.4,70.9,0,9.4,4.7,,876,100,100
2024/3/30 13:45,1006.4,71.8,0,9.3,4.7,,842,100,100
2024/3/30 14:00,1006.4,73.3,0,9.2,4.8,,805,100,100
2024/3/30 14:15,1006.4,74.3,0,9.1,4.8,,786,100,100
2024/3/30 14:30,1006.4,75.2,0,9,4.8,,754,99.93,100
2024/3/30 14:45,1006.4,76.3,0,8.9,4.9,,703,97.01,100
2024/3/30 15:00,1006.4,76.4,0,8.8,4.9,,605,80.66,100
2024/3/30 15:15,1006.4,75.7,0,8.8,4.8,,645,85.08,100
2024/3/30 15:30,1006.4,74.6,0,8.8,4.8,,610,79.35,100
2024/3/30 15:45,1006.4,73.6,0,8.8,4.7,,551,70.07,100
2024/3/30 16:00,1006.4,72.5,0,8.8,4.6,,499,61.97,100
2024/3/30 16:15,1006.4,71.4,0,8.8,4.6,,439,53.29,100
2024/3/30 16:30,1006.4,70.1,0,8.8,4.5,,386,45.5,100
2024/3/30 16:45,1006.4,68.4,0,8.8,4.4,,315,36.08,100
2024/3/30 17:00,1006.4,67.1,0,8.8,4.3,,258,27.96,100
2024/3/30 17:15,1006.4,66.4,0,8.8,4.2,,192,19.3,100
2024/3/30 17:30,1006.4,66.1,0,8.8,4.1,,137,12.74,100
2024/3/30 17:45,1006.4,66.2,0,8.7,4,,81,6.97,100
2024/3/30 18:00,1006.4,66.7,0,8.6,3.9,,37,3.52,100
2024/3/30 18:15,1006.4,67.5,0,8.5,3.8,,7,1.3,100
2024/3/30 18:30,1006.4,68.2,0,8.4,3.7,,0,0,100
2024/3/30 18:45,1006.5,69,0,8.3,3.6,,0,0,100
2024/3/30 19:00,1006.5,69.9,0,8.2,3.5,,0,0,100
2024/3/30 19:15,1006.5,70.7,0,8.2,3.4,,0,0,100
2024/3/30 19:30,1006.5,71.2,0,8.1,3.3,,0,0,100
2024/3/30 19:45,1006.5,71.5,0,8,3.3,,0,0,100
2024/3/30 20:00,1006.5,71.9,0,8,3.2,,0,0,100
2024/3/30 20:15,1006.5,72.9,0,7.9,3.2,,0,0,100
2024/3/30 20:30,1006.4,73.9,0,7.8,3.1,,0,0,100
2024/3/30 20:45,1006.4,74.6,0,7.7,3.1,,0,0,100
2024/3/30 21:00,1006.4,75.4,0,7.5,3.1,,0,0,100
2024/3/30 21:15,1006.4,76.7,0,7.4,3,,0,0,100
2024/3/30 21:30,1006.4,76.9,0,7.3,3,,0,0,100
2024/3/30 21:45,1006.4,76.5,0,7.2,3,,0,0,100
2024/3/30 22:00,1006.4,76.3,0,7.1,2.9,,0,0,100
2024/3/30 22:15,1006.4,75.4,0,7,2.9,,0,0,100
2024/3/30 22:30,1006.4,74.9,0,6.8,2.9,,0,0,100
2024/3/30 22:45,1006.4,75.6,0,6.7,2.9,,0,0,100
2024/3/30 23:00,1006.4,75.3,0,6.6,2.9,,0,0,100
2024/3/30 23:15,1006.4,74.1,0,6.6,3,,0,0,100
2024/3/30 23:30,1006.4,73.5,0,6.5,3,,0,0,100
2024/3/30 23:45,1006.4,74,0,6.5,3,,0,0,100
2024/4/1 0:00,1006.4,80.4,0,8.7,3.9,,0,0,100
2024/4/1 0:15,1006.4,80.3,0,8.6,3.9,,0,0,100
2024/4/1 0:30,1006.4,80.3,0,8.5,3.8,,0,0,100
2024/4/1 0:45,1006.4,80.5,0,8.4,3.8,,0,0,100
2024/4/1 1:00,1006.4,80.7,0,8.3,3.8,,0,0,100
2024/4/1 1:15,1006.4,81,0,8.3,3.7,,0,0,100
2024/4/1 1:30,1006.4,81.3,0,8.2,3.7,,0,0,100
2024/4/1 1:45,1006.4,81.8,0,8.2,3.7,,0,0,100
2024/4/1 2:00,1006.4,82.2,0,8.2,3.6,,0,0,100
2024/4/1 2:15,1006.4,82.4,0,8.1,3.6,,0,0,100
2024/4/1 2:30,1006.4,82.5,0,8.1,3.6,,0,0,100
2024/4/1 2:45,1006.4,82.7,0,8.1,3.5,,0,0,100
2024/4/1 3:00,1006.4,82.8,0,8.1,3.5,,0,0,100
2024/4/1 3:15,1006.4,82.9,0,8.1,3.4,,0,0,100
2024/4/1 3:30,1006.4,83.2,0,8.2,3.3,,0,0,100
2024/4/1 3:45,1006.4,83.5,0,8.2,3.3,,0,0,100
2024/4/1 4:00,1006.4,83.8,0,8.2,3.2,,0,0,100
2024/4/1 4:15,1006.4,84.1,0,8.2,3.2,,0,0,100
2024/4/1 4:30,1006.4,84.3,0,8.2,3.1,,0,0,100
2024/4/1 4:45,1006.4,84.7,0,8.2,3.1,,0,0,100
2024/4/1 5:00,1006.4,84.6,0,8.3,3,,0,0,100
2024/4/1 5:15,1006.4,85.1,0,8.2,3,,0,0,100
2024/4/1 5:30,1006.4,85.7,0,8.2,3,,0,0,100
2024/4/1 5:45,1006.4,85.7,0,8.3,3,,0,0,100
2024/4/1 6:00,1006.4,85.5,0,8.3,3,,9,1.31,100
2024/4/1 6:15,1006.4,85.4,0,8.3,3,,29,3.62,100
2024/4/1 6:30,1006.4,85.3,0,8.3,3,,58,6.76,100
2024/4/1 6:45,1006.4,85.3,0,8.4,3,,97,11.08,100
2024/4/1 7:00,1006.4,85.1,0,8.5,3,,140,16.14,100
2024/4/1 7:15,1006.4,84.6,0,8.7,3.1,,196,22.95,100
2024/4/1 7:30,1006.5,83.6,0,9.1,3.1,,248,29.8,100
2024/4/1 7:45,1006.5,82.6,0,9.6,3.2,,307,38.03,100
2024/4/1 8:00,1006.5,81.7,0,10.1,3.3,,356,45.24,100
2024/4/1 8:15,1006.5,80.4,0,10.6,3.4,,418,52.92,100
2024/4/1 8:30,1006.5,79.1,0,11.1,3.5,,467,60.25,100
2024/4/1 8:45,1006.5,77.6,0,11.5,3.6,,528,68.48,100
2024/4/1 9:00,1006.5,75.6,0,11.9,3.8,,574,75.36,100
2024/4/1 9:15,1006.5,73.4,0,12.3,4,,622,82.55,100
2024/4/1 9:30,1006.5,71.6,0,12.6,4.1,,648,87.61,100
2024/4/1 9:45,1006.5,70.6,0,12.9,4.3,,687,92.82,100
2024/4/1 10:00,1006.5,70.1,0,13.2,4.5,,711,97.23,100
2024/4/1 10:15,1006.5,69.4,0,13.4,4.7,,745,99.66,100
2024/4/1 10:30,1006.5,68.8,0,13.5,4.9,,776,100,100
2024/4/1 10:45,1006.5,68.8,0,13.5,5.1,,799,100,100
2024/4/1 11:00,1006.5,68.7,0,13.5,5.3,,818,100,100
2024/4/1 11:15,1006.5,69,0,13.6,5.5,,837,100,100
2024/4/1 11:30,1006.5,69.1,0,13.8,5.7,,849,100,100
2024/4/1 11:45,1006.5,69.1,0,13.9,5.9,,857,100,100
2024/4/1 12:00,1006.6,68.9,0,14,6.1,,859,100,100
2024/4/1 12:15,1006.6,69.2,0,14.1,6.3,,861,100,100
2024/4/1 12:30,1006.6,70.1,0,14.2,6.5,,865,100,100
2024/4/1 12:45,1006.6,70.4,0,14.3,6.7,,860,100,100
2024/4/1 13:00,1006.6,69.8,0,14.4,6.9,,841,100,100
2024/4/1 13:15,1006.6,69.8,0,14.6,7,,808,100,100
2024/4/1 13:30,1006.6,69.4,0,14.7,7.2,,785,100,100
2024/4/1 13:45,1006.6,69.2,0,14.7,7.3,,771,100,100
2024/4/1 14:00,1006.6,68.4,0,14.7,7.4,,761,98.71,100
2024/4/1 14:15,1006.6,66.3,0,14.7,7.5,,718,95.05,100
2024/4/1 14:30,1006.6,64,0,14.6,7.6,,682,89.73,100
2024/4/1 14:45,1006.6,62.2,0,14.5,7.6,,653,84.04,100
2024/4/1 15:00,1006.5,60.9,0,14.4,7.7,,624,78.37,100
2024/4/1 15:15,1006.5,59.7,0,14.3,7.7,,581,72.94,100
2024/4/1 15:30,1006.5,59.3,0,14.2,7.8,,529,66.21,100
2024/4/1 15:45,1006.5,59,0,14.1,7.8,,348,58.85,100
2024/4/1 16:00,1006.5,57.9,0,13.9,7.8,,447,53.12,100
2024/4/1 16:15,1006.5,57.6,0,13.7,7.8,,358,38.97,100
2024/4/1 16:30,1006.5,57.4,0,13.6,7.7,,229,12.93,100
2024/4/1 16:45,1006.5,58.6,0,13.4,7.7,,88,11.34,100
2024/4/1 17:00,1006.5,60.5,0,13.1,7.6,,121,12.89,100
2024/4/1 17:15,1006.5,62.5,0,12.9,7.5,,59,6.25,100
2024/4/1 17:30,1006.5,64.5,0,12.6,7.4,,53,6.42,100
2024/4/1 17:45,1006.5,66.1,0,12.2,7.3,,43,6.84,100
2024/4/1 18:00,1006.5,67.1,0,11.8,7.2,,30,2.98,100
2024/4/1 18:15,1006.5,68.4,0,11.5,7.1,,9,1.29,100
2024/4/1 18:30,1006.5,70.7,0,11.2,7,,0,0,100
2024/4/1 18:45,1006.5,73.6,0,10.9,6.9,,0,0,100
2024/4/1 19:00,1006.5,75.6,0,10.7,6.8,,0,0,100
2024/4/1 19:15,1006.5,75.9,0,10.5,6.7,,0,0,100
2024/4/1 19:30,1006.5,75.3,0,10.3,6.6,,0,0,100
2024/4/1 19:45,1006.5,74.4,0,10.1,6.4,,0,0,100
2024/4/1 20:00,1006.5,73.7,0,9.9,6.3,,0,0,100
2024/4/1 20:15,1006.5,73.3,0,9.7,6.2,,0,0,100
2024/4/1 20:30,1006.4,73.4,0,9.6,6.1,,0,0,100
2024/4/1 20:45,1006.4,73.8,0,9.4,6,,0,0,100
2024/4/1 21:00,1006.4,74.3,0,9.3,5.9,,0,0,100
2024/4/1 21:15,1006.4,74.6,0,9.2,5.8,,0,0,100
2024/4/1 21:30,1006.4,74.5,0,9.1,5.7,,0,0,100
2024/4/1 21:45,1006.4,74.2,0,9,5.6,,0,0,100
2024/4/1 22:00,1006.4,73.9,0,8.9,5.6,,0,0,100
2024/4/1 22:15,1006.4,73.8,0,8.8,5.5,,0,0,100
2024/4/1 22:30,1006.4,73.8,0,8.8,5.4,,0,0,100
2024/4/1 22:45,1006.4,73.7,0,8.7,5.3,,0,0,100
2024/4/1 23:00,1006.4,73.6,0,8.7,5.2,,0,0,100
2024/4/1 23:15,1006.4,73.5,0,8.6,5.1,,0,0,100
2024/4/1 23:30,1006.4,73.3,0,8.6,5,,0,0,100
2024/4/1 23:45,1006.4,73,0,8.6,4.9,,0,0,100
2024/4/2 0:00,1006.4,79.6,0,9.3,6.1,,0,0,100
2024/4/2 0:15,1006.4,80.1,0,9.3,6,,0,0,100
2024/4/2 0:30,1006.4,80.6,0,9.3,5.8,,0,0,100
2024/4/2 0:45,1006.4,81,0,9.3,5.6,,0,0,100
2024/4/2 1:00,1006.4,81.4,0,9.3,5.4,,0,0,100
2024/4/2 1:15,1006.4,81.8,0,9.4,5.2,,0,0,100
2024/4/2 1:30,1006.4,82.3,0,9.4,5,,0,0,100
2024/4/2 1:45,1006.4,82.7,0,9.4,4.8,,0,0,100
2024/4/2 2:00,1006.4,83.3,0,9.4,4.6,,0,0,100
2024/4/2 2:15,1006.4,83.8,0,9.4,4.4,,0,0,100
2024/4/2 2:30,1006.4,84.3,0,9.4,4.2,,0,0,100
2024/4/2 2:45,1006.4,84.7,0,9.5,4,,0,0,100
2024/4/2 3:00,1006.4,85,0,9.5,3.7,,0,0,100
2024/4/2 3:15,1006.4,85.2,0,9.6,3.5,,0,0,100
2024/4/2 3:30,1006.4,85.5,0,9.8,3.3,,0,0,100
2024/4/2 3:45,1006.4,86,0,9.9,3.1,,0,0,100
2024/4/2 4:00,1006.4,86.5,0,9.9,3,,0,0,100
2024/4/2 4:15,1006.4,87,0,9.9,2.8,,0,0,100
2024/4/2 4:30,1006.4,87.3,0,9.9,2.6,,0,0,100
2024/4/2 4:45,1006.4,87.3,0,9.9,2.5,,0,0,100
2024/4/2 5:00,1006.4,87.3,0,10,2.3,,0,0,100
2024/4/2 5:15,1006.4,87.7,0,10,2.2,,0,0,100
2024/4/2 5:30,1006.4,88.4,0,10,2,,0,0,100
2024/4/2 5:45,1006.4,88.9,0,10,1.9,,0,0,100
2024/4/2 6:00,1006.4,88.8,0,10,1.8,,1,0.64,100
2024/4/2 6:15,1006.4,88.4,0,10,1.7,,12,1.81,100
2024/4/2 6:30,1006.4,88.2,0,10,1.6,,28,3.52,100
2024/4/2 6:45,1006.4,88.1,0,10,1.5,,44,5.46,100
2024/4/2 7:00,1006.4,88,0,10,1.5,,57,7.38,100
2024/4/2 7:15,1006.4,87.9,0,10,1.4,,79,9.29,100
2024/4/2 7:30,1006.4,87.7,0,10.1,1.4,,95,11.32,100
2024/4/2 7:45,1006.4,87.4,0,10.2,1.5,,132,16.02,100
2024/4/2 8:00,1006.4,87.2,0,10.4,1.6,,174,21.93,100
2024/4/2 8:15,1006.4,86.8,0,10.6,1.7,,232,28.54,100
2024/4/2 8:30,1006.4,86.6,0,10.9,1.8,,251,33.14,100
2024/4/2 8:45,1006.4,86.4,0,11.1,1.9,,371,49.78,100
2024/4/2 9:00,1006.4,85.9,0,11.4,2.1,,443,62.68,100
2024/4/2 9:15,1006.4,85.5,0,11.6,2.2,,640,85.82,100
2024/4/2 9:30,1006.4,85.4,0,11.7,2.2,,707,92.44,100
2024/4/2 9:45,1006.4,85.1,0,11.7,2.3,,633,61.37,100
2024/4/2 10:00,1006.4,84.9,0,11.8,2.4,,900,82.45,100
2024/4/2 10:15,1006.4,85.5,0,11.8,2.5,,439,89.31,100
2024/4/2 10:30,1006.4,86.2,0,11.7,2.6,,616,95.18,100
2024/4/2 10:45,1006.4,86.1,0,11.6,2.7,,593,87.59,100
2024/4/2 11:00,1006.4,86.5,0,11.7,2.8,,728,100,100
2024/4/2 11:15,1006.4,86.8,0,11.7,2.9,,931,92,100
2024/4/2 11:30,1006.4,87.1,0,11.5,3.1,,562,98.36,100
2024/4/2 11:45,1006.4,86.7,0,11.5,3.2,,910,100,100
2024/4/2 12:00,1006.4,86.6,0,11.6,3.4,,881,100,100
2024/4/2 12:15,1006.4,87.1,0,11.7,3.6,,888,100,100
2024/4/2 12:30,1006.4,87.7,0,11.6,3.8,,876,100,100
2024/4/2 12:45,1006.4,87.1,0,11.8,3.9,,697,99.84,100
2024/4/2 13:00,1006.4,86.6,0,12.1,4.1,,696,85.53,100
2024/4/2 13:15,1006.4,86.5,0,12.3,4.2,,787,100,100
2024/4/2 13:30,1006.4,86.6,0,12.4,4.3,,775,100,100
2024/4/2 13:45,1006.4,87.1,0,12.3,4.4,,790,100,100
2024/4/2 14:00,1006.4,88.4,0,12,4.4,,785,89.89,100
2024/4/2 14:15,1006.4,89.3,0,11.7,4.5,,726,95.53,100
2024/4/2 14:30,1006.4,89.1,0,11.5,4.5,,667,81.26,100
2024/4/2 14:45,1006.4,88.5,0,11.5,4.5,,610,83.68,100
2024/4/2 15:00,1006.4,87.9,0,11.5,4.5,,642,50.51,100
2024/4/2 15:15,1006.4,87.3,0,11.7,4.6,,283,31.63,100
2024/4/2 15:30,1006.4,87.1,0,11.9,4.6,,171,20.06,100
2024/4/2 15:45,1006.4,87.3,0,11.9,4.6,,108,13.53,100
2024/4/2 16:00,1006.4,87.6,0,12,4.6,,100,11.36,100
2024/4/2 16:15,1006.4,87.9,0,11.9,4.6,,95,10.32,100
2024/4/2 16:30,1006.4,87.7,0,12.1,4.6,,83,12.64,100
2024/4/2 16:45,1006.4,87.7,0,12.3,4.6,,95,12.91,100
2024/4/2 17:00,1006.5,88.2,0,12.4,4.5,,64,6.05,100
2024/4/2 17:15,1006.5,89.1,0,12.3,4.5,,49,6.57,100
2024/4/2 17:30,1006.5,90.1,0,12.2,4.4,,22,3.21,100
2024/4/2 17:45,1006.5,90.6,0,12.2,4.3,,10,1.37,100
2024/4/2 18:00,1006.5,91.2,0,12.2,4.2,,4,0.95,100
2024/4/2 18:15,1006.5,92,0,12.3,4.2,,2,0.34,100
2024/4/2 18:30,1006.5,92.5,0,12.4,4.1,,0,0,100
2024/4/2 18:45,1006.5,92.8,0,12.5,4,,0,0,100
2024/4/2 19:00,1006.5,93,0,12.6,3.9,,0,0,100
2024/4/2 19:15,1006.5,92.9,0,12.7,3.9,,0,0,100
2024/4/2 19:30,1006.5,92.9,0,12.6,3.8,,0,0,100
2024/4/2 19:45,1006.5,93,0,12.6,3.7,,0,0,100
2024/4/2 20:00,1006.5,93.1,0,12.6,3.7,,0,0,100
2024/4/2 20:15,1006.5,93.3,0,12.5,3.7,,0,0,100
2024/4/2 20:30,1006.5,93.6,0,12.5,3.7,,0,0,100
2024/4/2 20:45,1006.5,93.9,0,12.4,3.7,,0,0,100
2024/4/2 21:00,1006.5,94.4,0,12.3,3.7,,0,0,100
2024/4/2 21:15,1006.5,95,0,12.2,3.7,,0,0,100
2024/4/2 21:30,1006.5,95.9,0.2,12.1,3.8,,0,0,100
2024/4/2 21:45,1006.5,96.4,0.2,12,3.8,,0,0,100
2024/4/2 22:00,1006.5,96.5,0.2,11.9,3.9,,0,0,100
2024/4/2 22:15,1006.5,96.5,0.2,11.9,4,,0,0,100
2024/4/2 22:30,1006.5,96.8,0.2,11.8,4.1,,0,0,100
2024/4/2 22:45,1006.5,97.3,0.2,11.6,4.1,,0,0,100
2024/4/2 23:00,1006.5,97.5,0.2,11.5,4.3,,0,0,100
2024/4/2 23:15,1006.4,97.6,0.2,11.4,4.4,,0,0,100
2024/4/2 23:30,1006.4,97.6,0.2,11.2,4.5,,0,0,100
2024/4/2 23:45,1006.4,97.8,0.2,11.1,4.6,,0,0,100
2024/4/3 0:00,1006.5,98.2,0,11.8,4.5,,0,0,100
2024/4/3 0:15,1006.5,98.4,0,11.6,4.6,,0,0,100
2024/4/3 0:30,1006.4,98.5,0,11.5,4.7,,0,0,100
2024/4/3 0:45,1006.4,98.3,0,11.4,4.8,,0,0,100
2024/4/3 1:00,1006.4,98.1,0,11.2,4.9,,0,0,100
2024/4/3 1:15,1006.4,98.2,0,11.1,5,,0,0,100
2024/4/3 1:30,1006.4,98.1,0,11,5,,0,0,100
2024/4/3 1:45,1006.4,97.9,0,10.9,5.1,,0,0,100
2024/4/3 2:00,1006.4,97.8,0,10.9,5.3,,0,0,100
2024/4/3 2:15,1006.4,97.9,0,10.8,5.4,,0,0,100
2024/4/3 2:30,1006.4,98.2,0.1,10.8,5.5,,0,0,100
2024/4/3 2:45,1006.4,98.3,0.2,10.8,5.7,,0,0,100
2024/4/3 3:00,1006.4,98.2,0.2,10.8,5.8,,0,0,100
2024/4/3 3:15,1006.4,97.9,0.2,10.8,6,,0,0,100
2024/4/3 3:30,1006.4,97.6,0.2,10.9,6.2,,0,0,100
2024/4/3 3:45,1006.4,97.4,0.3,10.9,6.3,,0,0,100
2024/4/3 4:00,1006.4,97.3,0.2,10.9,6.5,,0,0,100
2024/4/3 4:15,1006.4,97.1,0.3,10.8,6.6,,0,0,100
2024/4/3 4:30,1006.4,97,0.3,10.7,6.8,,0,0,100
2024/4/3 4:45,1006.4,97,0.3,10.6,6.9,,0,0,100
2024/4/3 5:00,1006.4,96.8,0.3,10.3,7.1,,0,0,100
2024/4/3 5:15,1006.4,96.1,0.3,10,7.2,,0,0,100
2024/4/3 5:30,1006.4,94.9,0.3,9.8,7.3,,0,0,100
2024/4/3 5:45,1006.4,94.1,0.3,9.7,7.4,,0,0,100
2024/4/3 6:00,1006.4,93.8,0.3,9.6,7.6,,3,0.64,100
2024/4/3 6:15,1006.4,92.9,0,9.6,7.8,,9,1.38,100
2024/4/3 6:30,1006.4,91.4,0,9.7,7.9,,13,2.01,100
2024/4/3 6:45,1006.4,89.4,0,9.7,8.1,,34,4.23,100
2024/4/3 7:00,1006.4,87.5,0,9.7,8.3,,42,5.04,100
2024/4/3 7:15,1006.4,86.1,0,9.6,8.4,,62,7.71,100
2024/4/3 7:30,1006.4,85.1,0,9.5,8.5,,88,11.4,100
2024/4/3 7:45,1006.4,84.2,0,9.5,8.6,,105,12.91,100
2024/4/3 8:00,1006.4,83.5,0,9.4,8.7,,134,18.87,100
2024/4/3 8:15,1006.4,83.1,0,9.4,8.8,,130,16.16,100
2024/4/3 8:30,1006.4,82.4,0,9.4,8.8,,205,19.36,100
2024/4/3 8:45,1006.4,82.2,0,9.4,8.8,,347,35.94,100
2024/4/3 9:00,1006.4,81.9,0,9.4,8.8,,203,23.35,100
2024/4/3 9:15,1006.4,81.7,0,9.4,8.9,,224,24.06,100
2024/4/3 9:30,1006.4,80.8,0,9.5,8.9,,369,37.59,100
2024/4/3 9:45,1006.4,79.7,0,9.7,8.9,,268,35.59,100
2024/4/3 10:00,1006.4,78.5,0,9.8,8.9,,271,34.51,100
2024/4/3 10:15,1006.4,77.3,0.1,9.9,8.9,,429,54.38,100
2024/4/3 10:30,1006.4,75.8,0,10.1,9,,401,52.62,100
2024/4/3 10:45,1006.4,74.2,0,10.2,9,,588,78.88,100
2024/4/3 11:00,1006.4,72.8,0,10.3,9,,557,88.97,100
2024/4/3 11:15,1006.5,71.7,0,10.4,9,,910,91.99,100
2024/4/3 11:30,1006.5,70.6,0,10.5,9,,891,100,100
2024/4/3 11:45,1006.5,69.9,0,10.5,9,,898,100,100
2024/4/3 12:00,1006.4,69.9,0,10.3,9,,904,100,100
2024/4/3 12:15,1006.4,69.8,0,10.1,8.9,,924,100,100
2024/4/3 12:30,1006.4,69.2,0,10,8.9,,921,100,100
2024/4/3 12:45,1006.4,68.9,0,9.9,8.9,,973,92.55,100
2024/4/3 13:00,1006.4,68.7,0,9.8,8.9,,512,63.47,100
2024/4/3 13:15,1006.4,68.4,0,9.7,8.8,,537,65.64,100
2024/4/3 13:30,1006.4,68.2,0,9.7,8.8,,414,49.15,100
2024/4/3 13:45,1006.4,68.3,0,9.6,8.8,,453,57.57,100
2024/4/3 14:00,1006.4,68.2,0,9.5,8.7,,345,47.94,100
2024/4/3 14:15,1006.4,68.4,0,9.5,8.7,,508,80.85,100
2024/4/3 14:30,1006.4,69,0.1,9.3,8.6,,979,95.26,100
2024/4/3 14:45,1006.4,68.9,0.1,9.2,8.6,,577,70.33,100
2024/4/3 15:00,1006.4,69.3,0,9.2,8.5,,390,48.94,100
2024/4/3 15:15,1006.4,69.5,0,9.1,8.4,,364,45.19,100
2024/4/3 15:30,1006.4,70.3,0,9,8.3,,312,33.55,100
2024/4/3 15:45,1006.4,70.7,0,8.9,8.2,,171,19.47,100
2024/4/3 16:00,1006.4,70,0,8.9,8,,148,15.3,100
2024/4/3 16:15,1006.4,69.9,0,8.9,7.8,,130,17.62,100
2024/4/3 16:30,1006.4,70.2,0,8.9,7.7,,156,14.13,100
2024/4/3 16:45,1006.4,70.7,0,8.8,7.5,,78,9.87,100
2024/4/3 17:00,1006.4,70.9,0,8.7,7.3,,96,10.43,100
2024/4/3 17:15,1006.4,70.9,0,8.6,7.1,,64,8.31,100
2024/4/3 17:30,1006.4,70.8,0,8.6,7,,60,7,100
2024/4/3 17:45,1006.4,70.8,0,8.5,6.8,,34,3.87,100
2024/4/3 18:00,1006.4,70.9,0,8.5,6.6,,18,2.42,100
2024/4/3 18:15,1006.5,71.4,0,8.4,6.4,,3,0.8,100
2024/4/3 18:30,1006.5,71.9,0,8.4,6.3,,0,0,100
2024/4/3 18:45,1006.5,72.3,0,8.4,6.1,,0,0,100
2024/4/3 19:00,1006.5,72.8,0,8.3,5.9,,0,0,100
2024/4/3 19:15,1006.5,73.2,0,8.3,5.8,,0,0,100
2024/4/3 19:30,1006.5,73.3,0,8.3,5.6,,0,0,100
2024/4/3 19:45,1006.5,73.3,0,8.3,5.4,,0,0,100
2024/4/3 20:00,1006.5,73.4,0,8.3,5.3,,0,0,100
2024/4/3 20:15,1006.5,73.5,0,8.3,5.1,,0,0,100
2024/4/3 20:30,1006.5,73.4,0,8.4,5,,0,0,100
2024/4/3 20:45,1006.5,73.4,0,8.4,4.8,,0,0,100
2024/4/3 21:00,1006.5,73.2,0,8.4,4.7,,0,0,100
2024/4/3 21:15,1006.5,73.1,0,8.4,4.6,,0,0,100
2024/4/3 21:30,1006.5,73.2,0,8.5,4.5,,0,0,100
2024/4/3 21:45,1006.5,73.3,0,8.5,4.4,,0,0,100
2024/4/3 22:00,1006.5,73.3,0,8.6,4.3,,0,0,100
2024/4/3 22:15,1006.5,73.3,0,8.6,4.2,,0,0,100
2024/4/3 22:30,1006.5,73.3,0,8.7,4.2,,0,0,100
2024/4/3 22:45,1006.5,73.3,0,8.7,4.2,,0,0,100
2024/4/3 23:00,1006.5,73.5,0,8.7,4.1,,0,0,100
2024/4/3 23:15,1006.5,73.7,0,8.7,4.1,,0,0,100
2024/4/3 23:30,1006.5,74,0,8.7,4.1,,0,0,100
2024/4/3 23:45,1006.5,74.8,0,8.8,4,,0,0,100
2024/4/4 0:00,1006.5,70.9,0,8.7,4.4,,0,0,100
2024/4/4 0:15,1006.5,71.6,0,8.6,4.3,,0,0,100
2024/4/4 0:30,1006.5,72.1,0,8.6,4.3,,0,0,100
2024/4/4 0:45,1006.5,72.4,0,8.6,4.3,,0,0,100
2024/4/4 1:00,1006.5,72.7,0,8.7,4.2,,0,0,100
2024/4/4 1:15,1006.5,73,0,8.7,4.1,,0,0,100
2024/4/4 1:30,1006.5,73.4,0,8.7,4.1,,0,0,100
2024/4/4 1:45,1006.5,74.1,0,8.7,4,,0,0,100
2024/4/4 2:00,1006.5,74.8,0,8.7,4,,0,0,100
2024/4/4 2:15,1006.5,75.4,0,8.6,3.9,,0,0,100
2024/4/4 2:30,1006.5,75.8,0,8.6,3.9,,0,0,100
2024/4/4 2:45,1006.5,76.3,0,8.6,3.8,,0,0,100
2024/4/4 3:00,1006.5,77,0,8.5,3.8,,0,0,100
2024/4/4 3:15,1006.5,77.7,0,8.4,3.8,,0,0,100
2024/4/4 3:30,1006.5,78.1,0,8.4,3.7,,0,0,100
2024/4/4 3:45,1006.5,78.1,0,8.4,3.7,,0,0,100
2024/4/4 4:00,1006.5,78.3,0,8.3,3.6,,0,0,100
2024/4/4 4:15,1006.5,79,0,8.3,3.6,,0,0,100
2024/4/4 4:30,1006.5,79.5,0,8.2,3.5,,0,0,100
2024/4/4 4:45,1006.5,79.6,0,8.2,3.5,,0,0,100
2024/4/4 5:00,1006.5,79.9,0,8.2,3.5,,0,0,100
2024/4/4 5:15,1006.5,80,0,8.2,3.6,,0,0,100
2024/4/4 5:30,1006.5,80.2,0,8.1,3.6,,0,0,100
2024/4/4 5:45,1006.5,80.6,0,8,3.6,,0,0.36,100
2024/4/4 6:00,1006.5,80.8,0,7.9,3.6,,7,1.31,100
2024/4/4 6:15,1006.5,80.8,0,7.9,3.7,,12,2.1,100
2024/4/4 6:30,1006.5,80.4,0,7.9,3.7,,8,1.28,100
2024/4/4 6:45,1006.5,79.6,0,8,3.7,,19,2.57,100
2024/4/4 7:00,1006.5,78.4,0,8.1,3.8,,27,3.32,100
2024/4/4 7:15,1006.5,77.1,0,8.4,3.8,,52,5.78,100
2024/4/4 7:30,1006.5,75.7,0,8.6,3.9,,69,7.39,100
2024/4/4 7:45,1006.5,74.4,0,8.7,3.9,,102,13.17,100
2024/4/4 8:00,1006.5,73.4,0,8.9,4,,167,19.83,100
2024/4/4 8:15,1006.5,72.8,0,9,4.1,,420,51.97,100
2024/4/4 8:30,1006.5,72.3,0,9.1,4.3,,531,69.49,100
2024/4/4 8:45,1006.5,71.9,0,9.3,4.4,,590,77.37,100
2024/4/4 9:00,1006.5,72.3,0,9.4,4.5,,620,83.83,100
2024/4/4 9:15,1006.5,72.5,0,9.5,4.7,,661,90.81,100
2024/4/4 9:30,1006.5,72.3,0,9.6,4.8,,697,96.61,100
2024/4/4 9:45,1006.5,72,0,9.8,5,,735,99.9,100
2024/4/4 10:00,1006.5,72.3,0,9.9,5.2,,765,100,100
2024/4/4 10:15,1006.5,73.1,0,9.9,5.3,,797,100,100
2024/4/4 10:30,1006.5,73.6,0,9.9,5.5,,825,100,100
2024/4/4 10:45,1006.5,73.6,0,9.9,5.6,,859,100,100
2024/4/4 11:00,1006.5,73.3,0,9.9,5.7,,876,100,100
2024/4/4 11:15,1006.5,72.6,0,9.9,5.8,,898,100,100
2024/4/4 11:30,1006.5,71.8,0,9.9,5.9,,914,100,100
2024/4/4 11:45,1006.5,70.8,0,9.9,6,,923,100,100
2024/4/4 12:00,1006.5,69.7,0,9.9,6.1,,931,100,100
2024/4/4 12:15,1006.5,69.1,0,9.8,6.2,,935,100,100
2024/4/4 12:30,1006.5,68.3,0,9.8,6.3,,928,100,100
2024/4/4 12:45,1006.5,66.1,0,9.7,6.4,,916,100,100
2024/4/4 13:00,1006.5,64.6,0,9.7,6.4,,901,100,100
2024/4/4 13:15,1006.5,63.4,0,9.6,6.5,,883,100,100
2024/4/4 13:30,1006.5,62.8,0,9.6,6.6,,823,100,100
2024/4/4 13:45,1006.5,62.9,0,9.6,6.6,,793,100,100
2024/4/4 14:00,1006.5,63.8,0,9.6,6.6,,786,100,100
2024/4/4 14:15,1006.5,64.3,0,9.6,6.6,,772,100,100
2024/4/4 14:30,1006.5,64.2,0,9.6,6.6,,736,98.5,100
2024/4/4 14:45,1006.5,64.3,0,9.5,6.6,,692,94.09,100
2024/4/4 15:00,1006.5,64.7,0,9.5,6.5,,663,89.68,100
2024/4/4 15:15,1006.5,65,0,9.4,6.5,,623,81.82,100
2024/4/4 15:30,1006.5,64.9,0,9.4,6.4,,573,74.25,100
2024/4/4 15:45,1006.5,64.5,0,9.4,6.3,,523,65.1,100
2024/4/4 16:00,1006.5,64.2,0,9.4,6.2,,450,59.74,100
2024/4/4 16:15,1006.5,64.2,0,9.3,6.1,,377,45.34,100
2024/4/4 16:30,1006.5,64.7,0,9.3,6,,292,38.55,100
2024/4/4 16:45,1006.5,65,0,9.2,5.9,,295,33.73,100
2024/4/4 17:00,1006.5,65.1,0,9.2,5.8,,234,24.74,100
2024/4/4 17:15,1006.5,65.4,0,9.2,5.6,,191,20.3,100
2024/4/4 17:30,1006.5,65.9,0,9.2,5.5,,153,16.06,100
2024/4/4 17:45,1006.5,66.5,0,9.1,5.3,,81,8.28,100
2024/4/4 18:00,1006.5,66.9,0,9.1,5.2,,41,4.5,100
2024/4/4 18:15,1006.5,67.2,0,9,5,,12,1.75,100
2024/4/4 18:30,1006.5,67,0,9,4.8,,0,0,100
2024/4/4 18:45,1006.5,67.1,0,9,4.7,,0,0,100
2024/4/4 19:00,1006.5,67.3,0,8.9,4.5,,0,0,100
2024/4/4 19:15,1006.5,67.4,0,8.9,4.3,,0,0,100
2024/4/4 19:30,1006.5,67.3,0,8.9,4.1,,0,0,100
2024/4/4 19:45,1006.5,67.2,0,8.8,3.9,,0,0,100
2024/4/4 20:00,1006.5,67.5,0,8.8,3.8,,0,0,100
2024/4/4 20:15,1006.5,68.2,0,8.8,3.6,,0,0,100
2024/4/4 20:30,1006.5,68.6,0,8.7,3.4,,0,0,100
2024/4/4 20:45,1006.5,68.8,0,8.7,3.3,,0,0,100
2024/4/4 21:00,1006.5,69.4,0,8.7,3.1,,0,0,100
2024/4/4 21:15,1006.5,70.2,0,8.6,3,,0,0,100
2024/4/4 21:30,1006.5,70.7,0,8.6,2.8,,0,0,100
2024/4/4 21:45,1006.5,71.2,0,8.6,2.7,,0,0,100
2024/4/4 22:00,1006.5,71.5,0,8.6,2.5,,0,0,100
2024/4/4 22:15,1006.5,71.8,0,8.6,2.4,,0,0,100
2024/4/4 22:30,1006.5,72,0,8.6,2.3,,0,0,100
2024/4/4 22:45,1006.5,72,0,8.6,2.2,,0,0,100
2024/4/4 23:00,1006.5,72,0,8.6,2.1,,0,0,100
2024/4/4 23:15,1006.5,71.6,0,8.5,2,,0,0,100
2024/4/4 23:30,1006.5,71,0,8.5,1.9,,0,0,100
2024/4/4 23:45,1006.5,70.3,0,8.5,1.8,,0,0,100
2024/4/5 0:00,1006.5,81.2,0,7.4,1.6,,0,0,100
2024/4/5 0:15,1006.5,80.8,0,7.4,1.5,,0,0,100
2024/4/5 0:30,1006.5,80.1,0,7.3,1.4,,0,0,100
2024/4/5 0:45,1006.5,79.4,0,7.3,1.4,,0,0,100
2024/4/5 1:00,1006.5,78.8,0,7.3,1.3,,0,0,100
2024/4/5 1:15,1006.5,78.3,0,7.3,1.2,,0,0,100
2024/4/5 1:30,1006.5,78,0,7.2,1.2,,0,0,100
2024/4/5 1:45,1006.5,77.7,0,7.2,1.1,,0,0,100
2024/4/5 2:00,1006.5,77.5,0,7.2,1.1,,0,0,100
2024/4/5 2:15,1006.5,77.2,0,7.1,1.1,,0,0,100
2024/4/5 2:30,1006.5,76.7,0,7.1,1.1,,0,0,100
2024/4/5 2:45,1006.5,76.3,0,7.1,1.1,,0,0,100
2024/4/5 3:00,1006.5,76,0,7.1,1.1,,0,0,100
2024/4/5 3:15,1006.5,75.7,0,7.1,1.1,,0,0,100
2024/4/5 3:30,1006.5,75.2,0,7,1.1,,0,0,100
2024/4/5 3:45,1006.5,74.4,0,6.9,1.1,,0,0,100
2024/4/5 4:00,1006.5,73.5,0,6.9,1.1,,0,0,100
2024/4/5 4:15,1006.5,72.5,0,6.9,1.1,,0,0,100
2024/4/5 4:30,1006.5,71.7,0,6.8,1.2,,0,0,100
2024/4/5 4:45,1006.5,71.2,0,6.8,1.2,,0,0,100
2024/4/5 5:00,1006.5,71,0,6.7,1.2,,0,0,100
2024/4/5 5:15,1006.5,70.7,0,6.7,1.2,,0,0,100
2024/4/5 5:30,1006.5,70.3,0,6.6,1.2,,0,0,100
2024/4/5 5:45,1006.5,69.5,0,6.6,1.2,,0,0.7,100
2024/4/5 6:00,1006.5,68.6,0,6.5,1.3,,17,2.27,100
2024/4/5 6:15,1006.5,67.5,0,6.5,1.3,,47,5.22,100
2024/4/5 6:30,1006.5,66.3,0,6.6,1.3,,79,8.74,100
2024/4/5 6:45,1006.5,65.1,0,6.6,1.3,,131,14.27,100
2024/4/5 7:00,1006.5,63.9,0,6.8,1.3,,177,20.03,100
2024/4/5 7:15,1006.5,62.9,0,7,1.3,,235,27.15,100
2024/4/5 7:30,1006.5,62.6,0,7.3,1.3,,280,33.11,100
2024/4/5 7:45,1006.5,62.8,0,7.6,1.3,,340,41.39,100
2024/4/5 8:00,1006.5,63,0,8,1.3,,395,48.48,100
2024/4/5 8:15,1006.5,61.6,0,8.5,1.2,,450,56.39,100
2024/4/5 8:30,1006.5,59.9,0,8.9,1.2,,494,62.67,100
2024/4/5 8:45,1006.5,58.1,0,9.3,1.2,,547,70.16,100
2024/4/5 9:00,1006.5,56.4,0,9.6,1.2,,585,76.39,100
2024/4/5 9:15,1006.5,53.8,0,9.9,1.2,,633,83.43,100
2024/4/5 9:30,1006.5,52.3,0,10.2,1.2,,665,88.71,100
2024/4/5 9:45,1006.5,49.5,0,10.5,1.1,,696,93.66,100
2024/4/5 10:00,1006.5,47.9,0,10.9,1.1,,726,97.94,100
2024/4/5 10:15,1006.5,45.6,0,11.2,1.1,,761,99.8,100
2024/4/5 10:30,1006.6,44.7,0,11.4,1.1,,785,100,100
2024/4/5 10:45,1006.6,44.2,0,11.7,1.2,,812,100,100
2024/4/5 11:00,1006.6,44.1,0,11.9,1.2,,829,100,100
2024/4/5 11:15,1006.6,43.8,0,12.1,1.2,,845,100,100
2024/4/5 11:30,1006.6,43.4,0,12.2,1.2,,871,100,100
2024/4/5 11:45,1006.6,43.3,0,12.4,1.2,,881,100,100
2024/4/5 12:00,1006.6,43.4,0,12.6,1.3,,899,100,100
2024/4/5 12:15,1006.6,43.8,0,12.7,1.3,,901,99.37,100
2024/4/5 12:30,1006.6,44.1,0,12.9,1.3,,901,100,100
2024/4/5 12:45,1006.6,44.1,0,13.1,1.4,,749,100,100
2024/4/5 13:00,1006.6,44.1,0,13.2,1.4,,830,100,100
2024/4/5 13:15,1006.6,44.3,0,13.3,1.5,,815,100,100
2024/4/5 13:30,1006.6,44.6,0,13.5,1.6,,801,100,100
2024/4/5 13:45,1006.6,44.8,0,13.6,1.6,,796,100,100
2024/4/5 14:00,1006.6,45,0,13.6,1.7,,760,99.89,100
2024/4/5 14:15,1006.6,45.1,0,13.7,1.8,,735,96.47,100
2024/4/5 14:30,1006.6,45,0,13.9,1.9,,697,90.02,100
2024/4/5 14:45,1006.6,45.3,0,14,2,,548,73.06,100
2024/4/5 15:00,1006.6,45.8,0,14.1,2,,448,59.84,100
2024/4/5 15:15,1006.6,46.4,0,14.3,2.1,,452,62.02,100
2024/4/5 15:30,1006.6,47.2,0,14.4,2.2,,378,48.04,100
2024/4/5 15:45,1006.6,48.1,0,14.6,2.3,,347,43.92,100
2024/4/5 16:00,1006.6,49.6,0,14.6,2.4,,318,37.47,100
2024/4/5 16:15,1006.6,51.2,0,14.6,2.5,,234,27.51,100
2024/4/5 16:30,1006.6,52.5,0,14.5,2.6,,207,23.14,100
2024/4/5 16:45,1006.6,53.2,0,14.5,2.7,,161,20.06,100
2024/4/5 17:00,1006.6,54.3,0,14.4,2.7,,146,16.39,100
2024/4/5 17:15,1006.6,55.8,0,14.4,2.8,,92,10.5,100
2024/4/5 17:30,1006.6,57.8,0,14.4,2.9,,68,8.08,100
2024/4/5 17:45,1006.6,60.1,0,14.2,3,,46,5.56,100
2024/4/5 18:00,1006.6,62.3,0,13.9,3.2,,29,3.66,100
2024/4/5 18:15,1006.6,64.8,0,13.8,3.3,,7,1.28,100
2024/4/5 18:30,1006.6,67,0,13.5,3.4,,0,0,100
2024/4/5 18:45,1006.6,68.9,0,13.2,3.5,,0,0,100
2024/4/5 19:00,1006.6,70.2,0,13,3.7,,0,0,100
2024/4/5 19:15,1006.6,71.4,0,12.8,3.8,,0,0,100
2024/4/5 19:30,1006.6,72.1,0,12.7,3.9,,0,0,100
2024/4/5 19:45,1006.6,72.3,0,12.5,4,,0,0,100
2024/4/5 20:00,1006.6,72.7,0,12.4,4.1,,0,0,100
2024/4/5 20:15,1006.6,73.7,0,12.2,4.2,,0,0,100
2024/4/5 20:30,1006.6,74.9,0,11.9,4.2,,0,0,100
2024/4/5 20:45,1006.6,78,0,11.6,4.3,,0,0,100
2024/4/5 21:00,1006.6,81.8,0,11.4,4.4,,0,0,100
2024/4/5 21:15,1006.6,84.4,0,11.3,4.4,,0,0,100
2024/4/5 21:30,1006.6,85.6,0,11.1,4.5,,0,0,100
2024/4/5 21:45,1006.6,85.6,0,11,4.5,,0,0,100
2024/4/5 22:00,1006.6,85.1,0,10.8,4.6,,0,0,100
2024/4/5 22:15,1006.6,85.1,0,10.7,4.6,,0,0,100
2024/4/5 22:30,1006.5,84.6,0,10.5,4.7,,0,0,100
2024/4/5 22:45,1006.5,84.2,0,10.4,4.7,,0,0,100
2024/4/5 23:00,1006.5,83.7,0,10.3,4.7,,0,0,100
2024/4/5 23:15,1006.5,82.6,0,10.2,4.7,,0,0,100
2024/4/5 23:30,1006.5,81.4,0,10.1,4.7,,0,0,100
2024/4/5 23:45,1006.5,80.7,0,10,4.7,,0,0,100
2024/4/6 0:00,1006.5,80.4,0,9.6,4.9,,0,0,100
2024/4/6 0:15,1006.5,80.2,0,9.6,4.8,,0,0,100
2024/4/6 0:30,1006.5,80.5,0,9.5,4.8,,0,0,100
2024/4/6 0:45,1006.5,81.3,0,9.5,4.7,,0,0,100
2024/4/6 1:00,1006.5,82.3,0,9.5,4.6,,0,0,100
2024/4/6 1:15,1006.5,83.1,0,9.4,4.6,,0,0,100
2024/4/6 1:30,1006.5,83.7,0,9.3,4.5,,0,0,100
2024/4/6 1:45,1006.5,84.2,0,9.3,4.5,,0,0,100
2024/4/6 2:00,1006.5,84.5,0,9.2,4.4,,0,0,100
2024/4/6 2:15,1006.5,84.9,0,9.2,4.3,,0,0,100
2024/4/6 2:30,1006.5,85.2,0,9.1,4.3,,0,0,100
2024/4/6 2:45,1006.5,85.6,0,9.1,4.2,,0,0,100
2024/4/6 3:00,1006.5,86.1,0,9,4.1,,0,0,100
2024/4/6 3:15,1006.5,86.4,0,9,4.1,,0,0,100
2024/4/6 3:30,1006.5,86.7,0,9,4,,0,0,100
2024/4/6 3:45,1006.5,86.9,0,9,4,,0,0,100
2024/4/6 4:00,1006.5,86.9,0,9,3.9,,0,0,100
2024/4/6 4:15,1006.5,87.1,0,9,3.9,,0,0,100
2024/4/6 4:30,1006.5,87.1,0,8.9,3.9,,0,0,100
2024/4/6 4:45,1006.5,87.1,0,8.9,3.8,,0,0,100
2024/4/6 5:00,1006.5,87.1,0,8.9,3.8,,0,0,100
2024/4/6 5:15,1006.5,86.8,0,8.9,3.8,,0,0,100
2024/4/6 5:30,1006.5,86.5,0,8.9,3.8,,0,0,100
2024/4/6 5:45,1006.5,86.3,0,8.9,3.8,,0,0.38,100
2024/4/6 6:00,1006.5,86,0,8.9,3.8,,11,1.69,100
2024/4/6 6:15,1006.5,85.5,0,8.9,3.8,,24,3.25,100
2024/4/6 6:30,1006.5,85.1,0,9,3.8,,39,4.75,100
2024/4/6 6:45,1006.5,84.4,0,9.1,3.7,,81,10.35,100
2024/4/6 7:00,1006.5,84,0,9.2,3.7,,145,17.24,100
2024/4/6 7:15,1006.5,83.8,0,9.4,3.6,,135,15.36,100
2024/4/6 7:30,1006.5,83.7,0,9.6,3.6,,106,12.63,100
2024/4/6 7:45,1006.5,83.3,0,9.9,3.5,,269,33.58,100
2024/4/6 8:00,1006.5,82.5,0,10.3,3.4,,329,43.05,100
2024/4/6 8:15,1006.5,80.5,0,10.6,3.3,,321,42.23,100
2024/4/6 8:30,1006.6,79.7,0,11,3.3,,462,57.2,100
2024/4/6 8:45,1006.6,79.4,0,11.4,3.2,,512,64.03,100
2024/4/6 9:00,1006.6,79,0,11.9,3.1,,558,71.04,100
2024/4/6 9:15,1006.6,77.6,0,12.4,3,,600,78.32,100
2024/4/6 9:30,1006.6,75.5,0,12.9,2.9,,637,83.76,100
2024/4/6 9:45,1006.6,74,0,13.4,2.8,,675,89.6,100
2024/4/6 10:00,1006.6,73.7,0,13.9,2.6,,705,94.57,100
2024/4/6 10:15,1006.6,73.2,0,14.3,2.5,,737,97.63,100
2024/4/6 10:30,1006.6,72,0,14.6,2.4,,764,99.41,100
2024/4/6 10:45,1006.6,70.1,0,14.9,2.3,,780,100,100
2024/4/6 11:00,1006.6,69,0,15.1,2.2,,812,100,100
2024/4/6 11:15,1006.6,68.2,0,15.3,2.1,,832,100,100
2024/4/6 11:30,1006.6,67.3,0,15.5,2,,850,100,100
2024/4/6 11:45,1006.6,66.2,0,15.7,1.9,,858,100,100
2024/4/6 12:00,1006.6,64.9,0,15.9,1.9,,873,100,100
2024/4/6 12:15,1006.6,63.9,0,16,1.8,,863,100,100
2024/4/6 12:30,1006.6,62.9,0,16.1,1.7,,841,100,100
2024/4/6 12:45,1006.6,61.9,0,16.2,1.6,,825,100,100
2024/4/6 13:00,1006.6,61.2,0,16.3,1.6,,819,100,100
2024/4/6 13:15,1006.6,60.8,0,16.4,1.5,,818,100,100
2024/4/6 13:30,1006.6,60.4,0,16.4,1.5,,776,96.92,100
2024/4/6 13:45,1006.6,59.2,0,16.4,1.5,,793,97.77,100
2024/4/6 14:00,1006.6,57.6,0,16.4,1.4,,725,92.38,100
2024/4/6 14:15,1006.6,56.4,0,16.4,1.4,,678,85.48,100
2024/4/6 14:30,1006.6,55.7,0,16.4,1.5,,613,81.18,100
2024/4/6 14:45,1006.6,55.7,0,16.3,1.5,,630,79.74,100
2024/4/6 15:00,1006.6,56.2,0,16.2,1.6,,600,73.95,100
2024/4/6 15:15,1006.6,56.6,0,16.1,1.7,,540,67.28,100
2024/4/6 15:30,1006.6,56.9,0,16,1.8,,487,62.39,100
2024/4/6 15:45,1006.6,57.2,0,15.9,1.8,,470,55.73,100
2024/4/6 16:00,1006.6,57.6,0,15.9,1.9,,414,48.38,100
2024/4/6 16:15,1006.6,58.1,0,15.9,2,,344,37.02,100
2024/4/6 16:30,1006.6,58.5,0,15.9,2,,249,28.89,100
2024/4/6 16:45,1006.6,59.1,0,16,2.1,,169,17.46,100
2024/4/6 17:00,1006.6,59.8,0,16.1,2.2,,164,18.02,100
2024/4/6 17:15,1006.6,61.3,0,16,2.2,,139,15.37,100
2024/4/6 17:30,1006.6,64.1,0,15.9,2.3,,80,8.3,100
2024/4/6 17:45,1006.6,65.6,0,15.7,2.4,,54,5.88,100
2024/4/6 18:00,1006.6,65.9,0,15.4,2.5,,51,5.58,100
2024/4/6 18:15,1006.6,68,0,15.2,2.6,,17,2.22,100
2024/4/6 18:30,1006.6,71.1,0,14.9,2.7,,0,0,100
2024/4/6 18:45,1006.6,72.6,0,14.7,2.8,,0,0,100
2024/4/6 19:00,1006.6,73,0,14.5,3,,0,0,100
2024/4/6 19:15,1006.6,73.6,0,14.3,3.1,,0,0,100
2024/4/6 19:30,1006.6,74.9,0,14.2,3.2,,0,0,100
2024/4/6 19:45,1006.6,75.8,0,14,3.4,,0,0,100
2024/4/6 20:00,1006.6,76.7,0,13.8,3.5,,0,0,100
2024/4/6 20:15,1006.6,78.5,0,13.5,3.6,,0,0,100
2024/4/6 20:30,1006.6,80,0,13.4,3.7,,0,0,100
2024/4/6 20:45,1006.6,80.8,0,13.3,3.8,,0,0,100
2024/4/6 21:00,1006.6,83,0,13.2,3.9,,0,0,100
2024/4/6 21:15,1006.6,87.1,0,12.9,4,,0,0,100
2024/4/6 21:30,1006.6,91.4,0,12.5,4,,0,0,100
2024/4/6 21:45,1006.6,92.9,0,12.1,4.1,,0,0,100
2024/4/6 22:00,1006.6,93.6,0,11.9,4.2,,0,0,100
2024/4/6 22:15,1006.6,94.1,0,11.7,4.2,,0,0,100
2024/4/6 22:30,1006.5,94.3,0,11.6,4.3,,0,0,100
2024/4/6 22:45,1006.5,93.9,0,11.5,4.4,,0,0,100
2024/4/6 23:00,1006.5,93.3,0,11.4,4.4,,0,0,100
2024/4/6 23:15,1006.5,93.1,0,11.3,4.5,,0,0,100
2024/4/6 23:30,1006.5,93,0,11.1,4.5,,0,0,100
2024/4/6 23:45,1006.5,92.6,0,11,4.5,,0,0,100
2024/4/7 0:00,1006.5,95.2,0,12.3,4.2,,0,0,100
2024/4/7 0:15,1006.5,95.4,0,12.1,4.2,,0,0,100
2024/4/7 0:30,1006.5,95.6,0,12,4.1,,0,0,100
2024/4/7 0:45,1006.5,95.7,0,11.9,4.1,,0,0,100
2024/4/7 1:00,1006.5,95.9,0,11.8,4,,0,0,100
2024/4/7 1:15,1006.5,96,0,11.7,4,,0,0,100
2024/4/7 1:30,1006.5,96.2,0,11.6,3.9,,0,0,100
2024/4/7 1:45,1006.5,96.5,0,11.6,3.9,,0,0,100
2024/4/7 2:00,1006.5,96.8,0,11.5,3.8,,0,0,100
2024/4/7 2:15,1006.5,97.1,0,11.3,3.8,,0,0,100
2024/4/7 2:30,1006.5,97.3,0,11.2,3.8,,0,0,100
2024/4/7 2:45,1006.5,97.4,0,11.1,3.7,,0,0,100
2024/4/7 3:00,1006.5,97.4,0,11,3.7,,0,0,100
2024/4/7 3:15,1006.5,97.4,0,10.9,3.6,,0,0,100
2024/4/7 3:30,1006.5,97.4,0,10.8,3.6,,0,0,100
2024/4/7 3:45,1006.5,97.4,0,10.8,3.6,,0,0,100
2024/4/7 4:00,1006.5,97.5,0,10.7,3.5,,0,0,100
2024/4/7 4:15,1006.5,97.6,0,10.6,3.5,,0,0,100
2024/4/7 4:30,1006.5,97.7,0,10.5,3.4,,0,0,100
2024/4/7 4:45,1006.5,97.8,0,10.5,3.4,,0,0,100
2024/4/7 5:00,1006.5,97.8,0,10.4,3.3,,0,0,100
2024/4/7 5:15,1006.5,97.8,0,10.4,3.3,,0,0,100
2024/4/7 5:30,1006.5,97.7,0,10.3,3.2,,0,0,100
2024/4/7 5:45,1006.5,97.5,0,10.3,3.2,,2,0.8,100
2024/4/7 6:00,1006.5,97.4,0,10.3,3.1,,19,2.54,100
2024/4/7 6:15,1006.5,97.2,0,10.3,3.1,,45,5.27,100
2024/4/7 6:30,1006.5,97,0,10.3,3,,90,10.15,100
2024/4/7 6:45,1006.5,96.7,0,10.4,3,,145,15.32,100
2024/4/7 7:00,1006.5,96.4,0,10.4,3,,197,21.45,100
2024/4/7 7:15,1006.5,96.1,0,10.6,2.9,,200,23.32,100
2024/4/7 7:30,1006.5,95.7,0,10.8,2.9,,227,29.58,100
2024/4/7 7:45,1006.5,95.3,0,11.1,2.8,,285,37.03,100
2024/4/7 8:00,1006.5,94.9,0,11.4,2.7,,356,41.06,100
2024/4/7 8:15,1006.5,94.2,0,11.7,2.7,,374,47.88,100
2024/4/7 8:30,1006.5,93.6,0,12,2.6,,424,58.74,100
2024/4/7 8:45,1006.5,93.4,0,12.3,2.5,,523,65.98,100
2024/4/7 9:00,1006.6,92.9,0,12.7,2.4,,577,71.83,100
2024/4/7 9:15,1006.6,92.3,0,13.2,2.3,,624,78.68,100
2024/4/7 9:30,1006.6,91.2,0,13.8,2.2,,678,85.66,100
2024/4/7 9:45,1006.6,88,0,14.6,2.2,,688,90.69,100
2024/4/7 10:00,1006.6,83.6,0,15.1,2.1,,708,94.92,100
2024/4/7 10:15,1006.6,79.4,0,15.7,2,,756,98.33,100
2024/4/7 10:30,1006.6,77.7,0,16.2,2,,724,97.67,100
2024/4/7 10:45,1006.6,74.1,0,16.6,1.9,,818,100,100
2024/4/7 11:00,1006.6,70.3,0,16.9,1.9,,837,100,100
2024/4/7 11:15,1006.6,67.7,0,17.2,1.8,,877,100,100
2024/4/7 11:30,1006.6,66,0,17.4,1.8,,892,100,100
2024/4/7 11:45,1006.6,64.7,0,17.5,1.7,,889,100,100
2024/4/7 12:00,1006.6,63.9,0,17.6,1.7,,893,100,100
2024/4/7 12:15,1006.6,62.7,0,17.7,1.6,,894,100,100
2024/4/7 12:30,1006.6,60.8,0,17.8,1.6,,888,100,100
2024/4/7 12:45,1006.6,58.7,0,17.9,1.6,,859,100,100
2024/4/7 13:00,1006.6,57,0,17.9,1.7,,847,100,100
2024/4/7 13:15,1006.6,55.5,0,18,1.7,,836,100,100
2024/4/7 13:30,1006.6,54.4,0,18,1.7,,815,100,100
2024/4/7 13:45,1006.6,53.8,0,18,1.8,,797,99.83,100
2024/4/7 14:00,1006.6,53.5,0,18.1,1.8,,755,93.71,100
2024/4/7 14:15,1006.6,53.4,0,18.3,1.9,,715,94.41,100
2024/4/7 14:30,1006.6,53.1,0,18.4,2,,689,91.13,100
2024/4/7 14:45,1006.6,53.1,0,18.5,2,,657,84.71,100
2024/4/7 15:00,1006.6,53.6,0,18.6,2.1,,615,76.34,100
2024/4/7 15:15,1006.6,54.3,0,18.7,2.2,,587,72.54,100
2024/4/7 15:30,1006.6,53.9,0,18.6,2.3,,538,65.45,100
2024/4/7 15:45,1006.6,52.3,0,18.5,2.3,,503,58.3,100
2024/4/7 16:00,1006.6,52.7,0,18.4,2.4,,464,52.57,100
2024/4/7 16:15,1006.6,55.3,0,18.4,2.5,,267,31.47,100
2024/4/7 16:30,1006.6,58.9,0,18.4,2.5,,267,30.17,100
2024/4/7 16:45,1006.6,62.6,0,18.3,2.6,,279,30.32,100
2024/4/7 17:00,1006.6,65.5,0,18.2,2.7,,174,19.26,100
2024/4/7 17:15,1006.6,66.9,0,18,2.8,,91,10.23,100
2024/4/7 17:30,1006.6,68.1,0,17.8,3,,93,10.66,100
2024/4/7 17:45,1006.6,70.5,0,17.6,3.1,,53,6.28,100
2024/4/7 18:00,1006.6,73.4,0,17.3,3.2,,26,3.49,100
2024/4/7 18:15,1006.6,76,0,17.1,3.3,,4,0.96,100
2024/4/7 18:30,1006.6,77.4,0,16.9,3.4,,0,0.33,100
2024/4/7 18:45,1006.6,78.3,0,16.7,3.5,,0,0,100
2024/4/7 19:00,1006.6,79.8,0,16.4,3.5,,0,0,100
2024/4/7 19:15,1006.6,82,0,16.2,3.6,,0,0,100
2024/4/7 19:30,1006.6,84.5,0,15.8,3.7,,0,0,100
2024/4/7 19:45,1006.6,85.1,0,15.5,3.8,,0,0,100
2024/4/7 20:00,1006.6,84.8,0,15.2,3.8,,0,0,100
2024/4/7 20:15,1006.6,85.3,0,14.9,3.9,,0,0,100
2024/4/7 20:30,1006.6,85.2,0,14.6,4,,0,0,100
2024/4/7 20:45,1006.6,84.8,0,14.4,4.1,,0,0,100
2024/4/7 21:00,1006.6,85,0,14.1,4.1,,0,0,100
2024/4/7 21:15,1006.6,85,0,14,4.2,,0,0,100
2024/4/7 21:30,1006.6,85.1,0,13.8,4.2,,0,0,100
2024/4/7 21:45,1006.6,85.2,0,13.7,4.3,,0,0,100
2024/4/7 22:00,1006.6,85.1,0,13.6,4.3,,0,0,100
2024/4/7 22:15,1006.6,85.3,0,13.4,4.4,,0,0,100
2024/4/7 22:30,1006.6,85.2,0,13.3,4.4,,0,0,100
2024/4/7 22:45,1006.6,84.6,0,13.2,4.4,,0,0,100
2024/4/7 23:00,1006.6,84.1,0,13.1,4.4,,0,0,100
2024/4/7 23:15,1006.6,83.8,0,13,4.4,,0,0,100
2024/4/7 23:30,1006.6,83.6,0,13,4.4,,0,0,100
2024/4/7 23:45,1006.6,83.7,0,12.9,4.4,,0,0,100
2024/4/8 0:00,1006.6,96,0,14.7,3.1,,0,0,100
2024/4/8 0:15,1006.6,95.7,0,14.7,3.1,,0,0,100
2024/4/8 0:30,1006.6,95.6,0,14.6,3.1,,0,0,100
2024/4/8 0:45,1006.6,95.4,0,14.6,3.1,,0,0,100
2024/4/8 1:00,1006.6,95.3,0,14.5,3.1,,0,0,100
2024/4/8 1:15,1006.6,95.3,0,14.5,3.1,,0,0,100
2024/4/8 1:30,1006.6,95.3,0,14.4,3.1,,0,0,100
2024/4/8 1:45,1006.6,95.2,0,14.3,3.1,,0,0,100
2024/4/8 2:00,1006.6,95,0,14.3,3.1,,0,0,100
2024/4/8 2:15,1006.6,94.8,0,14.2,3,,0,0,100
2024/4/8 2:30,1006.6,94.9,0,14.2,3,,0,0,100
2024/4/8 2:45,1006.6,94.9,0,14.1,2.9,,0,0,100
2024/4/8 3:00,1006.6,94.9,0,14.1,2.8,,0,0,100
2024/4/8 3:15,1006.6,94.9,0,14,2.8,,0,0,100
2024/4/8 3:30,1006.6,95.1,0,13.9,2.7,,0,0,100
2024/4/8 3:45,1006.6,95.5,0,13.9,2.6,,0,0,100
2024/4/8 4:00,1006.6,95.8,0,13.8,2.5,,0,0,100
2024/4/8 4:15,1006.6,96,0,13.7,2.5,,0,0,100
2024/4/8 4:30,1006.6,96.3,0,13.7,2.4,,0,0,100
2024/4/8 4:45,1006.6,96.6,0,13.7,2.3,,0,0,100
2024/4/8 5:00,1006.6,96.8,0,13.6,2.2,,0,0,100
2024/4/8 5:15,1006.6,96.9,0,13.6,2.2,,0,0,100
2024/4/8 5:30,1006.6,96.9,0,13.6,2.1,,0,0,100
2024/4/8 5:45,1006.6,96.9,0,13.6,2,,1,0.64,100
2024/4/8 6:00,1006.6,96.9,0,13.6,1.9,,14,1.88,100
2024/4/8 6:15,1006.6,96.8,0,13.6,1.9,,45,5.29,100
2024/4/8 6:30,1006.6,96.6,0,13.6,1.8,,101,10.82,100
2024/4/8 6:45,1006.6,96.4,0,13.5,1.8,,136,14.22,100
2024/4/8 7:00,1006.6,96.2,0,13.5,1.8,,148,16.79,100
2024/4/8 7:15,1006.6,96.1,0,13.4,1.8,,201,24.28,100
2024/4/8 7:30,1006.6,96,0,13.4,1.9,,240,29.33,100
2024/4/8 7:45,1006.6,96,0,13.4,1.9,,314,36.85,100
2024/4/8 8:00,1006.6,96,0,13.4,1.9,,369,43.04,100
2024/4/8 8:15,1006.6,96,0,13.5,2,,413,49.95,100
2024/4/8 8:30,1006.6,96.3,0,13.5,2.1,,465,55.91,100
2024/4/8 8:45,1006.6,96.5,0,13.4,2.2,,506,63.62,100
2024/4/8 9:00,1006.6,96.7,0,13.2,2.3,,556,69.83,100
2024/4/8 9:15,1006.6,97.4,0,13,2.4,,618,75.77,100
2024/4/8 9:30,1006.6,98.4,0,12.9,2.6,,641,85.69,100
2024/4/8 9:45,1006.6,99,0,12.7,2.7,,656,86.61,100
2024/4/8 10:00,1006.6,98.9,0,12.7,2.9,,593,88.49,100
2024/4/8 10:15,1006.6,98.5,0,12.6,3.1,,651,99.43,100
2024/4/8 10:30,1006.6,98.3,0,12.4,3.3,,774,100,100
2024/4/8 10:45,1006.5,98.3,0,12.3,3.5,,796,100,100
2024/4/8 11:00,1006.5,98.3,0,12.2,3.7,,825,100,100
2024/4/8 11:15,1006.5,98.3,0,12.1,3.9,,840,100,100
2024/4/8 11:30,1006.5,98.3,0,12,4.1,,850,100,100
2024/4/8 11:45,1006.5,97.1,0,11.9,4.3,,865,100,100
2024/4/8 12:00,1006.5,96.1,0,11.8,4.5,,882,100,100
2024/4/8 12:15,1006.5,95.3,0,11.8,4.7,,884,100,100
2024/4/8 12:30,1006.5,93.2,0,11.8,4.8,,886,100,100
2024/4/8 12:45,1006.5,91.8,0,11.7,5,,885,100,100
2024/4/8 13:00,1006.5,90.8,0,11.6,5.2,,865,100,100
2024/4/8 13:15,1006.5,90.5,0,11.6,5.3,,841,100,100
2024/4/8 13:30,1006.5,90.2,0,11.5,5.5,,818,100,100
2024/4/8 13:45,1006.5,89.5,0,11.5,5.6,,794,100,100
2024/4/8 14:00,1006.5,89.1,0,11.5,5.8,,757,99.92,100
2024/4/8 14:15,1006.5,89,0,11.4,5.9,,728,97.96,100
2024/4/8 14:30,1006.5,88.8,0,11.4,6,,699,93.62,100
2024/4/8 14:45,1006.5,88.5,0,11.4,6.1,,666,87.73,100
2024/4/8 15:00,1006.5,88.4,0,11.3,6.2,,628,82.39,100
2024/4/8 15:15,1006.5,87.7,0,11.3,6.3,,586,75.64,100
2024/4/8 15:30,1006.5,87.7,0,11.2,6.3,,542,69.39,100
2024/4/8 15:45,1006.5,87.6,0,11.1,6.4,,493,61.51,100
2024/4/8 16:00,1006.5,87.7,0,11.1,6.4,,448,54.44,100
2024/4/8 16:15,1006.5,87.5,0,11.1,6.4,,396,46.26,100
2024/4/8 16:30,1006.5,87,0,11.1,6.4,,345,38.74,100
2024/4/8 16:45,1006.5,86.5,0,11,6.4,,278,30.51,100
2024/4/8 17:00,1006.5,86.7,0,10.9,6.3,,227,23.96,100
2024/4/8 17:15,1006.5,86.7,0,10.9,6.3,,167,17.02,100
2024/4/8 17:30,1006.5,86.2,0,10.9,6.2,,122,12.09,100
2024/4/8 17:45,1006.5,85.7,0,10.9,6.2,,76,7.58,100
2024/4/8 18:00,1006.5,85.3,0,10.9,6.1,,45,4.62,100
2024/4/8 18:15,1006.5,85.8,0,10.8,6,,16,2.1,100
2024/4/8 18:30,1006.5,86.5,0,10.8,5.9,,0,0.65,100
2024/4/8 18:45,1006.5,86.9,0,10.8,5.8,,0,0,100
2024/4/8 19:00,1006.5,87.1,0,10.8,5.7,,0,0,100
2024/4/8 19:15,1006.5,87.6,0,10.8,5.6,,0,0,100
2024/4/8 19:30,1006.5,88.1,0,10.8,5.5,,0,0,100
2024/4/8 19:45,1006.5,88.4,0,10.8,5.4,,0,0,100
2024/4/8 20:00,1006.5,88.5,0,10.7,5.3,,0,0,100
2024/4/8 20:15,1006.5,88.6,0,10.7,5.2,,0,0,100
2024/4/8 20:30,1006.5,89.2,0,10.7,5.1,,0,0,100
2024/4/8 20:45,1006.5,89.9,0,10.6,5,,0,0,100
2024/4/8 21:00,1006.5,90.7,0,10.6,4.9,,0,0,100
2024/4/8 21:15,1006.5,91.2,0,10.6,4.8,,0,0,100
2024/4/8 21:30,1006.5,91.6,0,10.5,4.7,,0,0,100
2024/4/8 21:45,1006.5,91.8,0,10.5,4.7,,0,0,100
2024/4/8 22:00,1006.5,91.9,0,10.5,4.6,,0,0,100
2024/4/8 22:15,1006.5,91.8,0,10.4,4.6,,0,0,100
2024/4/8 22:30,1006.5,91.7,0,10.4,4.5,,0,0,100
2024/4/8 22:45,1006.5,91.6,0,10.4,4.5,,0,0,100
2024/4/8 23:00,1006.5,91.6,0,10.4,4.5,,0,0,100
2024/4/8 23:15,1006.5,91.5,0,10.3,4.4,,0,0,100
2024/4/8 23:30,1006.5,91.6,0,10.3,4.4,,0,0,100
2024/4/8 23:45,1006.5,91.6,0,10.3,4.3,,0,0,100
2024/4/9 0:00,1006.5,76.9,0,9.6,5.8,,0,0,100
2024/4/9 0:15,1006.5,77,0,9.5,5.7,,0,0,100
2024/4/9 0:30,1006.5,77,0,9.5,5.6,,0,0,100
2024/4/9 0:45,1006.5,77,0,9.5,5.5,,0,0,100
2024/4/9 1:00,1006.5,77,0,9.4,5.5,,0,0,100
2024/4/9 1:15,1006.5,77.1,0,9.4,5.4,,0,0,100
2024/4/9 1:30,1006.5,77.1,0,9.3,5.3,,0,0,100
2024/4/9 1:45,1006.5,77.1,0,9.3,5.2,,0,0,100
2024/4/9 2:00,1006.5,77,0,9.2,5.2,,0,0,100
2024/4/9 2:15,1006.5,76.9,0,9.2,5.1,,0,0,100
2024/4/9 2:30,1006.5,76.8,0,9.1,5,,0,0,100
2024/4/9 2:45,1006.5,76.8,0,9,5,,0,0,100
2024/4/9 3:00,1006.5,76.8,0,9,4.9,,0,0,100
2024/4/9 3:15,1006.5,76.9,0,9,4.8,,0,0,100
2024/4/9 3:30,1006.5,77,0,9,4.7,,0,0,100
2024/4/9 3:45,1006.5,77.1,0,9,4.6,,0,0,100
2024/4/9 4:00,1006.5,77.1,0,8.9,4.5,,0,0,100
2024/4/9 4:15,1006.5,77,0,8.9,4.4,,0,0,100
2024/4/9 4:30,1006.5,76.7,0,8.9,4.3,,0,0,100
2024/4/9 4:45,1006.5,76.4,0,8.8,4.3,,0,0,100
2024/4/9 5:00,1006.5,76,0,8.8,4.2,,0,0,100
2024/4/9 5:15,1006.5,75.8,0,8.8,4.1,,0,0,100
2024/4/9 5:30,1006.5,75.9,0,8.8,4.1,,0,0,100
2024/4/9 5:45,1006.5,76,0,8.7,4,,5,1.02,100
2024/4/9 6:00,1006.5,76.2,0,8.8,4,,21,2.71,100
2024/4/9 6:15,1006.5,76.3,0,8.9,4,,46,5.45,100
2024/4/9 6:30,1006.5,75.9,0,9,3.9,,75,8.44,100
2024/4/9 6:45,1006.5,75.4,0,9.1,3.9,,105,12.26,100
2024/4/9 7:00,1006.5,73.8,0,9.3,3.9,,151,16.77,100
2024/4/9 7:15,1006.5,72.2,0,9.5,3.8,,203,22.83,100
2024/4/9 7:30,1006.5,70.6,0,9.6,3.8,,261,29.07,100
2024/4/9 7:45,1006.5,70,0,9.8,3.9,,314,35.97,100
2024/4/9 8:00,1006.6,69.3,0,10,3.9,,367,42.99,100
2024/4/9 8:15,1006.6,68.3,0,10.2,3.9,,408,51.49,100
2024/4/9 8:30,1006.6,66.7,0,10.3,4,,473,60.25,100
2024/4/9 8:45,1006.6,66.8,0,10.4,4.1,,368,39.52,100
2024/4/9 9:00,1006.6,67.8,0,10.6,4.2,,400,55.26,100
2024/4/9 9:15,1006.6,68.5,0,10.7,4.3,,587,74,100
2024/4/9 9:30,1006.6,68.1,0,10.9,4.4,,650,86.18,100
2024/4/9 9:45,1006.6,67.4,0,11.1,4.5,,624,90.14,100
2024/4/9 10:00,1006.6,67.2,0,11.2,4.6,,712,94.7,100
2024/4/9 10:15,1006.6,67.8,0,11.3,4.7,,831,100,100
2024/4/9 10:30,1006.6,68.9,0,11.3,4.8,,794,100,100
2024/4/9 10:45,1006.6,69.8,0,11.3,4.9,,830,100,100
2024/4/9 11:00,1006.6,70.9,0,11.3,4.9,,740,75.46,100
2024/4/9 11:15,1006.6,72.8,0,11.2,5,,857,72.13,100
2024/4/9 11:30,1006.6,74.3,0,11.1,5.1,,889,79.69,100
2024/4/9 11:45,1006.6,75.1,0,11,5.1,,889,92.78,100
2024/4/9 12:00,1006.6,74.4,0,11,5.1,,880,99.78,100
2024/4/9 12:15,1006.6,74,0,11,5.2,,878,100,100
2024/4/9 12:30,1006.6,73.7,0,11,5.2,,857,100,100
2024/4/9 12:45,1006.6,73.4,0,11.1,5.3,,880,92.88,100
2024/4/9 13:00,1006.6,72.2,0,11.1,5.3,,878,100,100
2024/4/9 13:15,1006.6,71,0,11.3,5.3,,811,100,100
2024/4/9 13:30,1006.6,70.8,0,11.5,5.3,,780,100,100
2024/4/9 13:45,1006.6,71.5,0,11.5,5.3,,764,99.34,100
2024/4/9 14:00,1006.6,71.7,0,11.5,5.2,,743,97.76,100
2024/4/9 14:15,1006.6,71.6,0,11.6,5.2,,699,90.52,100
2024/4/9 14:30,1006.6,71.2,0,11.8,5.1,,626,79.4,100
2024/4/9 14:45,1006.6,71.8,0,11.8,5,,326,56.84,100
2024/4/9 15:00,1006.6,71.2,0,11.8,4.9,,281,40.29,100
2024/4/9 15:15,1006.6,70.2,0,12,4.7,,587,70.32,100
2024/4/9 15:30,1006.6,69.7,0,12.1,4.6,,291,53.35,100
2024/4/9 15:45,1006.6,69.9,0,12.2,4.4,,478,55.43,100
2024/4/9 16:00,1006.6,69.8,0,12.2,4.3,,382,43.66,100
2024/4/9 16:15,1006.6,70.1,0,12.3,4.1,,288,41.51,100
2024/4/9 16:30,1006.6,70.9,0,12.5,4,,317,32.43,100
2024/4/9 16:45,1006.6,71.4,0,12.5,3.8,,140,19.4,100
2024/4/9 17:00,1006.6,72.1,0,12.6,3.7,,120,13.55,100
2024/4/9 17:15,1006.6,73.2,0,12.6,3.6,,128,13,100
2024/4/9 17:30,1006.6,74.2,0,12.6,3.5,,108,11.33,100
2024/4/9 17:45,1006.6,75.1,0,12.6,3.5,,63,6.65,100
2024/4/9 18:00,1006.6,75.9,0,12.6,3.5,,36,4.13,100
2024/4/9 18:15,1006.6,76.6,0,12.6,3.5,,9,1.33,100
2024/4/9 18:30,1006.6,77.3,0,12.7,3.6,,1,0.5,100
2024/4/9 18:45,1006.6,78.1,0,12.7,3.6,,0,0,100
2024/4/9 19:00,1006.6,78.9,0,12.7,3.7,,0,0,100
2024/4/9 19:15,1006.6,79.8,0,12.8,3.8,,0,0,100
2024/4/9 19:30,1006.6,80.4,0,12.9,3.9,,0,0,100
2024/4/9 19:45,1006.6,80.6,0,13,3.9,,0,0,100
2024/4/9 20:00,1006.6,80.3,0,13.2,4,,0,0,100
2024/4/9 20:15,1006.6,80.4,0,13.3,4.1,,0,0,100
2024/4/9 20:30,1006.6,80.7,0,13.2,4.3,,0,0,100
2024/4/9 20:45,1006.6,80.5,0,12.9,4.4,,0,0,100
2024/4/9 21:00,1006.6,80.5,0,12.7,4.5,,0,0,100
2024/4/9 21:15,1006.6,80.1,0,12.4,4.7,,0,0,100
2024/4/9 21:30,1006.6,79,0,12.3,4.8,,0,0,100
2024/4/9 21:45,1006.6,76.8,0,12.1,5,,0,0,100
2024/4/9 22:00,1006.6,75.8,0,11.8,5.2,,0,0,100
2024/4/9 22:15,1006.6,76,0,11.7,5.3,,0,0,100
2024/4/9 22:30,1006.6,75.7,0,11.5,5.5,,0,0,100
2024/4/9 22:45,1006.6,74.7,0,11.3,5.7,,0,0,100
2024/4/9 23:00,1006.6,73.8,0,11.1,5.9,,0,0,100
2024/4/9 23:15,1006.6,73.3,0,10.9,6,,0,0,100
2024/4/9 23:30,1006.5,72.9,0,10.8,6.1,,0,0,100
2024/4/9 23:45,1006.5,72.5,0,10.7,6.1,,0,0,100
2024/4/15 0:00,1006.4,99.2,0.2,12.1,5.4,,0,0,100
2024/4/15 0:15,1006.4,99.1,0.2,12.1,5.5,,0,0,100
2024/4/15 0:30,1006.4,99.1,0,12,5.7,,0,0,100
2024/4/15 0:45,1006.4,98.8,0,12,5.8,,0,0,100
2024/4/15 1:00,1006.4,98.7,0,11.9,6,,0,0,100
2024/4/15 1:15,1006.4,98.9,0,11.7,6.2,,0,0,100
2024/4/15 1:30,1006.4,99.2,0,11.7,6.3,,0,0,100
2024/4/15 1:45,1006.4,99.3,0,11.8,6.4,,0,0,100
2024/4/15 2:00,1006.4,99.3,0,11.9,6.5,,0,0,100
2024/4/15 2:15,1006.4,99.1,0,11.9,6.6,,0,0,100
2024/4/15 2:30,1006.4,99.2,0,12,6.6,,0,0,100
2024/4/15 2:45,1006.4,99.3,0,12.1,6.6,,0,0,100
2024/4/15 3:00,1006.4,99.5,0,12.1,6.6,,0,0,100
2024/4/15 3:15,1006.4,99.5,0,12.1,6.6,,0,0,100
2024/4/15 3:30,1006.4,99.7,0,12.1,6.5,,0,0,100
2024/4/15 3:45,1006.4,99.8,0,12.2,6.5,,0,0,100
2024/4/15 4:00,1006.4,99.7,0,12.1,6.4,,0,0,100
2024/4/15 4:15,1006.4,99.6,0,12.1,6.3,,0,0,100
2024/4/15 4:30,1006.4,99.7,0,12.1,6.2,,0,0,100
2024/4/15 4:45,1006.4,99.7,0,12,6,,0,0,100
2024/4/15 5:00,1006.4,99.6,0,11.9,5.9,,0,0,100
2024/4/15 5:15,1006.4,99.4,0,11.9,5.7,,0,0,100
2024/4/15 5:30,1006.4,99.3,0,11.8,5.6,,0,0,100
2024/4/15 5:45,1006.4,99.2,0,11.8,5.4,,5,0.96,100
2024/4/15 6:00,1006.4,99.2,0,11.8,5.3,,18,2.08,100
2024/4/15 6:15,1006.4,99.1,0,11.8,5.1,,26,2.86,100
2024/4/15 6:30,1006.4,99,0,11.8,5,,33,3.94,100
2024/4/15 6:45,1006.4,99,0,11.9,4.9,,55,5.44,100
2024/4/15 7:00,1006.4,99,0,11.9,4.7,,44,5.71,100
2024/4/15 7:15,1006.4,98.8,0,12,4.6,,49,6.25,100
2024/4/15 7:30,1006.4,98.6,0,12.1,4.5,,51,9.16,100
2024/4/15 7:45,1006.5,98.6,0,12.2,4.4,,94,11.41,100
2024/4/15 8:00,1006.5,98.7,0,12.2,4.3,,98,10.74,100
2024/4/15 8:15,1006.5,98.8,0,12.3,4.3,,86,10.92,100
2024/4/15 8:30,1006.5,98.7,0,12.3,4.2,,127,16.1,100
2024/4/15 8:45,1006.5,98.7,0,12.4,4.2,,114,12.12,100
2024/4/15 9:00,1006.5,98.8,0,12.4,4.3,,95,13.79,100
2024/4/15 9:15,1006.5,98.5,0,12.5,4.3,,147,20.1,100
2024/4/15 9:30,1006.5,97.8,0,12.7,4.3,,118,15.18,100
2024/4/15 9:45,1006.5,97,0,13,4.4,,128,19.02,100
2024/4/15 10:00,1006.5,96.5,0,13.2,4.4,,159,23.22,100
2024/4/15 10:15,1006.5,96,0,13.4,4.4,,356,51.62,100
2024/4/15 10:30,1006.5,95.3,0,13.5,4.4,,260,26.34,100
2024/4/15 10:45,1006.5,94.7,0,13.6,4.5,,206,26.42,100
2024/4/15 11:00,1006.5,94.3,0,13.7,4.5,,351,57.57,100
2024/4/15 11:15,1006.5,94,0,13.8,4.6,,742,91.51,100
2024/4/15 11:30,1006.5,93.4,0,13.9,4.6,,864,97.53,100
2024/4/15 11:45,1006.5,92.9,0,14,4.7,,885,98.95,100
2024/4/15 12:00,1006.5,92.3,0.2,14,4.7,,914,100,100
2024/4/15 12:15,1006.5,91.4,0,14.2,4.7,,891,100,100
2024/4/15 12:30,1006.5,90.6,0,14.3,4.7,,815,97.04,100
2024/4/15 12:45,1006.5,89.8,0,14.5,4.7,,625,92.81,100
2024/4/15 13:00,1006.5,89.1,0.2,14.6,4.7,,883,80.73,100
2024/4/15 13:15,1006.5,88.7,0.1,14.7,4.7,,888,91.79,100
2024/4/15 13:30,1006.5,88.3,0,14.8,4.6,,272,41.68,100
2024/4/15 13:45,1006.5,88.1,0,14.9,4.6,,356,62.45,100
2024/4/15 14:00,1006.5,87.8,0,15,4.5,,396,62.77,100
2024/4/15 14:15,1006.5,87.3,0,15.1,4.5,,447,50.35,100
2024/4/15 14:30,1006.5,86.8,0,15.2,4.4,,267,38.59,100
2024/4/15 14:45,1006.5,86.5,0,15.3,4.3,,94,7.51,100
2024/4/15 15:00,1006.5,86.1,0,15.3,4.1,,66,18.06,100
2024/4/15 15:15,1006.5,85.9,0,15.3,4,,176,23,100
2024/4/15 15:30,1006.5,85.7,0,15.3,3.9,,442,38.8,100
2024/4/15 15:45,1006.5,85.4,0,15.2,3.8,,102,22.92,100
2024/4/15 16:00,1006.5,84.2,0,15.3,3.7,,92,10.46,100
2024/4/15 16:15,1006.5,82.4,0.1,15.4,3.6,,106,12.87,100
2024/4/15 16:30,1006.5,81.1,0.1,15.3,3.5,,96,14.37,100
2024/4/15 16:45,1006.5,79.1,0,15.4,3.4,,87,9.79,100
2024/4/15 17:00,1006.5,76.8,0,15.5,3.3,,110,19.9,100
2024/4/15 17:15,1006.5,75.7,0,15.6,3.2,,86,8.96,100
2024/4/15 17:30,1006.5,74.9,0,15.7,3.1,,57,6.49,100
2024/4/15 17:45,1006.5,74.3,0,15.7,3,,74,8,100
2024/4/15 18:00,1006.5,73.8,0,15.5,2.9,,46,5.37,100
2024/4/15 18:15,1006.5,73.5,0,15.4,2.9,,21,2.63,100
2024/4/15 18:30,1006.5,73.2,0,15.2,2.8,,5,0.99,100
2024/4/15 18:45,1006.5,73.6,0,15.1,2.8,,0,0,100
2024/4/15 19:00,1006.5,74.4,0,14.9,2.7,,0,0,100
2024/4/15 19:15,1006.5,75,0,14.7,2.7,,0,0,100
2024/4/15 19:30,1006.5,74.7,0,14.7,2.7,,0,0,100
2024/4/15 19:45,1006.5,74.9,0,14.7,2.6,,0,0,100
2024/4/15 20:00,1006.5,74.8,0,14.6,2.6,,0,0,100
2024/4/15 20:15,1006.5,74.7,0,14.6,2.6,,0,0,100
2024/4/15 20:30,1006.5,75.6,0,14.4,2.7,,0,0,100
2024/4/15 20:45,1006.5,76.8,0,14.3,2.7,,0,0,100
2024/4/15 21:00,1006.5,76.7,0,14.1,2.7,,0,0,100
2024/4/15 21:15,1006.5,76.4,0,14,2.7,,0,0,100
2024/4/15 21:30,1006.5,76,0,14,2.8,,0,0,100
2024/4/15 21:45,1006.5,74.9,0,13.9,2.8,,0,0,100
2024/4/15 22:00,1006.5,73.7,0,13.8,2.8,,0,0,100
2024/4/15 22:15,1006.5,73.2,0,13.8,2.9,,0,0,100
2024/4/15 22:30,1006.5,73.4,0,13.7,2.9,,0,0,100
2024/4/15 22:45,1006.5,74.1,0,13.6,2.9,,0,0,100
2024/4/15 23:00,1006.5,75.3,0,13.4,3,,0,0,100
2024/4/15 23:15,1006.5,77,0,13.2,3,,0,0,100
2024/4/15 23:30,1006.5,78.1,0,13,3,,0,0,100
2024/4/15 23:45,1006.5,78,0,12.9,3,,0,0,100
2024/4/16 0:00,1006.5,76.5,0,13.3,2.7,0,0,0,100
2024/4/16 0:15,1006.5,78.2,0,13.1,2.8,0,0,0,100
2024/4/16 0:30,1006.5,80,0,13,2.8,0,0,0,100
2024/4/16 0:45,1006.5,82,0,12.8,2.8,0,0,0,100
2024/4/16 1:00,1006.5,84.2,0,12.7,2.8,0,0,0,100
2024/4/16 1:15,1006.5,86.2,0,12.5,2.9,0,0,0,100
2024/4/16 1:30,1006.5,88,0,12.4,2.9,0,0,0,100
2024/4/16 1:45,1006.5,89.3,0,12.2,2.9,0,0,0,100
2024/4/16 2:00,1006.5,90.4,0,12.1,2.8,0,0,0,100
2024/4/16 2:15,1006.5,91.7,0,11.9,2.8,0,0,0,100
2024/4/16 2:30,1006.5,92.9,0,11.8,2.8,0,0,0,100
2024/4/16 2:45,1006.5,94,0,11.7,2.7,0,0,0,100
2024/4/16 3:00,1006.5,94.5,0,11.5,2.7,0,0,0,100
2024/4/16 3:15,1006.5,94.8,0,11.4,2.6,0,0,0,100
2024/4/16 3:30,1006.5,95.1,0,11.3,2.5,0,0,0,100
2024/4/16 3:45,1006.5,95.2,0,11.2,2.5,0,0,0,100
2024/4/16 4:00,1006.5,94.8,0,11.1,2.5,0,0,0,100
2024/4/16 4:15,1006.5,94.6,0,10.9,2.5,0,0,0,100
2024/4/16 4:30,1006.5,94.5,0,10.8,2.4,0,0,0,100
2024/4/16 4:45,1006.5,94.7,0,10.7,2.4,0,0,0,100
2024/4/16 5:00,1006.5,95,0,10.7,2.4,0,0,0,100
2024/4/16 5:15,1006.5,95.2,0,10.7,2.3,0,0,0,100
2024/4/16 5:30,1006.5,95.6,0,10.6,2.3,0,0,0.66,100
2024/4/16 5:45,1006.5,95.8,0,10.6,2.3,14,15,2.25,100
2024/4/16 6:00,1006.5,93.8,0,10.8,2.3,42,39,4.49,100
2024/4/16 6:15,1006.5,92.7,0,10.9,2.3,70,78,7.87,100
2024/4/16 6:30,1006.5,90.7,0,11.1,2.3,99,118,11.75,100
2024/4/16 6:45,1006.5,85.8,0,11.5,2.4,131,176,18.14,100
2024/4/16 7:00,1006.5,83.7,0,11.8,2.4,165,227,24.88,100
2024/4/16 7:15,1006.5,83.2,0,11.9,2.4,202,295,33.59,100
2024/4/16 7:30,1006.5,83.2,0,12.1,2.5,242,355,41.47,100
2024/4/16 7:45,1006.5,83.2,0,12.2,2.5,286,418,50.7,100
2024/4/16 8:00,1006.5,84.1,0,12.4,2.6,333,478,58.64,100
2024/4/16 8:15,1006.5,85.3,0,12.5,2.7,381,537,66.88,100
2024/4/16 8:30,1006.5,86,0,12.6,2.8,432,586,74.06,100
2024/4/16 8:45,1006.5,85.9,0,12.6,2.9,483,637,81.75,100
2024/4/16 9:00,1006.5,84.9,0,12.7,3.1,533,672,87.26,100
2024/4/16 9:15,1006.5,83.7,0,12.8,3.2,581,714,93.69,100
2024/4/16 9:30,1006.5,82.3,0,12.9,3.4,625,746,98.23,100
2024/4/16 9:45,1006.5,80.6,0,13,3.5,665,789,100,100
2024/4/16 10:00,1006.5,79.3,0,13.1,3.6,701,823,100,100
2024/4/16 10:15,1006.5,78.2,0,13.2,3.7,734,855,100,100
2024/4/16 10:30,1006.5,77.4,0,13.3,3.9,762,878,100,100
2024/4/16 10:45,1006.5,76.7,0,13.4,4,786,913,100,100
2024/4/16 11:00,1006.5,76.5,0,13.4,4.1,806,942,100,100
2024/4/16 11:15,1006.5,76.2,0,13.5,4.3,822,968,100,100
2024/4/16 11:30,1006.5,75.9,0,13.5,4.4,833,985,100,100
2024/4/16 11:45,1006.5,74.9,0,13.5,4.5,840,1000,100,100
2024/4/16 12:00,1006.5,74.2,0,13.5,4.6,843,1008,100,100
2024/4/16 12:15,1006.5,74.3,0,13.5,4.6,843,1013,100,100
2024/4/16 12:30,1006.5,74.5,0,13.5,4.7,838,1005,100,100
2024/4/16 12:45,1006.5,74.2,0,13.5,4.8,830,980,100,100
2024/4/16 13:00,1006.5,73.6,0,13.6,4.8,819,973,100,100
2024/4/16 13:15,1006.5,73,0,13.6,4.8,806,950,100,100
2024/4/16 13:30,1006.5,72.4,0,13.6,4.9,789,917,100,100
2024/4/16 13:45,1006.5,71.7,0,13.6,4.9,768,878,100,100
2024/4/16 14:00,1006.5,70.8,0,13.6,4.8,743,848,100,100
2024/4/16 14:15,1006.5,69.6,0,13.7,4.8,715,836,100,100
2024/4/16 14:30,1006.5,68,0,13.8,4.8,682,810,100,100
2024/4/16 14:45,1006.5,66.7,0,13.8,4.7,646,775,98.81,100
2024/4/16 15:00,1006.5,65.7,0,13.9,4.7,606,693,88.9,100
2024/4/16 15:15,1006.5,64.8,0,13.9,4.6,562,722,87.96,100
2024/4/16 15:30,1006.5,63.8,0,14,4.5,515,664,81.07,100
2024/4/16 15:45,1006.5,63.1,0,14,4.4,465,605,71.91,100
2024/4/16 16:00,1006.5,62.5,0,14.1,4.3,411,548,45.23,100
2024/4/16 16:15,1006.5,62,0,14.1,4.2,355,481,44.91,100
2024/4/16 16:30,1006.5,61.7,0,14.1,4.1,300,407,45.11,100
2024/4/16 16:45,1006.5,61.4,0,14.1,4,247,366,38.74,100
2024/4/16 17:00,1006.5,61.4,0,14,3.9,198,296,30.71,100
2024/4/16 17:15,1006.5,61.7,0,14,3.8,153,236,22.15,100
2024/4/16 17:30,1006.5,61.9,0,13.9,3.7,113,184,15.97,100
2024/4/16 17:45,1006.5,61.9,0,13.9,3.6,80,127,9.19,100
2024/4/16 18:00,1006.5,61.8,0,13.8,3.4,51,70,5.74,100
2024/4/16 18:15,1006.5,61.6,0,13.8,3.3,29,27,2.89,100
2024/4/16 18:30,1006.5,61.3,0,13.7,3.2,10,5,1.23,100
2024/4/16 18:45,1006.5,61,0,13.7,3.1,0,0,0,100
2024/4/16 19:00,1006.5,60.7,0,13.7,3,0,0,0,100
2024/4/16 19:15,1006.5,60.6,0,13.7,2.9,0,0,0,100
2024/4/16 19:30,1006.5,60.7,0,13.7,2.8,0,0,0,100
2024/4/16 19:45,1006.5,60.9,0,13.7,2.7,0,0,0,100
2024/4/16 20:00,1006.5,60.6,0,13.7,2.6,0,0,0,100
2024/4/16 20:15,1006.5,59.8,0,13.8,2.5,0,0,0,100
2024/4/16 20:30,1006.5,58.8,0,13.8,2.5,0,0,0,100
2024/4/16 20:45,1006.5,58,0,13.8,2.4,0,0,0,100
2024/4/16 21:00,1006.5,57.6,0,13.8,2.3,0,0,0,100
2024/4/16 21:15,1006.5,57.6,0,13.8,2.3,0,0,0,100
2024/4/16 21:30,1006.5,57.7,0,13.8,2.2,0,0,0,100
2024/4/16 21:45,1006.5,57.6,0,13.8,2.2,0,0,0,100
2024/4/16 22:00,1006.5,57,0,13.8,2.2,0,0,0,100
2024/4/16 22:15,1006.5,55.9,0,13.8,2.1,0,0,0,100
2024/4/16 22:30,1006.5,54.4,0,13.8,2.1,0,0,0,100
2024/4/16 22:45,1006.5,52.8,0,13.7,2.1,0,0,0,100
2024/4/16 23:00,1006.5,51.2,0,13.7,2.1,0,0,0,100
2024/4/16 23:15,1006.5,49.5,0,13.6,2.1,0,0,0,100
2024/4/16 23:30,1006.5,47.6,0,13.5,2.1,0,0,0,100
2024/4/16 23:45,1006.5,45.8,0,13.5,2,0,0,0,100
2024/4/17 0:00,1006.5,49.9,0,13.2,2.3,0,0,0,100
2024/4/17 0:15,1006.5,52.4,0,13,2.3,0,0,0,100
2024/4/17 0:30,1006.5,54.2,0,12.8,2.3,0,0,0,100
2024/4/17 0:45,1006.5,55.6,0,12.7,2.3,0,0,0,100
2024/4/17 1:00,1006.5,56.9,0,12.6,2.3,0,0,0,100
2024/4/17 1:15,1006.5,58.2,0,12.5,2.3,0,0,0,100
2024/4/17 1:30,1006.5,59.1,0,12.3,2.4,0,0,0,100
2024/4/17 1:45,1006.5,59.4,0,12.2,2.4,0,0,0,100
2024/4/17 2:00,1006.5,60.3,0,12,2.4,0,0,0,100
2024/4/17 2:15,1006.5,61.7,0,11.9,2.4,0,0,0,100
2024/4/17 2:30,1006.5,63.1,0,11.8,2.4,0,0,0,100
2024/4/17 2:45,1006.5,64.5,0,11.6,2.4,0,0,0,100
2024/4/17 3:00,1006.5,65,0,11.6,2.4,0,0,0,100
2024/4/17 3:15,1006.5,64.4,0,11.5,2.4,0,0,0,100
2024/4/17 3:30,1006.5,63.3,0,11.5,2.4,0,0,0,100
2024/4/17 3:45,1006.5,62.6,0,11.5,2.4,0,0,0,100
2024/4/17 4:00,1006.5,62.3,0,11.4,2.4,0,0,0,100
2024/4/17 4:15,1006.5,62,0,11.4,2.4,0,0,0,100
2024/4/17 4:30,1006.5,61.9,0,11.4,2.4,0,0,0,100
2024/4/17 4:45,1006.5,62.2,0,11.3,2.4,0,0,0,100
2024/4/17 5:00,1006.5,62.9,0,11.2,2.4,0,0,0,100
2024/4/17 5:15,1006.5,63.8,0,11,2.3,0,0,0,100
2024/4/17 5:30,1006.5,64.8,0,10.9,2.3,0,0,0.89,100
2024/4/17 5:45,1006.5,66.1,0,10.8,2.3,16,21,2.88,100
2024/4/17 6:00,1006.5,67.6,0,10.7,2.3,43,61,5.78,100
2024/4/17 6:15,1006.5,69,0,10.6,2.3,71,117,11.38,100
2024/4/17 6:30,1006.5,70.1,0,10.7,2.3,99,118,11.77,100
2024/4/17 6:45,1006.5,70.9,0,10.7,2.3,130,147,14.11,100
2024/4/17 7:00,1006.5,71.4,0,11,2.3,164,222,25.15,100
2024/4/17 7:15,1006.5,71.5,0,11.3,2.2,201,331,35.78,100
2024/4/17 7:30,1006.5,71.3,0,11.6,2.2,241,386,42.29,100
2024/4/17 7:45,1006.5,70.5,0,12.1,2.1,285,457,51.11,100
2024/4/17 8:00,1006.5,69.4,0,12.7,2.1,332,499,57.8,100
2024/4/17 8:15,1006.5,67.9,0,13.3,2.1,381,561,64.96,100
2024/4/17 8:30,1006.5,66.5,0,13.9,2,431,588,71.82,100
2024/4/17 8:45,1006.5,65.5,0,14.4,2,483,647,78.76,100
2024/4/17 9:00,1006.5,63.6,0,15,2,533,702,81.49,100
2024/4/17 9:15,1006.6,61.5,0,15.4,2,581,729,86.56,100
2024/4/17 9:30,1006.6,60.5,0,15.9,2,626,698,84.59,100
2024/4/17 9:45,1006.6,60,0,16.3,2,666,811,99.61,100
2024/4/17 10:00,1006.6,58.3,0,16.7,2.1,702,765,100,100
2024/4/17 10:15,1006.6,56.8,0,17,2.1,734,868,100,100
2024/4/17 10:30,1006.6,55.3,0,17.2,2.2,762,900,100,100
2024/4/17 10:45,1006.6,53.7,0,17.3,2.3,786,861,100,100
2024/4/17 11:00,1006.6,51.8,0,17.4,2.4,805,903,100,100
2024/4/17 11:15,1006.6,50.1,0,17.4,2.4,820,979,100,100
2024/4/17 11:30,1006.6,48.9,0,17.3,2.5,831,990,100,100
2024/4/17 11:45,1006.6,48.1,0,17.3,2.6,838,1010,100,100
2024/4/17 12:00,1006.6,47.7,0,17.2,2.6,840,1032,100,100
2024/4/17 12:15,1006.6,47.3,0,17.2,2.7,839,896,100,100
2024/4/17 12:30,1006.6,46.4,0,17.1,2.8,834,992,100,100
2024/4/17 12:45,1006.6,45.6,0,17,2.8,826,974,100,100
2024/4/17 13:00,1006.6,45,0,17,2.9,815,956,100,100
2024/4/17 13:15,1006.6,44.5,0,17,3,801,931,100,100
2024/4/17 13:30,1006.6,44.1,0,16.9,3.1,784,899,100,100
2024/4/17 13:45,1006.6,43.9,0,16.9,3.2,763,862,100,100
2024/4/17 14:00,1006.6,43.9,0,16.9,3.3,738,822,100,100
2024/4/17 14:15,1006.6,43.8,0,16.9,3.3,710,797,99.35,100
2024/4/17 14:30,1006.6,43.5,0,17,3.4,677,759,98.21,100
2024/4/17 14:45,1006.6,43,0,17,3.4,641,721,93.34,100
2024/4/17 15:00,1006.6,42.5,0,17.1,3.4,601,695,88.58,100
2024/4/17 15:15,1006.6,42.1,0,17.1,3.4,557,640,81.92,100
2024/4/17 15:30,1006.6,41.6,0,17.2,3.3,510,617,76.28,100
2024/4/17 15:45,1006.6,41.2,0,17.2,3.3,461,578,67.18,100
2024/4/17 16:00,1006.6,41.3,0,17.3,3.3,407,523,46.41,100
2024/4/17 16:15,1006.6,41.4,0,17.3,3.2,352,467,46.25,100
2024/4/17 16:30,1006.6,41.6,0,17.3,3.1,297,414,43.19,100
2024/4/17 16:45,1006.6,41.8,0,17.4,3.1,245,344,36.03,100
2024/4/17 17:00,1006.6,42.2,0,17.4,3,196,284,28.71,100
2024/4/17 17:15,1006.6,43.1,0,17.4,2.9,151,224,19.45,100
2024/4/17 17:30,1006.6,44.5,0,17.3,2.9,112,146,13.78,100
2024/4/17 17:45,1006.6,45.9,0,17.2,2.8,79,93,8.8,100
2024/4/17 18:00,1006.6,46.8,0,17.1,2.8,51,57,5.71,100
2024/4/17 18:15,1006.6,47.4,0,17.1,2.8,29,26,3.01,100
2024/4/17 18:30,1006.6,48.1,0,17,2.8,11,4,1.16,100
2024/4/17 18:45,1006.6,49.2,0,16.8,2.8,0,0,0,100
2024/4/17 19:00,1006.6,50.5,0,16.8,2.9,0,0,0,100
2024/4/17 19:15,1006.6,51.5,0,16.8,2.9,0,0,0,100
2024/4/17 19:30,1006.6,52.4,0,16.8,2.9,0,0,0,100
2024/4/17 19:45,1006.6,53.8,0,16.7,3,0,0,0,100
2024/4/17 20:00,1006.6,56.1,0,16.4,3,0,0,0,100
2024/4/17 20:15,1006.6,57.3,0,16.2,3.1,0,0,0,100
2024/4/17 20:30,1006.6,57.7,0,16.1,3.2,0,0,0,100
2024/4/17 20:45,1006.5,59,0,15.9,3.2,0,0,0,100
2024/4/17 21:00,1006.5,62.4,0,15.5,3.3,0,0,0,100
2024/4/17 21:15,1006.5,67,0,14.9,3.4,0,0,0,100
2024/4/17 21:30,1006.5,71,0,14.4,3.5,0,0,0,100
2024/4/17 21:45,1006.5,75.2,0,14,3.6,0,0,0,100
2024/4/17 22:00,1006.5,78.3,0,13.7,3.7,0,0,0,100
2024/4/17 22:15,1006.5,79.7,0,13.4,3.7,0,0,0,100
2024/4/17 22:30,1006.5,80.3,0,13.2,3.8,0,0,0,100
2024/4/17 22:45,1006.5,80.8,0,13.1,3.9,0,0,0,100
2024/4/17 23:00,1006.5,81.1,0,12.9,4,0,0,0,100
2024/4/17 23:15,1006.5,81.2,0,12.8,4.1,0,0,0,100
2024/4/17 23:30,1006.5,81.5,0,12.6,4.1,0,0,0,100
2024/4/17 23:45,1006.5,81.6,0,12.5,4.2,0,0,0,100
2024/4/18 0:00,1006.5,79.7,0,12.4,4.1,0,0,0,100
2024/4/18 0:15,1006.5,79.9,0,12.3,4.1,0,0,0,100
2024/4/18 0:30,1006.5,80.1,0,12.2,4,0,0,0,100
2024/4/18 0:45,1006.5,80.1,0,12.1,4,0,0,0,100
2024/4/18 1:00,1006.5,80.2,0,12,4,0,0,0,100
2024/4/18 1:15,1006.5,80.2,0,11.9,4,0,0,0,100
2024/4/18 1:30,1006.5,80.3,0,11.8,4,0,0,0,100
2024/4/18 1:45,1006.5,80.3,0,11.7,4,0,0,0,100
2024/4/18 2:00,1006.5,80.5,0,11.6,3.9,0,0,0,100
2024/4/18 2:15,1006.5,80.7,0,11.5,3.9,0,0,0,100
2024/4/18 2:30,1006.5,80.7,0,11.5,3.9,0,0,0,100
2024/4/18 2:45,1006.5,80.7,0,11.4,3.9,0,0,0,100
2024/4/18 3:00,1006.5,80.7,0,11.3,3.8,0,0,0,100
2024/4/18 3:15,1006.5,80.7,0,11.2,3.8,0,0,0,100
2024/4/18 3:30,1006.5,80.7,0,11.2,3.8,0,0,0,100
2024/4/18 3:45,1006.5,80.6,0,11.1,3.8,0,0,0,100
2024/4/18 4:00,1006.5,80.7,0,11.1,3.7,0,0,0,100
2024/4/18 4:15,1006.5,80.7,0,11,3.6,0,0,0,100
2024/4/18 4:30,1006.5,80.7,0,11,3.6,0,0,0,100
2024/4/18 4:45,1006.5,80.9,0,11,3.5,0,0,0,100
2024/4/18 5:00,1006.5,81.1,0,10.9,3.5,0,0,0,100
2024/4/18 5:15,1006.5,81.7,0,10.7,3.4,0,0,0,100
2024/4/18 5:30,1006.5,82,0,10.7,3.4,0,1,0.67,100
2024/4/18 5:45,1006.5,82.2,0,10.7,3.3,19,18,2.53,100
2024/4/18 6:00,1006.5,82.3,0,10.7,3.3,45,32,3.9,100
2024/4/18 6:15,1006.5,82.2,0,10.8,3.2,73,77,7.96,100
2024/4/18 6:30,1006.5,82,0,11,3.1,102,112,11.55,100
2024/4/18 6:45,1006.5,81.7,0,11.3,3,132,159,16.91,100
2024/4/18 7:00,1006.5,81.2,0,11.6,2.9,165,212,22.77,100
2024/4/18 7:15,1006.5,80.4,0,12,2.8,202,268,30.24,100
2024/4/18 7:30,1006.5,79.3,0,12.6,2.7,241,324,37.03,100
2024/4/18 7:45,1006.5,77.9,0,13.2,2.6,284,387,45.42,100
2024/4/18 8:00,1006.5,76,0,13.8,2.4,329,434,52.43,100
2024/4/18 8:15,1006.5,74,0,14.3,2.3,377,491,60.16,100
2024/4/18 8:30,1006.5,72.7,0,14.8,2.2,425,528,65.89,100
2024/4/18 8:45,1006.5,72,0,15.4,2.1,475,557,73.73,100
2024/4/18 9:00,1006.5,71.4,0,16.1,2.1,523,626,68.03,100
2024/4/18 9:15,1006.6,70.6,0,16.7,2,570,679,67.22,100
2024/4/18 9:30,1006.6,69.4,0,17.3,2,613,697,69.64,100
2024/4/18 9:45,1006.6,66.4,0,17.8,2,651,739,76.2,100
2024/4/18 10:00,1006.6,63.4,0,18.3,2,686,769,63.29,100
2024/4/18 10:15,1006.6,61,0,18.6,2,717,799,95.95,100
2024/4/18 10:30,1006.6,58.1,0,19,2,744,749,82.42,100
2024/4/18 10:45,1006.6,54.2,0,19.2,2,766,786,97.1,100
2024/4/18 11:00,1006.6,50.7,0,19.4,2,785,893,100,100
2024/4/18 11:15,1006.6,48.2,0,19.4,2,800,899,100,100
2024/4/18 11:30,1006.6,46.7,0,19.3,2.1,810,916,100,100
2024/4/18 11:45,1006.6,46.3,0,19.2,2.1,817,926,100,100
2024/4/18 12:00,1006.6,46.3,0,19,2.2,819,908,100,100
2024/4/18 12:15,1006.6,46.7,0,18.9,2.3,818,927,100,100
2024/4/18 12:30,1006.6,46.9,0,18.7,2.4,813,924,100,100
2024/4/18 12:45,1006.6,46.7,0,18.6,2.5,805,911,100,100
2024/4/18 13:00,1006.6,46.3,0,18.6,2.6,795,895,100,100
2024/4/18 13:15,1006.6,45.9,0,18.5,2.8,782,869,100,100
2024/4/18 13:30,1006.6,45.8,0,18.5,3,765,847,100,100
2024/4/18 13:45,1006.6,45.6,0,18.4,3.1,745,811,100,100
2024/4/18 14:00,1006.6,45.5,0,18.2,3.3,722,788,99.51,100
2024/4/18 14:15,1006.6,45.7,0,18.1,3.4,695,757,96.55,100
2024/4/18 14:30,1006.6,46.1,0,18,3.5,663,724,91.64,100
2024/4/18 14:45,1006.6,47.1,0,17.9,3.6,628,680,77.01,100
2024/4/18 15:00,1006.5,48.8,0,17.7,3.7,589,643,76.66,100
2024/4/18 15:15,1006.5,50.3,0,17.5,3.7,547,602,70.36,100
2024/4/18 15:30,1006.5,51.7,0,17.3,3.8,501,553,66.66,100
2024/4/18 15:45,1006.5,52.9,0,17.2,3.8,453,499,59.15,100
2024/4/18 16:00,1006.5,54,0,17,3.8,401,458,52.26,100
2024/4/18 16:15,1006.5,56.6,0,16.7,3.8,347,399,44.75,100
2024/4/18 16:30,1006.5,57.9,0,16.6,3.8,293,350,38.3,100
2024/4/18 16:45,1006.5,58.8,0,16.6,3.8,242,288,30.52,100
2024/4/18 17:00,1006.5,59.4,0,16.7,3.8,194,237,24.52,100
2024/4/18 17:15,1006.5,60.3,0,16.8,3.8,150,180,17.97,100
2024/4/18 17:30,1006.5,61.3,0,16.9,3.7,112,135,13.09,100
2024/4/18 17:45,1006.5,62.9,0,16.9,3.7,79,88,8.78,100
2024/4/18 18:00,1006.5,65.5,0,16.4,3.7,52,56,5.76,100
2024/4/18 18:15,1006.5,67.1,0,16.2,3.6,29,26,3.13,100
2024/4/18 18:30,1006.5,68.3,0,16.2,3.6,12,6,1.18,100
2024/4/18 18:45,1006.5,69.6,0,16.1,3.6,0,0,0,100
2024/4/18 19:00,1006.5,71.1,0,16.1,3.6,0,0,0,100
2024/4/18 19:15,1006.5,72.2,0,16.1,3.5,0,0,0,100
2024/4/18 19:30,1006.5,72.9,0,16.2,3.5,0,0,0,100
2024/4/18 19:45,1006.6,73.6,0,16.2,3.5,0,0,0,100
2024/4/18 20:00,1006.6,74.7,0,16.2,3.4,0,0,0,100
2024/4/18 20:15,1006.6,76.6,0,16.1,3.4,0,0,0,100
2024/4/18 20:30,1006.6,78,0,16.1,3.4,0,0,0,100
2024/4/18 20:45,1006.6,78.1,0,16.1,3.4,0,0,0,100
2024/4/18 21:00,1006.6,80,0,15.8,3.4,0,0,0,100
2024/4/18 21:15,1006.6,81.3,0,15.6,3.4,0,0,0,100
2024/4/18 21:30,1006.5,82.8,0,15.4,3.5,0,0,0,100
2024/4/18 21:45,1006.5,83.8,0,15.2,3.5,0,0,0,100
2024/4/18 22:00,1006.5,84.3,0,15,3.5,0,0,0,100
2024/4/18 22:15,1006.5,84.8,0,14.8,3.5,0,0,0,100
2024/4/18 22:30,1006.5,85.2,0,14.6,3.6,0,0,0,100
2024/4/18 22:45,1006.5,85.5,0,14.4,3.6,0,0,0,100
2024/4/18 23:00,1006.5,85.6,0,14.3,3.6,0,0,0,100
2024/4/18 23:15,1006.5,85.5,0,14.1,3.6,0,0,0,100
2024/4/18 23:30,1006.5,85.4,0,14,3.7,0,0,0,100
2024/4/18 23:45,1006.5,85.3,0,13.9,3.7,0,0,0,100
2024/4/20 0:00,1006.5,62.8,0,14.7,3.5,0,0,0,100
2024/4/20 0:15,1006.4,64.2,0,14.7,3.5,0,0,0,100
2024/4/20 0:30,1006.4,65.4,0,14.6,3.5,0,0,0,100
2024/4/20 0:45,1006.4,66,0,14.5,3.5,0,0,0,100
2024/4/20 1:00,1006.4,66.5,0,14.5,3.5,0,0,0,100
2024/4/20 1:15,1006.4,67.4,0,14.4,3.4,0,0,0,100
2024/4/20 1:30,1006.4,68.4,0,14.4,3.4,0,0,0,100
2024/4/20 1:45,1006.4,69.2,0,14.3,3.4,0,0,0,100
2024/4/20 2:00,1006.4,70.3,0,14.3,3.4,0,0,0,100
2024/4/20 2:15,1006.4,71,0,14.2,3.4,0,0,0,100
2024/4/20 2:30,1006.4,71.8,0,14.2,3.3,0,0,0,100
2024/4/20 2:45,1006.4,72.8,0,14.1,3.3,0,0,0,100
2024/4/20 3:00,1006.4,74.3,0,14,3.3,0,0,0,100
2024/4/20 3:15,1006.4,75.9,0,13.9,3.3,0,0,0,100
2024/4/20 3:30,1006.4,76.9,0,13.8,3.4,0,0,0,100
2024/4/20 3:45,1006.4,77.8,0,13.8,3.4,0,0,0,100
2024/4/20 4:00,1006.4,78.8,0,13.7,3.4,0,0,0,100
2024/4/20 4:15,1006.4,79.6,0,13.5,3.4,0,0,0,100
2024/4/20 4:30,1006.4,80.7,0,13.3,3.4,0,0,0,100
2024/4/20 4:45,1006.4,81.8,0,13.2,3.4,0,0,0,100
2024/4/20 5:00,1006.4,82.4,0,13.2,3.4,0,0,0,100
2024/4/20 5:15,1006.4,83,0,13.1,3.4,0,0,0,100
2024/4/20 5:30,1006.4,83.7,0,13,3.4,0,3,0.96,100
2024/4/20 5:45,1006.4,84.4,0,13,3.4,18,17,2.41,100
2024/4/20 6:00,1006.4,84.7,0,13,3.4,42,30,3.96,100
2024/4/20 6:15,1006.4,84.8,0,13.1,3.4,67,95,8.58,100
2024/4/20 6:30,1006.4,84.9,0,13.2,3.5,93,142,12.95,100
2024/4/20 6:45,1006.4,84.9,0,13.4,3.5,121,198,19.37,100
2024/4/20 7:00,1006.4,84.6,0,13.6,3.5,153,252,26.26,100
2024/4/20 7:15,1006.4,83.7,0,13.9,3.5,189,316,34.45,100
2024/4/20 7:30,1006.4,82,0,14.2,3.5,229,369,42.03,100
2024/4/20 7:45,1006.5,80.9,0,14.4,3.4,274,430,50.54,100
2024/4/20 8:00,1006.5,80,0,14.7,3.4,322,484,58.34,100
2024/4/20 8:15,1006.5,79.2,0,14.9,3.4,372,542,66.78,100
2024/4/20 8:30,1006.5,78,0,15.2,3.4,425,586,72.03,100
2024/4/20 8:45,1006.5,76.4,0,15.5,3.4,477,634,79.16,100
2024/4/20 9:00,1006.5,75.5,0,15.7,3.4,528,667,85.31,100
2024/4/20 9:15,1006.5,74.4,0,15.9,3.4,576,703,91.47,100
2024/4/20 9:30,1006.5,73.4,0,16,3.5,619,735,96.38,100
2024/4/20 9:45,1006.5,73,0,16.2,3.5,654,778,99.63,100
2024/4/20 10:00,1006.5,72.3,0,16.4,3.5,684,810,100,100
2024/4/20 10:15,1006.5,71.4,0,16.6,3.6,707,846,100,100
2024/4/20 10:30,1006.5,71,0,16.7,3.6,725,864,100,100
2024/4/20 10:45,1006.5,71.2,0,16.7,3.7,736,886,100,100
2024/4/20 11:00,1006.5,71.2,0,16.8,3.7,742,926,100,100
2024/4/20 11:15,1006.5,71.5,0,16.8,3.8,743,670,100,100
2024/4/20 11:30,1006.5,72.5,0,16.7,3.8,739,937,100,100
2024/4/20 11:45,1006.5,72.7,0,16.6,3.9,731,961,100,100
2024/4/20 12:00,1006.5,72.1,0,16.6,3.9,720,962,100,100
2024/4/20 12:15,1006.5,71.6,0,16.6,4,706,963,100,100
2024/4/20 12:30,1006.5,71.7,0,16.6,4,690,959,100,100
2024/4/20 12:45,1006.5,71.5,0,16.7,4.1,672,947,100,100
2024/4/20 13:00,1006.5,71.3,0,16.7,4.1,651,926,100,100
2024/4/20 13:15,1006.5,70.6,0,16.7,4.2,627,908,100,100
2024/4/20 13:30,1006.5,70.1,0,16.7,4.3,601,868,100,100
2024/4/20 13:45,1006.5,70.3,0,16.7,4.4,572,840,100,100
2024/4/20 14:00,1006.5,70.6,0,16.7,4.4,541,812,100,100
2024/4/20 14:15,1006.5,70.2,0,16.7,4.5,509,778,97.66,100
2024/4/20 14:30,1006.5,69.8,0,16.8,4.5,475,761,98.52,100
2024/4/20 14:45,1006.5,70.5,0,16.7,4.6,439,701,92.11,100
2024/4/20 15:00,1006.5,70.8,0,16.7,4.6,403,674,86.4,100
2024/4/20 15:15,1006.5,70.1,0,16.7,4.6,366,631,79.42,100
2024/4/20 15:30,1006.5,69.1,0,16.8,4.6,330,599,73.47,100
2024/4/20 15:45,1006.5,69,0,16.8,4.6,293,540,65.06,100
2024/4/20 16:00,1006.5,69.1,0,16.8,4.6,255,493,58.17,100
2024/4/20 16:15,1006.5,68.3,0,16.9,4.5,218,415,49.15,100
2024/4/20 16:30,1006.5,68.2,0,16.9,4.5,182,352,40.08,100
2024/4/20 16:45,1006.5,68.1,0,16.9,4.5,148,322,33.83,100
2024/4/20 17:00,1006.5,68.3,0,16.9,4.4,116,258,26.58,100
2024/4/20 17:15,1006.5,68.7,0,16.9,4.4,89,199,20.02,100
2024/4/20 17:30,1006.5,68.9,0,16.9,4.3,65,158,15.36,100
2024/4/20 17:45,1006.5,68.8,0,16.8,4.3,45,120,11.26,100
2024/4/20 18:00,1006.5,69.4,0,16.7,4.2,29,81,7.65,100
2024/4/20 18:15,1006.5,70.2,0,16.5,4.2,16,41,4.69,100
2024/4/20 18:30,1006.5,70.7,0,16.3,4.2,6,14,1.92,100
2024/4/20 18:45,1006.5,71.7,0,16.1,4.1,0,0,0,100
2024/4/20 19:00,1006.5,72.1,0,16,4,0,0,0,100
2024/4/20 19:15,1006.5,72.7,0,15.8,3.9,0,0,0,100
2024/4/20 19:30,1006.5,73.5,0,15.7,3.9,0,0,0,100
2024/4/20 19:45,1006.5,74.8,0,15.5,3.8,0,0,0,100
2024/4/20 20:00,1006.5,76.2,0,15.4,3.7,0,0,0,100
2024/4/20 20:15,1006.5,77.6,0,15.3,3.6,0,0,0,100
2024/4/20 20:30,1006.5,78.4,0,15.2,3.5,0,0,0,100
2024/4/20 20:45,1006.5,78.6,0,15.1,3.4,0,0,0,100
2024/4/20 21:00,1006.5,78.9,0,15,3.3,0,0,0,100
2024/4/20 21:15,1006.5,79.4,0,14.9,3.2,0,0,0,100
2024/4/20 21:30,1006.5,80.3,0,14.8,3.1,0,0,0,100
2024/4/20 21:45,1006.5,80.9,0,14.8,3,0,0,0,100
2024/4/20 22:00,1006.5,81,0,14.8,2.9,0,0,0,100
2024/4/20 22:15,1006.5,81.2,0,14.8,2.9,0,0,0,100
2024/4/20 22:30,1006.5,81.5,0,14.9,2.8,0,0,0,100
2024/4/20 22:45,1006.5,82.2,0,14.9,2.7,0,0,0,100
2024/4/20 23:00,1006.5,83.3,0,14.8,2.7,0,0,0,100
2024/4/20 23:15,1006.5,84.6,0,14.8,2.6,0,0,0,100
2024/4/20 23:30,1006.5,86,0,14.7,2.5,0,0,0,100
2024/4/20 23:45,1006.5,87,0,14.6,2.5,0,0,0,100
2024/4/21 0:00,1006.5,89.1,0,13.2,2.4,0,0,0,100
2024/4/21 0:15,1006.5,89.5,0,13.1,2.4,0,0,0,100
2024/4/21 0:30,1006.5,89.7,0,13.1,2.4,0,0,0,100
2024/4/21 0:45,1006.5,90.2,0,13,2.4,0,0,0,100
2024/4/21 1:00,1006.5,90.8,0,13,2.4,0,0,0,100
2024/4/21 1:15,1006.5,91.3,0,12.9,2.3,0,0,0,100
2024/4/21 1:30,1006.5,91.7,0,12.9,2.3,0,0,0,100
2024/4/21 1:45,1006.5,91.9,0,12.9,2.3,0,0,0,100
2024/4/21 2:00,1006.5,92.1,0,12.8,2.3,0,0,0,100
2024/4/21 2:15,1006.5,92.5,0,12.8,2.3,0,0,0,100
2024/4/21 2:30,1006.5,93,0,12.7,2.2,0,0,0,100
2024/4/21 2:45,1006.5,93.2,0,12.6,2.2,0,0,0,100
2024/4/21 3:00,1006.5,93.2,0,12.6,2.2,0,0,0,100
2024/4/21 3:15,1006.5,93.2,0,12.5,2.1,0,0,0,100
2024/4/21 3:30,1006.5,93.2,0,12.5,2.1,0,0,0,100
2024/4/21 3:45,1006.5,93.2,0,12.5,2,0,0,0,100
2024/4/21 4:00,1006.5,93.2,0,12.4,2,0,0,0,100
2024/4/21 4:15,1006.5,93.2,0,12.4,1.9,0,0,0,100
2024/4/21 4:30,1006.5,93,0,12.3,1.9,0,0,0,100
2024/4/21 4:45,1006.5,92.6,0,12.3,1.8,0,0,0,100
2024/4/21 5:00,1006.5,92.1,0,12.3,1.8,0,0,0,100
2024/4/21 5:15,1006.5,91.6,0,12.3,1.7,0,0,0,100
2024/4/21 5:30,1006.5,91.1,0,12.3,1.7,1,1,0.57,100
2024/4/21 5:45,1006.5,90.5,0,12.3,1.7,24,12,1.92,100
2024/4/21 6:00,1006.5,89.9,0,12.4,1.6,51,36,5.02,100
2024/4/21 6:15,1006.5,89.2,0,12.4,1.6,79,83,9.66,100
2024/4/21 6:30,1006.5,88.5,0,12.5,1.6,108,96,12.11,100
2024/4/21 6:45,1006.5,87.8,0,12.7,1.6,139,193,16.38,100
2024/4/21 7:00,1006.5,86.8,0,13,1.6,172,167,20.05,100
2024/4/21 7:15,1006.5,85.5,0,13.3,1.6,209,165,19.11,100
2024/4/21 7:30,1006.5,84.1,0,13.7,1.6,248,192,24.53,100
2024/4/21 7:45,1006.5,82.4,0,14.1,1.6,291,338,40.29,100
2024/4/21 8:00,1006.5,81,0,14.4,1.7,336,305,35.73,100
2024/4/21 8:15,1006.5,80,0,14.6,1.7,383,284,34.35,100
2024/4/21 8:30,1006.5,79.3,0,14.7,1.8,431,391,58.09,100
2024/4/21 8:45,1006.5,79.1,0,14.8,1.8,480,481,66.48,100
2024/4/21 9:00,1006.5,78.5,0,15,1.9,527,555,80,100
2024/4/21 9:15,1006.5,77.8,0,15.1,2,572,676,95.85,100
2024/4/21 9:30,1006.5,76.9,0,15.2,2.1,614,788,87.36,100
2024/4/21 9:45,1006.5,76.1,0,15.3,2.2,650,812,95.78,100
2024/4/21 10:00,1006.5,75.9,0,15.4,2.4,681,577,84.25,100
2024/4/21 10:15,1006.5,76.1,0,15.4,2.5,709,817,100,100
2024/4/21 10:30,1006.5,76.7,0,15.3,2.7,731,851,100,100
2024/4/21 10:45,1006.5,77.1,0,15.2,2.9,749,879,100,100
2024/4/21 11:00,1006.5,77.2,0,15.2,3,763,899,100,100
2024/4/21 11:15,1006.5,77.2,0,15.2,3.2,773,920,100,100
2024/4/21 11:30,1006.5,77.2,0,15.2,3.4,779,946,100,100
2024/4/21 11:45,1006.5,77.1,0,15.2,3.5,781,624,83.31,100
2024/4/21 12:00,1006.5,77.3,0,15.2,3.7,780,981,100,100
2024/4/21 12:15,1006.5,77.4,0,15.1,3.8,776,949,100,100
2024/4/21 12:30,1006.5,77.5,0,15.1,4,770,952,100,100
2024/4/21 12:45,1006.5,77.7,0,15.1,4.1,761,926,100,100
2024/4/21 13:00,1006.5,77.8,0,15.1,4.3,752,903,100,100
2024/4/21 13:15,1006.5,77.9,0,15.1,4.4,740,884,100,100
2024/4/21 13:30,1006.5,78.3,0,15,4.5,726,854,100,100
2024/4/21 13:45,1006.5,78.4,0,15,4.6,709,816,100,100
2024/4/21 14:00,1006.5,78.2,0,15,4.6,689,776,99.5,100
2024/4/21 14:15,1006.5,78,0,15,4.7,666,745,96.75,100
2024/4/21 14:30,1006.5,77.5,0,15,4.7,638,713,90.05,100
2024/4/21 14:45,1006.5,77.2,0,15.1,4.7,607,670,76.98,100
2024/4/21 15:00,1006.5,77.1,0,15,4.7,571,629,78.54,100
2024/4/21 15:15,1006.5,76.8,0,15.1,4.6,532,593,71.56,100
2024/4/21 15:30,1006.5,76.4,0,15.1,4.6,489,524,62.2,100
2024/4/21 15:45,1006.5,76.5,0,15,4.5,443,511,50.95,100
2024/4/21 16:00,1006.5,76.8,0,15,4.4,393,394,39.8,100
2024/4/21 16:15,1006.5,76.8,0,15,4.3,341,235,35.04,100
2024/4/21 16:30,1006.5,75.6,0,15.1,4.2,289,294,39.41,100
2024/4/21 16:45,1006.5,74.9,0,15.1,4.1,239,184,27.42,100
2024/4/21 17:00,1006.5,74.6,0,15.1,4,192,180,14.46,100
2024/4/21 17:15,1006.5,74.6,0,15.1,3.9,149,197,15.83,100
2024/4/21 17:30,1006.5,75.2,0,15.1,3.7,112,66,8.43,100
2024/4/21 17:45,1006.5,76.1,0,15,3.6,79,75,9.01,100
2024/4/21 18:00,1006.5,76.8,0,15,3.5,53,78,8.54,100
2024/4/21 18:15,1006.5,77.1,0,15,3.4,31,39,4.76,100
2024/4/21 18:30,1006.5,77.1,0,15,3.3,13,11,1.66,100
2024/4/21 18:45,1006.5,77,0,15,3.3,1,0,0,100
2024/4/21 19:00,1006.5,76.8,0,15,3.2,0,0,0,100
2024/4/21 19:15,1006.5,76.4,0,15,3.2,0,0,0,100
2024/4/21 19:30,1006.5,76,0,15.1,3.1,0,0,0,100
2024/4/21 19:45,1006.5,76.1,0,15.2,3.1,0,0,0,100
2024/4/21 20:00,1006.5,76.8,0,15.2,3.1,0,0,0,100
2024/4/21 20:15,1006.5,77.1,0,15.3,3.1,0,0,0,100
2024/4/21 20:30,1006.5,77.2,0,15.4,3.1,0,0,0,100
2024/4/21 20:45,1006.5,77.7,0,15.4,3.1,0,0,0,100
2024/4/21 21:00,1006.5,79.8,0,15.3,3.2,0,0,0,100
2024/4/21 21:15,1006.5,81.3,0,15.2,3.2,0,0,0,100
2024/4/21 21:30,1006.5,82.6,0,15.1,3.2,0,0,0,100
2024/4/21 21:45,1006.5,82.9,0,15,3.2,0,0,0,100
2024/4/21 22:00,1006.5,83.2,0,14.9,3.3,0,0,0,100
2024/4/21 22:15,1006.5,83.9,0,14.7,3.3,0,0,0,100
2024/4/21 22:30,1006.5,84.2,0,14.5,3.3,0,0,0,100
2024/4/21 22:45,1006.5,84.2,0,14.3,3.4,0,0,0,100
2024/4/21 23:00,1006.5,84.2,0,14.2,3.4,0,0,0,100
2024/4/21 23:15,1006.5,84.5,0,14,3.5,0,0,0,100
2024/4/21 23:30,1006.5,85,0,13.9,3.6,0,0,0,100
2024/4/21 23:45,1006.5,85.3,0,13.7,3.6,0,0,0,100
2024/4/22 0:00,1006.5,84.2,0,13.1,4.1,0,0,0,100
2024/4/22 0:15,1006.5,84.4,0,13,4.1,0,0,0,100
2024/4/22 0:30,1006.5,84.5,0,12.9,4.1,0,0,0,100
2024/4/22 0:45,1006.5,84.8,0,12.8,4.1,0,0,0,100
2024/4/22 1:00,1006.5,85.4,0,12.7,4.1,0,0,0,100
2024/4/22 1:15,1006.5,86,0,12.7,4.1,0,0,0,100
2024/4/22 1:30,1006.5,86,0,12.6,4.1,0,0,0,100
2024/4/22 1:45,1006.5,85.9,0,12.6,4.1,0,0,0,100
2024/4/22 2:00,1006.5,85.8,0,12.6,4.1,0,0,0,100
2024/4/22 2:15,1006.5,85.7,0,12.6,4.1,0,0,0,100
2024/4/22 2:30,1006.5,85.3,0.2,12.6,4.1,0,0,0,100
2024/4/22 2:45,1006.5,84.4,0.2,12.7,4.1,0,0,0,100
2024/4/22 3:00,1006.5,83.5,0.2,12.7,4.1,0,0,0,100
2024/4/22 3:15,1006.5,82.8,0.2,12.7,4.1,0,0,0,100
2024/4/22 3:30,1006.5,82.9,0.1,12.7,4.1,0,0,0,100
2024/4/22 3:45,1006.5,83.7,0,12.5,4.1,0,0,0,100
2024/4/22 4:00,1006.5,84.6,0,12.4,4.1,0,0,0,100
2024/4/22 4:15,1006.5,84.8,0,12.3,4.2,0,0,0,100
2024/4/22 4:30,1006.5,84.4,0,12.3,4.2,0,0,0,100
2024/4/22 4:45,1006.5,84.3,0,12.3,4.2,0,0,0,100
2024/4/22 5:00,1006.5,84.6,0,12.2,4.3,0,0,0,100
2024/4/22 5:15,1006.5,85.1,0,12.2,4.3,0,1,0.13,100
2024/4/22 5:30,1006.5,85.6,0,12.1,4.4,1,5,1.04,100
2024/4/22 5:45,1006.5,85.8,0,12.1,4.4,11,21,2.92,100
2024/4/22 6:00,1006.5,85.7,0,12.2,4.5,22,42,5.16,100
2024/4/22 6:15,1006.5,85.3,0,12.3,4.5,34,74,8.59,100
2024/4/22 6:30,1006.5,84.6,0,12.6,4.6,49,109,11.87,100
2024/4/22 6:45,1006.5,83.4,0,12.9,4.6,66,152,16.44,100
2024/4/22 7:00,1006.5,81.8,0,13.3,4.7,87,195,21.31,100
2024/4/22 7:15,1006.5,79.8,0,13.7,4.7,114,250,26.92,100
2024/4/22 7:30,1006.5,78.2,0,14,4.8,145,293,33.1,100
2024/4/22 7:45,1006.5,76.9,0,14.4,4.8,181,346,40.24,100
2024/4/22 8:00,1006.5,75,0,14.7,4.9,223,396,47.51,100
2024/4/22 8:15,1006.5,73.8,0,15,4.9,268,455,54.91,100
2024/4/22 8:30,1006.5,73,0,15.3,4.9,317,506,61.39,100
2024/4/22 8:45,1006.5,71.9,0,15.6,4.9,367,558,68.54,100
2024/4/22 9:00,1006.5,70.1,0,15.8,5,418,592,74.5,100
2024/4/22 9:15,1006.5,69.3,0,16.1,5,467,641,81.29,100
2024/4/22 9:30,1006.5,68.9,0,16.3,5,514,684,87.08,100
2024/4/22 9:45,1006.5,68.8,0,16.6,5,556,716,89.66,100
2024/4/22 10:00,1006.5,68.4,0,16.8,5,595,733,94,100
2024/4/22 10:15,1006.6,67.6,0,17.1,5,631,773,98.62,100
2024/4/22 10:30,1006.6,66.8,0,17.3,5,664,798,99.8,100
2024/4/22 10:45,1006.6,66.6,0,17.6,4.9,694,823,100,100
2024/4/22 11:00,1006.6,66.5,0,17.8,4.9,719,847,100,100
2024/4/22 11:15,1006.6,66.3,0,18.1,4.8,741,869,100,100
2024/4/22 11:30,1006.6,65.7,0,18.4,4.8,758,886,100,100
2024/4/22 11:45,1006.6,64.9,0,18.6,4.7,771,910,100,100
2024/4/22 12:00,1006.6,64.3,0,18.8,4.6,780,799,99.43,100
2024/4/22 12:15,1006.6,63.6,0,19,4.5,784,947,97.68,100
2024/4/22 12:30,1006.6,62.9,0,19.2,4.5,783,634,100,100
2024/4/22 12:45,1006.6,62.4,0,19.4,4.4,778,881,91.64,100
2024/4/22 13:00,1006.6,61.4,0,19.6,4.4,769,918,100,100
2024/4/22 13:15,1006.6,61.3,0,19.8,4.3,755,812,98.57,100
2024/4/22 13:30,1006.6,60.6,0,20,4.3,737,815,99.31,100
2024/4/22 13:45,1006.6,59.2,0,20.2,4.2,715,804,97.72,100
2024/4/22 14:00,1006.6,58.9,0,20.3,4.2,689,775,88.14,100
2024/4/22 14:15,1006.6,58.9,0,20.4,4.2,660,737,85.87,100
2024/4/22 14:30,1006.6,58.4,0,20.5,4.1,627,734,83.73,100
2024/4/22 14:45,1006.6,57.4,0,20.6,4.1,590,452,78.65,100
2024/4/22 15:00,1006.6,56.8,0,20.7,4.2,551,548,46.62,100
2024/4/22 15:15,1006.6,56.9,0,20.7,4.2,509,466,50.99,100
2024/4/22 15:30,1006.6,57.3,0,20.7,4.2,465,444,49.68,100
2024/4/22 15:45,1006.6,57.7,0,20.6,4.3,420,335,51.56,100
2024/4/22 16:00,1006.6,57.9,0,20.4,4.4,371,418,46.17,100
2024/4/22 16:15,1006.6,58.5,0,20.3,4.5,321,263,28,100
2024/4/22 16:30,1006.6,59.2,0,20.1,4.6,272,245,29.92,100
2024/4/22 16:45,1006.6,60.2,0,20,4.7,224,241,26.97,100
2024/4/22 17:00,1006.6,62.3,0,19.7,4.8,180,221,22.78,100
2024/4/22 17:15,1006.6,63.9,0,19.5,4.9,140,144,15.49,100
2024/4/22 17:30,1006.6,65.9,0,19.2,5,105,85,10.18,100
2024/4/22 17:45,1006.6,68.5,0,18.7,5.1,75,71,8.61,100
2024/4/22 18:00,1006.6,70.2,0,18.3,5.2,50,46,5.45,100
2024/4/22 18:15,1006.6,71.6,0,17.9,5.3,29,29,3.69,100
2024/4/22 18:30,1006.6,71.5,0,17.4,5.4,13,13,1.92,100
2024/4/22 18:45,1006.6,71.1,0,17.1,5.5,1,0,0,100
2024/4/22 19:00,1006.5,71.6,0,16.7,5.6,0,0,0,100
2024/4/22 19:15,1006.5,71.9,0,16.4,5.7,0,0,0,100
2024/4/22 19:30,1006.5,72.2,0,16.2,5.8,0,0,0,100
2024/4/22 19:45,1006.5,72.9,0,15.9,5.9,0,0,0,100
2024/4/22 20:00,1006.5,73.7,0,15.7,5.9,0,0,0,100
2024/4/22 20:15,1006.5,74.4,0,15.5,6,0,0,0,100
2024/4/22 20:30,1006.5,75.1,0,15.3,6.1,0,0,0,100
2024/4/22 20:45,1006.5,75.9,0,15.1,6.1,0,0,0,100
2024/4/22 21:00,1006.5,76.7,0,14.9,6.2,0,0,0,100
2024/4/22 21:15,1006.5,77.5,0,14.8,6.2,0,0,0,100
2024/4/22 21:30,1006.5,78.4,0,14.7,6.2,0,0,0,100
2024/4/22 21:45,1006.5,79.2,0,14.6,6.2,0,0,0,100
2024/4/22 22:00,1006.5,80,0,14.5,6.2,0,0,0,100
2024/4/22 22:15,1006.5,80.8,0,14.4,6.2,0,0,0,100
2024/4/22 22:30,1006.5,81.7,0,14.3,6.2,0,0,0,100
2024/4/22 22:45,1006.5,82.6,0,14.2,6.2,0,0,0,100
2024/4/22 23:00,1006.5,83.3,0,14.1,6.2,0,0,0,100
2024/4/22 23:15,1006.5,84,0,14,6.2,0,0,0,100
2024/4/22 23:30,1006.5,84.8,0,13.9,6.3,0,0,0,100
2024/4/22 23:45,1006.5,85.5,0,13.8,6.3,0,0,0,100
2024/4/23 0:00,1006.5,81.1,0,14.3,6.4,0,0,0,100
2024/4/23 0:15,1006.5,81.4,0,14.2,6.4,0,0,0,100
2024/4/23 0:30,1006.5,81.7,0,14.2,6.4,0,0,0,100
2024/4/23 0:45,1006.5,82,0,14.1,6.4,0,0,0,100
2024/4/23 1:00,1006.5,82.4,0,14.1,6.5,0,0,0,100
2024/4/23 1:15,1006.5,83.1,0,14,6.5,0,0,0,100
2024/4/23 1:30,1006.5,83.8,0,13.9,6.5,0,0,0,100
2024/4/23 1:45,1006.5,84.6,0,13.8,6.6,0,0,0,100
2024/4/23 2:00,1006.5,85.4,0,13.7,6.6,0,0,0,100
2024/4/23 2:15,1006.5,86.2,0,13.7,6.6,0,0,0,100
2024/4/23 2:30,1006.5,87.1,0,13.6,6.6,0,0,0,100
2024/4/23 2:45,1006.5,87.4,0,13.5,6.7,0,0,0,100
2024/4/23 3:00,1006.5,87.7,0,13.5,6.7,0,0,0,100
2024/4/23 3:15,1006.5,87.9,0,13.5,6.7,0,0,0,100
2024/4/23 3:30,1006.5,88.1,0,13.5,6.8,0,0,0,100
2024/4/23 3:45,1006.5,88.2,0,13.4,6.8,0,0,0,100
2024/4/23 4:00,1006.5,88.4,0,13.4,6.9,0,0,0,100
2024/4/23 4:15,1006.5,88.5,0,13.4,6.9,0,0,0,100
2024/4/23 4:30,1006.5,88.9,0,13.3,7,0,0,0,100
2024/4/23 4:45,1006.5,89.4,0,13.2,7,0,0,0,100
2024/4/23 5:00,1006.5,89.8,0,13.2,7,0,0,0,100
2024/4/23 5:15,1006.5,90.2,0,13.1,7.1,0,0,0,100
2024/4/23 5:30,1006.5,90.5,0,13.1,7.1,3,6,1.12,100
2024/4/23 5:45,1006.5,91,0,13,7.2,28,23,2.85,100
2024/4/23 6:00,1006.5,91.3,0,13,7.2,56,38,4.87,100
2024/4/23 6:15,1006.5,91.2,0,13.1,7.2,84,55,7.11,100
2024/4/23 6:30,1006.5,91.1,0,13.1,7.3,113,81,8.97,100
2024/4/23 6:45,1006.5,90.8,0,13.2,7.3,144,88,9.95,100
2024/4/23 7:00,1006.5,90.4,0,13.3,7.3,178,99,11.77,100
2024/4/23 7:15,1006.5,90,0,13.5,7.3,214,101,13.51,100
2024/4/23 7:30,1006.5,89.5,0,13.7,7.3,253,144,19.48,100
2024/4/23 7:45,1006.5,88.9,0,13.9,7.3,296,148,14.14,100
2024/4/23 8:00,1006.5,88.2,0,14.1,7.3,341,80,8.73,100
2024/4/23 8:15,1006.5,87.4,0,14.3,7.3,387,239,27.53,100
2024/4/23 8:30,1006.5,86.5,0,14.5,7.2,435,383,46.14,100
2024/4/23 8:45,1006.5,85.9,0,14.6,7.2,483,393,56.93,100
2024/4/23 9:00,1006.5,85.2,0,14.8,7.1,530,451,42.06,100
2024/4/23 9:15,1006.5,84.3,0,15,7.1,575,476,47.55,100
2024/4/23 9:30,1006.5,83.6,0.2,15.1,7,616,587,76.83,100
2024/4/23 9:45,1006.5,83.1,0.4,15.1,7,653,694,96.46,100
2024/4/23 10:00,1006.5,83.2,0.4,15.2,7,686,560,53.16,100
2024/4/23 10:15,1006.5,83.4,0.4,15.2,7,715,173,16.02,100
2024/4/23 10:30,1006.5,85,0.7,15,6.9,739,41,5.7,100
2024/4/23 10:45,1006.5,85.3,0.4,15.1,6.9,760,28,2.67,100
2024/4/23 11:00,1006.5,85.2,0.3,15.2,6.9,777,9,1.88,100
2024/4/23 11:15,1006.5,84.1,0.5,15.4,6.8,789,18,2.88,100
2024/4/23 11:30,1006.5,85.3,0.5,15.4,6.8,798,18,2.68,100
2024/4/23 11:45,1006.5,86.2,0.7,15.4,6.7,802,23,2.94,100
2024/4/23 12:00,1006.5,86.3,0.3,15.4,6.7,803,26,3.61,100
2024/4/23 12:15,1006.5,86.8,0.5,15.5,6.6,800,26,4.2,100
2024/4/23 12:30,1006.5,88.9,0.5,15,6.5,794,54,7.37,100
2024/4/23 12:45,1006.5,89.1,0.7,15,6.4,785,64,9.3,100
2024/4/23 13:00,1006.5,89.3,0.5,15,6.3,774,82,10.23,100
2024/4/23 13:15,1006.5,92.2,0.4,14.8,6.2,760,72,9.22,100
2024/4/23 13:30,1006.5,92.4,0.2,14.7,6.2,743,62,8.58,100
2024/4/23 13:45,1006.5,93.1,0.4,14.5,6.2,723,108,21.23,100
2024/4/23 14:00,1006.5,92.8,0.3,14.3,6.2,700,188,32.46,100
2024/4/23 14:15,1006.5,93.2,0.2,14.2,6.1,673,191,27.72,100
2024/4/23 14:30,1006.5,92.4,0.1,14.1,6.1,642,145,16.98,100
2024/4/23 14:45,1006.5,91.7,0.1,14.1,6.1,608,105,24.34,100
2024/4/23 15:00,1006.5,91.2,0,14.1,6.1,570,123,12.97,100
2024/4/23 15:15,1006.5,90.6,0,14,6.1,528,255,20.24,100
2024/4/23 15:30,1006.5,89.8,0,14,6,483,496,47.33,100
2024/4/23 15:45,1006.5,90.4,0,13.9,5.9,436,215,30.98,100
2024/4/23 16:00,1006.5,91.6,0,13.7,5.8,385,106,22.59,100
2024/4/23 16:15,1006.5,91.5,0,13.6,5.7,332,140,4.86,100
2024/4/23 16:30,1006.5,91.3,0,13.4,5.6,280,94,15.18,100
2024/4/23 16:45,1006.5,91.5,0,13.3,5.5,229,156,10.47,100
2024/4/23 17:00,1006.5,91.5,0,13.2,5.4,183,139,19.84,100
2024/4/23 17:15,1006.5,90.5,0,13.1,5.2,141,40,7.47,100
2024/4/23 17:30,1006.5,88.4,0,13.2,5.1,104,51,6.53,100
2024/4/23 17:45,1006.5,87.8,0,13.2,5.1,73,78,6.69,100
2024/4/23 18:00,1006.5,86.9,0,13.2,5,48,4,2.09,100
2024/4/23 18:15,1006.5,86.2,0,13.2,4.9,28,4,1,100
2024/4/23 18:30,1006.5,86,0,13.1,4.9,12,1,0.64,100
2024/4/23 18:45,1006.5,85.3,0,13.1,4.8,1,0,0.35,100
2024/4/23 19:00,1006.5,84.8,0,13.1,4.7,0,0,0,100
2024/4/23 19:15,1006.5,84.2,0,13.1,4.7,0,0,0,100
2024/4/23 19:30,1006.5,83.7,0,13.1,4.6,0,0,0,100
2024/4/23 19:45,1006.5,83.4,0,13.1,4.5,0,0,0,100
2024/4/23 20:00,1006.5,83.5,0,13.1,4.4,0,0,0,100
2024/4/23 20:15,1006.5,83.3,0,13.1,4.3,0,0,0,100
2024/4/23 20:30,1006.5,83.2,0,13,4.2,0,0,0,100
2024/4/23 20:45,1006.5,83.2,0,13,4.1,0,0,0,100
2024/4/23 21:00,1006.5,83.3,0,13,4,0,0,0,100
2024/4/23 21:15,1006.5,83.7,0,12.9,4,0,0,0,100
2024/4/23 21:30,1006.5,84.2,0,12.8,3.9,0,0,0,100
2024/4/23 21:45,1006.5,84.5,0,12.7,3.9,0,0,0,100
2024/4/23 22:00,1006.5,84.4,0,12.6,3.8,0,0,0,100
2024/4/23 22:15,1006.5,85.9,0,12.5,3.8,0,0,0,100
2024/4/23 22:30,1006.5,87.5,0,12.3,3.7,0,0,0,100
2024/4/23 22:45,1006.5,88.6,0,12.2,3.7,0,0,0,100
2024/4/23 23:00,1006.5,89.4,0,12,3.7,0,0,0,100
2024/4/23 23:15,1006.4,89.1,0,11.9,3.7,0,0,0,100
2024/4/23 23:30,1006.4,89.5,0,11.9,3.6,0,0,0,100
2024/4/23 23:45,1006.4,89,0,11.9,3.6,0,0,0,100
2024/4/24 0:00,1006.4,90.7,0,13.3,5.4,0,0,0,100
2024/4/24 0:15,1006.4,90.7,0,13.3,5.5,0,0,0,100
2024/4/24 0:30,1006.4,90.3,0,13.3,5.7,0,0,0,100
2024/4/24 0:45,1006.4,89.6,0,13.4,5.8,0,0,0,100
2024/4/24 1:00,1006.4,88.6,0,13.4,5.9,0,0,0,100
2024/4/24 1:15,1006.4,84.8,0,13.7,6,0,0,0,100
2024/4/24 1:30,1006.4,83.6,0,13.6,6.1,0,0,0,100
2024/4/24 1:45,1006.4,84.5,0,13.5,6.1,0,0,0,100
2024/4/24 2:00,1006.4,85.1,0,13.4,6.2,0,0,0,100
2024/4/24 2:15,1006.4,84.8,0,13.3,6.2,0,0,0,100
2024/4/24 2:30,1006.4,84.5,0,13.3,6.2,0,0,0,100
2024/4/24 2:45,1006.4,85.7,0,13.1,6.3,0,0,0,100
2024/4/24 3:00,1006.4,85.6,0,13,6.2,0,0,0,100
2024/4/24 3:15,1006.4,85.8,0,13,6.2,0,0,0,100
2024/4/24 3:30,1006.4,86.2,0,12.9,6.2,0,0,0,100
2024/4/24 3:45,1006.4,86.4,0,12.9,6.1,0,0,0,100
2024/4/24 4:00,1006.4,86.4,0,12.8,6.1,0,0,0,100
2024/4/24 4:15,1006.4,86.1,0,12.8,5.9,0,0,0,100
2024/4/24 4:30,1006.4,85.8,0,12.8,5.8,0,0,0,100
2024/4/24 4:45,1006.4,85.9,0,12.9,5.6,0,0,0,100
2024/4/24 5:00,1006.4,85.8,0,12.9,5.4,0,0,0,100
2024/4/24 5:15,1006.4,86.1,0,12.8,5.2,0,0,0.42,100
2024/4/24 5:30,1006.4,87.2,0,12.7,5,3,10,1.59,100
2024/4/24 5:45,1006.4,88.8,0,12.5,4.8,18,37,3.22,100
2024/4/24 6:00,1006.4,90.1,0,12.4,4.6,34,71,5.07,100
2024/4/24 6:15,1006.4,91.3,0,12.3,4.4,51,120,9.14,100
2024/4/24 6:30,1006.4,93.4,0,12.1,4.2,67,166,14.43,100
2024/4/24 6:45,1006.4,93.6,0,12,4.1,85,229,22.16,100
2024/4/24 7:00,1006.4,93.2,0,11.9,3.9,104,287,29.97,100
2024/4/24 7:15,1006.4,93.6,0,12.1,3.7,125,354,39.03,100
2024/4/24 7:30,1006.4,94.2,0,12,3.6,148,410,46.92,100
2024/4/24 7:45,1006.4,94.5,0,12,3.4,173,466,55.89,100
2024/4/24 8:00,1006.4,94.4,0,12.2,3.3,198,518,63.13,100
2024/4/24 8:15,1006.4,94,0,12.6,3.2,224,582,69.9,100
2024/4/24 8:30,1006.5,93.5,0,12.8,3,250,612,76.6,100
2024/4/24 8:45,1006.5,91,0,13.3,2.9,274,659,84.33,100
2024/4/24 9:00,1006.5,86.4,0,13.8,2.8,296,696,89.83,100
2024/4/24 9:15,1006.5,83.1,0,14.1,2.8,314,738,96.55,100
2024/4/24 9:30,1006.5,81.3,0,14.2,2.7,326,779,99.63,100
2024/4/24 9:45,1006.5,80,0,14.3,2.6,331,818,100,100
2024/4/24 10:00,1006.5,78.5,0,14.4,2.5,327,854,100,100
2024/4/24 10:15,1006.5,77.3,0,14.4,2.5,314,882,100,100
2024/4/24 10:30,1006.5,76.3,0,14.5,2.4,293,912,100,100
2024/4/24 10:45,1006.5,75.4,0,14.6,2.4,265,956,100,100
2024/4/24 11:00,1006.5,74.1,0,14.7,2.4,233,984,100,100
2024/4/24 11:15,1006.5,72.8,0,14.8,2.4,199,1009,100,100
2024/4/24 11:30,1006.5,71.8,0,14.9,2.4,164,1029,100,100
2024/4/24 11:45,1006.5,70.9,0,15,2.4,132,1034,100,100
2024/4/24 12:00,1006.5,69.8,0,15.1,2.4,104,1034,100,100
2024/4/24 12:15,1006.5,68.6,0,15.2,2.4,83,1034,100,100
2024/4/24 12:30,1006.5,67.4,0,15.3,2.3,71,1034,100,100
2024/4/24 12:45,1006.5,65.9,0,15.5,2.3,69,1034,100,100
2024/4/24 13:00,1006.5,64.1,0,15.8,2.2,78,1007,100,100
2024/4/24 13:15,1006.5,62,0,16,2.2,95,976,100,100
2024/4/24 13:30,1006.5,60,0,16.3,2.1,117,940,100,100
2024/4/24 13:45,1006.5,58.1,0,16.6,2.1,144,898,100,100
2024/4/24 14:00,1006.5,56.3,0,16.9,2,171,868,100,100
2024/4/24 14:15,1006.5,54.7,0,17.2,2,197,832,100,100
2024/4/24 14:30,1006.5,53,0,17.5,2,220,796,99.44,100
2024/4/24 14:45,1006.5,51.1,0,17.9,1.9,238,755,95.24,100
2024/4/24 15:00,1006.5,49.2,0,18.2,1.9,250,724,89.79,100
2024/4/24 15:15,1006.5,47.3,0,18.6,1.9,254,680,83.38,100
2024/4/24 15:30,1006.5,45.5,0,18.9,2,250,648,77.41,100
2024/4/24 15:45,1006.5,43.8,0,19.2,2,238,594,69.76,100
2024/4/24 16:00,1006.5,42.5,0,19.6,2,220,544,62.52,100
2024/4/24 16:15,1006.5,41.5,0,19.8,2.1,198,480,54.55,100
2024/4/24 16:30,1006.5,41,0,20.1,2.2,174,428,46.97,100
2024/4/24 16:45,1006.5,41.3,0,20.3,2.2,149,373,38.86,100
2024/4/24 17:00,1006.5,42.3,0,20.4,2.3,124,319,31.84,100
2024/4/24 17:15,1006.5,43.9,0,20.4,2.4,100,254,23.4,100
2024/4/24 17:30,1006.5,46.1,0,20.4,2.5,78,203,17.23,100
2024/4/24 17:45,1006.6,48.7,0,20.2,2.6,58,148,10.78,100
2024/4/24 18:00,1006.6,51.9,0,19.9,2.7,41,91,6.69,100
2024/4/24 18:15,1006.6,54.4,0,19.6,2.9,26,44,3.85,100
2024/4/24 18:30,1006.5,56,0,19.2,3.1,12,16,2.16,100
2024/4/24 18:45,1006.5,56.7,0,18.8,3.2,2,0,0.65,100
2024/4/24 19:00,1006.5,58.1,0,18.5,3.4,0,0,0,100
2024/4/24 19:15,1006.5,59.9,0,18.2,3.6,0,0,0,100
2024/4/24 19:30,1006.5,60.9,0,17.9,3.8,0,0,0,100
2024/4/24 19:45,1006.5,62.4,0,17.6,4,0,0,0,100
2024/4/24 20:00,1006.5,64.6,0,17.4,4.2,0,0,0,100
2024/4/24 20:15,1006.5,66.7,0,17.1,4.4,0,0,0,100
2024/4/24 20:30,1006.5,68.4,0,16.8,4.5,0,0,0,100
2024/4/24 20:45,1006.5,70.6,0,16.6,4.7,0,0,0,100
2024/4/24 21:00,1006.5,72.4,0,16.5,4.8,0,0,0,100
2024/4/24 21:15,1006.5,73.5,0,16.4,5,0,0,0,100
2024/4/24 21:30,1006.5,75.1,0,16.3,5.1,0,0,0,100
2024/4/24 21:45,1006.5,77,0,16.1,5.2,0,0,0,100
2024/4/24 22:00,1006.5,78.3,0,16,5.3,0,0,0,100
2024/4/24 22:15,1006.5,79,0,15.9,5.4,0,0,0,100
2024/4/24 22:30,1006.5,79.8,0,15.8,5.5,0,0,0,100
2024/4/24 22:45,1006.5,80.8,0,15.6,5.6,0,0,0,100
2024/4/24 23:00,1006.5,81.6,0,15.5,5.6,0,0,0,100
2024/4/24 23:15,1006.5,82.1,0,15.4,5.7,0,0,0,100
2024/4/24 23:30,1006.5,82.7,0,15.2,5.8,0,0,0,100
2024/4/24 23:45,1006.5,83.4,0,15.1,5.8,0,0,0,100
2024/4/25 0:00,1006.5,80.9,0,13.4,6.3,0,0,0,100
2024/4/25 0:15,1006.5,80.9,0,13.3,6.3,0,0,0,100
2024/4/25 0:30,1006.5,81,0,13.2,6.3,0,0,0,100
2024/4/25 0:45,1006.5,81,0,13.1,6.3,0,0,0,100
2024/4/25 1:00,1006.4,81,0,13,6.3,0,0,0,100
2024/4/25 1:15,1006.4,81,0,12.9,6.3,0,0,0,100
2024/4/25 1:30,1006.4,81.1,0,12.9,6.3,0,0,0,100
2024/4/25 1:45,1006.4,81.3,0,12.8,6.3,0,0,0,100
2024/4/25 2:00,1006.4,81.7,0,12.7,6.3,0,0,0,100
2024/4/25 2:15,1006.4,82.3,0,12.6,6.4,0,0,0,100
2024/4/25 2:30,1006.4,82.8,0,12.6,6.4,0,0,0,100
2024/4/25 2:45,1006.4,83.2,0,12.5,6.4,0,0,0,100
2024/4/25 3:00,1006.4,83.6,0,12.5,6.4,0,0,0,100
2024/4/25 3:15,1006.4,84,0,12.4,6.4,0,0,0,100
2024/4/25 3:30,1006.4,84.1,0,12.4,6.4,0,0,0,100
2024/4/25 3:45,1006.4,84.2,0,12.3,6.4,0,0,0,100
2024/4/25 4:00,1006.4,84.2,0,12.3,6.5,0,0,0,100
2024/4/25 4:15,1006.4,84,0,12.2,6.5,0,0,0,100
2024/4/25 4:30,1006.4,83.9,0,12.2,6.5,0,0,0,100
2024/4/25 4:45,1006.4,83.8,0,12.2,6.5,0,0,0,100
2024/4/25 5:00,1006.4,83.8,0,12.1,6.5,0,0,0,100
2024/4/25 5:15,1006.4,83.7,0,12.1,6.5,0,0,0.55,100
2024/4/25 5:30,1006.4,83.7,0,12.1,6.6,6,14,1.91,100
2024/4/25 5:45,1006.4,83.6,0,12.1,6.6,34,39,4.03,100
2024/4/25 6:00,1006.4,83.3,0,12.2,6.6,62,69,6.36,100
2024/4/25 6:15,1006.4,82.5,0,12.4,6.7,92,114,10.23,100
2024/4/25 6:30,1006.4,81.2,0,12.6,6.7,122,159,14.92,100
2024/4/25 6:45,1006.4,79.7,0,12.9,6.8,154,236,25.6,100
2024/4/25 7:00,1006.4,78.1,0,13.3,6.9,189,326,32.58,100
2024/4/25 7:15,1006.5,76.6,0,13.6,7,227,147,25.12,100
2024/4/25 7:30,1006.5,75,0,13.9,7,267,311,39.27,100
2024/4/25 7:45,1006.5,73.3,0,14.3,7.1,310,448,51.74,100
2024/4/25 8:00,1006.5,71.4,0,14.6,7.2,356,491,59.4,100
2024/4/25 8:15,1006.5,69.5,0,15,7.3,403,565,68.8,100
2024/4/25 8:30,1006.5,67.6,0,15.4,7.4,452,615,66.55,100
2024/4/25 8:45,1006.5,65.8,0,15.8,7.4,501,653,82.82,100
2024/4/25 9:00,1006.5,64.2,0,16.2,7.5,549,713,91.8,100
2024/4/25 9:15,1006.5,62.5,0,16.6,7.6,595,763,87.8,100
2024/4/25 9:30,1006.5,60.8,0,16.9,7.7,638,501,81.5,100
2024/4/25 9:45,1006.5,58.9,0,17.3,7.8,676,797,100,100
2024/4/25 10:00,1006.5,56.9,0,17.7,7.9,711,817,100,100
2024/4/25 10:15,1006.5,55.2,0,18,7.9,743,857,100,100
2024/4/25 10:30,1006.5,54.3,0,18.3,8,771,877,100,100
2024/4/25 10:45,1006.5,53.3,0,18.5,8.1,796,913,100,100
2024/4/25 11:00,1006.5,51.5,0,18.8,8.1,816,940,100,100
2024/4/25 11:15,1006.6,50.4,0,19.1,8.2,832,970,100,100
2024/4/25 11:30,1006.6,49.1,0,19.3,8.3,844,981,100,100
2024/4/25 11:45,1006.6,47.6,0,19.5,8.3,852,984,100,100
2024/4/25 12:00,1006.6,46.3,0,19.7,8.3,856,991,100,100
2024/4/25 12:15,1006.6,45.4,0,19.8,8.4,856,991,100,100
2024/4/25 12:30,1006.6,44.8,0,20,8.4,852,995,100,100
2024/4/25 12:45,1006.6,44.3,0,20.1,8.4,844,974,100,100
2024/4/25 13:00,1006.6,44,0,20.3,8.4,833,964,100,100
2024/4/25 13:15,1006.6,43.4,0,20.4,8.4,819,932,100,100
2024/4/25 13:30,1006.6,42.5,0,20.5,8.3,802,910,100,100
2024/4/25 13:45,1006.6,41.8,0,20.5,8.3,781,875,100,100
2024/4/25 14:00,1006.6,41.6,0,20.6,8.3,756,845,100,100
2024/4/25 14:15,1006.6,41.7,0,20.6,8.2,727,811,99.82,100
2024/4/25 14:30,1006.6,41.8,0,20.6,8.2,694,771,97.26,100
2024/4/25 14:45,1006.6,41.7,0,20.7,8.1,658,733,92.27,100
2024/4/25 15:00,1006.6,41.9,0,20.7,8,618,701,87.08,100
2024/4/25 15:15,1006.6,41.8,0,20.7,7.9,574,664,81.26,100
2024/4/25 15:30,1006.6,41.8,0,20.7,7.8,527,626,75.12,100
2024/4/25 15:45,1006.6,41.9,0,20.6,7.8,478,574,67.15,100
2024/4/25 16:00,1006.6,42.4,0,20.6,7.7,424,522,60.34,100
2024/4/25 16:15,1006.6,43.4,0,20.6,7.7,369,459,51.96,100
2024/4/25 16:30,1006.6,44.9,0,20.5,7.6,314,419,44.72,100
2024/4/25 16:45,1006.6,46,0,20.3,7.6,261,358,36.76,100
2024/4/25 17:00,1006.6,47.1,0,20.1,7.5,212,303,29.93,100
2024/4/25 17:15,1006.6,49.9,0,19.9,7.4,166,245,22.3,100
2024/4/25 17:30,1006.6,55,0,19.7,7.4,126,191,16.3,100
2024/4/25 17:45,1006.5,59,0,19.2,7.3,91,136,10.56,100
2024/4/25 18:00,1006.5,60.3,0,18.7,7.3,62,86,6.92,100
2024/4/25 18:15,1006.5,61.6,0,18.1,7.2,38,45,4.13,100
2024/4/25 18:30,1006.5,62.8,0,17.6,7.1,18,17,2.23,100
2024/4/25 18:45,1006.5,64.2,0,17.2,7.1,3,0,0.66,100
2024/4/25 19:00,1006.5,67.3,0,16.8,7,0,0,0,100
2024/4/25 19:15,1006.5,70.9,0,16.5,7,0,0,0,100
2024/4/25 19:30,1006.5,73,0,16.2,7,0,0,0,100
2024/4/25 19:45,1006.5,74.1,0,15.9,6.9,0,0,0,100
2024/4/25 20:00,1006.5,74.9,0,15.6,6.9,0,0,0,100
2024/4/25 20:15,1006.5,75.6,0,15.3,6.9,0,0,0,100
2024/4/25 20:30,1006.5,75.9,0,15.1,6.9,0,0,0,100
2024/4/25 20:45,1006.5,75.8,0,14.9,6.9,0,0,0,100
2024/4/25 21:00,1006.5,75.3,0,14.6,6.9,0,0,0,100
2024/4/25 21:15,1006.5,74.7,0,14.4,6.8,0,0,0,100
2024/4/25 21:30,1006.5,74.1,0,14.2,6.8,0,0,0,100
2024/4/25 21:45,1006.5,73.7,0,14.1,6.8,0,0,0,100
2024/4/25 22:00,1006.5,73.3,0,13.9,6.7,0,0,0,100
2024/4/25 22:15,1006.5,73,0,13.7,6.7,0,0,0,100
2024/4/25 22:30,1006.4,72.5,0,13.6,6.7,0,0,0,100
2024/4/25 22:45,1006.4,72,0,13.5,6.6,0,0,0,100
2024/4/25 23:00,1006.4,71.7,0,13.4,6.6,0,0,0,100
2024/4/25 23:15,1006.4,71.5,0,13.3,6.6,0,0,0,100
2024/4/25 23:30,1006.4,71.5,0,13.2,6.5,0,0,0,100
2024/4/25 23:45,1006.4,71.5,0,13.1,6.5,0,0,0,100
2024/4/26 0:00,1006.4,79.1,0,13.3,6.1,0,0,0,100
2024/4/26 0:15,1006.4,79.4,0,13.2,6.1,0,0,0,100
2024/4/26 0:30,1006.4,79.8,0,13.1,6,0,0,0,100
2024/4/26 0:45,1006.4,80.4,0,13.1,6,0,0,0,100
2024/4/26 1:00,1006.4,80.9,0,13,5.9,0,0,0,100
2024/4/26 1:15,1006.4,81.6,0,12.9,5.9,0,0,0,100
2024/4/26 1:30,1006.4,82.3,0,12.8,5.9,0,0,0,100
2024/4/26 1:45,1006.4,83,0,12.7,5.8,0,0,0,100
2024/4/26 2:00,1006.4,83.7,0,12.7,5.8,0,0,0,100
2024/4/26 2:15,1006.4,84.4,0,12.6,5.7,0,0,0,100
2024/4/26 2:30,1006.4,85,0,12.5,5.7,0,0,0,100
2024/4/26 2:45,1006.4,85.6,0,12.5,5.6,0,0,0,100
2024/4/26 3:00,1006.4,86.2,0,12.4,5.6,0,0,0,100
2024/4/26 3:15,1006.4,86.7,0,12.4,5.6,0,0,0,100
2024/4/26 3:30,1006.4,87.3,0,12.3,5.5,0,0,0,100
2024/4/26 3:45,1006.4,87.9,0,12.3,5.5,0,0,0,100
2024/4/26 4:00,1006.4,88.5,0,12.3,5.5,0,0,0,100
2024/4/26 4:15,1006.4,89.1,0,12.2,5.4,0,0,0,100
2024/4/26 4:30,1006.4,89.6,0,12.2,5.4,0,0,0,100
2024/4/26 4:45,1006.4,90.2,0,12.2,5.5,0,0,0,100
2024/4/26 5:00,1006.4,90.7,0,12.1,5.5,0,0,0,100
2024/4/26 5:15,1006.4,91.2,0,12.1,5.5,0,0,0.59,100
2024/4/26 5:30,1006.4,91.5,0,12.1,5.5,8,12,1.68,100
2024/4/26 5:45,1006.4,91.6,0,12.1,5.6,37,39,3.65,100
2024/4/26 6:00,1006.4,91.3,0,12.2,5.6,67,73,5.88,100
2024/4/26 6:15,1006.4,90.3,0,12.4,5.7,97,123,9.85,100
2024/4/26 6:30,1006.4,88.8,0,12.7,5.7,128,172,14.93,100
2024/4/26 6:45,1006.4,86.6,0,13.1,5.8,160,229,22.26,100
2024/4/26 7:00,1006.4,84.2,0,13.6,5.8,195,288,29.67,100
2024/4/26 7:15,1006.4,81.8,0,14,5.9,232,354,38.29,100
2024/4/26 7:30,1006.4,79.5,0,14.3,5.9,271,408,46.18,100
2024/4/26 7:45,1006.5,77.2,0,14.7,6,313,472,54.9,100
2024/4/26 8:00,1006.5,74.7,0,15.1,6.1,356,523,62.13,100
2024/4/26 8:15,1006.5,71.6,0,15.5,6.1,401,584,70.57,100
2024/4/26 8:30,1006.5,68.1,0,15.9,6.2,446,626,77.07,100
2024/4/26 8:45,1006.5,65,0,16.2,6.2,492,666,84.14,100
2024/4/26 9:00,1006.5,62.7,0,16.5,6.3,537,701,89.85,100
2024/4/26 9:15,1006.5,60.9,0,16.8,6.4,580,743,95.62,100
2024/4/26 9:30,1006.5,59.3,0,17.1,6.4,620,777,99.15,100
2024/4/26 9:45,1006.5,57.7,0,17.5,6.4,656,816,100,100
2024/4/26 10:00,1006.5,55.7,0,17.8,6.5,689,856,100,100
2024/4/26 10:15,1006.5,53.8,0,18.1,6.5,719,885,100,100
2024/4/26 10:30,1006.5,53.2,0,18.4,6.5,745,920,100,100
2024/4/26 10:45,1006.5,53.4,0,18.6,6.5,768,942,100,100
2024/4/26 11:00,1006.5,53.8,0,18.9,6.5,788,983,100,100
2024/4/26 11:15,1006.5,53,0,19.3,6.6,804,995,100,100
2024/4/26 11:30,1006.5,51,0,19.5,6.6,816,1009,100,100
2024/4/26 11:45,1006.5,50.3,0,19.8,6.6,824,1042,100,100
2024/4/26 12:00,1006.5,49.9,0,20,6.6,828,1031,100,100
2024/4/26 12:15,1006.5,49.2,0,20.3,6.6,829,1030,100,100
2024/4/26 12:30,1006.6,48.5,0,20.4,6.6,826,1024,100,100
2024/4/26 12:45,1006.6,47.5,0,20.5,6.6,819,1013,100,100
2024/4/26 13:00,1006.6,47.1,0,20.6,6.6,810,1004,100,100
2024/4/26 13:15,1006.6,47.3,0,20.7,6.5,798,962,100,100
2024/4/26 13:30,1006.6,47.1,0,20.8,6.5,783,921,100,100
2024/4/26 13:45,1006.6,46.5,0,20.9,6.5,765,880,100,100
2024/4/26 14:00,1006.6,46.3,0,20.9,6.5,743,848,100,100
2024/4/26 14:15,1006.6,46.4,0,21,6.5,717,808,99.79,100
2024/4/26 14:30,1006.6,46.2,0,21,6.5,687,775,97.79,100
2024/4/26 14:45,1006.6,45.7,0,21,6.4,653,734,91.85,100
2024/4/26 15:00,1006.6,45.4,0,21,6.4,615,698,87.25,100
2024/4/26 15:15,1006.6,45.5,0,21,6.5,573,663,81.27,100
2024/4/26 15:30,1006.6,45.7,0,21,6.5,528,620,74.53,100
2024/4/26 15:45,1006.6,46.1,0,20.9,6.5,479,577,67.55,100
2024/4/26 16:00,1006.6,46.9,0,20.8,6.5,426,527,60.42,100
2024/4/26 16:15,1006.6,47.9,0,20.7,6.5,372,469,52.82,100
2024/4/26 16:30,1006.6,48.8,0,20.6,6.5,317,420,45.75,100
2024/4/26 16:45,1006.6,49.9,0,20.4,6.5,264,366,37.91,100
2024/4/26 17:00,1006.5,52.1,0,20.1,6.5,214,313,31.14,100
2024/4/26 17:15,1006.5,55.4,0,19.9,6.4,169,184,16.17,100
2024/4/26 17:30,1006.5,59,0,19.4,6.4,128,188,18.03,100
2024/4/26 17:45,1006.5,60.9,0,18.9,6.4,93,149,10.5,100
2024/4/26 18:00,1006.5,61.2,0,18.3,6.4,64,93,6.35,100
2024/4/26 18:15,1006.5,61.9,0,17.7,6.3,40,30,3.23,100
2024/4/26 18:30,1006.5,63.6,0,17.1,6.3,20,16,1.92,100
2024/4/26 18:45,1006.5,64.9,0,16.6,6.3,3,0,0,100
2024/4/26 19:00,1006.5,66.4,0,16.2,6.3,0,0,0,100
2024/4/26 19:15,1006.5,68.3,0,15.8,6.2,0,0,0,100
2024/4/26 19:30,1006.5,70.4,0,15.4,6.2,0,0,0,100
2024/4/26 19:45,1006.5,72.6,0,15.1,6.2,0,0,0,100
2024/4/26 20:00,1006.5,74.5,0,14.8,6.2,0,0,0,100
2024/4/26 20:15,1006.5,76,0,14.5,6.1,0,0,0,100
2024/4/26 20:30,1006.5,76.9,0,14.3,6.1,0,0,0,100
2024/4/26 20:45,1006.5,77.6,0,14,6.1,0,0,0,100
2024/4/26 21:00,1006.5,78.3,0,13.8,6.1,0,0,0,100
2024/4/26 21:15,1006.5,78.9,0,13.7,6,0,0,0,100
2024/4/26 21:30,1006.5,79.5,0,13.5,6,0,0,0,100
2024/4/26 21:45,1006.5,80,0,13.3,5.9,0,0,0,100
2024/4/26 22:00,1006.5,80.4,0,13.2,5.9,0,0,0,100
2024/4/26 22:15,1006.5,80.9,0,13.1,5.8,0,0,0,100
2024/4/26 22:30,1006.5,81.4,0,12.9,5.8,0,0,0,100
2024/4/26 22:45,1006.5,82.1,0,12.8,5.7,0,0,0,100
2024/4/26 23:00,1006.4,82.8,0,12.7,5.7,0,0,0,100
2024/4/26 23:15,1006.4,83.5,0,12.6,5.6,0,0,0,100
2024/4/26 23:30,1006.4,84.3,0,12.5,5.6,0,0,0,100
2024/4/26 23:45,1006.4,85.2,0,12.3,5.6,0,0,0,100
2024/4/27 0:00,1006.5,89.7,0,14.1,6,0,0,0,100
2024/4/27 0:15,1006.5,90.4,0,13.9,6,0,0,0,100
2024/4/27 0:30,1006.5,91.3,0,13.8,6,0,0,0,100
2024/4/27 0:45,1006.5,92.6,0,13.7,6,0,0,0,100
2024/4/27 1:00,1006.5,93.2,0,13.6,6,0,0,0,100
2024/4/27 1:15,1006.5,93.5,0,13.6,6,0,0,0,100
2024/4/27 1:30,1006.5,93.7,0,13.6,6,0,0,0,100
2024/4/27 1:45,1006.5,94,0,13.5,6,0,0,0,100
2024/4/27 2:00,1006.5,94.2,0,13.5,6.1,0,0,0,100
2024/4/27 2:15,1006.5,94.5,0,13.4,6.1,0,0,0,100
2024/4/27 2:30,1006.5,94.7,0,13.4,6.1,0,0,0,100
2024/4/27 2:45,1006.5,94.9,0,13.3,6.1,0,0,0,100
2024/4/27 3:00,1006.5,95.1,0,13.3,6.2,0,0,0,100
2024/4/27 3:15,1006.5,95.5,0,13.2,6.2,0,0,0,100
2024/4/27 3:30,1006.5,96.2,0,13.1,6.2,0,0,0,100
2024/4/27 3:45,1006.5,97,0,13,6.2,0,0,0,100
2024/4/27 4:00,1006.4,97.3,0,13,6.2,0,0,0,100
2024/4/27 4:15,1006.4,97.4,0,12.9,6.3,0,0,0,100
2024/4/27 4:30,1006.5,97.5,0,12.9,6.3,0,0,0,100
2024/4/27 4:45,1006.5,97.5,0,12.9,6.3,0,0,0,100
2024/4/27 5:00,1006.5,97.6,0,12.9,6.3,0,0,0,100
2024/4/27 5:15,1006.5,97.7,0,12.8,6.3,0,0,0.44,100
2024/4/27 5:30,1006.5,97.8,0,12.8,6.3,11,14,1.67,100
2024/4/27 5:45,1006.5,97.8,0,12.8,6.3,40,37,3.82,100
2024/4/27 6:00,1006.5,97.8,0,12.8,6.3,70,42,4.58,100
2024/4/27 6:15,1006.5,97.5,0,12.9,6.3,101,67,8.21,100
2024/4/27 6:30,1006.5,97.2,0,13.1,6.3,132,149,14.18,100
2024/4/27 6:45,1006.5,97,0,13.2,6.3,166,204,20.49,100
2024/4/27 7:00,1006.5,96.9,0,13.3,6.3,202,251,26.4,100
2024/4/27 7:15,1006.5,96.7,0,13.4,6.3,240,317,34.75,100
2024/4/27 7:30,1006.5,96.5,0,13.5,6.3,282,368,41.83,100
2024/4/27 7:45,1006.5,96.3,0,13.7,6.3,326,430,49.86,100
2024/4/27 8:00,1006.5,95.2,0,13.9,6.3,372,478,56.92,100
2024/4/27 8:15,1006.5,93.8,0,14.1,6.3,420,529,64.59,100
2024/4/27 8:30,1006.5,91.6,0,14.5,6.2,469,573,70.83,100
2024/4/27 8:45,1006.5,89.6,0,14.9,6.2,518,600,74.62,100
2024/4/27 9:00,1006.5,87.5,0,15.3,6.2,567,651,83.37,100
2024/4/27 9:15,1006.5,85.3,0,15.7,6.1,613,684,88.83,100
2024/4/27 9:30,1006.5,83.3,0,16.1,6.1,655,724,92.73,100
2024/4/27 9:45,1006.5,81.2,0,16.6,6.1,693,758,98.17,100
2024/4/27 10:00,1006.5,79.1,0,17,6,728,819,100,100
2024/4/27 10:15,1006.5,76.6,0,17.4,6,759,854,100,100
2024/4/27 10:30,1006.6,74,0,17.8,5.9,786,877,100,100
2024/4/27 10:45,1006.6,71.4,0,18.1,5.9,810,913,100,100
2024/4/27 11:00,1006.6,70.2,0,18.5,5.8,829,923,100,100
2024/4/27 11:15,1006.6,69.3,0,18.8,5.8,845,921,100,100
2024/4/27 11:30,1006.6,68.1,0,19.2,5.7,856,947,100,100
2024/4/27 11:45,1006.6,66.9,0,19.4,5.7,863,937,100,100
2024/4/27 12:00,1006.6,65.5,0,19.7,5.6,865,932,100,100
2024/4/27 12:15,1006.6,63.4,0,19.9,5.6,864,946,100,100
2024/4/27 12:30,1006.6,62.8,0,20.1,5.5,859,938,100,100
2024/4/27 12:45,1006.6,61.9,0,20.4,5.5,850,931,100,100
2024/4/27 13:00,1006.6,61.2,0,20.6,5.4,839,906,100,100
2024/4/27 13:15,1006.6,60.4,0,20.8,5.4,824,885,100,100
2024/4/27 13:30,1006.6,58.3,0,20.9,5.3,806,855,100,100
2024/4/27 13:45,1006.6,57.2,0,21.1,5.2,784,817,100,100
2024/4/27 14:00,1006.6,55.8,0,21.2,5.1,759,807,99.04,100
2024/4/27 14:15,1006.6,55.4,0,21.2,5.1,730,767,95.21,100
2024/4/27 14:30,1006.6,55.8,0,21.3,5.1,697,733,92.61,100
2024/4/27 14:45,1006.6,56.5,0,21.4,5,660,693,86.52,100
2024/4/27 15:00,1006.6,57.3,0,21.5,5,619,661,79.75,100
2024/4/27 15:15,1006.6,58.4,0,21.2,5,576,620,77.1,100
2024/4/27 15:30,1006.6,59.2,0,21,4.9,529,587,70.99,100
2024/4/27 15:45,1006.6,60.3,0,20.8,4.9,480,502,60.09,100
2024/4/27 16:00,1006.6,60.4,0,20.9,4.9,427,495,56.56,100
2024/4/27 16:15,1006.6,60.1,0,21.2,4.8,372,255,32.17,100
2024/4/27 16:30,1006.6,59.8,0,21.2,4.8,317,288,34.28,100
2024/4/27 16:45,1006.6,60.8,0,21.1,4.8,265,317,34.85,100
2024/4/27 17:00,1006.6,61.7,0,20.9,4.8,215,245,21.96,100
2024/4/27 17:15,1006.6,62.2,0,20.5,4.8,170,195,19.02,100
2024/4/27 17:30,1006.6,63.1,0,20.2,4.8,130,138,13.62,100
2024/4/27 17:45,1006.6,64.7,0,19.9,4.7,95,102,9.63,100
2024/4/27 18:00,1006.6,66.9,0,19.5,4.8,65,83,7.8,100
2024/4/27 18:15,1006.6,69.5,0,19.2,4.8,41,34,3.89,100
2024/4/27 18:30,1006.6,71.8,0,18.8,4.8,21,11,1.76,100
2024/4/27 18:45,1006.6,73.8,0,18.4,4.8,4,0,0.48,100
2024/4/27 19:00,1006.6,75.4,0,18,4.8,0,0,0,100
2024/4/27 19:15,1006.6,76,0,17.6,4.9,0,0,0,100
2024/4/27 19:30,1006.6,76.9,0,17.3,4.9,0,0,0,100
2024/4/27 19:45,1006.6,78.4,0,17,5,0,0,0,100
2024/4/27 20:00,1006.6,79.8,0,16.8,5,0,0,0,100
2024/4/27 20:15,1006.6,80.8,0,16.5,5,0,0,0,100
2024/4/27 20:30,1006.5,81.7,0,16.3,5,0,0,0,100
2024/4/27 20:45,1006.5,82.8,0,16.1,5,0,0,0,100
2024/4/27 21:00,1006.5,83.9,0,15.9,5,0,0,0,100
2024/4/27 21:15,1006.5,84.6,0,15.7,5,0,0,0,100
2024/4/27 21:30,1006.5,85.2,0,15.5,5,0,0,0,100
2024/4/27 21:45,1006.5,85.7,0,15.4,5,0,0,0,100
2024/4/27 22:00,1006.5,86.3,0,15.2,4.9,0,0,0,100
2024/4/27 22:15,1006.5,86.9,0,15.1,4.9,0,0,0,100
2024/4/27 22:30,1006.5,87.5,0,15,4.8,0,0,0,100
2024/4/27 22:45,1006.5,88.1,0,14.8,4.7,0,0,0,100
2024/4/27 23:00,1006.5,88.7,0,14.7,4.7,0,0,0,100
2024/4/27 23:15,1006.5,89.2,0,14.6,4.6,0,0,0,100
2024/4/27 23:30,1006.5,89.8,0,14.5,4.5,0,0,0,100
2024/4/27 23:45,1006.5,90.4,0,14.4,4.3,0,0,0,100
2024/4/28 0:00,1006.5,87.5,0,14.4,4.5,0,0,0,100
2024/4/28 0:15,1006.5,88.3,0,14.2,4.4,0,0,0,100
2024/4/28 0:30,1006.5,89.1,0,14.1,4.3,0,0,0,100
2024/4/28 0:45,1006.5,89.8,0,14,4.2,0,0,0,100
2024/4/28 1:00,1006.5,90.5,0,13.9,4.1,0,0,0,100
2024/4/28 1:15,1006.5,91.2,0,13.8,4,0,0,0,100
2024/4/28 1:30,1006.5,91.7,0,13.7,3.9,0,0,0,100
2024/4/28 1:45,1006.5,92.1,0,13.6,3.8,0,0,0,100
2024/4/28 2:00,1006.5,92.5,0,13.5,3.6,0,0,0,100
2024/4/28 2:15,1006.5,92.8,0,13.5,3.5,0,0,0,100
2024/4/28 2:30,1006.5,93.1,0,13.4,3.4,0,0,0,100
2024/4/28 2:45,1006.5,93.3,0,13.4,3.3,0,0,0,100
2024/4/28 3:00,1006.5,93.5,0,13.3,3.2,0,0,0,100
2024/4/28 3:15,1006.5,93.8,0,13.2,3.1,0,0,0,100
2024/4/28 3:30,1006.5,94,0,13.2,3,0,0,0,100
2024/4/28 3:45,1006.5,94.2,0,13.1,2.9,0,0,0,100
2024/4/28 4:00,1006.5,94.3,0,13.1,2.8,0,0,0,100
2024/4/28 4:15,1006.5,94.4,0,13.1,2.7,0,0,0,100
2024/4/28 4:30,1006.5,93.9,0,13.1,2.6,0,0,0,100
2024/4/28 4:45,1006.5,93.2,0,13.1,2.5,0,0,0,100
2024/4/28 5:00,1006.5,93,0,13.1,2.4,0,0,0,100
2024/4/28 5:15,1006.5,93,0,13.1,2.3,0,0,0.47,100
2024/4/28 5:30,1006.5,92.8,0,13.1,2.2,13,11,1.66,100
2024/4/28 5:45,1006.5,92.6,0,13.1,2.1,41,28,3.88,100
2024/4/28 6:00,1006.5,92.2,0,13.1,2.1,70,52,6.96,100
2024/4/28 6:15,1006.5,91.7,0,13.2,2.1,100,47,10.42,100
2024/4/28 6:30,1006.5,91.2,0,13.3,2.1,131,47,11.52,100
2024/4/28 6:45,1006.5,89.9,0,13.5,2.1,163,97,10.4,100
2024/4/28 7:00,1006.5,88.3,0,13.8,2,197,156,12.56,100
2024/4/28 7:15,1006.5,86.7,0,14.1,2,234,159,15.98,100
2024/4/28 7:30,1006.5,85.7,0,14.3,2,274,195,21.26,100
2024/4/28 7:45,1006.5,85,0,14.5,2,316,232,34.22,100
2024/4/28 8:00,1006.5,84.2,0,14.8,2,360,277,34.56,100
2024/4/28 8:15,1006.5,83.7,0,15,2,405,278,34.17,100
2024/4/28 8:30,1006.5,83.4,0,15.1,2,452,276,39.99,100
2024/4/28 8:45,1006.5,82.4,0,15.2,2,498,586,57.89,100
2024/4/28 9:00,1006.5,81,0,15.3,2,544,506,64.34,100
2024/4/28 9:15,1006.5,79.2,0,15.6,2.1,587,536,79.77,100
2024/4/28 9:30,1006.5,77.3,0,15.8,2.2,628,704,91.15,100
2024/4/28 9:45,1006.6,75.3,0,16.1,2.3,664,705,87.8,100
2024/4/28 10:00,1006.6,73.3,0,16.3,2.4,697,694,90.36,100
2024/4/28 10:15,1006.6,73.2,0,16.4,2.5,726,636,82.93,100
2024/4/28 10:30,1006.6,73.8,0,16.4,2.7,753,662,87.19,100
2024/4/28 10:45,1006.6,73.8,0,16.6,2.8,775,641,82.24,100
2024/4/28 11:00,1006.6,73.5,0,16.8,3,794,873,100,100
2024/4/28 11:15,1006.6,72.8,0,16.9,3.2,809,832,99.57,100
2024/4/28 11:30,1006.6,72.4,0,16.9,3.3,820,733,88.67,100
2024/4/28 11:45,1006.6,72.9,0,16.8,3.4,827,625,87.57,100
2024/4/28 12:00,1006.6,71.9,0,16.7,3.6,830,399,75.24,100
2024/4/28 12:15,1006.6,71.8,0,16.7,3.7,829,538,49.36,100
2024/4/28 12:30,1006.5,74.5,0,16.6,3.9,823,305,34.51,100
2024/4/28 12:45,1006.5,74.7,0,16.6,4,814,474,50.44,100
2024/4/28 13:00,1006.5,76,0,16.5,4.2,802,779,87.71,100
2024/4/28 13:15,1006.5,77.3,0,16.3,4.3,787,512,56.4,100
2024/4/28 13:30,1006.5,77.5,0,16.3,4.5,769,451,52.22,100
2024/4/28 13:45,1006.5,77.3,0,16.2,4.6,747,670,83.89,100
2024/4/28 14:00,1006.5,77.1,0,16.2,4.8,721,718,100,100
2024/4/28 14:15,1006.5,77.3,0,16.2,4.9,692,916,79.56,100
2024/4/28 14:30,1006.5,77.5,0,16.2,5,659,711,90.56,100
2024/4/28 14:45,1006.5,77.7,0,16.2,5,623,819,99.97,100
2024/4/28 15:00,1006.5,77.3,0,16.2,5.1,584,744,95.3,100
2024/4/28 15:15,1006.5,76.4,0,16.2,5.1,542,704,87.18,100
2024/4/28 15:30,1006.5,75.5,0,16.3,5.1,497,597,80.32,100
2024/4/28 15:45,1006.5,74.6,0,16.4,5.1,450,556,67.59,100
2024/4/28 16:00,1006.5,74.2,0,16.5,5.1,400,446,60.01,100
2024/4/28 16:15,1006.5,74.6,0,16.4,5,348,497,56.78,100
2024/4/28 16:30,1006.5,74.9,0,16.3,4.9,296,382,45.67,100
2024/4/28 16:45,1006.5,74.7,0,16.3,4.8,247,374,39.06,100
2024/4/28 17:00,1006.5,73.7,0,16.3,4.7,200,271,27.14,100
2024/4/28 17:15,1006.5,72.3,0,16.4,4.6,158,209,19.39,100
2024/4/28 17:30,1006.5,71.3,0,16.6,4.5,120,113,11.05,100
2024/4/28 17:45,1006.5,71.5,0,16.7,4.4,88,60,6.55,100
2024/4/28 18:00,1006.5,73.5,0,16.6,4.2,60,56,6.03,100
2024/4/28 18:15,1006.5,76,0,16.3,4.1,38,54,5.26,100
2024/4/28 18:30,1006.5,77.2,0,16.2,4,19,32,3.4,100
2024/4/28 18:45,1006.5,77.9,0,16.1,3.8,4,5,0.99,100
2024/4/28 19:00,1006.5,78.5,0,16.1,3.7,0,0,0,100
2024/4/28 19:15,1006.5,79.2,0,16.1,3.6,0,0,0,100
2024/4/28 19:30,1006.5,80.2,0,16.1,3.4,0,0,0,100
2024/4/28 19:45,1006.5,81.2,0,16.1,3.3,0,0,0,100
2024/4/28 20:00,1006.5,82,0,16,3.1,0,0,0,100
2024/4/28 20:15,1006.5,82.6,0,16,3,0,0,0,100
2024/4/28 20:30,1006.5,83.1,0,15.9,2.9,0,0,0,100
2024/4/28 20:45,1006.5,83.5,0,15.7,2.8,0,0,0,100
2024/4/28 21:00,1006.5,83.9,0,15.6,2.7,0,0,0,100
2024/4/28 21:15,1006.5,84,0,15.5,2.6,0,0,0,100
2024/4/28 21:30,1006.5,84.1,0,15.4,2.5,0,0,0,100
2024/4/28 21:45,1006.5,84.2,0,15.3,2.4,0,0,0,100
2024/4/28 22:00,1006.5,83.7,0,15.3,2.4,0,0,0,100
2024/4/28 22:15,1006.5,83.4,0,15.2,2.4,0,0,0,100
2024/4/28 22:30,1006.5,83.6,0,15.2,2.4,0,0,0,100
2024/4/28 22:45,1006.5,83.3,0,15.2,2.4,0,0,0,100
2024/4/28 23:00,1006.5,83,0,15.2,2.4,0,0,0,100
2024/4/28 23:15,1006.5,83.2,0,15.2,2.4,0,0,0,100
2024/4/28 23:30,1006.5,83.7,0,15.1,2.5,0,0,0,100
2024/4/28 23:45,1006.5,84.5,0,15,2.5,0,0,0,100
2024/4/29 0:00,1006.5,86.2,0,14.4,4.2,0,0,0,100
2024/4/29 0:15,1006.5,86.2,0,14.4,4.2,0,0,0,100
2024/4/29 0:30,1006.5,86.2,0,14.3,4.3,0,0,0,100
2024/4/29 0:45,1006.5,86.5,0,14.3,4.3,0,0,0,100
2024/4/29 1:00,1006.5,87.3,0,14.2,4.4,0,0,0,100
2024/4/29 1:15,1006.5,89.1,0,14.1,4.5,0,0,0,100
2024/4/29 1:30,1006.5,91.1,0,14.1,4.5,0,0,0,100
2024/4/29 1:45,1006.5,92.7,0,14,4.6,0,0,0,100
2024/4/29 2:00,1006.5,93.6,0,14,4.7,0,0,0,100
2024/4/29 2:15,1006.5,93.9,0,13.8,4.7,0,0,0,100
2024/4/29 2:30,1006.5,93.9,0,13.7,4.8,0,0,0,100
2024/4/29 2:45,1006.5,94.1,0,13.5,4.8,0,0,0,100
2024/4/29 3:00,1006.5,94.1,0,13.5,4.9,0,0,0,100
2024/4/29 3:15,1006.5,94.1,0,13.4,5,0,0,0,100
2024/4/29 3:30,1006.5,93.7,0,13.4,5.1,0,0,0,100
2024/4/29 3:45,1006.5,93.3,0,13.3,5.2,0,0,0,100
2024/4/29 4:00,1006.5,93.1,0,13.2,5.2,0,0,0,100
2024/4/29 4:15,1006.5,93.3,0,13.2,5.3,0,0,0,100
2024/4/29 4:30,1006.5,93.6,0,13.1,5.4,0,0,0,100
2024/4/29 4:45,1006.5,93.8,0,13,5.4,0,0,0,100
2024/4/29 5:00,1006.5,94,0,12.9,5.5,0,0,0,100
2024/4/29 5:15,1006.5,94.2,0,12.9,5.5,0,0,0.24,100
2024/4/29 5:30,1006.5,94.2,0,12.8,5.6,11,11,1.55,100
2024/4/29 5:45,1006.5,94,0,12.8,5.6,33,44,4.04,100
2024/4/29 6:00,1006.5,93.4,0,12.9,5.6,54,75,6.23,100
2024/4/29 6:15,1006.5,93,0,13,5.7,77,98,9.68,100
2024/4/29 6:30,1006.5,92.3,0,13.1,5.7,100,180,14.32,100
2024/4/29 6:45,1006.5,91.5,0,13.1,5.8,125,221,22.52,100
2024/4/29 7:00,1006.5,90.6,0,13.2,5.8,153,274,28.41,100
2024/4/29 7:15,1006.5,90,0,13.4,5.9,183,339,36.35,100
2024/4/29 7:30,1006.5,89,0,13.5,5.9,215,404,41.13,100
2024/4/29 7:45,1006.5,88.1,0,13.7,6,250,457,43.18,100
2024/4/29 8:00,1006.5,87.5,0,13.8,6.1,287,418,55.81,100
2024/4/29 8:15,1006.5,86.9,0,14,6.1,326,653,54.86,100
2024/4/29 8:30,1006.5,86.4,0,14.1,6.2,366,656,55.8,100
2024/4/29 8:45,1006.5,86.3,0,14.1,6.3,406,652,64.2,100
2024/4/29 9:00,1006.5,86.3,0,14.2,6.3,445,728,61.49,100
2024/4/29 9:15,1006.5,86.5,0,14.2,6.4,481,631,63.86,100
2024/4/29 9:30,1006.5,87,0,14,6.5,515,770,94.52,100
2024/4/29 9:45,1006.5,87.7,0,14,6.6,544,796,100,100
2024/4/29 10:00,1006.5,88.3,0,13.9,6.6,568,830,100,100
2024/4/29 10:15,1006.5,88.8,0,13.8,6.7,589,864,100,100
2024/4/29 10:30,1006.5,89.1,0,13.8,6.7,605,899,96.31,100
2024/4/29 10:45,1006.5,89,0,13.8,6.8,618,909,99.17,100
2024/4/29 11:00,1006.5,88.5,0,13.8,6.8,627,1043,87.82,100
2024/4/29 11:15,1006.5,88.2,0,13.8,6.9,633,1046,91.25,100
2024/4/29 11:30,1006.5,88,0,13.7,6.9,636,1003,93.61,100
2024/4/29 11:45,1006.5,88,0,13.7,7,637,664,100,100
2024/4/29 12:00,1006.5,88.4,0,13.6,7.1,635,1002,93.84,100
2024/4/29 12:15,1006.5,88.6,0,13.6,7.1,633,1159,79.03,100
2024/4/29 12:30,1006.5,88.5,0,13.6,7.2,629,902,76.38,100
2024/4/29 12:45,1006.5,89.2,0,13.6,7.2,625,717,73.37,100
2024/4/29 13:00,1006.5,89.8,0,13.6,7.2,622,498,77.36,100
2024/4/29 13:15,1006.5,89.2,0,13.6,7.3,618,1029,78.03,100
2024/4/29 13:30,1006.5,89.1,0,13.6,7.3,614,957,89.87,100
2024/4/29 13:45,1006.5,88.4,0,13.6,7.4,607,880,95.29,100
2024/4/29 14:00,1006.5,87.6,0,13.6,7.4,598,902,79.75,100
2024/4/29 14:15,1006.5,87.2,0,13.5,7.4,585,796,98.65,100
2024/4/29 14:30,1006.5,87.4,0,13.5,7.5,568,784,90.98,100
2024/4/29 14:45,1006.5,87.2,0,13.4,7.5,548,728,91.52,100
2024/4/29 15:00,1006.5,86.3,0,13.4,7.6,522,713,86.63,100
2024/4/29 15:15,1006.5,86.7,0,13.3,7.6,492,597,48.31,100
2024/4/29 15:30,1006.5,86.9,0,13.2,7.7,457,503,49.78,100
2024/4/29 15:45,1006.5,87.2,0,13.2,7.7,418,659,63.15,100
2024/4/29 16:00,1006.5,87,0,13.1,7.8,375,467,52.81,100
2024/4/29 16:15,1006.5,86.5,0,13.1,7.8,328,417,47.75,100
2024/4/29 16:30,1006.5,86.3,0,13,7.8,282,379,43.01,100
2024/4/29 16:45,1006.5,85.9,0,13,7.8,236,298,30.5,100
2024/4/29 17:00,1006.5,85.6,0,13,7.8,192,223,22.38,100
2024/4/29 17:15,1006.5,84.8,0,12.9,7.8,153,156,21.61,100
2024/4/29 17:30,1006.5,84.3,0,12.9,7.8,117,96,9.26,100
2024/4/29 17:45,1006.5,84,0,12.8,7.7,86,135,14.44,100
2024/4/29 18:00,1006.5,83.2,0.1,12.8,7.7,60,74,7.35,100
2024/4/29 18:15,1006.5,82.6,0.1,12.8,7.7,38,29,3.42,100
2024/4/29 18:30,1006.5,82.3,0.1,12.8,7.7,20,14,1.91,100
2024/4/29 18:45,1006.5,82,0.1,12.8,7.7,5,1,0.59,100
2024/4/29 19:00,1006.5,81.7,0,12.8,7.6,0,0,0,100
2024/4/29 19:15,1006.5,81.2,0,12.9,7.6,0,0,0,100
2024/4/29 19:30,1006.5,80.9,0,12.9,7.6,0,0,0,100
2024/4/29 19:45,1006.5,80.8,0.1,12.9,7.6,0,0,0,100
2024/4/29 20:00,1006.5,80,0,12.9,7.6,0,0,0,100
2024/4/29 20:15,1006.5,79.4,0,13,7.6,0,0,0,100
2024/4/29 20:30,1006.5,79.2,0.1,13,7.5,0,0,0,100
2024/4/29 20:45,1006.5,79,0.2,13,7.5,0,0,0,100
2024/4/29 21:00,1006.5,78.4,0.3,13,7.5,0,0,0,100
2024/4/29 21:15,1006.5,78.2,0.2,13,7.5,0,0,0,100
2024/4/29 21:30,1006.5,77.3,0.3,13.1,7.5,0,0,0,100
2024/4/29 21:45,1006.5,76.7,0.1,13.1,7.5,0,0,0,100
2024/4/29 22:00,1006.5,76.5,0.2,13.1,7.5,0,0,0,100
2024/4/29 22:15,1006.5,76.2,0.2,13.1,7.5,0,0,0,100
2024/4/29 22:30,1006.5,76,0,13.1,7.6,0,0,0,100
2024/4/29 22:45,1006.5,75.7,0,13,7.6,0,0,0,100
2024/4/29 23:00,1006.5,75.3,0.1,13,7.6,0,0,0,100
2024/4/29 23:15,1006.5,75.5,0.1,13,7.7,0,0,0,100
2024/4/29 23:30,1006.5,75.7,0,12.9,7.7,0,0,0,100
2024/4/29 23:45,1006.5,75.6,0,12.9,7.7,0,0,0,100
2024/4/30 0:00,1006.5,76.2,0,12.3,7.1,0,0,0,100
2024/4/30 0:15,1006.5,76,0,12.2,7,0,0,0,100
2024/4/30 0:30,1006.5,75.5,0,12.3,7,0,0,0,100
2024/4/30 0:45,1006.5,75.4,0,12.3,6.9,0,0,0,100
2024/4/30 1:00,1006.5,75.2,0,12.3,6.9,0,0,0,100
2024/4/30 1:15,1006.5,75,0,12.2,6.9,0,0,0,100
2024/4/30 1:30,1006.5,74.9,0,12.2,6.8,0,0,0,100
2024/4/30 1:45,1006.5,74.7,0,12.2,6.8,0,0,0,100
2024/4/30 2:00,1006.5,74.5,0,12.2,6.8,0,0,0,100
2024/4/30 2:15,1006.5,74.3,0,12.2,6.8,0,0,0,100
2024/4/30 2:30,1006.5,74.3,0,12.2,6.8,0,0,0,100
2024/4/30 2:45,1006.5,74.7,0,12.2,6.8,0,0,0,100
2024/4/30 3:00,1006.5,75.2,0,12.2,6.8,0,0,0,100
2024/4/30 3:15,1006.5,75.2,0,12.2,6.8,0,0,0,100
2024/4/30 3:30,1006.5,74.7,0,12.2,6.8,0,0,0,100
2024/4/30 3:45,1006.5,73.9,0,12.3,6.7,0,0,0,100
2024/4/30 4:00,1006.5,73.8,0,12.3,6.7,0,0,0,100
2024/4/30 4:15,1006.5,73.8,0,12.3,6.7,0,0,0,100
2024/4/30 4:30,1006.5,73.1,0,12.4,6.6,0,0,0,100
2024/4/30 4:45,1006.5,72.1,0,12.4,6.6,0,0,0,100
2024/4/30 5:00,1006.5,71.6,0,12.4,6.5,0,0,0,100
2024/4/30 5:15,1006.5,71.5,0,12.5,6.5,0,0,0.34,100
2024/4/30 5:30,1006.5,71.3,0,12.5,6.4,18,9,1.59,100
2024/4/30 5:45,1006.5,71.3,0,12.5,6.4,47,27,4.01,100
2024/4/30 6:00,1006.5,71.3,0,12.5,6.3,77,45,5.96,100
2024/4/30 6:15,1006.5,71.5,0,12.6,6.3,107,71,8.97,100
2024/4/30 6:30,1006.5,71.5,0,12.6,6.2,138,106,12.91,100
2024/4/30 6:45,1006.5,71.3,0,12.7,6.1,171,139,16.78,100
2024/4/30 7:00,1006.5,71.2,0,12.7,6.1,206,256,29.85,100
2024/4/30 7:15,1006.5,71.3,0,12.8,6,244,268,40.16,100
2024/4/30 7:30,1006.5,71.5,0,12.8,5.9,284,227,28.07,100
2024/4/30 7:45,1006.5,71.8,0,12.9,5.8,326,439,53.68,100
2024/4/30 8:00,1006.5,72.1,0,13,5.8,370,434,50.22,100
2024/4/30 8:15,1006.5,72,0,13,5.7,415,338,42.33,100
2024/4/30 8:30,1006.5,71.9,0,13.1,5.6,461,393,65.91,100
2024/4/30 8:45,1006.5,71.6,0,13.1,5.5,507,622,75.93,100
2024/4/30 9:00,1006.5,71.1,0,13.1,5.4,552,495,65.87,100
2024/4/30 9:15,1006.5,70.7,0,13.2,5.3,595,406,46.85,100
2024/4/30 9:30,1006.5,70.3,0,13.2,5.3,635,395,49.63,100
2024/4/30 9:45,1006.5,70.3,0,13.3,5.2,671,466,64.69,100
2024/4/30 10:00,1006.5,70.4,0,13.3,5.1,704,441,59.78,100
2024/4/30 10:15,1006.5,70.6,0,13.3,5,735,467,60.35,100
2024/4/30 10:30,1006.5,70.6,0,13.3,4.9,764,444,59.38,100
2024/4/30 10:45,1006.5,70.6,0,13.4,4.9,789,687,91.43,100
2024/4/30 11:00,1006.5,70.7,0,13.4,4.7,810,628,86.95,100
2024/4/30 11:15,1006.5,70.2,0,13.5,4.6,826,636,72.12,100
2024/4/30 11:30,1006.5,69.8,0,13.5,4.5,838,696,98.61,100
2024/4/30 11:45,1006.5,70.1,0,13.6,4.4,844,937,100,100
2024/4/30 12:00,1006.5,71.1,0,13.6,4.3,845,756,100,100
2024/4/30 12:15,1006.5,71.6,0,13.6,4.1,840,945,96.36,100
2024/4/30 12:30,1006.5,71.5,0,13.6,4,828,629,98.84,100
2024/4/30 12:45,1006.5,71,0,13.6,3.9,810,1029,100,100
2024/4/30 13:00,1006.5,71,0,13.7,3.7,785,827,98.39,100
2024/4/30 13:15,1006.5,71.3,0,13.7,3.6,754,812,96.83,100
2024/4/30 13:30,1006.5,70.9,0,13.8,3.5,718,746,98.21,100
2024/4/30 13:45,1006.5,70.5,0,13.8,3.3,677,697,83.71,100
2024/4/30 14:00,1006.5,69.8,0,13.8,3.2,634,688,90.28,100
2024/4/30 14:15,1006.5,68.9,0,13.9,3,588,607,73.47,100
2024/4/30 14:30,1006.5,67.5,0,13.9,2.9,541,551,70.95,100
2024/4/30 14:45,1006.5,66.2,0,14,2.7,493,621,83.25,100
2024/4/30 15:00,1006.5,64.4,0,14.1,2.6,446,611,63.62,100
2024/4/30 15:15,1006.5,63.2,0,14.3,2.4,401,504,56.3,100
2024/4/30 15:30,1006.5,62.8,0,14.4,2.3,357,416,51.52,100
2024/4/30 15:45,1006.5,62.6,0,14.4,2.1,316,372,47.82,100
2024/4/30 16:00,1006.5,62.9,0,14.4,2,275,443,56.32,100
2024/4/30 16:15,1006.5,63.1,0,14.5,1.9,234,468,53.58,100
2024/4/30 16:30,1006.5,62.7,0,14.5,1.7,196,261,32.95,100
2024/4/30 16:45,1006.5,61.9,0,14.5,1.6,160,434,41.54,100
2024/4/30 17:00,1006.5,60.6,0,14.5,1.6,128,201,22.62,100
2024/4/30 17:15,1006.5,59,0,14.5,1.5,99,173,17.17,100
2024/4/30 17:30,1006.5,57.4,0,14.6,1.4,74,135,14.55,100
2024/4/30 17:45,1006.5,55.6,0,14.6,1.4,53,201,16.2,100
2024/4/30 18:00,1006.5,53.7,0,14.7,1.4,36,109,7.35,100
2024/4/30 18:15,1006.5,52.9,0,14.7,1.3,22,53,3.87,100
2024/4/30 18:30,1006.5,52,0,14.8,1.3,11,19,2.25,100
2024/4/30 18:45,1006.5,51.1,0,14.8,1.3,3,0,0.86,100
2024/4/30 19:00,1006.5,50.3,0,14.8,1.3,0,0,0,100
2024/4/30 19:15,1006.5,49.3,0,14.8,1.3,0,0,0,100
2024/4/30 19:30,1006.5,48.3,0,14.8,1.3,0,0,0,100
2024/4/30 19:45,1006.5,47.5,0,14.8,1.3,0,0,0,100
2024/4/30 20:00,1006.5,46.9,0,14.8,1.4,0,0,0,100
2024/4/30 20:15,1006.5,46.3,0,14.8,1.4,0,0,0,100
2024/4/30 20:30,1006.5,45.8,0,14.8,1.5,0,0,0,100
2024/4/30 20:45,1006.5,45.4,0,14.7,1.5,0,0,0,100
2024/4/30 21:00,1006.5,45.2,0,14.6,1.6,0,0,0,100
2024/4/30 21:15,1006.5,45.3,0,14.5,1.7,0,0,0,100
2024/4/30 21:30,1006.5,45.9,0,14.4,1.7,0,0,0,100
2024/4/30 21:45,1006.5,47,0,14.3,1.8,0,0,0,100
2024/4/30 22:00,1006.5,48.5,0,14.2,1.9,0,0,0,100
2024/4/30 22:15,1006.5,50.3,0,14,1.9,0,0,0,100
2024/4/30 22:30,1006.5,52,0,13.9,2,0,0,0,100
2024/4/30 22:45,1006.5,53.4,0,13.7,2,0,0,0,100
2024/4/30 23:00,1006.5,54.4,0,13.6,2.1,0,0,0,100
2024/4/30 23:15,1006.5,55,0,13.5,2.2,0,0,0,100
2024/4/30 23:30,1006.5,55.4,0,13.4,2.2,0,0,0,100
2024/4/30 23:45,1006.5,55.9,0,13.3,2.3,0,0,0,100
2024/5/1 0:00,1006.5,66,0,12.5,2,0,0,0,100
2024/5/1 0:15,1006.5,67.3,0,12.4,2.1,0,0,0,100
2024/5/1 0:30,1006.5,68.2,0,12.3,2.1,0,0,0,100
2024/5/1 0:45,1006.5,68.9,0,12.2,2.2,0,0,0,100
2024/5/1 1:00,1006.5,69.5,0,12.1,2.2,0,0,0,100
2024/5/1 1:15,1006.5,69.9,0,12,2.2,0,0,0,100
2024/5/1 1:30,1006.5,70.2,0,12,2.2,0,0,0,100
2024/5/1 1:45,1006.5,70.4,0,11.9,2.3,0,0,0,100
2024/5/1 2:00,1006.5,70.9,0,11.9,2.3,0,0,0,100
2024/5/1 2:15,1006.5,71.7,0,11.8,2.3,0,0,0,100
2024/5/1 2:30,1006.5,72.7,0,11.7,2.3,0,0,0,100
2024/5/1 2:45,1006.5,73.7,0,11.6,2.3,0,0,0,100
2024/5/1 3:00,1006.5,74.4,0,11.6,2.3,0,0,0,100
2024/5/1 3:15,1006.5,74.9,0,11.5,2.3,0,0,0,100
2024/5/1 3:30,1006.5,75.1,0,11.5,2.3,0,0,0,100
2024/5/1 3:45,1006.5,75.4,0,11.5,2.3,0,0,0,100
2024/5/1 4:00,1006.5,75.8,0,11.5,2.3,0,0,0,100
2024/5/1 4:15,1006.5,76.3,0,11.4,2.3,0,0,0,100
2024/5/1 4:30,1006.5,76.9,0,11.4,2.3,0,0,0,100
2024/5/1 4:45,1006.5,77.6,0,11.3,2.3,0,0,0,100
2024/5/1 5:00,1006.5,78.4,0,11.3,2.3,0,0,0,100
2024/5/1 5:15,1006.5,79.1,0,11.3,2.2,0,4,0.97,100
2024/5/1 5:30,1006.5,79.8,0,11.2,2.2,13,19,2.57,100
2024/5/1 5:45,1006.5,80.4,0,11.2,2.2,33,43,5.11,100
2024/5/1 6:00,1006.5,80.9,0,11.3,2.2,53,90,8.5,100
2024/5/1 6:15,1006.5,81.4,0,11.3,2.2,74,96,11.18,100
2024/5/1 6:30,1006.5,81.9,0,11.4,2.2,96,124,14.15,100
2024/5/1 6:45,1006.5,82.1,0,11.6,2.2,120,186,18.38,100
2024/5/1 7:00,1006.5,81.8,0,11.9,2.3,147,245,24.96,100
2024/5/1 7:15,1006.5,80.9,0,12.3,2.3,178,333,34.76,100
2024/5/1 7:30,1006.5,79.7,0,12.8,2.3,211,398,46.14,100
2024/5/1 7:45,1006.5,77.7,0,13.3,2.4,248,486,55.77,100
2024/5/1 8:00,1006.5,75.4,0,13.8,2.4,288,538,62.98,100
2024/5/1 8:15,1006.5,73.3,0,14.2,2.4,330,576,68.36,100
2024/5/1 8:30,1006.5,71.5,0,14.6,2.4,374,631,76.46,100
2024/5/1 8:45,1006.5,70.4,0,14.8,2.5,418,650,79.14,100
2024/5/1 9:00,1006.5,69.1,0,15.1,2.5,461,694,87.79,100
2024/5/1 9:15,1006.6,67.3,0,15.2,2.5,502,742,94.31,100
2024/5/1 9:30,1006.6,65.9,0,15.3,2.5,539,745,97.98,100
2024/5/1 9:45,1006.6,65.6,0,15.4,2.5,572,842,100,100
2024/5/1 10:00,1006.6,65.4,0,15.4,2.6,601,873,100,100
2024/5/1 10:15,1006.6,64.8,0,15.5,2.6,628,903,100,100
2024/5/1 10:30,1006.6,64,0,15.6,2.7,651,944,88.31,100
2024/5/1 10:45,1006.6,63.2,0,15.7,2.7,670,981,76.42,100
2024/5/1 11:00,1006.6,62.2,0,15.8,2.8,685,955,70.63,100
2024/5/1 11:15,1006.6,60.9,0,15.9,2.8,696,1030,68.9,100
2024/5/1 11:30,1006.6,59.4,0,16,2.8,702,1047,64.26,100
2024/5/1 11:45,1006.6,57.6,0,16.2,2.8,704,1052,58.17,100
2024/5/1 12:00,1006.6,55.8,0,16.3,2.8,701,1057,74.7,100
2024/5/1 12:15,1006.6,54.1,0,16.4,2.7,694,1059,74.7,100
2024/5/1 12:30,1006.6,52.3,0,16.6,2.7,682,1052,74.7,100
2024/5/1 12:45,1006.6,50.5,0,16.8,2.6,665,1044,80.5,100
2024/5/1 13:00,1006.6,49.1,0,16.9,2.6,642,1023,80.79,100
2024/5/1 13:15,1006.6,48.1,0,17,2.5,613,993,80.79,100
2024/5/1 13:30,1006.6,46.9,0,17.1,2.4,580,963,80.79,100
2024/5/1 13:45,1006.6,45.5,0,17.2,2.3,543,926,80.79,100
2024/5/1 14:00,1006.6,44.1,0,17.4,2.2,504,885,80.78,100
2024/5/1 14:15,1006.6,42.4,0,17.6,2.1,464,840,80.74,100
2024/5/1 14:30,1006.6,40.5,0,17.8,2.1,423,816,86.75,100
2024/5/1 14:45,1006.6,38.4,0,18.1,2,384,779,95.39,100
2024/5/1 15:00,1006.6,36.8,0,18.3,1.9,346,655,91.25,100
2024/5/1 15:15,1006.6,35.4,0,18.5,1.8,311,355,81.11,100
2024/5/1 15:30,1006.6,34.4,0,18.6,1.7,279,668,79.61,100
2024/5/1 15:45,1006.6,33.8,0,18.8,1.7,250,612,71.24,100
2024/5/1 16:00,1006.6,33.5,0,18.9,1.6,222,561,63.96,100
2024/5/1 16:15,1006.6,33.2,0,19.1,1.6,196,501,54.97,100
2024/5/1 16:30,1006.6,32.9,0,19.2,1.5,171,440,47.12,100
2024/5/1 16:45,1006.6,32.9,0,19.3,1.5,148,382,39.22,100
2024/5/1 17:00,1006.6,32.9,0,19.4,1.5,126,326,31.62,100
2024/5/1 17:15,1006.6,33.3,0,19.5,1.6,105,261,23.52,100
2024/5/1 17:30,1006.6,34,0,19.5,1.6,86,189,16.52,100
2024/5/1 17:45,1006.6,35.3,0,19.5,1.6,68,138,12.47,100
2024/5/1 18:00,1006.6,37.1,0,19.4,1.7,51,115,9.72,100
2024/5/1 18:15,1006.6,39,0,19.3,1.8,35,71,6.37,100
2024/5/1 18:30,1006.6,40.7,0,19.2,1.8,21,19,2.82,100
2024/5/1 18:45,1006.6,42.3,0,19.1,1.9,7,0,0.97,100
2024/5/1 19:00,1006.6,43.6,0,19,2,0,0,0,100
2024/5/1 19:15,1006.6,44,0,18.8,2.1,0,0,0,100
2024/5/1 19:30,1006.6,44,0,18.6,2.2,0,0,0,100
2024/5/1 19:45,1006.6,44.5,0,18.3,2.4,0,0,0,100
2024/5/1 20:00,1006.6,44.7,0,18,2.5,0,0,0,100
2024/5/1 20:15,1006.6,45.6,0,17.8,2.6,0,0,0,100
2024/5/1 20:30,1006.6,47.1,0,17.5,2.8,0,0,0,100
2024/5/1 20:45,1006.6,49.2,0,17.2,2.9,0,0,0,100
2024/5/1 21:00,1006.6,51.7,0,16.9,3,0,0,0,100
2024/5/1 21:15,1006.6,53.6,0,16.7,3.1,0,0,0,100
2024/5/1 21:30,1006.6,55.8,0,16.5,3.2,0,0,0,100
2024/5/1 21:45,1006.6,58.3,0,16.1,3.2,0,0,0,100
2024/5/1 22:00,1006.6,59.7,0,15.8,3.3,0,0,0,100
2024/5/1 22:15,1006.6,61.4,0,15.6,3.4,0,0,0,100
2024/5/1 22:30,1006.6,63.5,0,15.3,3.4,0,0,0,100
2024/5/1 22:45,1006.6,65.3,0,15.1,3.5,0,0,0,100
2024/5/1 23:00,1006.6,67.5,0,14.8,3.5,0,0,0,100
2024/5/1 23:15,1006.6,70,0,14.5,3.5,0,0,0,100
2024/5/1 23:30,1006.6,72.2,0,14.3,3.5,0,0,0,100
2024/5/1 23:45,1006.5,73.4,0,14.1,3.6,0,0,0,100
2024/5/3 0:00,1006.6,63.4,0,14.2,3.9,0,0,0,100
2024/5/3 0:15,1006.6,63.3,0,14.1,4,0,0,0,100
2024/5/3 0:30,1006.6,63.4,0,13.9,4,0,0,0,100
2024/5/3 0:45,1006.6,63.7,0,13.8,3.9,0,0,0,100
2024/5/3 1:00,1006.6,63.9,0,13.7,3.9,0,0,0,100
2024/5/3 1:15,1006.6,64,0,13.5,3.9,0,0,0,100
2024/5/3 1:30,1006.6,63.8,0,13.4,3.9,0,0,0,100
2024/5/3 1:45,1006.6,63.5,0,13.4,3.9,0,0,0,100
2024/5/3 2:00,1006.6,63.1,0,13.3,3.9,0,0,0,100
2024/5/3 2:15,1006.5,62.7,0,13.2,3.9,0,0,0,100
2024/5/3 2:30,1006.5,62.5,0,13.2,3.9,0,0,0,100
2024/5/3 2:45,1006.5,62.4,0,13.1,3.9,0,0,0,100
2024/5/3 3:00,1006.5,62.3,0,13,3.9,0,0,0,100
2024/5/3 3:15,1006.5,62.3,0,12.9,3.9,0,0,0,100
2024/5/3 3:30,1006.5,62.3,0,12.9,3.9,0,0,0,100
2024/5/3 3:45,1006.5,62.4,0,12.8,3.9,0,0,0,100
2024/5/3 4:00,1006.5,62.7,0,12.7,3.8,0,0,0,100
2024/5/3 4:15,1006.5,62.9,0,12.6,3.8,0,0,0,100
2024/5/3 4:30,1006.5,63,0,12.6,3.8,0,0,0,100
2024/5/3 4:45,1006.5,63.1,0,12.5,3.8,0,0,0,100
2024/5/3 5:00,1006.5,62.9,0,12.5,3.8,0,0,0,100
2024/5/3 5:15,1006.5,62.8,0,12.4,3.8,0,8,1.31,100
2024/5/3 5:30,1006.5,62.9,0,12.4,3.8,21,29,3.2,100
2024/5/3 5:45,1006.5,63.1,0,12.4,3.8,48,68,6.27,100
2024/5/3 6:00,1006.5,63.4,0,12.4,3.8,76,117,9.99,100
2024/5/3 6:15,1006.5,63.7,0,12.6,3.8,105,160,13.36,100
2024/5/3 6:30,1006.5,63.9,0,12.8,3.8,135,164,17.26,100
2024/5/3 6:45,1006.6,63.9,0,13.1,3.7,168,235,20.6,100
2024/5/3 7:00,1006.6,63.7,0,13.6,3.7,202,303,30.28,100
2024/5/3 7:15,1006.6,63,0,14.1,3.7,240,374,38.94,100
2024/5/3 7:30,1006.6,61.5,0,14.6,3.7,281,422,46.62,100
2024/5/3 7:45,1006.6,59,0,15.1,3.7,325,493,55.8,100
2024/5/3 8:00,1006.6,57.7,0,15.5,3.6,371,545,62.59,100
2024/5/3 8:15,1006.6,57.5,0,15.9,3.6,420,598,70.35,100
2024/5/3 8:30,1006.6,57.2,0,16.3,3.5,469,638,77.16,100
2024/5/3 8:45,1006.6,55,0,16.8,3.5,519,685,84.31,100
2024/5/3 9:00,1006.6,50.6,0,17.2,3.5,568,722,89.94,100
2024/5/3 9:15,1006.6,48.4,0,17.6,3.4,614,769,95.8,100
2024/5/3 9:30,1006.6,48.5,0,17.9,3.4,658,792,99.27,100
2024/5/3 9:45,1006.6,48.2,0,18.3,3.3,696,838,100,100
2024/5/3 10:00,1006.6,46.3,0,18.7,3.3,731,873,100,100
2024/5/3 10:15,1006.6,43.8,0,19,3.3,763,909,100,100
2024/5/3 10:30,1006.6,42.5,0,19.3,3.2,790,877,100,100
2024/5/3 10:45,1006.7,40.9,0,19.6,3.2,814,986,100,100
2024/5/3 11:00,1006.7,39.4,0,19.9,3.1,833,998,100,100
2024/5/3 11:15,1006.7,39.1,0,20.1,3.1,849,1022,100,100
2024/5/3 11:30,1006.7,39,0,20.3,3,860,1033,100,100
2024/5/3 11:45,1006.7,37.7,0,20.5,3,867,1036,100,100
2024/5/3 12:00,1006.7,36.7,0,20.6,3,870,1039,100,100
2024/5/3 12:15,1006.7,35.9,0,20.6,2.9,870,1029,100,100
2024/5/3 12:30,1006.7,35.2,0,20.7,2.9,866,1026,100,100
2024/5/3 12:45,1006.7,34.7,0,20.7,2.9,858,1005,100,100
2024/5/3 13:00,1006.7,34.7,0,20.7,2.9,848,997,100,100
2024/5/3 13:15,1006.7,34.9,0,20.8,2.8,834,975,100,100
2024/5/3 13:30,1006.7,35.3,0,20.8,2.8,818,954,100,100
2024/5/3 13:45,1006.7,35.8,0,20.8,2.8,798,908,100,100
2024/5/3 14:00,1006.7,35.9,0,20.9,2.8,775,882,100,100
2024/5/3 14:15,1006.6,36.1,0,20.8,2.8,747,847,100,100
2024/5/3 14:30,1006.6,36.4,0,20.6,2.8,715,815,99.69,100
2024/5/3 14:45,1006.6,36.5,0,20.4,2.8,679,772,95.38,100
2024/5/3 15:00,1006.6,36.9,0,20.4,2.8,639,734,89.96,100
2024/5/3 15:15,1006.6,37.6,0,20.4,2.8,596,687,83.44,100
2024/5/3 15:30,1006.6,38.5,0,20.3,2.8,549,654,77.49,100
2024/5/3 15:45,1006.6,38.9,0,20.3,2.8,498,613,70.08,100
2024/5/3 16:00,1006.6,38.8,0,20.2,2.8,444,567,63.81,100
2024/5/3 16:15,1006.6,39.4,0,20.2,2.8,387,508,55.4,100
2024/5/3 16:30,1006.6,41.4,0,19.9,2.8,330,459,48.18,100
2024/5/3 16:45,1006.6,42.6,0,19.8,2.8,276,397,39.62,100
2024/5/3 17:00,1006.6,43.4,0,19.7,2.8,224,345,32.58,100
2024/5/3 17:15,1006.6,43.7,0,19.7,2.8,177,282,24.46,100
2024/5/3 17:30,1006.6,44.4,0,19.6,2.8,136,225,18.01,100
2024/5/3 17:45,1006.6,45.8,0,19.4,2.8,100,163,11.95,100
2024/5/3 18:00,1006.6,47.4,0,19.3,2.9,70,116,8.04,100
2024/5/3 18:15,1006.6,49.2,0,19,2.9,45,62,4.75,100
2024/5/3 18:30,1006.6,51.4,0,18.7,3,25,33,3.19,100
2024/5/3 18:45,1006.6,53.6,0,18.4,3,8,10,1.31,100
2024/5/3 19:00,1006.6,56.1,0,18.1,3.1,0,0,0,100
2024/5/3 19:15,1006.6,58.8,0,17.8,3.1,0,0,0,100
2024/5/3 19:30,1006.6,60.5,0,17.5,3.2,0,0,0,100
2024/5/3 19:45,1006.6,62.3,0,17.2,3.2,0,0,0,100
2024/5/3 20:00,1006.6,64.5,0,16.9,3.2,0,0,0,100
2024/5/3 20:15,1006.6,67.1,0,16.5,3.3,0,0,0,100
2024/5/3 20:30,1006.6,69.7,0,16.1,3.3,0,0,0,100
2024/5/3 20:45,1006.6,72.4,0,15.8,3.4,0,0,0,100
2024/5/3 21:00,1006.6,74.5,0,15.5,3.5,0,0,0,100
2024/5/3 21:15,1006.6,76.6,0,15.3,3.5,0,0,0,100
2024/5/3 21:30,1006.6,78.5,0,15.1,3.5,0,0,0,100
2024/5/3 21:45,1006.6,80,0,14.9,3.6,0,0,0,100
2024/5/3 22:00,1006.6,81.3,0,14.7,3.6,0,0,0,100
2024/5/3 22:15,1006.6,82.5,0,14.5,3.7,0,0,0,100
2024/5/3 22:30,1006.6,83.9,0,14.4,3.7,0,0,0,100
2024/5/3 22:45,1006.6,85,0,14.2,3.7,0,0,0,100
2024/5/3 23:00,1006.6,85.8,0,14,3.7,0,0,0,100
2024/5/3 23:15,1006.6,86.5,0,13.9,3.7,0,0,0,100
2024/5/3 23:30,1006.6,87.1,0,13.7,3.7,0,0,0,100
2024/5/3 23:45,1006.6,87.7,0,13.6,3.7,0,0,0,100
2024/5/4 0:00,1006.5,88.7,0,13.8,4.3,0,0,0,100
2024/5/4 0:15,1006.5,89.3,0,13.6,4.3,0,0,0,100
2024/5/4 0:30,1006.5,89.9,0,13.5,4.3,0,0,0,100
2024/5/4 0:45,1006.5,90.4,0,13.4,4.3,0,0,0,100
2024/5/4 1:00,1006.5,90.9,0,13.3,4.2,0,0,0,100
2024/5/4 1:15,1006.5,91.3,0,13.2,4.2,0,0,0,100
2024/5/4 1:30,1006.5,91.6,0,13.1,4.2,0,0,0,100
2024/5/4 1:45,1006.5,91.6,0,13,4.2,0,0,0,100
2024/5/4 2:00,1006.5,91.5,0,12.9,4.1,0,0,0,100
2024/5/4 2:15,1006.5,91.4,0,12.9,4.1,0,0,0,100
2024/5/4 2:30,1006.5,91.2,0,12.8,4.1,0,0,0,100
2024/5/4 2:45,1006.5,91.2,0,12.7,4.1,0,0,0,100
2024/5/4 3:00,1006.5,91.3,0,12.7,4,0,0,0,100
2024/5/4 3:15,1006.5,91.6,0,12.6,4,0,0,0,100
2024/5/4 3:30,1006.5,92.2,0,12.5,4,0,0,0,100
2024/5/4 3:45,1006.5,93.1,0,12.3,4,0,0,0,100
2024/5/4 4:00,1006.5,94.1,0,12.1,4,0,0,0,100
2024/5/4 4:15,1006.5,94.3,0,12.1,4,0,0,0,100
2024/5/4 4:30,1006.5,94.4,0,12,4,0,0,0,100
2024/5/4 4:45,1006.5,94.5,0,12.1,4.1,0,0,0,100
2024/5/4 5:00,1006.5,94.5,0,12.1,4.1,0,0,0,100
2024/5/4 5:15,1006.5,94.4,0,12.1,4.1,1,5,1.26,100
2024/5/4 5:30,1006.5,94.4,0,12.1,4.2,25,20,3.2,100
2024/5/4 5:45,1006.5,94.3,0,12.1,4.2,56,72,8.12,100
2024/5/4 6:00,1006.5,94.2,0,12.2,4.2,87,132,10.98,100
2024/5/4 6:15,1006.5,93.9,0,12.2,4.3,119,106,12.33,100
2024/5/4 6:30,1006.5,93.3,0,12.4,4.3,152,157,16.47,100
2024/5/4 6:45,1006.5,92,0,12.7,4.3,186,191,22.25,100
2024/5/4 7:00,1006.5,90.2,0,12.9,4.4,223,322,35.74,100
2024/5/4 7:15,1006.5,87.7,0,13.3,4.4,262,235,26.3,100
2024/5/4 7:30,1006.5,85.2,0,13.7,4.5,303,327,39.76,100
2024/5/4 7:45,1006.5,82.9,0,14.1,4.5,347,284,31.34,100
2024/5/4 8:00,1006.5,80.8,0,14.4,4.5,393,300,36.11,100
2024/5/4 8:15,1006.5,79.2,0,14.7,4.5,440,380,43.49,100
2024/5/4 8:30,1006.5,77.4,0,15,4.6,488,416,48.19,100
2024/5/4 8:45,1006.5,75.2,0,15.4,4.6,535,405,50.08,100
2024/5/4 9:00,1006.6,73,0,15.7,4.7,582,477,54.38,100
2024/5/4 9:15,1006.6,71.2,0,16,4.7,626,463,62.73,100
2024/5/4 9:30,1006.6,69.9,0,16.2,4.7,667,760,82.54,100
2024/5/4 9:45,1006.6,68,0,16.5,4.7,704,601,71.31,100
2024/5/4 10:00,1006.6,65.9,0,16.7,4.7,737,565,61.54,100
2024/5/4 10:15,1006.6,64.5,0,16.9,4.7,767,504,60.29,100
2024/5/4 10:30,1006.6,63.3,0,17,4.6,793,509,74.42,100
2024/5/4 10:45,1006.6,61.6,0,17.2,4.5,816,745,83.37,100
2024/5/4 11:00,1006.6,60.9,0,17.3,4.4,835,644,74.46,100
2024/5/4 11:15,1006.6,60.5,0,17.5,4.3,849,567,91.21,100
2024/5/4 11:30,1006.6,59.9,0,17.6,4.2,860,542,61.33,100
2024/5/4 11:45,1006.6,59.3,0,17.7,4.1,867,408,53.05,100
2024/5/4 12:00,1006.6,59,0,17.7,4,869,652,90.56,100
2024/5/4 12:15,1006.6,59.1,0,17.8,4,868,875,70.11,100
2024/5/4 12:30,1006.6,59.1,0,17.8,3.9,863,345,46.28,100
2024/5/4 12:45,1006.6,60.5,0,17.8,3.9,854,623,75.43,100
2024/5/4 13:00,1006.6,63.8,0,17.6,3.8,842,532,63.16,100
2024/5/4 13:15,1006.6,64.5,0,17.7,3.7,828,383,46.87,100
2024/5/4 13:30,1006.6,65,0,17.7,3.5,810,392,48.03,100
2024/5/4 13:45,1006.6,65.1,0,17.7,3.4,788,464,52.99,100
2024/5/4 14:00,1006.6,65.2,0,17.8,3.3,763,450,56.11,100
2024/5/4 14:15,1006.6,65.2,0,17.9,3.2,734,856,54.64,100
2024/5/4 14:30,1006.6,65.3,0,17.9,3.1,702,290,29.17,100
2024/5/4 14:45,1006.6,65.3,0,18,2.9,665,137,19.15,100
2024/5/4 15:00,1006.6,65.1,0,18,2.8,626,233,31.12,100
2024/5/4 15:15,1006.6,64.6,0,17.8,2.7,582,231,23.94,100
2024/5/4 15:30,1006.6,61.4,0,17.7,2.7,536,184,19.63,100
2024/5/4 15:45,1006.6,61.1,0,17.6,2.6,488,105,11.39,100
2024/5/4 16:00,1006.6,62.1,0,17.5,2.6,435,68,9.24,100
2024/5/4 16:15,1006.6,63.1,0,17.5,2.5,381,85,13.47,100
2024/5/4 16:30,1006.6,63.8,0,17.4,2.5,327,60,8.54,100
2024/5/4 16:45,1006.6,64,0,17.4,2.5,275,49,6.83,100
2024/5/4 17:00,1006.6,63,0,17.4,2.5,225,33,5.14,100
2024/5/4 17:15,1006.6,62.5,0,17.4,2.5,180,38,6.65,100
2024/5/4 17:30,1006.6,63.4,0,17.3,2.5,140,29,4.47,100
2024/5/4 17:45,1006.5,64.5,0,17.3,2.5,104,26,3.3,100
2024/5/4 18:00,1006.5,65.8,0,17.1,2.5,74,18,3.09,100
2024/5/4 18:15,1006.5,67,0,17,2.4,49,21,2.83,100
2024/5/4 18:30,1006.5,67.9,0,16.9,2.4,28,7,1.21,100
2024/5/4 18:45,1006.5,68.7,0,16.8,2.4,10,0,0.32,100
2024/5/4 19:00,1006.5,70,0,16.6,2.4,0,0,0,100
2024/5/4 19:15,1006.5,70.5,0,16.6,2.4,0,0,0,100
2024/5/4 19:30,1006.5,70.1,0,16.6,2.4,0,0,0,100
2024/5/4 19:45,1006.5,71.3,0,16.5,2.5,0,0,0,100
2024/5/4 20:00,1006.5,73.4,0,16.4,2.5,0,0,0,100
2024/5/4 20:15,1006.5,74.3,0,16.4,2.5,0,0,0,100
2024/5/4 20:30,1006.5,72.6,0,16.3,2.6,0,0,0,100
2024/5/4 20:45,1006.5,70.7,0,16.3,2.6,0,0,0,100
2024/5/4 21:00,1006.5,70.3,0,16.2,2.6,0,0,0,100
2024/5/4 21:15,1006.5,71.4,0,16.2,2.6,0,0,0,100
2024/5/4 21:30,1006.5,72.1,0,16.1,2.5,0,0,0,100
2024/5/4 21:45,1006.5,71.7,0.1,16,2.5,0,0,0,100
2024/5/4 22:00,1006.5,71.7,0.2,16,2.4,0,0,0,100
2024/5/4 22:15,1006.5,71.4,0.1,16,2.4,0,0,0,100
2024/5/4 22:30,1006.5,71.5,0.1,15.9,2.3,0,0,0,100
2024/5/4 22:45,1006.5,71.5,0.2,15.8,2.3,0,0,0,100
2024/5/4 23:00,1006.5,71.4,0.2,15.8,2.3,0,0,0,100
2024/5/4 23:15,1006.5,71.2,0.2,15.7,2.2,0,0,0,100
2024/5/4 23:30,1006.5,71.3,0.2,15.7,2.2,0,0,0,100
2024/5/4 23:45,1006.5,71.2,0.2,15.6,2.1,0,0,0,100
2024/5/5 0:00,1006.5,77.9,0,15.2,2.3,0,0,0,100
2024/5/5 0:15,1006.5,77.8,0,15.1,2.3,0,0,0,100
2024/5/5 0:30,1006.5,77.6,0,15.1,2.3,0,0,0,100
2024/5/5 0:45,1006.5,78.5,0,15.1,2.2,0,0,0,100
2024/5/5 1:00,1006.5,78.9,0,15.1,2.2,0,0,0,100
2024/5/5 1:15,1006.5,79.1,0,15.1,2.1,0,0,0,100
2024/5/5 1:30,1006.5,79.8,0,15.1,2,0,0,0,100
2024/5/5 1:45,1006.5,80.1,0,15.1,1.9,0,0,0,100
2024/5/5 2:00,1006.5,80.3,0,15.1,1.8,0,0,0,100
2024/5/5 2:15,1006.5,80.5,0,15.1,1.7,0,0,0,100
2024/5/5 2:30,1006.5,80.4,0,15.1,1.6,0,0,0,100
2024/5/5 2:45,1006.5,80,0,15.1,1.5,0,0,0,100
2024/5/5 3:00,1006.5,79.9,0,15.1,1.4,0,0,0,100
2024/5/5 3:15,1006.5,80,0,15.1,1.2,0,0,0,100
2024/5/5 3:30,1006.5,80.2,0.2,15.1,1.2,0,0,0,100
2024/5/5 3:45,1006.5,80.8,0.2,15,1.1,0,0,0,100
2024/5/5 4:00,1006.5,81.3,0.3,15,1,0,0,0,100
2024/5/5 4:15,1006.5,81.5,0.3,15.1,1,0,0,0,100
2024/5/5 4:30,1006.5,81.5,0.3,15.2,0.9,0,0,0,100
2024/5/5 4:45,1006.5,81.3,0.3,15.2,0.9,0,0,0,100
2024/5/5 5:00,1006.5,81.1,0.3,15.2,0.9,0,0,0,100
2024/5/5 5:15,1006.5,81,0.3,15.2,0.9,2,0,0,100
2024/5/5 5:30,1006.5,80.9,0.2,15.2,0.8,28,0,0.54,100
2024/5/5 5:45,1006.5,80.9,0.2,15.3,0.8,58,4,1.08,100
2024/5/5 6:00,1006.5,81,0.2,15.2,0.8,90,10,1.6,100
2024/5/5 6:15,1006.5,81,0.2,15.2,0.8,122,17,2.51,100
2024/5/5 6:30,1006.5,81.1,0.2,15.2,0.8,155,19,2.71,100
2024/5/5 6:45,1006.5,81.4,0.2,15.2,0.8,190,36,4.25,100
2024/5/5 7:00,1006.5,81.6,0.3,15.2,0.8,227,32,4.19,100
2024/5/5 7:15,1006.5,81.7,0.3,15.3,0.8,266,30,4.1,100
2024/5/5 7:30,1006.5,81.7,0.3,15.3,0.8,308,36,5.46,100
2024/5/5 7:45,1006.5,81.8,0.3,15.4,0.8,352,53,6.55,100
2024/5/5 8:00,1006.5,81.7,0.3,15.4,0.8,398,51,6.17,100
2024/5/5 8:15,1006.5,81.3,0.2,15.5,0.9,446,53,5.96,100
2024/5/5 8:30,1006.5,80.6,0.2,15.6,0.9,494,52,8.55,100
2024/5/5 8:45,1006.5,79.6,0.2,15.6,1,542,68,10.45,100
2024/5/5 9:00,1006.5,78.8,0.2,15.6,1,589,62,9.49,100
2024/5/5 9:15,1006.5,78.5,0.1,15.7,1.1,634,48,10.81,100
2024/5/5 9:30,1006.5,78.5,0.1,15.8,1.2,676,98,15.68,100
2024/5/5 9:45,1006.5,78.9,0.1,15.8,1.2,713,44,9.59,100
2024/5/5 10:00,1006.5,79.4,0.1,15.9,1.3,747,33,7.71,100
2024/5/5 10:15,1006.5,80.1,0,15.9,1.4,777,119,20.16,100
2024/5/5 10:30,1006.5,80.5,0,16,1.5,804,157,23.61,100
2024/5/5 10:45,1006.5,81,0,16,1.6,827,192,21.63,100
2024/5/5 11:00,1006.5,81.3,0,16,1.6,846,142,13.68,100
2024/5/5 11:15,1006.5,81.3,0,16.1,1.7,862,100,14.57,100
2024/5/5 11:30,1006.5,81.3,0,16.1,1.8,873,153,20.33,100
2024/5/5 11:45,1006.5,81.1,0,16.1,1.9,880,134,13.52,100
2024/5/5 12:00,1006.5,80.6,0,16.2,2.1,882,153,20.76,100
2024/5/5 12:15,1006.5,79.3,0,16.2,2.2,881,99,27.36,100
2024/5/5 12:30,1006.5,78.7,0,16.3,2.3,876,119,22.43,100
2024/5/5 12:45,1006.5,78.5,0.1,16.3,2.4,867,189,22.43,100
2024/5/5 13:00,1006.5,79,0.1,16.3,2.5,856,57,15,100
2024/5/5 13:15,1006.5,78.9,0,16.4,2.6,841,83,16.73,100
2024/5/5 13:30,1006.5,79,0,16.4,2.6,822,86,13.63,100
2024/5/5 13:45,1006.5,78.4,0,16.4,2.7,801,50,8.33,100
2024/5/5 14:00,1006.5,78.1,0,16.4,2.7,775,78,13.28,100
2024/5/5 14:15,1006.5,78.1,0,16.4,2.8,746,82,9.92,100
2024/5/5 14:30,1006.5,77.3,0,16.4,2.8,713,62,13.47,100
2024/5/5 14:45,1006.5,77.8,0,16.5,2.9,676,77,13.63,100
2024/5/5 15:00,1006.5,76.9,0,16.5,2.9,636,88,16.3,100
2024/5/5 15:15,1006.5,76.9,0,16.5,2.8,592,66,14.05,100
2024/5/5 15:30,1006.5,77.1,0,16.5,2.8,546,71,8.34,100
2024/5/5 15:45,1006.5,77.1,0,16.5,2.8,497,80,9.14,100
2024/5/5 16:00,1006.5,77.6,0,16.5,2.7,444,100,11.01,100
2024/5/5 16:15,1006.5,77.7,0,16.6,2.6,389,65,8.19,100
2024/5/5 16:30,1006.5,76.1,0,16.6,2.6,334,44,5.26,100
2024/5/5 16:45,1006.5,76.2,0,16.6,2.5,281,28,4.41,100
2024/5/5 17:00,1006.5,75.7,0,16.6,2.4,231,40,4.34,100
2024/5/5 17:15,1006.5,74.6,0,16.6,2.3,185,45,4.02,100
2024/5/5 17:30,1006.5,74.1,0,16.6,2.1,144,21,2.16,100
2024/5/5 17:45,1006.5,73.9,0,16.6,2,108,21,2.45,100
2024/5/5 18:00,1006.5,73.4,0,16.6,1.9,77,13,1.73,100
2024/5/5 18:15,1006.5,73.1,0,16.5,1.8,51,10,1.03,100
2024/5/5 18:30,1006.5,73.1,0,16.5,1.7,29,5,0.86,100
2024/5/5 18:45,1006.5,73.1,0,16.5,1.6,11,1,0.33,100
2024/5/5 19:00,1006.5,72.7,0,16.5,1.6,0,0,0,100
2024/5/5 19:15,1006.5,72.7,0,16.5,1.5,0,0,0,100
2024/5/5 19:30,1006.5,72.8,0,16.5,1.5,0,0,0,100
2024/5/5 19:45,1006.5,72.9,0,16.5,1.4,0,0,0,100
2024/5/5 20:00,1006.5,73.1,0,16.5,1.4,0,0,0,100
2024/5/5 20:15,1006.5,73.1,0,16.5,1.4,0,0,0,100
2024/5/5 20:30,1006.5,73.1,0,16.4,1.3,0,0,0,100
2024/5/5 20:45,1006.5,72.9,0,16.4,1.3,0,0,0,100
2024/5/5 21:00,1006.5,72.1,0,16.4,1.3,0,0,0,100
2024/5/5 21:15,1006.5,71.4,0,16.3,1.2,0,0,0,100
2024/5/5 21:30,1006.5,71.3,0,16.3,1.2,0,0,0,100
2024/5/5 21:45,1006.5,71.7,0,16.3,1.2,0,0,0,100
2024/5/5 22:00,1006.5,72.3,0,16.2,1.2,0,0,0,100
2024/5/5 22:15,1006.5,72.6,0,16.2,1.3,0,0,0,100
2024/5/5 22:30,1006.5,72.4,0,16.1,1.3,0,0,0,100
2024/5/5 22:45,1006.5,72.4,0,16.1,1.3,0,0,0,100
2024/5/5 23:00,1006.5,72.7,0,16.1,1.3,0,0,0,100
2024/5/5 23:15,1006.5,72.8,0,16,1.4,0,0,0,100
2024/5/5 23:30,1006.5,72.7,0.3,16,1.4,0,0,0,100
2024/5/5 23:45,1006.5,72.4,0.5,16,1.4,0,0,0,100
2024/5/6 0:00,1006.5,90.7,0.4,14.7,2.8,0,0,0,100
2024/5/6 0:15,1006.5,90.4,0.5,14.7,2.8,0,0,0,100
2024/5/6 0:30,1006.5,90.2,0.5,14.8,2.8,0,0,0,100
2024/5/6 0:45,1006.5,90,0.7,14.8,2.8,0,0,0,100
2024/5/6 1:00,1006.5,89.8,0.8,14.8,2.8,0,0,0,100
2024/5/6 1:15,1006.5,89.5,0.7,14.8,2.8,0,0,0,100
2024/5/6 1:30,1006.5,89.6,0.8,14.8,2.8,0,0,0,100
2024/5/6 1:45,1006.5,89.7,0.8,14.8,2.8,0,0,0,100
2024/5/6 2:00,1006.5,89.5,0.7,14.8,2.8,0,0,0,100
2024/5/6 2:15,1006.5,89.4,0.6,14.8,2.8,0,0,0,100
2024/5/6 2:30,1006.5,89.3,0.7,14.8,2.8,0,0,0,100
2024/5/6 2:45,1006.5,89.5,0.7,14.9,2.9,0,0,0,100
2024/5/6 3:00,1006.5,90.3,0.7,14.8,2.9,0,0,0,100
2024/5/6 3:15,1006.5,91.3,0.8,14.8,3,0,0,0,100
2024/5/6 3:30,1006.5,91.3,0.7,14.7,3,0,0,0,100
2024/5/6 3:45,1006.5,91,0.5,14.8,3.1,0,0,0,100
2024/5/6 4:00,1006.5,90.9,0.5,14.8,3.2,0,0,0,100
2024/5/6 4:15,1006.5,90.7,0.4,14.8,3.3,0,0,0,100
2024/5/6 4:30,1006.5,90.4,0.4,14.8,3.4,0,0,0,100
2024/5/6 4:45,1006.5,90.2,0.4,14.9,3.6,0,0,0,100
2024/5/6 5:00,1006.5,90.2,0.3,14.9,3.8,0,0,0,100
2024/5/6 5:15,1006.5,90.1,0.3,14.9,3.9,2,1,0.02,100
2024/5/6 5:30,1006.5,90.1,0.3,14.9,4.1,26,1,0.09,100
2024/5/6 5:45,1006.5,90.4,0.3,15,4.3,54,1,0.65,100
2024/5/6 6:00,1006.5,90.6,0.4,15.1,4.4,81,3,0.8,100
2024/5/6 6:15,1006.5,90.8,0.4,15.2,4.5,109,8,1.65,100
2024/5/6 6:30,1006.5,91.3,0.3,15.3,4.7,138,13,1.75,100
2024/5/6 6:45,1006.5,91.4,0.5,15.4,4.8,167,10,2.47,100
2024/5/6 7:00,1006.5,92,0.5,15.5,4.9,198,21,1.4,100
2024/5/6 7:15,1006.5,93.4,0.6,15.6,5.1,231,18,3.27,100
2024/5/6 7:30,1006.5,92,0.6,15.8,5.2,265,26,5.05,100
2024/5/6 7:45,1006.5,92.6,0.6,15.8,5.3,301,57,7.64,100
2024/5/6 8:00,1006.5,92.9,0.7,15.8,5.4,337,43,7.08,100
2024/5/6 8:15,1006.5,93.5,0.8,15.8,5.5,374,46,5.65,100
2024/5/6 8:30,1006.5,92.6,0.7,15.7,5.7,411,47,3.72,100
2024/5/6 8:45,1006.5,92.7,0.7,15.8,5.8,447,78,6.38,100
2024/5/6 9:00,1006.5,92.1,0.6,15.9,5.8,480,139,13.86,100
2024/5/6 9:15,1006.5,90.5,0.5,15.9,5.9,510,160,19.67,100
2024/5/6 9:30,1006.5,89.8,0.4,15.9,5.9,537,252,31.27,100
2024/5/6 9:45,1006.5,89.6,0.3,15.9,5.9,558,283,30.73,100
2024/5/6 10:00,1006.5,89.5,0.3,15.9,5.9,574,289,37.97,100
2024/5/6 10:15,1006.5,88.3,0.3,16,5.9,587,218,27.55,100
2024/5/6 10:30,1006.5,88.6,0.4,16,5.9,595,93,14.45,100
2024/5/6 10:45,1006.5,87.9,0.4,16,5.8,598,154,20.59,100
2024/5/6 11:00,1006.5,87.5,0.3,16.1,5.7,597,86,15.98,100
2024/5/6 11:15,1006.5,87.5,0.2,16.1,5.7,593,83,14.91,100
2024/5/6 11:30,1006.5,87.4,0.2,16.1,5.6,584,208,37.27,100
2024/5/6 11:45,1006.5,87.1,0.2,16.2,5.6,572,160,21.11,100
2024/5/6 12:00,1006.5,86.3,0.2,16.3,5.5,557,193,33.97,100
2024/5/6 12:15,1006.5,85.8,0.2,16.5,5.5,538,250,48.13,100
2024/5/6 12:30,1006.5,85.4,0.3,16.5,5.4,518,773,86.63,100
2024/5/6 12:45,1006.5,85,0.3,16.6,5.3,494,608,91.49,100
2024/5/6 13:00,1006.5,84.5,0.2,16.7,5.2,467,583,96.37,100
2024/5/6 13:15,1006.5,85.3,0.1,16.6,5.1,436,161,42.97,100
2024/5/6 13:30,1006.5,85.7,0.1,16.7,5.1,402,199,25.18,100
2024/5/6 13:45,1006.5,85.2,0.1,16.7,5,366,138,17.43,100
2024/5/6 14:00,1006.5,84.6,0.1,16.6,4.9,330,155,19.39,100
2024/5/6 14:15,1006.5,84.1,0.1,16.7,4.8,294,139,26.01,100
2024/5/6 14:30,1006.5,83.9,0.1,16.6,4.7,259,186,25.73,100
2024/5/6 14:45,1006.5,84,0.1,16.6,4.6,226,230,27.79,100
2024/5/6 15:00,1006.5,84.2,0.1,16.6,4.5,195,189,26.52,100
2024/5/6 15:15,1006.5,83.6,0,16.7,4.4,168,625,61.4,100
2024/5/6 15:30,1006.5,82.6,0,16.7,4.3,144,458,81.83,100
2024/5/6 15:45,1006.5,81.5,0,16.7,4.2,124,410,57.28,100
2024/5/6 16:00,1006.5,80.6,0,16.7,4.1,106,511,54.32,100
2024/5/6 16:15,1006.5,79.9,0,16.7,3.9,90,302,41.82,100
2024/5/6 16:30,1006.5,78.7,0,16.7,3.8,76,364,47.78,100
2024/5/6 16:45,1006.5,77.3,0,16.7,3.7,64,353,36.98,100
2024/5/6 17:00,1006.5,75.9,0,16.8,3.6,53,268,27.78,100
2024/5/6 17:15,1006.5,74.6,0,16.8,3.5,44,193,19.28,100
2024/5/6 17:30,1006.5,73.1,0,16.8,3.4,35,142,11.96,100
2024/5/6 17:45,1006.5,71.9,0,16.8,3.3,27,84,9.69,100
2024/5/6 18:00,1006.5,71.5,0,16.8,3.3,21,75,7.53,100
2024/5/6 18:15,1006.5,70.8,0,16.7,3.2,14,47,4.63,100
2024/5/6 18:30,1006.5,70.2,0,16.7,3.2,9,18,2.53,100
2024/5/6 18:45,1006.5,70,0,16.7,3.1,3,3,0.79,100
2024/5/6 19:00,1006.5,69.6,0,16.7,3.1,0,0,0,100
2024/5/6 19:15,1006.5,69.1,0,16.7,3.1,0,0,0,100
2024/5/6 19:30,1006.5,69.3,0,16.7,3.1,0,0,0,100
2024/5/6 19:45,1006.5,70.2,0,16.7,3.1,0,0,0,100
2024/5/6 20:00,1006.5,70.2,0,16.6,3.1,0,0,0,100
2024/5/6 20:15,1006.5,69.6,0,16.7,3,0,0,0,100
2024/5/6 20:30,1006.5,69.4,0,16.7,3,0,0,0,100
2024/5/6 20:45,1006.5,68.5,0,16.7,3.1,0,0,0,100
2024/5/6 21:00,1006.5,67.3,0,16.7,3.1,0,0,0,100
2024/5/6 21:15,1006.5,68.9,0,16.6,3.1,0,0,0,100
2024/5/6 21:30,1006.5,70,0,16.5,3.1,0,0,0,100
2024/5/6 21:45,1006.5,70.5,0,16.3,3.2,0,0,0,100
2024/5/6 22:00,1006.5,71.5,0,16.2,3.2,0,0,0,100
2024/5/6 22:15,1006.5,72.1,0,16.1,3.3,0,0,0,100
2024/5/6 22:30,1006.5,72.7,0,15.9,3.4,0,0,0,100
2024/5/6 22:45,1006.5,73.6,0,15.8,3.4,0,0,0,100
2024/5/6 23:00,1006.5,74.3,0,15.6,3.5,0,0,0,100
2024/5/6 23:15,1006.5,74.5,0,15.4,3.6,0,0,0,100
2024/5/6 23:30,1006.5,74,0,15.2,3.6,0,0,0,100
2024/5/6 23:45,1006.5,73.7,0,15,3.7,0,0,0,100
2024/5/7 0:00,1006.5,86.1,0,13.7,2.6,0,0,0,100
2024/5/7 0:15,1006.5,86.2,0,13.6,2.6,0,0,0,100
2024/5/7 0:30,1006.5,86.3,0,13.5,2.5,0,0,0,100
2024/5/7 0:45,1006.5,86.9,0,13.3,2.5,0,0,0,100
2024/5/7 1:00,1006.5,87.8,0,13.1,2.5,0,0,0,100
2024/5/7 1:15,1006.5,89.1,0,12.9,2.4,0,0,0,100
2024/5/7 1:30,1006.5,90.3,0,12.8,2.4,0,0,0,100
2024/5/7 1:45,1006.5,91.2,0,12.7,2.3,0,0,0,100
2024/5/7 2:00,1006.5,92.2,0,12.6,2.3,0,0,0,100
2024/5/7 2:15,1006.5,93.3,0,12.5,2.2,0,0,0,100
2024/5/7 2:30,1006.5,94.4,0,12.4,2.2,0,0,0,100
2024/5/7 2:45,1006.5,95.3,0,12.4,2.2,0,0,0,100
2024/5/7 3:00,1006.5,95.9,0,12.4,2.2,0,0,0,100
2024/5/7 3:15,1006.5,96.4,0,12.4,2.2,0,0,0,100
2024/5/7 3:30,1006.5,96.8,0,12.5,2.2,0,0,0,100
2024/5/7 3:45,1006.5,97,0,12.5,2.2,0,0,0,100
2024/5/7 4:00,1006.5,96.9,0,12.6,2.3,0,0,0,100
2024/5/7 4:15,1006.5,96.7,0,12.8,2.3,0,0,0,100
2024/5/7 4:30,1006.5,96.1,0,13,2.4,0,0,0,100
2024/5/7 4:45,1006.5,94.2,0,13.3,2.4,0,0,0,100
2024/5/7 5:00,1006.5,91.5,0,13.7,2.5,0,0,0,100
2024/5/7 5:15,1006.5,89.6,0,14,2.6,1,6,1.29,100
2024/5/7 5:30,1006.5,88.8,0,14.2,2.6,4,24,3,100
2024/5/7 5:45,1006.5,88.4,0,14.3,2.7,9,48,5.3,100
2024/5/7 6:00,1006.5,88.3,0,14.5,2.8,13,78,7.63,100
2024/5/7 6:15,1006.6,88.4,0,14.6,2.9,18,115,11.27,100
2024/5/7 6:30,1006.6,88.3,0,14.9,3.1,22,156,15.38,100
2024/5/7 6:45,1006.6,87.6,0,15.2,3.2,27,210,21.92,100
2024/5/7 7:00,1006.6,86.6,0,15.4,3.4,33,253,26.74,100
2024/5/7 7:15,1006.6,85.3,0,15.5,3.6,38,309,33.93,100
2024/5/7 7:30,1006.6,84.7,0,15.6,3.8,44,355,40.63,100
2024/5/7 7:45,1006.6,85,0,15.7,4,50,418,47.48,100
2024/5/7 8:00,1006.6,84.2,0,15.7,4.2,56,454,53.74,100
2024/5/7 8:15,1006.6,83,0,15.7,4.3,63,517,61.95,100
2024/5/7 8:30,1006.6,82.6,0,15.7,4.5,70,569,69.89,100
2024/5/7 8:45,1006.6,81.2,0,15.8,4.6,77,619,75.29,100
2024/5/7 9:00,1006.6,79.6,0,15.9,4.8,85,645,82.53,100
2024/5/7 9:15,1006.6,78.2,0,15.9,5,93,687,88.52,100
2024/5/7 9:30,1006.6,77.1,0,16,5.1,102,733,93.55,100
2024/5/7 9:45,1006.6,75.9,0,16,5.3,112,773,98.38,100
2024/5/7 10:00,1006.6,74.4,0,16,5.4,122,799,100,100
2024/5/7 10:15,1006.6,73.1,0,16,5.5,134,831,96.85,100
2024/5/7 10:30,1006.6,71.9,0,16.1,5.7,146,785,99.67,100
2024/5/7 10:45,1006.6,70.6,0,16.1,5.8,158,875,100,100
2024/5/7 11:00,1006.6,69.9,0,16.1,5.9,170,892,100,100
2024/5/7 11:15,1006.6,69.4,0,16.1,6,183,934,100,100
2024/5/7 11:30,1006.6,68.9,0,16.1,6.2,195,972,100,100
2024/5/7 11:45,1006.6,68.4,0,16.1,6.3,206,929,100,100
2024/5/7 12:00,1006.6,68,0,16.1,6.3,217,968,100,100
2024/5/7 12:15,1006.6,68,0,16.1,6.4,226,890,92.28,100
2024/5/7 12:30,1006.6,68,0,16.1,6.5,234,789,75.22,100
2024/5/7 12:45,1006.6,68.2,0,16.1,6.5,241,886,99.55,100
2024/5/7 13:00,1006.6,68.4,0,16.1,6.5,248,820,100,100
2024/5/7 13:15,1006.6,68.4,0,16.1,6.5,255,717,80.37,100
2024/5/7 13:30,1006.6,68.3,0,16.1,6.5,261,1047,94.4,100
2024/5/7 13:45,1006.6,68.2,0,16.1,6.5,266,738,82.32,100
2024/5/7 14:00,1006.6,67.7,0,16,6.5,269,733,81.93,100
2024/5/7 14:15,1006.6,67.2,0,16.1,6.4,270,443,56.01,100
2024/5/7 14:30,1006.6,66.6,0,16.1,6.4,268,413,54.05,100
2024/5/7 14:45,1006.6,65.9,0,16.1,6.3,263,486,72.94,100
2024/5/7 15:00,1006.6,65.5,0,16,6.2,255,522,71.78,100
2024/5/7 15:15,1006.6,65.2,0,16,6.1,244,485,67.54,100
2024/5/7 15:30,1006.6,65.1,0,16,6,230,514,72.83,100
2024/5/7 15:45,1006.6,64.8,0,15.9,6,213,602,55.01,100
2024/5/7 16:00,1006.6,64.6,0,15.9,5.9,193,454,49.43,100
2024/5/7 16:15,1006.6,64.7,0,15.9,5.8,170,512,53.47,100
2024/5/7 16:30,1006.6,64.8,0,15.9,5.7,147,451,50.27,100
2024/5/7 16:45,1006.6,65,0,15.9,5.6,124,378,29.63,100
2024/5/7 17:00,1006.6,65.4,0,15.9,5.4,101,251,26.12,100
2024/5/7 17:15,1006.6,65.7,0,15.8,5.3,81,247,24.59,100
2024/5/7 17:30,1006.6,66.2,0,15.8,5.2,62,226,20.46,100
2024/5/7 17:45,1006.6,66.5,0,15.7,5.1,46,99,8.57,100
2024/5/7 18:00,1006.6,66.6,0,15.7,5,33,103,6.91,100
2024/5/7 18:15,1006.6,66.7,0,15.7,4.9,22,57,4.7,100
2024/5/7 18:30,1006.6,66.9,0,15.6,4.8,13,34,3.65,100
2024/5/7 18:45,1006.6,67.2,0,15.5,4.7,5,15,2.01,100
2024/5/7 19:00,1006.6,67.2,0,15.5,4.6,0,0,0,100
2024/5/7 19:15,1006.6,67.2,0,15.5,4.5,0,0,0,100
2024/5/7 19:30,1006.6,67.5,0,15.5,4.4,0,0,0,100
2024/5/7 19:45,1006.6,67.6,0,15.5,4.3,0,0,0,100
2024/5/7 20:00,1006.6,67.6,0,15.5,4.2,0,0,0,100
2024/5/7 20:15,1006.6,67.5,0,15.5,4.1,0,0,0,100
2024/5/7 20:30,1006.6,67.8,0,15.5,3.9,0,0,0,100
2024/5/7 20:45,1006.6,68.5,0,15.5,3.8,0,0,0,100
2024/5/7 21:00,1006.6,68.7,0,15.5,3.7,0,0,0,100
2024/5/7 21:15,1006.6,69.1,0,15.5,3.6,0,0,0,100
2024/5/7 21:30,1006.6,69.7,0,15.5,3.6,0,0,0,100
2024/5/7 21:45,1006.6,70.1,0,15.5,3.5,0,0,0,100
2024/5/7 22:00,1006.6,70.8,0,15.5,3.4,0,0,0,100
2024/5/7 22:15,1006.6,72.1,0,15.4,3.3,0,0,0,100
2024/5/7 22:30,1006.6,73.9,0,15.3,3.2,0,0,0,100
2024/5/7 22:45,1006.6,75.4,0,15.3,3.1,0,0,0,100
2024/5/7 23:00,1006.6,76.3,0,15.1,3.1,0,0,0,100
2024/5/7 23:15,1006.6,77,0,15,3,0,0,0,100
2024/5/7 23:30,1006.6,78.2,0,14.8,2.9,0,0,0,100
2024/5/7 23:45,1006.6,79.1,0,14.6,2.8,0,0,0,100
2024/5/8 0:00,1006.6,83.4,0,14.2,2.2,0,0,0,100
2024/5/8 0:15,1006.6,83.6,0,14,2.1,0,0,0,100
2024/5/8 0:30,1006.6,83.5,0,13.9,2,0,0,0,100
2024/5/8 0:45,1006.6,83.2,0,13.9,2,0,0,0,100
2024/5/8 1:00,1006.6,83,0,13.8,1.9,0,0,0,100
2024/5/8 1:15,1006.6,82.9,0,13.7,1.8,0,0,0,100
2024/5/8 1:30,1006.6,82.7,0,13.7,1.7,0,0,0,100
2024/5/8 1:45,1006.6,82.7,0,13.7,1.7,0,0,0,100
2024/5/8 2:00,1006.6,82.8,0,13.6,1.7,0,0,0,100
2024/5/8 2:15,1006.6,83.2,0,13.5,1.6,0,0,0,100
2024/5/8 2:30,1006.6,83.9,0,13.4,1.6,0,0,0,100
2024/5/8 2:45,1006.6,84.7,0,13.4,1.6,0,0,0,100
2024/5/8 3:00,1006.6,85.7,0,13.2,1.6,0,0,0,100
2024/5/8 3:15,1006.6,86.6,0,13.1,1.6,0,0,0,100
2024/5/8 3:30,1006.6,86.9,0,12.9,1.5,0,0,0,100
2024/5/8 3:45,1006.6,87.3,0,12.8,1.5,0,0,0,100
2024/5/8 4:00,1006.6,87.9,0,12.7,1.5,0,0,0,100
2024/5/8 4:15,1006.6,88.8,0,12.5,1.5,0,0,0,100
2024/5/8 4:30,1006.6,89.6,0,12.3,1.4,0,0,0,100
2024/5/8 4:45,1006.6,89.9,0,12.2,1.4,0,0,0,100
2024/5/8 5:00,1006.6,90.1,0,12,1.3,0,0,0.32,100
2024/5/8 5:15,1006.6,90.2,0,12,1.2,1,9,1.47,100
2024/5/8 5:30,1006.6,90.5,0,11.9,1.2,6,28,3.08,100
2024/5/8 5:45,1006.6,91.2,0,11.8,1.1,11,63,5.15,100
2024/5/8 6:00,1006.5,92.3,0,11.8,1.1,17,96,7.74,100
2024/5/8 6:15,1006.6,93.6,0,11.7,1.1,22,145,12.01,100
2024/5/8 6:30,1006.6,93.8,0,11.8,1.1,29,193,17.03,100
2024/5/8 6:45,1006.6,93.5,0,12,1.1,36,251,24.01,100
2024/5/8 7:00,1006.6,92.9,0,12.2,1.1,43,304,30.65,100
2024/5/8 7:15,1006.6,92.3,0,12.4,1.2,52,366,38.78,100
2024/5/8 7:30,1006.6,91.5,0,12.7,1.2,62,414,45.83,100
2024/5/8 7:45,1006.6,90.7,0,13.1,1.3,72,477,54.08,100
2024/5/8 8:00,1006.6,89.1,0,13.7,1.3,83,519,59.98,100
2024/5/8 8:15,1006.6,86.3,0,14.3,1.3,96,571,67.03,100
2024/5/8 8:30,1006.6,83.2,0,14.8,1.4,109,608,72.98,100
2024/5/8 8:45,1006.6,79.1,0,15.2,1.4,123,660,79.68,100
2024/5/8 9:00,1006.6,75.3,0,15.4,1.4,138,688,85.69,100
2024/5/8 9:15,1006.6,71.4,0,15.6,1.5,153,723,91.85,100
2024/5/8 9:30,1006.6,68.6,0,15.7,1.5,169,768,96.73,100
2024/5/8 9:45,1006.6,66.6,0,15.9,1.5,186,809,99.82,100
2024/5/8 10:00,1006.6,65.4,0,16,1.6,204,845,100,100
2024/5/8 10:15,1006.6,64.3,0,16.1,1.6,223,878,100,100
2024/5/8 10:30,1006.6,63.4,0,16.2,1.7,243,922,100,100
2024/5/8 10:45,1006.6,62.6,0,16.3,1.7,263,961,100,100
2024/5/8 11:00,1006.6,61.8,0,16.4,1.8,283,991,100,100
2024/5/8 11:15,1006.6,61.3,0,16.5,1.8,303,1003,100,100
2024/5/8 11:30,1006.6,60.4,0,16.6,1.9,322,1005,100,100
2024/5/8 11:45,1006.6,58.5,0,16.7,1.9,338,1018,100,100
2024/5/8 12:00,1006.6,55.9,0,16.9,1.9,353,1029,100,100
2024/5/8 12:15,1006.6,53,0,17,1.9,365,1023,100,100
2024/5/8 12:30,1006.6,49.8,0,17.2,1.9,374,1015,100,100
2024/5/8 12:45,1006.6,47.4,0,17.4,1.9,379,1020,100,100
2024/5/8 13:00,1006.6,44.7,0,17.6,1.9,382,995,100,100
2024/5/8 13:15,1006.6,42.7,0,17.9,1.9,383,965,100,100
2024/5/8 13:30,1006.6,40.8,0,18.1,1.8,381,940,100,100
2024/5/8 13:45,1006.6,39.2,0,18.3,1.8,377,900,100,100
2024/5/8 14:00,1006.6,37.8,0,18.5,1.7,370,858,100,100
2024/5/8 14:15,1006.6,36.6,0,18.7,1.7,361,816,99.49,100
2024/5/8 14:30,1006.6,36,0,18.9,1.7,350,787,96.76,100
2024/5/8 14:45,1006.6,36.1,0,19.1,1.6,336,744,91.35,100
2024/5/8 15:00,1006.6,36.2,0,19.3,1.6,321,706,86.25,100
2024/5/8 15:15,1006.6,36.4,0,19.5,1.6,303,663,80.16,100
2024/5/8 15:30,1006.6,36.6,0,19.6,1.6,283,627,74.04,100
2024/5/8 15:45,1006.6,36.8,0,19.8,1.6,262,583,67.33,100
2024/5/8 16:00,1006.6,37,0,20,1.7,239,534,60.52,100
2024/5/8 16:15,1006.6,37.2,0,20.1,1.7,214,483,53.01,100
2024/5/8 16:30,1006.6,37.4,0,20.3,1.8,188,440,46.29,100
2024/5/8 16:45,1006.6,37.7,0,20.4,1.8,163,378,38.71,100
2024/5/8 17:00,1006.6,38.3,0,20.5,1.9,138,327,31.87,100
2024/5/8 17:15,1006.7,39.4,0,20.6,2,114,270,24.38,100
2024/5/8 17:30,1006.7,41,0,20.7,2.1,93,215,18.27,100
2024/5/8 17:45,1006.7,43.2,0,20.6,2.2,73,158,12.31,100
2024/5/8 18:00,1006.7,45.4,0,20.4,2.3,54,114,8.56,100
2024/5/8 18:15,1006.7,46.8,0,20.3,2.4,38,73,5.57,100
2024/5/8 18:30,1006.7,48.2,0,20.1,2.6,24,36,3.6,100
2024/5/8 18:45,1006.7,50,0,19.9,2.7,10,9,1.67,100
2024/5/8 19:00,1006.7,51.2,0,19.6,2.8,0,0,0,100
2024/5/8 19:15,1006.7,51.8,0,19.3,2.9,0,0,0,100
2024/5/8 19:30,1006.6,52.5,0,19,3.1,0,0,0,100
2024/5/8 19:45,1006.6,54.3,0,18.6,3.2,0,0,0,100
2024/5/8 20:00,1006.6,56,0,18.2,3.4,0,0,0,100
2024/5/8 20:15,1006.6,57.4,0,17.9,3.6,0,0,0,100
2024/5/8 20:30,1006.6,59.4,0,17.5,3.7,0,0,0,100
2024/5/8 20:45,1006.6,61.7,0,17.3,3.8,0,0,0,100
2024/5/8 21:00,1006.6,64.1,0,17,4,0,0,0,100
2024/5/8 21:15,1006.6,65.7,0,16.8,4.1,0,0,0,100
2024/5/8 21:30,1006.6,67.2,0,16.5,4.2,0,0,0,100
2024/5/8 21:45,1006.6,69.9,0,16.3,4.3,0,0,0,100
2024/5/8 22:00,1006.6,72.3,0,16.1,4.4,0,0,0,100
2024/5/8 22:15,1006.6,75.2,0,15.9,4.5,0,0,0,100
2024/5/8 22:30,1006.6,77.2,0,15.7,4.6,0,0,0,100
2024/5/8 22:45,1006.6,78.6,0,15.5,4.7,0,0,0,100
2024/5/8 23:00,1006.6,80.6,0,15.4,4.7,0,0,0,100
2024/5/8 23:15,1006.6,81.9,0,15.2,4.8,0,0,0,100
2024/5/8 23:30,1006.6,83.2,0,15.1,4.8,0,0,0,100
2024/5/8 23:45,1006.6,83.9,0,15,4.9,0,0,0,100
2024/5/9 0:00,1006.6,82,0,14.8,4.8,0,0,0,100
2024/5/9 0:15,1006.6,82.5,0,14.7,4.8,0,0,0,100
2024/5/9 0:30,1006.6,83,0,14.6,4.8,0,0,0,100
2024/5/9 0:45,1006.6,83.2,0,14.6,4.8,0,0,0,100
2024/5/9 1:00,1006.6,83.5,0,14.5,4.8,0,0,0,100
2024/5/9 1:15,1006.6,84.1,0,14.3,4.8,0,0,0,100
2024/5/9 1:30,1006.6,84.5,0,14.2,4.8,0,0,0,100
2024/5/9 1:45,1006.6,84.7,0,14.2,4.8,0,0,0,100
2024/5/9 2:00,1006.6,85,0,14.1,4.8,0,0,0,100
2024/5/9 2:15,1006.6,85.4,0,14,4.8,0,0,0,100
2024/5/9 2:30,1006.6,85.7,0,13.9,4.8,0,0,0,100
2024/5/9 2:45,1006.6,86,0,13.8,4.8,0,0,0,100
2024/5/9 3:00,1006.5,86.3,0,13.7,4.8,0,0,0,100
2024/5/9 3:15,1006.5,86.5,0,13.6,4.8,0,0,0,100
2024/5/9 3:30,1006.5,86.8,0,13.5,4.9,0,0,0,100
2024/5/9 3:45,1006.5,86.9,0,13.4,4.9,0,0,0,100
2024/5/9 4:00,1006.5,87,0,13.3,4.9,0,0,0,100
2024/5/9 4:15,1006.5,87,0,13.2,4.9,0,0,0,100
2024/5/9 4:30,1006.5,87,0,13.2,4.9,0,0,0,100
2024/5/9 4:45,1006.5,87,0,13.1,4.9,0,0,0,100
2024/5/9 5:00,1006.5,86.9,0,13,5,0,0,0.34,100
2024/5/9 5:15,1006.5,86.9,0,13,5,6,9,1.59,100
2024/5/9 5:30,1006.5,86.6,0,13,5,36,26,3.1,100
2024/5/9 5:45,1006.5,86.1,0,13,5,67,57,5.16,100
2024/5/9 6:00,1006.5,85,0,13.2,5.1,98,94,7.76,100
2024/5/9 6:15,1006.5,83.6,0,13.5,5.1,130,144,12.07,100
2024/5/9 6:30,1006.5,81.9,0,13.8,5.2,163,193,17,100
2024/5/9 6:45,1006.6,79.8,0,14.2,5.2,196,250,23.86,100
2024/5/9 7:00,1006.6,77.5,0,14.7,5.3,232,304,30.44,100
2024/5/9 7:15,1006.6,74.6,0,15.1,5.4,269,369,38.82,100
2024/5/9 7:30,1006.6,71.9,0,15.5,5.5,307,421,45.98,100
2024/5/9 7:45,1006.6,70.2,0,15.9,5.6,347,482,53.89,100
2024/5/9 8:00,1006.6,68.7,0,16.3,5.7,388,525,60.4,100
2024/5/9 8:15,1006.6,67,0,16.7,5.7,430,577,68.1,100
2024/5/9 8:30,1006.6,64.7,0,17.1,5.8,472,618,74.31,100
2024/5/9 8:45,1006.6,61.6,0,17.6,5.9,513,657,79.18,100
2024/5/9 9:00,1006.6,59.1,0,18,6,552,693,86.56,100
2024/5/9 9:15,1006.6,57.3,0,18.4,6.1,589,736,92.07,100
2024/5/9 9:30,1006.6,55.9,0,18.7,6.2,622,773,96.47,100
2024/5/9 9:45,1006.6,53.6,0,19.1,6.3,650,813,99.35,100
2024/5/9 10:00,1006.7,51.7,0,19.4,6.4,675,843,100,100
2024/5/9 10:15,1006.7,50.8,0,19.6,6.5,695,889,100,100
2024/5/9 10:30,1006.7,49.6,0,19.9,6.6,712,914,100,100
2024/5/9 10:45,1006.7,48.3,0,20.1,6.7,724,947,100,100
2024/5/9 11:00,1006.7,47.5,0,20.3,6.8,733,975,100,100
2024/5/9 11:15,1006.7,47,0,20.5,6.9,738,882,100,100
2024/5/9 11:30,1006.7,46.3,0,20.7,7,739,957,100,100
2024/5/9 11:45,1006.7,45.1,0,20.8,7.1,737,1017,100,100
2024/5/9 12:00,1006.7,45.1,0,21,7.2,731,1011,100,100
2024/5/9 12:15,1006.7,45,0,21.1,7.3,723,1007,100,100
2024/5/9 12:30,1006.7,44.8,0,21.2,7.3,712,1008,100,100
2024/5/9 12:45,1006.7,45.1,0,21.3,7.4,698,1003,100,100
2024/5/9 13:00,1006.7,44.8,0,21.3,7.5,682,994,100,100
2024/5/9 13:15,1006.7,44.4,0,21.4,7.5,664,962,100,100
2024/5/9 13:30,1006.7,44.2,0,21.5,7.5,643,960,100,100
2024/5/9 13:45,1006.7,44,0,21.5,7.6,619,911,100,100
2024/5/9 14:00,1006.7,43.4,0,21.5,7.6,593,884,100,100
2024/5/9 14:15,1006.7,42.8,0,21.5,7.6,565,856,100,100
2024/5/9 14:30,1006.7,42.6,0,21.5,7.6,535,828,99.57,100
2024/5/9 14:45,1006.7,43.3,0,21.5,7.6,503,781,93.01,100
2024/5/9 15:00,1006.7,44,0,21.4,7.6,470,744,90.02,100
2024/5/9 15:15,1006.7,44.4,0,21.4,7.6,435,704,83.37,100
2024/5/9 15:30,1006.7,44.7,0,21.3,7.6,399,664,76.95,100
2024/5/9 15:45,1006.7,44.9,0,21.3,7.5,362,617,69.76,100
2024/5/9 16:00,1006.7,45.1,0,21.2,7.5,324,568,63.04,100
2024/5/9 16:15,1006.7,46,0,21.1,7.4,285,500,55.59,100
2024/5/9 16:30,1006.7,47,0,21,7.4,247,464,47.76,100
2024/5/9 16:45,1006.6,48.5,0,20.8,7.3,210,359,40.35,100
2024/5/9 17:00,1006.6,49.2,0,20.7,7.3,175,355,33.27,100
2024/5/9 17:15,1006.6,49.3,0,20.6,7.3,142,278,22.9,100
2024/5/9 17:30,1006.6,49.1,0,20.3,7.3,113,235,19.66,100
2024/5/9 17:45,1006.6,49.6,0,20.1,7.3,87,169,12.9,100
2024/5/9 18:00,1006.6,52.8,0,19.8,7.3,64,120,8.67,100
2024/5/9 18:15,1006.6,56.2,0,19.5,7.2,44,64,5.14,100
2024/5/9 18:30,1006.6,60.2,0,19.1,7.2,27,38,3.52,100
2024/5/9 18:45,1006.6,64.5,0,18.7,7.2,12,12,1.55,100
2024/5/9 19:00,1006.6,68.6,0,18.3,7.2,1,0,0,100
2024/5/9 19:15,1006.6,72.1,0,17.9,7.2,0,0,0,100
2024/5/9 19:30,1006.6,72.5,0,17.7,7.1,0,0,0,100
2024/5/9 19:45,1006.6,71.9,0,17.4,7.1,0,0,0,100
2024/5/9 20:00,1006.6,71.2,0,17.2,7.1,0,0,0,100
2024/5/9 20:15,1006.6,70.5,0,16.9,7.1,0,0,0,100
2024/5/9 20:30,1006.6,70.4,0,16.7,7.1,0,0,0,100
2024/5/9 20:45,1006.6,71.7,0,16.5,7.1,0,0,0,100
2024/5/9 21:00,1006.6,73.4,0,16.2,7.2,0,0,0,100
2024/5/9 21:15,1006.6,75,0,16,7.2,0,0,0,100
2024/5/9 21:30,1006.6,76.1,0,15.9,7.2,0,0,0,100
2024/5/9 21:45,1006.6,76.9,0,15.7,7.3,0,0,0,100
2024/5/9 22:00,1006.5,77.2,0,15.6,7.3,0,0,0,100
2024/5/9 22:15,1006.5,77.6,0,15.4,7.3,0,0,0,100
2024/5/9 22:30,1006.5,77.9,0,15.2,7.3,0,0,0,100
2024/5/9 22:45,1006.5,78.2,0,15.1,7.4,0,0,0,100
2024/5/9 23:00,1006.5,78.7,0,15,7.4,0,0,0,100
2024/5/9 23:15,1006.5,79.2,0,14.9,7.4,0,0,0,100
2024/5/9 23:30,1006.5,79.8,0,14.7,7.4,0,0,0,100
2024/5/9 23:45,1006.5,80.5,0,14.6,7.4,0,0,0,100
2024/5/10 0:00,1006.5,80.1,0,15.4,7.1,0,0,0,100
2024/5/10 0:15,1006.5,80.6,0,15.3,7.2,0,0,0,100
2024/5/10 0:30,1006.5,81.1,0,15.1,7.2,0,0,0,100
2024/5/10 0:45,1006.5,81.6,0,15,7.2,0,0,0,100
2024/5/10 1:00,1006.5,82.1,0,14.9,7.2,0,0,0,100
2024/5/10 1:15,1006.5,82.6,0,14.8,7.2,0,0,0,100
2024/5/10 1:30,1006.5,83.2,0,14.8,7.2,0,0,0,100
2024/5/10 1:45,1006.5,83.8,0,14.7,7.2,0,0,0,100
2024/5/10 2:00,1006.5,84.5,0,14.6,7.2,0,0,0,100
2024/5/10 2:15,1006.5,85,0,14.5,7.3,0,0,0,100
2024/5/10 2:30,1006.5,85.6,0,14.5,7.3,0,0,0,100
2024/5/10 2:45,1006.5,86.1,0,14.4,7.3,0,0,0,100
2024/5/10 3:00,1006.5,86.6,0,14.3,7.3,0,0,0,100
2024/5/10 3:15,1006.5,87,0,14.3,7.4,0,0,0,100
2024/5/10 3:30,1006.5,87.3,0,14.2,7.4,0,0,0,100
2024/5/10 3:45,1006.5,87.7,0,14.2,7.4,0,0,0,100
2024/5/10 4:00,1006.5,88.1,0,14.1,7.5,0,0,0,100
2024/5/10 4:15,1006.5,88.5,0,14.1,7.5,0,0,0,100
2024/5/10 4:30,1006.5,88.7,0,14,7.5,0,0,0,100
2024/5/10 4:45,1006.5,89,0,14,7.6,0,0,0,100
2024/5/10 5:00,1006.5,89.1,0,13.9,7.6,0,0,0.34,100
2024/5/10 5:15,1006.5,89.2,0,13.9,7.7,8,12,1.75,100
2024/5/10 5:30,1006.5,89.1,0,13.9,7.7,39,33,3.38,100
2024/5/10 5:45,1006.5,88.7,0,14,7.8,70,72,5.44,100
2024/5/10 6:00,1006.5,87.9,0,14.2,7.8,102,117,8.13,100
2024/5/10 6:15,1006.5,86.8,0,14.4,7.8,135,164,12.73,100
2024/5/10 6:30,1006.5,85.5,0,14.7,7.9,168,216,18.24,100
2024/5/10 6:45,1006.5,84,0,15,7.9,203,277,25.54,100
2024/5/10 7:00,1006.5,82.3,0,15.3,7.9,240,332,32.57,100
2024/5/10 7:15,1006.5,80.4,0,15.6,8,279,365,40.79,100
2024/5/10 7:30,1006.5,78.6,0,16,8,320,448,48.4,100
2024/5/10 7:45,1006.5,76.8,0,16.3,8,364,507,56.79,100
2024/5/10 8:00,1006.5,75.3,0,16.7,8.1,408,554,63.99,100
2024/5/10 8:15,1006.5,73.8,0,17,8.1,454,603,72.31,100
2024/5/10 8:30,1006.5,72.4,0,17.4,8.1,500,652,73.43,100
2024/5/10 8:45,1006.5,70.9,0,17.8,8.2,546,671,84.8,100
2024/5/10 9:00,1006.5,69.6,0,18.1,8.2,591,743,95.77,100
2024/5/10 9:15,1006.6,68.6,0,18.4,8.2,634,426,71.21,100
2024/5/10 9:30,1006.6,67.7,0,18.7,8.2,673,709,89.6,100
2024/5/10 9:45,1006.6,66.4,0,19,8.2,709,859,100,100
2024/5/10 10:00,1006.6,64.9,0,19.4,8.3,741,892,100,100
2024/5/10 10:15,1006.6,63.3,0,19.7,8.3,770,945,100,100
2024/5/10 10:30,1006.6,62.5,0,19.9,8.3,796,971,100,100
2024/5/10 10:45,1006.6,61.8,0,20.2,8.3,818,988,100,100
2024/5/10 11:00,1006.6,61.2,0,20.4,8.3,837,785,98.22,100
2024/5/10 11:15,1006.6,60.3,0,20.6,8.3,852,789,98.96,100
2024/5/10 11:30,1006.6,59.1,0,20.9,8.3,862,444,75.83,100
2024/5/10 11:45,1006.6,58.2,0,21.1,8.4,869,1041,100,100
2024/5/10 12:00,1006.6,57.5,0,21.3,8.4,872,1055,100,100
2024/5/10 12:15,1006.6,57,0,21.4,8.4,871,998,100,100
2024/5/10 12:30,1006.6,56.7,0,21.6,8.4,866,1015,100,100
2024/5/10 12:45,1006.6,56.6,0,21.7,8.4,858,977,100,100
2024/5/10 13:00,1006.6,56.3,0,21.9,8.4,847,968,100,100
2024/5/10 13:15,1006.6,56,0,22,8.4,833,926,97.33,100
2024/5/10 13:30,1006.6,55.6,0,22.1,8.5,815,844,99.13,100
2024/5/10 13:45,1006.6,55.3,0,22.2,8.5,795,948,100,100
2024/5/10 14:00,1006.6,55.2,0,22.3,8.5,770,737,97.5,100
2024/5/10 14:15,1006.6,55.1,0,22.3,8.5,742,713,89.04,100
2024/5/10 14:30,1006.6,55.6,0,22.4,8.5,710,673,72.16,100
2024/5/10 14:45,1006.6,56.5,0,22.4,8.6,675,637,84.49,100
2024/5/10 15:00,1006.6,57.5,0,22.3,8.6,636,596,75.96,100
2024/5/10 15:15,1006.6,58.5,0,22.3,8.6,594,532,62.23,100
2024/5/10 15:30,1006.6,59.2,0,22.2,8.5,548,457,58.05,100
2024/5/10 15:45,1006.6,59.3,0,22.1,8.5,500,605,68.53,100
2024/5/10 16:00,1006.6,59.2,0,22,8.5,448,533,62.22,100
2024/5/10 16:15,1006.6,59.4,0,21.9,8.5,394,368,41.67,100
2024/5/10 16:30,1006.6,60.2,0,21.8,8.5,340,282,36.96,100
2024/5/10 16:45,1006.6,61.7,0,21.6,8.5,288,321,33.28,100
2024/5/10 17:00,1006.6,63.6,0,21.4,8.5,238,292,30.18,100
2024/5/10 17:15,1006.6,65.7,0,21.2,8.4,193,253,23.47,100
2024/5/10 17:30,1006.6,67.6,0,21,8.4,151,183,16.51,100
2024/5/10 17:45,1006.6,69.2,0,20.7,8.4,115,122,11.62,100
2024/5/10 18:00,1006.6,70.9,0,20.4,8.4,84,114,9.61,100
2024/5/10 18:15,1006.5,73,0,20.2,8.4,57,73,6.67,100
2024/5/10 18:30,1006.5,75.5,0,19.9,8.3,35,39,3.81,100
2024/5/10 18:45,1006.5,77.8,0,19.6,8.3,16,9,1.2,100
2024/5/10 19:00,1006.5,79.4,0,19.3,8.3,1,0,0,100
2024/5/10 19:15,1006.5,80.6,0,19.1,8.2,0,0,0,100
2024/5/10 19:30,1006.5,81.7,0,18.8,8.1,0,0,0,100
2024/5/10 19:45,1006.5,82.8,0,18.6,8.1,0,0,0,100
2024/5/10 20:00,1006.5,83.7,0,18.4,8,0,0,0,100
2024/5/10 20:15,1006.5,84.4,0,18.2,8,0,0,0,100
2024/5/10 20:30,1006.5,84.9,0,18.1,7.9,0,0,0,100
2024/5/10 20:45,1006.5,85.3,0,17.9,7.8,0,0,0,100
2024/5/10 21:00,1006.5,85.6,0,17.7,7.8,0,0,0,100
2024/5/10 21:15,1006.5,85.8,0,17.6,7.7,0,0,0,100
2024/5/10 21:30,1006.5,86.2,0,17.5,7.6,0,0,0,100
2024/5/10 21:45,1006.5,86.5,0,17.4,7.5,0,0,0,100
2024/5/10 22:00,1006.5,86.9,0,17.3,7.4,0,0,0,100
2024/5/10 22:15,1006.5,87.3,0,17.2,7.2,0,0,0,100
2024/5/10 22:30,1006.5,87.7,0,17.1,7.1,0,0,0,100
2024/5/10 22:45,1006.5,88,0,17.1,7,0,0,0,100
2024/5/10 23:00,1006.5,88.2,0,17,6.8,0,0,0,100
2024/5/10 23:15,1006.5,88.4,0,17,6.8,0,0,0,100
2024/5/10 23:30,1006.5,88.7,0,16.9,6.7,0,0,0,100
2024/5/10 23:45,1006.5,88.9,0,16.9,6.7,0,0,0,100
2024/5/11 0:00,1006.5,89.5,0,17.2,6.4,0,0,0,100
2024/5/11 0:15,1006.5,89.7,0,17.1,6.3,0,0,0,100
2024/5/11 0:30,1006.5,89.9,0,17.1,6.2,0,0,0,100
2024/5/11 0:45,1006.5,90.2,0,17.1,6,0,0,0,100
2024/5/11 1:00,1006.5,90.6,0.1,17.1,5.9,0,0,0,100
2024/5/11 1:15,1006.5,91.1,0.2,17.1,5.8,0,0,0,100
2024/5/11 1:30,1006.5,91.6,0.3,17.1,5.7,0,0,0,100
2024/5/11 1:45,1006.5,91.7,0.4,17.1,5.6,0,0,0,100
2024/5/11 2:00,1006.5,92,0.4,17.1,5.6,0,0,0,100
2024/5/11 2:15,1006.5,92.3,0.3,17.1,5.6,0,0,0,100
2024/5/11 2:30,1006.5,92.7,0.5,17.2,5.7,0,0,0,100
2024/5/11 2:45,1006.5,92.2,0.5,17.3,5.8,0,0,0,100
2024/5/11 3:00,1006.5,91.2,0.5,17.4,5.8,0,0,0,100
2024/5/11 3:15,1006.5,90.7,0.7,17.2,5.9,0,0,0,100
2024/5/11 3:30,1006.5,90.3,0.7,17.2,5.9,0,0,0,100
2024/5/11 3:45,1006.5,90.4,0.5,17.1,6,0,0,0,100
2024/5/11 4:00,1006.5,89.6,0.5,17.1,6,0,0,0,100
2024/5/11 4:15,1006.5,89,0.5,17.2,6.1,0,0,0,100
2024/5/11 4:30,1006.5,88.9,0.5,17.2,6.1,0,0,0,100
2024/5/11 4:45,1006.5,89.6,0.4,17.1,6.2,0,0,0,100
2024/5/11 5:00,1006.5,89.6,0.3,16.9,6.2,0,0,0,100
2024/5/11 5:15,1006.5,91.3,0.3,16.8,6.2,10,0,0,100
2024/5/11 5:30,1006.5,90.9,0.3,16.6,6.3,41,1,0.35,100
2024/5/11 5:45,1006.5,90.2,0.4,16.4,6.3,72,5,1.37,100
2024/5/11 6:00,1006.5,90.4,0.4,16.3,6.3,104,12,2.41,100
2024/5/11 6:15,1006.5,89.8,0.1,16.2,6.2,136,11,1.83,100
2024/5/11 6:30,1006.5,88.8,0.3,16.1,6.2,170,41,5.83,100
2024/5/11 6:45,1006.5,87.7,0.1,16,6.1,204,35,4.45,100
2024/5/11 7:00,1006.5,86.5,0.1,16,6,241,59,9.29,100
2024/5/11 7:15,1006.5,84.5,0.3,16.1,5.9,280,102,10.44,100
2024/5/11 7:30,1006.5,79.5,0.2,16.2,5.8,321,148,20.84,100
2024/5/11 7:45,1006.5,75.4,0,16.3,5.6,363,123,19.64,100
2024/5/11 8:00,1006.5,76.2,0,16.3,5.4,408,246,45.43,100
2024/5/11 8:15,1006.5,75.8,0,16.3,5.1,453,266,32.48,100
2024/5/11 8:30,1006.5,67.5,0,16.8,4.9,499,217,26.52,100
2024/5/11 8:45,1006.5,66.4,0,16.9,4.7,545,263,32.74,100
2024/5/11 9:00,1006.5,65.9,0,17.1,4.5,589,290,36.19,100
2024/5/11 9:15,1006.5,64.7,0,17.3,4.3,631,507,52.56,100
2024/5/11 9:30,1006.5,64.4,0,17.4,4.1,670,746,84.47,100
2024/5/11 9:45,1006.5,64.1,0,17.5,4,705,760,96.94,100
2024/5/11 10:00,1006.5,64.1,0,17.5,3.8,738,763,92.47,100
2024/5/11 10:15,1006.5,63.2,0,17.5,3.6,766,860,94.44,100
2024/5/11 10:30,1006.5,62.6,0,17.5,3.5,792,942,98.47,100
2024/5/11 10:45,1006.5,62.1,0,17.6,3.3,814,977,100,100
2024/5/11 11:00,1006.5,62.3,0,17.7,3.2,832,969,100,100
2024/5/11 11:15,1006.5,62.5,0,17.7,3.1,847,1050,100,100
2024/5/11 11:30,1006.5,60.6,0,17.8,3,857,836,100,100
2024/5/11 11:45,1006.5,59.3,0,17.9,2.9,864,1001,100,100
2024/5/11 12:00,1006.5,59.6,0,18,2.9,867,985,100,100
2024/5/11 12:15,1006.5,59.6,0,18,2.8,866,725,81.37,100
2024/5/11 12:30,1006.5,59.2,0,18.1,2.8,861,608,68.75,100
2024/5/11 12:45,1006.5,58,0,18.2,2.8,853,518,68.02,100
2024/5/11 13:00,1006.5,56.1,0,18.3,2.8,842,561,72.13,100
2024/5/11 13:15,1006.5,54.1,0,18.4,2.8,828,847,77.15,100
2024/5/11 13:30,1006.5,52,0,18.5,2.8,811,789,100,100
2024/5/11 13:45,1006.5,49.8,0,18.6,2.7,791,884,100,100
2024/5/11 14:00,1006.5,48.6,0,18.7,2.7,767,853,99.86,100
2024/5/11 14:15,1006.5,48.1,0,18.8,2.7,739,834,98.79,100
2024/5/11 14:30,1006.5,47.6,0,19,2.6,708,427,51.16,100
2024/5/11 14:45,1006.5,46.7,0,19,2.5,673,690,80.04,100
2024/5/11 15:00,1006.5,46.1,0,19,2.4,634,661,75.85,100
2024/5/11 15:15,1006.5,45.3,0,19.1,2.4,592,632,72.67,100
2024/5/11 15:30,1006.5,43.7,0,19.1,2.3,547,599,69.57,100
2024/5/11 15:45,1006.5,41.2,0,19.3,2.2,499,538,61.68,100
2024/5/11 16:00,1006.5,39.1,0,19.3,2.1,447,478,56.02,100
2024/5/11 16:15,1006.5,37.4,0,19.4,2,394,399,44.63,100
2024/5/11 16:30,1006.5,35.8,0,19.4,2,340,427,46.33,100
2024/5/11 16:45,1006.5,34.5,0,19.5,2,288,301,39.74,100
2024/5/11 17:00,1006.5,33.3,0,19.5,2,239,337,32.48,100
2024/5/11 17:15,1006.5,32.3,0,19.5,2,193,265,24.61,100
2024/5/11 17:30,1006.5,31.9,0,19.5,2,152,218,18.83,100
2024/5/11 17:45,1006.5,31.7,0,19.5,2,116,162,12.98,100
2024/5/11 18:00,1006.5,31.9,0,19.5,2,85,120,9.36,100
2024/5/11 18:15,1006.5,32.3,0,19.5,2.1,58,71,6.01,100
2024/5/11 18:30,1006.5,32.6,0,19.5,2.1,36,37,3.8,100
2024/5/11 18:45,1006.5,32.8,0,19.4,2.2,17,13,1.9,100
2024/5/11 19:00,1006.5,33.1,0,19.4,2.2,2,0,0,100
2024/5/11 19:15,1006.5,33.9,0,19.3,2.3,0,0,0,100
2024/5/11 19:30,1006.5,35.2,0,19.1,2.3,0,0,0,100
2024/5/11 19:45,1006.5,36.5,0,19,2.4,0,0,0,100
2024/5/11 20:00,1006.5,37.1,0,18.9,2.4,0,0,0,100
2024/5/11 20:15,1006.5,38.1,0,18.7,2.5,0,0,0,100
2024/5/11 20:30,1006.5,40.3,0,18.4,2.6,0,0,0,100
2024/5/11 20:45,1006.5,43.3,0,18.1,2.7,0,0,0,100
2024/5/11 21:00,1006.5,45.2,0,17.8,2.7,0,0,0,100
2024/5/11 21:15,1006.5,46.6,0,17.6,2.8,0,0,0,100
2024/5/11 21:30,1006.5,48.4,0,17.4,2.9,0,0,0,100
2024/5/11 21:45,1006.5,50.1,0,17.1,3,0,0,0,100
2024/5/11 22:00,1006.5,51.8,0,17,3.1,0,0,0,100
2024/5/11 22:15,1006.5,53.6,0,16.8,3.2,0,0,0,100
2024/5/11 22:30,1006.5,55.7,0,16.5,3.2,0,0,0,100
2024/5/11 22:45,1006.5,57.7,0,16.3,3.3,0,0,0,100
2024/5/11 23:00,1006.5,59.5,0,16.2,3.3,0,0,0,100
2024/5/11 23:15,1006.5,61,0,16,3.3,0,0,0,100
2024/5/11 23:30,1006.5,62.4,0,15.9,3.3,0,0,0,100
2024/5/11 23:45,1006.5,64.2,0,15.7,3.2,0,0,0,100
2024/5/12 0:00,1006.5,63.5,0,16.3,3.1,0,0,0,100
2024/5/12 0:15,1006.5,65.6,0,16.1,3.1,0,0,0,100
2024/5/12 0:30,1006.5,67.7,0,15.9,3.1,0,0,0,100
2024/5/12 0:45,1006.5,69.8,0,15.7,3.1,0,0,0,100
2024/5/12 1:00,1006.5,71.6,0,15.5,3.1,0,0,0,100
2024/5/12 1:15,1006.5,73,0,15.3,3,0,0,0,100
2024/5/12 1:30,1006.5,74.2,0,15.2,3,0,0,0,100
2024/5/12 1:45,1006.5,75,0,15.1,3,0,0,0,100
2024/5/12 2:00,1006.5,75.1,0,15.1,2.9,0,0,0,100
2024/5/12 2:15,1006.5,74.8,0,15.1,2.8,0,0,0,100
2024/5/12 2:30,1006.5,74.8,0,15.2,2.8,0,0,0,100
2024/5/12 2:45,1006.5,75.1,0,15.2,2.7,0,0,0,100
2024/5/12 3:00,1006.5,75.8,0,15.2,2.7,0,0,0,100
2024/5/12 3:15,1006.5,76.5,0,15.2,2.6,0,0,0,100
2024/5/12 3:30,1006.5,76.5,0,15.3,2.6,0,0,0,100
2024/5/12 3:45,1006.5,76.3,0,15.4,2.5,0,0,0,100
2024/5/12 4:00,1006.5,76.8,0,15.5,2.5,0,0,0,100
2024/5/12 4:15,1006.5,77.4,0,15.6,2.4,0,0,0,100
2024/5/12 4:30,1006.5,77.4,0,15.7,2.3,0,0,0,100
2024/5/12 4:45,1006.5,77.9,0,15.7,2.2,0,0,0,100
2024/5/12 5:00,1006.5,78.7,0,15.6,2.1,0,0,0.64,100
2024/5/12 5:15,1006.5,79.4,0,15.5,2,12,17,2.1,100
2024/5/12 5:30,1006.5,81.3,0,15.4,1.9,43,48,4.18,100
2024/5/12 5:45,1006.5,82.7,0,15.1,1.9,75,32,3.22,100
2024/5/12 6:00,1006.5,83.1,0,14.9,1.9,107,101,8.39,100
2024/5/12 6:15,1006.5,82.6,0,14.9,1.8,140,61,7.15,100
2024/5/12 6:30,1006.5,82.4,0,15.2,1.9,173,204,17.77,100
2024/5/12 6:45,1006.5,82.3,0,15.5,1.9,208,145,17.54,100
2024/5/12 7:00,1006.5,82.1,0,15.9,1.9,245,334,32.22,100
2024/5/12 7:15,1006.5,82,0,16.3,2,284,386,39.56,100
2024/5/12 7:30,1006.5,81.4,0,16.8,2.1,325,433,45.78,100
2024/5/12 7:45,1006.5,79.4,0,17.1,2.2,368,492,53.67,100
2024/5/12 8:00,1006.6,76.8,0,17.4,2.3,412,539,60.4,100
2024/5/12 8:15,1006.6,75.2,0,17.6,2.4,458,587,67.47,100
2024/5/12 8:30,1006.6,74.6,0,17.7,2.5,503,623,73.59,100
2024/5/12 8:45,1006.6,75.1,0,17.8,2.6,549,666,80.58,100
2024/5/12 9:00,1006.6,76.4,0,17.8,2.7,593,707,86.95,100
2024/5/12 9:15,1006.6,78,0,17.7,2.8,635,748,93.39,100
2024/5/12 9:30,1006.6,79.1,0,17.7,3,674,784,98.15,100
2024/5/12 9:45,1006.6,79,0,17.8,3.1,708,837,100,100
2024/5/12 10:00,1006.6,78.7,0,17.9,3.3,740,868,100,100
2024/5/12 10:15,1006.6,78.5,0,17.9,3.4,769,917,100,100
2024/5/12 10:30,1006.6,77.5,0,18,3.6,794,955,100,100
2024/5/12 10:45,1006.6,75.9,0,18,3.7,816,995,100,100
2024/5/12 11:00,1006.6,75.8,0,18,3.8,834,1025,100,100
2024/5/12 11:15,1006.6,75.7,0,18,4,848,1033,100,100
2024/5/12 11:30,1006.6,74.3,0,18.1,4,858,1040,100,100
2024/5/12 11:45,1006.6,72.7,0,18.1,4.1,865,1045,100,100
2024/5/12 12:00,1006.6,72.1,0,18.2,4.1,867,1048,100,100
2024/5/12 12:15,1006.6,71.6,0,18.2,4.2,865,1048,100,100
2024/5/12 12:30,1006.6,71.7,0,18.2,4.2,859,1048,100,100
2024/5/12 12:45,1006.6,71.9,0,18.2,4.1,849,1039,100,100
2024/5/12 13:00,1006.6,71.6,0,18.1,4.1,836,1029,100,100
2024/5/12 13:15,1006.6,71.3,0,18.1,4.1,820,1006,100,100
2024/5/12 13:30,1006.6,70.7,0,18.1,4,800,982,100,100
2024/5/12 13:45,1006.6,70.1,0,18.2,3.9,777,932,100,100
2024/5/12 14:00,1006.6,68.3,0,18.2,3.9,750,900,100,100
2024/5/12 14:15,1006.6,67.6,0,18.2,3.8,720,863,100,100
2024/5/12 14:30,1006.6,65.5,0,18.3,3.7,687,828,99.35,100
2024/5/12 14:45,1006.6,62.9,0,18.4,3.7,650,785,95.56,100
2024/5/12 15:00,1006.6,60.8,0,18.5,3.6,611,746,90.37,100
2024/5/12 15:15,1006.6,58.3,0,18.6,3.5,568,706,84.05,100
2024/5/12 15:30,1006.6,55.9,0,18.7,3.4,524,667,77.83,100
2024/5/12 15:45,1006.6,53.9,0,18.7,3.3,477,628,70.74,100
2024/5/12 16:00,1006.6,53,0,18.8,3.2,428,587,64.22,100
2024/5/12 16:15,1006.6,52.3,0,18.8,3.1,376,533,56.12,100
2024/5/12 16:30,1006.6,51.7,0,18.8,3,325,484,48.9,100
2024/5/12 16:45,1006.6,51.9,0,18.8,2.8,275,429,40.73,100
2024/5/12 17:00,1006.6,52.1,0,18.7,2.7,228,377,33.31,100
2024/5/12 17:15,1006.6,51.8,0,18.7,2.6,185,315,25.19,100
2024/5/12 17:30,1006.6,50.8,0,18.7,2.5,146,263,18.67,100
2024/5/12 17:45,1006.6,50.5,0,18.7,2.4,112,200,12.2,100
2024/5/12 18:00,1006.6,50.8,0,18.6,2.2,82,146,7.9,100
2024/5/12 18:15,1006.6,51.3,0,18.5,2.2,57,87,4.74,100
2024/5/12 18:30,1006.6,52.1,0,18.4,2.1,35,48,3.35,100
2024/5/12 18:45,1006.6,53.7,0,18.2,2,17,11,1.72,100
2024/5/12 19:00,1006.6,55.5,0,18.1,1.9,2,0,0.65,100
2024/5/12 19:15,1006.6,56.8,0,18.1,1.9,0,0,0,100
2024/5/12 19:30,1006.6,57.2,0,18.1,1.9,0,0,0,100
2024/5/12 19:45,1006.6,57,0,18.1,1.9,0,0,0,100
2024/5/12 20:00,1006.6,56.3,0,18.1,1.8,0,0,0,100
2024/5/12 20:15,1006.6,55.3,0,18,1.8,0,0,0,100
2024/5/12 20:30,1006.6,54.2,0,18,1.8,0,0,0,100
2024/5/12 20:45,1006.6,53.1,0,18,1.8,0,0,0,100
2024/5/12 21:00,1006.6,52,0,17.9,1.8,0,0,0,100
2024/5/12 21:15,1006.6,51.1,0,17.9,1.9,0,0,0,100
2024/5/12 21:30,1006.6,50.9,0,17.8,1.9,0,0,0,100
2024/5/12 21:45,1006.6,51.1,0,17.7,1.9,0,0,0,100
2024/5/12 22:00,1006.6,51.7,0,17.5,2,0,0,0,100
2024/5/12 22:15,1006.6,52.2,0,17.4,2.1,0,0,0,100
2024/5/12 22:30,1006.6,52.7,0,17.2,2.1,0,0,0,100
2024/5/12 22:45,1006.6,53.6,0,17.1,2.2,0,0,0,100
2024/5/12 23:00,1006.6,54.2,0,17,2.3,0,0,0,100
2024/5/12 23:15,1006.6,54.6,0,16.9,2.4,0,0,0,100
2024/5/12 23:30,1006.5,55,0,16.8,2.5,0,0,0,100
2024/5/12 23:45,1006.5,55.8,0,16.6,2.6,0,0,0,100
2024/5/13 0:00,1006.5,56.5,0,15.5,2.7,0,0,0,100
2024/5/13 0:15,1006.5,56.9,0,15.4,2.8,0,0,0,100
2024/5/13 0:30,1006.5,56.5,0,15.4,2.8,0,0,0,100
2024/5/13 0:45,1006.5,56.3,0,15.4,2.9,0,0,0,100
2024/5/13 1:00,1006.5,56.4,0,15.3,3,0,0,0,100
2024/5/13 1:15,1006.5,57.1,0,15.2,3,0,0,0,100
2024/5/13 1:30,1006.5,58.3,0,15,3,0,0,0,100
2024/5/13 1:45,1006.5,59.4,0,14.8,3.1,0,0,0,100
2024/5/13 2:00,1006.5,60.4,0,14.6,3.1,0,0,0,100
2024/5/13 2:15,1006.5,61.2,0,14.5,3.2,0,0,0,100
2024/5/13 2:30,1006.5,62.2,0,14.4,3.2,0,0,0,100
2024/5/13 2:45,1006.5,63.2,0,14.2,3.2,0,0,0,100
2024/5/13 3:00,1006.5,64.3,0,14.1,3.2,0,0,0,100
2024/5/13 3:15,1006.5,65.5,0,13.9,3.3,0,0,0,100
2024/5/13 3:30,1006.5,66.9,0,13.7,3.3,0,0,0,100
2024/5/13 3:45,1006.5,68.2,0,13.6,3.3,0,0,0,100
2024/5/13 4:00,1006.5,69.1,0,13.5,3.3,0,0,0,100
2024/5/13 4:15,1006.5,69.6,0,13.4,3.2,0,0,0,100
2024/5/13 4:30,1006.5,69.6,0,13.4,3.2,0,0,0,100
2024/5/13 4:45,1006.5,69.6,0,13.4,3.2,0,0,0,100
2024/5/13 5:00,1006.5,69.5,0,13.4,3.1,0,0,0,100
2024/5/13 5:15,1006.5,69.3,0,13.3,3.1,4,18,2.2,100
2024/5/13 5:30,1006.5,69.2,0,13.4,3.1,13,41,3.59,100
2024/5/13 5:45,1006.5,69,0,13.4,3.1,22,80,5.49,100
2024/5/13 6:00,1006.5,68.7,0,13.6,3.1,31,127,8.45,100
2024/5/13 6:15,1006.5,68.4,0,13.9,3,42,180,13.15,100
2024/5/13 6:30,1006.5,68,0,14.2,3,56,232,18.58,100
2024/5/13 6:45,1006.5,67.7,0,14.6,3,72,289,25.74,100
2024/5/13 7:00,1006.5,67.2,0,15,3,94,342,32.62,100
2024/5/13 7:15,1006.5,66.2,0,15.5,3,121,397,40.57,100
2024/5/13 7:30,1006.6,64.8,0,16.1,2.9,154,446,47.29,100
2024/5/13 7:45,1006.6,61.5,0,16.7,2.9,193,503,55.16,100
2024/5/13 8:00,1006.6,58.3,0,17.2,2.9,236,551,61.67,100
2024/5/13 8:15,1006.6,57,0,17.8,2.9,284,597,68.94,100
2024/5/13 8:30,1006.6,56.4,0,18.3,2.9,334,633,75.07,100
2024/5/13 8:45,1006.6,55.4,0,18.9,2.9,387,677,81.65,100
2024/5/13 9:00,1006.6,52.6,0,19.5,2.9,439,713,86.9,100
2024/5/13 9:15,1006.6,49.7,0,20,3,490,758,92.24,100
2024/5/13 9:30,1006.6,47.8,0,20.5,3,537,787,96.81,100
2024/5/13 9:45,1006.6,45.6,0,20.9,3,579,830,99.36,100
2024/5/13 10:00,1006.6,43.4,0,21.2,3.1,617,852,100,100
2024/5/13 10:15,1006.6,41.6,0,21.5,3.2,650,871,100,100
2024/5/13 10:30,1006.6,40.6,0,21.7,3.2,680,924,100,100
2024/5/13 10:45,1006.6,40.2,0,21.9,3.3,705,957,99.77,100
2024/5/13 11:00,1006.6,40.3,0,22,3.4,726,987,99.77,100
2024/5/13 11:15,1006.6,40.3,0,22.2,3.5,744,986,99.77,100
2024/5/13 11:30,1006.6,40.3,0,22.3,3.6,757,993,99.77,100
2024/5/13 11:45,1006.6,40.3,0,22.4,3.7,767,994,99.77,100
2024/5/13 12:00,1006.6,40.2,0,22.5,3.8,774,1000,99.77,100
2024/5/13 12:15,1006.6,39.7,0,22.5,4,777,987,99.77,100
2024/5/13 12:30,1006.6,38.9,0,22.6,4.1,778,994,99.77,100
2024/5/13 12:45,1006.6,37.7,0,22.7,4.2,777,980,99.77,100
2024/5/13 13:00,1006.6,37.3,0,22.8,4.4,773,964,99.77,100
2024/5/13 13:15,1006.6,37.7,0,22.9,4.5,767,966,99.77,100
2024/5/13 13:30,1006.6,37.7,0,22.9,4.6,758,937,99.77,100
2024/5/13 13:45,1006.6,37.8,0,23,4.7,746,911,99.77,100
2024/5/13 14:00,1006.6,37.7,0,23.1,4.9,730,881,99.77,100
2024/5/13 14:15,1006.6,36.4,0,23.1,5,710,843,99.36,100
2024/5/13 14:30,1006.6,34.2,0,23,5.1,686,797,95.59,100
2024/5/13 14:45,1006.6,33.2,0,22.9,5.1,657,762,89.8,100
2024/5/13 15:00,1006.6,33.3,0,22.9,5.2,624,723,85.89,100
2024/5/13 15:15,1006.6,33.7,0,22.9,5.3,587,679,80.94,100
2024/5/13 15:30,1006.6,34.1,0,22.9,5.4,545,652,74.91,100
2024/5/13 15:45,1006.6,34.9,0,22.8,5.4,500,604,67.15,100
2024/5/13 16:00,1006.6,36.7,0,22.8,5.5,451,576,61.69,100
2024/5/13 16:15,1006.6,38.2,0,22.7,5.6,399,510,53.8,100
2024/5/13 16:30,1006.6,38.9,0,22.6,5.6,346,458,46.31,100
2024/5/13 16:45,1006.6,39.9,0,22.5,5.7,294,405,38.84,100
2024/5/13 17:00,1006.6,41.7,0,22.3,5.8,245,356,31.5,100
2024/5/13 17:15,1006.6,43.5,0,22.2,5.8,199,295,24.41,100
2024/5/13 17:30,1006.6,45.3,0,21.9,5.9,157,247,18.57,100
2024/5/13 17:45,1006.6,47.6,0,21.7,5.9,121,182,12.45,100
2024/5/13 18:00,1006.6,49.8,0,21.4,5.9,89,128,8.73,100
2024/5/13 18:15,1006.6,51.4,0,21,6,62,85,5.84,100
2024/5/13 18:30,1006.6,52.7,0,20.7,6,39,46,3.8,100
2024/5/13 18:45,1006.6,54.6,0,20.3,6.1,19,15,1.81,100
2024/5/13 19:00,1006.6,56.3,0,19.9,6.1,3,0,0.72,100
2024/5/13 19:15,1006.6,61.5,0,19.4,6.2,0,0,0,100
2024/5/13 19:30,1006.6,66,0,19.1,6.2,0,0,0,100
2024/5/13 19:45,1006.6,65.6,0,18.8,6.2,0,0,0,100
2024/5/13 20:00,1006.6,66.1,0,18.5,6.3,0,0,0,100
2024/5/13 20:15,1006.6,68.4,0,18.2,6.4,0,0,0,100
2024/5/13 20:30,1006.6,68.6,0,17.9,6.4,0,0,0,100
2024/5/13 20:45,1006.6,68.5,0,17.7,6.5,0,0,0,100
2024/5/13 21:00,1006.6,67.9,0,17.4,6.6,0,0,0,100
2024/5/13 21:15,1006.5,67.1,0,17.2,6.6,0,0,0,100
2024/5/13 21:30,1006.5,66.8,0,17,6.7,0,0,0,100
2024/5/13 21:45,1006.5,66.7,0,16.8,6.7,0,0,0,100
2024/5/13 22:00,1006.5,66.8,0,16.6,6.8,0,0,0,100
2024/5/13 22:15,1006.5,67.1,0,16.5,6.9,0,0,0,100
2024/5/13 22:30,1006.5,67.6,0,16.3,6.9,0,0,0,100
2024/5/13 22:45,1006.5,68,0,16.1,6.9,0,0,0,100
2024/5/13 23:00,1006.5,68.4,0,16,6.9,0,0,0,100
2024/5/13 23:15,1006.5,68.7,0,15.8,6.9,0,0,0,100
2024/5/13 23:30,1006.5,69,0,15.7,7,0,0,0,100
2024/5/13 23:45,1006.5,69.4,0,15.6,7,0,0,0,100
2024/5/14 0:00,1006.5,69.5,0,15.5,6.6,0,0,0,100
2024/5/14 0:15,1006.5,69.7,0,15.4,6.7,0,0,0,100
2024/5/14 0:30,1006.5,69.8,0,15.2,6.7,0,0,0,100
2024/5/14 0:45,1006.5,69.9,0,15.1,6.7,0,0,0,100
2024/5/14 1:00,1006.5,70.1,0,15.1,6.7,0,0,0,100
2024/5/14 1:15,1006.5,70.2,0,15,6.7,0,0,0,100
2024/5/14 1:30,1006.5,70.4,0,14.9,6.8,0,0,0,100
2024/5/14 1:45,1006.5,70.7,0,14.8,6.8,0,0,0,100
2024/5/14 2:00,1006.5,71,0,14.7,6.8,0,0,0,100
2024/5/14 2:15,1006.5,71.3,0,14.7,6.8,0,0,0,100
2024/5/14 2:30,1006.5,71.7,0,14.6,6.9,0,0,0,100
2024/5/14 2:45,1006.5,72.2,0,14.6,6.9,0,0,0,100
2024/5/14 3:00,1006.5,72.9,0,14.5,6.9,0,0,0,100
2024/5/14 3:15,1006.5,73.7,0,14.5,6.9,0,0,0,100
2024/5/14 3:30,1006.5,74.4,0,14.4,6.9,0,0,0,100
2024/5/14 3:45,1006.5,75.2,0,14.3,7,0,0,0,100
2024/5/14 4:00,1006.5,76,0,14.3,7,0,0,0,100
2024/5/14 4:15,1006.5,76.7,0,14.3,7,0,0,0,100
2024/5/14 4:30,1006.5,77.4,0,14.3,7.1,0,0,0,100
2024/5/14 4:45,1006.5,77.9,0,14.3,7.1,0,0,0,100
2024/5/14 5:00,1006.5,78.5,0,14.4,7.1,0,0,0.7,100
2024/5/14 5:15,1006.5,78.9,0,14.4,7.1,15,17,2.08,100
2024/5/14 5:30,1006.5,79.2,0,14.5,7.1,46,38,3.85,100
2024/5/14 5:45,1006.5,79,0,14.7,7.2,77,78,6.58,100
2024/5/14 6:00,1006.5,78.5,0,15,7.2,109,122,9.46,100
2024/5/14 6:15,1006.5,77.6,0,15.4,7.2,141,153,13.45,100
2024/5/14 6:30,1006.5,76.5,0,15.8,7.2,175,189,16.8,100
2024/5/14 6:45,1006.5,75.3,0,16.2,7.2,210,241,22.4,100
2024/5/14 7:00,1006.5,74.3,0,16.6,7.2,248,296,28.7,100
2024/5/14 7:15,1006.5,73.4,0,17,7.3,292,363,36.92,100
2024/5/14 7:30,1006.5,72.3,0,17.4,7.3,339,400,42.74,100
2024/5/14 7:45,1006.5,71.1,0,17.8,7.3,390,444,48.6,100
2024/5/14 8:00,1006.5,69.9,0,18.2,7.3,443,495,55.19,100
2024/5/14 8:15,1006.6,68.5,0,18.6,7.4,496,538,62.16,100
2024/5/14 8:30,1006.6,67,0,18.9,7.4,549,575,68.67,100
2024/5/14 8:45,1006.6,65.8,0,19.3,7.4,597,613,72.79,100
2024/5/14 9:00,1006.6,64.6,0,19.6,7.4,639,632,77.66,100
2024/5/14 9:15,1006.6,62.9,0,20,7.5,672,676,84.17,100
2024/5/14 9:30,1006.6,60.7,0,20.4,7.5,692,721,88.39,100
2024/5/14 9:45,1006.6,59.2,0,20.8,7.4,696,752,92.44,100
2024/5/14 10:00,1006.6,58.5,0,21.1,7.4,676,783,95.65,100
2024/5/14 10:15,1006.6,57.9,0,21.3,7.4,634,805,98,100
2024/5/14 10:30,1006.6,56.7,0,21.5,7.4,573,835,99.59,100
2024/5/14 10:45,1006.6,55.3,0,21.8,7.4,498,880,99.59,100
2024/5/14 11:00,1006.6,54.2,0,22.1,7.3,414,900,99.59,100
2024/5/14 11:15,1006.6,52.9,0,22.3,7.3,324,915,99.59,100
2024/5/14 11:30,1006.6,52.7,0,22.5,7.2,236,932,99.59,100
2024/5/14 11:45,1006.6,52.9,0,22.7,7.2,154,938,99.59,100
2024/5/14 12:00,1006.6,53.2,0,22.9,7.1,85,944,99.59,100
2024/5/14 12:15,1006.6,53.4,0,23.1,7,33,933,99.59,100
2024/5/14 12:30,1006.6,53.5,0,23.3,6.8,4,934,99.59,100
2024/5/14 12:45,1006.6,53.2,0,23.5,6.7,3,931,99.59,100
2024/5/14 13:00,1006.6,52.6,0,23.8,6.7,29,925,99.59,100
2024/5/14 13:15,1006.6,52,0,24,6.6,77,908,99.59,100
2024/5/14 13:30,1006.6,51.4,0,24.3,6.6,140,888,99.59,100
2024/5/14 13:45,1006.7,51.4,0,24.5,6.5,214,855,99.59,100
2024/5/14 14:00,1006.7,51.1,0,24.8,6.4,290,811,97.47,100
2024/5/14 14:15,1006.7,50.3,0,25,6.3,365,773,93.49,100
2024/5/14 14:30,1006.6,50.4,0,24.9,6.2,432,737,88.61,100
2024/5/14 14:45,1006.6,51,0,24.6,6.1,487,698,83.02,100
2024/5/14 15:00,1006.6,51.8,0,24.3,6.1,526,664,77.25,100
2024/5/14 15:15,1006.6,54.1,0,23.6,6,546,607,70.34,100
2024/5/14 15:30,1006.6,57.4,0,23,5.9,544,568,65.18,100
2024/5/14 15:45,1006.6,61,0,22,5.9,522,523,58.89,100
2024/5/14 16:00,1006.6,65.5,0,21,5.8,485,486,52.56,100
2024/5/14 16:15,1006.6,69.6,0,20.2,5.8,438,426,45.12,100
2024/5/14 16:30,1006.6,70.5,0,19.8,5.7,384,376,38.55,100
2024/5/14 16:45,1006.6,71,0,19.7,5.7,328,322,31.83,100
2024/5/14 17:00,1006.6,71.3,0,19.5,5.7,273,271,26.29,100
2024/5/14 17:15,1006.6,72,0,19.4,5.7,220,222,20.31,100
2024/5/14 17:30,1006.6,73.2,0,19.2,5.7,172,179,15.92,100
2024/5/14 17:45,1006.6,74.5,0,19,5.7,130,129,11.69,100
2024/5/14 18:00,1006.6,75.7,0,18.8,5.7,94,95,8.72,100
2024/5/14 18:15,1006.6,77.3,0,18.7,5.8,64,59,5.86,100
2024/5/14 18:30,1006.6,79.6,0,18.5,5.8,40,33,3.65,100
2024/5/14 18:45,1006.6,81.1,0,18.2,5.8,21,14,1.66,100
2024/5/14 19:00,1006.6,81.4,0,18,5.8,3,0,0.55,100
2024/5/14 19:15,1006.6,81.4,0,17.9,5.8,0,0,0,100
2024/5/14 19:30,1006.6,81.5,0,17.7,5.9,0,0,0,100
2024/5/14 19:45,1006.6,81.6,0,17.6,5.9,0,0,0,100
2024/5/14 20:00,1006.6,81.8,0,17.5,6,0,0,0,100
2024/5/14 20:15,1006.6,82.2,0,17.4,6.1,0,0,0,100
2024/5/14 20:30,1006.6,82.8,0,17.3,6.2,0,0,0,100
2024/5/14 20:45,1006.6,83.4,0,17.2,6.3,0,0,0,100
2024/5/14 21:00,1006.6,84.2,0,17.1,6.4,0,0,0,100
2024/5/14 21:15,1006.6,85.5,0.1,16.7,6.5,0,0,0,100
2024/5/14 21:30,1006.6,80,0,17.4,6.6,0,0,0,100
2024/5/14 21:45,1006.6,83.2,0,16.7,6.7,0,0,0,100
2024/5/14 22:00,1006.6,85.5,0.2,16.4,6.8,0,0,0,100
2024/5/14 22:15,1006.6,85.1,0.3,16.3,6.9,0,0,0,100
2024/5/14 22:30,1006.6,82,0.3,16.4,7.1,0,0,0,100
2024/5/14 22:45,1006.6,79.2,0.3,16.4,7.2,0,0,0,100
2024/5/14 23:00,1006.6,77.2,0.2,16.4,7.4,0,0,0,100
2024/5/14 23:15,1006.6,77.3,0,16.3,7.6,0,0,0,100
2024/5/14 23:30,1006.6,77.4,0.2,16.2,7.7,0,0,0,100
2024/5/14 23:45,1006.6,76.5,0.2,16.2,7.9,0,0,0,100
2024/5/15 0:00,1006.6,72.8,0.1,16.8,7.7,0,0,0,100
2024/5/15 0:15,1006.6,72.8,0.1,16.8,7.8,0,0,0,100
2024/5/15 0:30,1006.6,73.5,0,17,7.9,0,0,0,100
2024/5/15 0:45,1006.6,71,0,17.2,7.9,0,0,0,100
2024/5/15 1:00,1006.6,71.7,0,17.1,7.8,0,0,0,100
2024/5/15 1:15,1006.6,73.1,0,17,7.7,0,0,0,100
2024/5/15 1:30,1006.6,73.8,0,16.9,7.5,0,0,0,100
2024/5/15 1:45,1006.6,74.1,0,16.8,7.3,0,0,0,100
2024/5/15 2:00,1006.6,73.2,0,16.9,7.2,0,0,0,100
2024/5/15 2:15,1006.6,70.8,0,17,6.9,0,0,0,100
2024/5/15 2:30,1006.6,68.8,0,17.1,6.8,0,0,0,100
2024/5/15 2:45,1006.6,69.6,0,17,6.6,0,0,0,100
2024/5/15 3:00,1006.6,70.4,0.1,16.9,6.5,0,0,0,100
2024/5/15 3:15,1006.6,71.4,0.1,16.9,6.5,0,0,0,100
2024/5/15 3:30,1006.6,73,0.2,16.9,6.4,0,0,0,100
2024/5/15 3:45,1006.6,75,0.2,16.6,6.3,0,0,0,100
2024/5/15 4:00,1006.6,72.4,0.1,16.6,6.2,0,0,0,100
2024/5/15 4:15,1006.6,72.3,0,16.4,6,0,0,0,100
2024/5/15 4:30,1006.6,73.4,0,16.4,5.9,0,0,0,100
2024/5/15 4:45,1006.6,73.7,0,16.2,5.8,0,0,0,100
2024/5/15 5:00,1006.6,74,0,16,5.7,0,0,0.22,100
2024/5/15 5:15,1006.6,74.7,0,15.8,5.6,17,6,1.1,100
2024/5/15 5:30,1006.6,78,0,15.9,5.5,48,24,3.45,100
2024/5/15 5:45,1006.6,79.6,0,15.9,5.4,80,25,2.74,100
2024/5/15 6:00,1006.6,78.5,0,15.9,5.4,112,46,5.37,100
2024/5/15 6:15,1006.6,79.8,0,15.9,5.4,145,178,13.92,100
2024/5/15 6:30,1006.6,78.3,0,16,5.4,178,236,19.44,100
2024/5/15 6:45,1006.6,76.9,0,16.2,5.4,213,298,27.65,100
2024/5/15 7:00,1006.6,76,0,16.4,5.5,250,355,35,100
2024/5/15 7:15,1006.6,75,0,16.5,5.7,290,421,43.49,100
2024/5/15 7:30,1006.6,75.6,0,16.6,5.8,331,475,51.39,100
2024/5/15 7:45,1006.6,75.3,0,16.6,6,374,537,61.11,100
2024/5/15 8:00,1006.6,73.7,0,16.7,6.2,419,596,68.68,100
2024/5/15 8:15,1006.6,72.2,0,16.8,6.4,464,650,77,100
2024/5/15 8:30,1006.6,69.8,0,16.8,6.6,510,691,83.97,100
2024/5/15 8:45,1006.6,67.9,0,16.8,6.7,556,734,91.18,100
2024/5/15 9:00,1006.6,66.3,0,16.8,6.8,601,773,97.26,100
2024/5/15 9:15,1006.6,64.5,0,16.9,6.9,643,821,98.45,100
2024/5/15 9:30,1006.6,62.7,0,16.9,6.9,682,862,98.45,100
2024/5/15 9:45,1006.6,61,0,17,7,718,901,98.45,100
2024/5/15 10:00,1006.6,59.6,0,17,7.1,750,938,98.45,100
2024/5/15 10:15,1006.6,58.9,0,17,7.2,778,989,98.45,100
2024/5/15 10:30,1006.6,58.8,0,17,7.2,804,1026,98.45,100
2024/5/15 10:45,1006.6,57.7,0,17.1,7.3,826,1058,98.45,100
2024/5/15 11:00,1006.6,56.7,0,17.1,7.3,844,1087,98.45,100
2024/5/15 11:15,1006.6,56.8,0,17.1,7.3,858,1100,98.45,100
2024/5/15 11:30,1006.6,56.7,0,17.1,7.3,869,1109,98.45,100
2024/5/15 11:45,1006.6,56.3,0,17.1,7.2,875,1119,98.45,100
2024/5/15 12:00,1006.6,55.2,0,17.1,7.2,878,1114,98.45,100
2024/5/15 12:15,1006.6,55.1,0,17.1,7.1,877,1114,98.45,100
2024/5/15 12:30,1006.6,54.9,0,17.1,7,871,1110,98.45,100
2024/5/15 12:45,1006.6,54.6,0,17.1,6.9,863,1109,98.45,100
2024/5/15 13:00,1006.6,54.6,0,17.1,6.8,851,1094,94.8,100
2024/5/15 13:15,1006.6,54.2,0,17.2,6.7,837,1075,100,100
2024/5/15 13:30,1006.6,53.6,0,17.2,6.6,819,1043,88.6,100
2024/5/15 13:45,1006.6,53.1,0,17.2,6.4,798,1001,76.71,100
2024/5/15 14:00,1006.6,53,0,17.2,6.2,773,960,64.71,100
2024/5/15 14:15,1006.6,52.6,0,17.2,6.1,745,911,58.71,100
2024/5/15 14:30,1006.6,52.3,0,17.2,5.9,713,883,52.7,100
2024/5/15 14:45,1006.6,52.4,0,17.2,5.7,678,835,43.71,100
2024/5/15 15:00,1006.6,52.3,0,17.2,5.5,639,792,43.71,100
2024/5/15 15:15,1006.6,51.9,0,17.2,5.2,597,753,91.72,100
2024/5/15 15:30,1006.6,51.6,0,17.3,5,552,714,85.09,100
2024/5/15 15:45,1006.6,51.3,0,17.3,4.8,504,665,76.97,100
2024/5/15 16:00,1006.6,50.6,0,17.3,4.6,453,624,70.05,100
2024/5/15 16:15,1006.6,49.9,0,17.3,4.4,399,570,61.63,100
2024/5/15 16:30,1006.6,49.5,0,17.3,4.2,346,523,54.43,100
2024/5/15 16:45,1006.6,49.1,0,17.3,4,294,460,44.92,100
2024/5/15 17:00,1006.6,48.6,0,17.3,3.9,245,399,36.96,100
2024/5/15 17:15,1006.6,48.6,0,17.3,3.8,199,332,28.22,100
2024/5/15 17:30,1006.6,48.1,0,17.3,3.7,158,274,20.82,100
2024/5/15 17:45,1006.6,47.9,0,17.3,3.6,121,206,13.37,100
2024/5/15 18:00,1006.6,48.2,0,17.3,3.5,90,151,8.68,100
2024/5/15 18:15,1006.6,48.2,0,17.3,3.4,63,98,5.31,100
2024/5/15 18:30,1006.6,46.5,0,17.2,3.4,41,50,3.72,100
2024/5/15 18:45,1006.6,43.4,0,17.2,3.3,21,17,2.11,100
2024/5/15 19:00,1006.6,39.4,0,17.1,3.3,4,1,0.79,100
2024/5/15 19:15,1006.6,36.7,0,17,3.3,0,0,0,100
2024/5/15 19:30,1006.6,34.3,0,16.9,3.3,0,0,0,100
2024/5/15 19:45,1006.6,34.2,0,16.7,3.4,0,0,0,100
2024/5/15 20:00,1006.6,36.9,0,16.4,3.4,0,0,0,100
2024/5/15 20:15,1006.6,39.7,0,16.2,3.5,0,0,0,100
2024/5/15 20:30,1006.6,42.8,0,15.9,3.6,0,0,0,100
2024/5/15 20:45,1006.6,44.6,0,15.7,3.7,0,0,0,100
2024/5/15 21:00,1006.6,46.7,0,15.5,3.8,0,0,0,100
2024/5/15 21:15,1006.6,48.2,0,15.3,4,0,0,0,100
2024/5/15 21:30,1006.6,49.7,0,15.1,4.1,0,0,0,100
2024/5/15 21:45,1006.5,51.8,0,15,4.2,0,0,0,100
2024/5/15 22:00,1006.5,53,0,14.9,4.3,0,0,0,100
2024/5/15 22:15,1006.5,53.2,0,14.8,4.4,0,0,0,100
2024/5/15 22:30,1006.5,53.8,0,14.7,4.4,0,0,0,100
2024/5/15 22:45,1006.5,54.6,0,14.7,4.5,0,0,0,100
2024/5/15 23:00,1006.5,55.3,0,14.6,4.5,0,0,0,100
2024/5/15 23:15,1006.5,56.4,0,14.5,4.5,0,0,0,100
2024/5/15 23:30,1006.5,58,0,14.4,4.5,0,0,0,100
2024/5/15 23:45,1006.5,59.9,0,14.3,4.6,0,0,0,100
2024/5/16 0:00,1006.5,63.9,0,14.3,4.4,0,0,0,100
2024/5/16 0:15,1006.5,65.2,0,14.2,4.4,0,0,0,100
2024/5/16 0:30,1006.5,66.3,0,14.2,4.4,0,0,0,100
2024/5/16 0:45,1006.5,67.2,0,14.1,4.3,0,0,0,100
2024/5/16 1:00,1006.5,68.1,0,14,4.3,0,0,0,100
2024/5/16 1:15,1006.5,69,0,13.9,4.2,0,0,0,100
2024/5/16 1:30,1006.5,69.5,0,13.8,4.2,0,0,0,100
2024/5/16 1:45,1006.5,70,0,13.8,4.1,0,0,0,100
2024/5/16 2:00,1006.5,70.4,0,13.7,4,0,0,0,100
2024/5/16 2:15,1006.5,70.8,0,13.6,4,0,0,0,100
2024/5/16 2:30,1006.5,71.2,0,13.6,3.9,0,0,0,100
2024/5/16 2:45,1006.5,71.5,0,13.5,3.9,0,0,0,100
2024/5/16 3:00,1006.5,71.7,0,13.4,3.8,0,0,0,100
2024/5/16 3:15,1006.5,71.9,0,13.4,3.8,0,0,0,100
2024/5/16 3:30,1006.5,72.2,0,13.3,3.7,0,0,0,100
2024/5/16 3:45,1006.5,72.7,0,13.3,3.7,0,0,0,100
2024/5/16 4:00,1006.5,73.2,0,13.2,3.6,0,0,0,100
2024/5/16 4:15,1006.5,73.7,0,13.1,3.6,0,0,0,100
2024/5/16 4:30,1006.5,74,0,13.1,3.6,0,0,0,100
2024/5/16 4:45,1006.5,74.2,0,13,3.5,0,0,0,100
2024/5/16 5:00,1006.5,74.4,0,13,3.5,0,8,1.22,100
2024/5/16 5:15,1006.5,74.6,0,13,3.4,18,28,2.95,100
2024/5/16 5:30,1006.5,74.8,0,13,3.4,49,51,4.33,100
2024/5/16 5:45,1006.5,74.9,0,13.1,3.4,79,92,6.31,100
2024/5/16 6:00,1006.5,74.9,0,13.3,3.3,110,122,9.41,100
2024/5/16 6:15,1006.5,74.8,0,13.5,3.3,142,190,14.58,100
2024/5/16 6:30,1006.5,74.3,0,13.8,3.3,175,241,20.48,100
2024/5/16 6:45,1006.5,73.3,0,14.2,3.2,209,305,28.51,100
2024/5/16 7:00,1006.5,70.8,0,14.7,3.2,245,359,35.33,100
2024/5/16 7:15,1006.5,67.5,0,15.3,3.2,283,428,44.78,100
2024/5/16 7:30,1006.5,65.4,0,15.8,3.2,323,481,52.1,100
2024/5/16 7:45,1006.5,63.3,0,16.3,3.2,365,542,60.26,100
2024/5/16 8:00,1006.5,61.2,0,16.8,3.2,409,591,67.12,100
2024/5/16 8:15,1006.5,59.4,0,17.2,3.2,453,633,74.38,100
2024/5/16 8:30,1006.5,58.1,0,17.6,3.2,498,674,80.34,100
2024/5/16 8:45,1006.5,57.9,0,17.9,3.2,543,715,86.56,100
2024/5/16 9:00,1006.5,57.1,0,18.3,3.2,587,748,92.39,100
2024/5/16 9:15,1006.5,55.7,0,18.7,3.2,628,799,97.67,100
2024/5/16 9:30,1006.5,54,0,19,3.2,666,834,99.1,100
2024/5/16 9:45,1006.5,53.1,0,19.1,3.2,701,862,99.1,100
2024/5/16 10:00,1006.5,52.9,0,19.3,3.2,732,896,99.1,100
2024/5/16 10:15,1006.5,52.3,0,19.5,3.2,761,937,99.1,100
2024/5/16 10:30,1006.6,51.6,0,19.7,3.2,786,983,99.1,100
2024/5/16 10:45,1006.6,50.7,0,19.9,3.2,807,1005,99.1,100
2024/5/16 11:00,1006.6,49.8,0,20.2,3.2,825,1025,99.1,100
2024/5/16 11:15,1006.6,48.9,0,20.5,3.3,840,1032,99.1,100
2024/5/16 11:30,1006.6,47.8,0,20.7,3.3,850,989,99.1,100
2024/5/16 11:45,1006.6,46.6,0,21.1,3.3,857,961,99.1,100
2024/5/16 12:00,1006.6,45.8,0,21.4,3.3,860,1020,99.1,100
2024/5/16 12:15,1006.6,45.4,0,21.7,3.3,859,888,99.41,100
2024/5/16 12:30,1006.6,45.3,0,22,3.3,854,852,100,100
2024/5/16 12:45,1006.6,44.9,0,22.3,3.3,845,709,91.63,100
2024/5/16 13:00,1006.6,44.3,0,22.6,3.3,834,1039,100,100
2024/5/16 13:15,1006.6,43.9,0,22.9,3.3,820,937,98.4,100
2024/5/16 13:30,1006.6,43.3,0,23.2,3.4,803,729,85.51,100
2024/5/16 13:45,1006.6,42.4,0,23.4,3.4,783,870,100,100
2024/5/16 14:00,1006.6,41.4,0,23.7,3.4,759,522,67.74,100
2024/5/16 14:15,1006.6,40.2,0,23.9,3.4,731,676,88.29,100
2024/5/16 14:30,1006.6,39.1,0,24.1,3.4,700,569,60.4,100
2024/5/16 14:45,1006.6,38.7,0,24.2,3.4,665,497,49.25,100
2024/5/16 15:00,1006.6,38.5,0,24.3,3.5,627,412,57.77,100
2024/5/16 15:15,1006.6,38.7,0,24.3,3.5,585,427,50.05,100
2024/5/16 15:30,1006.6,40.1,0,24.3,3.5,541,341,44.52,100
2024/5/16 15:45,1006.6,41.9,0,24.2,3.6,494,649,72.72,100
2024/5/16 16:00,1006.6,42.7,0,24,3.6,444,584,67.89,100
2024/5/16 16:15,1006.6,43.8,0,23.9,3.7,391,567,59.29,100
2024/5/16 16:30,1006.6,45.7,0,23.8,3.8,338,492,51.13,100
2024/5/16 16:45,1006.6,46.7,0,23.7,3.9,287,412,39.08,100
2024/5/16 17:00,1006.6,46.4,0,23.7,4,239,175,24.28,100
2024/5/16 17:15,1006.6,46.7,0,23.6,4.1,194,333,26.67,100
2024/5/16 17:30,1006.6,48.2,0,23.5,4.2,153,243,20.6,100
2024/5/16 17:45,1006.6,49.7,0,23.4,4.3,118,170,12.32,100
2024/5/16 18:00,1006.6,52,0,23.2,4.4,87,47,5.6,100
2024/5/16 18:15,1006.6,56.2,0,22.9,4.5,61,31,4.33,100
2024/5/16 18:30,1006.6,59.4,0,22.4,4.6,39,28,4.04,100
2024/5/16 18:45,1006.6,62,0,22,4.6,21,9,1.57,100
2024/5/16 19:00,1006.6,65.3,0,21.5,4.7,4,0,0.59,100
2024/5/16 19:15,1006.6,67.7,0,21.2,4.7,0,0,0,100
2024/5/16 19:30,1006.6,69.1,0,20.9,4.8,0,0,0,100
2024/5/16 19:45,1006.6,70.5,0,20.6,4.8,0,0,0,100
2024/5/16 20:00,1006.5,72.2,0,20.4,4.9,0,0,0,100
2024/5/16 20:15,1006.5,73.5,0,20.2,5,0,0,0,100
2024/5/16 20:30,1006.5,75.1,0,19.9,5,0,0,0,100
2024/5/16 20:45,1006.5,75.8,0,19.8,5.1,0,0,0,100
2024/5/16 21:00,1006.5,76.6,0,19.6,5.2,0,0,0,100
2024/5/16 21:15,1006.5,78.2,0,19.4,5.2,0,0,0,100
2024/5/16 21:30,1006.5,79.4,0,19.2,5.3,0,0,0,100
2024/5/16 21:45,1006.5,80.1,0,19.1,5.3,0,0,0,100
2024/5/16 22:00,1006.5,81,0,19,5.4,0,0,0,100
2024/5/16 22:15,1006.5,81.8,0,18.8,5.4,0,0,0,100
2024/5/16 22:30,1006.5,82.4,0,18.7,5.4,0,0,0,100
2024/5/16 22:45,1006.5,82.9,0,18.6,5.4,0,0,0,100
2024/5/16 23:00,1006.5,83.2,0,18.5,5.4,0,0,0,100
2024/5/16 23:15,1006.5,83.4,0,18.4,5.5,0,0,0,100
2024/5/16 23:30,1006.5,83.6,0,18.3,5.5,0,0,0,100
2024/5/16 23:45,1006.5,83.8,0,18.2,5.6,0,0,0,100
2024/5/17 0:00,1006.5,82.9,0,17.5,5.9,0,0,0,100
2024/5/17 0:15,1006.5,82.9,0,17.4,6,0,0,0,100
2024/5/17 0:30,1006.5,82.8,0,17.3,6,0,0,0,100
2024/5/17 0:45,1006.5,82.6,0,17.2,6,0,0,0,100
2024/5/17 1:00,1006.5,82.3,0,17.2,6,0,0,0,100
2024/5/17 1:15,1006.5,81.9,0,17.1,6.1,0,0,0,100
2024/5/17 1:30,1006.5,81.4,0,17.1,6.1,0,0,0,100
2024/5/17 1:45,1006.5,80.8,0,17.1,6.1,0,0,0,100
2024/5/17 2:00,1006.5,80.1,0,17.1,6.1,0,0,0,100
2024/5/17 2:15,1006.5,79.6,0,17.1,6.2,0,0,0,100
2024/5/17 2:30,1006.5,79.5,0,17,6.2,0,0,0,100
2024/5/17 2:45,1006.5,79.3,0,17.1,6.2,0,0,0,100
2024/5/17 3:00,1006.5,79.1,0,17,6.2,0,0,0,100
2024/5/17 3:15,1006.5,79.2,0,17,6.2,0,0,0,100
2024/5/17 3:30,1006.5,79.5,0,16.9,6.3,0,0,0,100
2024/5/17 3:45,1006.5,79.8,0,16.8,6.3,0,0,0,100
2024/5/17 4:00,1006.5,79.9,0,16.7,6.3,0,0,0,100
2024/5/17 4:15,1006.5,79.9,0,16.6,6.3,0,0,0,100
2024/5/17 4:30,1006.5,79.8,0,16.6,6.3,0,0,0,100
2024/5/17 4:45,1006.5,79.7,0,16.5,6.3,0,0,0,100
2024/5/17 5:00,1006.5,79.5,0,16.5,6.3,0,2,0.92,100
2024/5/17 5:15,1006.5,79.3,0,16.4,6.3,20,28,3.67,100
2024/5/17 5:30,1006.5,79,0,16.4,6.3,51,61,5.98,100
2024/5/17 5:45,1006.5,78.6,0,16.5,6.3,82,63,5.74,100
2024/5/17 6:00,1006.5,77.9,0,16.6,6.3,113,59,7.61,100
2024/5/17 6:15,1006.5,77,0,16.8,6.3,145,82,10.01,100
2024/5/17 6:30,1006.5,75.8,0,17.1,6.3,178,153,19.08,100
2024/5/17 6:45,1006.5,74.8,0,17.3,6.4,213,282,28.27,100
2024/5/17 7:00,1006.5,74.1,0,17.6,6.3,250,388,41.35,100
2024/5/17 7:15,1006.5,73.4,0,17.8,6.3,290,221,28.32,100
2024/5/17 7:30,1006.5,72.6,0,18.1,6.3,332,350,26.4,100
2024/5/17 7:45,1006.5,71.7,0,18.3,6.3,376,472,51.49,100
2024/5/17 8:00,1006.5,70.9,0,18.6,6.3,422,558,57.89,100
2024/5/17 8:15,1006.5,70.5,0,18.8,6.3,469,570,67.09,100
2024/5/17 8:30,1006.5,70.2,0,19.1,6.4,517,543,71.66,100
2024/5/17 8:45,1006.5,70,0,19.3,6.5,565,687,83.57,100
2024/5/17 9:00,1006.5,69.9,0,19.6,6.5,611,722,83.98,100
2024/5/17 9:15,1006.5,69.9,0,19.8,6.6,656,406,55.98,100
2024/5/17 9:30,1006.5,69.8,0,19.9,6.7,697,729,73.02,100
2024/5/17 9:45,1006.5,69.6,0,20.5,6.8,734,906,100,100
2024/5/17 10:00,1006.6,68.7,0,20.7,6.8,767,485,58.71,100
2024/5/17 10:15,1006.6,67.9,0,20.9,6.9,798,715,74.51,100
2024/5/17 10:30,1006.6,67.8,0,21.3,7,825,557,93.75,100
2024/5/17 10:45,1006.6,67.2,0,21.6,7,848,867,100,100
2024/5/17 11:00,1006.6,66.4,0,21.9,7.1,868,993,99.96,100
2024/5/17 11:15,1006.6,65.2,0,22.3,7.1,884,706,56.05,100
2024/5/17 11:30,1006.6,64.7,0,22.7,7.1,896,471,47.07,100
2024/5/17 11:45,1006.6,64,0,22.9,7.2,903,979,100,100
2024/5/17 12:00,1006.6,63.7,0,23.3,7.2,907,1009,100,100
2024/5/17 12:15,1006.6,62.4,0,23.6,7.2,906,964,67.09,100
2024/5/17 12:30,1006.6,61.8,0,23.9,7.3,902,460,52.88,100
2024/5/17 12:45,1006.6,61.1,0,24.1,7.4,893,202,32.64,100
2024/5/17 13:00,1006.6,59.9,0,24.3,7.5,882,200,24.02,100
2024/5/17 13:15,1006.6,59.5,0,24.4,7.5,867,418,61.95,100
2024/5/17 13:30,1006.6,58.9,0,24.6,7.6,850,170,19.55,100
2024/5/17 13:45,1006.6,58.7,0,24.7,7.6,828,259,26.32,100
2024/5/17 14:00,1006.6,58.7,0,24.7,7.6,803,291,60.82,100
2024/5/17 14:15,1006.6,58.8,0,24.8,7.6,774,845,68.07,100
2024/5/17 14:30,1006.6,58.8,0,24.8,7.6,741,701,64.87,100
2024/5/17 14:45,1006.6,58.6,0,24.8,7.6,704,700,74.07,100
2024/5/17 15:00,1006.6,58.9,0,24.8,7.5,664,673,80.58,100
2024/5/17 15:15,1006.6,59.5,0,24.9,7.5,621,640,74.94,100
2024/5/17 15:30,1006.6,60.3,0,24.9,7.4,575,598,68.71,100
2024/5/17 15:45,1006.6,61.4,0,24.9,7.4,526,555,62.59,100
2024/5/17 16:00,1006.6,63,0,24.8,7.3,473,510,56.51,100
2024/5/17 16:15,1006.6,64.3,0,24.7,7.3,418,463,49.19,100
2024/5/17 16:30,1006.6,65.2,0,24.6,7.2,363,415,42.64,100
2024/5/17 16:45,1006.6,66.4,0,24.5,7.2,309,353,35.32,100
2024/5/17 17:00,1006.6,67.2,0,24.3,7.1,258,308,29.66,100
2024/5/17 17:15,1006.6,67.8,0,24,7.1,211,252,22.87,100
2024/5/17 17:30,1006.6,68.4,0,23.9,7,168,202,16.92,100
2024/5/17 17:45,1006.6,69.3,0,23.7,7,130,140,12.02,100
2024/5/17 18:00,1006.6,70.5,0,23.6,6.9,97,100,8.85,100
2024/5/17 18:15,1006.6,71.7,0,23.3,6.9,69,66,6.15,100
2024/5/17 18:30,1006.6,74.6,0,22.9,6.8,45,40,4.24,100
2024/5/17 18:45,1006.6,75.7,0,22.4,6.8,24,17,2.1,100
2024/5/17 19:00,1006.6,77,0,21.9,6.8,6,4,0.89,100
2024/5/17 19:15,1006.6,78.5,0,21.6,6.7,0,0,0,100
2024/5/17 19:30,1006.6,80,0,21.3,6.7,0,0,0,100
2024/5/17 19:45,1006.6,80.9,0,21,6.7,0,0,0,100
2024/5/17 20:00,1006.6,81.4,0,20.7,6.6,0,0,0,100
2024/5/17 20:15,1006.6,81.5,0,20.5,6.6,0,0,0,100
2024/5/17 20:30,1006.6,81.4,0,20.3,6.5,0,0,0,100
2024/5/17 20:45,1006.6,81.2,0,20.1,6.5,0,0,0,100
2024/5/17 21:00,1006.6,81.1,0,19.9,6.4,0,0,0,100
2024/5/17 21:15,1006.6,81,0,19.7,6.4,0,0,0,100
2024/5/17 21:30,1006.6,81,0,19.5,6.4,0,0,0,100
2024/5/17 21:45,1006.6,81.1,0,19.4,6.3,0,0,0,100
2024/5/17 22:00,1006.6,81.2,0,19.2,6.3,0,0,0,100
2024/5/17 22:15,1006.6,81.2,0,19.1,6.3,0,0,0,100
2024/5/17 22:30,1006.6,81.3,0,19,6.2,0,0,0,100
2024/5/17 22:45,1006.6,81.3,0,18.9,6.2,0,0,0,100
2024/5/17 23:00,1006.6,81.4,0,18.8,6.2,0,0,0,100
2024/5/17 23:15,1006.6,81.9,0,18.7,6.1,0,0,0,100
2024/5/17 23:30,1006.6,82.6,0,18.6,6.1,0,0,0,100
2024/5/17 23:45,1006.5,83.1,0,18.5,6.1,0,0,0,100
2024/5/18 0:00,1006.5,84.1,0,19.8,5.9,0,0,0,100
2024/5/18 0:15,1006.5,84.4,0,19.7,5.9,0,0,0,100
2024/5/18 0:30,1006.5,84.6,0,19.6,5.9,0,0,0,100
2024/5/18 0:45,1006.5,84.8,0,19.6,5.8,0,0,0,100
2024/5/18 1:00,1006.5,85,0,19.5,5.8,0,0,0,100
2024/5/18 1:15,1006.5,85.4,0,19.4,5.8,0,0,0,100
2024/5/18 1:30,1006.5,85.7,0,19.4,5.7,0,0,0,100
2024/5/18 1:45,1006.5,86,0,19.3,5.7,0,0,0,100
2024/5/18 2:00,1006.5,86.1,0,19.3,5.7,0,0,0,100
2024/5/18 2:15,1006.5,86.1,0,19.3,5.7,0,0,0,100
2024/5/18 2:30,1006.5,86.1,0,19.2,5.6,0,0,0,100
2024/5/18 2:45,1006.5,86.1,0,19.2,5.6,0,0,0,100
2024/5/18 3:00,1006.5,86.1,0,19.1,5.6,0,0,0,100
2024/5/18 3:15,1006.5,86.2,0,19.1,5.6,0,0,0,100
2024/5/18 3:30,1006.5,86.2,0,19.1,5.6,0,0,0,100
2024/5/18 3:45,1006.5,86.3,0,19,5.6,0,0,0,100
2024/5/18 4:00,1006.5,86.4,0,19,5.6,0,0,0,100
2024/5/18 4:15,1006.5,86.5,0,18.9,5.7,0,0,0,100
2024/5/18 4:30,1006.5,86.5,0,18.9,5.7,0,0,0,100
2024/5/18 4:45,1006.5,86.5,0,18.9,5.7,0,0,0,100
2024/5/18 5:00,1006.5,86.5,0,18.8,5.8,0,0,0,100
2024/5/18 5:15,1006.5,86.3,0,18.8,5.8,23,17,2.21,100
2024/5/18 5:30,1006.5,85.8,0,18.9,5.8,54,34,3.87,100
2024/5/18 5:45,1006.5,85,0,19,5.9,87,62,6.47,100
2024/5/18 6:00,1006.5,83.9,0,19.2,5.9,119,90,8.91,100
2024/5/18 6:15,1006.5,82.5,0,19.4,6,153,131,12.88,100
2024/5/18 6:30,1006.6,80.9,0,19.7,6,187,175,16.79,100
2024/5/18 6:45,1006.6,79.7,0,19.9,6.1,223,229,22.83,100
2024/5/18 7:00,1006.6,78.6,0,20.2,6.1,261,269,27.65,100
2024/5/18 7:15,1006.6,77.5,0,20.5,6.2,301,315,33.39,100
2024/5/18 7:30,1006.6,76.5,0,20.8,6.2,344,365,40.46,100
2024/5/18 7:45,1006.6,75.2,0,21,6.3,389,423,47.16,100
2024/5/18 8:00,1006.6,73.8,0,21.3,6.4,435,475,54.05,100
2024/5/18 8:15,1006.6,72.5,0,21.6,6.4,482,523,61.48,100
2024/5/18 8:30,1006.6,71.6,0,21.8,6.5,530,534,64.31,100
2024/5/18 8:45,1006.6,71,0,22,6.6,577,586,70.9,100
2024/5/18 9:00,1006.6,70.3,0,22.3,6.6,622,649,79.5,100
2024/5/18 9:15,1006.6,69.7,0,22.6,6.7,665,700,86.13,100
2024/5/18 9:30,1006.6,68.9,0,22.8,6.7,704,740,90.49,100
2024/5/18 9:45,1006.6,67.8,0,23.1,6.8,738,776,94.91,100
2024/5/18 10:00,1006.6,66.8,0,23.4,6.9,769,807,98.34,100
2024/5/18 10:15,1006.6,66.3,0,23.6,6.9,796,855,99.38,100
2024/5/18 10:30,1006.6,65.8,0,23.9,7,819,878,99.38,100
2024/5/18 10:45,1006.6,65.3,0,24.1,7,838,903,99.38,100
2024/5/18 11:00,1006.7,64.8,0,24.3,7.1,852,919,99.38,100
2024/5/18 11:15,1006.7,64.2,0,24.5,7.1,863,928,99.38,100
2024/5/18 11:30,1006.7,63.5,0,24.7,7.2,868,931,99.38,100
2024/5/18 11:45,1006.7,63.2,0,24.8,7.2,870,920,99.38,100
2024/5/18 12:00,1006.7,62.7,0,25,7.2,866,907,99.38,100
2024/5/18 12:15,1006.7,62.5,0,25.1,7.3,859,923,99.38,100
2024/5/18 12:30,1006.7,62.6,0,25.3,7.3,846,925,99.38,100
2024/5/18 12:45,1006.7,62.8,0,25.4,7.4,830,901,99.38,100
2024/5/18 13:00,1006.7,62.8,0,25.5,7.4,808,899,99.38,100
2024/5/18 13:15,1006.7,62.7,0,25.5,7.4,782,875,90.53,100
2024/5/18 13:30,1006.7,62.6,0,25.6,7.4,751,880,99.94,100
2024/5/18 13:45,1006.7,62.5,0,25.6,7.5,717,790,95.17,100
2024/5/18 14:00,1006.7,62.3,0,25.5,7.5,681,787,95.39,100
2024/5/18 14:15,1006.7,62.3,0,25.5,7.5,642,787,93.91,100
2024/5/18 14:30,1006.7,62.3,0,25.5,7.5,602,753,88.4,100
2024/5/18 14:45,1006.7,62.4,0,25.4,7.4,560,707,83.89,100
2024/5/18 15:00,1006.7,62.6,0,25.3,7.4,519,666,77.55,100
2024/5/18 15:15,1006.7,62.9,0,25.2,7.4,478,611,70.42,100
2024/5/18 15:30,1006.7,63.4,0,25.1,7.4,437,546,62.97,100
2024/5/18 15:45,1006.7,63.8,0,25,7.4,397,446,57.09,100
2024/5/18 16:00,1006.7,64.3,0,24.8,7.4,357,544,56.07,100
2024/5/18 16:15,1006.7,64.8,0,24.6,7.4,318,444,45.51,100
2024/5/18 16:30,1006.6,65.4,0,24.3,7.4,279,364,37.36,100
2024/5/18 16:45,1006.6,66.2,0,24.1,7.3,241,301,25.32,100
2024/5/18 17:00,1006.6,67.2,0,23.8,7.3,205,271,17.66,100
2024/5/18 17:15,1006.6,69.5,0.2,23.5,7.3,172,139,14.41,100
2024/5/18 17:30,1006.6,69.3,0,23.6,7.3,141,149,12.01,100
2024/5/18 17:45,1006.6,70.1,0,23.1,7.3,113,96,10.48,100
2024/5/18 18:00,1006.6,70.7,0,22.7,7.3,87,86,9.01,100
2024/5/18 18:15,1006.6,71.6,0,22.3,7.3,64,59,6.29,100
2024/5/18 18:30,1006.6,72.8,0,22,7.3,43,41,4.39,100
2024/5/18 18:45,1006.6,74.1,0,21.7,7.3,24,13,1.69,100
2024/5/18 19:00,1006.6,75.2,0,21.4,7.2,7,1,0.55,100
2024/5/18 19:15,1006.6,76.3,0,21.1,7.2,0,0,0,100
2024/5/18 19:30,1006.6,77.2,0,20.9,7.2,0,0,0,100
2024/5/18 19:45,1006.6,77.9,0,20.6,7.2,0,0,0,100
2024/5/18 20:00,1006.6,78.4,0,20.4,7.2,0,0,0,100
2024/5/18 20:15,1006.6,78.9,0,20.3,7.3,0,0,0,100
2024/5/18 20:30,1006.6,79.4,0,20.1,7.3,0,0,0,100
2024/5/18 20:45,1006.6,80,0,19.9,7.3,0,0,0,100
2024/5/18 21:00,1006.6,80.5,0,19.8,7.4,0,0,0,100
2024/5/18 21:15,1006.6,81,0,19.6,7.4,0,0,0,100
2024/5/18 21:30,1006.6,81.6,0,19.4,7.4,0,0,0,100
2024/5/18 21:45,1006.6,82.3,0,19.3,7.4,0,0,0,100
2024/5/18 22:00,1006.6,83,0,19.2,7.4,0,0,0,100
2024/5/18 22:15,1006.6,83.7,0,19,7.4,0,0,0,100
2024/5/18 22:30,1006.6,84.3,0,18.9,7.4,0,0,0,100
2024/5/18 22:45,1006.6,84.8,0,18.8,7.4,0,0,0,100
2024/5/18 23:00,1006.6,85.4,0,18.7,7.4,0,0,0,100
2024/5/18 23:15,1006.6,86,0,18.6,7.4,0,0,0,100
2024/5/18 23:30,1006.6,86.4,0,18.5,7.4,0,0,0,100
2024/5/18 23:45,1006.6,86.8,0,18.4,7.4,0,0,0,100
2024/5/19 0:00,1006.6,81.5,0,19.6,7.4,0,0,0,100
2024/5/19 0:15,1006.6,81.7,0,19.6,7.4,0,0,0,100
2024/5/19 0:30,1006.6,82,0,19.5,7.4,0,0,0,100
2024/5/19 0:45,1006.6,82.5,0,19.4,7.4,0,0,0,100
2024/5/19 1:00,1006.6,82.9,0,19.3,7.3,0,0,0,100
2024/5/19 1:15,1006.6,83.5,0.1,19.2,7.3,0,0,0,100
2024/5/19 1:30,1006.6,83.9,0.1,19.1,7.3,0,0,0,100
2024/5/19 1:45,1006.5,84.3,0.1,19.1,7.3,0,0,0,100
2024/5/19 2:00,1006.5,84.6,0,19,7.3,0,0,0,100
2024/5/19 2:15,1006.5,84.9,0.1,18.9,7.2,0,0,0,100
2024/5/19 2:30,1006.5,85.3,0,18.9,7.2,0,0,0,100
2024/5/19 2:45,1006.5,85.7,0,18.8,7.2,0,0,0,100
2024/5/19 3:00,1006.5,86.2,0,18.8,7.2,0,0,0,100
2024/5/19 3:15,1006.5,86.4,0,18.7,7.2,0,0,0,100
2024/5/19 3:30,1006.5,86.6,0,18.7,7.2,0,0,0,100
2024/5/19 3:45,1006.5,87,0,18.7,7.2,0,0,0,100
2024/5/19 4:00,1006.5,87.3,0,18.6,7.2,0,0,0,100
2024/5/19 4:15,1006.5,87.8,0,18.6,7.2,0,0,0,100
2024/5/19 4:30,1006.5,88.4,0,18.5,7.3,0,0,0,100
2024/5/19 4:45,1006.5,89,0,18.5,7.3,0,0,0,100
2024/5/19 5:00,1006.5,89.6,0,18.4,7.3,0,2,0.52,100
2024/5/19 5:15,1006.5,90,0,18.4,7.4,18,16,1.97,100
2024/5/19 5:30,1006.5,90.1,0,18.4,7.4,41,34,3.48,100
2024/5/19 5:45,1006.5,90,0,18.5,7.5,64,37,5.25,100
2024/5/19 6:00,1006.5,89.7,0,18.6,7.5,88,74,6.75,100
2024/5/19 6:15,1006.5,89.1,0,18.7,7.6,113,107,10.24,100
2024/5/19 6:30,1006.6,88.6,0,18.9,7.6,139,142,16.01,100
2024/5/19 6:45,1006.6,88.1,0,19,7.7,166,126,14.24,100
2024/5/19 7:00,1006.6,87.6,0,19.2,7.7,196,123,14.16,100
2024/5/19 7:15,1006.6,86.7,0,19.4,7.8,227,203,21.81,100
2024/5/19 7:30,1006.6,85.7,0,19.7,7.8,262,273,35.11,100
2024/5/19 7:45,1006.6,84.8,0,20,7.8,298,294,29.6,100
2024/5/19 8:00,1006.6,84,0,20.2,7.9,336,485,33.78,100
2024/5/19 8:15,1006.6,83.2,0,20.5,7.9,376,277,50.29,100
2024/5/19 8:30,1006.6,82.3,0,20.8,8,416,538,32.99,100
2024/5/19 8:45,1006.6,81.2,0,21.2,8,457,299,43.45,100
2024/5/19 9:00,1006.6,79.8,0,21.5,8,496,490,31.57,100
2024/5/19 9:15,1006.6,78.5,0,21.8,8,533,229,32.4,100
2024/5/19 9:30,1006.6,77.2,0,22.1,8,567,273,36.27,100
2024/5/19 9:45,1006.6,75.7,0,22.4,8,598,440,70.61,100
2024/5/19 10:00,1006.6,74.4,0,22.6,8,625,438,52.71,100
2024/5/19 10:15,1006.6,73.5,0,22.9,8,648,313,42.59,100
2024/5/19 10:30,1006.6,72.7,0,23.1,8,668,858,55.79,100
2024/5/19 10:45,1006.6,72,0,23.4,8,685,902,78.35,100
2024/5/19 11:00,1006.6,71.5,0,23.6,8,698,873,100,100
2024/5/19 11:15,1006.6,70.9,0,23.9,7.9,708,907,100,100
2024/5/19 11:30,1006.6,70.4,0,24,7.9,715,908,100,100
2024/5/19 11:45,1006.6,69.9,0,24.3,7.9,720,918,100,100
2024/5/19 12:00,1006.6,68.7,0,24.5,7.9,721,872,100,100
2024/5/19 12:15,1006.6,67.6,0,24.6,7.8,720,910,100,100
2024/5/19 12:30,1006.6,67.3,0,24.7,7.8,717,930,100,100
2024/5/19 12:45,1006.7,67.3,0,24.8,7.8,711,921,97.83,100
2024/5/19 13:00,1006.7,67.1,0,25,7.8,705,510,57.94,100
2024/5/19 13:15,1006.7,66.6,0,25.1,7.8,697,665,57.69,100
2024/5/19 13:30,1006.7,66.1,0,25.1,7.8,687,917,72.67,100
2024/5/19 13:45,1006.7,66.1,0,25.1,7.7,674,774,82.34,100
2024/5/19 14:00,1006.7,66.3,0,25.1,7.7,659,771,94.62,100
2024/5/19 14:15,1006.7,66,0,25.1,7.7,640,707,79.44,100
2024/5/19 14:30,1006.7,65.8,0,25.1,7.7,618,778,94.01,100
2024/5/19 14:45,1006.7,65.9,0,25.2,7.6,592,552,75.81,100
2024/5/19 15:00,1006.7,65.5,0,25.1,7.6,562,480,50.79,100
2024/5/19 15:15,1006.7,65.3,0,25,7.6,529,145,12.31,100
2024/5/19 15:30,1006.7,65.2,0,24.9,7.5,493,80,8.17,100
2024/5/19 15:45,1006.6,65.7,0,24.7,7.5,453,24,3.1,100
2024/5/19 16:00,1006.6,66.1,0,24.6,7.5,409,3,0.62,100
2024/5/19 16:15,1006.6,66.4,0,24.4,7.4,364,1,0.15,100
2024/5/19 16:30,1006.6,66.6,0,24.2,7.4,317,0,0.2,100
2024/5/19 16:45,1006.6,67.1,0,24,7.4,272,5,1.36,100
2024/5/19 17:00,1006.6,68,0,23.8,7.4,228,25,5.05,100
2024/5/19 17:15,1006.6,69.4,0,23.5,7.4,188,70,9.95,100
2024/5/19 17:30,1006.6,70.8,0,23.2,7.4,151,77,10.65,100
2024/5/19 17:45,1006.6,72.2,0,22.9,7.3,118,63,6.93,100
2024/5/19 18:00,1006.6,73,0,22.5,7.3,89,92,8.55,100
2024/5/19 18:15,1006.6,73.9,0,22.2,7.3,64,57,5.69,100
2024/5/19 18:30,1006.6,75,0,21.9,7.2,42,23,2.79,100
2024/5/19 18:45,1006.6,76.2,0,21.6,7.2,24,18,2.12,100
2024/5/19 19:00,1006.6,77.4,0,21.3,7.1,7,9,1.36,100
2024/5/19 19:15,1006.6,78.3,0,21.1,7.1,0,0,0,100
2024/5/19 19:30,1006.6,79.1,0,20.9,7.1,0,0,0,100
2024/5/19 19:45,1006.6,79.9,0,20.7,7,0,0,0,100
2024/5/19 20:00,1006.6,80.6,0,20.5,6.9,0,0,0,100
2024/5/19 20:15,1006.6,81.2,0,20.2,6.8,0,0,0,100
2024/5/19 20:30,1006.6,81.9,0,20.1,6.7,0,0,0,100
2024/5/19 20:45,1006.6,82.4,0,19.9,6.6,0,0,0,100
2024/5/19 21:00,1006.6,82.9,0,19.7,6.4,0,0,0,100
2024/5/19 21:15,1006.6,83.4,0,19.6,6.2,0,0,0,100
2024/5/19 21:30,1006.6,83.7,0,19.5,6,0,0,0,100
2024/5/19 21:45,1006.6,84,0,19.3,5.8,0,0,0,100
2024/5/19 22:00,1006.6,84.4,0,19.2,5.6,0,0,0,100
2024/5/19 22:15,1006.6,84.8,0,19.1,5.4,0,0,0,100
2024/5/19 22:30,1006.6,85.3,0,19,5.2,0,0,0,100
2024/5/19 22:45,1006.6,85.7,0,18.8,5,0,0,0,100
2024/5/19 23:00,1006.6,86.2,0,18.7,4.8,0,0,0,100
2024/5/19 23:15,1006.6,86.8,0,18.6,4.6,0,0,0,100
2024/5/19 23:30,1006.6,87.2,0,18.6,4.4,0,0,0,100
2024/5/19 23:45,1006.6,87.5,0,18.7,4.2,0,0,0,100
2024/5/20 0:00,1006.6,84.8,0,19.2,4.8,0,0,0,100
2024/5/20 0:15,1006.6,90.1,0,18.9,4.7,0,0,0,100
2024/5/20 0:30,1006.6,92.9,0,18.7,4.7,0,0,0,100
2024/5/20 0:45,1006.6,93.5,0,18.6,4.7,0,0,0,100
2024/5/20 1:00,1006.6,94.5,0,18.4,4.7,0,0,0,100
2024/5/20 1:15,1006.6,94.9,0,18.2,4.7,0,0,0,100
2024/5/20 1:30,1006.6,94.8,0,18.1,4.7,0,0,0,100
2024/5/20 1:45,1006.6,94.4,0,18,4.7,0,0,0,100
2024/5/20 2:00,1006.6,94.5,0,18,4.8,0,0,0,100
2024/5/20 2:15,1006.6,94.4,0,18,5,0,0,0,100
2024/5/20 2:30,1006.6,94.6,0,18,5,0,0,0,100
2024/5/20 2:45,1006.6,94.4,0,17.9,5,0,0,0,100
2024/5/20 3:00,1006.6,94.2,0,17.8,5,0,0,0,100
2024/5/20 3:15,1006.6,94.4,0,17.7,5,0,0,0,100
2024/5/20 3:30,1006.6,95.2,0,17.8,5,0,0,0,100
2024/5/20 3:45,1006.6,95.2,0,17.8,5,0,0,0,100
2024/5/20 4:00,1006.6,95.2,0,17.7,4.9,0,0,0,100
2024/5/20 4:15,1006.6,95.2,0.2,17.6,4.8,0,0,0,100
2024/5/20 4:30,1006.6,95.8,0.2,17.5,4.8,0,0,0,100
2024/5/20 4:45,1006.6,96.1,0,17.4,4.8,0,0,0,100
2024/5/20 5:00,1006.6,96.2,0,17.5,4.9,0,0,0.01,100
2024/5/20 5:15,1006.6,95.7,0,17.4,4.9,23,1,0.37,100
2024/5/20 5:30,1006.6,95.2,0,17.5,4.9,52,5,0.75,100
2024/5/20 5:45,1006.6,95.3,0,17.5,4.9,82,8,1.44,100
2024/5/20 6:00,1006.6,95.2,0,17.5,4.8,111,28,2.85,100
2024/5/20 6:15,1006.6,94.8,0,17.5,4.8,142,50,4.84,100
2024/5/20 6:30,1006.6,94.5,0,17.7,4.7,173,75,6.41,100
2024/5/20 6:45,1006.6,94.4,0,17.8,4.7,206,49,7.72,100
2024/5/20 7:00,1006.6,94.1,0,18,4.7,241,78,6.51,100
2024/5/20 7:15,1006.6,93.5,0,18.1,4.8,279,137,8.51,100
2024/5/20 7:30,1006.6,93.1,0,18.1,4.8,319,179,19.83,100
2024/5/20 7:45,1006.6,92.9,0,18.3,4.8,361,124,19.13,100
2024/5/20 8:00,1006.6,92.2,0,18.4,4.9,404,339,32.58,100
2024/5/20 8:15,1006.6,90.9,0,18.6,5,449,296,29.49,100
2024/5/20 8:30,1006.6,89.3,0,18.9,5.2,494,333,37.65,100
2024/5/20 8:45,1006.6,88,0,19.1,5.3,538,246,39.28,100
2024/5/20 9:00,1006.6,88.6,0,19.1,5.4,581,391,54.31,100
2024/5/20 9:15,1006.6,88.8,0,19.1,5.5,620,699,62.18,100
2024/5/20 9:30,1006.6,89.4,0,19,5.6,656,570,69.36,100
2024/5/20 9:45,1006.6,90.2,0,18.8,5.8,686,400,56.23,100
2024/5/20 10:00,1006.6,89.4,0,18.7,5.9,712,509,87.68,100
2024/5/20 10:15,1006.6,88.7,0,18.6,6,734,573,90.55,100
2024/5/20 10:30,1006.6,89.1,0,18.6,6.1,751,622,82.16,100
2024/5/20 10:45,1006.6,89.4,0,18.4,6.2,763,788,84.71,100
2024/5/20 11:00,1006.6,90.3,0,18.2,6.3,772,736,86.76,100
2024/5/20 11:15,1006.6,90.6,0,18,6.3,776,650,63.99,100
2024/5/20 11:30,1006.6,90.2,0,18,6.4,776,694,67.54,100
2024/5/20 11:45,1006.6,89.8,0,17.9,6.5,773,777,76.08,100
2024/5/20 12:00,1006.6,89.5,0,18,6.7,767,767,80.51,100
2024/5/20 12:15,1006.6,89.3,0,18,6.8,758,838,75.39,100
2024/5/20 12:30,1006.6,89,0,18,6.8,747,912,82.73,100
2024/5/20 12:45,1006.6,89.1,0,18,6.9,734,687,69.75,100
2024/5/20 13:00,1006.6,89.2,0,18,6.9,718,904,74.77,100
2024/5/20 13:15,1006.6,88.9,0,18,7,699,565,71.28,100
2024/5/20 13:30,1006.6,88.8,0,18,7,678,937,72.77,100
2024/5/20 13:45,1006.6,89.3,0,17.9,7,655,969,72.49,100
2024/5/20 14:00,1006.6,89.5,0,17.9,7,629,864,79.9,100
2024/5/20 14:15,1006.6,88.7,0,17.9,6.9,601,900,94.55,100
2024/5/20 14:30,1006.6,88.8,0,17.9,6.9,571,770,96.01,100
2024/5/20 14:45,1006.6,88.9,0,17.8,6.8,539,816,79.24,100
2024/5/20 15:00,1006.6,88.8,0,17.8,6.8,506,840,74.12,100
2024/5/20 15:15,1006.6,88.5,0,17.8,6.7,471,727,68.81,100
2024/5/20 15:30,1006.6,88.5,0,17.8,6.6,435,669,73.64,100
2024/5/20 15:45,1006.6,88.3,0,17.8,6.6,397,601,68.81,100
2024/5/20 16:00,1006.6,88.1,0,17.8,6.5,359,557,62.83,100
2024/5/20 16:15,1006.6,88.1,0,17.8,6.4,319,508,55.36,100
2024/5/20 16:30,1006.6,87.5,0,17.8,6.3,280,462,48.1,100
2024/5/20 16:45,1006.6,86.7,0,17.8,6.2,242,402,39.87,100
2024/5/20 17:00,1006.6,86.1,0,17.8,6.1,205,349,33.49,100
2024/5/20 17:15,1006.6,85,0,17.9,5.9,171,278,24.97,100
2024/5/20 17:30,1006.6,84.3,0,17.9,5.8,140,233,19.69,100
2024/5/20 17:45,1006.6,84.1,0,18,5.7,111,188,14.49,100
2024/5/20 18:00,1006.6,83.3,0,18,5.5,86,137,10.73,100
2024/5/20 18:15,1006.6,82.7,0,18.2,5.4,63,91,8.84,100
2024/5/20 18:30,1006.6,82.9,0,18.2,5.2,43,54,5.71,100
2024/5/20 18:45,1006.6,83.4,0,18.2,5.1,25,22,3.8,100
2024/5/20 19:00,1006.6,83.9,0,18.2,4.9,8,6,2.23,100
2024/5/20 19:15,1006.6,84.1,0,18.3,4.7,0,0,0,100
2024/5/20 19:30,1006.6,84.2,0,18.2,4.5,0,0,0,100
2024/5/20 19:45,1006.6,84.1,0,18.3,4.4,0,0,0,100
2024/5/20 20:00,1006.6,84.2,0,18.4,4.2,0,0,0,100
2024/5/20 20:15,1006.6,84.6,0,18.4,4,0,0,0,100
2024/5/20 20:30,1006.6,85,0,18.3,3.8,0,0,0,100
2024/5/20 20:45,1006.6,85.4,0,18.2,3.6,0,0,0,100
2024/5/20 21:00,1006.6,86,0,18.2,3.5,0,0,0,100
2024/5/20 21:15,1006.6,86.1,0,18.1,3.3,0,0,0,100
2024/5/20 21:30,1006.6,85.8,0,18.1,3.1,0,0,0,100
2024/5/20 21:45,1006.6,85.7,0,18.2,3,0,0,0,100
2024/5/20 22:00,1006.6,85.9,0,18.2,2.8,0,0,0,100
2024/5/20 22:15,1006.6,86.3,0,18.2,2.7,0,0,0,100
2024/5/20 22:30,1006.6,86.9,0,18.3,2.6,0,0,0,100
2024/5/20 22:45,1006.6,87.3,0,18.3,2.5,0,0,0,100
2024/5/20 23:00,1006.6,87.7,0,18.4,2.4,0,0,0,100
2024/5/20 23:15,1006.6,88,0,18.4,2.3,0,0,0,100
2024/5/20 23:30,1006.6,88.6,0,18.4,2.2,0,0,0,100
2024/5/20 23:45,1006.6,89.1,0,18.4,2.1,0,0,0,100
2024/5/21 0:00,1006.6,88.8,0,17.3,2.4,0,0,0,100
2024/5/21 0:15,1006.6,90.1,0,17.3,2.3,0,0,0,100
2024/5/21 0:30,1006.6,91.2,0,17.3,2.3,0,0,0,100
2024/5/21 0:45,1006.6,91.9,0,17.4,2.2,0,0,0,100
2024/5/21 1:00,1006.6,92.5,0,17.4,2.2,0,0,0,100
2024/5/21 1:15,1006.6,93,0,17.4,2.2,0,0,0,100
2024/5/21 1:30,1006.6,93.6,0,17.3,2.1,0,0,0,100
2024/5/21 1:45,1006.6,93.8,0,17.3,2.1,0,0,0,100
2024/5/21 2:00,1006.6,93.9,0,17.3,2.2,0,0,0,100
2024/5/21 2:15,1006.6,94,0,17.3,2.2,0,0,0,100
2024/5/21 2:30,1006.6,94.3,0,17.2,2.2,0,0,0,100
2024/5/21 2:45,1006.6,94.7,0,17.2,2.3,0,0,0,100
2024/5/21 3:00,1006.6,95.1,0,17.3,2.4,0,0,0,100
2024/5/21 3:15,1006.6,95.1,0,17.3,2.5,0,0,0,100
2024/5/21 3:30,1006.6,95.1,0,17.4,2.6,0,0,0,100
2024/5/21 3:45,1006.6,95.1,0,17.4,2.7,0,0,0,100
2024/5/21 4:00,1006.6,95.2,0,17.3,2.8,0,0,0,100
2024/5/21 4:15,1006.6,95.6,0,17.3,2.9,0,0,0,100
2024/5/21 4:30,1006.6,96.2,0,17.3,3,0,0,0,100
2024/5/21 4:45,1006.6,96.5,0,17.2,3.2,0,0,0,100
2024/5/21 5:00,1006.6,96.7,0,17.1,3.3,1,7,0.76,100
2024/5/21 5:15,1006.6,97,0,17.1,3.4,21,22,1.83,100
2024/5/21 5:30,1006.6,96.9,0,17.2,3.5,45,31,2.44,100
2024/5/21 5:45,1006.6,96.7,0,17.3,3.6,69,52,3.25,100
2024/5/21 6:00,1006.6,96.3,0,17.4,3.7,94,56,4.59,100
2024/5/21 6:15,1006.6,95.8,0,17.6,3.8,120,39,4.55,100
2024/5/21 6:30,1006.6,95,0,17.7,3.9,147,63,6.84,100
2024/5/21 6:45,1006.6,94.3,0,17.9,3.9,174,73,7.26,100
2024/5/21 7:00,1006.6,93.3,0,18.1,4,204,73,8.46,100
2024/5/21 7:15,1006.6,92.8,0,18.2,4.1,236,124,13.58,100
2024/5/21 7:30,1006.6,92.3,0,18.3,4.1,269,128,16.53,100
2024/5/21 7:45,1006.6,91.3,0,18.5,4.2,305,153,18.07,100
2024/5/21 8:00,1006.6,90.1,0,18.7,4.2,342,162,18.15,100
2024/5/21 8:15,1006.6,88.8,0,19,4.2,380,181,19.34,100
2024/5/21 8:30,1006.6,87.4,0,19.2,4.3,418,211,23.21,100
2024/5/21 8:45,1006.6,86,0,19.5,4.3,457,243,29.11,100
2024/5/21 9:00,1006.6,84.7,0,19.7,4.3,495,395,36.95,100
2024/5/21 9:15,1006.6,83.7,0,19.9,4.3,530,408,37.75,100
2024/5/21 9:30,1006.6,82.9,0,20.2,4.2,564,281,31.74,100
2024/5/21 9:45,1006.6,82,0,20.4,4.2,594,392,33.7,100
2024/5/21 10:00,1006.7,80.9,0,20.7,4.2,622,347,36.06,100
2024/5/21 10:15,1006.7,79,0,20.9,4.1,648,1048,50.07,100
2024/5/21 10:30,1006.7,77.1,0,21.1,4.1,672,944,56.04,100
2024/5/21 10:45,1006.7,76.2,0,21.3,4.1,693,954,64.72,100
2024/5/21 11:00,1006.7,75.3,0,21.4,4.1,712,972,68.63,100
2024/5/21 11:15,1006.7,74.6,0,21.6,4.1,726,996,67.45,100
2024/5/21 11:30,1006.7,73.7,0,21.8,4.1,737,976,74.13,100
2024/5/21 11:45,1006.7,72.3,0,22,4,744,979,67.63,100
2024/5/21 12:00,1006.7,70.9,0,22.2,4,746,987,79.83,100
2024/5/21 12:15,1006.7,70.4,0,22.4,4,743,983,83.3,100
2024/5/21 12:30,1006.7,70,0,22.6,4,735,966,90.48,100
2024/5/21 12:45,1006.7,69.5,0,22.8,4,722,968,99.21,100
2024/5/21 13:00,1006.7,69,0,23,4,704,958,95.33,100
2024/5/21 13:15,1006.7,68.5,0,23,4.1,682,938,100,100
2024/5/21 13:30,1006.7,67.5,0,23.1,4.1,656,917,100,100
2024/5/21 13:45,1006.7,66.4,0,23.2,4.1,626,873,100,100
2024/5/21 14:00,1006.7,66.2,0,23.2,4.1,593,842,99.59,100
2024/5/21 14:15,1006.7,66.3,0,23.3,4.1,557,804,97.25,100
2024/5/21 14:30,1006.7,66.5,0,23.4,4.2,520,773,92.65,100
2024/5/21 14:45,1006.7,66.6,0,23.4,4.2,482,731,87.1,100
2024/5/21 15:00,1006.7,65.2,0,23.5,4.3,442,679,82.02,100
2024/5/21 15:15,1006.7,64.5,0,23.5,4.3,403,645,74.69,100
2024/5/21 15:30,1006.7,65,0,23.5,4.3,364,598,69.96,100
2024/5/21 15:45,1006.7,65.1,0,23.5,4.4,326,520,59.26,100
2024/5/21 16:00,1006.7,64.6,0,23.5,4.4,286,517,60.04,100
2024/5/21 16:15,1006.7,64.3,0,23.5,4.5,246,550,54.16,100
2024/5/21 16:30,1006.7,64.2,0,23.4,4.5,208,441,48.69,100
2024/5/21 16:45,1006.7,64.8,0,23.3,4.6,171,211,29.28,100
2024/5/21 17:00,1006.7,65.4,0,23.2,4.6,138,214,32.96,100
2024/5/21 17:15,1006.7,66.2,0,23.1,4.7,107,164,29.21,100
2024/5/21 17:30,1006.7,66.8,0,23,4.8,81,123,28.97,100
2024/5/21 17:45,1006.7,67.5,0,22.8,4.8,59,151,27.98,100
2024/5/21 18:00,1006.7,69,0,22.6,4.9,41,123,22.35,100
2024/5/21 18:15,1006.7,71,0,22.3,5,27,78,20,100
2024/5/21 18:30,1006.7,73.3,0,22,5.1,17,49,18.69,100
2024/5/21 18:45,1006.7,75.1,0,21.7,5.2,9,20,17.16,100
2024/5/21 19:00,1006.7,77.1,0,21.4,5.3,3,5,16.31,100
2024/5/21 19:15,1006.6,79.2,0,21.2,5.4,0,0,0,100
2024/5/21 19:30,1006.6,80.6,0,20.9,5.5,0,0,0,100
2024/5/21 19:45,1006.6,82.5,0,20.7,5.5,0,0,0,100
2024/5/21 20:00,1006.6,84.1,0,20.4,5.6,0,0,0,100
2024/5/21 20:15,1006.6,85.6,0,20.1,5.7,0,0,0,100
2024/5/21 20:30,1006.6,87.3,0,19.9,5.8,0,0,0,100
2024/5/21 20:45,1006.6,88.4,0,19.6,5.9,0,0,0,100
2024/5/21 21:00,1006.6,89.1,0,19.3,6,0,0,0,100
2024/5/21 21:15,1006.6,90.4,0,19.1,6.1,0,0,0,100
2024/5/21 21:30,1006.6,92.3,0,18.8,6.1,0,0,0,100
2024/5/21 21:45,1006.6,94.1,0,18.5,6.2,0,0,0,100
2024/5/21 22:00,1006.6,95.7,0,18.2,6.3,0,0,0,100
2024/5/21 22:15,1006.6,96.6,0,18.1,6.3,0,0,0,100
2024/5/21 22:30,1006.6,96.9,0,18,6.4,0,0,0,100
2024/5/21 22:45,1006.6,97.6,0,17.8,6.4,0,0,0,100
2024/5/21 23:00,1006.6,98.4,0,17.7,6.5,0,0,0,100
2024/5/21 23:15,1006.6,99,0,17.6,6.5,0,0,0,100
2024/5/21 23:30,1006.6,99.1,0,17.6,6.5,0,0,0,100
2024/5/21 23:45,1006.6,99.3,0,17.6,6.5,0,0,0,100
2024/5/22 0:00,1006.6,98.4,0,17.5,6.5,0,0,0,100
2024/5/22 0:15,1006.6,98.7,0,17.4,6.5,0,0,0,100
2024/5/22 0:30,1006.6,98.8,0,17.4,6.4,0,0,0,100
2024/5/22 0:45,1006.6,99,0,17.4,6.4,0,0,0,100
2024/5/22 1:00,1006.6,99.1,0,17.4,6.3,0,0,0,100
2024/5/22 1:15,1006.6,98.9,0,17.4,6.3,0,0,0,100
2024/5/22 1:30,1006.6,98.8,0,17.4,6.3,0,0,0,100
2024/5/22 1:45,1006.6,98.7,0,17.4,6.2,0,0,0,100
2024/5/22 2:00,1006.6,98.8,0,17.3,6.2,0,0,0,100
2024/5/22 2:15,1006.6,99.1,0,17.3,6.2,0,0,0,100
2024/5/22 2:30,1006.6,99.3,0,17.3,6.1,0,0,0,100
2024/5/22 2:45,1006.6,99.3,0,17.2,6.1,0,0,0,100
2024/5/22 3:00,1006.6,99.2,0,17.2,6.1,0,0,0,100
2024/5/22 3:15,1006.6,99.2,0,17.2,6,0,0,0,100
2024/5/22 3:30,1006.6,99.2,0,17.2,6,0,0,0,100
2024/5/22 3:45,1006.6,99.2,0,17.2,6,0,0,0,100
2024/5/22 4:00,1006.6,99.1,0,17.2,6,0,0,0,100
2024/5/22 4:15,1006.6,99.2,0,17.2,5.9,0,0,0,100
2024/5/22 4:30,1006.6,99.3,0,17.2,5.9,0,0,0,100
2024/5/22 4:45,1006.6,99.4,0,17.1,5.9,0,0,0,100
2024/5/22 5:00,1006.6,99.4,0,17.1,5.9,1,4,0.78,100
2024/5/22 5:15,1006.6,99.4,0,17.1,5.9,11,13,1.78,100
2024/5/22 5:30,1006.6,99.4,0,17.1,5.9,23,32,3.68,100
2024/5/22 5:45,1006.6,99.5,0,17,5.8,35,54,5.59,100
2024/5/22 6:00,1006.6,99.6,0,17,5.9,49,74,7.34,100
2024/5/22 6:15,1006.6,99.5,0,16.9,5.9,63,112,10.31,100
2024/5/22 6:30,1006.6,99.5,0,17,5.9,80,127,12.25,100
2024/5/22 6:45,1006.6,99.3,0,17,5.9,100,159,16.54,100
2024/5/22 7:00,1006.6,99,0,17,5.9,126,244,19.19,100
2024/5/22 7:15,1006.6,98.6,0,17.1,5.9,157,252,23.46,100
2024/5/22 7:30,1006.6,98.1,0,17.2,5.9,193,377,28.37,100
2024/5/22 7:45,1006.6,97.6,0,17.3,5.9,236,277,35.15,100
2024/5/22 8:00,1006.6,96.8,0,17.5,5.9,283,425,34.65,100
2024/5/22 8:15,1006.6,95.8,0,17.7,5.9,334,349,41.43,100
2024/5/22 8:30,1006.6,94.9,0,17.9,5.9,387,509,46.43,100
2024/5/22 8:45,1006.6,93.6,0,18.1,5.9,443,437,45.83,100
2024/5/22 9:00,1006.6,91.8,0,18.4,6,498,432,59.36,100
2024/5/22 9:15,1006.6,89.9,0,18.7,6,551,547,79.19,100
2024/5/22 9:30,1006.6,87.9,0,19,6,600,730,87.58,100
2024/5/22 9:45,1006.6,85.8,0,19.3,6,642,785,90.9,100
2024/5/22 10:00,1006.6,83.7,0,19.6,6,681,804,95.7,100
2024/5/22 10:15,1006.6,82.3,0,19.9,6,715,845,98.48,100
2024/5/22 10:30,1006.6,80.9,0,20.2,6,745,858,99.42,100
2024/5/22 10:45,1006.6,79.3,0,20.5,6,771,885,99.55,100
2024/5/22 11:00,1006.6,77.4,0,20.9,6,792,904,99.55,100
2024/5/22 11:15,1006.6,75.4,0,21.2,6.1,809,914,99.55,100
2024/5/22 11:30,1006.6,73.1,0,21.5,6.1,821,914,99.55,100
2024/5/22 11:45,1006.6,71.2,0,21.7,6.1,830,937,99.55,100
2024/5/22 12:00,1006.7,70.3,0,22,6.1,834,943,99.55,100
2024/5/22 12:15,1006.7,69.4,0,22.2,6.1,835,940,99.55,100
2024/5/22 12:30,1006.7,68.2,0,22.4,6.1,832,935,99.55,100
2024/5/22 12:45,1006.7,66.1,0,22.7,6.1,826,928,99.55,100
2024/5/22 13:00,1006.7,64.3,0,22.8,6.1,817,925,99.55,100
2024/5/22 13:15,1006.7,64.1,0,23,6.1,804,912,99.55,100
2024/5/22 13:30,1006.7,64,0,23.1,6.1,788,898,99.55,100
2024/5/22 13:45,1006.7,63.5,0,23.3,6.1,768,862,99.55,100
2024/5/22 14:00,1006.7,63,0,23.4,6.2,745,826,99.55,100
2024/5/22 14:15,1006.7,62.1,0,23.5,6.2,718,787,94.79,100
2024/5/22 14:30,1006.7,61,0,23.7,6.2,687,766,90.99,100
2024/5/22 14:45,1006.7,60,0,23.7,6.2,653,723,86.41,100
2024/5/22 15:00,1006.7,59.9,0,23.8,6.2,616,686,81.46,100
2024/5/22 15:15,1006.7,60,0,23.8,6.2,576,647,76.24,100
2024/5/22 15:30,1006.7,60.8,0,23.8,6.2,534,603,70.76,100
2024/5/22 15:45,1006.7,61.4,0,23.7,6.2,489,564,63.53,100
2024/5/22 16:00,1006.7,61.7,0,23.7,6.2,441,536,58.02,100
2024/5/22 16:15,1006.7,62.7,0,23.7,6.2,391,488,51.81,100
2024/5/22 16:30,1006.7,63.7,0,23.6,6.2,341,450,45.85,100
2024/5/22 16:45,1006.7,64.8,0,23.5,6.2,292,393,38.67,100
2024/5/22 17:00,1006.7,65.9,0,23.4,6.2,245,344,31.93,100
2024/5/22 17:15,1006.7,67.2,0,23.2,6.3,201,287,24.69,100
2024/5/22 17:30,1006.6,68.6,0,23.1,6.3,162,238,18.81,100
2024/5/22 17:45,1006.6,69.3,0,22.9,6.3,127,174,13.14,100
2024/5/22 18:00,1006.6,69.8,0,22.6,6.3,96,125,9.35,100
2024/5/22 18:15,1006.6,71.2,0,22.4,6.3,70,82,6.52,100
2024/5/22 18:30,1006.6,74.1,0,22,6.3,47,48,4.51,100
2024/5/22 18:45,1006.6,77.9,0,21.5,6.4,28,22,2.56,100
2024/5/22 19:00,1006.6,79.7,0,21,6.4,10,6,1,100
2024/5/22 19:15,1006.6,81,0,20.6,6.4,0,0,0,100
2024/5/22 19:30,1006.6,81.8,0,20.3,6.4,0,0,0,100
2024/5/22 19:45,1006.6,82.4,0,20,6.5,0,0,0,100
2024/5/22 20:00,1006.6,83,0,19.8,6.5,0,0,0,100
2024/5/22 20:15,1006.6,83.5,0,19.5,6.5,0,0,0,100
2024/5/22 20:30,1006.6,83.6,0,19.2,6.5,0,0,0,100
2024/5/22 20:45,1006.6,83.5,0,19,6.5,0,0,0,100
2024/5/22 21:00,1006.6,84.1,0,18.8,6.6,0,0,0,100
2024/5/22 21:15,1006.6,84.8,0,18.6,6.6,0,0,0,100
2024/5/22 21:30,1006.6,85.6,0,18.5,6.6,0,0,0,100
2024/5/22 21:45,1006.6,86.3,0,18.3,6.6,0,0,0,100
2024/5/22 22:00,1006.6,86.9,0,18.2,6.7,0,0,0,100
2024/5/22 22:15,1006.5,87.5,0,18,6.7,0,0,0,100
2024/5/22 22:30,1006.5,88,0,17.9,6.7,0,0,0,100
2024/5/22 22:45,1006.5,88.4,0,17.8,6.7,0,0,0,100
2024/5/22 23:00,1006.5,88.7,0,17.7,6.7,0,0,0,100
2024/5/22 23:15,1006.5,89,0,17.6,6.7,0,0,0,100
2024/5/22 23:30,1006.5,89.3,0,17.4,6.7,0,0,0,100
2024/5/22 23:45,1006.5,89.7,0,17.3,6.7,0,0,0,100
2024/5/23 0:00,1006.5,88.3,0,18.2,6.6,0,0,0,100
2024/5/23 0:15,1006.5,88.4,0,18.1,6.6,0,0,0,100
2024/5/23 0:30,1006.5,88.5,0,18,6.6,0,0,0,100
2024/5/23 0:45,1006.5,88.4,0,17.9,6.6,0,0,0,100
2024/5/23 1:00,1006.5,88.3,0,17.8,6.5,0,0,0,100
2024/5/23 1:15,1006.5,88.3,0,17.7,6.5,0,0,0,100
2024/5/23 1:30,1006.5,88.3,0,17.6,6.4,0,0,0,100
2024/5/23 1:45,1006.5,88.2,0,17.5,6.4,0,0,0,100
2024/5/23 2:00,1006.5,88.2,0,17.4,6.4,0,0,0,100
2024/5/23 2:15,1006.5,88.3,0,17.4,6.3,0,0,0,100
2024/5/23 2:30,1006.5,88.4,0,17.3,6.3,0,0,0,100
2024/5/23 2:45,1006.5,88.6,0,17.2,6.2,0,0,0,100
2024/5/23 3:00,1006.5,88.9,0,17.1,6.2,0,0,0,100
2024/5/23 3:15,1006.5,89.2,0,17.1,6.1,0,0,0,100
2024/5/23 3:30,1006.5,89.4,0,17,6.1,0,0,0,100
2024/5/23 3:45,1006.5,89.6,0,16.9,6.1,0,0,0,100
2024/5/23 4:00,1006.5,89.8,0,16.9,6,0,0,0,100
2024/5/23 4:15,1006.5,89.9,0,16.8,6,0,0,0,100
2024/5/23 4:30,1006.5,90,0,16.8,6,0,0,0,100
2024/5/23 4:45,1006.5,90.2,0,16.7,6,0,0,0,100
2024/5/23 5:00,1006.5,90.4,0,16.7,5.9,1,7,1.17,100
2024/5/23 5:15,1006.5,90.6,0,16.7,5.9,14,25,2.82,100
2024/5/23 5:30,1006.5,90.7,0,16.7,5.9,29,48,4.71,100
2024/5/23 5:45,1006.5,90.3,0,16.9,5.9,44,81,7.22,100
2024/5/23 6:00,1006.5,89.6,0,17.1,5.9,60,117,10.1,100
2024/5/23 6:15,1006.5,88.5,0,17.4,5.8,78,165,14.33,100
2024/5/23 6:30,1006.5,87.4,0,17.7,5.8,97,213,19.13,100
2024/5/23 6:45,1006.5,86.3,0,18,5.8,120,265,24.84,100
2024/5/23 7:00,1006.5,85.5,0,18.3,5.8,146,314,31.07,100
2024/5/23 7:15,1006.5,84.6,0,18.6,5.8,178,369,38.21,100
2024/5/23 7:30,1006.5,83.4,0,18.9,5.9,215,417,44.27,100
2024/5/23 7:45,1006.5,82,0,19.3,5.9,256,474,51.8,100
2024/5/23 8:00,1006.5,80.5,0,19.7,5.9,302,525,58.84,100
2024/5/23 8:15,1006.5,79,0,20.1,5.9,351,579,66.17,100
2024/5/23 8:30,1006.6,77.6,0,20.5,5.9,403,609,71.89,100
2024/5/23 8:45,1006.6,76.1,0,20.9,6,455,661,79.04,100
2024/5/23 9:00,1006.6,75,0,21.3,6,508,691,84.23,100
2024/5/23 9:15,1006.6,73.7,0,21.7,6,558,739,90.32,100
2024/5/23 9:30,1006.6,72.7,0,22,6,605,770,94.45,100
2024/5/23 9:45,1006.6,71.7,0,22.3,6,646,811,97.83,100
2024/5/23 10:00,1006.6,70.4,0,22.6,6,683,848,99.02,100
2024/5/23 10:15,1006.6,68.9,0,22.9,6,716,899,99.02,100
2024/5/23 10:30,1006.6,67.9,0,23.2,6,746,928,99.02,100
2024/5/23 10:45,1006.6,67.3,0,23.5,5.9,771,954,99.02,100
2024/5/23 11:00,1006.6,65.7,0,23.8,5.9,792,968,99.02,100
2024/5/23 11:15,1006.6,63.3,0,24.1,5.9,809,980,99.02,100
2024/5/23 11:30,1006.6,62.2,0,24.3,5.8,822,980,99.02,100
2024/5/23 11:45,1006.6,61.4,0,24.5,5.8,831,987,99.02,100
2024/5/23 12:00,1006.6,60.5,0,24.7,5.8,836,973,99.02,100
2024/5/23 12:15,1006.6,59.2,0,25,5.7,837,975,99.02,100
2024/5/23 12:30,1006.6,58.5,0,25.2,5.7,834,975,99.02,100
2024/5/23 12:45,1006.6,57.6,0,25.3,5.6,828,980,99.02,100
2024/5/23 13:00,1006.6,57,0,25.5,5.6,819,970,99.02,100
2024/5/23 13:15,1006.6,56.5,0,25.7,5.5,806,954,99.02,100
2024/5/23 13:30,1006.6,56.1,0,25.8,5.4,790,929,99.02,100
2024/5/23 13:45,1006.6,55.6,0,25.9,5.4,770,908,99.02,100
2024/5/23 14:00,1006.6,55.3,0,26.1,5.3,747,869,99.02,100
2024/5/23 14:15,1006.6,55,0,26.2,5.2,719,828,96.33,100
2024/5/23 14:30,1006.6,54.5,0,26.2,5.1,689,775,93.24,100
2024/5/23 14:45,1006.6,54.3,0,26.3,5,655,749,87.82,100
2024/5/23 15:00,1006.6,53.9,0,26.4,4.9,618,698,83.85,100
2024/5/23 15:15,1006.6,53.8,0,26.4,4.8,577,668,77.75,100
2024/5/23 15:30,1006.6,55.1,0,26.4,4.7,535,621,71.44,100
2024/5/23 15:45,1006.6,56.4,0,26.3,4.6,490,574,64.83,100
2024/5/23 16:00,1006.6,57.2,0,26.3,4.5,442,542,59.05,100
2024/5/23 16:15,1006.6,57.5,0,26.2,4.4,391,494,52.15,100
2024/5/23 16:30,1006.6,57.9,0,26.2,4.4,341,451,46.23,100
2024/5/23 16:45,1006.6,58.3,0,26.2,4.3,291,391,38.58,100
2024/5/23 17:00,1006.6,58.9,0,26.1,4.3,245,325,30.4,100
2024/5/23 17:15,1006.6,59.5,0,26,4.3,201,280,24.69,100
2024/5/23 17:30,1006.6,60.2,0,25.9,4.4,161,175,18.14,100
2024/5/23 17:45,1006.6,61.4,0,25.8,4.4,126,160,13.4,100
2024/5/23 18:00,1006.6,62.8,0,25.7,4.4,96,105,8.81,100
2024/5/23 18:15,1006.6,64.5,0,25.5,4.4,69,78,7.17,100
2024/5/23 18:30,1006.6,66.5,0,25.3,4.4,47,45,4.68,100
2024/5/23 18:45,1006.6,68.5,0,24.9,4.4,28,22,2.5,100
2024/5/23 19:00,1006.6,71.7,0,24.5,4.4,11,3,0.86,100
2024/5/23 19:15,1006.6,75.7,0,24,4.4,0,0,0,100
2024/5/23 19:30,1006.6,79.5,0,23.5,4.5,0,0,0,100
2024/5/23 19:45,1006.6,82.5,0,22.9,4.5,0,0,0,100
2024/5/23 20:00,1006.6,83.4,0,22.4,4.5,0,0,0,100
2024/5/23 20:15,1006.6,83.3,0,22,4.5,0,0,0,100
2024/5/23 20:30,1006.6,83.6,0,21.8,4.6,0,0,0,100
2024/5/23 20:45,1006.6,84.5,0,21.5,4.6,0,0,0,100
2024/5/23 21:00,1006.6,85.6,0,21.3,4.6,0,0,0,100
2024/5/23 21:15,1006.6,86.2,0,21.1,4.7,0,0,0,100
2024/5/23 21:30,1006.6,86.1,0,21,4.7,0,0,0,100
2024/5/23 21:45,1006.6,86,0,20.8,4.8,0,0,0,100
2024/5/23 22:00,1006.6,86.3,0,20.7,4.8,0,0,0,100
2024/5/23 22:15,1006.6,86.7,0,20.5,4.8,0,0,0,100
2024/5/23 22:30,1006.6,87.3,0,20.3,4.8,0,0,0,100
2024/5/23 22:45,1006.6,87.8,0,20.2,4.8,0,0,0,100
2024/5/23 23:00,1006.6,88.1,0,20,4.8,0,0,0,100
2024/5/23 23:15,1006.6,88.4,0,19.9,4.7,0,0,0,100
2024/5/23 23:30,1006.6,88.7,0,19.8,4.6,0,0,0,100
2024/5/23 23:45,1006.6,88.8,0,19.7,4.5,0,0,0,100
2024/5/24 0:00,1006.6,86.9,0,20.3,2.8,0,0,0,100
2024/5/24 0:15,1006.6,86.9,0,20.2,2.8,0,0,0,100
2024/5/24 0:30,1006.6,87,0,20.1,2.8,0,0,0,100
2024/5/24 0:45,1006.6,87.1,0,20.1,2.8,0,0,0,100
2024/5/24 1:00,1006.6,87.4,0,20,2.7,0,0,0,100
2024/5/24 1:15,1006.6,88.1,0,19.9,2.7,0,0,0,100
2024/5/24 1:30,1006.6,89,0,19.8,2.6,0,0,0,100
2024/5/24 1:45,1006.6,89.7,0,19.6,2.6,0,0,0,100
2024/5/24 2:00,1006.6,89.8,0,19.5,2.5,0,0,0,100
2024/5/24 2:15,1006.6,89.8,0,19.5,2.5,0,0,0,100
2024/5/24 2:30,1006.6,89.8,0,19.5,2.4,0,0,0,100
2024/5/24 2:45,1006.6,89.9,0,19.5,2.4,0,0,0,100
2024/5/24 3:00,1006.6,90,0,19.4,2.4,0,0,0,100
2024/5/24 3:15,1006.6,89.9,0,19.4,2.3,0,0,0,100
2024/5/24 3:30,1006.6,90,0,19.4,2.3,0,0,0,100
2024/5/24 3:45,1006.6,90.2,0,19.3,2.3,0,0,0,100
2024/5/24 4:00,1006.6,90.6,0,19.3,2.2,0,0,0,100
2024/5/24 4:15,1006.6,91.1,0,19.2,2.2,0,0,0,100
2024/5/24 4:30,1006.6,92.2,0,19.2,2.1,0,0,0,100
2024/5/24 4:45,1006.6,92.5,0,19.2,2.1,0,0,0,100
2024/5/24 5:00,1006.6,91.6,0,19.2,2,2,1,0.51,100
2024/5/24 5:15,1006.6,91.3,0,19.2,2,21,9,1.41,100
2024/5/24 5:30,1006.6,91.3,0,19.2,2,42,18,2.7,100
2024/5/24 5:45,1006.6,91.1,0,19.3,2,63,42,5.5,100
2024/5/24 6:00,1006.6,90.6,0,19.4,2,85,64,8.27,100
2024/5/24 6:15,1006.6,89.9,0,19.6,2.1,107,98,11.72,100
2024/5/24 6:30,1006.6,88.6,0,19.8,2.1,132,126,15.82,100
2024/5/24 6:45,1006.6,86.6,0,20.1,2.1,159,137,16.43,100
2024/5/24 7:00,1006.6,84.8,0,20.4,2.2,190,152,18.76,100
2024/5/24 7:15,1006.6,83.1,0,20.7,2.2,224,149,16.17,100
2024/5/24 7:30,1006.6,82.2,0,20.9,2.3,262,200,21.48,100
2024/5/24 7:45,1006.6,81.9,0,21.2,2.4,304,206,30.57,100
2024/5/24 8:00,1006.6,82,0,21.4,2.5,349,466,52.07,100
2024/5/24 8:15,1006.6,81.9,0,21.5,2.7,397,381,52,100
2024/5/24 8:30,1006.6,82.1,0,21.7,2.8,446,372,43.12,100
2024/5/24 8:45,1006.6,81.8,0,21.8,3,496,288,39.06,100
2024/5/24 9:00,1006.6,81.2,0,22,3.2,545,222,28.01,100
2024/5/24 9:15,1006.6,80.8,0,22.2,3.3,591,240,44.28,100
2024/5/24 9:30,1006.6,80.6,0,22.3,3.5,635,553,61.92,100
2024/5/24 9:45,1006.6,80.8,0,22.3,3.7,673,751,88.95,100
2024/5/24 10:00,1006.6,82.6,0,22.1,3.9,707,765,91.85,100
2024/5/24 10:15,1006.6,84.4,0,21.8,4.1,738,785,96.7,100
2024/5/24 10:30,1006.6,84.7,0,21.7,4.3,765,814,75.86,100
2024/5/24 10:45,1006.6,84.5,0,21.8,4.5,788,839,98.32,100
2024/5/24 11:00,1006.6,84.9,0,21.7,4.7,807,859,98.89,100
2024/5/24 11:15,1006.6,84.9,0,21.7,4.9,821,868,98.89,100
2024/5/24 11:30,1006.6,85,0,21.6,5,832,873,98.89,100
2024/5/24 11:45,1006.6,85.7,0,21.5,5.2,839,879,98.94,100
2024/5/24 12:00,1006.6,86.2,0,21.5,5.3,842,876,99.23,100
2024/5/24 12:15,1006.6,86.5,0,21.4,5.5,842,876,99.02,100
2024/5/24 12:30,1006.6,86.3,0,21.4,5.7,838,869,98.84,100
2024/5/24 12:45,1006.6,85.9,0,21.5,5.8,830,868,99.59,100
2024/5/24 13:00,1006.6,86.1,0,21.4,6,820,880,99.59,100
2024/5/24 13:15,1006.6,86.3,0,21.3,6.1,807,848,99.59,100
2024/5/24 13:30,1006.6,86.2,0,21.4,6.2,790,835,98.57,100
2024/5/24 13:45,1006.6,86.1,0,21.4,6.3,770,791,95.99,100
2024/5/24 14:00,1006.6,85.9,0,21.4,6.3,746,788,93.94,100
2024/5/24 14:15,1006.6,85.2,0,21.4,6.3,719,738,89.95,100
2024/5/24 14:30,1006.6,84.6,0,21.4,6.3,689,704,85.44,100
2024/5/24 14:45,1006.6,84,0,21.5,6.3,655,670,80.94,100
2024/5/24 15:00,1006.6,83.6,0,21.5,6.3,618,633,75.87,100
2024/5/24 15:15,1006.6,83.4,0,21.5,6.2,578,590,69.33,100
2024/5/24 15:30,1006.6,82.7,0,21.5,6.2,536,553,63.79,100
2024/5/24 15:45,1006.6,82.2,0,21.5,6.1,491,495,55.73,100
2024/5/24 16:00,1006.6,81.5,0,21.5,6,443,468,52.15,100
2024/5/24 16:15,1006.6,80.5,0,21.6,6,393,422,45.57,100
2024/5/24 16:30,1006.6,79.9,0,21.6,5.9,343,365,36.89,100
2024/5/24 16:45,1006.6,79.4,0,21.7,5.8,294,283,29.29,100
2024/5/24 17:00,1006.6,79,0,21.8,5.6,247,223,23.66,100
2024/5/24 17:15,1006.6,78.6,0,21.8,5.5,204,170,18.44,100
2024/5/24 17:30,1006.6,78.4,0,21.8,5.4,164,133,14.91,100
2024/5/24 17:45,1006.6,78.8,0,21.8,5.2,129,133,15.06,100
2024/5/24 18:00,1006.6,79.4,0,21.7,5.1,98,134,14.77,100
2024/5/24 18:15,1006.6,79.7,0,21.7,5,72,84,8.85,100
2024/5/24 18:30,1006.6,80.3,0,21.8,4.9,49,45,5.18,100
2024/5/24 18:45,1006.6,80.9,0,21.8,4.8,29,26,2.88,100
2024/5/24 19:00,1006.6,81.5,0,21.8,4.7,12,8,1.09,100
2024/5/24 19:15,1006.6,82.4,0,21.8,4.6,0,0,0,100
2024/5/24 19:30,1006.6,83.3,0,21.8,4.5,0,0,0,100
2024/5/24 19:45,1006.6,83.4,0,21.7,4.4,0,0,0,100
2024/5/24 20:00,1006.6,83.7,0,21.8,4.3,0,0,0,100
2024/5/24 20:15,1006.6,83.6,0,21.8,4.2,0,0,0,100
2024/5/24 20:30,1006.6,83.8,0,21.7,4.2,0,0,0,100
2024/5/24 20:45,1006.6,82,0,21.7,4.2,0,0,0,100
2024/5/24 21:00,1006.6,77.3,0,21.6,4.1,0,0,0,100
2024/5/24 21:15,1006.6,75.7,0,21.6,4.1,0,0,0,100
2024/5/24 21:30,1006.6,73.1,0,21.5,4.1,0,0,0,100
2024/5/24 21:45,1006.6,70.7,0,21.3,4.1,0,0,0,100
2024/5/24 22:00,1006.6,71.8,0,21.1,4.1,0,0,0,100
2024/5/24 22:15,1006.6,73.2,0,20.9,4.1,0,0,0,100
2024/5/24 22:30,1006.6,74.7,0,20.8,4.1,0,0,0,100
2024/5/24 22:45,1006.6,76,0,20.6,4.1,0,0,0,100
2024/5/24 23:00,1006.6,77.1,0,20.5,4.1,0,0,0,100
2024/5/24 23:15,1006.6,78.1,0,20.3,4.1,0,0,0,100
2024/5/24 23:30,1006.6,79.5,0,20.2,4.2,0,0,0,100
2024/5/24 23:45,1006.6,80.9,0,20,4.2,0,0,0,100
2024/5/25 0:00,1006.6,88.7,0,19.6,3.8,0,0,0,100
2024/5/25 0:15,1006.6,89.4,0,19.5,3.8,0,0,0,100
2024/5/25 0:30,1006.6,90.1,0,19.4,3.8,0,0,0,100
2024/5/25 0:45,1006.6,90.8,0,19.3,3.7,0,0,0,100
2024/5/25 1:00,1006.6,91,0,19.2,3.7,0,0,0,100
2024/5/25 1:15,1006.6,91.4,0,19.1,3.7,0,0,0,100
2024/5/25 1:30,1006.6,91.8,0,19,3.7,0,0,0,100
2024/5/25 1:45,1006.6,92.4,0,19,3.6,0,0,0,100
2024/5/25 2:00,1006.6,92.9,0,18.9,3.6,0,0,0,100
2024/5/25 2:15,1006.6,93.4,0,18.8,3.5,0,0,0,100
2024/5/25 2:30,1006.6,93.9,0,18.7,3.5,0,0,0,100
2024/5/25 2:45,1006.6,94.4,0,18.7,3.5,0,0,0,100
2024/5/25 3:00,1006.6,94.9,0,18.6,3.4,0,0,0,100
2024/5/25 3:15,1006.6,95.4,0,18.6,3.4,0,0,0,100
2024/5/25 3:30,1006.6,96,0,18.5,3.4,0,0,0,100
2024/5/25 3:45,1006.6,96.4,0,18.4,3.3,0,0,0,100
2024/5/25 4:00,1006.6,96.8,0,18.3,3.3,0,0,0,100
2024/5/25 4:15,1006.6,97.1,0,18.3,3.3,0,0,0,100
2024/5/25 4:30,1006.6,97.3,0,18.2,3.3,0,0,0,100
2024/5/25 4:45,1006.6,97.6,0,18.2,3.3,0,0,0,100
2024/5/25 5:00,1006.6,97.9,0,18.1,3.3,1,0,0.01,100
2024/5/25 5:15,1006.6,98,0,18.1,3.4,16,6,1.39,100
2024/5/25 5:30,1006.6,98,0,18.1,3.4,38,22,3.5,100
2024/5/25 5:45,1006.6,97.9,0,18.1,3.4,66,28,5.13,100
2024/5/25 6:00,1006.6,97.5,0,18.2,3.5,100,39,5.91,100
2024/5/25 6:15,1006.6,97.1,0,18.2,3.5,137,48,6.93,100
2024/5/25 6:30,1006.6,96.6,0,18.3,3.6,178,43,8.62,100
2024/5/25 6:45,1006.6,96,0,18.3,3.6,220,62,10.77,100
2024/5/25 7:00,1006.6,95.2,0,18.4,3.7,263,70,12.13,100
2024/5/25 7:15,1006.6,94.2,0,18.6,3.7,307,73,14.82,100
2024/5/25 7:30,1006.6,93.2,0,18.7,3.8,351,105,14.1,100
2024/5/25 7:45,1006.6,91.8,0,18.9,3.9,394,128,21.61,100
2024/5/25 8:00,1006.6,90,0,19.1,3.9,438,149,28.5,100
2024/5/25 8:15,1006.6,88.6,0,19.4,4,480,144,29.21,100
2024/5/25 8:30,1006.6,87.2,0,19.6,4.1,521,204,29.49,100
2024/5/25 8:45,1006.6,85.1,0,20,4.2,561,203,37.31,100
2024/5/25 9:00,1006.6,82.5,0,20.3,4.2,599,144,29.08,100
2024/5/25 9:15,1006.6,80.7,0,20.7,4.3,636,332,56.2,100
2024/5/25 9:30,1006.6,79.5,0,20.9,4.4,672,471,52.13,100
2024/5/25 9:45,1006.6,78.7,0,21.2,4.5,706,361,49.79,100
2024/5/25 10:00,1006.6,77.7,0,21.4,4.6,737,433,51.66,100
2024/5/25 10:15,1006.6,77.1,0,21.6,4.6,765,504,58.78,100
2024/5/25 10:30,1006.6,76.6,0,21.8,4.7,790,481,58.35,100
2024/5/25 10:45,1006.6,75.7,0,22,4.8,811,483,65.56,100
2024/5/25 11:00,1006.6,73.9,0,22.3,4.9,829,494,70.61,100
2024/5/25 11:15,1006.6,73.1,0,22.5,5,844,589,64.1,100
2024/5/25 11:30,1006.6,72.9,0,22.7,5.1,854,497,62.19,100
2024/5/25 11:45,1006.6,72.6,0,22.9,5.1,861,989,67.95,100
2024/5/25 12:00,1006.6,71.6,0,23.1,5.2,864,465,55.57,100
2024/5/25 12:15,1006.6,70.1,0,23.3,5.2,863,746,70.96,100
2024/5/25 12:30,1006.6,69.2,0,23.4,5.3,858,538,74.22,100
2024/5/25 12:45,1006.6,68.7,0,23.5,5.3,850,609,73.34,100
2024/5/25 13:00,1006.6,67.6,0,23.7,5.4,840,1067,71.89,100
2024/5/25 13:15,1006.6,66.6,0,23.7,5.5,826,933,70.01,100
2024/5/25 13:30,1006.6,65.8,0,23.8,5.5,810,1009,88.92,100
2024/5/25 13:45,1006.6,65.5,0,23.9,5.6,790,933,95.5,100
2024/5/25 14:00,1006.6,65.5,0,23.9,5.7,766,849,99.66,100
2024/5/25 14:15,1006.6,64.8,0,24,5.7,740,849,99.64,100
2024/5/25 14:30,1006.6,64,0,24,5.8,709,822,97.2,100
2024/5/25 14:45,1006.6,63.1,0,24.1,5.9,675,458,45.6,100
2024/5/25 15:00,1006.6,63,0,24.1,6,638,793,88.26,100
2024/5/25 15:15,1006.6,63.1,0,24.1,6,598,725,81.92,100
2024/5/25 15:30,1006.6,62.9,0,24.1,6.1,555,651,72.99,100
2024/5/25 15:45,1006.6,63,0,24,6.2,509,619,69.93,100
2024/5/25 16:00,1006.6,62.6,0,23.9,6.2,459,575,56.76,100
2024/5/25 16:15,1006.6,62.1,0,23.9,6.3,408,546,54.43,100
2024/5/25 16:30,1006.6,62,0,23.7,6.3,356,497,44.93,100
2024/5/25 16:45,1006.6,62.7,0,23.6,6.4,305,232,23.99,100
2024/5/25 17:00,1006.6,63.6,0,23.4,6.4,257,174,29.12,100
2024/5/25 17:15,1006.6,64.4,0,23.1,6.5,212,345,17.9,100
2024/5/25 17:30,1006.6,65.1,0,22.9,6.5,171,149,15.44,100
2024/5/25 17:45,1006.6,66.2,0,22.6,6.5,135,111,13.85,100
2024/5/25 18:00,1006.6,67.5,0,22.3,6.6,103,100,10.01,100
2024/5/25 18:15,1006.6,68.8,0,22,6.6,75,58,5.58,100
2024/5/25 18:30,1006.6,70,0,21.7,6.6,52,26,3.15,100
2024/5/25 18:45,1006.6,70.6,0,21.3,6.6,31,19,2.3,100
2024/5/25 19:00,1006.6,71.3,0,21.1,6.6,13,5,0.87,100
2024/5/25 19:15,1006.6,72.2,0,20.8,6.7,0,0,0,100
2024/5/25 19:30,1006.6,73.3,0,20.5,6.7,0,0,0,100
2024/5/25 19:45,1006.6,74.3,0,20.3,6.7,0,0,0,100
2024/5/25 20:00,1006.6,75.5,0,20.1,6.7,0,0,0,100
2024/5/25 20:15,1006.6,76.9,0,19.9,6.7,0,0,0,100
2024/5/25 20:30,1006.5,78.3,0,19.7,6.7,0,0,0,100
2024/5/25 20:45,1006.5,79.4,0,19.6,6.7,0,0,0,100
2024/5/25 21:00,1006.5,80.5,0,19.4,6.7,0,0,0,100
2024/5/25 21:15,1006.5,81.4,0,19.3,6.7,0,0,0,100
2024/5/25 21:30,1006.5,82.3,0,19.1,6.7,0,0,0,100
2024/5/25 21:45,1006.5,83.1,0,19,6.7,0,0,0,100
2024/5/25 22:00,1006.5,84,0,18.9,6.7,0,0,0,100
2024/5/25 22:15,1006.5,84.8,0,18.8,6.7,0,0,0,100
2024/5/25 22:30,1006.5,85.5,0,18.7,6.8,0,0,0,100
2024/5/25 22:45,1006.5,86.2,0,18.6,6.8,0,0,0,100
2024/5/25 23:00,1006.5,86.9,0,18.5,6.8,0,0,0,100
2024/5/25 23:15,1006.5,87.5,0,18.4,6.8,0,0,0,100
2024/5/25 23:30,1006.5,88.1,0,18.3,6.8,0,0,0,100
2024/5/25 23:45,1006.5,88.7,0,18.2,6.8,0,0,0,100
2024/5/26 0:00,1006.5,92.4,0,18,7,0,0,0,100
2024/5/26 0:15,1006.5,93.2,0,17.9,7,0,0,0,100
2024/5/26 0:30,1006.5,93.9,0,17.8,6.9,0,0,0,100
2024/5/26 0:45,1006.5,94.4,0,17.8,6.9,0,0,0,100
2024/5/26 1:00,1006.5,94.7,0,17.7,6.8,0,0,0,100
2024/5/26 1:15,1006.5,95.1,0,17.7,6.8,0,0,0,100
2024/5/26 1:30,1006.5,95.5,0,17.7,6.7,0,0,0,100
2024/5/26 1:45,1006.5,96,0,17.7,6.7,0,0,0,100
2024/5/26 2:00,1006.5,96.5,0,17.7,6.6,0,0,0,100
2024/5/26 2:15,1006.5,96.9,0,17.7,6.5,0,0,0,100
2024/5/26 2:30,1006.5,97.4,0,17.7,6.4,0,0,0,100
2024/5/26 2:45,1006.5,98.1,0,17.7,6.3,0,0,0,100
2024/5/26 3:00,1006.5,98.4,0,17.6,6.2,0,0,0,100
2024/5/26 3:15,1006.5,98.5,0,17.8,6.1,0,0,0,100
2024/5/26 3:30,1006.5,98.6,0,17.8,6,0,0,0,100
2024/5/26 3:45,1006.5,98.7,0,17.9,5.9,0,0,0,100
2024/5/26 4:00,1006.5,98.6,0.1,17.9,5.8,0,0,0,100
2024/5/26 4:15,1006.5,98.5,0.2,18,5.7,0,0,0,100
2024/5/26 4:30,1006.5,98.4,0.1,18,5.6,0,0,0,100
2024/5/26 4:45,1006.5,98.2,0.2,18.1,5.5,0,0,0,100
2024/5/26 5:00,1006.5,97.9,0.4,18.2,5.4,2,0,0,100
2024/5/26 5:15,1006.5,97.5,0.4,18.3,5.3,16,2,0.44,100
2024/5/26 5:30,1006.5,97.3,0.4,18.3,5.2,37,7,0.95,100
2024/5/26 5:45,1006.5,97.1,0.4,18.4,5,64,6,0.99,100
2024/5/26 6:00,1006.5,97.4,0.5,18.3,4.9,95,6,1.1,100
2024/5/26 6:15,1006.5,98.1,0.2,18.3,4.8,131,16,2.65,100
2024/5/26 6:30,1006.5,98.1,0.2,18.4,4.7,169,16,2.3,100
2024/5/26 6:45,1006.5,97.7,0.3,18.5,4.7,208,25,4.02,100
2024/5/26 7:00,1006.5,97.5,0.5,18.6,4.6,248,72,8.39,100
2024/5/26 7:15,1006.5,97.4,0.1,18.7,4.4,289,25,4.29,100
2024/5/26 7:30,1006.5,96.8,0.1,18.8,4.3,330,28,4.82,100
2024/5/26 7:45,1006.5,96.3,0.2,18.9,4.2,370,10,1.52,100
2024/5/26 8:00,1006.5,96,0.2,19,4.2,409,14,2.33,100
2024/5/26 8:15,1006.5,95.6,0.1,19.2,4.1,447,28,3.77,100
2024/5/26 8:30,1006.5,95.2,0.1,19.3,4.1,484,21,2.75,100
2024/5/26 8:45,1006.5,94.6,0.2,19.4,4.1,519,25,2.69,100
2024/5/26 9:00,1006.5,94.4,0.5,19.5,4.1,553,39,3.09,100
2024/5/26 9:15,1006.5,94.4,0.8,19.6,4.2,585,14,2.11,100
2024/5/26 9:30,1006.5,94.9,0.7,19.6,4.2,616,26,2.59,100
2024/5/26 9:45,1006.5,95.2,0.5,19.6,4.1,645,36,3.59,100
2024/5/26 10:00,1006.5,95.2,0.4,19.6,4.1,671,36,5,100
2024/5/26 10:15,1006.5,95,0.3,19.7,4.1,694,27,3.77,100
2024/5/26 10:30,1006.5,94.5,0.6,19.8,4.1,713,36,6.83,100
2024/5/26 10:45,1006.5,93.1,0.5,19.9,4,729,157,22.8,100
2024/5/26 11:00,1006.5,93.3,0.5,20,4,741,228,24.9,100
2024/5/26 11:15,1006.5,93.6,0.4,20,4,751,207,12.51,100
2024/5/26 11:30,1006.5,93.6,0.4,20,4.1,757,134,12.94,100
2024/5/26 11:45,1006.5,93.9,0.3,20,4.1,760,143,24.72,100
2024/5/26 12:00,1006.5,93.6,0.3,20,4.1,760,481,73.33,100
2024/5/26 12:15,1006.5,92.9,0.3,20,4.2,759,1062,99.37,100
2024/5/26 12:30,1006.5,92.6,0.2,20,4.3,755,1021,98.32,100
2024/5/26 12:45,1006.5,92.6,0.1,20.1,4.3,749,953,99.52,100
2024/5/26 13:00,1006.5,92.4,0.1,20.1,4.4,742,1022,99.75,100
2024/5/26 13:15,1006.5,91.6,0.1,20.1,4.5,734,1008,99.79,100
2024/5/26 13:30,1006.5,90.3,0,20.1,4.6,724,1005,98.74,100
2024/5/26 13:45,1006.5,88.7,0,20.2,4.6,711,909,96.92,100
2024/5/26 14:00,1006.5,87.1,0,20.2,4.7,696,903,99.85,100
2024/5/26 14:15,1006.5,85.4,0,20.2,4.7,677,875,70.2,100
2024/5/26 14:30,1006.5,83.2,0,20.2,4.7,654,831,64.25,100
2024/5/26 14:45,1006.5,80.7,0,20.3,4.8,628,803,64.25,100
2024/5/26 15:00,1006.5,78.3,0,20.3,4.8,598,760,57.44,100
2024/5/26 15:15,1006.5,76.3,0,20.4,4.8,564,707,44.96,100
2024/5/26 15:30,1006.5,75,0,20.4,4.9,526,680,45.22,100
2024/5/26 15:45,1006.5,73.8,0,20.4,5,484,639,68.32,100
2024/5/26 16:00,1006.5,73.2,0,20.5,5,438,595,65.39,100
2024/5/26 16:15,1006.5,72.8,0,20.5,5.1,390,548,58.34,100
2024/5/26 16:30,1006.5,72.2,0,20.5,5.2,341,504,50.99,100
2024/5/26 16:45,1006.5,71.4,0,20.5,5.3,293,449,43.36,100
2024/5/26 17:00,1006.5,70.8,0,20.5,5.3,247,398,36.2,100
2024/5/26 17:15,1006.5,70.3,0,20.5,5.4,204,342,28.4,100
2024/5/26 17:30,1006.5,69.8,0,20.5,5.4,165,289,21.39,100
2024/5/26 17:45,1006.5,69.4,0,20.5,5.4,130,226,14.47,100
2024/5/26 18:00,1006.5,68.5,0,20.6,5.4,99,171,9.52,100
2024/5/26 18:15,1006.5,67.1,0,20.6,5.4,73,115,5.99,100
2024/5/26 18:30,1006.5,65.4,0,20.6,5.4,50,72,4.5,100
2024/5/26 18:45,1006.5,64.6,0,20.6,5.4,31,24,2.84,100
2024/5/26 19:00,1006.5,64.6,0,20.6,5.3,13,12,1.63,100
2024/5/26 19:15,1006.5,64.7,0,20.6,5.3,0,0,0,100
2024/5/26 19:30,1006.5,64.6,0,20.6,5.3,0,0,0,100
2024/5/26 19:45,1006.5,64.9,0,20.5,5.3,0,0,0,100
2024/5/26 20:00,1006.5,65.5,0,20.5,5.3,0,0,0,100
2024/5/26 20:15,1006.5,66.1,0,20.5,5.2,0,0,0,100
2024/5/26 20:30,1006.5,66.5,0,20.5,5.2,0,0,0,100
2024/5/26 20:45,1006.5,67.4,0,20.5,5.1,0,0,0,100
2024/5/26 21:00,1006.5,68.6,0,20.4,5.1,0,0,0,100
2024/5/26 21:15,1006.5,69.8,0,20.4,5,0,0,0,100
2024/5/26 21:30,1006.5,70.9,0,20.3,4.9,0,0,0,100
2024/5/26 21:45,1006.5,71.6,0,20.2,4.8,0,0,0,100
2024/5/26 22:00,1006.5,72.8,0,20.2,4.7,0,0,0,100
2024/5/26 22:15,1006.5,73.1,0,20.1,4.6,0,0,0,100
2024/5/26 22:30,1006.5,74.7,0,20,4.5,0,0,0,100
2024/5/26 22:45,1006.5,75.5,0,20,4.4,0,0,0,100
2024/5/26 23:00,1006.5,75.8,0,19.9,4.3,0,0,0,100
2024/5/26 23:15,1006.5,76.2,0,19.9,4.2,0,0,0,100
2024/5/26 23:30,1006.5,76.9,0,19.8,4.1,0,0,0,100
2024/5/26 23:45,1006.5,78.3,0,19.7,4,0,0,0,100
2024/5/27 0:00,1006.5,80.3,0,18.4,2.9,0,0,0,100
2024/5/27 0:15,1006.5,81.2,0,18.2,2.9,0,0,0,100
2024/5/27 0:30,1006.5,81.9,0,18,2.8,0,0,0,100
2024/5/27 0:45,1006.5,82.6,0,17.8,2.7,0,0,0,100
2024/5/27 1:00,1006.5,82.3,0,17.7,2.7,0,0,0,100
2024/5/27 1:15,1006.5,82.4,0,17.6,2.7,0,0,0,100
2024/5/27 1:30,1006.5,83,0,17.4,2.6,0,0,0,100
2024/5/27 1:45,1006.5,83.5,0,17.3,2.6,0,0,0,100
2024/5/27 2:00,1006.5,84,0,17.3,2.6,0,0,0,100
2024/5/27 2:15,1006.5,84.7,0,17.1,2.5,0,0,0,100
2024/5/27 2:30,1006.5,85.7,0,16.9,2.5,0,0,0,100
2024/5/27 2:45,1006.5,85.6,0,16.9,2.4,0,0,0,100
2024/5/27 3:00,1006.5,85.4,0,16.9,2.4,0,0,0,100
2024/5/27 3:15,1006.5,85.9,0,16.9,2.4,0,0,0,100
2024/5/27 3:30,1006.5,86.6,0,16.8,2.4,0,0,0,100
2024/5/27 3:45,1006.5,87,0,16.8,2.3,0,0,0,100
2024/5/27 4:00,1006.5,86.8,0,16.7,2.3,0,0,0,100
2024/5/27 4:15,1006.5,86.4,0,16.7,2.2,0,0,0,100
2024/5/27 4:30,1006.5,86.2,0,16.7,2.2,0,0,0,100
2024/5/27 4:45,1006.5,86.2,0,16.7,2.1,0,0,0,100
2024/5/27 5:00,1006.5,86.2,0,16.8,2.1,1,9,1.37,100
2024/5/27 5:15,1006.5,85.9,0,16.9,2.1,12,34,3.3,100
2024/5/27 5:30,1006.5,86,0,17,2.1,27,60,6.05,100
2024/5/27 5:45,1006.5,86.4,0,17,2.2,47,109,9.75,100
2024/5/27 6:00,1006.5,86.6,0,17.1,2.2,70,155,12.7,100
2024/5/27 6:15,1006.5,86.6,0,17.2,2.3,97,229,19.67,100
2024/5/27 6:30,1006.5,86.8,0,17.4,2.4,125,175,17.5,100
2024/5/27 6:45,1006.5,87,0,17.6,2.4,155,186,19.82,100
2024/5/27 7:00,1006.5,86.6,0,17.9,2.5,186,318,32.58,100
2024/5/27 7:15,1006.5,85.7,0,18.4,2.6,217,390,42.53,100
2024/5/27 7:30,1006.5,84.6,0,18.8,2.6,249,475,50.62,100
2024/5/27 7:45,1006.5,83.3,0,19.2,2.7,281,501,54.41,100
2024/5/27 8:00,1006.5,81.9,0,19.4,2.8,313,558,59.58,100
2024/5/27 8:15,1006.5,80.2,0,19.7,2.9,345,530,64.01,100
2024/5/27 8:30,1006.5,77.7,0,19.9,3,376,549,67.46,100
2024/5/27 8:45,1006.5,75.5,0,20.1,3,407,681,78.38,100
2024/5/27 9:00,1006.5,74.5,0,20.2,3.1,438,616,70.38,100
2024/5/27 9:15,1006.6,74.2,0,20.2,3.2,469,602,81.02,100
2024/5/27 9:30,1006.6,73.3,0,20.2,3.2,500,590,61.87,100
2024/5/27 9:45,1006.6,72.6,0,20.3,3.3,531,545,70.78,100
2024/5/27 10:00,1006.6,72.6,0,20.3,3.4,562,608,71.1,100
2024/5/27 10:15,1006.6,72.6,0,20.3,3.5,593,633,73.44,100
2024/5/27 10:30,1006.6,72.8,0,20.3,3.6,623,569,70.99,100
2024/5/27 10:45,1006.6,72.5,0,20.3,3.7,651,622,87.03,100
2024/5/27 11:00,1006.6,72.4,0,20.3,3.7,678,699,75.86,100
2024/5/27 11:15,1006.6,73.2,0,20.2,3.8,702,840,98.84,100
2024/5/27 11:30,1006.5,74.6,0,20.2,3.8,723,1068,99.83,100
2024/5/27 11:45,1006.5,75.2,0,20.1,3.8,741,981,99.93,100
2024/5/27 12:00,1006.5,74.7,0,20.1,3.8,755,943,99.98,100
2024/5/27 12:15,1006.5,73.4,0,20.1,3.8,764,962,99.92,100
2024/5/27 12:30,1006.5,71.8,0,20.2,3.8,769,877,99.62,100
2024/5/27 12:45,1006.5,69.9,0,20.3,3.8,768,954,99.62,100
2024/5/27 13:00,1006.5,68.1,0,20.3,3.8,764,984,100,100
2024/5/27 13:15,1006.5,66.9,0,20.4,3.8,756,903,96.2,100
2024/5/27 13:30,1006.5,66.5,0,20.4,3.8,744,1019,96.69,100
2024/5/27 13:45,1006.5,66.2,0,20.5,3.7,729,982,96.69,100
2024/5/27 14:00,1006.5,65.4,0,20.5,3.7,709,949,99.95,100
2024/5/27 14:15,1006.5,64,0,20.6,3.7,686,894,98.79,100
2024/5/27 14:30,1006.5,62.4,0,20.7,3.6,660,858,99.39,100
2024/5/27 14:45,1006.5,61,0,20.8,3.5,630,817,96.86,100
2024/5/27 15:00,1006.5,60.2,0,20.9,3.5,596,783,93.21,100
2024/5/27 15:15,1006.5,59.3,0,20.9,3.4,560,736,87.17,100
2024/5/27 15:30,1006.5,58.5,0,21,3.3,521,698,81.44,100
2024/5/27 15:45,1006.5,57.6,0,21,3.3,479,674,74.9,100
2024/5/27 16:00,1006.5,56.8,0,21.1,3.2,434,620,65.89,100
2024/5/27 16:15,1006.5,56.1,0,21.1,3.1,387,539,55.97,100
2024/5/27 16:30,1006.5,55.2,0,21.1,3,340,527,53.78,100
2024/5/27 16:45,1006.5,53.6,0,21.2,2.9,293,462,44.57,100
2024/5/27 17:00,1006.5,52,0,21.3,2.8,248,412,37.8,100
2024/5/27 17:15,1006.5,51.1,0,21.3,2.7,206,348,28.85,100
2024/5/27 17:30,1006.5,50.5,0,21.3,2.7,167,292,21.91,100
2024/5/27 17:45,1006.6,50,0,21.4,2.6,133,231,14.95,100
2024/5/27 18:00,1006.6,49.7,0,21.4,2.5,102,179,9.89,100
2024/5/27 18:15,1006.6,49.6,0,21.3,2.4,76,121,5.85,100
2024/5/27 18:30,1006.6,49.4,0,21.2,2.4,53,76,4.29,100
2024/5/27 18:45,1006.6,49.4,0,21.2,2.3,33,22,2.95,100
2024/5/27 19:00,1006.6,49.8,0,21.1,2.2,15,11,1.68,100
2024/5/27 19:15,1006.6,50.7,0,21,2.2,1,0,0,100
2024/5/27 19:30,1006.6,51.6,0,20.9,2.1,0,0,0,100
2024/5/27 19:45,1006.6,52.2,0,20.9,2.1,0,0,0,100
2024/5/27 20:00,1006.6,52.2,0,20.8,2,0,0,0,100
2024/5/27 20:15,1006.6,51.8,0,20.7,2,0,0,0,100
2024/5/27 20:30,1006.6,51.4,0,20.7,2,0,0,0,100
2024/5/27 20:45,1006.5,51.1,0,20.6,1.9,0,0,0,100
2024/5/27 21:00,1006.5,50.9,0,20.5,1.9,0,0,0,100
2024/5/27 21:15,1006.5,51.1,0,20.3,1.9,0,0,0,100
2024/5/27 21:30,1006.5,51.9,0,20.2,1.9,0,0,0,100
2024/5/27 21:45,1006.5,52.9,0,20,1.9,0,0,0,100
2024/5/27 22:00,1006.5,53.6,0,19.8,1.9,0,0,0,100
2024/5/27 22:15,1006.5,53.8,0,19.7,1.9,0,0,0,100
2024/5/27 22:30,1006.5,53.8,0,19.6,1.9,0,0,0,100
2024/5/27 22:45,1006.5,54,0,19.5,2,0,0,0,100
2024/5/27 23:00,1006.5,54.2,0,19.3,2,0,0,0,100
2024/5/27 23:15,1006.5,54.2,0,19.1,2,0,0,0,100
2024/5/27 23:30,1006.5,54.2,0,19,2.1,0,0,0,100
2024/5/27 23:45,1006.5,54.4,0,18.9,2.1,0,0,0,100
2024/5/28 0:00,1006.5,48.5,0,18.2,1.7,0,0,0,100
2024/5/28 0:15,1006.5,47.3,0,18.1,1.7,0,0,0,100
2024/5/28 0:30,1006.5,46.6,0,18.1,1.8,0,0,0,100
2024/5/28 0:45,1006.5,46.5,0,17.9,1.8,0,0,0,100
2024/5/28 1:00,1006.5,46.5,0,17.7,1.9,0,0,0,100
2024/5/28 1:15,1006.5,46.7,0,17.6,1.9,0,0,0,100
2024/5/28 1:30,1006.5,47.7,0,17.5,1.9,0,0,0,100
2024/5/28 1:45,1006.5,49.5,0,17.3,2,0,0,0,100
2024/5/28 2:00,1006.5,51.6,0,17.2,2,0,0,0,100
2024/5/28 2:15,1006.5,53.8,0,17,2.1,0,0,0,100
2024/5/28 2:30,1006.5,56,0,16.9,2.1,0,0,0,100
2024/5/28 2:45,1006.5,58.3,0,16.7,2.1,0,0,0,100
2024/5/28 3:00,1006.5,61,0,16.6,2.2,0,0,0,100
2024/5/28 3:15,1006.5,63.4,0,16.4,2.2,0,0,0,100
2024/5/28 3:30,1006.5,64.9,0,16.3,2.3,0,0,0,100
2024/5/28 3:45,1006.5,65.5,0,16.2,2.3,0,0,0,100
2024/5/28 4:00,1006.5,65.8,0,16.1,2.3,0,0,0,100
2024/5/28 4:15,1006.5,65.7,0,16,2.3,0,0,0,100
2024/5/28 4:30,1006.5,65.8,0,16,2.3,0,0,0,100
2024/5/28 4:45,1006.5,66,0,15.9,2.2,0,0,0,100
2024/5/28 5:00,1006.5,66,0,15.9,2.2,0,8,1.41,100
2024/5/28 5:15,1006.5,66,0,15.9,2.2,3,29,3.05,100
2024/5/28 5:30,1006.5,65.8,0,15.9,2.1,6,60,4.56,100
2024/5/28 5:45,1006.5,65.5,0,15.9,2.1,10,102,6.64,100
2024/5/28 6:00,1006.5,65.1,0,16,2,15,141,9.48,100
2024/5/28 6:15,1006.5,64.8,0,16.2,2,22,197,14.87,100
2024/5/28 6:30,1006.5,64.8,0,16.5,1.9,29,246,19.9,100
2024/5/28 6:45,1006.5,65,0,16.8,1.8,36,308,27.59,100
2024/5/28 7:00,1006.5,65.1,0,17.2,1.8,44,360,34.51,100
2024/5/28 7:15,1006.5,64.9,0,17.6,1.7,51,419,42.34,100
2024/5/28 7:30,1006.5,64.1,0,18.2,1.7,58,469,49.26,100
2024/5/28 7:45,1006.5,61.5,0,18.7,1.6,65,523,57.12,100
2024/5/28 8:00,1006.5,59.3,0,19.2,1.6,72,568,63.49,100
2024/5/28 8:15,1006.6,57.8,0,19.6,1.6,80,615,70.51,100
2024/5/28 8:30,1006.6,56.5,0,20.1,1.7,90,655,76.22,100
2024/5/28 8:45,1006.6,54,0,20.6,1.7,102,688,81.71,100
2024/5/28 9:00,1006.6,51.6,0,21,1.7,116,717,86.45,100
2024/5/28 9:15,1006.6,49.4,0,21.4,1.7,135,750,90.68,100
2024/5/28 9:30,1006.6,47.3,0,21.6,1.8,158,766,94.99,100
2024/5/28 9:45,1006.6,45.5,0,21.8,1.8,187,825,98.38,100
2024/5/28 10:00,1006.6,44,0,21.9,1.9,223,838,98.38,100
2024/5/28 10:15,1006.6,42.9,0,22,1.9,268,918,98.38,100
2024/5/28 10:30,1006.6,42.3,0,21.9,2,318,955,98.38,100
2024/5/28 10:45,1006.6,42.2,0,21.8,2,373,991,98.38,100
2024/5/28 11:00,1006.6,42.5,0,21.5,2.1,431,1002,98.38,100
2024/5/28 11:15,1006.6,42.6,0,21.4,2.2,489,1014,98.38,100
2024/5/28 11:30,1006.6,42.1,0,21.4,2.2,545,1023,98.38,100
2024/5/28 11:45,1006.6,41.8,0,21.4,2.3,598,1027,98.38,100
2024/5/28 12:00,1006.6,41.4,0,21.4,2.4,646,1021,99.68,100
2024/5/28 12:15,1006.6,40.9,0,21.4,2.4,686,1017,99.68,100
2024/5/28 12:30,1006.6,40.4,0,21.5,2.5,715,1020,99.68,100
2024/5/28 12:45,1006.6,39.7,0,21.7,2.5,735,1006,99.68,100
2024/5/28 13:00,1006.6,38.9,0,21.8,2.6,746,996,99.68,100
2024/5/28 13:15,1006.6,38.2,0,21.9,2.6,752,1001,99.68,100
2024/5/28 13:30,1006.6,37.5,0,22,2.6,751,980,99.9,100
2024/5/28 13:45,1006.6,36.8,0,22.1,2.6,744,895,99.72,100
2024/5/28 14:00,1006.6,36.1,0,22.3,2.5,731,875,99.33,100
2024/5/28 14:15,1006.6,35.6,0,22.4,2.5,713,856,92.43,100
2024/5/28 14:30,1006.6,35.2,0,22.6,2.4,690,804,90.43,100
2024/5/28 14:45,1006.6,34.9,0,22.8,2.4,662,732,97.22,100
2024/5/28 15:00,1006.6,34.7,0,23,2.3,630,774,90.08,100
2024/5/28 15:15,1006.6,34.5,0,23.2,2.3,594,714,83.63,100
2024/5/28 15:30,1006.6,34.4,0,23.4,2.3,555,676,77.91,100
2024/5/28 15:45,1006.6,34.5,0,23.7,2.2,514,633,70.95,100
2024/5/28 16:00,1006.6,34.7,0,23.9,2.2,468,594,64.66,100
2024/5/28 16:15,1006.6,35,0,24.1,2.3,418,541,56.91,100
2024/5/28 16:30,1006.6,35.5,0,24.3,2.3,368,497,50.37,100
2024/5/28 16:45,1006.6,36.1,0,24.5,2.3,317,437,42,100
2024/5/28 17:00,1006.6,37,0,24.6,2.3,269,389,35.62,100
2024/5/28 17:15,1006.6,38.3,0,24.6,2.3,223,326,27.86,100
2024/5/28 17:30,1006.6,40,0,24.7,2.4,182,272,21.65,100
2024/5/28 17:45,1006.6,41.9,0,24.6,2.4,144,212,15.21,100
2024/5/28 18:00,1006.6,44.4,0,24.4,2.5,111,164,10.78,100
2024/5/28 18:15,1006.6,47.7,0,24.2,2.6,83,105,6.82,100
2024/5/28 18:30,1006.6,51.8,0,23.8,2.6,58,68,4.99,100
2024/5/28 18:45,1006.6,54.7,0,23.3,2.8,36,22,3.15,100
2024/5/28 19:00,1006.6,56,0,22.9,2.9,17,9,1.63,100
2024/5/28 19:15,1006.6,57.3,0,22.5,3,1,0,0,100
2024/5/28 19:30,1006.6,58,0,22.2,3.1,0,0,0,100
2024/5/28 19:45,1006.6,58.1,0,21.9,3.2,0,0,0,100
2024/5/28 20:00,1006.6,58.4,0,21.6,3.3,0,0,0,100
2024/5/28 20:15,1006.6,59.2,0,21.3,3.5,0,0,0,100
2024/5/28 20:30,1006.6,60.6,0,21,3.6,0,0,0,100
2024/5/28 20:45,1006.6,61.9,0,20.7,3.7,0,0,0,100
2024/5/28 21:00,1006.6,63,0,20.5,3.8,0,0,0,100
2024/5/28 21:15,1006.6,64.8,0,20.2,3.9,0,0,0,100
2024/5/28 21:30,1006.6,66.8,0,20,4,0,0,0,100
2024/5/28 21:45,1006.6,69,0,19.8,4.1,0,0,0,100
2024/5/28 22:00,1006.6,72.1,0,19.6,4.2,0,0,0,100
2024/5/28 22:15,1006.6,75.2,0,19.4,4.2,0,0,0,100
2024/5/28 22:30,1006.6,77,0,19.2,4.3,0,0,0,100
2024/5/28 22:45,1006.6,78,0,19.1,4.3,0,0,0,100
2024/5/28 23:00,1006.6,79,0,18.9,4.4,0,0,0,100
2024/5/28 23:15,1006.6,80,0,18.8,4.4,0,0,0,100
2024/5/28 23:30,1006.6,80.7,0,18.6,4.5,0,0,0,100
2024/5/28 23:45,1006.6,81.1,0,18.5,4.5,0,0,0,100
2024/5/29 0:00,1006.6,80.2,0,18.6,4.2,0,0,0,100
2024/5/29 0:15,1006.6,81.5,0,18.4,4.2,0,0,0,100
2024/5/29 0:30,1006.6,81.9,0,18.3,4.2,0,0,0,100
2024/5/29 0:45,1006.6,82,0,18.3,4.3,0,0,0,100
2024/5/29 1:00,1006.5,82.5,0,18.1,4.3,0,0,0,100
2024/5/29 1:15,1006.5,82.6,0,18,4.3,0,0,0,100
2024/5/29 1:30,1006.5,82.5,0,17.9,4.3,0,0,0,100
2024/5/29 1:45,1006.5,82.3,0,17.8,4.3,0,0,0,100
2024/5/29 2:00,1006.5,82.4,0,17.7,4.3,0,0,0,100
2024/5/29 2:15,1006.5,82.2,0,17.6,4.4,0,0,0,100
2024/5/29 2:30,1006.5,81.8,0,17.5,4.4,0,0,0,100
2024/5/29 2:45,1006.5,81.5,0,17.4,4.4,0,0,0,100
2024/5/29 3:00,1006.5,81.1,0,17.3,4.4,0,0,0,100
2024/5/29 3:15,1006.5,80.6,0,17.2,4.5,0,0,0,100
2024/5/29 3:30,1006.5,80.1,0,17.1,4.5,0,0,0,100
2024/5/29 3:45,1006.5,79.5,0,17,4.5,0,0,0,100
2024/5/29 4:00,1006.5,79,0,16.8,4.5,0,0,0,100
2024/5/29 4:15,1006.5,78.5,0,16.7,4.6,0,0,0,100
2024/5/29 4:30,1006.5,77.9,0,16.6,4.6,0,0,0,100
2024/5/29 4:45,1006.5,77.4,0,16.5,4.7,0,0,0,100
2024/5/29 5:00,1006.5,77.1,0,16.5,4.7,2,14,1.82,100
2024/5/29 5:15,1006.5,76.8,0,16.4,4.7,17,34,3.99,100
2024/5/29 5:30,1006.5,76.4,0,16.4,4.7,37,53,6.03,100
2024/5/29 5:45,1006.5,75.7,0,16.5,4.8,62,107,10.48,100
2024/5/29 6:00,1006.5,74.7,0,16.7,4.8,93,76,9.43,100
2024/5/29 6:15,1006.5,73.4,0,17,4.9,127,144,9.11,100
2024/5/29 6:30,1006.5,72,0,17.4,4.9,164,206,20.39,100
2024/5/29 6:45,1006.5,70.3,0,17.8,5,201,323,31.61,100
2024/5/29 7:00,1006.5,68.2,0,18.2,5,240,292,37.78,100
2024/5/29 7:15,1006.5,66.2,0,18.6,5.1,280,416,36.76,100
2024/5/29 7:30,1006.6,64.8,0,18.9,5.2,320,517,59.99,100
2024/5/29 7:45,1006.6,63.8,0,19.3,5.2,360,586,52.75,100
2024/5/29 8:00,1006.6,62.7,0,19.6,5.3,399,395,62.2,100
2024/5/29 8:15,1006.6,61.1,0,20,5.4,438,268,27.7,100
2024/5/29 8:30,1006.6,59,0,20.4,5.5,475,323,35.34,100
2024/5/29 8:45,1006.6,57.1,0,20.7,5.6,511,757,76.64,100
2024/5/29 9:00,1006.6,55.5,0,21.1,5.7,545,824,81.16,100
2024/5/29 9:15,1006.6,54.3,0,21.4,5.9,578,388,47.48,100
2024/5/29 9:30,1006.6,52.5,0,21.7,6,609,766,71.14,100
2024/5/29 9:45,1006.6,50.5,0,22,6.1,638,856,99.34,100
2024/5/29 10:00,1006.6,48.8,0,22.3,6.2,663,878,99.34,100
2024/5/29 10:15,1006.6,47,0,22.5,6.3,685,922,99.34,100
2024/5/29 10:30,1006.6,45.4,0,22.7,6.4,702,964,99.34,100
2024/5/29 10:45,1006.6,43.8,0,22.9,6.5,716,1013,99.76,100
2024/5/29 11:00,1006.6,43.1,0,23,6.6,727,1004,99.8,100
2024/5/29 11:15,1006.6,41.7,0,23.2,6.7,734,1018,99.8,100
2024/5/29 11:30,1006.6,39.7,0,23.3,6.8,739,990,98.97,100
2024/5/29 11:45,1006.6,38.1,0,23.5,6.9,741,1073,99.91,100
2024/5/29 12:00,1006.6,38,0,23.5,7,742,1035,99.98,100
2024/5/29 12:15,1006.6,38,0,23.6,7,741,1033,100,100
2024/5/29 12:30,1006.6,37.5,0,23.6,7.1,739,922,100,100
2024/5/29 12:45,1006.6,37.6,0,23.7,7.2,736,1070,99.82,100
2024/5/29 13:00,1006.6,37.5,0,23.7,7.2,734,1007,99.82,100
2024/5/29 13:15,1006.6,36.5,0,23.8,7.3,732,895,99.82,100
2024/5/29 13:30,1006.6,36.6,0,23.8,7.3,729,942,93.76,100
2024/5/29 13:45,1006.6,37.2,0,23.8,7.4,724,939,99.82,100
2024/5/29 14:00,1006.6,36.9,0,23.9,7.4,716,897,99.66,100
2024/5/29 14:15,1006.6,36.8,0,23.9,7.4,704,862,98.94,100
2024/5/29 14:30,1006.6,36.6,0,23.9,7.4,688,780,94.87,100
2024/5/29 14:45,1006.6,36.9,0,23.9,7.4,667,784,93.29,100
2024/5/29 15:00,1006.6,38.1,0,23.7,7.4,641,717,85.03,100
2024/5/29 15:15,1006.6,38.6,0,23.6,7.4,610,572,68.77,100
2024/5/29 15:30,1006.6,39.5,0,23.5,7.4,573,524,65.66,100
2024/5/29 15:45,1006.6,40.2,0,23.3,7.3,531,652,71.91,100
2024/5/29 16:00,1006.6,40.9,0,23.1,7.2,483,535,49.82,100
2024/5/29 16:15,1006.6,39.9,0,22.9,7.2,432,491,57.18,100
2024/5/29 16:30,1006.6,39.7,0,22.8,7.1,380,511,51.2,100
2024/5/29 16:45,1006.6,40.4,0,22.5,7,328,273,25.51,100
2024/5/29 17:00,1006.6,41.9,0,22.3,7,278,317,26.92,100
2024/5/29 17:15,1006.6,43.6,0,22.1,6.9,231,205,22.04,100
2024/5/29 17:30,1006.6,45.3,0,21.8,6.8,188,142,15.32,100
2024/5/29 17:45,1006.6,47.5,0,21.5,6.8,149,109,13.18,100
2024/5/29 18:00,1006.6,50.5,0,21.2,6.7,115,84,9.96,100
2024/5/29 18:15,1006.6,53.9,0,20.8,6.6,85,51,6.03,100
2024/5/29 18:30,1006.6,55.9,0,20.5,6.5,60,29,3.36,100
2024/5/29 18:45,1006.6,58.3,0,20.2,6.5,38,14,1.9,100
2024/5/29 19:00,1006.6,60.3,0,19.9,6.4,18,4,0.91,100
2024/5/29 19:15,1006.6,61.5,0,19.7,6.4,1,0,0,100
2024/5/29 19:30,1006.6,62.2,0,19.5,6.3,0,0,0,100
2024/5/29 19:45,1006.5,62.9,0,19.3,6.2,0,0,0,100
2024/5/29 20:00,1006.5,63.6,0,19.2,6.2,0,0,0,100
2024/5/29 20:15,1006.5,64,0,19,6.1,0,0,0,100
2024/5/29 20:30,1006.5,65.1,0,18.8,6.1,0,0,0,100
2024/5/29 20:45,1006.5,66.5,0,18.7,6.1,0,0,0,100
2024/5/29 21:00,1006.5,67.7,0,18.6,6.1,0,0,0,100
2024/5/29 21:15,1006.5,68.4,0,18.5,6.1,0,0,0,100
2024/5/29 21:30,1006.5,68.9,0,18.4,6.1,0,0,0,100
2024/5/29 21:45,1006.5,69.6,0,18.3,6.1,0,0,0,100
2024/5/29 22:00,1006.5,70.4,0,18.2,6.2,0,0,0,100
2024/5/29 22:15,1006.5,71.3,0,18.1,6.2,0,0,0,100
2024/5/29 22:30,1006.5,72.2,0,18,6.3,0,0,0,100
2024/5/29 22:45,1006.5,73.1,0,18,6.3,0,0,0,100
2024/5/29 23:00,1006.5,73.9,0,17.9,6.4,0,0,0,100
2024/5/29 23:15,1006.5,74.8,0,17.8,6.4,0,0,0,100
2024/5/29 23:30,1006.5,75.9,0,17.8,6.4,0,0,0,100
2024/5/29 23:45,1006.5,77,0,17.7,6.5,0,0,0,100
2024/5/31 0:00,1006.5,91.3,0,19.5,6.2,0,0,0,100
2024/5/31 0:15,1006.5,91.7,0,19.4,6.1,0,0,0,100
2024/5/31 0:30,1006.5,92.2,0,19.3,6,0,0,0,100
2024/5/31 0:45,1006.5,92.7,0,19.2,5.8,0,0,0,100
2024/5/31 1:00,1006.5,93.2,0,19.2,5.7,0,0,0,100
2024/5/31 1:15,1006.5,93.8,0,19.1,5.6,0,0,0,100
2024/5/31 1:30,1006.5,94.5,0,19,5.5,0,0,0,100
2024/5/31 1:45,1006.5,95.2,0,19,5.4,0,0,0,100
2024/5/31 2:00,1006.5,95.8,0,18.9,5.3,0,0,0,100
2024/5/31 2:15,1006.5,96.5,0,18.8,5.2,0,0,0,100
2024/5/31 2:30,1006.5,97.1,0,18.7,5.1,0,0,0,100
2024/5/31 2:45,1006.5,97.7,0,18.7,5,0,0,0,100
2024/5/31 3:00,1006.5,98.2,0,18.6,5,0,0,0,100
2024/5/31 3:15,1006.5,98.8,0,18.6,4.9,0,0,0,100
2024/5/31 3:30,1006.5,99.1,0,18.6,4.8,0,0,0,100
2024/5/31 3:45,1006.5,99.3,0,18.5,4.8,0,0,0,100
2024/5/31 4:00,1006.5,99.5,0,18.5,4.7,0,0,0,100
2024/5/31 4:15,1006.5,99.6,0,18.6,4.7,0,0,0,100
2024/5/31 4:30,1006.5,99.7,0,18.6,4.6,0,0,0,100
2024/5/31 4:45,1006.5,99.8,0,18.6,4.5,0,0,0,100
2024/5/31 5:00,1006.5,99.8,0,18.6,4.5,3,11,1.49,100
2024/5/31 5:15,1006.5,99.9,0,18.6,4.4,20,29,3.27,100
2024/5/31 5:30,1006.5,99.8,0,18.6,4.3,43,51,5.12,100
2024/5/31 5:45,1006.5,99.8,0,18.6,4.3,73,81,7.5,100
2024/5/31 6:00,1006.5,99.9,0,18.7,4.3,108,115,10.15,100
2024/5/31 6:15,1006.5,100,0,18.7,4.3,148,165,14.68,100
2024/5/31 6:30,1006.5,100,0,18.8,4.4,190,208,18.96,100
2024/5/31 6:45,1006.5,100,0,18.8,4.5,234,256,24.15,100
2024/5/31 7:00,1006.5,100,0,18.9,4.6,278,313,30.81,100
2024/5/31 7:15,1006.5,100,0,18.9,4.7,323,373,38.08,100
2024/5/31 7:30,1006.5,100,0,19.1,4.8,369,421,44.53,100
2024/5/31 7:45,1006.6,99.7,0,19.3,4.9,414,477,51.34,100
2024/5/31 8:00,1006.6,96.5,0,19.9,5,458,548,62.3,100
2024/5/31 8:15,1006.6,91.9,0,20.6,5.1,501,645,40.17,100
2024/5/31 8:30,1006.6,87.8,0,21.2,5.2,543,658,57.1,100
2024/5/31 8:45,1006.6,83.1,0,21.6,5.3,583,642,78.35,100
2024/5/31 9:00,1006.6,81.2,0,21.6,5.5,622,693,82.83,100
2024/5/31 9:15,1006.6,82.1,0,21.4,5.6,659,670,91.2,100
2024/5/31 9:30,1006.6,82.5,0,21.2,5.7,695,778,95.45,100
2024/5/31 9:45,1006.6,82.5,0,21.1,5.9,729,827,96.55,100
2024/5/31 10:00,1006.6,83.3,0,21,6.1,761,870,99.44,100
2024/5/31 10:15,1006.6,84,0,20.8,6.3,789,625,92.8,100
2024/5/31 10:30,1006.6,82.8,0,20.7,6.4,814,474,76.84,100
2024/5/31 10:45,1006.6,81.9,0,20.6,6.7,836,803,96.05,100
2024/5/31 11:00,1006.6,81.7,0,20.5,6.9,854,959,98.63,100
2024/5/31 11:15,1006.6,81.2,0,20.5,7.1,868,974,97.52,100
2024/5/31 11:30,1006.6,81.1,0,20.4,7.3,879,1010,95.84,100
2024/5/31 11:45,1006.6,81.4,0,20.2,7.5,885,1002,98.06,100
2024/5/31 12:00,1006.6,81.5,0,20.1,7.7,888,873,97.25,100
2024/5/31 12:15,1006.6,81.5,0,20.1,7.8,887,1003,99.56,100
2024/5/31 12:30,1006.6,81.1,0,20,7.9,882,1002,100,100
2024/5/31 12:45,1006.6,80.3,0,20,8,873,996,100,100
2024/5/31 13:00,1006.6,79.9,0,19.9,8.1,862,1002,100,100
2024/5/31 13:15,1006.6,79.4,0,19.9,8.2,848,999,100,100
2024/5/31 13:30,1006.6,78.7,0,19.8,8.3,830,978,100,100
2024/5/31 13:45,1006.6,77.4,0,19.8,8.3,809,963,100,100
2024/5/31 14:00,1006.6,76.6,0,19.8,8.4,785,921,100,100
2024/5/31 14:15,1006.6,76.1,0,19.7,8.4,757,856,99.85,100
2024/5/31 14:30,1006.6,75.5,0,19.7,8.4,726,837,99.85,100
2024/5/31 14:45,1006.6,75.2,0,19.6,8.3,691,811,98.15,100
2024/5/31 15:00,1006.6,75,0,19.6,8.3,653,765,93.16,100
2024/5/31 15:15,1006.6,75,0,19.5,8.2,612,723,85.92,100
2024/5/31 15:30,1006.6,74.4,0,19.5,8.1,569,710,83.83,100
2024/5/31 15:45,1006.6,73.9,0,19.5,8,523,661,75.46,100
2024/5/31 16:00,1006.6,73.6,0,19.5,7.9,473,545,68.65,100
2024/5/31 16:15,1006.6,73.4,0,19.4,7.8,422,579,61.84,100
2024/5/31 16:30,1006.6,73,0,19.4,7.6,370,431,33.92,100
2024/5/31 16:45,1006.6,72.5,0,19.4,7.5,319,186,22.62,100
2024/5/31 17:00,1006.6,72,0,19.4,7.3,270,464,31.29,100
2024/5/31 17:15,1006.6,71.6,0,19.4,7.1,225,154,19.03,100
2024/5/31 17:30,1006.6,71.3,0,19.4,7,183,393,34.68,100
2024/5/31 17:45,1006.6,71,0,19.4,6.7,146,241,16.31,100
2024/5/31 18:00,1006.6,70.8,0,19.3,6.5,113,189,11.46,100
2024/5/31 18:15,1006.6,70.4,0,19.3,6.3,85,119,6.42,100
2024/5/31 18:30,1006.6,70,0,19.3,6.1,60,53,4.69,100
2024/5/31 18:45,1006.6,69.8,0,19.3,5.9,38,34,3.88,100
2024/5/31 19:00,1006.6,69.9,0,19.2,5.6,18,14,1.93,100
2024/5/31 19:15,1006.6,69.8,0,19.2,5.4,2,0,0,100
2024/5/31 19:30,1006.6,69.5,0,19.3,5.1,0,0,0,100
2024/5/31 19:45,1006.6,69.4,0,19.3,4.9,0,0,0,100
2024/5/31 20:00,1006.6,69.6,0,19.2,4.7,0,0,0,100
2024/5/31 20:15,1006.6,69.9,0,19.2,4.4,0,0,0,100
2024/5/31 20:30,1006.6,70,0,19.2,4.2,0,0,0,100
2024/5/31 20:45,1006.6,70.2,0,19.2,4,0,0,0,100
2024/5/31 21:00,1006.6,70.4,0,19.2,3.8,0,0,0,100
2024/5/31 21:15,1006.6,70.6,0,19.2,3.7,0,0,0,100
2024/5/31 21:30,1006.6,71,0,19.2,3.5,0,0,0,100
2024/5/31 21:45,1006.6,71.3,0,19.2,3.4,0,0,0,100
2024/5/31 22:00,1006.6,71.7,0,19.3,3.2,0,0,0,100
2024/5/31 22:15,1006.6,71.9,0,19.3,3.1,0,0,0,100
2024/5/31 22:30,1006.6,72,0,19.3,3,0,0,0,100
2024/5/31 22:45,1006.6,71.9,0,19.4,2.9,0,0,0,100
2024/5/31 23:00,1006.6,71.7,0,19.4,2.8,0,0,0,100
2024/5/31 23:15,1006.6,71.2,0,19.4,2.7,0,0,0,100
2024/5/31 23:30,1006.6,71,0,19.3,2.6,0,0,0,100
2024/5/31 23:45,1006.6,71.8,0,19.3,2.6,0,0,0,100
2024/6/1 0:00,1006.6,72.5,0,19.2,2.3,0,0,0,100
2024/6/1 0:15,1006.6,73,0,19.1,2.2,0,0,0,100
2024/6/1 0:30,1006.6,73.9,0,19,2.2,0,0,0,100
2024/6/1 0:45,1006.6,75.3,0,18.9,2.2,0,0,0,100
2024/6/1 1:00,1006.6,77.8,0,18.7,2.2,0,0,0,100
2024/6/1 1:15,1006.6,80.5,0,18.4,2.2,0,0,0,100
2024/6/1 1:30,1006.6,82.9,0,18.1,2.2,0,0,0,100
2024/6/1 1:45,1006.6,83.1,0,17.9,2.2,0,0,0,100
2024/6/1 2:00,1006.6,82.9,0,17.8,2.2,0,0,0,100
2024/6/1 2:15,1006.6,83,0,17.7,2.2,0,0,0,100
2024/6/1 2:30,1006.6,83.4,0,17.7,2.2,0,0,0,100
2024/6/1 2:45,1006.6,83.6,0,17.6,2.2,0,0,0,100
2024/6/1 3:00,1006.6,83.4,0,17.6,2.2,0,0,0,100
2024/6/1 3:15,1006.6,83.1,0,17.5,2.2,0,0,0,100
2024/6/1 3:30,1006.6,82.7,0,17.5,2.1,0,0,0,100
2024/6/1 3:45,1006.6,82.5,0,17.5,2.1,0,0,0,100
2024/6/1 4:00,1006.6,82.3,0,17.4,2.1,0,0,0,100
2024/6/1 4:15,1006.6,82.1,0,17.4,2.1,0,0,0,100
2024/6/1 4:30,1006.6,82,0,17.3,2,0,0,0,100
2024/6/1 4:45,1006.6,82,0,17.3,2,0,0,0,100
2024/6/1 5:00,1006.6,82.2,0,17.2,2,3,15,1.81,100
2024/6/1 5:15,1006.6,82.4,0,17.2,1.9,20,53,5.2,100
2024/6/1 5:30,1006.6,82.6,0,17.1,1.9,42,86,6.78,100
2024/6/1 5:45,1006.6,82.6,0,17.2,1.9,71,105,9.13,100
2024/6/1 6:00,1006.6,82.5,0,17.3,1.9,105,128,12.18,100
2024/6/1 6:15,1006.6,82.1,0,17.4,2,144,243,21.02,100
2024/6/1 6:30,1006.6,81.5,0,17.7,2,185,144,16.36,100
2024/6/1 6:45,1006.6,80.6,0,18,2,227,332,29.64,100
2024/6/1 7:00,1006.6,79.2,0,18.4,2,270,329,36.03,100
2024/6/1 7:15,1006.6,77.1,0,18.8,2.1,314,298,42.9,100
2024/6/1 7:30,1006.6,75.2,0,19.3,2.1,358,399,45.58,100
2024/6/1 7:45,1006.6,74.1,0,19.7,2.1,401,519,52.49,100
2024/6/1 8:00,1006.6,73.5,0,20.1,2.2,444,598,63.84,100
2024/6/1 8:15,1006.6,72.8,0,20.4,2.2,485,632,71.87,100
2024/6/1 8:30,1006.6,72.1,0,20.5,2.2,525,665,77.02,100
2024/6/1 8:45,1006.6,72,0,20.6,2.3,564,711,83.96,100
2024/6/1 9:00,1006.6,71.5,0,20.7,2.3,602,737,89.03,100
2024/6/1 9:15,1006.6,70.6,0,20.8,2.4,638,785,94.83,100
2024/6/1 9:30,1006.6,70.3,0,20.9,2.4,673,824,97.87,100
2024/6/1 9:45,1006.6,69.8,0,21,2.5,708,860,98.86,100
2024/6/1 10:00,1006.6,69,0,21.1,2.6,740,904,98.86,100
2024/6/1 10:15,1006.6,68.4,0,21.1,2.6,769,944,98.86,100
2024/6/1 10:30,1006.6,67.9,0,21.2,2.7,796,977,98.86,100
2024/6/1 10:45,1006.6,67.3,0,21.3,2.7,819,1002,98.86,100
2024/6/1 11:00,1006.6,66.4,0,21.4,2.8,840,1008,98.86,100
2024/6/1 11:15,1006.6,65.7,0,21.5,2.8,856,1024,98.86,100
2024/6/1 11:30,1006.6,64.9,0,21.5,2.8,869,1022,98.86,100
2024/6/1 11:45,1006.6,63.7,0,21.6,2.8,878,1024,98.86,100
2024/6/1 12:00,1006.6,62.2,0,21.7,2.8,882,1024,98.86,100
2024/6/1 12:15,1006.6,60.5,0,21.8,2.8,883,1024,98.86,100
2024/6/1 12:30,1006.6,59.1,0,21.9,2.8,879,1024,98.86,100
2024/6/1 12:45,1006.6,57.7,0,22,2.7,870,1027,98.86,100
2024/6/1 13:00,1006.6,55.5,0,22.2,2.7,859,1028,98.86,100
2024/6/1 13:15,1006.6,53.4,0,22.3,2.7,844,1011,98.86,100
2024/6/1 13:30,1006.6,51.7,0,22.4,2.7,826,998,98.86,100
2024/6/1 13:45,1006.6,50.5,0,22.6,2.7,805,962,98.86,100
2024/6/1 14:00,1006.6,49.6,0,22.7,2.6,780,925,98.86,100
2024/6/1 14:15,1006.6,49,0,22.8,2.6,751,881,97.09,100
2024/6/1 14:30,1006.6,48.6,0,22.9,2.6,718,843,98.51,100
2024/6/1 14:45,1006.6,48.1,0,23,2.5,682,803,94.75,100
2024/6/1 15:00,1006.6,47.7,0,23.1,2.5,642,750,80.71,100
2024/6/1 15:15,1006.6,47.5,0,23.2,2.4,600,722,83.87,100
2024/6/1 15:30,1006.6,47.7,0,23.2,2.4,554,693,75.26,100
2024/6/1 15:45,1006.6,48.2,0,23.3,2.3,506,621,66.3,100
2024/6/1 16:00,1006.6,49.2,0,23.3,2.3,455,506,58.55,100
2024/6/1 16:15,1006.6,50.7,0,23.3,2.2,401,580,58.95,100
2024/6/1 16:30,1006.6,51.9,0,23.4,2.2,347,547,52.05,100
2024/6/1 16:45,1006.6,52.7,0,23.4,2.2,295,493,48.97,100
2024/6/1 17:00,1006.6,53,0,23.4,2.1,245,254,29.35,100
2024/6/1 17:15,1006.6,53.2,0,23.4,2.1,199,268,25.35,100
2024/6/1 17:30,1006.6,53.2,0,23.3,2.1,158,210,20.21,100
2024/6/1 17:45,1006.6,53.7,0,23.3,2.1,123,133,12.6,100
2024/6/1 18:00,1006.6,53.9,0,23.2,2.1,92,161,12.63,100
2024/6/1 18:15,1006.6,53.8,0,23.1,2.1,67,58,6.1,100
2024/6/1 18:30,1006.6,53.8,0,23.1,2.1,46,41,4.82,100
2024/6/1 18:45,1006.6,54.4,0,23.1,2.2,29,22,3.03,100
2024/6/1 19:00,1006.6,55.5,0,23,2.2,14,7,1.47,100
2024/6/1 19:15,1006.6,57.3,0,22.9,2.2,2,0,0,100
2024/6/1 19:30,1006.6,58.9,0,22.8,2.2,0,0,0,100
2024/6/1 19:45,1006.6,59.8,0,22.7,2.3,0,0,0,100
2024/6/1 20:00,1006.6,60,0,22.7,2.3,0,0,0,100
2024/6/1 20:15,1006.6,60.5,0,22.5,2.4,0,0,0,100
2024/6/1 20:30,1006.6,61.3,0,22.2,2.4,0,0,0,100
2024/6/1 20:45,1006.6,63.1,0,22,2.5,0,0,0,100
2024/6/1 21:00,1006.6,63.6,0,21.9,2.5,0,0,0,100
2024/6/1 21:15,1006.6,64.3,0,21.8,2.6,0,0,0,100
2024/6/1 21:30,1006.6,64.5,0,21.7,2.6,0,0,0,100
2024/6/1 21:45,1006.6,65.4,0,21.6,2.7,0,0,0,100
2024/6/1 22:00,1006.6,65.6,0,21.6,2.8,0,0,0,100
2024/6/1 22:15,1006.6,64.9,0,21.5,2.8,0,0,0,100
2024/6/1 22:30,1006.6,64.3,0,21.5,2.9,0,0,0,100
2024/6/1 22:45,1006.6,64.5,0,21.4,2.9,0,0,0,100
2024/6/1 23:00,1006.6,65.7,0,21.3,3,0,0,0,100
2024/6/1 23:15,1006.6,67.5,0,21.1,3,0,0,0,100
2024/6/1 23:30,1006.6,69.4,0,21,3.1,0,0,0,100
2024/6/1 23:45,1006.6,70.5,0,20.8,3.1,0,0,0,100
2024/6/2 0:00,1006.6,82.5,0,19.8,3.4,0,0,0,100
2024/6/2 0:15,1006.6,83.4,0,19.7,3.4,0,0,0,100
2024/6/2 0:30,1006.6,83.8,0,19.7,3.4,0,0,0,100
2024/6/2 0:45,1006.6,84.6,0,19.6,3.3,0,0,0,100
2024/6/2 1:00,1006.6,85.5,0,19.5,3.3,0,0,0,100
2024/6/2 1:15,1006.6,86,0,19.4,3.3,0,0,0,100
2024/6/2 1:30,1006.6,86,0,19.3,3.2,0,0,0,100
2024/6/2 1:45,1006.6,86,0,19.3,3.2,0,0,0,100
2024/6/2 2:00,1006.6,86.2,0,19.2,3.2,0,0,0,100
2024/6/2 2:15,1006.6,86.3,0,19.1,3.2,0,0,0,100
2024/6/2 2:30,1006.6,86.3,0,19.1,3.2,0,0,0,100
2024/6/2 2:45,1006.6,86.2,0,19,3.1,0,0,0,100
2024/6/2 3:00,1006.6,86.1,0,19,3.1,0,0,0,100
2024/6/2 3:15,1006.6,86.1,0,18.9,3.1,0,0,0,100
2024/6/2 3:30,1006.6,85.7,0,18.9,3.1,0,0,0,100
2024/6/2 3:45,1006.6,85.3,0,18.8,3.1,0,0,0,100
2024/6/2 4:00,1006.6,85.1,0,18.8,3.1,0,0,0,100
2024/6/2 4:15,1006.6,84.8,0,18.7,3.1,0,0,0,100
2024/6/2 4:30,1006.6,84.5,0,18.7,3.1,0,0,0,100
2024/6/2 4:45,1006.6,84.3,0,18.6,3.1,0,0,0,100
2024/6/2 5:00,1006.6,84,0,18.6,3.1,1,21,2.64,100
2024/6/2 5:15,1006.6,83.7,0,18.6,3.1,3,48,5.36,100
2024/6/2 5:30,1006.6,83.2,0,18.6,3.1,6,55,5.75,100
2024/6/2 5:45,1006.6,82.9,0,18.6,3.1,11,109,9.33,100
2024/6/2 6:00,1006.6,82.4,0,18.7,3.1,16,128,10.69,100
2024/6/2 6:15,1006.6,81.8,0,18.8,3.1,22,128,11.34,100
2024/6/2 6:30,1006.6,81.3,0,18.9,3,29,236,19.59,100
2024/6/2 6:45,1006.6,80.7,0,19.1,3,36,265,23.63,100
2024/6/2 7:00,1006.6,80,0,19.3,3,42,329,31.1,100
2024/6/2 7:15,1006.6,78.9,0,19.6,2.9,47,367,39.46,100
2024/6/2 7:30,1006.6,77.2,0,19.9,2.9,51,399,28.14,100
2024/6/2 7:45,1006.6,75.6,0,20.2,2.8,55,460,50.72,100
2024/6/2 8:00,1006.6,73.8,0,20.5,2.8,59,534,60.35,100
2024/6/2 8:15,1006.6,71.7,0,20.8,2.7,63,598,66.04,100
2024/6/2 8:30,1006.6,69.6,0,21.1,2.6,68,548,62.43,100
2024/6/2 8:45,1006.6,67.5,0,21.5,2.6,76,537,70.51,100
2024/6/2 9:00,1006.6,65.7,0,21.9,2.5,87,620,66.98,100
2024/6/2 9:15,1006.6,64.5,0,22.3,2.5,103,802,73.37,100
2024/6/2 9:30,1006.6,63.2,0,22.7,2.5,125,681,67.33,100
2024/6/2 9:45,1006.6,61.1,0,23.2,2.4,154,573,81.78,100
2024/6/2 10:00,1006.6,59.4,0,23.6,2.5,194,908,81.21,100
2024/6/2 10:15,1006.6,57.9,0,23.9,2.5,244,462,46.54,100
2024/6/2 10:30,1006.6,56.1,0,24.2,2.5,301,272,40.03,100
2024/6/2 10:45,1006.6,54,0,24.5,2.6,364,462,51.04,100
2024/6/2 11:00,1006.6,52.1,0,24.7,2.6,431,467,52.14,100
2024/6/2 11:15,1006.6,50.6,0,24.9,2.7,499,413,47.55,100
2024/6/2 11:30,1006.6,49.2,0,25,2.7,565,193,21.77,100
2024/6/2 11:45,1006.6,48.1,0,25,2.7,627,527,67.55,100
2024/6/2 12:00,1006.6,48,0,24.9,2.7,682,277,32.85,100
2024/6/2 12:15,1006.6,48.2,0,24.8,2.8,728,220,40.57,100
2024/6/2 12:30,1006.6,48,0,24.7,2.8,761,466,53.65,100
2024/6/2 12:45,1006.6,47.2,0,24.6,2.9,781,545,61.03,100
2024/6/2 13:00,1006.6,46.4,0,24.6,2.9,792,771,86.34,100
2024/6/2 13:15,1006.6,45.5,0,24.4,3,794,419,66.15,100
2024/6/2 13:30,1006.6,44.7,0,24.4,3.1,788,451,75.58,100
2024/6/2 13:45,1006.6,44.8,0,24.4,3.2,774,327,54.56,100
2024/6/2 14:00,1006.6,44.6,0,24.5,3.3,755,407,62.72,100
2024/6/2 14:15,1006.6,44.1,0,24.6,3.4,730,621,58.07,100
2024/6/2 14:30,1006.6,43.8,0,24.8,3.5,700,410,39.66,100
2024/6/2 14:45,1006.6,44,0,25,3.5,666,371,45.18,100
2024/6/2 15:00,1006.6,45.8,0,24.6,3.6,629,171,17.68,100
2024/6/2 15:15,1006.6,46.1,0,24.5,3.6,590,211,24.65,100
2024/6/2 15:30,1006.6,45.7,0,24.7,3.6,549,249,28,100
2024/6/2 15:45,1006.6,46.1,0,24.6,3.7,506,110,13.62,100
2024/6/2 16:00,1006.6,48,0,24.3,3.7,460,421,43.23,100
2024/6/2 16:15,1006.6,47.7,0,24.3,3.6,412,363,36.48,100
2024/6/2 16:30,1006.6,47.6,0,24.3,3.6,362,196,27.65,100
2024/6/2 16:45,1006.6,47.5,0,24.3,3.6,313,237,25.97,100
2024/6/2 17:00,1006.6,48.1,0,24.3,3.6,266,228,27.9,100
2024/6/2 17:15,1006.6,49.3,0,24.3,3.6,222,254,25.62,100
2024/6/2 17:30,1006.6,51.2,0,24.3,3.6,181,174,17.91,100
2024/6/2 17:45,1006.6,53,0,24.2,3.6,145,163,15.12,100
2024/6/2 18:00,1006.6,55.2,0,24.1,3.6,112,119,11.65,100
2024/6/2 18:15,1006.6,57.4,0,23.9,3.6,84,66,7.09,100
2024/6/2 18:30,1006.6,59.2,0,23.7,3.6,60,46,5.56,100
2024/6/2 18:45,1006.6,60.9,0,23.4,3.6,39,26,3.04,100
2024/6/2 19:00,1006.6,62.6,0,23.1,3.5,20,11,1.67,100
2024/6/2 19:15,1006.6,64.5,0,22.8,3.5,3,0,0,100
2024/6/2 19:30,1006.6,66.7,0,22.5,3.4,0,0,0,100
2024/6/2 19:45,1006.6,68.9,0,22.3,3.4,0,0,0,100
2024/6/2 20:00,1006.6,70.8,0,22,3.3,0,0,0,100
2024/6/2 20:15,1006.6,71.9,0,21.9,3.2,0,0,0,100
2024/6/2 20:30,1006.6,72.5,0,21.8,3.2,0,0,0,100
2024/6/2 20:45,1006.6,72.9,0,21.6,3.1,0,0,0,100
2024/6/2 21:00,1006.6,73.8,0,21.5,3,0,0,0,100
2024/6/2 21:15,1006.6,74.9,0,21.3,3,0,0,0,100
2024/6/2 21:30,1006.6,76.1,0,21.1,2.9,0,0,0,100
2024/6/2 21:45,1006.6,77.2,0,20.9,2.8,0,0,0,100
2024/6/2 22:00,1006.6,78.6,0,20.8,2.8,0,0,0,100
2024/6/2 22:15,1006.6,80.5,0,20.7,2.7,0,0,0,100
2024/6/2 22:30,1006.6,82,0,20.6,2.6,0,0,0,100
2024/6/2 22:45,1006.6,82.4,0,20.5,2.6,0,0,0,100
2024/6/2 23:00,1006.6,81.8,0,20.5,2.5,0,0,0,100
2024/6/2 23:15,1006.6,81,0,20.5,2.4,0,0,0,100
2024/6/2 23:30,1006.6,80.4,0,20.4,2.4,0,0,0,100
2024/6/2 23:45,1006.6,80.1,0,20.4,2.3,0,0,0,100
2024/6/3 0:00,1006.6,76.6,0,21.2,1.8,0,0,0,100
2024/6/3 0:15,1006.6,76.1,0,21.1,1.8,0,0,0,100
2024/6/3 0:30,1006.6,75.5,0,21.1,1.8,0,0,0,100
2024/6/3 0:45,1006.6,75.3,0,21,1.8,0,0,0,100
2024/6/3 1:00,1006.6,75.1,0,21,1.8,0,0,0,100
2024/6/3 1:15,1006.6,75.1,0,20.9,1.8,0,0,0,100
2024/6/3 1:30,1006.6,75.3,0,20.8,1.8,0,0,0,100
2024/6/3 1:45,1006.6,75.8,0,20.8,1.8,0,0,0,100
2024/6/3 2:00,1006.6,76.2,0,20.7,1.8,0,0,0,100
2024/6/3 2:15,1006.6,76.3,0,20.7,1.9,0,0,0,100
2024/6/3 2:30,1006.6,76.5,0,20.6,1.9,0,0,0,100
2024/6/3 2:45,1006.6,77,0,20.6,1.9,0,0,0,100
2024/6/3 3:00,1006.6,77.5,0,20.5,1.9,0,0,0,100
2024/6/3 3:15,1006.6,78.1,0,20.5,2,0,0,0,100
2024/6/3 3:30,1006.6,78.7,0,20.4,2,0,0,0,100
2024/6/3 3:45,1006.6,79.2,0,20.3,2,0,0,0,100
2024/6/3 4:00,1006.6,79.2,0,20.3,2.1,0,0,0,100
2024/6/3 4:15,1006.6,79.3,0,20.2,2.1,0,0,0,100
2024/6/3 4:30,1006.6,80.1,0,20.1,2.1,0,0,0,100
2024/6/3 4:45,1006.6,80.6,0,20,2.2,0,0,0,100
2024/6/3 5:00,1006.6,80.7,0,19.8,2.2,4,14,1.85,100
2024/6/3 5:15,1006.6,80.9,0,19.7,2.3,20,36,3.37,100
2024/6/3 5:30,1006.6,80.6,0,19.7,2.3,43,65,4.72,100
2024/6/3 5:45,1006.6,79.3,0,19.7,2.4,71,109,6.9,100
2024/6/3 6:00,1006.6,78.2,0,19.8,2.5,105,153,10.05,100
2024/6/3 6:15,1006.6,76.9,0,20,2.5,143,205,14.6,100
2024/6/3 6:30,1006.6,75.3,0,20.2,2.6,184,256,20.12,100
2024/6/3 6:45,1006.6,73.3,0,20.4,2.7,226,315,27.15,100
2024/6/3 7:00,1006.6,71.7,0,20.6,2.7,268,369,33.83,100
2024/6/3 7:15,1006.6,70.5,0,20.9,2.8,311,424,41.09,100
2024/6/3 7:30,1006.6,69.8,0,21,2.9,355,476,48.3,100
2024/6/3 7:45,1006.6,69.3,0,21.2,3,398,532,55.72,100
2024/6/3 8:00,1006.6,69.5,0,21.3,3,440,573,62.16,100
2024/6/3 8:15,1006.6,69.5,0,21.4,3.1,481,619,69.43,100
2024/6/3 8:30,1006.6,68.5,0,21.5,3.2,520,655,75.68,100
2024/6/3 8:45,1006.6,68,0,21.5,3.3,559,696,82.28,100
2024/6/3 9:00,1006.6,68.9,0,21.6,3.4,596,733,87.89,100
2024/6/3 9:15,1006.6,70.3,0,21.6,3.5,631,772,93.43,100
2024/6/3 9:30,1006.6,70.7,0,21.7,3.7,666,814,96.83,100
2024/6/3 9:45,1006.6,70.8,0,21.7,3.8,699,853,98.33,100
2024/6/3 10:00,1006.6,71.4,0,21.7,3.9,730,897,98.33,100
2024/6/3 10:15,1006.6,72.7,0,21.7,4,758,945,98.33,100
2024/6/3 10:30,1006.6,74.3,0,21.7,4.1,783,980,98.33,100
2024/6/3 10:45,1006.6,74.5,0,21.6,4.2,804,1006,98.33,100
2024/6/3 11:00,1006.6,72.5,0,21.7,4.4,823,1019,98.33,100
2024/6/3 11:15,1006.6,70.5,0,21.7,4.4,837,1019,98.33,100
2024/6/3 11:30,1006.6,69.7,0,21.8,4.5,849,1019,98.33,100
2024/6/3 11:45,1006.6,70.2,0,21.8,4.6,856,1019,98.33,100
2024/6/3 12:00,1006.6,70.4,0,21.8,4.7,860,1026,98.33,100
2024/6/3 12:15,1006.6,70.5,0,21.8,4.7,860,1026,98.33,100
2024/6/3 12:30,1006.6,70.5,0,21.8,4.8,856,1027,98.33,100
2024/6/3 12:45,1006.6,70.5,0,21.8,4.8,848,1026,98.33,100
2024/6/3 13:00,1006.6,70.4,0,21.8,4.8,839,1024,98.33,100
2024/6/3 13:15,1006.6,70.3,0,21.8,4.8,826,1009,98.33,100
2024/6/3 13:30,1006.6,70,0,21.8,4.8,810,995,98.33,100
2024/6/3 13:45,1006.6,69.4,0,21.8,4.8,791,957,98.33,100
2024/6/3 14:00,1006.6,69,0,21.9,4.8,769,917,98.33,100
2024/6/3 14:15,1006.6,68,0,21.9,4.8,743,871,98.33,100
2024/6/3 14:30,1006.6,67.4,0,21.9,4.7,713,834,98.33,100
2024/6/3 14:45,1006.6,66.9,0,22,4.7,680,792,94.12,100
2024/6/3 15:00,1006.6,66.4,0,22,4.6,643,759,89.08,100
2024/6/3 15:15,1006.6,66,0,22,4.6,602,716,83.3,100
2024/6/3 15:30,1006.6,65.2,0,22.1,4.5,559,682,77.9,100
2024/6/3 15:45,1006.6,64.5,0,22.1,4.4,512,639,70.58,100
2024/6/3 16:00,1006.6,63.9,0,22.1,4.3,462,597,64.38,100
2024/6/3 16:15,1006.6,63.5,0,22.1,4.2,409,552,57.1,100
2024/6/3 16:30,1006.6,63.8,0,22,4.1,356,510,50.45,100
2024/6/3 16:45,1006.6,64.4,0,22,4.1,304,454,42.72,100
2024/6/3 17:00,1006.6,65.2,0,21.9,4,255,398,35.52,100
2024/6/3 17:15,1006.6,66.2,0,21.8,3.9,210,341,27.98,100
2024/6/3 17:30,1006.6,66.4,0,21.8,3.8,168,289,22.1,100
2024/6/3 17:45,1006.6,65.8,0,21.8,3.7,132,229,15.62,100
2024/6/3 18:00,1006.6,65.5,0,21.8,3.6,101,178,11,100
2024/6/3 18:15,1006.6,65.9,0,21.7,3.5,74,123,7.17,100
2024/6/3 18:30,1006.6,66.4,0,21.6,3.5,52,84,5.2,100
2024/6/3 18:45,1006.6,67,0,21.5,3.4,33,39,3.43,100
2024/6/3 19:00,1006.6,67.5,0,21.4,3.3,17,13,1.98,100
2024/6/3 19:15,1006.6,68,0,21.3,3.2,2,0,0,100
2024/6/3 19:30,1006.6,68.4,0,21.3,3.2,0,0,0,100
2024/6/3 19:45,1006.6,68.3,0,21.3,3.1,0,0,0,100
2024/6/3 20:00,1006.6,68.2,0,21.2,3.1,0,0,0,100
2024/6/3 20:15,1006.6,68,0,21.2,3.1,0,0,0,100
2024/6/3 20:30,1006.6,67.6,0,21.2,3,0,0,0,100
2024/6/3 20:45,1006.6,67.6,0,21.1,3,0,0,0,100
2024/6/3 21:00,1006.6,67.4,0,21,2.9,0,0,0,100
2024/6/3 21:15,1006.6,67.6,0,21,2.9,0,0,0,100
2024/6/3 21:30,1006.6,69.3,0,20.7,2.9,0,0,0,100
2024/6/3 21:45,1006.6,71.4,0,20.5,2.9,0,0,0,100
2024/6/3 22:00,1006.6,73.2,0,20.4,2.8,0,0,0,100
2024/6/3 22:15,1006.6,75.3,0,20.2,2.8,0,0,0,100
2024/6/3 22:30,1006.6,76.5,0,20.1,2.8,0,0,0,100
2024/6/3 22:45,1006.6,76.9,0,20,2.8,0,0,0,100
2024/6/3 23:00,1006.6,77.3,0,19.9,2.7,0,0,0,100
2024/6/3 23:15,1006.6,77.4,0,19.8,2.7,0,0,0,100
2024/6/3 23:30,1006.6,77.4,0,19.7,2.7,0,0,0,100
2024/6/3 23:45,1006.6,77.4,0,19.7,2.7,0,0,0,100
2024/6/4 0:00,1006.6,67.8,0,19.7,2.6,0,0,0,100
2024/6/4 0:15,1006.6,67.5,0,19.6,2.7,0,0,0,100
2024/6/4 0:30,1006.6,67.5,0,19.5,2.7,0,0,0,100
2024/6/4 0:45,1006.6,68,0,19.4,2.7,0,0,0,100
2024/6/4 1:00,1006.6,68.8,0,19.3,2.8,0,0,0,100
2024/6/4 1:15,1006.6,69.4,0,19.2,2.8,0,0,0,100
2024/6/4 1:30,1006.6,69.3,0,19.1,2.8,0,0,0,100
2024/6/4 1:45,1006.6,69.3,0,19.1,2.9,0,0,0,100
2024/6/4 2:00,1006.6,69.6,0,19,2.9,0,0,0,100
2024/6/4 2:15,1006.6,70.1,0,18.9,2.9,0,0,0,100
2024/6/4 2:30,1006.6,70.6,0,18.9,2.9,0,0,0,100
2024/6/4 2:45,1006.6,71,0,18.9,2.9,0,0,0,100
2024/6/4 3:00,1006.6,71.4,0,18.8,2.9,0,0,0,100
2024/6/4 3:15,1006.6,71.9,0,18.7,2.9,0,0,0,100
2024/6/4 3:30,1006.6,72.4,0,18.6,2.9,0,0,0,100
2024/6/4 3:45,1006.6,73,0,18.5,2.8,0,0,0,100
2024/6/4 4:00,1006.6,73.6,0,18.4,2.8,0,0,0,100
2024/6/4 4:15,1006.6,74.2,0,18.3,2.8,0,0,0,100
2024/6/4 4:30,1006.6,74.8,0,18.2,2.7,0,0,0,100
2024/6/4 4:45,1006.6,75.5,0,18.1,2.7,0,0,0,100
2024/6/4 5:00,1006.6,76.2,0,18,2.7,4,13,1.82,100
2024/6/4 5:15,1006.6,76.6,0,18,2.7,21,36,3.5,100
2024/6/4 5:30,1006.6,76.7,0,18,2.7,45,64,5.04,100
2024/6/4 5:45,1006.6,76.5,0,18,2.7,74,105,7.45,100
2024/6/4 6:00,1006.6,76.2,0,18.2,2.7,109,145,10.49,100
2024/6/4 6:15,1006.6,75.7,0,18.4,2.7,148,196,15.14,100
2024/6/4 6:30,1006.6,74.8,0,18.7,2.7,190,240,20.45,100
2024/6/4 6:45,1006.6,73.8,0,19.1,2.7,233,302,26.22,100
2024/6/4 7:00,1006.6,72.6,0,19.6,2.7,277,353,32.32,100
2024/6/4 7:15,1006.6,71,0,20.1,2.7,322,430,41.69,100
2024/6/4 7:30,1006.6,68.6,0,20.7,2.7,366,473,47.12,100
2024/6/4 7:45,1006.6,66.5,0,21.2,2.7,410,519,55.08,100
2024/6/4 8:00,1006.6,64.4,0,21.6,2.8,454,567,60.31,100
2024/6/4 8:15,1006.6,62.9,0,22,2.8,496,634,67.46,100
2024/6/4 8:30,1006.6,61.4,0,22.4,2.9,536,636,76.09,100
2024/6/4 8:45,1006.7,59.8,0,22.7,2.9,576,551,75.59,100
2024/6/4 9:00,1006.7,58.5,0,23,3,613,731,86.65,100
2024/6/4 9:15,1006.7,56.8,0,23.3,3.1,650,778,93.66,100
2024/6/4 9:30,1006.7,53.8,0,23.6,3.1,685,711,88.65,100
2024/6/4 9:45,1006.7,52.1,0,23.8,3.2,718,820,97.6,100
2024/6/4 10:00,1006.7,51,0,24,3.3,750,867,99.44,100
2024/6/4 10:15,1006.7,50.4,0,24.2,3.4,778,808,54.24,100
2024/6/4 10:30,1006.7,49.7,0,24.4,3.4,803,803,75.59,100
2024/6/4 10:45,1006.7,48.9,0,24.5,3.5,824,991,99.73,100
2024/6/4 11:00,1006.7,48.7,0,24.6,3.5,842,968,99.48,100
2024/6/4 11:15,1006.7,48.7,0,24.6,3.5,856,920,99.77,100
2024/6/4 11:30,1006.7,48.9,0,24.7,3.6,867,950,99.77,100
2024/6/4 11:45,1006.7,48.6,0,24.8,3.6,874,984,99.81,100
2024/6/4 12:00,1006.7,48.2,0,24.8,3.6,877,685,81.38,100
2024/6/4 12:15,1006.7,47.9,0,24.9,3.6,876,909,99.41,100
2024/6/4 12:30,1006.7,47.7,0,25,3.7,871,980,99.41,100
2024/6/4 12:45,1006.7,47.2,0,25.1,3.7,863,734,96.55,100
2024/6/4 13:00,1006.7,46.6,0,25.2,3.8,853,630,76.57,100
2024/6/4 13:15,1006.7,46.1,0,25.3,3.8,839,773,87.5,100
2024/6/4 13:30,1006.7,45.9,0,25.4,3.8,822,888,96.87,100
2024/6/4 13:45,1006.7,45.9,0,25.5,3.9,802,648,73.24,100
2024/6/4 14:00,1006.7,46.3,0,25.6,3.9,778,800,90.76,100
2024/6/4 14:15,1006.7,47.1,0,25.6,3.9,751,730,87.53,100
2024/6/4 14:30,1006.7,47.7,0,25.7,3.9,721,560,66.34,100
2024/6/4 14:45,1006.7,47.4,0,25.7,3.9,687,794,92.38,100
2024/6/4 15:00,1006.7,47,0,25.6,3.9,649,658,69.24,100
2024/6/4 15:15,1006.7,46.3,0,25.5,3.9,608,559,66.11,100
2024/6/4 15:30,1006.7,45.6,0,25.4,3.9,565,397,46.61,100
2024/6/4 15:45,1006.7,46.1,0,25.4,3.9,518,378,42.25,100
2024/6/4 16:00,1006.7,46.5,0,25.3,4,468,315,36.84,100
2024/6/4 16:15,1006.7,46.6,0,25.2,4,416,336,36.66,100
2024/6/4 16:30,1006.7,48.1,0,25,4.1,364,316,33.76,100
2024/6/4 16:45,1006.7,50.8,0,24.8,4.1,312,275,30.4,100
2024/6/4 17:00,1006.7,53.6,0,24.5,4.2,263,264,26.5,100
2024/6/4 17:15,1006.7,55.2,0,24.3,4.2,218,221,22.54,100
2024/6/4 17:30,1006.7,57.2,0,24.1,4.3,176,164,18.27,100
2024/6/4 17:45,1006.7,59.6,0,23.9,4.3,140,122,14.09,100
2024/6/4 18:00,1006.7,62.2,0,23.6,4.4,108,118,12.93,100
2024/6/4 18:15,1006.7,64.8,0,23.3,4.4,80,89,10.06,100
2024/6/4 18:30,1006.7,66.3,0,23,4.5,57,53,6.08,100
2024/6/4 18:45,1006.7,67,0,22.7,4.5,37,33,3.93,100
2024/6/4 19:00,1006.7,68.4,0,22.4,4.5,19,12,1.67,100
2024/6/4 19:15,1006.7,69.2,0,22.1,4.5,3,0,0,100
2024/6/4 19:30,1006.7,69.3,0,21.8,4.6,0,0,0,100
2024/6/4 19:45,1006.6,69.9,0,21.6,4.6,0,0,0,100
2024/6/4 20:00,1006.6,71,0,21.4,4.6,0,0,0,100
2024/6/4 20:15,1006.6,72.6,0,21.2,4.6,0,0,0,100
2024/6/4 20:30,1006.6,73.7,0,21.1,4.6,0,0,0,100
2024/6/4 20:45,1006.6,74.1,0,20.9,4.6,0,0,0,100
2024/6/4 21:00,1006.6,74.5,0,20.8,4.6,0,0,0,100
2024/6/4 21:15,1006.6,74.8,0,20.6,4.6,0,0,0,100
2024/6/4 21:30,1006.6,75.2,0,20.5,4.6,0,0,0,100
2024/6/4 21:45,1006.6,75.5,0,20.4,4.6,0,0,0,100
2024/6/4 22:00,1006.6,75.7,0,20.2,4.6,0,0,0,100
2024/6/4 22:15,1006.6,76.3,0,20.1,4.5,0,0,0,100
2024/6/4 22:30,1006.6,76.9,0,20,4.5,0,0,0,100
2024/6/4 22:45,1006.6,77.3,0,19.9,4.5,0,0,0,100
2024/6/4 23:00,1006.6,77.2,0,19.8,4.4,0,0,0,100
2024/6/4 23:15,1006.6,77.1,0,19.7,4.4,0,0,0,100
2024/6/4 23:30,1006.6,77.3,0,19.6,4.4,0,0,0,100
2024/6/4 23:45,1006.6,77.8,0,19.5,4.4,0,0,0,100
2024/6/15 0:00,1006.5,89.1,0.2,22.8,3.8,0,0,0,100
2024/6/15 0:15,1006.5,89.8,0.3,22.8,3.8,0,0,0,100
2024/6/15 0:30,1006.5,91,0.2,22.6,3.7,0,0,0,100
2024/6/15 0:45,1006.5,91.1,0,22.6,3.7,0,0,0,100
2024/6/15 1:00,1006.5,91.1,0,22.6,3.6,0,0,0,100
2024/6/15 1:15,1006.5,91.1,0.1,22.5,3.6,0,0,0,100
2024/6/15 1:30,1006.5,91.2,0,22.5,3.5,0,0,0,100
2024/6/15 1:45,1006.5,92.1,0.1,22.4,3.4,0,0,0,100
2024/6/15 2:00,1006.5,92.1,0,22.4,3.3,0,0,0,100
2024/6/15 2:15,1006.5,91.8,0.1,22.4,3.2,0,0,0,100
2024/6/15 2:30,1006.5,91.4,0,22.4,3.1,0,0,0,100
2024/6/15 2:45,1006.5,91.1,0,22.4,3,0,0,0,100
2024/6/15 3:00,1006.5,90.9,0,22.4,2.9,0,0,0,100
2024/6/15 3:15,1006.5,90.5,0,22.4,2.8,0,0,0,100
2024/6/15 3:30,1006.5,90.2,0,22.4,2.7,0,0,0,100
2024/6/15 3:45,1006.5,90.3,0,22.4,2.7,0,0,0,100
2024/6/15 4:00,1006.5,90.3,0,22.3,2.6,0,0,0,100
2024/6/15 4:15,1006.5,90.2,0,22.3,2.5,0,0,0,100
2024/6/15 4:30,1006.5,90,0,22.4,2.4,0,0,0,100
2024/6/15 4:45,1006.5,90.2,0,22.4,2.3,0,0,0,100
2024/6/15 5:00,1006.5,89.7,0,22.3,2.2,4,10,1.45,100
2024/6/15 5:15,1006.5,90,0,22.3,2.2,21,23,2.63,100
2024/6/15 5:30,1006.5,90.5,0,22.4,2.1,45,55,5.67,100
2024/6/15 5:45,1006.5,90.7,0,22.4,2.1,74,87,8.23,100
2024/6/15 6:00,1006.5,90.5,0,22.6,2,108,118,10.86,100
2024/6/15 6:15,1006.5,89.7,0,22.8,2,145,176,16.14,100
2024/6/15 6:30,1006.5,88.7,0,23,2.1,185,222,19.48,100
2024/6/15 6:45,1006.6,87.3,0,23.2,2.1,224,282,25.67,100
2024/6/15 7:00,1006.6,85.5,0,23.4,2.1,263,343,31.58,100
2024/6/15 7:15,1006.6,83.9,0,23.6,2.1,300,396,38.88,100
2024/6/15 7:30,1006.6,82.8,0,23.7,2.2,336,444,45.26,100
2024/6/15 7:45,1006.6,82.7,0,23.8,2.3,369,504,53.57,100
2024/6/15 8:00,1006.6,82.7,0,23.9,2.4,400,552,59.98,100
2024/6/15 8:15,1006.6,82.3,0,23.9,2.5,428,581,66.78,100
2024/6/15 8:30,1006.6,82.5,0,24,2.6,454,648,53.95,100
2024/6/15 8:45,1006.6,82.7,0,24,2.7,477,682,69.04,100
2024/6/15 9:00,1006.6,83,0,24.1,2.8,498,839,68.67,100
2024/6/15 9:15,1006.6,83.5,0,24.1,3,518,748,56.54,100
2024/6/15 9:30,1006.6,84.7,0,24.1,3.1,536,283,34.44,100
2024/6/15 9:45,1006.6,85.7,0,24.1,3.3,553,656,64.29,100
2024/6/15 10:00,1006.6,85.9,0,24.1,3.5,567,832,89.5,100
2024/6/15 10:15,1006.6,85.6,0,24.1,3.7,577,888,99.56,100
2024/6/15 10:30,1006.6,85.4,0,24.1,3.9,583,909,99.76,100
2024/6/15 10:45,1006.6,86.4,0,24.1,4.1,585,944,99.96,100
2024/6/15 11:00,1006.6,87.4,0,24,4.3,585,951,99.96,100
2024/6/15 11:15,1006.6,87.2,0,24,4.5,583,965,99.96,100
2024/6/15 11:30,1006.6,87.8,0,24,4.7,579,933,99.77,100
2024/6/15 11:45,1006.6,88.4,0,24,4.9,574,1029,80.06,100
2024/6/15 12:00,1006.6,89.2,0,24,5.1,568,994,92.96,100
2024/6/15 12:15,1006.6,90.1,0,24,5.3,563,971,99.67,100
2024/6/15 12:30,1006.6,90.3,0,24,5.4,559,979,99.9,100
2024/6/15 12:45,1006.6,90.3,0,23.9,5.6,556,985,99.9,100
2024/6/15 13:00,1006.6,90.7,0,23.9,5.7,556,977,99.9,100
2024/6/15 13:15,1006.6,91.2,0,23.8,5.9,558,977,99.9,100
2024/6/15 13:30,1006.6,91.8,0,23.7,6,562,964,99.9,100
2024/6/15 13:45,1006.6,92.3,0,23.6,6.1,564,936,99.9,100
2024/6/15 14:00,1006.6,92,0,23.4,6.2,565,907,99.9,100
2024/6/15 14:15,1006.6,91.6,0,23.4,6.2,563,860,99.54,100
2024/6/15 14:30,1006.6,91,0,23.4,6.3,557,821,98.54,100
2024/6/15 14:45,1006.6,90.7,0,23.4,6.3,546,789,94.98,100
2024/6/15 15:00,1006.6,90.4,0,23.4,6.4,530,748,90.32,100
2024/6/15 15:15,1006.6,90.1,0,23.3,6.4,507,711,84.27,100
2024/6/15 15:30,1006.6,89.4,0,23.4,6.4,478,676,78.69,100
2024/6/15 15:45,1006.6,88.7,0,23.4,6.3,443,639,71.72,100
2024/6/15 16:00,1006.6,88.1,0,23.4,6.3,403,603,66.06,100
2024/6/15 16:15,1006.6,87.7,0,23.5,6.2,358,561,58.81,100
2024/6/15 16:30,1006.6,87.3,0,23.4,6.1,313,515,52.15,100
2024/6/15 16:45,1006.6,86.9,0,23.4,6,267,464,44.39,100
2024/6/15 17:00,1006.6,86.4,0,23.4,5.9,223,415,37.71,100
2024/6/15 17:15,1006.6,86.2,0,23.4,5.7,182,356,29.83,100
2024/6/15 17:30,1006.6,86.1,0,23.4,5.6,145,302,23.05,100
2024/6/15 17:45,1006.6,85.9,0,23.3,5.5,113,240,16.24,100
2024/6/15 18:00,1006.6,85.6,0,23.3,5.3,85,195,11.23,100
2024/6/15 18:15,1006.6,85.2,0,23.3,5.2,62,137,7.08,100
2024/6/15 18:30,1006.6,84.8,0,23.3,5,43,95,5.16,100
2024/6/15 18:45,1006.6,84.6,0,23.3,4.9,28,54,3.68,100
2024/6/15 19:00,1006.6,84.5,0,23.3,4.7,15,17,2.39,100
2024/6/15 19:15,1006.6,84.4,0,23.2,4.6,3,0,0,100
2024/6/15 19:30,1006.6,84.2,0,23.2,4.4,0,0,0,100
2024/6/15 19:45,1006.6,83.8,0,23.2,4.3,0,0,0,100
2024/6/15 20:00,1006.6,83.7,0,23.1,4.1,0,0,0,100
2024/6/15 20:15,1006.6,83.9,0,23,4,0,0,0,100
2024/6/15 20:30,1006.6,84,0,23,3.8,0,0,0,100
2024/6/15 20:45,1006.6,84.6,0,23,3.6,0,0,0,100
2024/6/15 21:00,1006.6,84.7,0,23,3.5,0,0,0,100
2024/6/15 21:15,1006.6,84.8,0,22.9,3.3,0,0,0,100
2024/6/15 21:30,1006.6,84.9,0,22.8,3.1,0,0,0,100
2024/6/15 21:45,1006.6,85.2,0,22.8,3,0,0,0,100
2024/6/15 22:00,1006.6,85.3,0,22.7,2.8,0,0,0,100
2024/6/15 22:15,1006.6,85.3,0,22.7,2.7,0,0,0,100
2024/6/15 22:30,1006.6,85.4,0,22.6,2.6,0,0,0,100
2024/6/15 22:45,1006.6,85.4,0,22.6,2.5,0,0,0,100
2024/6/15 23:00,1006.6,85.5,0,22.5,2.4,0,0,0,100
2024/6/15 23:15,1006.6,85.7,0,22.5,2.3,0,0,0,100
2024/6/15 23:30,1006.6,86,0,22.4,2.2,0,0,0,100
2024/6/15 23:45,1006.6,86.2,0,22.4,2.1,0,0,0,100
2024/6/16 0:00,1006.6,92.7,0,21.4,1.8,0,0,0,100
2024/6/16 0:15,1006.6,92.5,0,21.4,1.7,0,0,0,100
2024/6/16 0:30,1006.6,92.4,0,21.4,1.6,0,0,0,100
2024/6/16 0:45,1006.6,92.1,0,21.4,1.5,0,0,0,100
2024/6/16 1:00,1006.6,91.8,0,21.4,1.4,0,0,0,100
2024/6/16 1:15,1006.6,91.4,0,21.4,1.3,0,0,0,100
2024/6/16 1:30,1006.6,91.1,0,21.4,1.2,0,0,0,100
2024/6/16 1:45,1006.6,91,0,21.4,1.1,0,0,0,100
2024/6/16 2:00,1006.6,90.9,0,21.4,1.1,0,0,0,100
2024/6/16 2:15,1006.6,90.8,0,21.4,1,0,0,0,100
2024/6/16 2:30,1006.6,90.9,0,21.3,1,0,0,0,100
2024/6/16 2:45,1006.6,90.9,0,21.3,1,0,0,0,100
2024/6/16 3:00,1006.6,91.1,0,21.3,0.9,0,0,0,100
2024/6/16 3:15,1006.6,91.3,0,21.3,0.9,0,0,0,100
2024/6/16 3:30,1006.6,91.6,0,21.2,0.9,0,0,0,100
2024/6/16 3:45,1006.6,91.9,0,21.2,0.9,0,0,0,100
2024/6/16 4:00,1006.6,92,0,21.1,0.9,0,0,0,100
2024/6/16 4:15,1006.6,92,0,21.1,0.9,0,0,0,100
2024/6/16 4:30,1006.6,91.9,0,21,0.8,0,0,0,100
2024/6/16 4:45,1006.6,91.7,0,20.9,0.8,0,0,0,100
2024/6/16 5:00,1006.6,91.5,0,20.9,0.8,5,17,1.88,100
2024/6/16 5:15,1006.6,91.2,0,20.8,0.8,22,41,3.64,100
2024/6/16 5:30,1006.6,90.7,0,20.8,0.8,46,77,5.22,100
2024/6/16 5:45,1006.6,90.2,0,20.9,0.9,75,111,7.29,100
2024/6/16 6:00,1006.6,89.7,0,20.9,0.9,111,161,10.09,100
2024/6/16 6:15,1006.6,89.2,0,21,1,150,210,14.94,100
2024/6/16 6:30,1006.6,88.7,0,21.2,1,192,255,20.24,100
2024/6/16 6:45,1006.6,88.1,0,21.4,1.1,235,318,27.33,100
2024/6/16 7:00,1006.6,87.6,0,21.6,1.1,280,377,34.19,100
2024/6/16 7:15,1006.6,86.4,0,21.9,1.2,324,430,41.96,100
2024/6/16 7:30,1006.6,85.6,0,22.2,1.2,369,454,48.78,100
2024/6/16 7:45,1006.6,84.9,0,22.4,1.3,414,529,56.76,100
2024/6/16 8:00,1006.6,84.5,0,22.5,1.3,457,575,61.51,100
2024/6/16 8:15,1006.6,84.1,0,22.7,1.4,500,634,70.94,100
2024/6/16 8:30,1006.6,83,0,22.9,1.4,541,606,74.44,100
2024/6/16 8:45,1006.6,81.9,0,23.1,1.5,580,708,82.36,100
2024/6/16 9:00,1006.6,81,0,23.2,1.5,618,721,86.07,100
2024/6/16 9:15,1006.6,80.3,0,23.4,1.6,655,765,90.74,100
2024/6/16 9:30,1006.6,79.4,0,23.6,1.6,691,816,97.01,100
2024/6/16 9:45,1006.6,78.5,0,23.7,1.6,725,826,96.85,100
2024/6/16 10:00,1006.6,78.3,0,23.8,1.7,756,878,99.4,100
2024/6/16 10:15,1006.6,77.7,0,23.9,1.8,785,958,99.74,100
2024/6/16 10:30,1006.6,76.5,0,24.1,1.8,810,982,99.75,100
2024/6/16 10:45,1006.6,74.6,0,24.2,1.9,832,1034,99.69,100
2024/6/16 11:00,1006.6,73.1,0,24.5,1.9,851,1008,99.72,100
2024/6/16 11:15,1006.6,71.3,0,24.7,2,866,1031,99.72,100
2024/6/16 11:30,1006.6,69.1,0,24.9,2,877,1031,99.72,100
2024/6/16 11:45,1006.6,66.7,0,25.1,2.1,884,1021,99.72,100
2024/6/16 12:00,1006.6,63.9,0,25.3,2.1,888,1033,99.72,100
2024/6/16 12:15,1006.6,61.8,0,25.5,2.2,887,1009,99.72,100
2024/6/16 12:30,1006.6,60.6,0,25.6,2.2,883,1029,99.72,100
2024/6/16 12:45,1006.6,59.7,0,25.6,2.3,876,1024,99.72,100
2024/6/16 13:00,1006.6,58,0,25.7,2.3,865,1001,99.72,100
2024/6/16 13:15,1006.6,55.9,0,26,2.3,852,1017,99.78,100
2024/6/16 13:30,1006.6,54.1,0,26.2,2.4,835,1004,99.78,100
2024/6/16 13:45,1006.6,52.9,0,26.3,2.4,815,1025,99.77,100
2024/6/16 14:00,1006.6,51.4,0,26.4,2.4,791,924,98.96,100
2024/6/16 14:15,1006.6,50.3,0,26.5,2.5,764,875,98.75,100
2024/6/16 14:30,1006.6,49.3,0,26.6,2.5,733,859,99.67,100
2024/6/16 14:45,1006.6,47.8,0,26.7,2.5,699,795,86.61,100
2024/6/16 15:00,1006.6,47,0,26.8,2.5,662,802,77.8,100
2024/6/16 15:15,1006.6,46.4,0,26.9,2.6,622,661,75.09,100
2024/6/16 15:30,1006.6,45.5,0,27,2.6,579,816,68.93,100
2024/6/16 15:45,1006.6,44.5,0,27.1,2.6,533,446,59.16,100
2024/6/16 16:00,1006.6,43.7,0,27.2,2.6,484,396,52.57,100
2024/6/16 16:15,1006.6,43.6,0,27.1,2.6,432,528,50.44,100
2024/6/16 16:30,1006.6,43.7,0,27.1,2.6,381,461,44.87,100
2024/6/16 16:45,1006.6,44.4,0,27,2.7,330,278,28.95,100
2024/6/16 17:00,1006.6,45.6,0,27,2.7,281,275,31.54,100
2024/6/16 17:15,1006.6,47.3,0,27,2.8,235,247,25.4,100
2024/6/16 17:30,1006.6,49.1,0,27,2.8,193,222,25.78,100
2024/6/16 17:45,1006.6,50.8,0,27.1,2.9,155,219,20.17,100
2024/6/16 18:00,1006.6,52.9,0,27,3,122,97,10.43,100
2024/6/16 18:15,1006.6,55,0,26.9,3.1,92,94,8.58,100
2024/6/16 18:30,1006.6,57.4,0,26.7,3.2,67,71,6.47,100
2024/6/16 18:45,1006.6,59.8,0,26.4,3.3,44,36,4.66,100
2024/6/16 19:00,1006.6,61.9,0,26.1,3.4,24,15,2.76,100
2024/6/16 19:15,1006.6,63.5,0,25.9,3.5,5,0,0,100
2024/6/16 19:30,1006.6,64.7,0,25.7,3.6,0,0,0,100
2024/6/16 19:45,1006.6,67.1,0,25.4,3.7,0,0,0,100
2024/6/16 20:00,1006.6,70.2,0,25,3.8,0,0,0,100
2024/6/16 20:15,1006.6,73,0,24.7,3.9,0,0,0,100
2024/6/16 20:30,1006.6,77.6,0,24.3,4,0,0,0,100
2024/6/16 20:45,1006.6,81.6,0,24.1,4.1,0,0,0,100
2024/6/16 21:00,1006.6,83.9,0,23.9,4.2,0,0,0,100
2024/6/16 21:15,1006.6,85.3,0,23.7,4.3,0,0,0,100
2024/6/16 21:30,1006.6,86.1,0,23.5,4.4,0,0,0,100
2024/6/16 21:45,1006.6,85.8,0,23.4,4.5,0,0,0,100
2024/6/16 22:00,1006.6,84.6,0,23.2,4.6,0,0,0,100
2024/6/16 22:15,1006.6,83.9,0,23.1,4.7,0,0,0,100
2024/6/16 22:30,1006.6,84.1,0,22.9,4.8,0,0,0,100
2024/6/16 22:45,1006.6,84.6,0,22.7,4.9,0,0,0,100
2024/6/16 23:00,1006.6,84.9,0,22.6,4.9,0,0,0,100
2024/6/16 23:15,1006.6,85,0,22.4,4.9,0,0,0,100
2024/6/16 23:30,1006.6,85.1,0,22.3,4.9,0,0,0,100
2024/6/16 23:45,1006.6,85.5,0,22.1,4.9,0,0,0,100
2024/6/17 0:00,1006.6,88.1,0,22.2,4.6,0,0,0,100
2024/6/17 0:15,1006.6,88.3,0,22.1,4.6,0,0,0,100
2024/6/17 0:30,1006.6,88.6,0,22,4.6,0,0,0,100
2024/6/17 0:45,1006.6,89.1,0,21.9,4.7,0,0,0,100
2024/6/17 1:00,1006.6,89.6,0,21.7,4.7,0,0,0,100
2024/6/17 1:15,1006.6,89.9,0,21.6,4.7,0,0,0,100
2024/6/17 1:30,1006.6,90.2,0,21.5,4.7,0,0,0,100
2024/6/17 1:45,1006.6,90.2,0,21.4,4.7,0,0,0,100
2024/6/17 2:00,1006.6,90.4,0,21.3,4.6,0,0,0,100
2024/6/17 2:15,1006.6,90.4,0,21.2,4.6,0,0,0,100
2024/6/17 2:30,1006.6,90.4,0,21.1,4.6,0,0,0,100
2024/6/17 2:45,1006.6,90.3,0,21.1,4.6,0,0,0,100
2024/6/17 3:00,1006.6,90.7,0,21,4.6,0,0,0,100
2024/6/17 3:15,1006.6,90.9,0,20.9,4.5,0,0,0,100
2024/6/17 3:30,1006.6,91.1,0,20.8,4.5,0,0,0,100
2024/6/17 3:45,1006.6,91.3,0,20.7,4.5,0,0,0,100
2024/6/17 4:00,1006.6,91.4,0,20.6,4.4,0,0,0,100
2024/6/17 4:15,1006.6,91.8,0,20.5,4.4,0,0,0,100
2024/6/17 4:30,1006.6,92.4,0,20.4,4.4,0,0,0,100
2024/6/17 4:45,1006.6,92.3,0,20.3,4.4,0,0,0,100
2024/6/17 5:00,1006.6,92.3,0,20.2,4.3,5,14,1.79,100
2024/6/17 5:15,1006.5,92.3,0,20.2,4.3,22,27,3.05,100
2024/6/17 5:30,1006.6,92,0,20.2,4.3,45,54,4.59,100
2024/6/17 5:45,1006.6,91.6,0,20.3,4.3,75,94,6.49,100
2024/6/17 6:00,1006.6,90.8,0,20.4,4.3,109,144,9.72,100
2024/6/17 6:15,1006.6,89.5,0,20.6,4.3,147,198,14.48,100
2024/6/17 6:30,1006.6,88,0,20.9,4.2,188,243,19.3,100
2024/6/17 6:45,1006.6,86.3,0,21.3,4.2,229,299,26,100
2024/6/17 7:00,1006.6,84,0,21.7,4.2,271,348,32.17,100
2024/6/17 7:15,1006.6,81.4,0,22,4.2,312,408,39.7,100
2024/6/17 7:30,1006.6,79.7,0,22.4,4.2,352,467,46.21,100
2024/6/17 7:45,1006.6,77.9,0,22.8,4.2,391,515,53.73,100
2024/6/17 8:00,1006.6,75.1,0,23.1,4.2,429,559,60.11,100
2024/6/17 8:15,1006.6,72.2,0,23.5,4.2,464,599,66.66,100
2024/6/17 8:30,1006.6,69.3,0,23.9,4.2,498,637,72.44,100
2024/6/17 8:45,1006.6,66,0,24.3,4.2,530,682,78.89,100
2024/6/17 9:00,1006.6,63,0,24.6,4.2,561,718,84.14,100
2024/6/17 9:15,1006.6,60.2,0,24.9,4.1,591,764,90.32,100
2024/6/17 9:30,1006.6,59.1,0,25.3,4.1,619,805,94.67,100
2024/6/17 9:45,1006.6,58.2,0,25.6,4.1,648,846,97.82,100
2024/6/17 10:00,1006.6,57.1,0,25.9,4.1,674,877,99.02,100
2024/6/17 10:15,1006.6,55.1,0,26.3,4.1,699,927,99.64,100
2024/6/17 10:30,1006.6,54.1,0,26.6,4.1,721,954,99.64,100
2024/6/17 10:45,1006.6,53.9,0,26.8,4.1,741,979,99.85,100
2024/6/17 11:00,1006.7,53.4,0,27.1,4.1,758,991,99.85,100
2024/6/17 11:15,1006.7,51.6,0,27.4,4.1,771,1003,99.85,100
2024/6/17 11:30,1006.7,50.6,0,27.6,4,781,993,99.85,100
2024/6/17 11:45,1006.7,50.4,0,27.8,4,787,980,99.85,100
2024/6/17 12:00,1006.7,50.2,0,28,4,788,985,99.85,100
2024/6/17 12:15,1006.7,50,0,28.1,4,785,992,99.85,100
2024/6/17 12:30,1006.7,49.8,0,28.1,4,777,984,99.85,100
2024/6/17 12:45,1006.7,49.5,0,28.2,4,765,1000,99.85,100
2024/6/17 13:00,1006.7,49,0,28.2,4,748,1004,99.85,100
2024/6/17 13:15,1006.7,48.8,0,28.2,4,727,1005,99.85,100
2024/6/17 13:30,1006.7,48.8,0,28.2,3.9,702,977,99.85,100
2024/6/17 13:45,1006.6,48.8,0,28.2,4,674,961,99.78,100
2024/6/17 14:00,1006.6,48.9,0,28.2,4,643,923,99.78,100
2024/6/17 14:15,1006.6,49.1,0,28.2,4,609,874,98.85,100
2024/6/17 14:30,1006.6,50.2,0,27.8,4,574,834,96.53,100
2024/6/17 14:45,1006.6,51.3,0.1,27.6,4.1,537,794,91.25,100
2024/6/17 15:00,1006.6,52,0.1,27.7,4.1,500,745,86.44,100
2024/6/17 15:15,1006.6,52.4,0.1,27.8,4.1,462,714,81.18,100
2024/6/17 15:30,1006.6,52.6,0.1,27.7,4.2,424,681,76.39,100
2024/6/17 15:45,1006.6,51.4,0,27.8,4.2,386,634,69.17,100
2024/6/17 16:00,1006.6,50.7,0,28,4.2,347,591,62.8,100
2024/6/17 16:15,1006.6,50.3,0,28,4.3,307,537,56.71,100
2024/6/17 16:30,1006.6,49.7,0,28,4.3,269,497,49.94,100
2024/6/17 16:45,1006.6,49.5,0,28,4.3,231,442,42.03,100
2024/6/17 17:00,1006.6,50,0,28,4.4,196,403,36.18,100
2024/6/17 17:15,1006.6,50.6,0,27.9,4.4,163,342,28.98,100
2024/6/17 17:30,1006.6,51,0,27.8,4.5,133,289,22.21,100
2024/6/17 17:45,1006.6,52.7,0,27.6,4.5,107,231,15.88,100
2024/6/17 18:00,1006.6,55.8,0,27.4,4.6,83,175,11.23,100
2024/6/17 18:15,1006.6,58.3,0,27.1,4.7,63,119,7.57,100
2024/6/17 18:30,1006.6,59.9,0,26.7,4.8,45,73,5.37,100
2024/6/17 18:45,1006.6,60.2,0,26.2,4.8,30,38,3.52,100
2024/6/17 19:00,1006.6,62.5,0,25.9,4.9,16,14,2.12,100
2024/6/17 19:15,1006.6,64.6,0,25.5,5,4,0,0,100
2024/6/17 19:30,1006.6,67.2,0,25.1,5.1,0,0,0,100
2024/6/17 19:45,1006.6,70.8,0,24.8,5.1,0,0,0,100
2024/6/17 20:00,1006.6,73.4,0,24.5,5.2,0,0,0,100
2024/6/17 20:15,1006.6,74.6,0,24.2,5.3,0,0,0,100
2024/6/17 20:30,1006.6,76.6,0,24,5.3,0,0,0,100
2024/6/17 20:45,1006.6,77.3,0,23.8,5.4,0,0,0,100
2024/6/17 21:00,1006.6,76.4,0,23.6,5.5,0,0,0,100
2024/6/17 21:15,1006.6,75.9,0,23.4,5.5,0,0,0,100
2024/6/17 21:30,1006.6,76,0,23.2,5.6,0,0,0,100
2024/6/17 21:45,1006.6,76.3,0,23,5.6,0,0,0,100
2024/6/17 22:00,1006.6,76.4,0,22.8,5.7,0,0,0,100
2024/6/17 22:15,1006.6,76.4,0,22.7,5.7,0,0,0,100
2024/6/17 22:30,1006.6,76.3,0,22.5,5.7,0,0,0,100
2024/6/17 22:45,1006.6,76.4,0,22.4,5.7,0,0,0,100
2024/6/17 23:00,1006.6,76.5,0,22.3,5.7,0,0,0,100
2024/6/17 23:15,1006.6,76.8,0,22.1,5.7,0,0,0,100
2024/6/17 23:30,1006.6,77.4,0,22,5.7,0,0,0,100
2024/6/17 23:45,1006.5,78,0,21.9,5.6,0,0,0,100
2024/6/18 0:00,1006.6,80.4,0,22.9,5.4,0,0,0,100
2024/6/18 0:15,1006.6,81,0,22.8,5.4,0,0,0,100
2024/6/18 0:30,1006.6,81.5,0,22.7,5.3,0,0,0,100
2024/6/18 0:45,1006.6,81.9,0,22.6,5.3,0,0,0,100
2024/6/18 1:00,1006.6,82.3,0,22.5,5.2,0,0,0,100
2024/6/18 1:15,1006.6,82.9,0,22.4,5.2,0,0,0,100
2024/6/18 1:30,1006.5,83.4,0,22.3,5.1,0,0,0,100
2024/6/18 1:45,1006.5,84,0,22.2,5,0,0,0,100
2024/6/18 2:00,1006.5,84.6,0,22.1,5,0,0,0,100
2024/6/18 2:15,1006.5,85.4,0,22,4.9,0,0,0,100
2024/6/18 2:30,1006.5,86,0,21.9,4.9,0,0,0,100
2024/6/18 2:45,1006.5,86.7,0,21.9,4.8,0,0,0,100
2024/6/18 3:00,1006.5,87.3,0,21.8,4.7,0,0,0,100
2024/6/18 3:15,1006.5,87.9,0,21.7,4.7,0,0,0,100
2024/6/18 3:30,1006.5,88.5,0,21.7,4.6,0,0,0,100
2024/6/18 3:45,1006.5,89.1,0,21.6,4.6,0,0,0,100
2024/6/18 4:00,1006.5,89.6,0,21.5,4.6,0,0,0,100
2024/6/18 4:15,1006.5,89.9,0,21.5,4.6,0,0,0,100
2024/6/18 4:30,1006.5,90.1,0,21.4,4.6,0,0,0,100
2024/6/18 4:45,1006.5,90.4,0,21.4,4.5,0,0,0,100
2024/6/18 5:00,1006.5,90.6,0,21.4,4.5,4,11,1.52,100
2024/6/18 5:15,1006.5,90.7,0,21.4,4.5,17,26,3.21,100
2024/6/18 5:30,1006.5,90.6,0,21.4,4.5,35,49,5.79,100
2024/6/18 5:45,1006.5,90.1,0,21.6,4.5,57,79,8.92,100
2024/6/18 6:00,1006.5,89.3,0,21.8,4.6,83,101,11.32,100
2024/6/18 6:15,1006.6,88.1,0,22.1,4.6,111,171,16.36,100
2024/6/18 6:30,1006.6,86.6,0,22.5,4.6,141,221,19.39,100
2024/6/18 6:45,1006.6,84.8,0,22.9,4.6,171,284,24.14,100
2024/6/18 7:00,1006.6,83.1,0,23.2,4.6,201,230,26.46,100
2024/6/18 7:15,1006.6,81.8,0,23.5,4.6,230,344,35.82,100
2024/6/18 7:30,1006.6,80.3,0,23.8,4.7,258,395,44.94,100
2024/6/18 7:45,1006.6,78.4,0,24.2,4.7,284,469,51.14,100
2024/6/18 8:00,1006.6,75.8,0,24.5,4.7,308,519,54.19,100
2024/6/18 8:15,1006.6,73.4,0,24.9,4.8,331,548,60.35,100
2024/6/18 8:30,1006.6,71.9,0,25.2,4.8,351,592,68.31,100
2024/6/18 8:45,1006.6,70.7,0,25.5,4.8,370,642,74.09,100
2024/6/18 9:00,1006.6,69,0,25.8,4.9,386,681,79.12,100
2024/6/18 9:15,1006.6,67.1,0,26.1,4.9,401,728,84.73,100
2024/6/18 9:30,1006.6,64.9,0,26.4,5,414,714,81.38,100
2024/6/18 9:45,1006.6,63.5,0,26.6,5,426,805,95.5,100
2024/6/18 10:00,1006.6,62.5,0,26.8,5.1,435,733,96.43,100
2024/6/18 10:15,1006.6,61.3,0,27,5.1,441,809,95.63,100
2024/6/18 10:30,1006.6,59.8,0,27.3,5.1,443,936,60.16,100
2024/6/18 10:45,1006.6,58.3,0,27.4,5.2,442,576,33.33,100
2024/6/18 11:00,1006.6,57.1,0,27.6,5.2,438,978,35.27,100
2024/6/18 11:15,1006.6,55.9,0,27.8,5.3,433,656,92.68,100
2024/6/18 11:30,1006.6,54.6,0,28,5.3,425,727,83.6,100
2024/6/18 11:45,1006.6,53.7,0,28.1,5.4,416,930,85.02,100
2024/6/18 12:00,1006.6,52.8,0,28.2,5.4,407,744,83.68,100
2024/6/18 12:15,1006.6,51.7,0,28.3,5.5,397,469,69.23,100
2024/6/18 12:30,1006.7,50.5,0,28.4,5.5,387,1027,66.94,100
2024/6/18 12:45,1006.7,49.4,0,28.5,5.6,378,287,98.52,100
2024/6/18 13:00,1006.6,48.3,0,28.6,5.6,369,371,78.32,100
2024/6/18 13:15,1006.6,47.8,0,28.6,5.6,360,614,96.17,100
2024/6/18 13:30,1006.6,47.6,0,28.7,5.6,352,533,67.87,100
2024/6/18 13:45,1006.7,47.1,0,28.7,5.6,342,923,99.48,100
2024/6/18 14:00,1006.6,46.1,0,28.8,5.6,332,864,86.49,100
2024/6/18 14:15,1006.6,45.1,0,28.8,5.6,321,797,93.43,100
2024/6/18 14:30,1006.6,44.7,0,28.7,5.6,309,666,97.15,100
2024/6/18 14:45,1006.6,44.4,0,28.7,5.6,296,788,94.18,100
2024/6/18 15:00,1006.6,44.2,0,28.6,5.6,281,715,70.85,100
2024/6/18 15:15,1006.6,45.1,0,28.6,5.6,264,275,68.93,100
2024/6/18 15:30,1006.6,46.2,0,28.5,5.6,246,454,61.53,100
2024/6/18 15:45,1006.6,47.6,0,28.4,5.6,227,497,64.71,100
2024/6/18 16:00,1006.6,48.4,0,28.4,5.6,206,438,57.56,100
2024/6/18 16:15,1006.6,48.8,0,28.3,5.6,184,561,67.49,100
2024/6/18 16:30,1006.6,50.2,0,28.2,5.6,162,480,60.26,100
2024/6/18 16:45,1006.6,52.3,0,28.1,5.6,141,374,52.52,100
2024/6/18 17:00,1006.6,54,0,27.9,5.5,120,300,43.78,100
2024/6/18 17:15,1006.6,53.8,0,27.7,5.5,101,234,21.43,100
2024/6/18 17:30,1006.6,54.2,0,27.4,5.5,83,185,17.08,100
2024/6/18 17:45,1006.6,55.1,0,27.1,5.5,67,116,12.76,100
2024/6/18 18:00,1006.6,54.7,0,26.7,5.5,53,101,11.48,100
2024/6/18 18:15,1006.6,54.2,0,26.4,5.5,40,87,9.68,100
2024/6/18 18:30,1006.6,55.2,0,26,5.5,29,58,6.66,100
2024/6/18 18:45,1006.6,56.2,0,25.7,5.5,20,35,4.34,100
2024/6/18 19:00,1006.6,57.5,0,25.4,5.5,11,17,2.28,100
2024/6/18 19:15,1006.6,59,0,25.1,5.5,3,0,0,100
2024/6/18 19:30,1006.6,61.2,0,24.8,5.5,0,0,0,100
2024/6/18 19:45,1006.6,63.1,0,24.6,5.6,0,0,0,100
2024/6/18 20:00,1006.6,65,0,24.4,5.6,0,0,0,100
2024/6/18 20:15,1006.6,66.5,0,24.2,5.6,0,0,0,100
2024/6/18 20:30,1006.6,67.6,0,24,5.6,0,0,0,100
2024/6/18 20:45,1006.6,68.7,0,23.8,5.6,0,0,0,100
2024/6/18 21:00,1006.6,68.9,0,23.7,5.6,0,0,0,100
2024/6/18 21:15,1006.6,69,0,23.5,5.6,0,0,0,100
2024/6/18 21:30,1006.6,70.3,0,23.3,5.6,0,0,0,100
2024/6/18 21:45,1006.6,71.2,0,23.1,5.6,0,0,0,100
2024/6/18 22:00,1006.6,71.7,0,22.9,5.6,0,0,0,100
2024/6/18 22:15,1006.6,72.4,0,22.7,5.6,0,0,0,100
2024/6/18 22:30,1006.6,73.1,0,22.6,5.6,0,0,0,100
2024/6/18 22:45,1006.6,73.7,0,22.4,5.6,0,0,0,100
2024/6/18 23:00,1006.6,74.1,0,22.2,5.7,0,0,0,100
2024/6/18 23:15,1006.6,74.3,0,22.1,5.7,0,0,0,100
2024/6/18 23:30,1006.5,74.3,0,22,5.7,0,0,0,100
2024/6/18 23:45,1006.5,74.4,0,21.9,5.7,0,0,0,100
2024/6/19 0:00,1006.5,75.2,0,22.3,5.3,0,0,0,100
2024/6/19 0:15,1006.5,75.6,0,22.1,5.3,0,0,0,100
2024/6/19 0:30,1006.5,75.9,0,22,5.3,0,0,0,100
2024/6/19 0:45,1006.5,76.2,0,21.9,5.3,0,0,0,100
2024/6/19 1:00,1006.5,76.4,0,21.8,5.2,0,0,0,100
2024/6/19 1:15,1006.5,76.5,0,21.7,5.2,0,0,0,100
2024/6/19 1:30,1006.5,76.7,0,21.7,5.2,0,0,0,100
2024/6/19 1:45,1006.5,76.9,0,21.7,5.2,0,0,0,100
2024/6/19 2:00,1006.5,77.2,0,21.6,5.2,0,0,0,100
2024/6/19 2:15,1006.5,77.6,0,21.6,5.2,0,0,0,100
2024/6/19 2:30,1006.5,77.8,0,21.6,5.2,0,0,0,100
2024/6/19 2:45,1006.5,78.1,0,21.6,5.2,0,0,0,100
2024/6/19 3:00,1006.5,78.3,0,21.5,5.2,0,0,0,100
2024/6/19 3:15,1006.5,78.5,0,21.5,5.2,0,0,0,100
2024/6/19 3:30,1006.5,79,0,21.5,5.2,0,0,0,100
2024/6/19 3:45,1006.5,79.7,0,21.5,5.2,0,0,0,100
2024/6/19 4:00,1006.5,80,0,21.5,5.2,0,0,0,100
2024/6/19 4:15,1006.5,80.2,0,21.5,5.3,0,0,0,100
2024/6/19 4:30,1006.5,80.3,0,21.5,5.3,0,0,0,100
2024/6/19 4:45,1006.5,80.8,0,21.5,5.4,0,0,0,100
2024/6/19 5:00,1006.5,81.4,0,21.4,5.4,5,11,1.39,100
2024/6/19 5:15,1006.5,82,0,21.4,5.5,21,28,2.52,100
2024/6/19 5:30,1006.5,82.6,0,21.4,5.5,42,65,4.52,100
2024/6/19 5:45,1006.5,82.8,0,21.5,5.6,69,95,4.94,100
2024/6/19 6:00,1006.5,82.9,0,21.6,5.6,101,134,8.19,100
2024/6/19 6:15,1006.5,83,0,21.8,5.7,136,220,14.54,100
2024/6/19 6:30,1006.5,83,0,21.9,5.8,173,276,20.47,100
2024/6/19 6:45,1006.5,83,0,22,5.8,212,340,28.62,100
2024/6/19 7:00,1006.6,82.9,0,22.3,5.9,250,385,38.15,100
2024/6/19 7:15,1006.6,82.7,0,22.5,5.9,288,350,36.54,100
2024/6/19 7:30,1006.6,82.3,0,22.8,6,326,458,50.36,100
2024/6/19 7:45,1006.6,82,0,23.1,6,363,565,61.33,100
2024/6/19 8:00,1006.6,81.6,0,23.4,6.1,398,587,68.96,100
2024/6/19 8:15,1006.6,81.1,0,23.6,6.1,432,625,63.82,100
2024/6/19 8:30,1006.6,80.7,0,23.8,6.2,465,685,79.41,100
2024/6/19 8:45,1006.6,80.1,0,24,6.2,496,722,85.29,100
2024/6/19 9:00,1006.6,79.5,0,24.3,6.3,526,760,88.49,100
2024/6/19 9:15,1006.6,78.8,0,24.6,6.3,555,397,58.55,100
2024/6/19 9:30,1006.6,77.3,0,24.9,6.4,584,714,95.97,100
2024/6/19 9:45,1006.6,76.1,0,25.2,6.4,613,634,95.87,100
2024/6/19 10:00,1006.6,75,0,25.5,6.4,642,929,99.8,100
2024/6/19 10:15,1006.6,73.1,0,25.7,6.5,669,1001,95.98,100
2024/6/19 10:30,1006.6,71.6,0,26,6.5,694,983,86.7,100
2024/6/19 10:45,1006.6,70.9,0,26.2,6.5,718,881,81.26,100
2024/6/19 11:00,1006.6,69.7,0,26.3,6.5,739,1159,76.95,100
2024/6/19 11:15,1006.6,68.8,0,26.5,6.5,756,603,92.34,100
2024/6/19 11:30,1006.6,67.5,0,26.6,6.5,770,834,96.17,100
2024/6/19 11:45,1006.6,65.8,0,26.8,6.6,781,908,80.45,100
2024/6/19 12:00,1006.6,65.4,0,26.9,6.6,786,886,98.47,100
2024/6/19 12:15,1006.6,64.7,0,27,6.6,787,835,83.3,100
2024/6/19 12:30,1006.6,65.1,0,27.1,6.6,783,467,85.09,100
2024/6/19 12:45,1006.6,64.8,0,27.2,6.6,774,922,79.49,100
2024/6/19 13:00,1006.6,64.7,0,27.2,6.6,759,991,92.63,100
2024/6/19 13:15,1006.6,64.3,0,27.3,6.6,740,946,83.1,100
2024/6/19 13:30,1006.6,64.1,0,27.3,6.6,717,1011,99.77,100
2024/6/19 13:45,1006.6,63.8,0,27.3,6.6,691,995,99.98,100
2024/6/19 14:00,1006.6,63,0,27.4,6.6,661,949,99.98,100
2024/6/19 14:15,1006.6,62.1,0,27.4,6.6,628,889,99.43,100
2024/6/19 14:30,1006.6,61.2,0,27.4,6.7,593,851,98.63,100
2024/6/19 14:45,1006.6,60.4,0,27.4,6.7,557,810,95.02,100
2024/6/19 15:00,1006.6,59.8,0,27.3,6.7,519,774,91.16,100
2024/6/19 15:15,1006.6,59.3,0,27.3,6.7,480,723,85.77,100
2024/6/19 15:30,1006.6,58.2,0,27.2,6.6,441,693,79.34,100
2024/6/19 15:45,1006.6,57.9,0,27.2,6.6,402,638,71.71,100
2024/6/19 16:00,1006.6,57.5,0,27.1,6.6,362,610,66.11,100
2024/6/19 16:15,1006.6,57.2,0,27,6.5,320,558,57.91,100
2024/6/19 16:30,1006.6,56.8,0,26.9,6.5,279,513,51.96,100
2024/6/19 16:45,1006.6,57.1,0,26.8,6.4,239,466,44.16,100
2024/6/19 17:00,1006.6,58.2,0,26.6,6.3,202,356,40.79,100
2024/6/19 17:15,1006.6,59.3,0,26.4,6.2,167,367,30.05,100
2024/6/19 17:30,1006.6,60,0,26.2,6.1,136,312,24.73,100
2024/6/19 17:45,1006.6,62.3,0,25.9,6.1,108,251,16.66,100
2024/6/19 18:00,1006.6,64.5,0,25.7,6,84,195,11.34,100
2024/6/19 18:15,1006.6,66.3,0,25.5,5.9,63,146,7.19,100
2024/6/19 18:30,1006.6,68.3,0,25.3,5.8,45,99,5.03,100
2024/6/19 18:45,1006.6,70.4,0,25.1,5.7,30,58,3.65,100
2024/6/19 19:00,1006.6,72.5,0,24.8,5.6,17,20,2.48,100
2024/6/19 19:15,1006.6,74.4,0,24.6,5.5,5,0,0,100
2024/6/19 19:30,1006.6,76.1,0,24.4,5.4,0,0,0,100
2024/6/19 19:45,1006.6,77.6,0,24.2,5.3,0,0,0,100
2024/6/19 20:00,1006.6,79.3,0,24,5.2,0,0,0,100
2024/6/19 20:15,1006.6,81,0,23.8,5.1,0,0,0,100
2024/6/19 20:30,1006.6,82.5,0,23.7,5,0,0,0,100
2024/6/19 20:45,1006.6,83.6,0,23.5,4.9,0,0,0,100
2024/6/19 21:00,1006.6,84.7,0,23.4,4.8,0,0,0,100
2024/6/19 21:15,1006.5,85.9,0,23.3,4.8,0,0,0,100
2024/6/19 21:30,1006.5,86.8,0,23.2,4.7,0,0,0,100
2024/6/19 21:45,1006.5,87.6,0,23,4.7,0,0,0,100
2024/6/19 22:00,1006.5,88.5,0,23,4.6,0,0,0,100
2024/6/19 22:15,1006.5,89.3,0,22.9,4.6,0,0,0,100
2024/6/19 22:30,1006.5,90,0,22.8,4.5,0,0,0,100
2024/6/19 22:45,1006.5,90.4,0,22.7,4.5,0,0,0,100
2024/6/19 23:00,1006.5,90.8,0,22.7,4.5,0,0,0,100
2024/6/19 23:15,1006.5,91.1,0,22.6,4.5,0,0,0,100
2024/6/19 23:30,1006.5,91.6,0,22.6,4.4,0,0,0,100
2024/6/19 23:45,1006.5,92.2,0,22.5,4.4,0,0,0,100
2024/6/20 0:00,1006.5,92,0,22,4.1,0,0,0,100
2024/6/20 0:15,1006.5,92.3,0,22,4,0,0,0,100
2024/6/20 0:30,1006.5,92.5,0,21.9,3.9,0,0,0,100
2024/6/20 0:45,1006.5,92.7,0,21.9,3.9,0,0,0,100
2024/6/20 1:00,1006.5,93,0,21.8,3.8,0,0,0,100
2024/6/20 1:15,1006.5,93.3,0,21.8,3.8,0,0,0,100
2024/6/20 1:30,1006.5,93.6,0,21.7,3.7,0,0,0,100
2024/6/20 1:45,1006.5,93.9,0,21.8,3.6,0,0,0,100
2024/6/20 2:00,1006.5,94.1,0,21.7,3.6,0,0,0,100
2024/6/20 2:15,1006.5,94.4,0,21.6,3.5,0,0,0,100
2024/6/20 2:30,1006.5,94.5,0,21.6,3.5,0,0,0,100
2024/6/20 2:45,1006.5,94.6,0,21.6,3.4,0,0,0,100
2024/6/20 3:00,1006.5,94.6,0,21.6,3.3,0,0,0,100
2024/6/20 3:15,1006.5,94.9,0,21.6,3.2,0,0,0,100
2024/6/20 3:30,1006.5,95,0,21.5,3.1,0,0,0,100
2024/6/20 3:45,1006.5,95,0,21.5,3,0,0,0,100
2024/6/20 4:00,1006.5,95,0,21.6,2.9,0,0,0,100
2024/6/20 4:15,1006.5,94.8,0,21.6,2.9,0,0,0,100
2024/6/20 4:30,1006.5,94.8,0,21.6,2.8,0,0,0,100
2024/6/20 4:45,1006.5,94.9,0,21.6,2.7,0,0,0,100
2024/6/20 5:00,1006.5,94.9,0,21.6,2.7,2,12,1.67,100
2024/6/20 5:15,1006.5,94.7,0,21.7,2.6,7,37,3.93,100
2024/6/20 5:30,1006.5,94.5,0,21.8,2.6,15,77,5.63,100
2024/6/20 5:45,1006.5,94.3,0,21.9,2.6,25,141,10.67,100
2024/6/20 6:00,1006.5,94,0,22,2.6,37,160,10.14,100
2024/6/20 6:15,1006.5,93.4,0,22.2,2.6,51,255,15.56,100
2024/6/20 6:30,1006.5,92.4,0,22.4,2.6,68,179,17.87,100
2024/6/20 6:45,1006.5,91.1,0,22.7,2.6,86,307,23.62,100
2024/6/20 7:00,1006.5,89.7,0,22.9,2.6,107,405,30.64,100
2024/6/20 7:15,1006.5,88.6,0,23.2,2.6,131,421,41.52,100
2024/6/20 7:30,1006.5,87.3,0,23.5,2.6,157,528,45.1,100
2024/6/20 7:45,1006.6,86.2,0,23.7,2.6,185,604,54.09,100
2024/6/20 8:00,1006.6,84.9,0,24,2.6,216,588,61.43,100
2024/6/20 8:15,1006.6,83.2,0,24.3,2.7,248,448,63.4,100
2024/6/20 8:30,1006.6,82.5,0,24.4,2.7,282,308,50,100
2024/6/20 8:45,1006.6,82.3,0,24.4,2.8,317,739,51.76,100
2024/6/20 9:00,1006.6,81.6,0,24.6,2.9,353,737,57.77,100
2024/6/20 9:15,1006.6,80.5,0,24.8,2.9,388,783,90.39,100
2024/6/20 9:30,1006.6,79.5,0,24.9,3,424,797,94.42,100
2024/6/20 9:45,1006.6,78.8,0,25.1,3,458,837,98.15,100
2024/6/20 10:00,1006.6,77.9,0,25.2,3.1,493,888,99.33,100
2024/6/20 10:15,1006.6,76.8,0,25.3,3.2,527,620,96.37,100
2024/6/20 10:30,1006.6,76.1,0,25.4,3.4,561,989,98.77,100
2024/6/20 10:45,1006.6,75.6,0,25.5,3.5,594,1001,92.35,100
2024/6/20 11:00,1006.6,75.4,0,25.6,3.6,625,1003,92.9,100
2024/6/20 11:15,1006.6,75,0,25.8,3.7,654,1015,99.99,100
2024/6/20 11:30,1006.6,74.1,0,25.9,3.8,680,715,99.99,100
2024/6/20 11:45,1006.6,73.3,0,26.1,3.9,703,1003,99.99,100
2024/6/20 12:00,1006.6,73,0,26.2,4,722,996,99.4,100
2024/6/20 12:15,1006.6,73.2,0,26.3,4.1,737,1013,98.99,100
2024/6/20 12:30,1006.6,74,0,26.3,4.1,747,1044,98.19,100
2024/6/20 12:45,1006.6,74.9,0,26.2,4.2,753,993,99.93,100
2024/6/20 13:00,1006.6,76.4,0,26,4.3,755,989,99.81,100
2024/6/20 13:15,1006.6,76.9,0,26,4.4,754,982,99.81,100
2024/6/20 13:30,1006.6,78.8,0,25.9,4.5,749,955,99.83,100
2024/6/20 13:45,1006.6,80.3,0,25.6,4.6,741,942,99.83,100
2024/6/20 14:00,1006.6,79.7,0,25.6,4.7,728,888,99.83,100
2024/6/20 14:15,1006.6,79.5,0,25.8,4.7,711,861,99.58,100
2024/6/20 14:30,1006.6,80.2,0,25.6,4.8,689,811,97.19,100
2024/6/20 14:45,1006.6,80.2,0,25.6,4.8,664,791,94.38,100
2024/6/20 15:00,1006.6,80.4,0,25.6,4.9,634,751,89.31,100
2024/6/20 15:15,1006.6,79.4,0,25.7,4.9,600,716,83.97,100
2024/6/20 15:30,1006.6,78.6,0,25.7,5,562,675,78.41,100
2024/6/20 15:45,1006.6,78.2,0,25.7,5,521,637,72.41,100
2024/6/20 16:00,1006.6,78.4,0,25.6,5,475,603,65.44,100
2024/6/20 16:15,1006.6,78.9,0,25.6,5,426,546,58.32,100
2024/6/20 16:30,1006.6,79.3,0,25.6,4.9,376,508,52.02,100
2024/6/20 16:45,1006.6,79.5,0,25.6,4.8,326,412,39.03,100
2024/6/20 17:00,1006.6,79.6,0,25.6,4.7,278,482,43.76,100
2024/6/20 17:15,1006.6,79.7,0,25.7,4.7,233,285,25.65,100
2024/6/20 17:30,1006.6,80,0,25.7,4.6,191,333,28.16,100
2024/6/20 17:45,1006.6,80.8,0,25.7,4.5,154,136,22.12,100
2024/6/20 18:00,1006.6,81.4,0,25.7,4.5,121,236,18.02,100
2024/6/20 18:15,1006.6,82.6,0,25.5,4.4,92,119,7.11,100
2024/6/20 18:30,1006.6,84,0,25.4,4.4,67,46,3.84,100
2024/6/20 18:45,1006.6,84.9,0,25.3,4.3,45,33,3.6,100
2024/6/20 19:00,1006.6,85.4,0,25.2,4.2,26,19,2.36,100
2024/6/20 19:15,1006.6,85.7,0,25.1,4.2,7,0,0,100
2024/6/20 19:30,1006.6,86.3,0,25,4.1,0,0,0,100
2024/6/20 19:45,1006.6,86.9,0,24.9,4.1,0,0,0,100
2024/6/20 20:00,1006.6,87.8,0,24.8,4,0,0,0,100
2024/6/20 20:15,1006.6,88.3,0,24.7,4,0,0,0,100
2024/6/20 20:30,1006.6,88.4,0,24.6,4,0,0,0,100
2024/6/20 20:45,1006.6,88.9,0,24.4,3.9,0,0,0,100
2024/6/20 21:00,1006.6,89.6,0,24.2,3.9,0,0,0,100
2024/6/20 21:15,1006.6,89.8,0,24.1,3.9,0,0,0,100
2024/6/20 21:30,1006.6,90.1,0,24,3.8,0,0,0,100
2024/6/20 21:45,1006.6,90.5,0,23.9,3.8,0,0,0,100
2024/6/20 22:00,1006.6,90.9,0,23.8,3.9,0,0,0,100
2024/6/20 22:15,1006.6,91.5,0,23.7,3.9,0,0,0,100
2024/6/20 22:30,1006.5,91.9,0,23.6,3.9,0,0,0,100
2024/6/20 22:45,1006.5,92.2,0,23.6,3.9,0,0,0,100
2024/6/20 23:00,1006.5,92.5,0,23.5,3.9,0,0,0,100
2024/6/20 23:15,1006.5,92.7,0,23.4,3.9,0,0,0,100
2024/6/20 23:30,1006.5,93,0,23.4,3.9,0,0,0,100
2024/6/20 23:45,1006.5,93.5,0,23.3,3.9,0,0,0,100
2024/6/21 0:00,1006.5,94.6,0,23.3,3.4,0,0,0,100
2024/6/21 0:15,1006.5,94.7,0,23.3,3.4,0,0,0,100
2024/6/21 0:30,1006.5,95,0,23.2,3.4,0,0,0,100
2024/6/21 0:45,1006.5,95.2,0,23.2,3.4,0,0,0,100
2024/6/21 1:00,1006.5,95.4,0,23.1,3.4,0,0,0,100
2024/6/21 1:15,1006.5,95.7,0,23.1,3.4,0,0,0,100
2024/6/21 1:30,1006.5,96,0,23,3.3,0,0,0,100
2024/6/21 1:45,1006.5,96.3,0,23,3.3,0,0,0,100
2024/6/21 2:00,1006.5,96.6,0,23,3.3,0,0,0,100
2024/6/21 2:15,1006.5,96.9,0,22.9,3.3,0,0,0,100
2024/6/21 2:30,1006.5,97.2,0,22.9,3.3,0,0,0,100
2024/6/21 2:45,1006.5,97.5,0,22.8,3.3,0,0,0,100
2024/6/21 3:00,1006.5,97.7,0,22.8,3.3,0,0,0,100
2024/6/21 3:15,1006.5,98,0,22.8,3.3,0,0,0,100
2024/6/21 3:30,1006.5,98.1,0,22.8,3.3,0,0,0,100
2024/6/21 3:45,1006.5,98.2,0,22.8,3.3,0,0,0,100
2024/6/21 4:00,1006.5,98.2,0,22.8,3.3,0,0,0,100
2024/6/21 4:15,1006.5,98.2,0,22.8,3.4,0,0,0,100
2024/6/21 4:30,1006.5,98.1,0,22.8,3.4,0,0,0,100
2024/6/21 4:45,1006.5,98.1,0,22.8,3.4,0,0,0,100
2024/6/21 5:00,1006.5,98.1,0,22.9,3.5,5,4,0.79,100
2024/6/21 5:15,1006.5,98.1,0,22.8,3.5,22,13,2.08,100
2024/6/21 5:30,1006.5,98.1,0,22.9,3.5,45,36,4.72,100
2024/6/21 5:45,1006.5,98,0,22.9,3.6,74,49,5.79,100
2024/6/21 6:00,1006.5,97.8,0,22.9,3.6,107,76,9.9,100
2024/6/21 6:15,1006.5,97.5,0,23,3.6,145,123,15.14,100
2024/6/21 6:30,1006.5,97.1,0,23.1,3.7,186,126,13.87,100
2024/6/21 6:45,1006.5,96.7,0,23.1,3.7,227,132,17.19,100
2024/6/21 7:00,1006.5,96.3,0,23.2,3.7,270,187,23.45,100
2024/6/21 7:15,1006.5,95.7,0,23.4,3.8,313,189,21.38,100
2024/6/21 7:30,1006.5,95,0,23.5,3.8,356,221,23.77,100
2024/6/21 7:45,1006.5,94.4,0,23.6,3.8,399,396,40.05,100
2024/6/21 8:00,1006.5,93.7,0,23.8,3.8,441,493,53.88,100
2024/6/21 8:15,1006.5,92.5,0,24,3.8,482,599,65.12,100
2024/6/21 8:30,1006.6,91.5,0,24.2,3.8,521,587,64.23,100
2024/6/21 8:45,1006.6,90.6,0,24.4,3.9,559,634,75.9,100
2024/6/21 9:00,1006.6,89.5,0,24.6,3.8,596,695,81.99,100
2024/6/21 9:15,1006.6,88.3,0,24.8,3.8,632,734,89.06,100
2024/6/21 9:30,1006.6,86.9,0,25,3.8,666,732,87.35,100
2024/6/21 9:45,1006.6,85.9,0,25.2,3.7,699,817,65,100
2024/6/21 10:00,1006.6,84.8,0,25.3,3.7,730,727,76.54,100
2024/6/21 10:15,1006.6,83.3,0,25.6,3.6,758,607,69.5,100
2024/6/21 10:30,1006.6,82.3,0,25.7,3.6,784,475,66.95,100
2024/6/21 10:45,1006.6,81.4,0,25.9,3.5,806,1018,61.14,100
2024/6/21 11:00,1006.6,80.9,0,25.9,3.4,825,863,60.9,100
2024/6/21 11:15,1006.6,80.5,0,26,3.4,841,521,61.27,100
2024/6/21 11:30,1006.6,80,0,26.1,3.3,852,549,60.99,100
2024/6/21 11:45,1006.6,78.6,0,26.3,3.2,859,563,60.96,100
2024/6/21 12:00,1006.6,77.7,0,26.5,3.1,861,517,60.54,100
2024/6/21 12:15,1006.6,77,0,26.7,3,859,944,97.5,100
2024/6/21 12:30,1006.6,76.1,0,26.8,2.9,852,424,55.86,100
2024/6/21 12:45,1006.6,76.5,0,26.8,2.8,840,293,33.27,100
2024/6/21 13:00,1006.6,75.5,0,26.9,2.7,822,253,32.91,100
2024/6/21 13:15,1006.6,74.5,0,27.1,2.7,800,307,37.06,100
2024/6/21 13:30,1006.6,74.1,0,27.2,2.6,774,283,36.93,100
2024/6/21 13:45,1006.6,73.9,0,27.1,2.5,744,243,30.23,100
2024/6/21 14:00,1006.6,73.5,0,27.1,2.5,711,190,24.1,100
2024/6/21 14:15,1006.6,73.2,0,27.2,2.5,675,224,28.56,100
2024/6/21 14:30,1006.6,73.2,0,27.2,2.4,638,223,27.48,100
2024/6/21 14:45,1006.6,73.6,0,27.2,2.4,599,225,26.15,100
2024/6/21 15:00,1006.6,74,0,27.2,2.4,559,248,30.96,100
2024/6/21 15:15,1006.6,73.4,0,27.3,2.4,519,242,27.88,100
2024/6/21 15:30,1006.6,73.2,0,27.4,2.4,478,216,27.63,100
2024/6/21 15:45,1006.6,73.8,0,27.3,2.5,439,135,17.43,100
2024/6/21 16:00,1006.6,74.8,0,27.2,2.5,398,123,13.46,100
2024/6/21 16:15,1006.6,75.3,0,27,2.5,356,74,8.04,100
2024/6/21 16:30,1006.6,75.3,0,27.1,2.6,315,53,6.76,100
2024/6/21 16:45,1006.6,75.8,0,26.9,2.6,276,49,6.56,100
2024/6/21 17:00,1006.6,76.3,0,26.8,2.7,238,34,4.33,100
2024/6/21 17:15,1006.6,76.6,0,26.8,2.7,202,15,2.34,100
2024/6/21 17:30,1006.6,77.5,0,26.7,2.8,169,33,3.64,100
2024/6/21 17:45,1006.6,78.7,0,26.6,2.9,138,11,3.3,100
2024/6/21 18:00,1006.6,79.5,0,26.5,3.1,111,22,3.34,100
2024/6/21 18:15,1006.6,80.8,0,26.4,3.2,86,6,2.03,100
2024/6/21 18:30,1006.6,82.5,0,26.2,3.3,64,17,2.07,100
2024/6/21 18:45,1006.6,83.2,0,26.1,3.4,44,10,1.89,100
2024/6/21 19:00,1006.6,83.7,0,26,3.5,25,25,4.07,100
2024/6/21 19:15,1006.6,83.5,0,25.9,3.6,8,0,0,100
2024/6/21 19:30,1006.6,84,0,25.8,3.7,0,0,0,100
2024/6/21 19:45,1006.6,84.6,0,25.7,3.8,0,0,0,100
2024/6/21 20:00,1006.6,85.5,0,25.5,3.9,0,0,0,100
2024/6/21 20:15,1006.6,85.5,0,25.4,4,0,0,0,100
2024/6/21 20:30,1006.6,84.8,0,25.2,4.1,0,0,0,100
2024/6/21 20:45,1006.6,86.2,0,25,4.2,0,0,0,100
2024/6/21 21:00,1006.5,86.6,0,24.9,4.3,0,0,0,100
2024/6/21 21:15,1006.5,85.8,0,24.8,4.3,0,0,0,100
2024/6/21 21:30,1006.5,86.8,0,24.6,4.4,0,0,0,100
2024/6/21 21:45,1006.5,87.7,0,24.5,4.4,0,0,0,100
2024/6/21 22:00,1006.5,88.4,0,24.4,4.5,0,0,0,100
2024/6/21 22:15,1006.5,89.1,0,24.3,4.5,0,0,0,100
2024/6/21 22:30,1006.5,89.8,0,24.2,4.5,0,0,0,100
2024/6/21 22:45,1006.5,90.3,0,24.1,4.5,0,0,0,100
2024/6/21 23:00,1006.5,90.7,0,24,4.5,0,0,0,100
2024/6/21 23:15,1006.5,91.1,0,23.9,4.5,0,0,0,100
2024/6/21 23:30,1006.5,91.6,0,23.9,4.4,0,0,0,100
2024/6/21 23:45,1006.5,92.2,0,23.8,4.4,0,0,0,100
2024/6/22 0:00,1006.5,94.6,0,24.1,2.7,0,0,0,100
2024/6/22 0:15,1006.5,95.2,0,24,2.7,0,0,0,100
2024/6/22 0:30,1006.5,95.7,0,24,2.6,0,0,0,100
2024/6/22 0:45,1006.5,95.7,0,23.9,2.6,0,0,0,100
2024/6/22 1:00,1006.5,95.7,0,23.9,2.6,0,0,0,100
2024/6/22 1:15,1006.5,95.5,0,23.8,2.6,0,0,0,100
2024/6/22 1:30,1006.5,95.2,0,23.8,2.6,0,0,0,100
2024/6/22 1:45,1006.5,94.7,0,23.8,2.6,0,0,0,100
2024/6/22 2:00,1006.5,95,0,23.7,2.6,0,0,0,100
2024/6/22 2:15,1006.5,95.6,0,23.7,2.6,0,0,0,100
2024/6/22 2:30,1006.5,96.3,0,23.7,2.5,0,0,0,100
2024/6/22 2:45,1006.5,96.8,0,23.6,2.5,0,0,0,100
2024/6/22 3:00,1006.5,96.9,0,23.6,2.6,0,0,0,100
2024/6/22 3:15,1006.5,96.9,0,23.6,2.6,0,0,0,100
2024/6/22 3:30,1006.5,97,0,23.5,2.6,0,0,0,100
2024/6/22 3:45,1006.5,97.2,0,23.4,2.6,0,0,0,100
2024/6/22 4:00,1006.5,97.3,0,23.3,2.6,0,0,0,100
2024/6/22 4:15,1006.5,97.1,0,23.2,2.6,0,0,0,100
2024/6/22 4:30,1006.5,97,0,23.2,2.6,0,0,0,100
2024/6/22 4:45,1006.5,96.9,0,23.2,2.5,0,0,0,100
2024/6/22 5:00,1006.5,97,0,23.3,2.5,6,9,1.33,100
2024/6/22 5:15,1006.5,97.3,0,23.2,2.4,23,16,2.51,100
2024/6/22 5:30,1006.5,97.6,0,23.2,2.4,46,31,3.4,100
2024/6/22 5:45,1006.5,97.6,0,23.3,2.3,74,85,8.39,100
2024/6/22 6:00,1006.5,97.3,0,23.3,2.3,106,105,11.6,100
2024/6/22 6:15,1006.5,96.5,0,23.5,2.3,142,93,9.29,100
2024/6/22 6:30,1006.5,95.5,0,23.6,2.3,180,193,16.55,100
2024/6/22 6:45,1006.5,93.8,0,23.7,2.4,219,195,24.64,100
2024/6/22 7:00,1006.5,92.3,0,23.9,2.4,260,255,28.8,100
2024/6/22 7:15,1006.5,90.1,0,24.1,2.5,301,368,35.82,100
2024/6/22 7:30,1006.5,86,0,24.5,2.6,343,417,41.72,100
2024/6/22 7:45,1006.5,82.9,0,24.9,2.6,385,471,49.78,100
2024/6/22 8:00,1006.5,79.4,0,25.1,2.7,427,508,54.64,100
2024/6/22 8:15,1006.5,77.3,0,25.3,2.7,467,553,41,100
2024/6/22 8:30,1006.5,77.5,0,25.5,2.8,507,532,71.63,100
2024/6/22 8:45,1006.5,78.4,0,25.5,2.9,545,337,34.55,100
2024/6/22 9:00,1006.5,79.7,0,25.5,2.9,582,442,44.09,100
2024/6/22 9:15,1006.5,79.3,0,25.5,3,616,513,58.65,100
2024/6/22 9:30,1006.5,77.9,0,25.5,3,649,637,53.17,100
2024/6/22 9:45,1006.5,79.1,0,25.3,3.1,679,832,61.33,100
2024/6/22 10:00,1006.5,80.4,0,25.1,3.1,705,651,58.44,100
2024/6/22 10:15,1006.5,81.7,0,25.1,3.2,727,555,57.34,100
2024/6/22 10:30,1006.5,83,0,25.1,3.2,745,480,53.25,100
2024/6/22 10:45,1006.5,83.5,0,25.1,3.3,759,620,72.53,100
2024/6/22 11:00,1006.5,83.4,0,25.2,3.3,769,671,79.43,100
2024/6/22 11:15,1006.5,83.7,0,25.3,3.4,775,641,72.67,100
2024/6/22 11:30,1006.5,84.3,0,25.3,3.4,779,922,84.02,100
2024/6/22 11:45,1006.5,85.1,0,25.2,3.4,779,456,68.2,100
2024/6/22 12:00,1006.5,85.1,0,25.2,3.4,777,974,92.19,100
2024/6/22 12:15,1006.5,84.4,0,25.3,3.4,772,765,83.74,100
2024/6/22 12:30,1006.5,83.4,0,25.3,3.4,765,953,99.54,100
2024/6/22 12:45,1006.5,82.4,0,25.4,3.3,757,925,99.64,100
2024/6/22 13:00,1006.5,81.2,0,25.5,3.2,748,938,99.96,100
2024/6/22 13:15,1006.5,80.1,0,25.5,3.1,737,935,99.96,100
2024/6/22 13:30,1006.5,78.8,0,25.6,3,725,930,99.96,100
2024/6/22 13:45,1006.5,77.2,0,25.7,2.9,710,905,99.96,100
2024/6/22 14:00,1006.5,74.8,0,25.8,2.8,692,850,99.32,100
2024/6/22 14:15,1006.5,71.5,0,26.1,2.7,672,842,98.9,100
2024/6/22 14:30,1006.5,68,0,26.3,2.6,648,816,95.94,100
2024/6/22 14:45,1006.5,65.1,0,26.6,2.5,621,600,71.52,100
2024/6/22 15:00,1006.5,63.1,0,26.9,2.4,590,722,63.12,100
2024/6/22 15:15,1006.5,61.8,0,27.1,2.3,557,747,67.68,100
2024/6/22 15:30,1006.5,61,0,27.3,2.2,520,610,63.87,100
2024/6/22 15:45,1006.5,60.7,0,27.4,2.2,480,660,65.85,100
2024/6/22 16:00,1006.5,60.3,0,27.5,2.1,436,242,31.64,100
2024/6/22 16:15,1006.5,60.1,0,27.7,2.1,390,310,44.76,100
2024/6/22 16:30,1006.5,60,0,27.9,2,344,454,41.86,100
2024/6/22 16:45,1006.5,60.3,0,28,2,298,244,24.96,100
2024/6/22 17:00,1006.5,61.1,0,28.1,2,254,203,22.49,100
2024/6/22 17:15,1006.6,61.6,0,28.3,2,213,139,16.13,100
2024/6/22 17:30,1006.6,61.6,0,28.3,2,175,128,15.76,100
2024/6/22 17:45,1006.6,61.7,0,28.4,2,141,102,12.06,100
2024/6/22 18:00,1006.6,62.1,0,28.4,2.1,111,77,9.77,100
2024/6/22 18:15,1006.6,62.4,0,28.4,2.1,85,59,7.36,100
2024/6/22 18:30,1006.6,62.7,0,28.4,2.1,62,53,6.23,100
2024/6/22 18:45,1006.6,63.3,0,28.4,2.2,42,53,6.38,100
2024/6/22 19:00,1006.6,64.8,0,28.2,2.2,24,30,3.86,100
2024/6/22 19:15,1006.6,67.2,0,28,2.3,8,0,0,100
2024/6/22 19:30,1006.6,69.4,0,27.7,2.4,0,0,0,100
2024/6/22 19:45,1006.6,71.2,0,27.4,2.5,0,0,0,100
2024/6/22 20:00,1006.6,72.6,0,27.2,2.6,0,0,0,100
2024/6/22 20:15,1006.6,73.6,0,27,2.7,0,0,0,100
2024/6/22 20:30,1006.6,75.1,0,26.8,2.8,0,0,0,100
2024/6/22 20:45,1006.6,76.4,0,26.5,2.9,0,0,0,100
2024/6/22 21:00,1006.6,77.1,0,26.3,3,0,0,0,100
2024/6/22 21:15,1006.6,78.9,0,26.1,3.2,0,0,0,100
2024/6/22 21:30,1006.6,81.1,0,25.9,3.2,0,0,0,100
2024/6/22 21:45,1006.6,82.6,0,25.7,3.3,0,0,0,100
2024/6/22 22:00,1006.6,84.5,0,25.5,3.4,0,0,0,100
2024/6/22 22:15,1006.6,86.6,0,25.4,3.5,0,0,0,100
2024/6/22 22:30,1006.5,88.7,0,25.2,3.6,0,0,0,100
2024/6/22 22:45,1006.5,90.8,0,25,3.6,0,0,0,100
2024/6/22 23:00,1006.5,91.9,0,25,3.7,0,0,0,100
2024/6/22 23:15,1006.5,92.2,0,24.9,3.7,0,0,0,100
2024/6/22 23:30,1006.5,93.2,0,24.8,3.8,0,0,0,100
2024/6/22 23:45,1006.5,93.4,0,24.7,3.8,0,0,0,100
2024/6/23 0:00,1006.5,86.5,0,24.6,2.8,0,0,0,100
2024/6/23 0:15,1006.5,86.8,0,24.5,2.8,0,0,0,100
2024/6/23 0:30,1006.5,87.1,0,24.5,2.9,0,0,0,100
2024/6/23 0:45,1006.5,87.5,0,24.4,2.9,0,0,0,100
2024/6/23 1:00,1006.5,87.9,0,24.4,3,0,0,0,100
2024/6/23 1:15,1006.5,88.2,0,24.3,3,0,0,0,100
2024/6/23 1:30,1006.5,88.8,0,24.3,3,0,0,0,100
2024/6/23 1:45,1006.5,89.7,0,24.2,3.1,0,0,0,100
2024/6/23 2:00,1006.5,90.5,0,24.1,3.1,0,0,0,100
2024/6/23 2:15,1006.5,91.2,0,24.1,3.2,0,0,0,100
2024/6/23 2:30,1006.5,91.6,0,24,3.2,0,0,0,100
2024/6/23 2:45,1006.5,92.1,0,24,3.2,0,0,0,100
2024/6/23 3:00,1006.5,92.7,0,23.9,3.3,0,0,0,100
2024/6/23 3:15,1006.5,93.2,0,23.9,3.3,0,0,0,100
2024/6/23 3:30,1006.5,93.7,0,23.9,3.3,0,0,0,100
2024/6/23 3:45,1006.5,94.2,0,23.9,3.3,0,0,0,100
2024/6/23 4:00,1006.5,95,0,23.8,3.3,0,0,0,100
2024/6/23 4:15,1006.5,95.4,0,23.8,3.3,0,0,0,100
2024/6/23 4:30,1006.5,95.7,0,23.8,3.3,0,0,0,100
2024/6/23 4:45,1006.5,96.2,0,23.7,3.3,0,0,0,100
2024/6/23 5:00,1006.5,96.7,0,23.6,3.4,7,14,1.52,100
2024/6/23 5:15,1006.5,97.1,0,23.6,3.4,25,28,3.25,100
2024/6/23 5:30,1006.5,97.1,0,23.6,3.4,49,62,6.84,100
2024/6/23 5:45,1006.5,97.4,0,23.6,3.4,79,120,12.71,100
2024/6/23 6:00,1006.5,97.6,0,23.7,3.4,113,70,8.61,100
2024/6/23 6:15,1006.5,97.6,0,23.8,3.4,152,45,5.04,100
2024/6/23 6:30,1006.5,97.4,0,23.9,3.4,193,103,9.77,100
2024/6/23 6:45,1006.5,97.2,0,24.1,3.3,235,134,15.71,100
2024/6/23 7:00,1006.5,97,0,24.4,3.4,278,162,16.93,100
2024/6/23 7:15,1006.5,96.4,0,24.7,3.4,321,163,17.83,100
2024/6/23 7:30,1006.5,95.2,0,25,3.5,366,147,16.12,100
2024/6/23 7:45,1006.5,93.3,0,25.4,3.7,409,154,34.27,100
2024/6/23 8:00,1006.5,91.2,0,25.8,3.7,453,352,35.53,100
2024/6/23 8:15,1006.6,89.4,0,26.2,3.8,495,254,41.47,100
2024/6/23 8:30,1006.6,87.1,0,26.5,3.8,536,362,41.31,100
2024/6/23 8:45,1006.6,84.9,0,26.8,3.8,576,613,69.93,100
2024/6/23 9:00,1006.6,82.8,0,27.1,3.9,614,678,81.98,100
2024/6/23 9:15,1006.6,79.5,0,27.4,4,651,728,83.02,100
2024/6/23 9:30,1006.6,74.5,0,27.8,4.1,687,765,89.6,100
2024/6/23 9:45,1006.6,73.3,0,27.8,4.2,720,760,85.07,100
2024/6/23 10:00,1006.6,78.5,0,27.4,4.3,751,631,94.06,100
2024/6/23 10:15,1006.6,75.9,0,27.3,4.5,779,847,97.9,100
2024/6/23 10:30,1006.6,77.3,0.1,26.9,4.6,804,871,98.94,100
2024/6/23 10:45,1006.6,75.4,0.1,26.7,4.8,825,909,99.44,100
2024/6/23 11:00,1006.6,74.7,0,26.7,5,842,940,99.44,100
2024/6/23 11:15,1006.6,73.1,0,26.8,5.1,856,962,99.44,100
2024/6/23 11:30,1006.6,70.4,0,26.9,5.3,866,951,99.44,100
2024/6/23 11:45,1006.6,69.7,0,27,5.4,873,947,99.44,100
2024/6/23 12:00,1006.6,70.4,0,27,5.6,875,926,99.44,100
2024/6/23 12:15,1006.6,70.5,0,27.1,5.7,874,925,99.44,100
2024/6/23 12:30,1006.6,70.8,0,27,5.9,870,931,99.44,100
2024/6/23 12:45,1006.5,71.8,0,26.6,6,862,910,99.44,100
2024/6/23 13:00,1006.5,74.8,0,26.2,6.1,852,911,99.44,100
2024/6/23 13:15,1006.5,73.5,0,25.9,6.2,839,880,99.44,100
2024/6/23 13:30,1006.5,75.9,0,25.7,6.3,822,866,99.44,100
2024/6/23 13:45,1006.5,76,0,25.4,6.4,803,835,98.54,100
2024/6/23 14:00,1006.5,75.1,0,25.4,6.5,780,811,96.25,100
2024/6/23 14:15,1006.5,74.5,0,25.4,6.7,754,776,91.14,100
2024/6/23 14:30,1006.5,73.3,0,25.4,6.8,724,732,88.5,100
2024/6/23 14:45,1006.5,71.6,0,25.4,6.9,691,701,82.84,100
2024/6/23 15:00,1006.5,69.3,0,25.4,7,654,663,78.55,100
2024/6/23 15:15,1006.5,68.8,0,25.4,7.1,615,630,73.3,100
2024/6/23 15:30,1006.5,69,0,25.4,7.1,572,584,68.46,100
2024/6/23 15:45,1006.5,69.3,0,25.3,7.1,527,537,61.69,100
2024/6/23 16:00,1006.5,67.5,0,25.3,7.1,478,501,56.12,100
2024/6/23 16:15,1006.5,66.5,0,25.3,7.1,428,455,49.65,100
2024/6/23 16:30,1006.5,64.8,0,25.3,7,376,408,44.06,100
2024/6/23 16:45,1006.5,64.4,0,25.3,6.9,326,362,37.53,100
2024/6/23 17:00,1006.5,65.6,0,25.2,6.9,278,311,31.14,100
2024/6/23 17:15,1006.5,66.4,0,25.1,6.8,232,272,28.78,100
2024/6/23 17:30,1006.5,67.2,0,25,6.8,191,229,22.23,100
2024/6/23 17:45,1006.5,68.6,0,24.9,6.8,154,196,17.46,100
2024/6/23 18:00,1006.5,71,0,24.8,6.8,121,134,12.83,100
2024/6/23 18:15,1006.5,72.1,0,24.7,6.7,92,94,9.23,100
2024/6/23 18:30,1006.5,74.4,0,24.5,6.7,68,64,6.63,100
2024/6/23 18:45,1006.5,76,0,24.4,6.6,46,39,4.26,100
2024/6/23 19:00,1006.5,76.9,0,24.3,6.6,27,21,2.57,100
2024/6/23 19:15,1006.5,77.5,0,24.3,6.5,9,0,0,100
2024/6/23 19:30,1006.5,77.6,0,24.3,6.4,0,0,0,100
2024/6/23 19:45,1006.5,78.3,0,24.3,6.4,0,0,0,100
2024/6/23 20:00,1006.6,78.4,0,24.2,6.3,0,0,0,100
2024/6/23 20:15,1006.6,78.1,0,24.2,6.3,0,0,0,100
2024/6/23 20:30,1006.6,78,0,24.2,6.2,0,0,0,100
2024/6/23 20:45,1006.6,79.3,0,24.1,6.2,0,0,0,100
2024/6/23 21:00,1006.6,81.2,0,24.1,6.1,0,0,0,100
2024/6/23 21:15,1006.6,82.7,0,23.9,6.1,0,0,0,100
2024/6/23 21:30,1006.6,82.8,0,23.8,6.1,0,0,0,100
2024/6/23 21:45,1006.6,82.8,0,23.8,6,0,0,0,100
2024/6/23 22:00,1006.6,81.5,0,23.8,6,0,0,0,100
2024/6/23 22:15,1006.6,85.1,0,23.5,6,0,0,0,100
2024/6/23 22:30,1006.6,85.3,0,23.3,6,0,0,0,100
2024/6/23 22:45,1006.6,84.4,0,23.3,6,0,0,0,100
2024/6/23 23:00,1006.6,83,0,23.3,6,0,0,0,100
2024/6/23 23:15,1006.6,82.1,0,23.3,6,0,0,0,100
2024/6/23 23:30,1006.6,81,0,23.3,6,0,0,0,100
2024/6/23 23:45,1006.6,80,0,23.3,6.1,0,0,0,100
2024/6/25 0:00,1006.6,72.5,0,21.5,2.3,0,0,0,100
2024/6/25 0:15,1006.6,72.8,0,21.4,2.3,0,0,0,100
2024/6/25 0:30,1006.6,73.3,0,21.3,2.4,0,0,0,100
2024/6/25 0:45,1006.6,73.8,0,21.2,2.4,0,0,0,100
2024/6/25 1:00,1006.6,74.3,0,21.1,2.4,0,0,0,100
2024/6/25 1:15,1006.6,74.9,0,21,2.4,0,0,0,100
2024/6/25 1:30,1006.6,75.6,0,20.9,2.4,0,0,0,100
2024/6/25 1:45,1006.6,76.3,0,20.8,2.4,0,0,0,100
2024/6/25 2:00,1006.6,77.2,0,20.7,2.5,0,0,0,100
2024/6/25 2:15,1006.6,77.8,0,20.6,2.5,0,0,0,100
2024/6/25 2:30,1006.6,77.9,0,20.5,2.5,0,0,0,100
2024/6/25 2:45,1006.6,77.9,0,20.5,2.5,0,0,0,100
2024/6/25 3:00,1006.6,78.1,0,20.5,2.5,0,0,0,100
2024/6/25 3:15,1006.6,78.5,0,20.4,2.5,0,0,0,100
2024/6/25 3:30,1006.6,78.9,0,20.4,2.5,0,0,0,100
2024/6/25 3:45,1006.6,79.3,0,20.3,2.5,0,0,0,100
2024/6/25 4:00,1006.6,79.4,0,20.3,2.5,0,0,0,100
2024/6/25 4:15,1006.6,79.4,0,20.3,2.5,0,0,0,100
2024/6/25 4:30,1006.6,79.4,0,20.2,2.5,0,0,0,100
2024/6/25 4:45,1006.6,79.4,0,20.2,2.5,0,0,0,100
2024/6/25 5:00,1006.6,79.3,0,20.2,2.5,6,11,1.46,100
2024/6/25 5:15,1006.6,79.1,0,20.2,2.4,23,33,2.85,100
2024/6/25 5:30,1006.6,78.8,0,20.2,2.4,45,63,4.08,100
2024/6/25 5:45,1006.6,78.4,0,20.3,2.4,72,106,5.66,100
2024/6/25 6:00,1006.6,77.9,0,20.4,2.4,104,150,8.45,100
2024/6/25 6:15,1006.6,77.6,0,20.6,2.4,138,203,13,100
2024/6/25 6:30,1006.6,77.3,0,20.8,2.3,175,256,18.39,100
2024/6/25 6:45,1006.6,76.6,0,21.2,2.3,214,312,25.46,100
2024/6/25 7:00,1006.6,75.5,0,21.6,2.3,253,364,32.25,100
2024/6/25 7:15,1006.6,73.1,0,22.1,2.3,293,416,39.71,100
2024/6/25 7:30,1006.6,71.1,0,22.5,2.3,334,454,46.53,100
2024/6/25 7:45,1006.6,69.9,0,22.8,2.3,375,513,54.5,100
2024/6/25 8:00,1006.6,68.4,0,23.2,2.3,415,562,60.83,100
2024/6/25 8:15,1006.6,66.9,0,23.6,2.3,455,605,67.64,100
2024/6/25 8:30,1006.6,64.6,0,24,2.3,493,649,73.81,100
2024/6/25 8:45,1006.6,61,0,24.3,2.3,530,686,79.56,100
2024/6/25 9:00,1006.6,57.6,0,24.6,2.3,565,718,84.43,100
2024/6/25 9:15,1006.6,55.3,0,24.9,2.3,597,763,88.76,100
2024/6/25 9:30,1006.6,53.7,0,25.1,2.3,627,797,93.77,100
2024/6/25 9:45,1006.7,51.8,0,25.3,2.4,655,836,97.64,100
2024/6/25 10:00,1006.7,50.5,0,25.5,2.4,679,873,97.92,100
2024/6/25 10:15,1006.7,49.5,0,25.7,2.4,699,927,97.92,100
2024/6/25 10:30,1006.7,48.5,0,25.8,2.5,716,963,97.92,100
2024/6/25 10:45,1006.7,47.9,0,25.9,2.5,728,987,97.92,100
2024/6/25 11:00,1006.7,47.3,0,26,2.6,737,1001,97.92,100
2024/6/25 11:15,1006.7,47,0,26.1,2.6,741,1013,97.92,100
2024/6/25 11:30,1006.7,46.5,0,26.2,2.7,741,1019,97.92,100
2024/6/25 11:45,1006.7,46,0,26.3,2.8,738,1019,97.92,100
2024/6/25 12:00,1006.7,45.6,0,26.4,2.9,731,1019,97.92,100
2024/6/25 12:15,1006.7,45.3,0,26.5,3,720,1008,97.92,100
2024/6/25 12:30,1006.7,45.7,0,26.5,3.1,706,1008,97.92,100
2024/6/25 12:45,1006.7,45.9,0,26.6,3.1,689,1008,97.92,100
2024/6/25 13:00,1006.7,45.8,0,26.7,3.2,667,1008,97.92,100
2024/6/25 13:15,1006.7,45.4,0,26.7,3.3,641,1008,97.92,100
2024/6/25 13:30,1006.7,44.9,0,26.8,3.4,611,998,97.92,100
2024/6/25 13:45,1006.7,44.6,0,26.8,3.5,578,970,97.92,100
2024/6/25 14:00,1006.7,43.9,0,26.8,3.5,544,940,97.92,100
2024/6/25 14:15,1006.7,43.5,0,26.8,3.6,508,890,97.92,100
2024/6/25 14:30,1006.7,42.7,0,26.9,3.6,472,850,98.41,100
2024/6/25 14:45,1006.7,42.1,0,26.9,3.7,437,809,94.64,100
2024/6/25 15:00,1006.7,42,0,26.9,3.7,402,769,89.95,100
2024/6/25 15:15,1006.7,41.6,0,26.9,3.7,369,731,84.21,100
2024/6/25 15:30,1006.7,42.4,0,26.8,3.8,338,693,78.58,100
2024/6/25 15:45,1006.7,42.9,0,26.8,3.8,309,649,72.1,100
2024/6/25 16:00,1006.7,43.1,0,26.8,3.8,281,604,66.09,100
2024/6/25 16:15,1006.7,43.3,0,26.8,3.8,254,562,59,100
2024/6/25 16:30,1006.7,43.5,0,26.8,3.8,228,520,52.87,100
2024/6/25 16:45,1006.7,44.3,0,26.7,3.8,203,468,44.7,100
2024/6/25 17:00,1006.7,45.6,0,26.6,3.7,179,424,38.19,100
2024/6/25 17:15,1006.7,46.7,0,26.6,3.7,156,371,30.68,100
2024/6/25 17:30,1006.7,48.5,0,26.5,3.7,134,316,23.67,100
2024/6/25 17:45,1006.7,50.6,0,26.4,3.7,113,256,16.73,100
2024/6/25 18:00,1006.7,52,0,26.3,3.7,94,208,11.58,100
2024/6/25 18:15,1006.7,53.3,0,26.2,3.7,75,150,7.27,100
2024/6/25 18:30,1006.7,54.7,0,26.1,3.8,57,105,5.07,100
2024/6/25 18:45,1006.7,56.8,0,25.9,3.8,40,56,3.64,100
2024/6/25 19:00,1006.7,58.6,0,25.7,3.8,24,16,2.34,100
2024/6/25 19:15,1006.7,60.2,0,25.5,3.8,8,0,0,100
2024/6/25 19:30,1006.7,61.9,0,25.3,3.8,0,0,0,100
2024/6/25 19:45,1006.7,64.1,0,25,3.9,0,0,0,100
2024/6/25 20:00,1006.7,66.8,0,24.8,3.9,0,0,0,100
2024/6/25 20:15,1006.7,68.9,0,24.6,3.9,0,0,0,100
2024/6/25 20:30,1006.7,70.4,0,24.3,3.9,0,0,0,100
2024/6/25 20:45,1006.7,71.8,0,24.1,3.9,0,0,0,100
2024/6/25 21:00,1006.7,73.7,0,23.8,4,0,0,0,100
2024/6/25 21:15,1006.7,74.3,0,23.7,4,0,0,0,100
2024/6/25 21:30,1006.6,74.6,0,23.5,4,0,0,0,100
2024/6/25 21:45,1006.6,75.6,0,23.2,4.1,0,0,0,100
2024/6/25 22:00,1006.6,76.7,0,23,4.1,0,0,0,100
2024/6/25 22:15,1006.6,77.8,0,22.8,4.2,0,0,0,100
2024/6/25 22:30,1006.6,78.7,0,22.7,4.2,0,0,0,100
2024/6/25 22:45,1006.6,79.5,0,22.5,4.2,0,0,0,100
2024/6/25 23:00,1006.6,80.4,0,22.3,4.2,0,0,0,100
2024/6/25 23:15,1006.6,81.4,0,22.2,4.2,0,0,0,100
2024/6/25 23:30,1006.6,82.1,0,22,4.2,0,0,0,100
2024/6/25 23:45,1006.6,82.6,0,21.9,4.2,0,0,0,100
2024/6/26 0:00,1006.6,83.6,0,22.4,3.8,0,0,0,100
2024/6/26 0:15,1006.6,85.5,0,22.2,3.9,0,0,0,100
2024/6/26 0:30,1006.6,87,0,22,3.9,0,0,0,100
2024/6/26 0:45,1006.6,87.5,0,21.9,3.9,0,0,0,100
2024/6/26 1:00,1006.6,87.7,0,21.8,3.9,0,0,0,100
2024/6/26 1:15,1006.6,88,0,21.6,4,0,0,0,100
2024/6/26 1:30,1006.6,87.7,0,21.5,4,0,0,0,100
2024/6/26 1:45,1006.6,87,0,21.5,4,0,0,0,100
2024/6/26 2:00,1006.6,86.7,0,21.4,4,0,0,0,100
2024/6/26 2:15,1006.6,86.5,0,21.3,4,0,0,0,100
2024/6/26 2:30,1006.6,86.6,0,21.2,4,0,0,0,100
2024/6/26 2:45,1006.6,86.7,0,21.1,4,0,0,0,100
2024/6/26 3:00,1006.6,86.8,0,21,3.9,0,0,0,100
2024/6/26 3:15,1006.6,86.9,0,20.9,3.9,0,0,0,100
2024/6/26 3:30,1006.6,87.1,0,20.8,3.9,0,0,0,100
2024/6/26 3:45,1006.6,87.2,0,20.7,3.8,0,0,0,100
2024/6/26 4:00,1006.6,87.3,0,20.6,3.8,0,0,0,100
2024/6/26 4:15,1006.6,87.4,0,20.6,3.8,0,0,0,100
2024/6/26 4:30,1006.6,87.5,0,20.5,3.7,0,0,0,100
2024/6/26 4:45,1006.6,87.5,0,20.4,3.7,0,0,0,100
2024/6/26 5:00,1006.6,87.4,0,20.3,3.6,4,11,1.51,100
2024/6/26 5:15,1006.6,87,0,20.3,3.6,17,30,3.16,100
2024/6/26 5:30,1006.6,86.5,0,20.4,3.5,35,58,4.94,100
2024/6/26 5:45,1006.6,85.9,0,20.5,3.4,57,94,7.18,100
2024/6/26 6:00,1006.6,85,0,20.7,3.4,84,134,9.75,100
2024/6/26 6:15,1006.6,84,0,21,3.3,114,180,13.59,100
2024/6/26 6:30,1006.6,82.7,0,21.3,3.2,147,232,17.75,100
2024/6/26 6:45,1006.6,81,0,21.7,3.2,182,277,24.01,100
2024/6/26 7:00,1006.6,78.7,0,22.2,3.1,218,327,29.83,100
2024/6/26 7:15,1006.6,75.8,0,22.7,3,257,375,37.28,100
2024/6/26 7:30,1006.6,74.4,0,23,3,297,419,42.36,100
2024/6/26 7:45,1006.7,73.2,0,23.4,3,338,473,50.19,100
2024/6/26 8:00,1006.7,71.5,0,23.8,2.9,380,515,56.68,100
2024/6/26 8:15,1006.7,68.3,0,24.2,2.9,422,566,63.11,100
2024/6/26 8:30,1006.7,65.5,0,24.5,2.9,464,594,67.85,100
2024/6/26 8:45,1006.7,64,0,24.8,2.8,505,643,73.28,100
2024/6/26 9:00,1006.7,62.5,0,25.1,2.8,545,671,78.12,100
2024/6/26 9:15,1006.7,59.6,0,25.3,2.8,582,715,83.62,100
2024/6/26 9:30,1006.7,57.3,0,25.5,2.8,618,747,87.62,100
2024/6/26 9:45,1006.7,56.5,0,25.7,2.8,650,787,92.5,100
2024/6/26 10:00,1006.7,56,0,25.8,2.8,680,830,94.97,100
2024/6/26 10:15,1006.7,54.5,0,26,2.8,706,858,97.17,100
2024/6/26 10:30,1006.7,53.5,0,26.1,2.8,729,901,98.27,100
2024/6/26 10:45,1006.7,53.5,0,26.1,2.8,748,921,99.08,100
2024/6/26 11:00,1006.7,54,0,26.1,2.8,763,930,99.08,100
2024/6/26 11:15,1006.7,54.1,0,26.2,2.9,773,953,99.08,100
2024/6/26 11:30,1006.7,53,0,26.2,2.9,780,947,99.08,100
2024/6/26 11:45,1006.7,52.1,0,26.3,2.9,783,952,99.08,100
2024/6/26 12:00,1006.7,51.5,0,26.4,3,781,955,99.08,100
2024/6/26 12:15,1006.7,50.9,0,26.5,3,775,952,99.08,100
2024/6/26 12:30,1006.7,50.4,0,26.6,3.1,765,959,99.08,100
2024/6/26 12:45,1006.7,50.4,0,26.6,3.1,751,966,99.08,100
2024/6/26 13:00,1006.7,49.6,0,26.7,3.2,731,965,99.08,100
2024/6/26 13:15,1006.7,48.6,0,26.7,3.2,707,964,99.08,100
2024/6/26 13:30,1006.7,47.6,0,26.8,3.3,678,952,99.08,100
2024/6/26 13:45,1006.7,47,0,26.9,3.3,646,921,99.08,100
2024/6/26 14:00,1006.7,46.6,0,26.9,3.3,611,885,99.08,100
2024/6/26 14:15,1006.7,46.4,0,27,3.4,575,840,98.16,100
2024/6/26 14:30,1006.7,46.1,0,27.1,3.4,537,795,94.39,100
2024/6/26 14:45,1006.7,45.6,0,27.2,3.4,500,763,88.4,100
2024/6/26 15:00,1006.7,45,0,27.2,3.4,463,724,84.58,100
2024/6/26 15:15,1006.7,44.2,0,27.3,3.4,428,689,78.28,100
2024/6/26 15:30,1006.7,43.8,0,27.3,3.4,394,649,72.12,100
2024/6/26 15:45,1006.7,43.4,0,27.3,3.4,361,606,65.12,100
2024/6/26 16:00,1006.7,42.9,0,27.3,3.4,329,550,61.17,100
2024/6/26 16:15,1006.7,42.9,0,27.4,3.4,298,511,54.1,100
2024/6/26 16:30,1006.7,43.5,0,27.4,3.4,268,455,48.39,100
2024/6/26 16:45,1006.7,43.9,0,27.3,3.4,238,469,41.59,100
2024/6/26 17:00,1006.7,44.6,0,27.3,3.4,210,362,35.12,100
2024/6/26 17:15,1006.7,45.6,0,27.3,3.5,183,244,27.92,100
2024/6/26 17:30,1006.7,46.5,0,27.2,3.5,157,288,22.09,100
2024/6/26 17:45,1006.7,48.1,0,27.1,3.6,132,233,16.15,100
2024/6/26 18:00,1006.7,50.3,0,27,3.6,109,173,11.87,100
2024/6/26 18:15,1006.7,52.6,0,26.8,3.7,87,131,8.48,100
2024/6/26 18:30,1006.7,54.7,0,26.6,3.7,66,90,6.32,100
2024/6/26 18:45,1006.7,56.9,0,26.4,3.8,47,54,4.39,100
2024/6/26 19:00,1006.7,59.5,0,26.1,3.9,28,25,2.87,100
2024/6/26 19:15,1006.7,60.9,0,25.6,3.9,10,0,0,100
2024/6/26 19:30,1006.7,63.4,0,25.1,4,0,0,0,100
2024/6/26 19:45,1006.7,65.7,0,24.7,4.1,0,0,0,100
2024/6/26 20:00,1006.7,65.7,0,24.4,4.1,0,0,0,100
2024/6/26 20:15,1006.7,68,0,24,4.2,0,0,0,100
2024/6/26 20:30,1006.7,70.3,0,23.8,4.2,0,0,0,100
2024/6/26 20:45,1006.7,71.6,0,23.6,4.3,0,0,0,100
2024/6/26 21:00,1006.6,72.4,0,23.3,4.3,0,0,0,100
2024/6/26 21:15,1006.6,73.3,0,23.1,4.4,0,0,0,100
2024/6/26 21:30,1006.6,74.4,0,22.9,4.5,0,0,0,100
2024/6/26 21:45,1006.6,75.6,0,22.7,4.5,0,0,0,100
2024/6/26 22:00,1006.6,76.8,0,22.5,4.6,0,0,0,100
2024/6/26 22:15,1006.6,77.8,0,22.3,4.6,0,0,0,100
2024/6/26 22:30,1006.6,78.8,0,22.1,4.6,0,0,0,100
2024/6/26 22:45,1006.6,79.5,0,21.9,4.6,0,0,0,100
2024/6/26 23:00,1006.6,80.2,0,21.8,4.6,0,0,0,100
2024/6/26 23:15,1006.6,81,0,21.6,4.6,0,0,0,100
2024/6/26 23:30,1006.6,81.7,0,21.5,4.5,0,0,0,100
2024/6/26 23:45,1006.6,82.4,0,21.3,4.5,0,0,0,100
2024/6/27 0:00,1006.6,83,0,21.9,4.8,0,0,0,100
2024/6/27 0:15,1006.6,83.9,0,21.8,4.8,0,0,0,100
2024/6/27 0:30,1006.6,84.8,0,21.7,4.7,0,0,0,100
2024/6/27 0:45,1006.6,85.6,0,21.6,4.7,0,0,0,100
2024/6/27 1:00,1006.6,86.3,0,21.5,4.6,0,0,0,100
2024/6/27 1:15,1006.6,87,0,21.4,4.5,0,0,0,100
2024/6/27 1:30,1006.6,87.6,0,21.3,4.5,0,0,0,100
2024/6/27 1:45,1006.6,88.2,0,21.2,4.5,0,0,0,100
2024/6/27 2:00,1006.6,88.7,0,21.1,4.4,0,0,0,100
2024/6/27 2:15,1006.6,89.3,0,21,4.4,0,0,0,100
2024/6/27 2:30,1006.6,89.7,0,20.9,4.3,0,0,0,100
2024/6/27 2:45,1006.6,90,0,20.9,4.2,0,0,0,100
2024/6/27 3:00,1006.6,90.3,0,20.8,4.2,0,0,0,100
2024/6/27 3:15,1006.6,90.5,0,20.8,4.1,0,0,0,100
2024/6/27 3:30,1006.6,90.7,0,20.7,4.1,0,0,0,100
2024/6/27 3:45,1006.6,91,0,20.7,4,0,0,0,100
2024/6/27 4:00,1006.6,91.3,0,20.6,3.9,0,0,0,100
2024/6/27 4:15,1006.6,91.5,0,20.6,3.9,0,0,0,100
2024/6/27 4:30,1006.6,91.7,0,20.5,3.9,0,0,0,100
2024/6/27 4:45,1006.6,91.8,0,20.5,3.9,0,0,0,100
2024/6/27 5:00,1006.6,91.8,0,20.5,3.9,5,14,1.79,100
2024/6/27 5:15,1006.6,91.9,0,20.4,3.9,21,39,3.83,100
2024/6/27 5:30,1006.6,91.7,0,20.5,3.9,42,67,5.52,100
2024/6/27 5:45,1006.6,91.2,0,20.6,3.9,68,104,6.92,100
2024/6/27 6:00,1006.6,90.3,0,20.8,3.9,100,135,9.39,100
2024/6/27 6:15,1006.6,89,0,21.1,3.9,135,194,13.77,100
2024/6/27 6:30,1006.6,87.5,0,21.5,3.9,173,242,18.84,100
2024/6/27 6:45,1006.6,85.6,0,21.9,3.9,212,302,25.09,100
2024/6/27 7:00,1006.6,83.9,0,22.3,4,252,339,30.25,100
2024/6/27 7:15,1006.6,82.2,0,22.7,4,293,390,37.66,100
2024/6/27 7:30,1006.6,81,0,23,4,334,453,45.85,100
2024/6/27 7:45,1006.6,78.8,0,23.4,4,375,502,53.28,100
2024/6/27 8:00,1006.6,76.3,0,23.7,4,416,548,59.33,100
2024/6/27 8:15,1006.6,74.6,0,23.9,4,455,595,65.85,100
2024/6/27 8:30,1006.6,73.8,0,24.2,4,494,636,72.05,100
2024/6/27 8:45,1006.6,72.9,0,24.3,4,532,676,78.47,100
2024/6/27 9:00,1006.6,71.5,0,24.6,4,568,711,82.94,100
2024/6/27 9:15,1006.6,70,0,24.8,4,603,754,88.96,100
2024/6/27 9:30,1006.6,65.7,0,25.1,4,637,793,93.49,100
2024/6/27 9:45,1006.6,62.4,0,25.3,4,670,834,97.26,100
2024/6/27 10:00,1006.6,61.4,0,25.6,4,701,879,98.73,100
2024/6/27 10:15,1006.7,60.4,0,25.8,3.9,731,924,98.73,100
2024/6/27 10:30,1006.7,57.1,0,26.1,3.9,758,963,98.73,100
2024/6/27 10:45,1006.7,54.3,0,26.3,3.9,783,988,98.73,100
2024/6/27 11:00,1006.7,52.8,0,26.5,3.8,804,1007,98.73,100
2024/6/27 11:15,1006.7,51.6,0,26.6,3.8,821,1014,98.73,100
2024/6/27 11:30,1006.7,51.1,0,26.8,3.7,833,1012,98.73,100
2024/6/27 11:45,1006.7,48.5,0,26.9,3.7,842,996,98.73,100
2024/6/27 12:00,1006.7,46.6,0,27.1,3.7,844,1001,98.73,100
2024/6/27 12:15,1006.7,45.5,0,27.2,3.6,842,1004,98.73,100
2024/6/27 12:30,1006.7,45.5,0,27.3,3.6,833,1020,99.94,100
2024/6/27 12:45,1006.7,44.7,0,27.4,3.6,819,1018,99.94,100
2024/6/27 13:00,1006.7,43.8,0,27.5,3.6,797,951,99.94,100
2024/6/27 13:15,1006.7,43.5,0,27.6,3.6,769,965,82.42,100
2024/6/27 13:30,1006.7,43.7,0,27.6,3.6,736,664,84.31,100
2024/6/27 13:45,1006.7,44.5,0,27.7,3.6,698,488,30.96,100
2024/6/27 14:00,1006.7,45.3,0,27.7,3.5,658,973,72.95,100
2024/6/27 14:15,1006.7,45.6,0,27.7,3.5,616,895,72.95,100
2024/6/27 14:30,1006.7,45.5,0,27.7,3.5,573,847,97.9,100
2024/6/27 14:45,1006.7,45.2,0,27.7,3.6,530,819,94.36,100
2024/6/27 15:00,1006.7,45.3,0,27.7,3.6,487,790,91.49,100
2024/6/27 15:15,1006.7,45.8,0,27.7,3.6,447,744,87.11,100
2024/6/27 15:30,1006.7,46.6,0,27.6,3.6,409,708,78.35,100
2024/6/27 15:45,1006.6,46.6,0,27.6,3.6,373,672,72.11,100
2024/6/27 16:00,1006.6,45.8,0,27.6,3.7,338,621,66.15,100
2024/6/27 16:15,1006.6,45.6,0,27.5,3.7,303,589,61.08,100
2024/6/27 16:30,1006.6,46.3,0,27.4,3.7,270,558,54.44,100
2024/6/27 16:45,1006.6,47.7,0,27.3,3.8,238,515,40.31,100
2024/6/27 17:00,1006.6,49.3,0,27.2,3.8,208,446,43.7,100
2024/6/27 17:15,1006.6,50.5,0,27,3.8,180,363,34.49,100
2024/6/27 17:30,1006.6,50.8,0,26.9,3.9,153,332,25.83,100
2024/6/27 17:45,1006.6,51.8,0,26.7,3.9,128,266,19.1,100
2024/6/27 18:00,1006.6,54.1,0,26.4,3.9,105,183,13.66,100
2024/6/27 18:15,1006.6,56.4,0,26.2,3.9,83,91,9.05,100
2024/6/27 18:30,1006.6,57.4,0,25.9,3.9,63,96,7.07,100
2024/6/27 18:45,1006.6,58.7,0,25.6,3.9,44,49,5.7,100
2024/6/27 19:00,1006.6,60.8,0,25.3,3.9,27,20,4.57,100
2024/6/27 19:15,1006.6,62.6,0,25,3.9,10,0,0,100
2024/6/27 19:30,1006.6,63.4,0,24.7,3.9,0,0,0,100
2024/6/27 19:45,1006.6,64.1,0,24.4,3.9,0,0,0,100
2024/6/27 20:00,1006.6,65.1,0,24.1,3.9,0,0,0,100
2024/6/27 20:15,1006.6,66.2,0,23.8,3.9,0,0,0,100
2024/6/27 20:30,1006.6,67.2,0,23.6,3.9,0,0,0,100
2024/6/27 20:45,1006.6,68,0,23.4,3.9,0,0,0,100
2024/6/27 21:00,1006.6,68.8,0,23.2,3.9,0,0,0,100
2024/6/27 21:15,1006.6,69.6,0,23,3.9,0,0,0,100
2024/6/27 21:30,1006.6,70.5,0,22.8,3.9,0,0,0,100
2024/6/27 21:45,1006.6,71.6,0,22.6,3.8,0,0,0,100
2024/6/27 22:00,1006.6,72.9,0,22.4,3.8,0,0,0,100
2024/6/27 22:15,1006.6,74.4,0,22.2,3.7,0,0,0,100
2024/6/27 22:30,1006.6,75.7,0,22.1,3.7,0,0,0,100
2024/6/27 22:45,1006.6,77.1,0,21.9,3.6,0,0,0,100
2024/6/27 23:00,1006.6,78.3,0,21.8,3.6,0,0,0,100
2024/6/27 23:15,1006.6,79.5,0,21.7,3.5,0,0,0,100
2024/6/27 23:30,1006.6,80.7,0,21.5,3.5,0,0,0,100
2024/6/27 23:45,1006.6,81.9,0,21.4,3.5,0,0,0,100
2024/6/28 0:00,1006.6,86.5,0,21.6,3.8,0,0,0,100
2024/6/28 0:15,1006.6,87.6,0,21.5,3.7,0,0,0,100
2024/6/28 0:30,1006.5,88.5,0,21.4,3.7,0,0,0,100
2024/6/28 0:45,1006.5,89.2,0,21.3,3.7,0,0,0,100
2024/6/28 1:00,1006.5,89.9,0,21.2,3.6,0,0,0,100
2024/6/28 1:15,1006.5,90.5,0,21.1,3.6,0,0,0,100
2024/6/28 1:30,1006.5,91.1,0,21,3.6,0,0,0,100
2024/6/28 1:45,1006.5,91.7,0,20.9,3.6,0,0,0,100
2024/6/28 2:00,1006.5,92.4,0,20.9,3.6,0,0,0,100
2024/6/28 2:15,1006.5,93.2,0,20.8,3.6,0,0,0,100
2024/6/28 2:30,1006.5,93.9,0,20.7,3.5,0,0,0,100
2024/6/28 2:45,1006.5,94.6,0,20.7,3.5,0,0,0,100
2024/6/28 3:00,1006.5,95.3,0,20.6,3.6,0,0,0,100
2024/6/28 3:15,1006.5,96,0,20.6,3.6,0,0,0,100
2024/6/28 3:30,1006.5,96.7,0,20.5,3.6,0,0,0,100
2024/6/28 3:45,1006.5,97.2,0,20.4,3.6,0,0,0,100
2024/6/28 4:00,1006.5,97.8,0,20.4,3.7,0,0,0,100
2024/6/28 4:15,1006.5,98.1,0,20.4,3.7,0,0,0,100
2024/6/28 4:30,1006.5,98.3,0,20.3,3.8,0,0,0,100
2024/6/28 4:45,1006.5,98.3,0,20.3,3.8,0,0,0,100
2024/6/28 5:00,1006.5,98.4,0,20.3,3.9,5,0,0,100
2024/6/28 5:15,1006.5,98.5,0,20.3,3.9,21,38,5.47,100
2024/6/28 5:30,1006.5,98.6,0,20.3,4,41,69,7.14,100
2024/6/28 5:45,1006.5,98.7,0,20.3,4.1,64,106,8.94,100
2024/6/28 6:00,1006.5,98.9,0,20.4,4.1,91,146,11.1,100
2024/6/28 6:15,1006.5,99.3,0,20.4,4.2,121,200,15.27,100
2024/6/28 6:30,1006.5,99.6,0,20.4,4.3,151,242,19.97,100
2024/6/28 6:45,1006.5,99.4,0,20.5,4.4,181,300,26.22,100
2024/6/28 7:00,1006.5,99.4,0,20.5,4.5,210,344,32.39,100
2024/6/28 7:15,1006.5,99.4,0,20.6,4.6,238,401,39.65,100
2024/6/28 7:30,1006.5,98.9,0,20.8,4.6,264,442,46.08,100
2024/6/28 7:45,1006.5,98.2,0,21,4.7,287,498,53.24,100
2024/6/28 8:00,1006.5,97,0,21.2,4.8,309,539,59.41,100
2024/6/28 8:15,1006.5,94.9,0,21.6,4.9,328,590,66.43,100
2024/6/28 8:30,1006.6,91.4,0,22.1,4.9,345,632,72.51,100
2024/6/28 8:45,1006.6,87.2,0,22.7,5,359,676,78.55,100
2024/6/28 9:00,1006.6,83.6,0,23.2,5,372,708,83.25,100
2024/6/28 9:15,1006.6,81,0,23.7,5.1,383,745,88.13,100
2024/6/28 9:30,1006.6,77.2,0,24.1,5.1,393,784,92.61,100
2024/6/28 9:45,1006.6,74.5,0,24.4,5.1,403,818,96.37,100
2024/6/28 10:00,1006.6,74.5,0,24.6,5.1,411,853,98.03,100
2024/6/28 10:15,1006.6,74.5,0,24.8,5.1,417,895,86.25,100
2024/6/28 10:30,1006.6,72.9,0,25,5.1,420,921,86.01,100
2024/6/28 10:45,1006.6,70,0,25.2,5.1,422,947,81.27,100
2024/6/28 11:00,1006.6,67.2,0,25.5,5.1,421,966,84.52,100
2024/6/28 11:15,1006.6,66.8,0,25.7,5.1,418,977,81.01,100
2024/6/28 11:30,1006.6,66.4,0,25.9,5.1,412,985,81.01,100
2024/6/28 11:45,1006.6,66.1,0,26.1,5.1,405,976,81.01,100
2024/6/28 12:00,1006.6,64.3,0,26.3,5.1,394,978,99.04,100
2024/6/28 12:15,1006.6,62.4,0,26.5,5.1,381,971,99.04,100
2024/6/28 12:30,1006.6,59.6,0,26.7,5.1,366,995,98.98,100
2024/6/28 12:45,1006.6,59.4,0,26.8,5.1,349,973,99.01,100
2024/6/28 13:00,1006.6,60.1,0,26.9,5,327,972,98.9,100
2024/6/28 13:15,1006.6,58,0,27.1,5,302,973,98.88,100
2024/6/28 13:30,1006.6,57.8,0,27.2,5,275,972,98.71,100
2024/6/28 13:45,1006.6,57.4,0,27.3,5,247,914,98.6,100
2024/6/28 14:00,1006.6,56.7,0,27.4,4.9,218,867,98.17,100
2024/6/28 14:15,1006.6,56.5,0,27.5,4.9,190,853,95.86,100
2024/6/28 14:30,1006.6,56.4,0,27.5,4.9,163,790,94.8,100
2024/6/28 14:45,1006.6,55.9,0,27.6,4.9,138,753,89.68,100
2024/6/28 15:00,1006.6,54.7,0,27.6,4.9,116,732,85.8,100
2024/6/28 15:15,1006.6,55.1,0,27.6,4.9,97,705,78.62,100
2024/6/28 15:30,1006.6,55.1,0,27.6,4.9,82,658,74.62,100
2024/6/28 15:45,1006.6,55.5,0,27.6,4.9,70,599,66.76,100
2024/6/28 16:00,1006.6,54.9,0,27.7,4.9,60,543,63.31,100
2024/6/28 16:15,1006.6,55.2,0,27.7,4.9,53,507,55.51,100
2024/6/28 16:30,1006.6,58.2,0,27.6,5,48,476,50.13,100
2024/6/28 16:45,1006.6,57,0,27.5,5,44,414,41.13,100
2024/6/28 17:00,1006.6,54.8,0,27.4,5.1,40,383,35.88,100
2024/6/28 17:15,1006.6,54.9,0,27.3,5.1,37,322,29.5,100
2024/6/28 17:30,1006.6,55.8,0,27.2,5.2,33,278,25.06,100
2024/6/28 17:45,1006.6,57,0,27,5.2,30,227,19.06,100
2024/6/28 18:00,1006.6,59.3,0,26.7,5.3,26,208,17.31,100
2024/6/28 18:15,1006.6,61.6,0,26.5,5.3,22,124,13,100
2024/6/28 18:30,1006.6,63.5,0,26.2,5.4,17,77,8.32,100
2024/6/28 18:45,1006.6,66.1,0,25.9,5.4,12,49,6.24,100
2024/6/28 19:00,1006.6,69.1,0,25.6,5.4,8,23,4.64,100
2024/6/28 19:15,1006.6,71.5,0,25.2,5.5,3,0,0,100
2024/6/28 19:30,1006.6,73.9,0,24.9,5.5,0,0,0,100
2024/6/28 19:45,1006.6,76.2,0,24.6,5.6,0,0,0,100
2024/6/28 20:00,1006.6,78.3,0,24.2,5.6,0,0,0,100
2024/6/28 20:15,1006.6,80.3,0,23.9,5.7,0,0,0,100
2024/6/28 20:30,1006.6,81.7,0,23.7,5.7,0,0,0,100
2024/6/28 20:45,1006.6,82.8,0,23.5,5.8,0,0,0,100
2024/6/28 21:00,1006.6,83.6,0,23.3,5.8,0,0,0,100
2024/6/28 21:15,1006.5,84.2,0,23.1,5.9,0,0,0,100
2024/6/28 21:30,1006.5,84.9,0,23,5.9,0,0,0,100
2024/6/28 21:45,1006.5,85.8,0,22.9,6,0,0,0,100
2024/6/28 22:00,1006.5,87.2,0,22.8,6,0,0,0,100
2024/6/28 22:15,1006.5,88.8,0,22.7,6.1,0,0,0,100
2024/6/28 22:30,1006.5,90.1,0,22.6,6.1,0,0,0,100
2024/6/28 22:45,1006.5,91.2,0,22.6,6.1,0,0,0,100
2024/6/28 23:00,1006.5,92.2,0,22.5,6.1,0,0,0,100
2024/6/28 23:15,1006.5,93.2,0,22.5,6.1,0,0,0,100
2024/6/28 23:30,1006.5,94.1,0,22.4,6.1,0,0,0,100
2024/6/28 23:45,1006.5,95,0,22.4,6.1,0,0,0,100
2024/6/29 0:00,1006.5,94.1,0,22.7,5.4,0,0,0,100
2024/6/29 0:15,1006.5,95,0,22.6,5.4,0,0,0,100
2024/6/29 0:30,1006.5,95.8,0,22.5,5.3,0,0,0,100
2024/6/29 0:45,1006.5,96.4,0,22.4,5.2,0,0,0,100
2024/6/29 1:00,1006.5,96.5,0,22.4,5.1,0,0,0,100
2024/6/29 1:15,1006.5,96.2,0,22.4,5,0,0,0,100
2024/6/29 1:30,1006.5,95.8,0,22.4,5,0,0,0,100
2024/6/29 1:45,1006.5,95.5,0,22.4,4.9,0,0,0,100
2024/6/29 2:00,1006.5,95.2,0,22.4,4.8,0,0,0,100
2024/6/29 2:15,1006.5,94.7,0,22.4,4.8,0,0,0,100
2024/6/29 2:30,1006.5,94.3,0,22.4,4.7,0,0,0,100
2024/6/29 2:45,1006.5,93.9,0,22.4,4.6,0,0,0,100
2024/6/29 3:00,1006.5,93.2,0,22.4,4.6,0,0,0,100
2024/6/29 3:15,1006.5,92.8,0,22.4,4.5,0,0,0,100
2024/6/29 3:30,1006.5,92.7,0,22.3,4.5,0,0,0,100
2024/6/29 3:45,1006.5,93,0,22.3,4.4,0,0,0,100
2024/6/29 4:00,1006.5,93.5,0,22.3,4.4,0,0,0,100
2024/6/29 4:15,1006.5,94,0,22.2,4.3,0,0,0,100
2024/6/29 4:30,1006.5,94.3,0,22.2,4.2,0,0,0,100
2024/6/29 4:45,1006.5,94.5,0,22.2,4.2,0,0,0,100
2024/6/29 5:00,1006.5,94.6,0,22.3,4.1,4,12,3.88,100
2024/6/29 5:15,1006.5,94.5,0,22.4,4,14,40,6.14,100
2024/6/29 5:30,1006.5,94.5,0,22.4,4,29,69,8.11,100
2024/6/29 5:45,1006.5,95.3,0,22.4,3.9,48,118,11.77,100
2024/6/29 6:00,1006.5,95.7,0,22.5,3.9,70,163,13.14,100
2024/6/29 6:15,1006.5,95.5,0,22.7,3.9,96,157,13.17,100
2024/6/29 6:30,1006.5,95.4,0,22.8,3.8,126,84,9.29,100
2024/6/29 6:45,1006.5,95,0,23,3.8,157,291,27.94,100
2024/6/29 7:00,1006.5,94.1,0,23.2,3.7,192,371,35.47,100
2024/6/29 7:15,1006.5,92.8,0,23.4,3.7,230,400,38.67,100
2024/6/29 7:30,1006.5,91.5,0,23.7,3.7,271,372,41.29,100
2024/6/29 7:45,1006.5,90.2,0,23.9,3.6,314,568,55.63,100
2024/6/29 8:00,1006.5,88.9,0,24.2,3.5,359,610,66.72,100
2024/6/29 8:15,1006.5,87.9,0,24.5,3.5,406,585,71.2,100
2024/6/29 8:30,1006.5,86.8,0,24.7,3.4,453,840,71.12,100
2024/6/29 8:45,1006.5,85.6,0,24.9,3.4,500,385,69.73,100
2024/6/29 9:00,1006.6,84.3,0,25.1,3.4,546,494,56.62,100
2024/6/29 9:15,1006.6,83.5,0,25.3,3.4,590,351,40.2,100
2024/6/29 9:30,1006.6,82.9,0,25.4,3.4,631,399,58.53,100
2024/6/29 9:45,1006.6,82.1,0,25.6,3.4,669,624,74.18,100
2024/6/29 10:00,1006.6,81.5,0,25.7,3.4,702,304,38.14,100
2024/6/29 10:15,1006.6,81.6,0.1,25.8,3.5,732,318,44.54,100
2024/6/29 10:30,1006.6,81.3,0.2,26,3.6,757,335,41.59,100
2024/6/29 10:45,1006.6,81.6,0,26,3.7,777,295,35.3,100
2024/6/29 11:00,1006.6,81.4,0,26.1,3.8,794,642,71.68,100
2024/6/29 11:15,1006.6,79.8,0,26.2,3.9,806,748,97.1,100
2024/6/29 11:30,1006.6,79.1,0,26.3,4,815,533,46.72,100
2024/6/29 11:45,1006.6,79.4,0,26.3,4.1,820,355,46.33,100
2024/6/29 12:00,1006.6,79.5,0,26.2,4.2,822,479,60.67,100
2024/6/29 12:15,1006.5,80.2,0,26.2,4.4,821,294,39.8,100
2024/6/29 12:30,1006.5,80.8,0,26.1,4.5,817,289,36.24,100
2024/6/29 12:45,1006.5,81.1,0,26.1,4.6,811,265,36.36,100
2024/6/29 13:00,1006.5,81.3,0,26.1,4.7,804,334,45.56,100
2024/6/29 13:15,1006.5,80.9,0,26.1,4.8,793,316,41.25,100
2024/6/29 13:30,1006.5,82,0,26,4.9,780,238,29.91,100
2024/6/29 13:45,1006.5,83.1,0,25.9,5,764,195,25.32,100
2024/6/29 14:00,1006.5,83.2,0.1,25.8,5.1,745,221,28.2,100
2024/6/29 14:15,1006.5,82.3,0,25.9,5.2,722,156,24.08,100
2024/6/29 14:30,1006.5,85.4,0.2,25.7,5.2,696,61,8.89,100
2024/6/29 14:45,1006.5,86.7,0,25.6,5.3,667,33,7.21,100
2024/6/29 15:00,1006.5,85.8,0.1,25.6,5.3,634,35,6.21,100
2024/6/29 15:15,1006.5,85.2,0,25.5,5.3,598,29,5.92,100
2024/6/29 15:30,1006.5,84.8,0,25.5,5.3,559,35,7.51,100
2024/6/29 15:45,1006.5,85.2,0,25.5,5.3,518,48,8.64,100
2024/6/29 16:00,1006.5,86.4,0,25.4,5.2,472,54,7.95,100
2024/6/29 16:15,1006.5,87.3,0.2,25.3,5.1,425,25,5.55,100
2024/6/29 16:30,1006.5,87.5,0.2,25.3,5,376,46,11.81,100
2024/6/29 16:45,1006.5,88.5,0,25.2,4.9,329,67,12.71,100
2024/6/29 17:00,1006.5,87.9,0,25.2,4.7,282,99,10.66,100
2024/6/29 17:15,1006.5,86.3,0.1,25.2,4.6,239,34,5.72,100
2024/6/29 17:30,1006.5,85.8,0,25.2,4.4,199,36,6.65,100
2024/6/29 17:45,1006.5,86.9,0,25.1,4.2,162,19,5.71,100
2024/6/29 18:00,1006.5,87.2,0,25.1,4.1,129,19,4.36,100
2024/6/29 18:15,1006.5,87.1,0,25.1,3.9,100,10,3.53,100
2024/6/29 18:30,1006.5,86.8,0,25.1,3.7,75,10,3.74,100
2024/6/29 18:45,1006.5,87.4,0,25.1,3.6,52,14,4.13,100
2024/6/29 19:00,1006.5,88.3,0,24.9,3.4,32,8,3.13,100
2024/6/29 19:15,1006.5,88.6,0,24.9,3.3,12,0,0,100
2024/6/29 19:30,1006.5,89.7,0,24.8,3.2,0,0,0,100
2024/6/29 19:45,1006.5,90.3,0,24.7,3,0,0,0,100
2024/6/29 20:00,1006.5,90.4,0,24.7,3,0,0,0,100
2024/6/29 20:15,1006.5,90.3,0,24.6,2.9,0,0,0,100
2024/6/29 20:30,1006.5,90.7,0,24.6,2.7,0,0,0,100
2024/6/29 20:45,1006.5,91,0,24.6,2.6,0,0,0,100
2024/6/29 21:00,1006.5,91,0,24.6,2.5,0,0,0,100
2024/6/29 21:15,1006.5,91.4,0,24.6,2.4,0,0,0,100
2024/6/29 21:30,1006.5,91.5,0,24.6,2.3,0,0,0,100
2024/6/29 21:45,1006.5,91.4,0,24.5,2.2,0,0,0,100
2024/6/29 22:00,1006.5,91.5,0,24.5,2.2,0,0,0,100
2024/6/29 22:15,1006.5,91.4,0,24.5,2.1,0,0,0,100
2024/6/29 22:30,1006.5,91,0,24.5,2.1,0,0,0,100
2024/6/29 22:45,1006.5,90.7,0,24.4,2.2,0,0,0,100
2024/6/29 23:00,1006.5,90.5,0,24.4,2.2,0,0,0,100
2024/6/29 23:15,1006.5,90.5,0,24.4,2.2,0,0,0,100
2024/6/29 23:30,1006.5,90.9,0,24.4,2.2,0,0,0,100
2024/6/29 23:45,1006.5,91.3,0,24.4,2.3,0,0,0,100
2024/6/30 0:00,1006.5,89.5,0,23.5,3,0,0,0,100
2024/6/30 0:15,1006.5,88.9,0,23.5,3,0,0,0,100
2024/6/30 0:30,1006.5,87.7,0,23.5,3,0,0,0,100
2024/6/30 0:45,1006.5,87.1,0,23.6,3,0,0,0,100
2024/6/30 1:00,1006.5,86.9,0,23.5,2.9,0,0,0,100
2024/6/30 1:15,1006.5,86.9,0,23.3,2.9,0,0,0,100
2024/6/30 1:30,1006.5,88.1,0,23.2,2.9,0,0,0,100
2024/6/30 1:45,1006.5,90.8,0,22.9,2.9,0,0,0,100
2024/6/30 2:00,1006.5,91,0,22.7,2.9,0,0,0,100
2024/6/30 2:15,1006.5,90.5,0,22.6,2.8,0,0,0,100
2024/6/30 2:30,1006.5,90.2,0,22.6,2.8,0,0,0,100
2024/6/30 2:45,1006.5,90,0,22.5,2.7,0,0,0,100
2024/6/30 3:00,1006.5,89.7,0,22.4,2.7,0,0,0,100
2024/6/30 3:15,1006.5,89.2,0,22.3,2.6,0,0,0,100
2024/6/30 3:30,1006.5,88.7,0,22.3,2.6,0,0,0,100
2024/6/30 3:45,1006.5,88.8,0,22.2,2.6,0,0,0,100
2024/6/30 4:00,1006.5,89.3,0,22.2,2.5,0,0,0,100
2024/6/30 4:15,1006.5,89.9,0,22.1,2.4,0,0,0,100
2024/6/30 4:30,1006.5,90.6,0,22,2.4,0,0,0,100
2024/6/30 4:45,1006.5,90.9,0,21.9,2.4,0,0,0,100
2024/6/30 5:00,1006.5,90.9,0,21.9,2.3,6,8,3.62,100
2024/6/30 5:15,1006.5,90.8,0,21.9,2.3,25,28,5.2,100
2024/6/30 5:30,1006.5,90.9,0,22,2.2,49,51,7.08,100
2024/6/30 5:45,1006.5,91,0,22.1,2.2,78,85,9.43,100
2024/6/30 6:00,1006.5,90.5,0,22.2,2.2,112,119,11.88,100
2024/6/30 6:15,1006.5,89.5,0,22.3,2.1,150,157,15.59,100
2024/6/30 6:30,1006.5,88.3,0,22.5,2.1,191,215,21.71,100
2024/6/30 6:45,1006.5,87,0,22.8,2,232,240,24.94,100
2024/6/30 7:00,1006.5,85.1,0,23.1,2,275,302,29.94,100
2024/6/30 7:15,1006.5,83.5,0,23.4,1.9,318,359,37.16,100
2024/6/30 7:30,1006.5,82.4,0,23.7,1.9,362,398,41.93,100
2024/6/30 7:45,1006.5,81,0,23.9,1.8,406,433,46.9,100
2024/6/30 8:00,1006.5,80.4,0,24.2,1.8,448,372,51.43,100
2024/6/30 8:15,1006.5,78.8,0,24.4,1.8,490,541,60.09,100
2024/6/30 8:30,1006.5,77.1,0,24.8,1.8,531,581,65.51,100
2024/6/30 8:45,1006.5,75.3,0,25.1,1.7,571,627,72.66,100
2024/6/30 9:00,1006.5,73.3,0,25.4,1.7,608,662,76.12,100
2024/6/30 9:15,1006.5,71.6,0,25.7,1.7,644,686,78.99,100
2024/6/30 9:30,1006.5,70.6,0,26,1.7,679,727,83.98,100
2024/6/30 9:45,1006.5,69.9,0,26.3,1.7,711,739,88.53,100
2024/6/30 10:00,1006.5,69.2,0,26.6,1.7,741,787,91.15,100
2024/6/30 10:15,1006.5,68.7,0,26.8,1.7,767,826,94.85,100
2024/6/30 10:30,1006.5,68.2,0,27,1.8,790,875,97.04,100
2024/6/30 10:45,1006.5,67.3,0,27.2,1.8,809,904,98.29,100
2024/6/30 11:00,1006.6,66.4,0,27.4,1.8,824,904,98.52,100
2024/6/30 11:15,1006.6,65.5,0,27.6,1.8,836,911,98.63,100
2024/6/30 11:30,1006.6,64.8,0,27.7,1.8,844,903,98.71,100
2024/6/30 11:45,1006.6,64.3,0,27.8,1.8,849,916,98.85,100
2024/6/30 12:00,1006.6,63.9,0,27.9,1.8,850,919,98.88,100
2024/6/30 12:15,1006.6,63.8,0,27.9,1.8,848,914,98.94,100
2024/6/30 12:30,1006.6,63.9,0,27.9,1.9,843,914,98.81,100
2024/6/30 12:45,1006.6,63.8,0,28,1.9,835,916,98.94,100
2024/6/30 13:00,1006.6,63.4,0,28.1,2,825,898,98.76,100
2024/6/30 13:15,1006.6,63,0,28.2,2.1,812,887,98.61,100
2024/6/30 13:30,1006.6,62.7,0,28.3,2.1,797,876,97.65,100
2024/6/30 13:45,1006.6,62.3,0,28.5,2.2,778,850,97.03,100
2024/6/30 14:00,1006.6,61.9,0,28.6,2.3,757,833,93.33,100
2024/6/30 14:15,1006.6,61.3,0,28.8,2.4,732,800,91.16,100
2024/6/30 14:30,1006.6,60.6,0,29,2.5,704,759,88.12,100
2024/6/30 14:45,1006.6,59.9,0,29.1,2.6,672,708,82.56,100
2024/6/30 15:00,1006.6,59.2,0,29.2,2.6,638,693,79.1,100
2024/6/30 15:15,1006.6,58.4,0,29.3,2.7,600,654,74.46,100
2024/6/30 15:30,1006.6,57.5,0,29.4,2.8,559,617,69.41,100
2024/6/30 15:45,1006.6,57.3,0,29.5,2.8,516,580,62.47,100
2024/6/30 16:00,1006.6,57.2,0,29.6,2.9,469,513,55.35,100
2024/6/30 16:15,1006.6,57,0,29.7,2.9,419,471,50.59,100
2024/6/30 16:30,1006.6,56.8,0,29.7,3,370,432,44.86,100
2024/6/30 16:45,1006.6,57.3,0,29.7,3,321,365,38.25,100
2024/6/30 17:00,1006.6,58.2,0,29.7,3.1,274,325,33.85,100
2024/6/30 17:15,1006.6,59.2,0,29.6,3.2,229,279,27.54,100
2024/6/30 17:30,1006.6,59.9,0,29.6,3.3,189,229,22.14,100
2024/6/30 17:45,1006.6,61.1,0,29.6,3.4,153,162,16.6,100
2024/6/30 18:00,1006.6,62,0,29.4,3.5,121,122,13.24,100
2024/6/30 18:15,1006.6,63.1,0,29.3,3.6,93,93,10.87,100
2024/6/30 18:30,1006.6,64.6,0,29.1,3.7,69,68,8.78,100
2024/6/30 18:45,1006.6,66.1,0,28.8,3.8,48,38,6.21,100
2024/6/30 19:00,1006.6,67.9,0,28.6,3.9,29,18,4.38,100
2024/6/30 19:15,1006.6,69.9,0,28.3,4,11,0,0,100
2024/6/30 19:30,1006.6,72,0,28.1,4.1,0,0,0,100
2024/6/30 19:45,1006.6,74,0,27.8,4.2,0,0,0,100
2024/6/30 20:00,1006.6,76.6,0,27.5,4.3,0,0,0,100
2024/6/30 20:15,1006.6,78.7,0,27.3,4.4,0,0,0,100
2024/6/30 20:30,1006.6,79.9,0,27.1,4.4,0,0,0,100
2024/6/30 20:45,1006.6,81.4,0,26.9,4.5,0,0,0,100
2024/6/30 21:00,1006.6,82.9,0,26.6,4.6,0,0,0,100
2024/6/30 21:15,1006.6,83.3,0,26.4,4.7,0,0,0,100
2024/6/30 21:30,1006.6,83.1,0,26.3,4.8,0,0,0,100
2024/6/30 21:45,1006.6,82.8,0,26.1,4.9,0,0,0,100
2024/6/30 22:00,1006.6,82.7,0,25.9,5,0,0,0,100
2024/6/30 22:15,1006.6,82.9,0,25.8,5.1,0,0,0,100
2024/6/30 22:30,1006.5,83,0,25.6,5.1,0,0,0,100
2024/6/30 22:45,1006.5,83.1,0,25.5,5.2,0,0,0,100
2024/6/30 23:00,1006.5,82.9,0,25.3,5.3,0,0,0,100
2024/6/30 23:15,1006.5,82.6,0,25.2,5.3,0,0,0,100
2024/6/30 23:30,1006.5,82.5,0,25.1,5.3,0,0,0,100
2024/6/30 23:45,1006.5,82.4,0,25,5.3,0,0,0,100
2024/7/1 0:00,1006.5,87.2,0,24.5,4.6,0,0,0,100
2024/7/1 0:15,1006.5,87.1,0,24.4,4.6,0,0,0,100
2024/7/1 0:30,1006.5,87.1,0,24.3,4.6,0,0,0,100
2024/7/1 0:45,1006.5,87.1,0,24.3,4.6,0,0,0,100
2024/7/1 1:00,1006.5,87.1,0,24.2,4.5,0,0,0,100
2024/7/1 1:15,1006.5,87.1,0,24.1,4.5,0,0,0,100
2024/7/1 1:30,1006.5,87.2,0,24,4.5,0,0,0,100
2024/7/1 1:45,1006.5,87.3,0,23.9,4.4,0,0,0,100
2024/7/1 2:00,1006.5,87.3,0,23.8,4.4,0,0,0,100
2024/7/1 2:15,1006.5,87.4,0,23.8,4.3,0,0,0,100
2024/7/1 2:30,1006.5,87.5,0,23.7,4.3,0,0,0,100
2024/7/1 2:45,1006.5,87.6,0,23.6,4.2,0,0,0,100
2024/7/1 3:00,1006.5,87.7,0,23.6,4.2,0,0,0,100
2024/7/1 3:15,1006.5,87.9,0,23.5,4.1,0,0,0,100
2024/7/1 3:30,1006.5,88,0,23.5,4.1,0,0,0,100
2024/7/1 3:45,1006.5,88.1,0,23.4,4,0,0,0,100
2024/7/1 4:00,1006.5,88.2,0,23.4,4,0,0,0,100
2024/7/1 4:15,1006.5,88.1,0,23.4,3.9,0,0,0,100
2024/7/1 4:30,1006.5,88.1,0,23.3,3.9,0,0,0,100
2024/7/1 4:45,1006.5,88.2,0,23.3,3.9,0,0,0,100
2024/7/1 5:00,1006.5,88.4,0,23.3,3.8,6,0,0,100
2024/7/1 5:15,1006.5,88.6,0,23.2,3.8,25,5,2.82,100
2024/7/1 5:30,1006.5,88.7,0,23.2,3.7,49,8,3.15,100
2024/7/1 5:45,1006.5,88.6,0,23.3,3.7,78,24,6.51,100
2024/7/1 6:00,1006.5,88.3,0,23.5,3.7,113,85,14.17,100
2024/7/1 6:15,1006.5,87.3,0,23.7,3.6,151,54,8.18,100
2024/7/1 6:30,1006.5,85.7,0,24,3.6,192,145,18.07,100
2024/7/1 6:45,1006.5,84,0,24.3,3.6,234,185,24.23,100
2024/7/1 7:00,1006.6,83.3,0,24.6,3.6,277,157,17.8,100
2024/7/1 7:15,1006.6,82.3,0,24.9,3.5,321,168,17.41,100
2024/7/1 7:30,1006.6,80.6,0,25.2,3.5,365,187,26.74,100
2024/7/1 7:45,1006.6,78.6,0,25.4,3.4,409,357,36.76,100
2024/7/1 8:00,1006.6,76.9,0,25.7,3.4,453,315,33.53,100
2024/7/1 8:15,1006.6,75.5,0,25.9,3.4,495,278,33.48,100
2024/7/1 8:30,1006.6,74.8,0,26.1,3.4,537,487,58.44,100
2024/7/1 8:45,1006.6,73.8,0,26.4,3.4,578,397,60.53,100
2024/7/1 9:00,1006.6,72.4,0,26.6,3.5,617,290,46.17,100
2024/7/1 9:15,1006.6,70,0,26.9,3.6,654,347,38.46,100
2024/7/1 9:30,1006.6,68.2,0,27.2,3.7,690,702,59.51,100
2024/7/1 9:45,1006.6,67.5,0,27.4,3.8,725,445,50.51,100
2024/7/1 10:00,1006.6,66.7,0,27.7,3.8,756,345,33.04,100
2024/7/1 10:15,1006.6,66,0,27.9,3.9,785,64,13.57,100
2024/7/1 10:30,1006.6,66,0,27.8,4.1,810,102,11.13,100
2024/7/1 10:45,1006.6,66.2,0,27.8,4.2,832,106,16.75,100
2024/7/1 11:00,1006.6,66.2,0,27.9,4.4,851,110,18.63,100
2024/7/1 11:15,1006.6,66.5,0,28,4.5,865,175,18.15,100
2024/7/1 11:30,1006.6,68.8,0,27.7,4.7,876,113,15.12,100
2024/7/1 11:45,1006.6,71.8,0,27.6,4.8,884,79,9.11,100
2024/7/1 12:00,1006.6,73.6,0,27.5,4.9,887,46,6.08,100
2024/7/1 12:15,1006.6,74.2,0,27.4,5.1,887,27,7.21,100
2024/7/1 12:30,1006.6,74.8,0,27.4,5.2,883,48,10.49,100
2024/7/1 12:45,1006.6,74.7,0,27.3,5.4,876,90,17.46,100
2024/7/1 13:00,1006.6,77.6,0,26.9,5.5,865,175,29.6,100
2024/7/1 13:15,1006.6,81.6,0,26.2,5.7,852,277,38.04,100
2024/7/1 13:30,1006.6,81,0.2,26,5.8,835,322,54.01,100
2024/7/1 13:45,1006.6,79.9,0,26,6,815,373,49.85,100
2024/7/1 14:00,1006.6,80.7,0,26,6.1,792,329,38.9,100
2024/7/1 14:15,1006.6,79.8,0,26.1,6.2,765,119,16.62,100
2024/7/1 14:30,1006.6,79.6,0,26.1,6.3,735,81,15.16,100
2024/7/1 14:45,1006.6,80.2,0,26,6.4,702,94,15.91,100
2024/7/1 15:00,1006.6,81.9,0,25.8,6.4,665,114,16.94,100
2024/7/1 15:15,1006.6,81.7,0,25.8,6.4,626,69,8.94,100
2024/7/1 15:30,1006.6,81.8,0,25.7,6.4,584,54,8.28,100
2024/7/1 15:45,1006.6,82,0,25.7,6.4,540,32,5.29,100
2024/7/1 16:00,1006.6,81.8,0,25.7,6.4,492,22,4.23,100
2024/7/1 16:15,1006.6,82.4,0,25.6,6.3,442,7,3.07,100
2024/7/1 16:30,1006.6,83.2,0,25.5,6.1,392,12,3.41,100
2024/7/1 16:45,1006.6,85,0,25.4,6,342,13,3.89,100
2024/7/1 17:00,1006.6,86.3,0,25.2,5.9,294,17,4.62,100
2024/7/1 17:15,1006.6,86.7,0,25.2,5.7,249,20,4.09,100
2024/7/1 17:30,1006.6,86.8,0,25.1,5.6,207,21,5.43,100
2024/7/1 17:45,1006.6,87.1,0,25,5.5,169,25,5.2,100
2024/7/1 18:00,1006.6,87.1,0,25,5.3,135,25,5.84,100
2024/7/1 18:15,1006.6,88,0,25,5.1,105,29,5.58,100
2024/7/1 18:30,1006.6,89.1,0,24.9,5,79,20,5.03,100
2024/7/1 18:45,1006.6,88.9,0,24.8,4.8,55,13,3.78,100
2024/7/1 19:00,1006.6,88.9,0,24.9,4.6,34,7,3.22,100
2024/7/1 19:15,1006.6,88.8,0.2,25,4.5,14,0,0,100
2024/7/1 19:30,1006.6,87.9,0.2,25.1,4.3,0,0,0,100
2024/7/1 19:45,1006.6,85.7,0,25.2,4.1,0,0,0,100
2024/7/1 20:00,1006.6,83.7,0,25.2,3.9,0,0,0,100
2024/7/1 20:15,1006.6,83.5,0,25.1,3.7,0,0,0,100
2024/7/1 20:30,1006.6,84.2,0,25,3.5,0,0,0,100
2024/7/1 20:45,1006.6,84.7,0,25,3.4,0,0,0,100
2024/7/1 21:00,1006.6,85.5,0,24.9,3.2,0,0,0,100
2024/7/1 21:15,1006.6,86.3,0,24.9,3.1,0,0,0,100
2024/7/1 21:30,1006.6,86.6,0,24.8,2.9,0,0,0,100
2024/7/1 21:45,1006.6,86.8,0,24.8,2.8,0,0,0,100
2024/7/1 22:00,1006.6,87.1,0,24.7,2.7,0,0,0,100
2024/7/1 22:15,1006.6,87.4,0,24.7,2.7,0,0,0,100
2024/7/1 22:30,1006.6,87.6,0,24.6,2.6,0,0,0,100
2024/7/1 22:45,1006.6,87.8,0,24.6,2.6,0,0,0,100
2024/7/1 23:00,1006.6,87.9,0,24.6,2.5,0,0,0,100
2024/7/1 23:15,1006.6,87.7,0,24.5,2.5,0,0,0,100
2024/7/1 23:30,1006.6,87.5,0,24.5,2.5,0,0,0,100
2024/7/1 23:45,1006.6,87.4,0,24.5,2.4,0,0,0,100
2024/7/2 0:00,1006.6,90.2,0,25.1,3.3,0,0,0,100
2024/7/2 0:15,1006.6,90.5,0,25.1,3.3,0,0,0,100
2024/7/2 0:30,1006.6,90.7,0,25.1,3.3,0,0,0,100
2024/7/2 0:45,1006.5,91,0,25,3.3,0,0,0,100
2024/7/2 1:00,1006.5,91.3,0,25,3.2,0,0,0,100
2024/7/2 1:15,1006.5,91.7,0,24.9,3.2,0,0,0,100
2024/7/2 1:30,1006.5,92,0,24.9,3.2,0,0,0,100
2024/7/2 1:45,1006.5,92,0,24.9,3.2,0,0,0,100
2024/7/2 2:00,1006.5,91.9,0,24.9,3.3,0,0,0,100
2024/7/2 2:15,1006.5,91.8,0,24.9,3.3,0,0,0,100
2024/7/2 2:30,1006.5,92.2,0,24.9,3.3,0,0,0,100
2024/7/2 2:45,1006.5,92.7,0,24.9,3.4,0,0,0,100
2024/7/2 3:00,1006.5,92.9,0,24.9,3.4,0,0,0,100
2024/7/2 3:15,1006.5,92.8,0,24.8,3.5,0,0,0,100
2024/7/2 3:30,1006.5,92,0,24.8,3.5,0,0,0,100
2024/7/2 3:45,1006.5,91.1,0,24.8,3.5,0,0,0,100
2024/7/2 4:00,1006.5,90.8,0,24.7,3.6,0,0,0,100
2024/7/2 4:15,1006.5,90.8,0,24.7,3.6,0,0,0,100
2024/7/2 4:30,1006.5,90.8,0,24.6,3.7,0,0,0,100
2024/7/2 4:45,1006.5,90.8,0,24.5,3.7,0,0,0,100
2024/7/2 5:00,1006.5,91,0,24.4,3.7,5,0,0,100
2024/7/2 5:15,1006.5,91.2,0,24.4,3.7,22,0,2.56,100
2024/7/2 5:30,1006.5,91.1,0,24.3,3.7,44,3,3.04,100
2024/7/2 5:45,1006.5,91,0,24.3,3.7,72,7,3.44,100
2024/7/2 6:00,1006.5,90.7,0,24.3,3.7,105,23,4.91,100
2024/7/2 6:15,1006.5,90.1,0,24.3,3.7,142,28,6.06,100
2024/7/2 6:30,1006.5,89.9,0,24.3,3.7,182,29,6.09,100
2024/7/2 6:45,1006.5,89.7,0,24.3,3.7,223,56,8.6,100
2024/7/2 7:00,1006.5,89.2,0,24.4,3.8,264,78,12.64,100
2024/7/2 7:15,1006.5,88.3,0,24.4,3.8,307,47,7.6,100
2024/7/2 7:30,1006.5,87.7,0,24.4,3.8,349,53,9.92,100
2024/7/2 7:45,1006.5,87.4,0,24.5,3.8,390,72,10.74,100
2024/7/2 8:00,1006.5,87.1,0,24.5,3.9,431,96,14.28,100
2024/7/2 8:15,1006.5,87,0,24.5,3.9,471,86,12.95,100
2024/7/2 8:30,1006.5,86.5,0,24.6,3.9,509,126,19.28,100
2024/7/2 8:45,1006.5,86.1,0,24.6,4,546,70,11.09,100
2024/7/2 9:00,1006.5,86.1,0.1,24.7,4.1,581,85,12.72,100
2024/7/2 9:15,1006.5,86,0,24.7,4.2,615,84,13.31,100
2024/7/2 9:30,1006.5,85.4,0,24.7,4.3,647,155,20.82,100
2024/7/2 9:45,1006.5,85.2,0,24.7,4.4,678,140,19.75,100
2024/7/2 10:00,1006.5,85.5,0,24.7,4.6,706,143,23.91,100
2024/7/2 10:15,1006.5,86.1,0,24.7,4.8,730,137,16.81,100
2024/7/2 10:30,1006.5,86.1,0,24.8,5,751,166,20.54,100
2024/7/2 10:45,1006.5,86.6,0,24.8,5.3,769,138,17.68,100
2024/7/2 11:00,1006.5,86.3,0,24.8,5.5,783,99,15.78,100
2024/7/2 11:15,1006.5,86.5,0,24.9,5.7,793,110,10.99,100
2024/7/2 11:30,1006.5,86.7,0,25,5.9,801,96,14.61,100
2024/7/2 11:45,1006.5,86.6,0.2,24.9,6.1,805,95,14.35,100
2024/7/2 12:00,1006.5,86.8,0.2,24.8,6.3,806,48,8.39,100
2024/7/2 12:15,1006.5,88.8,0.3,24.8,6.5,805,49,8.62,100
2024/7/2 12:30,1006.5,90.8,0.3,24.7,6.7,801,76,14.23,100
2024/7/2 12:45,1006.5,90.8,0.3,24.7,6.9,795,31,11.88,100
2024/7/2 13:00,1006.5,90.2,0.3,24.7,7,787,111,11.64,100
2024/7/2 13:15,1006.5,90.1,0.3,24.7,7.2,778,176,14.92,100
2024/7/2 13:30,1006.5,90.4,0.4,24.7,7.3,766,109,18.28,100
2024/7/2 13:45,1006.5,90.5,0.2,24.7,7.4,752,103,20.29,100
2024/7/2 14:00,1006.5,89.7,0.2,24.7,7.5,735,176,25.01,100
2024/7/2 14:15,1006.5,88.9,0.2,24.8,7.6,714,128,18.89,100
2024/7/2 14:30,1006.5,88.7,0.3,24.8,7.7,690,163,22.91,100
2024/7/2 14:45,1006.5,87.7,0.3,24.9,7.8,662,195,19.04,100
2024/7/2 15:00,1006.5,87.2,0.2,24.9,7.8,631,260,19.99,100
2024/7/2 15:15,1006.5,86.9,0.1,25,7.8,596,135,19.14,100
2024/7/2 15:30,1006.5,86.6,0.1,25,7.8,557,91,14.65,100
2024/7/2 15:45,1006.5,87,0.1,25,7.8,515,112,12.8,100
2024/7/2 16:00,1006.5,86.8,0.2,24.9,7.7,470,33,6.34,100
2024/7/2 16:15,1006.5,85.8,0.2,25,7.6,421,30,6.3,100
2024/7/2 16:30,1006.5,85.2,0.2,25,7.5,372,30,4.74,100
2024/7/2 16:45,1006.5,85,0.2,25,7.4,323,26,6.39,100
2024/7/2 17:00,1006.5,84.9,0.2,25,7.3,277,25,5.18,100
2024/7/2 17:15,1006.5,84.7,0.2,25,7.2,233,25,5.13,100
2024/7/2 17:30,1006.5,84.3,0.2,25,7,192,22,5.22,100
2024/7/2 17:45,1006.5,84.5,0.1,24.9,6.9,156,12,4.55,100
2024/7/2 18:00,1006.5,84.8,0,24.9,6.7,123,22,5.11,100
2024/7/2 18:15,1006.5,84.6,0.1,24.9,6.6,95,21,4.36,100
2024/7/2 18:30,1006.5,84.7,0.2,24.8,6.4,71,7,3.56,100
2024/7/2 18:45,1006.5,84.8,0.2,24.8,6.2,49,11,3.41,100
2024/7/2 19:00,1006.5,84.6,0.2,24.8,6,30,2,2.62,100
2024/7/2 19:15,1006.5,84.7,0,24.7,5.8,12,0,0,100
2024/7/2 19:30,1006.5,84.9,0,24.7,5.7,0,0,0,100
2024/7/2 19:45,1006.5,84.9,0,24.7,5.5,0,0,0,100
2024/7/2 20:00,1006.5,84.8,0,24.7,5.3,0,0,0,100
2024/7/2 20:15,1006.5,84.9,0,24.8,5.1,0,0,0,100
2024/7/2 20:30,1006.5,85.2,0,24.7,4.9,0,0,0,100
2024/7/2 20:45,1006.5,85.5,0,24.6,4.7,0,0,0,100
2024/7/2 21:00,1006.5,86.2,0,24.6,4.5,0,0,0,100
2024/7/2 21:15,1006.5,86.8,0,24.5,4.3,0,0,0,100
2024/7/2 21:30,1006.5,87.2,0,24.5,4.1,0,0,0,100
2024/7/2 21:45,1006.6,87.4,0.1,24.5,4,0,0,0,100
2024/7/2 22:00,1006.6,87.2,0.1,24.4,3.8,0,0,0,100
2024/7/2 22:15,1006.6,87.9,0,24.3,3.7,0,0,0,100
2024/7/2 22:30,1006.6,88.5,0.1,24.3,3.5,0,0,0,100
2024/7/2 22:45,1006.6,89.1,0.1,24.2,3.4,0,0,0,100
2024/7/2 23:00,1006.6,89.6,0,24.1,3.2,0,0,0,100
2024/7/2 23:15,1006.6,89.8,0,24.1,3.1,0,0,0,100
2024/7/2 23:30,1006.6,90,0.1,24.1,3,0,0,0,100
2024/7/2 23:45,1006.6,90.7,0.3,24.1,2.9,0,0,0,100
2024/7/3 0:00,1006.5,91.9,0.1,23.2,6.8,0,0,0,100
2024/7/3 0:15,1006.5,92,0,23.1,6.7,0,0,0,100
2024/7/3 0:30,1006.5,92.3,0,23.1,6.6,0,0,0,100
2024/7/3 0:45,1006.5,92.5,0.1,22.9,6.6,0,0,0,100
2024/7/3 1:00,1006.5,92.3,0.1,22.8,6.5,0,0,0,100
2024/7/3 1:15,1006.5,92.6,0.1,22.8,6.5,0,0,0,100
2024/7/3 1:30,1006.5,92.8,0,22.7,6.4,0,0,0,100
2024/7/3 1:45,1006.5,92.6,0,22.6,6.3,0,0,0,100
2024/7/3 2:00,1006.5,93.1,0,22.5,6.3,0,0,0,100
2024/7/3 2:15,1006.5,93.5,0,22.4,6.2,0,0,0,100
2024/7/3 2:30,1006.5,92.9,0,22.3,6.1,0,0,0,100
2024/7/3 2:45,1006.5,92.7,0,22.3,6.1,0,0,0,100
2024/7/3 3:00,1006.5,92.9,0,22.2,6,0,0,0,100
2024/7/3 3:15,1006.5,93.3,0,22.1,6,0,0,0,100
2024/7/3 3:30,1006.5,93.4,0,22,5.9,0,0,0,100
2024/7/3 3:45,1006.5,93.4,0,21.9,5.9,0,0,0,100
2024/7/3 4:00,1006.5,93.2,0,21.8,5.8,0,0,0,100
2024/7/3 4:15,1006.5,93.1,0,21.8,5.8,0,0,0,100
2024/7/3 4:30,1006.5,92.9,0,21.8,5.7,0,0,0,100
2024/7/3 4:45,1006.5,92.8,0,21.7,5.7,0,0,0,100
2024/7/3 5:00,1006.5,93,0,21.7,5.6,6,0,0,100
2024/7/3 5:15,1006.5,93.1,0,21.7,5.6,22,2,3.42,100
2024/7/3 5:30,1006.5,93,0,21.7,5.5,44,17,4.71,100
2024/7/3 5:45,1006.5,92.8,0,21.7,5.5,71,20,5.07,100
2024/7/3 6:00,1006.5,92.2,0,21.7,5.4,103,56,7.58,100
2024/7/3 6:15,1006.5,91.4,0,21.8,5.4,137,71,9.93,100
2024/7/3 6:30,1006.5,90.7,0,21.9,5.4,175,81,11.21,100
2024/7/3 6:45,1006.5,89.4,0,22.2,5.3,214,79,11.95,100
2024/7/3 7:00,1006.6,87.8,0,22.4,5.3,255,133,16.7,100
2024/7/3 7:15,1006.6,85.9,0,22.6,5.2,297,238,29.86,100
2024/7/3 7:30,1006.6,84.5,0,22.8,5.2,341,167,23.42,100
2024/7/3 7:45,1006.6,83.8,0,23,5.1,385,354,42.03,100
2024/7/3 8:00,1006.6,82.9,0,23.2,5,429,594,56.45,100
2024/7/3 8:15,1006.6,82.3,0,23.3,5,474,306,55.41,100
2024/7/3 8:30,1006.6,82.1,0,23.4,4.9,517,695,66.65,100
2024/7/3 8:45,1006.6,82,0,23.5,4.8,559,381,62.24,100
2024/7/3 9:00,1006.6,81.7,0,23.7,4.7,600,274,47.35,100
2024/7/3 9:15,1006.6,81.7,0,23.7,4.7,639,419,45.91,100
2024/7/3 9:30,1006.6,81.8,0,23.8,4.6,675,459,55.98,100
2024/7/3 9:45,1006.6,82,0,23.9,4.5,709,488,58.09,100
2024/7/3 10:00,1006.6,82.2,0,24,4.4,738,812,69.25,100
2024/7/3 10:15,1006.6,82.7,0,24.1,4.3,764,619,71.15,100
2024/7/3 10:30,1006.6,83.3,0,24.1,4.2,785,480,62.46,100
2024/7/3 10:45,1006.6,83.8,0,24.1,4.2,801,968,82.76,100
2024/7/3 11:00,1006.6,83.7,0,24.1,4.1,814,882,96.35,100
2024/7/3 11:15,1006.6,83.3,0,24.1,4,823,881,98.19,100
2024/7/3 11:30,1006.6,82.8,0,24.2,3.9,829,927,98.9,100
2024/7/3 11:45,1006.6,82.3,0,24.3,3.8,831,945,98.92,100
2024/7/3 12:00,1006.6,81.7,0,24.4,3.7,830,941,98.31,100
2024/7/3 12:15,1006.6,81,0,24.5,3.6,827,953,99.09,100
2024/7/3 12:30,1006.6,80.1,0,24.6,3.5,822,955,99.05,100
2024/7/3 12:45,1006.6,79.4,0,24.7,3.5,815,941,99,100
2024/7/3 13:00,1006.6,78.8,0,24.8,3.4,806,918,98.94,100
2024/7/3 13:15,1006.6,77.8,0,25,3.3,796,916,98.68,100
2024/7/3 13:30,1006.6,77,0,25.1,3.2,784,910,98.61,100
2024/7/3 13:45,1006.6,76.1,0,25.3,3.2,768,896,95.72,100
2024/7/3 14:00,1006.6,75.1,0,25.4,3.2,750,846,96.99,100
2024/7/3 14:15,1006.6,74.2,0,25.6,3.2,729,752,94.64,100
2024/7/3 14:30,1006.6,73.5,0,25.7,3.1,704,765,89.75,100
2024/7/3 14:45,1006.6,72.9,0,25.9,3.1,676,742,85.21,100
2024/7/3 15:00,1006.6,72.3,0,26,3.1,644,699,79.97,100
2024/7/3 15:15,1006.6,71.5,0,26.2,3.1,609,675,77.44,100
2024/7/3 15:30,1006.6,70.2,0,26.5,3.1,570,334,40.47,100
2024/7/3 15:45,1006.6,68.9,0,26.8,3.1,527,450,45.69,100
2024/7/3 16:00,1006.6,67.7,0,27.1,3.1,481,377,56.14,100
2024/7/3 16:15,1006.6,66.8,0,27.3,3.1,433,516,54.79,100
2024/7/3 16:30,1006.6,66.4,0,27.4,3.1,384,429,26.95,100
2024/7/3 16:45,1006.6,66,0,27.5,3.1,335,398,32.8,100
2024/7/3 17:00,1006.6,65.6,0,27.6,3.1,288,363,32.68,100
2024/7/3 17:15,1006.6,66.3,0,27.7,3.2,244,326,33.51,100
2024/7/3 17:30,1006.6,67.3,0,27.7,3.2,202,166,19.68,100
2024/7/3 17:45,1006.6,68.2,0,27.7,3.3,165,82,11.87,100
2024/7/3 18:00,1006.7,69.1,0,27.8,3.3,132,81,11.18,100
2024/7/3 18:15,1006.7,70.1,0,27.7,3.4,102,93,10.44,100
2024/7/3 18:30,1006.7,71.5,0,27.6,3.5,77,36,5.94,100
2024/7/3 18:45,1006.7,73.1,0,27.5,3.6,54,28,5.08,100
2024/7/3 19:00,1006.7,74.7,0,27.3,3.7,33,11,3.55,100
2024/7/3 19:15,1006.7,76.3,0,27.1,3.8,14,0,0,100
2024/7/3 19:30,1006.7,78.7,0,26.9,3.9,0,0,0,100
2024/7/3 19:45,1006.6,80.6,0,26.7,4,0,0,0,100
2024/7/3 20:00,1006.6,82.4,0,26.5,4.1,0,0,0,100
2024/7/3 20:15,1006.6,83.5,0,26.4,4.2,0,0,0,100
2024/7/3 20:30,1006.6,84.5,0,26.3,4.3,0,0,0,100
2024/7/3 20:45,1006.6,85.6,0,26.1,4.4,0,0,0,100
2024/7/3 21:00,1006.6,86.5,0,26,4.4,0,0,0,100
2024/7/3 21:15,1006.6,87.5,0,25.8,4.5,0,0,0,100
2024/7/3 21:30,1006.6,88.4,0,25.7,4.6,0,0,0,100
2024/7/3 21:45,1006.6,88.9,0,25.6,4.7,0,0,0,100
2024/7/3 22:00,1006.6,89.4,0,25.5,4.7,0,0,0,100
2024/7/3 22:15,1006.6,90,0,25.4,4.8,0,0,0,100
2024/7/3 22:30,1006.6,90.7,0,25.3,4.9,0,0,0,100
2024/7/3 22:45,1006.6,91.3,0,25.2,4.9,0,0,0,100
2024/7/3 23:00,1006.6,91.8,0,25.1,5,0,0,0,100
2024/7/3 23:15,1006.6,92.2,0,25.1,5,0,0,0,100
2024/7/3 23:30,1006.6,92.5,0,25,5,0,0,0,100
2024/7/3 23:45,1006.6,92.8,0,24.9,5,0,0,0,100
2024/7/4 0:00,1006.6,93.8,0,24.7,4.6,0,0,0,100
2024/7/4 0:15,1006.6,93.9,0,24.6,4.7,0,0,0,100
2024/7/4 0:30,1006.6,93.9,0,24.5,4.7,0,0,0,100
2024/7/4 0:45,1006.6,93.6,0,24.5,4.7,0,0,0,100
2024/7/4 1:00,1006.6,93.3,0,24.4,4.7,0,0,0,100
2024/7/4 1:15,1006.6,93.1,0,24.3,4.7,0,0,0,100
2024/7/4 1:30,1006.6,92.9,0,24.3,4.6,0,0,0,100
2024/7/4 1:45,1006.6,92.7,0,24.2,4.6,0,0,0,100
2024/7/4 2:00,1006.6,92.7,0,24.2,4.6,0,0,0,100
2024/7/4 2:15,1006.6,92.8,0,24.1,4.6,0,0,0,100
2024/7/4 2:30,1006.6,93,0,24.1,4.5,0,0,0,100
2024/7/4 2:45,1006.6,93.3,0,24.1,4.5,0,0,0,100
2024/7/4 3:00,1006.6,93.7,0,24,4.5,0,0,0,100
2024/7/4 3:15,1006.6,94.1,0,24,4.5,0,0,0,100
2024/7/4 3:30,1006.6,94.4,0,24,4.5,0,0,0,100
2024/7/4 3:45,1006.6,94.6,0,24,4.5,0,0,0,100
2024/7/4 4:00,1006.6,94.8,0,24,4.5,0,0,0,100
2024/7/4 4:15,1006.6,95,0,24,4.4,0,0,0,100
2024/7/4 4:30,1006.6,95.1,0,24,4.4,0,0,0,100
2024/7/4 4:45,1006.6,95.2,0,24,4.5,0,0,0,100
2024/7/4 5:00,1006.6,95.1,0,24,4.5,4,0,0,100
2024/7/4 5:15,1006.6,95.1,0,24,4.6,15,0,2.65,100
2024/7/4 5:30,1006.6,95.1,0,24.1,4.6,32,2,3.27,100
2024/7/4 5:45,1006.6,95.2,0,24.1,4.6,52,8,4.3,100
2024/7/4 6:00,1006.6,95,0,24.1,4.7,76,18,5.63,100
2024/7/4 6:15,1006.6,94.9,0,24.2,4.7,104,4,4.09,100
2024/7/4 6:30,1006.6,94.8,0,24.2,4.7,134,33,7.61,100
2024/7/4 6:45,1006.6,94.8,0.2,24.3,4.7,165,20,4.33,100
2024/7/4 7:00,1006.6,94.6,0.1,24.3,4.7,197,12,3.83,100
2024/7/4 7:15,1006.6,94.8,0.1,24.4,4.7,231,6,3.26,100
2024/7/4 7:30,1006.6,94.9,0.1,24.4,4.7,266,7,3.05,100
2024/7/4 7:45,1006.6,95,0.1,24.5,4.7,301,8,3.12,100
2024/7/4 8:00,1006.6,94.7,0.3,24.6,4.6,336,11,3.87,100
2024/7/4 8:15,1006.6,95.1,0.3,24.5,4.6,372,21,4.01,100
2024/7/4 8:30,1006.6,94.9,0.1,24.4,4.6,406,21,5.11,100
2024/7/4 8:45,1006.6,94.7,0.2,24.4,4.6,440,17,4.15,100
2024/7/4 9:00,1006.6,94.4,0.2,24.4,4.6,472,14,3.66,100
2024/7/4 9:15,1006.6,93.2,0,24.4,4.6,503,14,4.29,100
2024/7/4 9:30,1006.6,92.3,0.1,24.3,4.6,531,17,4.33,100
2024/7/4 9:45,1006.6,90.7,0.1,24.2,4.6,557,13,3.35,100
2024/7/4 10:00,1006.6,89.8,0.2,24.3,4.5,580,26,4.37,100
2024/7/4 10:15,1006.6,87.8,0.2,24.2,4.5,598,25,5.08,100
2024/7/4 10:30,1006.6,88.2,0.2,23.9,4.4,612,16,4.44,100
2024/7/4 10:45,1006.6,89.5,0.2,23.7,4.3,623,78,10.61,100
2024/7/4 11:00,1006.6,88.3,0.1,23.8,4.1,630,52,7.8,100
2024/7/4 11:15,1006.6,88.1,0.2,23.8,4,634,41,7.52,100
2024/7/4 11:30,1006.6,87.7,0.2,23.8,3.9,636,38,5.58,100
2024/7/4 11:45,1006.6,88.5,0.2,23.8,3.8,636,43,7.57,100
2024/7/4 12:00,1006.6,88.4,0.2,23.9,3.7,634,38,5.74,100
2024/7/4 12:15,1006.6,87.3,0.1,24.1,3.6,632,22,7.46,100
2024/7/4 12:30,1006.6,84.2,0,24.2,3.5,629,59,12.18,100
2024/7/4 12:45,1006.6,84,0,24.2,3.4,627,122,19.49,100
2024/7/4 13:00,1006.6,84.4,0,24.2,3.3,625,241,45.68,100
2024/7/4 13:15,1006.6,84.7,0,24.3,3.3,623,189,24.49,100
2024/7/4 13:30,1006.6,84.3,0,24.4,3.3,620,97,30.4,100
2024/7/4 13:45,1006.6,84,0,24.5,3.3,616,289,28.54,100
2024/7/4 14:00,1006.6,83.6,0,24.7,3.3,609,286,36.52,100
2024/7/4 14:15,1006.6,82.6,0,24.9,3.3,600,174,20.24,100
2024/7/4 14:30,1006.6,81.7,0,25.1,3.2,588,160,15.57,100
2024/7/4 14:45,1006.6,81.7,0.2,25,3.2,571,212,21.41,100
2024/7/4 15:00,1006.6,82.1,0,25,3.1,551,101,21.34,100
2024/7/4 15:15,1006.6,82.6,0,25,3,526,127,15.43,100
2024/7/4 15:30,1006.6,83,0,25,3,497,55,9.47,100
2024/7/4 15:45,1006.6,83.2,0,25,3,464,19,4.04,100
2024/7/4 16:00,1006.6,83.6,0,25,2.9,426,71,35.25,100
2024/7/4 16:15,1006.6,84.2,0,25,2.9,386,192,45.4,100
2024/7/4 16:30,1006.6,84.6,0,24.9,2.9,344,168,29.34,100
2024/7/4 16:45,1006.6,84.9,0,24.9,2.9,302,196,43.14,100
2024/7/4 17:00,1006.6,85,0,24.9,2.8,261,266,25.84,100
2024/7/4 17:15,1006.6,85.1,0,24.8,2.8,222,258,30.88,100
2024/7/4 17:30,1006.6,85.2,0,24.8,2.8,186,254,22.43,100
2024/7/4 17:45,1006.6,85.3,0,24.8,2.7,153,235,16.1,100
2024/7/4 18:00,1006.6,85.5,0,24.7,2.7,123,93,8.27,100
2024/7/4 18:15,1006.6,85.9,0,24.7,2.7,96,49,8.29,100
2024/7/4 18:30,1006.6,86.5,0,24.7,2.6,72,126,11.76,100
2024/7/4 18:45,1006.6,87,0,24.6,2.6,51,63,8.3,100
2024/7/4 19:00,1006.6,87.8,0,24.5,2.6,32,36,5.87,100
2024/7/4 19:15,1006.6,88.7,0,24.5,2.6,13,0,0,100
2024/7/4 19:30,1006.6,89.1,0,24.4,2.6,0,0,0,100
2024/7/4 19:45,1006.6,89.4,0,24.3,2.6,0,0,0,100
2024/7/4 20:00,1006.6,89.9,0,24.3,2.6,0,0,0,100
2024/7/4 20:15,1006.6,90.3,0,24.2,2.5,0,0,0,100
2024/7/4 20:30,1006.6,90.5,0,24.2,2.6,0,0,0,100
2024/7/4 20:45,1006.6,90.8,0,24.1,2.6,0,0,0,100
2024/7/4 21:00,1006.6,91.3,0,24,2.6,0,0,0,100
2024/7/4 21:15,1006.6,91.9,0,23.9,2.6,0,0,0,100
2024/7/4 21:30,1006.6,92.4,0,23.8,2.7,0,0,0,100
2024/7/4 21:45,1006.6,92.9,0,23.7,2.7,0,0,0,100
2024/7/4 22:00,1006.6,93.4,0,23.6,2.8,0,0,0,100
2024/7/4 22:15,1006.6,94.1,0,23.5,2.8,0,0,0,100
2024/7/4 22:30,1006.6,94.9,0,23.5,2.9,0,0,0,100
2024/7/4 22:45,1006.6,95.6,0,23.4,2.9,0,0,0,100
2024/7/4 23:00,1006.6,96.2,0,23.4,3,0,0,0,100
2024/7/4 23:15,1006.6,96.8,0,23.3,3,0,0,0,100
2024/7/4 23:30,1006.6,97.1,0,23.2,3.1,0,0,0,100
2024/7/4 23:45,1006.6,97.3,0,23.2,3.2,0,0,0,100
2024/7/5 0:00,1006.6,94.7,0,23.4,3.1,0,0,0,100
2024/7/5 0:15,1006.6,95.3,0,23.4,3.2,0,0,0,100
2024/7/5 0:30,1006.5,95.9,0,23.3,3.2,0,0,0,100
2024/7/5 0:45,1006.5,96.2,0,23.2,3.3,0,0,0,100
2024/7/5 1:00,1006.5,96.4,0,23.2,3.3,0,0,0,100
2024/7/5 1:15,1006.5,96.5,0,23.2,3.4,0,0,0,100
2024/7/5 1:30,1006.5,96.6,0,23.2,3.4,0,0,0,100
2024/7/5 1:45,1006.5,96.7,0,23.1,3.5,0,0,0,100
2024/7/5 2:00,1006.5,96.8,0,23.1,3.5,0,0,0,100
2024/7/5 2:15,1006.5,97,0,23.1,3.6,0,0,0,100
2024/7/5 2:30,1006.5,97.1,0,23.1,3.6,0,0,0,100
2024/7/5 2:45,1006.5,97.3,0,23,3.6,0,0,0,100
2024/7/5 3:00,1006.5,97.5,0,23,3.7,0,0,0,100
2024/7/5 3:15,1006.5,97.8,0,23,3.7,0,0,0,100
2024/7/5 3:30,1006.5,98.1,0,23,3.7,0,0,0,100
2024/7/5 3:45,1006.5,98.5,0,22.9,3.8,0,0,0,100
2024/7/5 4:00,1006.5,98.6,0,22.9,3.8,0,0,0,100
2024/7/5 4:15,1006.5,98.7,0,22.9,3.8,0,0,0,100
2024/7/5 4:30,1006.5,98.9,0,22.9,3.9,0,0,0,100
2024/7/5 4:45,1006.5,99.1,0,22.9,3.9,0,0,0,100
2024/7/5 5:00,1006.5,99.3,0,22.9,3.9,3,0,0,100
2024/7/5 5:15,1006.5,99.4,0,22.9,3.9,11,23,4.9,100
2024/7/5 5:30,1006.5,99.5,0,22.9,4,23,48,7.02,100
2024/7/5 5:45,1006.5,99.5,0,23,4,38,85,10.31,100
2024/7/5 6:00,1006.5,99.5,0,23,4,56,118,13.22,100
2024/7/5 6:15,1006.5,99.4,0,23.1,4,77,126,13.8,100
2024/7/5 6:30,1006.5,99.3,0,23.1,4.1,101,161,18.09,100
2024/7/5 6:45,1006.5,99.2,0,23.2,4.1,127,241,28.04,100
2024/7/5 7:00,1006.6,98.8,0,23.3,4.1,156,342,36.25,100
2024/7/5 7:15,1006.6,97.8,0,23.6,4.1,188,356,38.34,100
2024/7/5 7:30,1006.6,96.2,0,23.9,4,223,182,19.38,100
2024/7/5 7:45,1006.6,95.2,0,24.1,4,260,321,31.15,100
2024/7/5 8:00,1006.6,94.2,0,24.5,4,299,612,55.23,100
2024/7/5 8:15,1006.6,91.9,0,24.9,4,340,358,35.88,100
2024/7/5 8:30,1006.6,89.3,0,25.3,4,381,247,31.14,100
2024/7/5 8:45,1006.6,86.9,0,25.7,4,421,508,56.08,100
2024/7/5 9:00,1006.6,84.2,0,26.1,4,461,459,64.19,100
2024/7/5 9:15,1006.6,82.4,0,26.3,4,499,726,53.82,100
2024/7/5 9:30,1006.6,81.1,0,26.6,4,534,473,61.92,100
2024/7/5 9:45,1006.6,79.9,0,26.8,4,565,989,70.92,100
2024/7/5 10:00,1006.6,78.6,0,27,4,593,921,80.23,100
2024/7/5 10:15,1006.6,76.8,0,27.3,4,618,916,89.07,100
2024/7/5 10:30,1006.6,75.7,0,27.4,4,640,943,88.82,100
2024/7/5 10:45,1006.6,74.7,0,27.6,4,658,889,89.36,100
2024/7/5 11:00,1006.6,73.4,0,27.7,4,671,888,89.36,100
2024/7/5 11:15,1006.6,73,0,27.8,4,681,983,89.4,100
2024/7/5 11:30,1006.6,72.8,0,27.8,4,685,991,89.38,100
2024/7/5 11:45,1006.6,72.1,0,28,4,685,987,88.84,100
2024/7/5 12:00,1006.6,71.1,0,28.2,4,680,978,84.53,100
2024/7/5 12:15,1006.6,70.3,0,28.3,4,671,1005,88.82,100
2024/7/5 12:30,1006.6,69.6,0,28.4,4,656,367,46.9,100
2024/7/5 12:45,1006.6,69.1,0,28.5,4,635,666,88.09,100
2024/7/5 13:00,1006.6,68.5,0,28.6,4.1,608,471,50.85,100
2024/7/5 13:15,1006.6,68.4,0,28.7,4.1,573,1130,83.25,100
2024/7/5 13:30,1006.6,68.9,0,28.8,4.1,533,583,70.39,100
2024/7/5 13:45,1006.6,68.8,0,28.8,4.2,490,795,83.98,100
2024/7/5 14:00,1006.6,68,0,29,4.2,445,350,42.99,100
2024/7/5 14:15,1006.6,67.7,0,29,4.3,399,475,66.35,100
2024/7/5 14:30,1006.6,67.3,0,28.9,4.4,354,575,66.98,100
2024/7/5 14:45,1006.6,67,0,29,4.4,312,386,50.69,100
2024/7/5 15:00,1006.6,67.6,0,28.9,4.5,272,323,35.56,100
2024/7/5 15:15,1006.6,68,0,28.9,4.6,236,278,35.54,100
2024/7/5 15:30,1006.6,68.5,0,29,4.6,206,305,41.68,100
2024/7/5 15:45,1006.6,68.6,0,29,4.7,180,265,31.5,100
2024/7/5 16:00,1006.6,68.6,0,29,4.7,157,192,24.1,100
2024/7/5 16:15,1006.6,69.4,0,29,4.8,137,130,16.89,100
2024/7/5 16:30,1006.6,70.9,0,28.8,4.8,119,95,13.14,100
2024/7/5 16:45,1006.6,72.6,0,28.6,4.9,103,29,4.99,100
2024/7/5 17:00,1006.6,74.8,0,28.3,4.9,89,4,2.68,100
2024/7/5 17:15,1006.6,76.6,0,28,5,76,3,2.5,100
2024/7/5 17:30,1006.6,79.1,0,27.6,5,64,1,2.71,100
2024/7/5 17:45,1006.6,81.1,0,27.3,5,54,5,2.95,100
2024/7/5 18:00,1006.6,80.1,0,27.1,5,44,3,2.72,100
2024/7/5 18:15,1006.6,81.1,0.1,26.9,5.1,35,4,3.11,100
2024/7/5 18:30,1006.6,82.8,0.1,26.7,5.1,26,1,2.49,100
2024/7/5 18:45,1006.6,85.1,0.2,26.4,5.1,19,1,2.34,100
2024/7/5 19:00,1006.6,87.6,0.2,26.1,5.1,12,1,2.33,100
2024/7/5 19:15,1006.6,87.3,0.2,25.7,5.1,5,0,0,100
2024/7/5 19:30,1006.6,86.2,0.2,25.7,5.2,0,0,0,100
2024/7/5 19:45,1006.6,87.4,0.3,25.7,5.2,0,0,0,100
2024/7/5 20:00,1006.6,91,0.2,25.5,5.3,0,0,0,100
2024/7/5 20:15,1006.5,91.5,0.3,25.5,5.4,0,0,0,100
2024/7/5 20:30,1006.5,90.7,0.3,25.5,5.5,0,0,0,100
2024/7/5 20:45,1006.5,91,0.3,25.4,5.6,0,0,0,100
2024/7/5 21:00,1006.5,91,0.3,25.4,5.7,0,0,0,100
2024/7/5 21:15,1006.5,90.4,0.3,25.5,5.9,0,0,0,100
2024/7/5 21:30,1006.5,91.4,0.4,25.4,6,0,0,0,100
2024/7/5 21:45,1006.5,90.7,0.4,25.4,6.2,0,0,0,100
2024/7/5 22:00,1006.5,92.4,0.2,25.3,6.3,0,0,0,100
2024/7/5 22:15,1006.5,94,0.2,25.3,6.4,0,0,0,100
2024/7/5 22:30,1006.5,93.2,0.1,25.4,6.6,0,0,0,100
2024/7/5 22:45,1006.5,92.5,0,25.6,6.7,0,0,0,100
2024/7/5 23:00,1006.5,91.9,0,25.7,6.9,0,0,0,100
2024/7/5 23:15,1006.5,92.4,0,25.7,7,0,0,0,100
2024/7/5 23:30,1006.5,92.7,0,25.7,7.2,0,0,0,100
2024/7/5 23:45,1006.5,93.1,0,25.7,7.4,0,0,0,100
2024/7/6 0:00,1006.5,97.7,0.1,23.5,8,0,0,0,100
2024/7/6 0:15,1006.5,97.7,0.2,23.6,8,0,0,0,100
2024/7/6 0:30,1006.5,97.4,0.2,23.5,7.9,0,0,0,100
2024/7/6 0:45,1006.5,97.6,0.5,23.6,7.8,0,0,0,100
2024/7/6 1:00,1006.5,97.9,0.2,23.6,7.8,0,0,0,100
2024/7/6 1:15,1006.5,98.7,0.3,23.6,7.9,0,0,0,100
2024/7/6 1:30,1006.5,98.7,0.2,23.7,7.9,0,0,0,100
2024/7/6 1:45,1006.5,98.3,0.2,23.7,8,0,0,0,100
2024/7/6 2:00,1006.5,97.2,0,23.9,8,0,0,0,100
2024/7/6 2:15,1006.5,96,0,24,8,0,0,0,100
2024/7/6 2:30,1006.5,95.9,0,24.2,8.1,0,0,0,100
2024/7/6 2:45,1006.5,97,0.2,24.3,8.1,0,0,0,100
2024/7/6 3:00,1006.5,96.1,0.2,24.4,8.1,0,0,0,100
2024/7/6 3:15,1006.5,96.2,0.2,24.5,8.1,0,0,0,100
2024/7/6 3:30,1006.5,96.1,0.2,24.6,8.1,0,0,0,100
2024/7/6 3:45,1006.5,96.3,0.1,24.6,8.1,0,0,0,100
2024/7/6 4:00,1006.5,96.8,0,24.7,8.1,0,0,0,100
2024/7/6 4:15,1006.5,96.8,0,24.7,8.1,0,0,0,100
2024/7/6 4:30,1006.5,96.6,0.1,24.7,8.1,0,0,0,100
2024/7/6 4:45,1006.5,95.8,0.2,24.6,8.1,0,0,0,100
2024/7/6 5:00,1006.5,94.3,0.1,24.3,8.1,5,0,0,100
2024/7/6 5:15,1006.5,94.4,0,24.2,8,20,1,2.57,100
2024/7/6 5:30,1006.5,94.1,0,24,8,42,11,3.16,100
2024/7/6 5:45,1006.5,93.9,0,23.9,8,69,18,3.9,100
2024/7/6 6:00,1006.5,93.7,0,23.8,8,101,15,3.96,100
2024/7/6 6:15,1006.5,92.8,0.1,23.7,8,136,22,4.74,100
2024/7/6 6:30,1006.5,92.4,0,23.7,8,174,7,2.88,100
2024/7/6 6:45,1006.5,92,0,23.6,8,212,28,5.62,100
2024/7/6 7:00,1006.5,91.9,0,23.6,8,251,12,4.82,100
2024/7/6 7:15,1006.5,91.7,0,23.7,7.9,289,39,9.9,100
2024/7/6 7:30,1006.5,91.6,0,23.7,7.9,326,42,13.94,100
2024/7/6 7:45,1006.5,91.6,0,23.7,7.8,362,177,27.71,100
2024/7/6 8:00,1006.5,91.1,0,23.8,7.7,396,152,23.44,100
2024/7/6 8:15,1006.5,90.1,0,23.9,7.6,429,174,22.1,100
2024/7/6 8:30,1006.5,89,0,24.1,7.4,460,142,24.91,100
2024/7/6 8:45,1006.5,88.1,0,24.3,7.3,491,827,51.02,100
2024/7/6 9:00,1006.5,87.4,0,24.5,7.1,520,251,53.08,100
2024/7/6 9:15,1006.5,86.9,0,24.6,6.9,549,230,35.59,100
2024/7/6 9:30,1006.5,87,0,24.6,6.7,578,281,45.16,100
2024/7/6 9:45,1006.5,87.3,0,24.7,6.5,607,494,56.94,100
2024/7/6 10:00,1006.5,87.5,0,24.6,6.3,637,442,73.48,100
2024/7/6 10:15,1006.5,88,0,24.6,6.1,665,1077,85.5,100
2024/7/6 10:30,1006.5,87.9,0,24.7,5.9,691,519,72.32,100
2024/7/6 10:45,1006.5,87.5,0,24.7,5.6,716,691,84.71,100
2024/7/6 11:00,1006.5,87.3,0,24.8,5.4,739,1006,91.47,100
2024/7/6 11:15,1006.5,87.4,0,24.7,5.2,759,1096,96.19,100
2024/7/6 11:30,1006.5,87.1,0,24.8,5,776,450,92.74,100
2024/7/6 11:45,1006.5,86.8,0,24.8,4.8,790,1004,98.24,100
2024/7/6 12:00,1006.5,86.3,0,24.8,4.6,801,556,97.6,100
2024/7/6 12:15,1006.5,85.7,0,24.9,4.3,807,999,98.97,100
2024/7/6 12:30,1006.5,84.8,0,24.9,4.1,809,995,98.87,100
2024/7/6 12:45,1006.5,83.7,0,25,3.9,807,994,98.88,100
2024/7/6 13:00,1006.5,82.7,0,25.1,3.7,802,993,98.98,100
2024/7/6 13:15,1006.5,82.2,0,25.1,3.5,794,987,98.95,100
2024/7/6 13:30,1006.5,81.9,0,25.2,3.3,784,973,98.82,100
2024/7/6 13:45,1006.5,81,0,25.3,3.1,770,948,98.62,100
2024/7/6 14:00,1006.5,80,0,25.4,2.9,752,909,98.3,100
2024/7/6 14:15,1006.5,78.7,0,25.5,2.8,730,862,97.16,100
2024/7/6 14:30,1006.5,77,0,25.7,2.6,705,822,94.9,100
2024/7/6 14:45,1006.5,74.8,0,25.9,2.6,675,782,90.17,100
2024/7/6 15:00,1006.5,72,0,26.1,2.5,642,742,85.43,100
2024/7/6 15:15,1006.6,69.9,0,26.4,2.5,605,709,80.07,100
2024/7/6 15:30,1006.6,68.3,0,26.6,2.5,564,668,74.54,100
2024/7/6 15:45,1006.6,66.7,0,26.8,2.5,520,630,68.98,100
2024/7/6 16:00,1006.6,65.2,0,27,2.5,472,585,63.37,100
2024/7/6 16:15,1006.6,64.3,0,27.2,2.4,421,549,56.36,100
2024/7/6 16:30,1006.6,63.5,0,27.4,2.4,369,508,50.82,100
2024/7/6 16:45,1006.6,62.9,0,27.6,2.5,318,449,45.36,100
2024/7/6 17:00,1006.6,62.7,0,27.7,2.5,269,398,37.24,100
2024/7/6 17:15,1006.6,63.3,0,27.8,2.5,224,269,29.84,100
2024/7/6 17:30,1006.6,64.3,0,27.8,2.5,182,269,24.18,100
2024/7/6 17:45,1006.6,65,0,27.8,2.6,145,193,14.43,100
2024/7/6 18:00,1006.6,66.1,0,27.7,2.7,113,190,14.4,100
2024/7/6 18:15,1006.6,67.7,0,27.5,2.7,86,78,8.9,100
2024/7/6 18:30,1006.6,69.5,0,27.4,2.8,63,103,9.37,100
2024/7/6 18:45,1006.6,71.1,0,27.3,2.8,44,53,7.04,100
2024/7/6 19:00,1006.6,72.3,0,27.1,2.9,27,26,5.31,100
2024/7/6 19:15,1006.6,73.4,0,27,2.9,11,0,0,100
2024/7/6 19:30,1006.6,74.5,0,26.8,3,0,0,0,100
2024/7/6 19:45,1006.6,76,0,26.7,3.1,0,0,0,100
2024/7/6 20:00,1006.6,77.7,0,26.5,3.1,0,0,0,100
2024/7/6 20:15,1006.6,78.9,0,26.3,3.2,0,0,0,100
2024/7/6 20:30,1006.6,79.9,0,26.1,3.3,0,0,0,100
2024/7/6 20:45,1006.6,80.7,0,25.9,3.3,0,0,0,100
2024/7/6 21:00,1006.6,82.1,0,25.8,3.3,0,0,0,100
2024/7/6 21:15,1006.6,83.8,0,25.7,3.4,0,0,0,100
2024/7/6 21:30,1006.6,85.1,0,25.5,3.4,0,0,0,100
2024/7/6 21:45,1006.6,85.9,0,25.4,3.4,0,0,0,100
2024/7/6 22:00,1006.6,86.4,0,25.3,3.5,0,0,0,100
2024/7/6 22:15,1006.6,86.6,0,25.3,3.5,0,0,0,100
2024/7/6 22:30,1006.6,86.4,0,25.3,3.5,0,0,0,100
2024/7/6 22:45,1006.6,86.7,0,25.2,3.6,0,0,0,100
2024/7/6 23:00,1006.6,87.3,0,25.1,3.6,0,0,0,100
2024/7/6 23:15,1006.6,87.6,0,25.1,3.6,0,0,0,100
2024/7/6 23:30,1006.6,88,0,25,3.6,0,0,0,100
2024/7/6 23:45,1006.6,88.6,0,25,3.6,0,0,0,100
2024/7/7 0:00,1006.6,92.5,0,25.4,3.8,0,0,0,100
2024/7/7 0:15,1006.6,93,0,25.4,3.8,0,0,0,100
2024/7/7 0:30,1006.6,93.7,0,25.4,3.8,0,0,0,100
2024/7/7 0:45,1006.6,94.3,0,25.3,3.8,0,0,0,100
2024/7/7 1:00,1006.6,94.7,0,25.3,3.8,0,0,0,100
2024/7/7 1:15,1006.6,95.1,0,25.2,3.8,0,0,0,100
2024/7/7 1:30,1006.6,95.7,0,25.2,3.8,0,0,0,100
2024/7/7 1:45,1006.6,96.4,0,25.1,3.8,0,0,0,100
2024/7/7 2:00,1006.6,97,0,25,3.8,0,0,0,100
2024/7/7 2:15,1006.6,97.4,0,25,3.8,0,0,0,100
2024/7/7 2:30,1006.6,97.8,0,24.9,3.8,0,0,0,100
2024/7/7 2:45,1006.6,98.2,0,24.9,3.8,0,0,0,100
2024/7/7 3:00,1006.6,98.5,0,24.8,3.8,0,0,0,100
2024/7/7 3:15,1006.6,98.8,0,24.7,3.7,0,0,0,100
2024/7/7 3:30,1006.6,98.9,0,24.7,3.7,0,0,0,100
2024/7/7 3:45,1006.6,98.9,0,24.7,3.7,0,0,0,100
2024/7/7 4:00,1006.6,98.8,0,24.7,3.7,0,0,0,100
2024/7/7 4:15,1006.6,98.8,0,24.7,3.6,0,0,0,100
2024/7/7 4:30,1006.6,98.7,0,24.7,3.6,0,0,0,100
2024/7/7 4:45,1006.6,98.7,0,24.7,3.6,0,0,0,100
2024/7/7 5:00,1006.6,98.6,0,24.8,3.5,4,0,0,100
2024/7/7 5:15,1006.6,98.5,0,24.8,3.5,18,23,4.82,100
2024/7/7 5:30,1006.6,98.4,0,24.8,3.5,38,31,5.59,100
2024/7/7 5:45,1006.6,98.4,0,24.8,3.4,64,109,11.54,100
2024/7/7 6:00,1006.6,98.4,0,24.9,3.4,93,131,12.21,100
2024/7/7 6:15,1006.6,98.2,0,25,3.4,127,99,16.07,100
2024/7/7 6:30,1006.6,97.9,0,25.2,3.4,164,117,14.56,100
2024/7/7 6:45,1006.6,97.3,0,25.4,3.3,201,119,14.89,100
2024/7/7 7:00,1006.6,96.6,0,25.6,3.3,241,163,20.2,100
2024/7/7 7:15,1006.6,95.8,0,25.8,3.2,281,224,22.86,100
2024/7/7 7:30,1006.6,95.1,0,26,3.2,322,232,26.55,100
2024/7/7 7:45,1006.6,94.4,0,26.2,3.1,364,257,30.34,100
2024/7/7 8:00,1006.6,93.5,0,26.5,3.1,406,277,30.31,100
2024/7/7 8:15,1006.6,91.9,0,26.8,3.1,447,265,35.72,100
2024/7/7 8:30,1006.6,89.9,0,27.1,3.1,487,371,43.84,100
2024/7/7 8:45,1006.6,88.5,0,27.3,3.1,526,449,42.66,100
2024/7/7 9:00,1006.6,87.3,0,27.6,3.2,564,458,60.02,100
2024/7/7 9:15,1006.6,86,0,27.8,3.2,600,451,61.78,100
2024/7/7 9:30,1006.6,84.7,0,28.1,3.2,634,422,49.28,100
2024/7/7 9:45,1006.6,83.3,0,28.3,3.2,666,535,56.23,100
2024/7/7 10:00,1006.6,81.8,0,28.6,3.2,695,377,44.91,100
2024/7/7 10:15,1006.6,80.8,0,28.8,3.1,721,546,51.68,100
2024/7/7 10:30,1006.6,80,0,28.8,3.1,742,385,44.71,100
2024/7/7 10:45,1006.6,78.9,0,28.8,3.2,760,500,74.11,100
2024/7/7 11:00,1006.6,78,0,28.9,3.2,774,584,61.68,100
2024/7/7 11:15,1006.6,78,0,28.7,3.2,785,360,44.5,100
2024/7/7 11:30,1006.6,78.2,0,28.5,3.2,792,414,50.88,100
2024/7/7 11:45,1006.6,77.8,0,28.4,3.3,796,395,48.58,100
2024/7/7 12:00,1006.6,78.2,0,28.4,3.3,796,375,51.18,100
2024/7/7 12:15,1006.6,78.6,0,28.5,3.4,793,335,42.81,100
2024/7/7 12:30,1006.6,78.1,0,28.6,3.4,788,453,61.35,100
2024/7/7 12:45,1006.6,77.1,0,28.8,3.5,779,447,44.03,100
2024/7/7 13:00,1006.6,75.6,0,29,3.6,768,235,29.63,100
2024/7/7 13:15,1006.6,74,0,29.1,3.7,755,227,34.52,100
2024/7/7 13:30,1006.6,73.4,0,29.2,3.8,738,428,56.5,100
2024/7/7 13:45,1006.6,72.8,0,29.2,3.9,718,620,86.2,100
2024/7/7 14:00,1006.6,72.1,0,29.2,3.9,696,656,84.51,100
2024/7/7 14:15,1006.6,71.1,0,29.3,4,670,879,73.16,100
2024/7/7 14:30,1006.6,70,0,29.3,4.1,643,284,30.77,100
2024/7/7 14:45,1006.6,71.1,0,29.5,4.1,613,258,33.3,100
2024/7/7 15:00,1006.6,73.8,0,29.2,4.1,580,285,57.56,100
2024/7/7 15:15,1006.6,73.6,0,29.1,4.1,546,244,28.11,100
2024/7/7 15:30,1006.6,75.1,0,28.9,4.1,510,322,40.59,100
2024/7/7 15:45,1006.6,77.8,0,28.7,4.1,472,255,34.79,100
2024/7/7 16:00,1006.6,80.7,0,28.5,4.2,432,209,22.63,100
2024/7/7 16:15,1006.6,81.8,0,28.3,4.2,390,174,23.78,100
2024/7/7 16:30,1006.6,82.1,0,28.2,4.2,348,78,10.48,100
2024/7/7 16:45,1006.6,83,0,28,4.2,307,50,7.21,100
2024/7/7 17:00,1006.6,82.8,0,27.8,4.2,266,62,7.86,100
2024/7/7 17:15,1006.6,83.6,0,27.6,4.2,228,50,8.28,100
2024/7/7 17:30,1006.6,85.1,0,27.4,4.2,193,49,8.28,100
2024/7/7 17:45,1006.6,85.4,0,27.2,4.2,160,63,10.13,100
2024/7/7 18:00,1006.6,85.5,0,27.1,4.2,130,91,12.29,100
2024/7/7 18:15,1006.6,86.6,0,26.9,4.2,102,95,11.38,100
2024/7/7 18:30,1006.6,87.1,0,26.8,4.2,78,86,10.53,100
2024/7/7 18:45,1006.6,87.1,0,26.6,4.2,55,37,5.98,100
2024/7/7 19:00,1006.6,87.3,0,26.5,4.1,35,12,3.4,100
2024/7/7 19:15,1006.6,87,0,26.4,4.1,15,0,0,100
2024/7/7 19:30,1006.6,88,0,26.3,4.1,0,0,0,100
2024/7/7 19:45,1006.6,88.3,0,26.2,4.1,0,0,0,100
2024/7/7 20:00,1006.6,88.5,0,26.1,4.1,0,0,0,100
2024/7/7 20:15,1006.6,89.5,0,26,4.1,0,0,0,100
2024/7/7 20:30,1006.6,90.3,0,25.9,4.1,0,0,0,100
2024/7/7 20:45,1006.6,90.5,0,25.9,4.1,0,0,0,100
2024/7/7 21:00,1006.6,91,0,25.8,4.1,0,0,0,100
2024/7/7 21:15,1006.6,91.6,0,25.8,4.2,0,0,0,100
2024/7/7 21:30,1006.6,90.6,0,25.7,4.3,0,0,0,100
2024/7/7 21:45,1006.6,88.6,0,25.6,4.3,0,0,0,100
2024/7/7 22:00,1006.6,88.2,0,25.5,4.3,0,0,0,100
2024/7/7 22:15,1006.6,86.6,0,25.3,4.3,0,0,0,100
2024/7/7 22:30,1006.6,85.6,0,25.1,4.3,0,0,0,100
2024/7/7 22:45,1006.6,86.5,0,24.8,4.4,0,0,0,100
2024/7/7 23:00,1006.6,87.5,0,24.7,4.4,0,0,0,100
2024/7/7 23:15,1006.5,87.3,0,24.6,4.4,0,0,0,100
2024/7/7 23:30,1006.5,87.6,0,24.5,4.4,0,0,0,100
2024/7/7 23:45,1006.5,87.7,0,24.4,4.3,0,0,0,100
2024/7/8 0:00,1006.5,94.7,0,24.5,3.5,0,0,0,100
2024/7/8 0:15,1006.5,94.5,0,24.4,3.4,0,0,0,100
2024/7/8 0:30,1006.5,94.6,0,24.4,3.3,0,0,0,100
2024/7/8 0:45,1006.5,94.7,0,24.3,3.3,0,0,0,100
2024/7/8 1:00,1006.5,94.5,0,24.3,3.2,0,0,0,100
2024/7/8 1:15,1006.5,94.5,0,24.3,3.1,0,0,0,100
2024/7/8 1:30,1006.5,94.4,0,24.3,3.1,0,0,0,100
2024/7/8 1:45,1006.5,94.6,0,24.3,3,0,0,0,100
2024/7/8 2:00,1006.5,94.8,0,24.3,2.9,0,0,0,100
2024/7/8 2:15,1006.5,94.7,0,24.3,2.8,0,0,0,100
2024/7/8 2:30,1006.5,94.8,0,24.3,2.8,0,0,0,100
2024/7/8 2:45,1006.5,95.3,0,24.2,2.7,0,0,0,100
2024/7/8 3:00,1006.5,95.9,0,24.1,2.6,0,0,0,100
2024/7/8 3:15,1006.5,96.5,0,24,2.6,0,0,0,100
2024/7/8 3:30,1006.5,96.9,0,23.9,2.5,0,0,0,100
2024/7/8 3:45,1006.5,97.2,0,23.9,2.4,0,0,0,100
2024/7/8 4:00,1006.5,97.4,0,23.8,2.4,0,0,0,100
2024/7/8 4:15,1006.5,97.3,0,23.7,2.4,0,0,0,100
2024/7/8 4:30,1006.5,97.2,0,23.7,2.5,0,0,0,100
2024/7/8 4:45,1006.5,97.3,0,23.8,2.4,0,0,0,100
2024/7/8 5:00,1006.5,97.4,0,23.7,2.4,4,0,0,100
2024/7/8 5:15,1006.5,97.5,0,23.7,2.4,21,4,3.12,100
2024/7/8 5:30,1006.5,97.5,0,23.7,2.3,44,16,4.18,100
2024/7/8 5:45,1006.5,97.3,0,23.7,2.3,72,26,5.21,100
2024/7/8 6:00,1006.5,97,0,23.8,2.3,106,42,8.19,100
2024/7/8 6:15,1006.5,96.7,0,23.9,2.2,144,64,10,100
2024/7/8 6:30,1006.5,96.4,0,24.1,2.2,185,59,9.57,100
2024/7/8 6:45,1006.5,95.8,0,24.3,2.1,226,89,15.02,100
2024/7/8 7:00,1006.5,94.7,0,24.5,2.1,269,272,34.82,100
2024/7/8 7:15,1006.5,94.3,0,24.6,2.1,313,280,33.46,100
2024/7/8 7:30,1006.6,93.8,0,24.8,2.1,356,285,39.47,100
2024/7/8 7:45,1006.6,93.3,0,25,2.2,400,251,29.18,100
2024/7/8 8:00,1006.6,92.4,0,25.2,2.2,442,253,32.95,100
2024/7/8 8:15,1006.6,91,0,25.4,2.2,484,423,46.82,100
2024/7/8 8:30,1006.6,89.8,0,25.7,2.2,524,591,66.2,100
2024/7/8 8:45,1006.6,89,0,25.9,2.3,563,527,64.88,100
2024/7/8 9:00,1006.6,88.1,0,26.1,2.3,601,682,79.39,100
2024/7/8 9:15,1006.6,87.6,0,26.2,2.5,638,523,56.18,100
2024/7/8 9:30,1006.6,87.1,0,26.3,2.6,673,416,50.87,100
2024/7/8 9:45,1006.6,86.5,0,26.5,2.7,707,440,58.37,100
2024/7/8 10:00,1006.6,85.9,0,26.6,2.7,739,657,75.98,100
2024/7/8 10:15,1006.6,85.6,0,26.6,2.8,768,660,73.82,100
2024/7/8 10:30,1006.6,85.2,0,26.7,2.9,794,1014,65.66,100
2024/7/8 10:45,1006.6,84.8,0,26.7,3.1,817,930,84.52,100
2024/7/8 11:00,1006.6,84.6,0,26.7,3.2,836,857,62.74,100
2024/7/8 11:15,1006.6,84.6,0,26.7,3.3,852,959,87.42,100
2024/7/8 11:30,1006.6,84.8,0,26.7,3.5,864,871,98.92,100
2024/7/8 11:45,1006.6,84.3,0,26.7,3.6,873,808,97.12,100
2024/7/8 12:00,1006.6,83.1,0,26.8,3.7,878,942,99.02,100
2024/7/8 12:15,1006.6,82.8,0,26.8,3.9,879,858,98.71,100
2024/7/8 12:30,1006.6,83.1,0,26.9,4.1,877,756,92.98,100
2024/7/8 12:45,1006.6,84.5,0,26.7,4.2,871,1011,97.38,100
2024/7/8 13:00,1006.6,85.2,0,26.6,4.4,863,590,69.02,100
2024/7/8 13:15,1006.6,85.7,0,26.5,4.5,851,873,96.95,100
2024/7/8 13:30,1006.6,86,0,26.5,4.6,836,959,98.28,100
2024/7/8 13:45,1006.6,86,0,26.5,4.7,818,659,83.75,100
2024/7/8 14:00,1006.6,86.1,0,26.5,4.8,796,439,53.4,100
2024/7/8 14:15,1006.6,86.3,0,26.5,4.9,771,628,61.26,100
2024/7/8 14:30,1006.6,86.5,0,26.5,5,742,700,76.15,100
2024/7/8 14:45,1006.6,86.4,0,26.4,5.1,710,497,65.53,100
2024/7/8 15:00,1006.6,86.1,0,26.4,5.1,675,443,62.1,100
2024/7/8 15:15,1006.6,86.1,0,26.4,5.1,636,586,72.46,100
2024/7/8 15:30,1006.6,85.3,0,26.4,5.2,595,797,86.4,100
2024/7/8 15:45,1006.6,84.2,0,26.3,5.2,551,507,64.95,100
2024/7/8 16:00,1006.6,82.8,0,26.4,5.1,503,386,50.07,100
2024/7/8 16:15,1006.6,81.5,0,26.5,5.1,454,538,64.43,100
2024/7/8 16:30,1006.6,81.2,0,26.5,5,403,461,49.67,100
2024/7/8 16:45,1006.6,81.5,0,26.5,4.9,353,443,45.09,100
2024/7/8 17:00,1006.6,81.5,0,26.5,4.9,304,333,36.36,100
2024/7/8 17:15,1006.6,81.9,0,26.4,4.8,259,274,30.36,100
2024/7/8 17:30,1006.6,82.8,0,26.4,4.7,216,295,28.62,100
2024/7/8 17:45,1006.6,83.5,0,26.3,4.6,177,213,16.8,100
2024/7/8 18:00,1006.6,83.7,0,26.3,4.5,143,197,17.61,100
2024/7/8 18:15,1006.6,83.8,0,26.2,4.4,112,33,5.14,100
2024/7/8 18:30,1006.6,84.3,0,26.2,4.3,84,38,6.12,100
2024/7/8 18:45,1006.6,85.2,0,26.1,4.2,60,23,4.84,100
2024/7/8 19:00,1006.6,86.7,0,26,4.1,37,8,3.39,100
2024/7/8 19:15,1006.6,88,0.2,25.9,4,16,0,0,100
2024/7/8 19:30,1006.6,88.4,0.2,25.8,3.9,0,0,0,100
2024/7/8 19:45,1006.6,88.5,0.2,25.7,3.8,0,0,0,100
2024/7/8 20:00,1006.6,88,0,25.7,3.7,0,0,0,100
2024/7/8 20:15,1006.6,87.8,0,25.7,3.6,0,0,0,100
2024/7/8 20:30,1006.6,88.3,0,25.7,3.5,0,0,0,100
2024/7/8 20:45,1006.6,89,0.1,25.6,3.5,0,0,0,100
2024/7/8 21:00,1006.6,89.3,0,25.6,3.4,0,0,0,100
2024/7/8 21:15,1006.6,89.5,0,25.5,3.3,0,0,0,100
2024/7/8 21:30,1006.6,88.4,0,25.5,3.2,0,0,0,100
2024/7/8 21:45,1006.6,88.1,0,25.4,3.2,0,0,0,100
2024/7/8 22:00,1006.6,89.1,0,25.3,3.1,0,0,0,100
2024/7/8 22:15,1006.6,90.1,0,25.2,3.1,0,0,0,100
2024/7/8 22:30,1006.6,91.2,0,25.1,3.1,0,0,0,100
2024/7/8 22:45,1006.6,92.2,0,25,3.1,0,0,0,100
2024/7/8 23:00,1006.6,92.1,0,24.9,3.2,0,0,0,100
2024/7/8 23:15,1006.6,92.1,0,25,3.2,0,0,0,100
2024/7/8 23:30,1006.6,92.8,0,24.9,3.2,0,0,0,100
2024/7/8 23:45,1006.6,93.4,0,24.8,3.3,0,0,0,100
2024/7/9 0:00,1006.6,92.4,0,25.2,3.3,0,0,0,100
2024/7/9 0:15,1006.6,92.7,0,25.1,3.3,0,0,0,100
2024/7/9 0:30,1006.6,92.9,0,25.1,3.3,0,0,0,100
2024/7/9 0:45,1006.6,93,0,25.1,3.4,0,0,0,100
2024/7/9 1:00,1006.6,92.8,0,25.1,3.4,0,0,0,100
2024/7/9 1:15,1006.6,93,0,25,3.5,0,0,0,100
2024/7/9 1:30,1006.6,93,0,25,3.5,0,0,0,100
2024/7/9 1:45,1006.6,92.8,0,25,3.6,0,0,0,100
2024/7/9 2:00,1006.6,92.9,0,25,3.7,0,0,0,100
2024/7/9 2:15,1006.6,92.8,0,24.9,3.8,0,0,0,100
2024/7/9 2:30,1006.6,92.5,0,24.9,3.8,0,0,0,100
2024/7/9 2:45,1006.6,92.5,0,24.9,3.9,0,0,0,100
2024/7/9 3:00,1006.6,92.4,0,24.8,4,0,0,0,100
2024/7/9 3:15,1006.6,92,0,24.7,4,0,0,0,100
2024/7/9 3:30,1006.6,91.8,0,24.7,4.1,0,0,0,100
2024/7/9 3:45,1006.6,91.7,0,24.7,4.2,0,0,0,100
2024/7/9 4:00,1006.5,91.8,0,24.6,4.3,0,0,0,100
2024/7/9 4:15,1006.6,91.6,0,24.6,4.3,0,0,0,100
2024/7/9 4:30,1006.6,91.2,0,24.6,4.4,0,0,0,100
2024/7/9 4:45,1006.6,91,0,24.5,4.5,0,0,0,100
2024/7/9 5:00,1006.5,91.2,0,24.5,4.5,4,0,0,100
2024/7/9 5:15,1006.5,91.5,0,24.4,4.6,21,12,3.81,100
2024/7/9 5:30,1006.5,91.5,0,24.4,4.7,44,19,4.65,100
2024/7/9 5:45,1006.6,91.5,0,24.4,4.8,74,33,6.19,100
2024/7/9 6:00,1006.6,91.3,0,24.5,4.9,108,41,7.02,100
2024/7/9 6:15,1006.6,90.9,0,24.6,5,147,78,10.58,100
2024/7/9 6:30,1006.6,90.6,0,24.7,5,189,100,13.82,100
2024/7/9 6:45,1006.6,90.3,0,24.8,5.1,232,150,19.93,100
2024/7/9 7:00,1006.6,90,0,24.9,5.2,276,169,24.22,100
2024/7/9 7:15,1006.6,89.5,0,25,5.3,321,321,30.29,100
2024/7/9 7:30,1006.6,89.1,0,25.2,5.4,365,307,22.42,100
2024/7/9 7:45,1006.6,88.7,0,25.3,5.5,410,335,43.32,100
2024/7/9 8:00,1006.6,88.2,0,25.4,5.7,453,314,43.56,100
2024/7/9 8:15,1006.6,87.6,0,25.5,5.8,496,340,42.19,100
2024/7/9 8:30,1006.6,87,0,25.6,6,537,313,45.47,100
2024/7/9 8:45,1006.6,86.5,0,25.8,6.1,577,528,54.39,100
2024/7/9 9:00,1006.6,86.5,0,25.8,6.3,615,491,57.65,100
2024/7/9 9:15,1006.6,86.7,0,25.9,6.4,651,436,60.98,100
2024/7/9 9:30,1006.6,87.2,0,25.9,6.6,686,588,62.95,100
2024/7/9 9:45,1006.6,87.8,0,25.8,6.7,719,523,71.39,100
2024/7/9 10:00,1006.6,88.3,0,25.8,6.8,748,756,82.94,100
2024/7/9 10:15,1006.6,88.8,0,25.7,7,775,729,92.3,100
2024/7/9 10:30,1006.6,89,0,25.7,7.1,797,879,94.93,100
2024/7/9 10:45,1006.6,89,0,25.7,7.2,815,828,95.6,100
2024/7/9 11:00,1006.6,89.3,0,25.6,7.3,830,612,79.29,100
2024/7/9 11:15,1006.6,89.8,0,25.6,7.5,841,475,61.48,100
2024/7/9 11:30,1006.6,90,0,25.5,7.6,849,457,63.3,100
2024/7/9 11:45,1006.6,89.9,0,25.5,7.7,853,706,62.28,100
2024/7/9 12:00,1006.6,89.8,0,25.5,7.7,854,456,88.79,100
2024/7/9 12:15,1006.6,89.8,0,25.5,7.8,852,904,75.2,100
2024/7/9 12:30,1006.6,89.5,0,25.4,7.9,847,782,96.38,100
2024/7/9 12:45,1006.6,89.3,0,25.4,7.9,840,931,98.11,100
2024/7/9 13:00,1006.6,89.1,0,25.4,8,831,876,98.47,100
2024/7/9 13:15,1006.6,88.9,0,25.3,8,820,873,97.19,100
2024/7/9 13:30,1006.6,89.1,0,25.3,8,807,884,98.53,100
2024/7/9 13:45,1006.6,89.2,0,25.2,8,790,851,96.71,100
2024/7/9 14:00,1006.6,89.2,0,25.2,8,771,814,92.6,100
2024/7/9 14:15,1006.6,89,0,25.2,7.9,748,508,80.93,100
2024/7/9 14:30,1006.6,88.8,0,25.1,7.9,721,721,87.27,100
2024/7/9 14:45,1006.6,88.5,0,25.1,7.8,692,651,75.31,100
2024/7/9 15:00,1006.6,88,0,25.1,7.8,659,633,76.7,100
2024/7/9 15:15,1006.6,87.8,0,25.1,7.7,622,578,68.2,100
2024/7/9 15:30,1006.6,87.5,0,25,7.6,582,538,61.52,100
2024/7/9 15:45,1006.6,87.3,0,25,7.5,539,470,55.96,100
2024/7/9 16:00,1006.6,87.1,0,25,7.4,493,473,50.07,100
2024/7/9 16:15,1006.6,86.9,0,24.9,7.3,444,444,45.06,100
2024/7/9 16:30,1006.6,86.5,0,24.9,7.2,394,386,40.57,100
2024/7/9 16:45,1006.6,86.1,0,24.9,7,345,221,28.61,100
2024/7/9 17:00,1006.6,85.8,0,24.8,6.9,298,349,34.75,100
2024/7/9 17:15,1006.6,85.5,0,24.8,6.7,253,261,31.05,100
2024/7/9 17:30,1006.6,85.2,0,24.8,6.5,211,247,24.13,100
2024/7/9 17:45,1006.6,84.6,0,24.7,6.4,173,184,20.02,100
2024/7/9 18:00,1006.6,84.4,0,24.7,6.2,139,132,14.9,100
2024/7/9 18:15,1006.6,84.3,0,24.7,6,108,25,4.93,100
2024/7/9 18:30,1006.6,84.4,0,24.7,5.8,82,33,6.31,100
2024/7/9 18:45,1006.6,84.2,0,24.6,5.6,58,43,6.82,100
2024/7/9 19:00,1006.6,84.1,0,24.5,5.4,36,26,4.9,100
2024/7/9 19:15,1006.6,84,0,24.5,5.2,16,0,0,100
2024/7/9 19:30,1006.6,83.8,0,24.5,5.1,0,0,0,100
2024/7/9 19:45,1006.6,83.6,0,24.5,4.9,0,0,0,100
2024/7/9 20:00,1006.6,83.4,0,24.5,4.7,0,0,0,100
2024/7/9 20:15,1006.6,83.3,0,24.5,4.5,0,0,0,100
2024/7/9 20:30,1006.6,83.3,0,24.5,4.3,0,0,0,100
2024/7/9 20:45,1006.6,83.3,0,24.5,4.1,0,0,0,100
2024/7/9 21:00,1006.6,83.5,0,24.4,3.9,0,0,0,100
2024/7/9 21:15,1006.6,83.3,0,24.4,3.8,0,0,0,100
2024/7/9 21:30,1006.6,83.5,0,24.4,3.6,0,0,0,100
2024/7/9 21:45,1006.6,83.6,0,24.4,3.5,0,0,0,100
2024/7/9 22:00,1006.6,83.4,0,24.5,3.3,0,0,0,100
2024/7/9 22:15,1006.6,83.4,0,24.5,3.2,0,0,0,100
2024/7/9 22:30,1006.6,83.9,0,24.4,3,0,0,0,100
2024/7/9 22:45,1006.6,84.3,0,24.4,2.9,0,0,0,100
2024/7/9 23:00,1006.6,84.5,0,24.4,2.8,0,0,0,100
2024/7/9 23:15,1006.6,84.6,0,24.4,2.7,0,0,0,100
2024/7/9 23:30,1006.6,84.7,0,24.4,2.7,0,0,0,100
2024/7/9 23:45,1006.6,84.7,0,24.4,2.6,0,0,0,100
2024/7/10 0:00,1006.6,88.9,0,24.3,3,0,0,0,100
2024/7/10 0:15,1006.6,88.9,0,24.3,2.9,0,0,0,100
2024/7/10 0:30,1006.6,89,0,24.3,2.9,0,0,0,100
2024/7/10 0:45,1006.6,88.7,0,24.3,2.8,0,0,0,100
2024/7/10 1:00,1006.6,88.6,0,24.3,2.8,0,0,0,100
2024/7/10 1:15,1006.6,88.5,0,24.3,2.7,0,0,0,100
2024/7/10 1:30,1006.6,88.6,0,24.3,2.7,0,0,0,100
2024/7/10 1:45,1006.6,88.5,0,24.3,2.6,0,0,0,100
2024/7/10 2:00,1006.6,88.6,0,24.3,2.6,0,0,0,100
2024/7/10 2:15,1006.6,88.4,0,24.3,2.6,0,0,0,100
2024/7/10 2:30,1006.6,88.3,0,24.3,2.5,0,0,0,100
2024/7/10 2:45,1006.6,88.2,0,24.3,2.5,0,0,0,100
2024/7/10 3:00,1006.6,88.2,0,24.3,2.5,0,0,0,100
2024/7/10 3:15,1006.6,88.2,0,24.2,2.5,0,0,0,100
2024/7/10 3:30,1006.6,88.7,0,24.2,2.5,0,0,0,100
2024/7/10 3:45,1006.6,89.2,0,24.1,2.5,0,0,0,100
2024/7/10 4:00,1006.6,89.3,0,24,2.5,0,0,0,100
2024/7/10 4:15,1006.6,89.7,0,24,2.5,0,0,0,100
2024/7/10 4:30,1006.6,89.7,0,23.9,2.5,0,0,0,100
2024/7/10 4:45,1006.6,89.9,0,23.9,2.5,0,0,0,100
2024/7/10 5:00,1006.6,90.1,0,23.8,2.5,4,0,0,100
2024/7/10 5:15,1006.6,90.3,0,23.8,2.5,21,17,4.22,100
2024/7/10 5:30,1006.6,90.8,0,23.7,2.5,44,34,5.38,100
2024/7/10 5:45,1006.6,91.5,0,23.7,2.5,73,38,7.01,100
2024/7/10 6:00,1006.6,92,0,23.7,2.5,107,91,10.55,100
2024/7/10 6:15,1006.6,91.7,0,23.7,2.6,145,137,14.34,100
2024/7/10 6:30,1006.6,91.6,0,23.8,2.6,186,183,18.06,100
2024/7/10 6:45,1006.6,91.6,0,23.8,2.7,228,229,22.87,100
2024/7/10 7:00,1006.6,91.4,0,23.9,2.8,271,280,28.06,100
2024/7/10 7:15,1006.6,91.3,0,24,2.9,315,340,34.71,100
2024/7/10 7:30,1006.6,91,0,24.1,3,358,389,40.57,100
2024/7/10 7:45,1006.6,90.6,0,24.3,3.1,401,439,47.21,100
2024/7/10 8:00,1006.6,89.6,0,24.6,3.2,443,497,53.7,100
2024/7/10 8:15,1006.6,87.9,0,24.8,3.3,483,540,60.52,100
2024/7/10 8:30,1006.6,86.5,0,24.9,3.4,522,584,66.2,100
2024/7/10 8:45,1006.6,85.4,0,25,3.5,559,621,72.54,100
2024/7/10 9:00,1006.6,84.1,0,25.1,3.6,594,662,77.61,100
2024/7/10 9:15,1006.6,82.6,0,25.2,3.7,628,703,83.44,100
2024/7/10 9:30,1006.6,81,0,25.4,3.8,660,739,88.45,100
2024/7/10 9:45,1006.6,79.2,0,25.5,3.9,690,783,93.36,100
2024/7/10 10:00,1006.6,77.9,0,25.5,4,716,819,96.88,100
2024/7/10 10:15,1006.6,77,0,25.6,4,739,865,98.49,100
2024/7/10 10:30,1006.6,76.4,0,25.6,4.1,757,905,98.89,100
2024/7/10 10:45,1006.6,76.5,0,25.6,4.2,772,937,99.02,100
2024/7/10 11:00,1006.6,76.4,0,25.6,4.3,783,956,99.13,100
2024/7/10 11:15,1006.6,76.3,0,25.7,4.3,791,967,99.11,100
2024/7/10 11:30,1006.6,76.6,0,25.7,4.4,795,965,99.05,100
2024/7/10 11:45,1006.6,76.5,0,25.7,4.4,796,967,99.16,100
2024/7/10 12:00,1006.6,76.5,0,25.7,4.4,794,969,99.09,100
2024/7/10 12:15,1006.6,76.4,0,25.7,4.4,789,968,99.17,100
2024/7/10 12:30,1006.6,76.7,0,25.7,4.4,782,967,99.12,100
2024/7/10 12:45,1006.6,77.1,0,25.7,4.4,773,963,99.1,100
2024/7/10 13:00,1006.6,77.3,0,25.7,4.3,762,960,99.16,100
2024/7/10 13:15,1006.6,77.6,0,25.7,4.3,749,948,99.04,100
2024/7/10 13:30,1006.6,78,0,25.7,4.2,734,944,98.93,100
2024/7/10 13:45,1006.6,78,0,25.7,4.2,716,920,98.88,100
2024/7/10 14:00,1006.6,77.8,0,25.7,4.1,695,885,98.49,100
2024/7/10 14:15,1006.6,77.6,0,25.7,4.1,672,735,96.91,100
2024/7/10 14:30,1006.6,77.5,0,25.7,4,646,808,94.07,100
2024/7/10 14:45,1006.6,77,0,25.7,3.9,618,761,89.25,100
2024/7/10 15:00,1006.6,76.7,0,25.7,3.8,587,724,84.06,100
2024/7/10 15:15,1006.6,76.6,0,25.7,3.7,554,674,77.84,100
2024/7/10 15:30,1006.6,76.1,0,25.7,3.7,519,594,68.05,100
2024/7/10 15:45,1006.6,75.7,0,25.7,3.5,481,599,66.34,100
2024/7/10 16:00,1006.6,75.3,0,25.7,3.4,441,564,61.53,100
2024/7/10 16:15,1006.6,74.7,0,25.7,3.3,399,516,54.84,100
2024/7/10 16:30,1006.6,74.3,0,25.7,3.2,357,470,49,100
2024/7/10 16:45,1006.6,73.7,0,25.7,3.1,315,417,42.06,100
2024/7/10 17:00,1006.6,72.7,0,25.7,3,275,370,36.42,100
2024/7/10 17:15,1006.6,71.9,0,25.7,2.9,236,300,29.78,100
2024/7/10 17:30,1006.6,71.3,0,25.7,2.8,199,266,24.58,100
2024/7/10 17:45,1006.6,70.5,0,25.7,2.7,166,212,19.07,100
2024/7/10 18:00,1006.6,69.6,0,25.7,2.5,135,161,14.72,100
2024/7/10 18:15,1006.6,68.8,0,25.7,2.4,107,112,10.84,100
2024/7/10 18:30,1006.6,68.6,0,25.7,2.3,81,78,8.78,100
2024/7/10 18:45,1006.6,67.9,0,25.6,2.2,58,41,6.46,100
2024/7/10 19:00,1006.6,68.1,0,25.5,2.1,37,20,4.65,100
2024/7/10 19:15,1006.6,68.3,0,25.5,2.1,16,0,0,100
2024/7/10 19:30,1006.6,68.6,0,25.4,2,0,0,0,100
2024/7/10 19:45,1006.6,69.7,0,25.4,1.9,0,0,0,100
2024/7/10 20:00,1006.6,70.8,0,25.3,1.9,0,0,0,100
2024/7/10 20:15,1006.6,72,0,25.2,1.8,0,0,0,100
2024/7/10 20:30,1006.6,72.7,0,25.1,1.8,0,0,0,100
2024/7/10 20:45,1006.6,72.9,0,25,1.8,0,0,0,100
2024/7/10 21:00,1006.6,72.9,0,24.9,1.8,0,0,0,100
2024/7/10 21:15,1006.6,72.6,0,24.7,1.7,0,0,0,100
2024/7/10 21:30,1006.6,71.8,0,24.6,1.8,0,0,0,100
2024/7/10 21:45,1006.6,70.9,0,24.5,1.8,0,0,0,100
2024/7/10 22:00,1006.6,70.6,0,24.4,1.8,0,0,0,100
2024/7/10 22:15,1006.6,70.5,0,24.3,1.8,0,0,0,100
2024/7/10 22:30,1006.6,70.4,0,24.2,1.8,0,0,0,100
2024/7/10 22:45,1006.6,70.6,0,24.1,1.8,0,0,0,100
2024/7/10 23:00,1006.6,71.5,0,24,1.9,0,0,0,100
2024/7/10 23:15,1006.6,72.3,0,23.8,1.9,0,0,0,100
2024/7/10 23:30,1006.5,72.5,0,23.7,1.9,0,0,0,100
2024/7/10 23:45,1006.5,72.4,0,23.7,1.9,0,0,0,100
2024/7/11 0:00,1006.6,70.4,0,24,1.8,0,0,0,100
2024/7/11 0:15,1006.5,71.1,0,23.9,1.9,0,0,0,100
2024/7/11 0:30,1006.5,71.7,0,23.8,1.9,0,0,0,100
2024/7/11 0:45,1006.5,72.2,0,23.7,2,0,0,0,100
2024/7/11 1:00,1006.5,72.9,0,23.6,2,0,0,0,100
2024/7/11 1:15,1006.5,73.6,0,23.4,2.1,0,0,0,100
2024/7/11 1:30,1006.5,73.8,0,23.3,2.1,0,0,0,100
2024/7/11 1:45,1006.5,73.6,0,23.3,2.2,0,0,0,100
2024/7/11 2:00,1006.5,73.4,0,23.2,2.3,0,0,0,100
2024/7/11 2:15,1006.5,73.2,0,23.1,2.3,0,0,0,100
2024/7/11 2:30,1006.5,72.9,0,23.1,2.4,0,0,0,100
2024/7/11 2:45,1006.5,72.7,0,23,2.5,0,0,0,100
2024/7/11 3:00,1006.5,72.5,0,22.9,2.5,0,0,0,100
2024/7/11 3:15,1006.5,72.3,0,22.9,2.6,0,0,0,100
2024/7/11 3:30,1006.5,72,0,22.8,2.6,0,0,0,100
2024/7/11 3:45,1006.5,72,0,22.7,2.7,0,0,0,100
2024/7/11 4:00,1006.5,71.8,0,22.6,2.7,0,0,0,100
2024/7/11 4:15,1006.5,71.5,0,22.6,2.7,0,0,0,100
2024/7/11 4:30,1006.5,71.2,0,22.5,2.7,0,0,0,100
2024/7/11 4:45,1006.5,71.2,0,22.5,2.7,0,0,0,100
2024/7/11 5:00,1006.5,71.5,0,22.4,2.7,4,0,0,100
2024/7/11 5:15,1006.5,72,0,22.3,2.8,20,20,4.66,100
2024/7/11 5:30,1006.5,72.6,0,22.3,2.8,43,43,6.43,100
2024/7/11 5:45,1006.5,73.2,0,22.2,2.8,72,77,8.6,100
2024/7/11 6:00,1006.5,73.8,0,22.3,2.8,107,112,11.02,100
2024/7/11 6:15,1006.5,74.4,0,22.4,2.8,146,163,15.2,100
2024/7/11 6:30,1006.5,74.7,0,22.6,2.7,187,212,20.14,100
2024/7/11 6:45,1006.5,74.6,0,22.9,2.7,230,272,25.18,100
2024/7/11 7:00,1006.5,74.2,0,23.2,2.7,274,314,30.39,100
2024/7/11 7:15,1006.5,73.4,0,23.6,2.6,318,374,36.93,100
2024/7/11 7:30,1006.5,72.1,0,24.1,2.6,363,303,41.49,100
2024/7/11 7:45,1006.6,70.9,0,24.4,2.5,408,231,34.46,100
2024/7/11 8:00,1006.6,69.1,0,24.8,2.4,452,460,56.86,100
2024/7/11 8:15,1006.6,68.8,0,25.1,2.3,495,533,51.54,100
2024/7/11 8:30,1006.6,68.4,0,25.4,2.3,536,412,61.28,100
2024/7/11 8:45,1006.6,67.5,0,25.7,2.2,576,662,75.25,100
2024/7/11 9:00,1006.6,65.5,0,26.1,2.1,615,692,80.21,100
2024/7/11 9:15,1006.6,63,0,26.4,2.1,652,729,84.35,100
2024/7/11 9:30,1006.6,61.2,0,26.7,2,687,766,88.33,100
2024/7/11 9:45,1006.6,59.9,0,27,2,721,805,92.31,100
2024/7/11 10:00,1006.6,58.7,0,27.2,1.9,752,839,95.56,100
2024/7/11 10:15,1006.6,57.5,0,27.5,1.9,780,886,98.03,100
2024/7/11 10:30,1006.6,56.3,0,27.7,1.9,804,918,98.59,100
2024/7/11 10:45,1006.6,55.3,0,27.9,1.9,824,948,98.77,100
2024/7/11 11:00,1006.6,54,0,28,1.8,841,966,98.8,100
2024/7/11 11:15,1006.6,52.7,0,28.1,1.8,854,976,99.05,100
2024/7/11 11:30,1006.6,51.9,0,28.2,1.8,863,976,98.8,100
2024/7/11 11:45,1006.6,51.3,0,28.3,1.8,869,987,99.03,100
2024/7/11 12:00,1006.6,50.7,0,28.3,1.8,872,985,99.09,100
2024/7/11 12:15,1006.6,50.1,0,28.3,1.8,871,983,99.08,100
2024/7/11 12:30,1006.6,49.4,0,28.4,1.8,867,974,99.01,100
2024/7/11 12:45,1006.6,49.2,0,28.4,1.9,861,974,99.13,100
2024/7/11 13:00,1006.6,49.1,0,28.4,1.9,852,993,99.03,100
2024/7/11 13:15,1006.6,48.9,0,28.4,1.9,840,968,99.05,100
2024/7/11 13:30,1006.6,48.6,0,28.4,2,826,965,98.4,100
2024/7/11 13:45,1006.6,48.5,0,28.4,2,809,891,97.52,100
2024/7/11 14:00,1006.6,48.6,0,28.3,2.1,788,496,62.49,100
2024/7/11 14:15,1006.6,48.8,0,28.3,2.1,764,905,71.19,100
2024/7/11 14:30,1006.6,49.1,0,28.3,2.2,736,551,93.92,100
2024/7/11 14:45,1006.6,49.2,0,28.3,2.2,705,532,87.29,100
2024/7/11 15:00,1006.6,49.4,0,28.3,2.2,671,353,45.95,100
2024/7/11 15:15,1006.6,49.7,0,28.2,2.2,634,776,69.14,100
2024/7/11 15:30,1006.6,50,0,28.2,2.2,593,719,65.21,100
2024/7/11 15:45,1006.6,50.4,0,28.2,2.2,549,358,58.31,100
2024/7/11 16:00,1006.6,50.8,0,28.2,2.2,502,597,64.19,100
2024/7/11 16:15,1006.6,51.2,0,28.1,2.2,452,527,56.03,100
2024/7/11 16:30,1006.6,51.4,0,28.1,2.2,402,491,50.34,100
2024/7/11 16:45,1006.6,51.5,0,28.2,2.2,352,428,43.54,100
2024/7/11 17:00,1006.6,51.9,0,28.2,2.1,304,394,37.87,100
2024/7/11 17:15,1006.6,52.6,0,28.1,2.1,258,121,12.04,100
2024/7/11 17:30,1006.6,53.4,0,28.1,2.1,216,84,12.51,100
2024/7/11 17:45,1006.6,54.1,0,28.1,2.1,177,229,21.31,100
2024/7/11 18:00,1006.6,55.1,0,28,2.1,143,173,14.97,100
2024/7/11 18:15,1006.6,56.8,0,27.8,2.1,112,116,10.86,100
2024/7/11 18:30,1006.6,58.9,0,27.7,2.1,84,76,8.53,100
2024/7/11 18:45,1006.6,60.6,0,27.5,2.1,60,42,6.65,100
2024/7/11 19:00,1006.6,61.6,0,27.3,2.1,37,20,4.66,100
2024/7/11 19:15,1006.6,62.5,0,27.2,2.1,17,0,0,100
2024/7/11 19:30,1006.6,63.8,0,27.1,2.2,0,0,0,100
2024/7/11 19:45,1006.6,65.5,0,26.9,2.2,0,0,0,100
2024/7/11 20:00,1006.6,67,0,26.8,2.3,0,0,0,100
2024/7/11 20:15,1006.6,68,0,26.6,2.3,0,0,0,100
2024/7/11 20:30,1006.6,68.7,0,26.5,2.4,0,0,0,100
2024/7/11 20:45,1006.6,69.2,0,26.4,2.5,0,0,0,100
2024/7/11 21:00,1006.6,70,0,26.1,2.5,0,0,0,100
2024/7/11 21:15,1006.6,71.4,0,25.9,2.6,0,0,0,100
2024/7/11 21:30,1006.6,74.1,0,25.6,2.7,0,0,0,100
2024/7/11 21:45,1006.6,77.2,0,25.4,2.8,0,0,0,100
2024/7/11 22:00,1006.6,77.7,0,25.2,2.8,0,0,0,100
2024/7/11 22:15,1006.6,77.9,0,25,2.9,0,0,0,100
2024/7/11 22:30,1006.6,78.5,0,24.8,3,0,0,0,100
2024/7/11 22:45,1006.5,79.6,0,24.6,3.1,0,0,0,100
2024/7/11 23:00,1006.5,81,0,24.4,3.2,0,0,0,100
2024/7/11 23:15,1006.5,81.6,0,24.2,3.2,0,0,0,100
2024/7/11 23:30,1006.5,83.1,0,24,3.3,0,0,0,100
2024/7/11 23:45,1006.5,84.9,0,23.8,3.4,0,0,0,100
2024/7/12 0:00,1006.5,85.3,0,24,3.5,0,0,0,100
2024/7/12 0:15,1006.5,85.6,0,23.9,3.5,0,0,0,100
2024/7/12 0:30,1006.5,85.7,0,23.8,3.5,0,0,0,100
2024/7/12 0:45,1006.5,86,0,23.7,3.6,0,0,0,100
2024/7/12 1:00,1006.5,86.7,0,23.6,3.6,0,0,0,100
2024/7/12 1:15,1006.5,87.2,0,23.5,3.6,0,0,0,100
2024/7/12 1:30,1006.5,87.8,0,23.4,3.5,0,0,0,100
2024/7/12 1:45,1006.5,88.5,0,23.2,3.5,0,0,0,100
2024/7/12 2:00,1006.5,89.1,0,23.1,3.5,0,0,0,100
2024/7/12 2:15,1006.5,89.5,0,23,3.5,0,0,0,100
2024/7/12 2:30,1006.5,89.7,0,23,3.5,0,0,0,100
2024/7/12 2:45,1006.5,89.8,0,23,3.4,0,0,0,100
2024/7/12 3:00,1006.5,89.9,0,22.9,3.4,0,0,0,100
2024/7/12 3:15,1006.5,90,0,22.9,3.4,0,0,0,100
2024/7/12 3:30,1006.5,90.1,0,22.9,3.4,0,0,0,100
2024/7/12 3:45,1006.5,90.3,0,22.8,3.3,0,0,0,100
2024/7/12 4:00,1006.5,90.5,0,22.8,3.3,0,0,0,100
2024/7/12 4:15,1006.5,90.7,0,22.8,3.2,0,0,0,100
2024/7/12 4:30,1006.5,90.9,0,22.8,3.2,0,0,0,100
2024/7/12 4:45,1006.5,91.1,0,22.8,3.2,0,0,0,100
2024/7/12 5:00,1006.5,91.4,0,22.8,3.2,3,0,0,100
2024/7/12 5:15,1006.5,91.7,0,22.7,3.1,20,18,4.49,100
2024/7/12 5:30,1006.5,92.1,0,22.7,3.1,43,36,6.21,100
2024/7/12 5:45,1006.5,92.3,0,22.7,3.1,72,65,8.59,100
2024/7/12 6:00,1006.5,92.2,0,22.8,3,107,94,10.99,100
2024/7/12 6:15,1006.5,91.9,0,22.9,3,146,137,14.51,100
2024/7/12 6:30,1006.5,91.5,0,23,3,187,167,17.52,100
2024/7/12 6:45,1006.5,91,0,23.2,2.9,230,205,22.48,100
2024/7/12 7:00,1006.5,90.2,0,23.5,2.8,274,248,26.35,100
2024/7/12 7:15,1006.5,89.3,0,23.7,2.7,318,307,32.52,100
2024/7/12 7:30,1006.5,88.4,0,24,2.7,363,352,38.67,100
2024/7/12 7:45,1006.5,87.3,0,24.2,2.6,407,426,47.01,100
2024/7/12 8:00,1006.6,86.9,0,24.5,2.5,450,400,49.01,100
2024/7/12 8:15,1006.6,86.4,0,24.7,2.4,492,495,60.82,100
2024/7/12 8:30,1006.6,85.7,0,25.1,2.4,533,567,68.62,100
2024/7/12 8:45,1006.6,84.1,0,25.6,2.3,573,481,56.38,100
2024/7/12 9:00,1006.6,81.8,0,26,2.3,611,688,69.81,100
2024/7/12 9:15,1006.6,79.6,0,26.4,2.3,648,625,75.65,100
2024/7/12 9:30,1006.6,77.7,0,26.7,2.2,683,796,88.65,100
2024/7/12 9:45,1006.6,76.3,0,27,2.2,717,625,81.87,100
2024/7/12 10:00,1006.6,75.1,0,27.2,2.3,749,871,97.67,100
2024/7/12 10:15,1006.6,73.9,0,27.5,2.2,778,681,92.76,100
2024/7/12 10:30,1006.6,72.5,0,27.7,2.2,803,810,93.5,100
2024/7/12 10:45,1006.6,71.6,0,27.8,2.2,825,841,73.14,100
2024/7/12 11:00,1006.6,70.4,0,27.9,2.2,844,762,63.21,100
2024/7/12 11:15,1006.6,68.9,0,28,2.2,859,1060,84.68,100
2024/7/12 11:30,1006.6,68.1,0,28,2.2,870,639,81.44,100
2024/7/12 11:45,1006.6,67.6,0,27.9,2.3,878,669,82.55,100
2024/7/12 12:00,1006.6,66.5,0,28,2.3,882,587,72.9,100
2024/7/12 12:15,1006.6,65.8,0,27.9,2.4,883,397,53.67,100
2024/7/12 12:30,1006.6,66.1,0,27.8,2.4,880,449,80.67,100
2024/7/12 12:45,1006.6,65.7,0,27.8,2.5,873,490,69.42,100
2024/7/12 13:00,1006.6,63.5,0,28,2.6,864,569,62.88,100
2024/7/12 13:15,1006.6,62.4,0,28.1,2.6,852,688,86.7,100
2024/7/12 13:30,1006.6,62.1,0,28.2,2.7,837,998,89.28,100
2024/7/12 13:45,1006.6,61.9,0,28.2,2.8,819,630,94.89,100
2024/7/12 14:00,1006.6,62.5,0,28.1,2.9,797,741,80.52,100
2024/7/12 14:15,1006.6,62.7,0,28.1,3,772,527,81.83,100
2024/7/12 14:30,1006.6,62.7,0,28.1,3,743,659,46.97,100
2024/7/12 14:45,1006.6,62.8,0,28.1,3.1,711,305,44.86,100
2024/7/12 15:00,1006.6,63,0,28.1,3.1,675,635,80.45,100
2024/7/12 15:15,1006.6,62.8,0,28.1,3.1,637,665,74.29,100
2024/7/12 15:30,1006.6,62.5,0,28.2,3.2,595,577,73.11,100
2024/7/12 15:45,1006.6,63.4,0,28.1,3.2,551,601,63.46,100
2024/7/12 16:00,1006.6,64.9,0,28,3.2,503,514,51.89,100
2024/7/12 16:15,1006.6,65.3,0,28,3.2,453,441,46.51,100
2024/7/12 16:30,1006.6,64.2,0,28,3.2,402,412,41.94,100
2024/7/12 16:45,1006.6,63.3,0,27.9,3.2,352,356,37.44,100
2024/7/12 17:00,1006.6,62.9,0,27.9,3.2,304,321,32.85,100
2024/7/12 17:15,1006.6,62.9,0,27.9,3.1,258,262,25.72,100
2024/7/12 17:30,1006.6,63.2,0,27.8,3.1,215,219,21.86,100
2024/7/12 17:45,1006.6,64.7,0,27.7,3.1,176,136,14.34,100
2024/7/12 18:00,1006.6,66.4,0,27.6,3.1,142,81,11.1,100
2024/7/12 18:15,1006.6,67.7,0,27.5,3.1,111,52,10.43,100
2024/7/12 18:30,1006.6,68.8,0,27.4,3.1,83,43,7.27,100
2024/7/12 18:45,1006.6,70,0,27.3,3.1,59,40,6.19,100
2024/7/12 19:00,1006.6,71.1,0,27.2,3.2,37,21,4.43,100
2024/7/12 19:15,1006.6,72.3,0,27.1,3.2,16,0,0,100
2024/7/12 19:30,1006.6,73.5,0,27,3.2,0,0,0,100
2024/7/12 19:45,1006.6,74.5,0,26.8,3.2,0,0,0,100
2024/7/12 20:00,1006.6,75.4,0,26.7,3.2,0,0,0,100
2024/7/12 20:15,1006.6,77.1,0,26.6,3.2,0,0,0,100
2024/7/12 20:30,1006.6,78.8,0,26.3,3.2,0,0,0,100
2024/7/12 20:45,1006.6,79.8,0,26.1,3.3,0,0,0,100
2024/7/12 21:00,1006.6,80.3,0,26,3.3,0,0,0,100
2024/7/12 21:15,1006.6,81.6,0,25.7,3.3,0,0,0,100
2024/7/12 21:30,1006.6,82,0,25.6,3.4,0,0,0,100
2024/7/12 21:45,1006.6,83.2,0,25.5,3.4,0,0,0,100
2024/7/12 22:00,1006.6,84.3,0,25.3,3.4,0,0,0,100
2024/7/12 22:15,1006.6,85.1,0,25.1,3.5,0,0,0,100
2024/7/12 22:30,1006.6,85.7,0,25,3.6,0,0,0,100
2024/7/12 22:45,1006.6,86.3,0,24.8,3.6,0,0,0,100
2024/7/12 23:00,1006.6,86.9,0,24.7,3.7,0,0,0,100
2024/7/12 23:15,1006.6,87.4,0,24.6,3.8,0,0,0,100
2024/7/12 23:30,1006.6,88,0,24.4,3.8,0,0,0,100
2024/7/12 23:45,1006.6,88.9,0,24.3,3.8,0,0,0,100
2024/7/13 0:00,1006.6,90.5,0,24.6,4.1,0,0,0,100
2024/7/13 0:15,1006.5,91.1,0,24.5,4.2,0,0,0,100
2024/7/13 0:30,1006.5,91.7,0,24.4,4.2,0,0,0,100
2024/7/13 0:45,1006.5,92.2,0,24.3,4.2,0,0,0,100
2024/7/13 1:00,1006.5,92.5,0,24.2,4.2,0,0,0,100
2024/7/13 1:15,1006.5,92.7,0,24.1,4.2,0,0,0,100
2024/7/13 1:30,1006.5,92.9,0,24.1,4.2,0,0,0,100
2024/7/13 1:45,1006.5,93.2,0,24,4.2,0,0,0,100
2024/7/13 2:00,1006.5,93.5,0,23.9,4.3,0,0,0,100
2024/7/13 2:15,1006.5,93.8,0,23.8,4.3,0,0,0,100
2024/7/13 2:30,1006.5,94.2,0,23.8,4.3,0,0,0,100
2024/7/13 2:45,1006.5,94.6,0,23.7,4.3,0,0,0,100
2024/7/13 3:00,1006.5,95.1,0,23.6,4.3,0,0,0,100
2024/7/13 3:15,1006.5,95.7,0,23.5,4.3,0,0,0,100
2024/7/13 3:30,1006.5,96.4,0,23.4,4.3,0,0,0,100
2024/7/13 3:45,1006.5,97.2,0,23.3,4.3,0,0,0,100
2024/7/13 4:00,1006.5,98,0,23.2,4.3,0,0,0,100
2024/7/13 4:15,1006.5,98.6,0,23,4.3,0,0,0,100
2024/7/13 4:30,1006.5,98.9,0,23,4.3,0,0,0,100
2024/7/13 4:45,1006.5,99.1,0,22.9,4.3,0,0,0,100
2024/7/13 5:00,1006.5,99.3,0,22.9,4.4,2,0,0,100
2024/7/13 5:15,1006.5,99.3,0,22.9,4.4,12,16,3.97,100
2024/7/13 5:30,1006.5,99.3,0,22.9,4.4,26,28,4.99,100
2024/7/13 5:45,1006.5,99.3,0,22.9,4.4,44,48,6.59,100
2024/7/13 6:00,1006.5,98.9,0,23,4.5,65,45,6.83,100
2024/7/13 6:15,1006.5,98.3,0,23.1,4.5,89,143,14.1,100
2024/7/13 6:30,1006.5,97.5,0,23.2,4.5,114,182,18.03,100
2024/7/13 6:45,1006.5,96.8,0,23.4,4.5,140,237,22.94,100
2024/7/13 7:00,1006.5,96.2,0,23.5,4.6,166,280,28,100
2024/7/13 7:15,1006.5,95,0,23.7,4.6,193,342,33.87,100
2024/7/13 7:30,1006.6,93.4,0,24,4.6,220,392,39.76,100
2024/7/13 7:45,1006.6,91.4,0,24.3,4.6,247,439,47.28,100
2024/7/13 8:00,1006.6,89.1,0,24.7,4.6,273,489,53.04,100
2024/7/13 8:15,1006.6,87.3,0,25,4.6,298,531,59.59,100
2024/7/13 8:30,1006.6,85.6,0,25.3,4.6,321,562,64.84,100
2024/7/13 8:45,1006.6,83.1,0,25.6,4.6,342,616,70.62,100
2024/7/13 9:00,1006.6,82,0,25.7,4.6,361,652,76.07,100
2024/7/13 9:15,1006.6,81.9,0,25.9,4.6,376,696,81.46,100
2024/7/13 9:30,1006.6,81.6,0,26,4.5,389,723,85.89,100
2024/7/13 9:45,1006.6,81,0,26.2,4.5,398,758,90.04,100
2024/7/13 10:00,1006.6,79,0,26.4,4.4,401,802,92.48,100
2024/7/13 10:15,1006.6,76,0,26.6,4.4,398,842,94.73,100
2024/7/13 10:30,1006.6,74.3,0,26.7,4.3,390,905,97.86,100
2024/7/13 10:45,1006.6,73.7,0,26.9,4.2,377,317,98.89,100
2024/7/13 11:00,1006.6,72.4,0,27,4.1,361,647,51.21,100
2024/7/13 11:15,1006.6,70.4,0,27.2,4,341,368,75.13,100
2024/7/13 11:30,1006.6,69.3,0,27.3,4,320,382,98.73,100
2024/7/13 11:45,1006.6,68.4,0,27.5,3.9,297,345,84.25,100
2024/7/13 12:00,1006.6,66.1,0,27.6,3.8,275,756,41.65,100
2024/7/13 12:15,1006.6,64.3,0,27.8,3.7,254,408,66.53,100
2024/7/13 12:30,1006.6,63,0,27.9,3.6,236,370,54.6,100
2024/7/13 12:45,1006.6,61.9,0,28.1,3.6,220,308,54.62,100
2024/7/13 13:00,1006.6,61.7,0,28.1,3.5,205,286,52.76,100
2024/7/13 13:15,1006.6,61.4,0,28.3,3.5,192,312,42.86,100
2024/7/13 13:30,1006.6,61.7,0,28.4,3.4,179,380,41.78,100
2024/7/13 13:45,1006.6,62.1,0,28.5,3.4,167,434,55.03,100
2024/7/13 14:00,1006.6,62.3,0,28.5,3.4,156,377,49.26,100
2024/7/13 14:15,1006.6,62.3,0,28.5,3.3,145,444,51.15,100
2024/7/13 14:30,1006.6,62.3,0,28.5,3.3,135,381,59.75,100
2024/7/13 14:45,1006.6,62.6,0,28.5,3.3,125,310,38.23,100
2024/7/13 15:00,1006.6,63.4,0,28.5,3.3,115,428,37.25,100
2024/7/13 15:15,1006.6,65.1,0,28.4,3.3,106,365,45.06,100
2024/7/13 15:30,1006.6,68.2,0,28.2,3.3,96,283,36.73,100
2024/7/13 15:45,1006.6,71.7,0.1,27.8,3.3,87,249,39.7,100
2024/7/13 16:00,1006.6,74.7,0,27.4,3.3,78,330,53.34,100
2024/7/13 16:15,1006.6,74.9,0,27.3,3.3,70,478,48.62,100
2024/7/13 16:30,1006.6,74.8,0,27.2,3.3,62,435,48.1,100
2024/7/13 16:45,1006.6,75.5,0,27.1,3.3,55,291,39.59,100
2024/7/13 17:00,1006.6,76.8,0,27.1,3.4,48,363,35.04,100
2024/7/13 17:15,1006.6,77.4,0,26.9,3.4,42,297,29.58,100
2024/7/13 17:30,1006.6,77.7,0,26.9,3.4,36,235,24.82,100
2024/7/13 17:45,1006.6,78.4,0,26.8,3.5,30,188,19.2,100
2024/7/13 18:00,1006.6,79.2,0,26.7,3.5,25,180,17.64,100
2024/7/13 18:15,1006.6,79.7,0,26.6,3.6,20,49,7.9,100
2024/7/13 18:30,1006.6,79.9,0,26.6,3.7,15,21,4.3,100
2024/7/13 18:45,1006.6,79.9,0,26.5,3.7,11,13,3.81,100
2024/7/13 19:00,1006.6,80,0,26.4,3.7,7,10,3.6,100
2024/7/13 19:15,1006.6,79.9,0,26.3,3.8,3,0,0,100
2024/7/13 19:30,1006.6,79.6,0,26.2,3.8,0,0,0,100
2024/7/13 19:45,1006.6,79.9,0,26,3.8,0,0,0,100
2024/7/13 20:00,1006.6,80.3,0,25.7,3.8,0,0,0,100
2024/7/13 20:15,1006.6,80.1,0,25.5,3.8,0,0,0,100
2024/7/13 20:30,1006.6,80.5,0,25.3,3.8,0,0,0,100
2024/7/13 20:45,1006.6,80.7,0,25.1,3.8,0,0,0,100
2024/7/13 21:00,1006.6,80.6,0,24.9,3.8,0,0,0,100
2024/7/13 21:15,1006.6,81.3,0,24.7,3.8,0,0,0,100
2024/7/13 21:30,1006.6,82.4,0,24.5,3.9,0,0,0,100
2024/7/13 21:45,1006.6,83.6,0,24.3,3.9,0,0,0,100
2024/7/13 22:00,1006.6,84.7,0,24.2,3.9,0,0,0,100
2024/7/13 22:15,1006.6,85.9,0,24,3.9,0,0,0,100
2024/7/13 22:30,1006.6,87.1,0,23.9,3.8,0,0,0,100
2024/7/13 22:45,1006.6,88.3,0,23.8,3.8,0,0,0,100
2024/7/13 23:00,1006.6,89.4,0,23.7,3.8,0,0,0,100
2024/7/13 23:15,1006.6,90.6,0,23.6,3.7,0,0,0,100
2024/7/13 23:30,1006.6,91.8,0,23.5,3.7,0,0,0,100
2024/7/13 23:45,1006.6,92.8,0,23.4,3.6,0,0,0,100
2024/7/14 0:00,1006.6,91.9,0,23.8,3,0,0,0,100
2024/7/14 0:15,1006.6,92.5,0,23.7,2.9,0,0,0,100
2024/7/14 0:30,1006.6,93.1,0,23.6,2.8,0,0,0,100
2024/7/14 0:45,1006.6,93.6,0,23.6,2.7,0,0,0,100
2024/7/14 1:00,1006.6,94,0,23.5,2.6,0,0,0,100
2024/7/14 1:15,1006.6,94.4,0,23.4,2.5,0,0,0,100
2024/7/14 1:30,1006.6,94.9,0,23.4,2.4,0,0,0,100
2024/7/14 1:45,1006.6,95.4,0,23.3,2.3,0,0,0,100
2024/7/14 2:00,1006.6,95.9,0,23.2,2.2,0,0,0,100
2024/7/14 2:15,1006.6,96.2,0,23.2,2.1,0,0,0,100
2024/7/14 2:30,1006.6,96.4,0,23.1,2.1,0,0,0,100
2024/7/14 2:45,1006.6,96.7,0,23.1,2,0,0,0,100
2024/7/14 3:00,1006.6,97,0,23.1,2,0,0,0,100
2024/7/14 3:15,1006.6,97.3,0,23.1,1.9,0,0,0,100
2024/7/14 3:30,1006.6,97.2,0,23.1,1.8,0,0,0,100
2024/7/14 3:45,1006.6,97.2,0,23.1,1.8,0,0,0,100
2024/7/14 4:00,1006.6,96.9,0,23.1,1.7,0,0,0,100
2024/7/14 4:15,1006.6,96.4,0,23.2,1.6,0,0,0,100
2024/7/14 4:30,1006.6,96.2,0,23.2,1.6,0,0,0,100
2024/7/14 4:45,1006.6,95.6,0,23.3,1.5,0,0,0,100
2024/7/14 5:00,1006.6,95.6,0,23.3,1.5,2,0,0,100
2024/7/14 5:15,1006.6,95.5,0,23.3,1.4,18,19,4.36,100
2024/7/14 5:30,1006.6,95.5,0,23.2,1.4,39,39,6.23,100
2024/7/14 5:45,1006.6,95.2,0,23.3,1.4,66,70,8.54,100
2024/7/14 6:00,1006.6,95.3,0,23.3,1.4,97,100,10.95,100
2024/7/14 6:15,1006.6,95.5,0,23.4,1.4,133,149,14.35,100
2024/7/14 6:30,1006.6,95.4,0,23.5,1.4,172,188,17.95,100
2024/7/14 6:45,1006.6,95.1,0,23.6,1.4,213,243,22.44,100
2024/7/14 7:00,1006.6,94.3,0,23.7,1.5,254,272,28.53,100
2024/7/14 7:15,1006.6,93.7,0,23.8,1.5,297,367,32.64,100
2024/7/14 7:30,1006.6,93.5,0,23.9,1.6,341,409,40.48,100
2024/7/14 7:45,1006.6,93.3,0,24.1,1.7,384,462,49.03,100
2024/7/14 8:00,1006.6,92.6,0,24.3,1.8,427,513,54.88,100
2024/7/14 8:15,1006.6,91.5,0,24.5,1.9,470,559,60.74,100
2024/7/14 8:30,1006.6,90.4,0,24.7,2,512,598,67.27,100
2024/7/14 8:45,1006.6,89.2,0,24.9,2.1,552,642,74.53,100
2024/7/14 9:00,1006.6,88.8,0,25,2.2,592,674,79.99,100
2024/7/14 9:15,1006.6,88.2,0,25.1,2.4,629,694,84.88,100
2024/7/14 9:30,1006.6,88.2,0,25.2,2.5,666,734,88.52,100
2024/7/14 9:45,1006.6,87.9,0,25.3,2.7,700,816,93.99,100
2024/7/14 10:00,1006.6,87.9,0,25.4,2.9,732,804,97.19,100
2024/7/14 10:15,1006.6,87.9,0,25.4,3.1,761,898,98.65,100
2024/7/14 10:30,1006.6,87.7,0,25.5,3.3,786,504,98.67,100
2024/7/14 10:45,1006.6,87.5,0,25.6,3.5,808,429,98.55,100
2024/7/14 11:00,1006.6,86.9,0,25.8,3.7,826,761,98.36,100
2024/7/14 11:15,1006.6,85.8,0,25.9,3.9,840,1042,98.92,100
2024/7/14 11:30,1006.6,85.7,0,26.1,4.1,851,655,91.44,100
2024/7/14 11:45,1006.6,85.6,0,26.2,4.3,858,531,84.11,100
2024/7/14 12:00,1006.6,85,0,26.3,4.5,861,608,70.88,100
2024/7/14 12:15,1006.6,84.5,0,26.4,4.7,861,770,96.39,100
2024/7/14 12:30,1006.6,84.7,0,26.3,4.9,857,640,47.15,100
2024/7/14 12:45,1006.6,85.3,0,26.1,5.1,849,954,99.07,100
2024/7/14 13:00,1006.6,86.2,0,26,5.3,838,1068,97.71,100
2024/7/14 13:15,1006.6,86.3,0,26.1,5.4,824,944,57.8,100
2024/7/14 13:30,1006.6,86.3,0,26.1,5.6,807,881,73.03,100
2024/7/14 13:45,1006.6,86.2,0,26.1,5.7,786,627,99.4,100
2024/7/14 14:00,1006.6,86.4,0,26.1,5.8,762,909,96.52,100
2024/7/14 14:15,1006.6,86.8,0,26.1,5.9,735,900,92.71,100
2024/7/14 14:30,1006.6,86.3,0,26.1,6,705,841,97.43,100
2024/7/14 14:45,1006.6,86.2,0,26.2,6.1,672,291,40.34,100
2024/7/14 15:00,1006.6,86.7,0,26.2,6.1,636,710,87.49,100
2024/7/14 15:15,1006.6,86.4,0,26.2,6.2,598,737,83.88,100
2024/7/14 15:30,1006.6,86.5,0,26.2,6.2,558,643,75.06,100
2024/7/14 15:45,1006.6,86.6,0,26.2,6.2,515,612,67.98,100
2024/7/14 16:00,1006.6,87.4,0,26.3,6.1,470,567,61.76,100
2024/7/14 16:15,1006.6,87.2,0,26.3,6.1,423,525,56.32,100
2024/7/14 16:30,1006.6,86.6,0,26.3,6,375,501,52.07,100
2024/7/14 16:45,1006.6,86,0,26.4,5.9,329,192,38.3,100
2024/7/14 17:00,1006.6,86.2,0,26.4,5.8,283,426,43.38,100
2024/7/14 17:15,1006.6,86.2,0,26.4,5.7,241,147,15.66,100
2024/7/14 17:30,1006.6,86.4,0,26.4,5.5,201,266,27.9,100
2024/7/14 17:45,1006.6,86.7,0,26.4,5.4,165,240,23.74,100
2024/7/14 18:00,1006.6,86.7,0,26.4,5.2,133,184,17.84,100
2024/7/14 18:15,1006.6,87,0,26.4,5,104,117,11.74,100
2024/7/14 18:30,1006.6,87.2,0,26.4,4.9,78,77,8.66,100
2024/7/14 18:45,1006.6,86.7,0,26.4,4.7,56,42,6.19,100
2024/7/14 19:00,1006.6,86.6,0,26.4,4.5,35,22,4.41,100
2024/7/14 19:15,1006.6,87.1,0,26.4,4.4,15,0,0,100
2024/7/14 19:30,1006.6,87.9,0,26.4,4.2,0,0,0,100
2024/7/14 19:45,1006.7,88.9,0,26.3,4.1,0,0,0,100
2024/7/14 20:00,1006.7,89.4,0,26.3,3.9,0,0,0,100
2024/7/14 20:15,1006.7,89.8,0,26.3,3.8,0,0,0,100
2024/7/14 20:30,1006.7,90.5,0,26.2,3.7,0,0,0,100
2024/7/14 20:45,1006.7,91.2,0,26.2,3.6,0,0,0,100
2024/7/14 21:00,1006.7,91.8,0,26.1,3.4,0,0,0,100
2024/7/14 21:15,1006.7,92.1,0,26,3.3,0,0,0,100
2024/7/14 21:30,1006.7,92.6,0,25.9,3.2,0,0,0,100
2024/7/14 21:45,1006.7,93,0,25.9,3.1,0,0,0,100
2024/7/14 22:00,1006.7,93.5,0,25.8,3,0,0,0,100
2024/7/14 22:15,1006.7,93.6,0.2,25.8,3,0,0,0,100
2024/7/14 22:30,1006.6,93.7,0.2,25.8,2.9,0,0,0,100
2024/7/14 22:45,1006.6,93.5,0.2,25.7,2.9,0,0,0,100
2024/7/14 23:00,1006.6,93.1,0.2,25.6,2.9,0,0,0,100
2024/7/14 23:15,1006.6,93.1,0.2,25.5,2.8,0,0,0,100
2024/7/14 23:30,1006.6,93.4,0.2,25.5,2.8,0,0,0,100
2024/7/14 23:45,1006.6,94,0.2,25.4,2.8,0,0,0,100
2024/7/15 0:00,1006.6,94.1,0.1,25.3,2.5,0,0,0,100
2024/7/15 0:15,1006.6,94.3,0.1,25.3,2.5,0,0,0,100
2024/7/15 0:30,1006.6,94.5,0.1,25.2,2.5,0,0,0,100
2024/7/15 0:45,1006.6,94.8,0.2,25.2,2.5,0,0,0,100
2024/7/15 1:00,1006.6,94.9,0.2,25.1,2.5,0,0,0,100
2024/7/15 1:15,1006.6,95,0.1,25,2.5,0,0,0,100
2024/7/15 1:30,1006.6,95,0.1,25,2.5,0,0,0,100
2024/7/15 1:45,1006.6,95,0,24.9,2.5,0,0,0,100
2024/7/15 2:00,1006.6,95.1,0.1,24.9,2.4,0,0,0,100
2024/7/15 2:15,1006.6,95.2,0.2,24.8,2.4,0,0,0,100
2024/7/15 2:30,1006.6,95.4,0.2,24.8,2.4,0,0,0,100
2024/7/15 2:45,1006.6,95.6,0.2,24.7,2.4,0,0,0,100
2024/7/15 3:00,1006.6,95.8,0.1,24.6,2.3,0,0,0,100
2024/7/15 3:15,1006.6,96.2,0,24.6,2.3,0,0,0,100
2024/7/15 3:30,1006.6,96.5,0,24.5,2.3,0,0,0,100
2024/7/15 3:45,1006.6,96.7,0,24.5,2.3,0,0,0,100
2024/7/15 4:00,1006.6,96.9,0,24.4,2.2,0,0,0,100
2024/7/15 4:15,1006.6,97.1,0,24.3,2.2,0,0,0,100
2024/7/15 4:30,1006.6,97.2,0,24.3,2.1,0,0,0,100
2024/7/15 4:45,1006.6,97.3,0,24.2,2.1,0,0,0,100
2024/7/15 5:00,1006.6,97.3,0,24.2,2.1,2,0,0,100
2024/7/15 5:15,1006.6,97.2,0,24.2,2.1,14,11,3.69,100
2024/7/15 5:30,1006.6,97.1,0,24.2,2.1,31,28,5.15,100
2024/7/15 5:45,1006.6,96.9,0,24.2,2,52,39,6.1,100
2024/7/15 6:00,1006.6,96.7,0,24.3,2,77,92,8.43,100
2024/7/15 6:15,1006.6,96.4,0,24.3,2,105,105,15.33,100
2024/7/15 6:30,1006.6,95.8,0,24.5,2.1,135,122,17.08,100
2024/7/15 6:45,1006.6,95.1,0,24.6,2.1,165,281,26.26,100
2024/7/15 7:00,1006.6,94.7,0,24.7,2.1,195,357,37.78,100
2024/7/15 7:15,1006.6,94.1,0,24.9,2.1,225,369,36.61,100
2024/7/15 7:30,1006.6,93.5,0,25,2.2,254,417,42.05,100
2024/7/15 7:45,1006.6,92.8,0,25.2,2.2,282,476,49.79,100
2024/7/15 8:00,1006.6,91.8,0,25.4,2.3,308,504,54.18,100
2024/7/15 8:15,1006.6,90.6,0,25.6,2.3,333,476,42.71,100
2024/7/15 8:30,1006.7,90,0,25.7,2.4,356,608,44.18,100
2024/7/15 8:45,1006.7,89.3,0,25.9,2.5,377,612,54.66,100
2024/7/15 9:00,1006.7,88.5,0,26,2.5,396,725,68.14,100
2024/7/15 9:15,1006.7,87.6,0,26.1,2.6,413,848,47.78,100
2024/7/15 9:30,1006.7,87.3,0,26.2,2.7,429,795,88.05,100
2024/7/15 9:45,1006.7,87,0,26.3,2.8,443,851,37.85,100
2024/7/15 10:00,1006.7,86.4,0,26.4,2.9,454,247,32.32,100
2024/7/15 10:15,1006.7,86.2,0,26.5,3,462,783,30.41,100
2024/7/15 10:30,1006.7,86.2,0,26.5,3.1,467,181,60.13,100
2024/7/15 10:45,1006.7,85.6,0,26.6,3.2,469,162,30.83,100
2024/7/15 11:00,1006.7,84.9,0,26.7,3.3,468,241,19.64,100
2024/7/15 11:15,1006.7,84.3,0,26.8,3.4,464,249,22.17,100
2024/7/15 11:30,1006.7,83.8,0,26.9,3.5,457,564,57.94,100
2024/7/15 11:45,1006.7,83.2,0,27,3.6,448,559,76.59,100
2024/7/15 12:00,1006.7,82.6,0,27.2,3.7,436,628,58.1,100
2024/7/15 12:15,1006.7,82.7,0,27.2,3.8,423,477,51.56,100
2024/7/15 12:30,1006.7,83.2,0,27.1,4,407,379,46.64,100
2024/7/15 12:45,1006.7,82.7,0,27.1,4.1,390,735,47.45,100
2024/7/15 13:00,1006.7,82.6,0,27.1,4.2,369,500,42.52,100
2024/7/15 13:15,1006.7,82.7,0,27.1,4.3,346,343,41.25,100
2024/7/15 13:30,1006.7,82.3,0,27.1,4.4,320,996,39.66,100
2024/7/15 13:45,1006.7,81.8,0,27.2,4.6,294,308,42.1,100
2024/7/15 14:00,1006.7,81.3,0,27.2,4.7,266,568,39.85,100
2024/7/15 14:15,1006.6,81.5,0,27.2,4.7,239,503,79.52,100
2024/7/15 14:30,1006.6,81.2,0,27.2,4.8,213,282,53.96,100
2024/7/15 14:45,1006.6,81.5,0,27.1,4.9,187,693,48.05,100
2024/7/15 15:00,1006.6,81.5,0,27.1,4.9,164,242,40.07,100
2024/7/15 15:15,1006.6,80.9,0,27.1,5,143,240,48.65,100
2024/7/15 15:30,1006.6,81.1,0,27.2,5,124,187,25.55,100
2024/7/15 15:45,1006.6,82.8,0,27,5,108,329,51.05,100
2024/7/15 16:00,1006.6,83.7,0,26.9,4.9,94,239,24.63,100
2024/7/15 16:15,1006.6,83.8,0,26.9,4.9,82,118,25.1,100
2024/7/15 16:30,1006.6,83.9,0,26.9,4.8,70,190,19.57,100
2024/7/15 16:45,1006.6,83.2,0,26.9,4.8,60,110,12.21,100
2024/7/15 17:00,1006.6,83,0,27,4.7,52,88,16.05,100
2024/7/15 17:15,1006.6,82.8,0,27,4.6,44,63,9.31,100
2024/7/15 17:30,1006.6,82.6,0,27.1,4.5,37,77,12.87,100
2024/7/15 17:45,1006.6,82.5,0,27.1,4.4,30,139,18.15,100
2024/7/15 18:00,1006.6,82.4,0,27.1,4.3,25,127,13.66,100
2024/7/15 18:15,1006.6,82.8,0,27.1,4.2,19,53,7.16,100
2024/7/15 18:30,1006.6,83.8,0.1,27,4.1,15,38,6.42,100
2024/7/15 18:45,1006.6,84.7,0,27,4,10,30,5.31,100
2024/7/15 19:00,1006.6,85.4,0,26.9,3.9,6,13,3.77,100
2024/7/15 19:15,1006.6,86,0,26.8,3.8,3,0,0,100
2024/7/15 19:30,1006.6,86.6,0,26.8,3.7,0,0,0,100
2024/7/15 19:45,1006.6,86.7,0,26.8,3.6,0,0,0,100
2024/7/15 20:00,1006.6,86.8,0,26.8,3.5,0,0,0,100
2024/7/15 20:15,1006.6,87.4,0,26.7,3.4,0,0,0,100
2024/7/15 20:30,1006.6,88.8,0,26.6,3.4,0,0,0,100
2024/7/15 20:45,1006.6,89.9,0,26.4,3.3,0,0,0,100
2024/7/15 21:00,1006.6,90.1,0,26.4,3.3,0,0,0,100
2024/7/15 21:15,1006.6,89.7,0,26.3,3.3,0,0,0,100
2024/7/15 21:30,1006.6,89.9,0,26.2,3.3,0,0,0,100
2024/7/15 21:45,1006.6,90.3,0,26.1,3.3,0,0,0,100
2024/7/15 22:00,1006.6,90.6,0,26,3.3,0,0,0,100
2024/7/15 22:15,1006.6,91.2,0,25.9,3.3,0,0,0,100
2024/7/15 22:30,1006.6,91.9,0,25.7,3.4,0,0,0,100
2024/7/15 22:45,1006.6,92.6,0,25.6,3.4,0,0,0,100
2024/7/15 23:00,1006.6,93.4,0,25.5,3.4,0,0,0,100
2024/7/15 23:15,1006.6,94,0,25.4,3.5,0,0,0,100
2024/7/15 23:30,1006.6,94.5,0,25.3,3.6,0,0,0,100
2024/7/15 23:45,1006.6,94.7,0,25.2,3.6,0,0,0,100
2024/7/16 0:00,1006.6,92.1,0,25.4,4.5,0,0,0,100
2024/7/16 0:15,1006.6,93.2,0,25.3,4.6,0,0,0,100
2024/7/16 0:30,1006.6,94.1,0,25.2,4.7,0,0,0,100
2024/7/16 0:45,1006.6,94.8,0,25.1,4.7,0,0,0,100
2024/7/16 1:00,1006.6,95.3,0,25.1,4.7,0,0,0,100
2024/7/16 1:15,1006.6,95.6,0,25,4.7,0,0,0,100
2024/7/16 1:30,1006.6,96,0,25,4.7,0,0,0,100
2024/7/16 1:45,1006.6,96.4,0,24.9,4.7,0,0,0,100
2024/7/16 2:00,1006.6,96.8,0,24.9,4.7,0,0,0,100
2024/7/16 2:15,1006.6,97.1,0,24.8,4.7,0,0,0,100
2024/7/16 2:30,1006.6,97.3,0,24.8,4.7,0,0,0,100
2024/7/16 2:45,1006.6,97.7,0,24.7,4.7,0,0,0,100
2024/7/16 3:00,1006.6,97.9,0,24.7,4.7,0,0,0,100
2024/7/16 3:15,1006.6,98,0,24.7,4.6,0,0,0,100
2024/7/16 3:30,1006.6,98,0,24.7,4.6,0,0,0,100
2024/7/16 3:45,1006.6,97.4,0,24.7,4.6,0,0,0,100
2024/7/16 4:00,1006.6,97,0,24.7,4.6,0,0,0,100
2024/7/16 4:15,1006.6,97.1,0,24.7,4.6,0,0,0,100
2024/7/16 4:30,1006.6,97.2,0,24.8,4.6,0,0,0,100
2024/7/16 4:45,1006.6,97.5,0,24.7,4.6,0,0,0,100
2024/7/16 5:00,1006.6,97.7,0,24.8,4.5,0,0,0,100
2024/7/16 5:15,1006.6,97.9,0,24.8,4.5,2,3,2.79,100
2024/7/16 5:30,1006.6,98.1,0,24.8,4.4,5,1,2.77,100
2024/7/16 5:45,1006.6,98.3,0,24.8,4.4,9,1,2.75,100
2024/7/16 6:00,1006.6,98.2,0,24.9,4.3,14,2,2.83,100
2024/7/16 6:15,1006.6,98.1,0,25,4.3,19,33,7.77,100
2024/7/16 6:30,1006.6,97.8,0,25.1,4.3,24,65,8.1,100
2024/7/16 6:45,1006.6,97.5,0,25.1,4.2,30,71,8.39,100
2024/7/16 7:00,1006.6,97.4,0.3,25.3,4.2,36,57,7.23,100
2024/7/16 7:15,1006.6,96.8,0,25.4,4.2,42,36,5.65,100
2024/7/16 7:30,1006.6,96.1,0,25.5,4.3,48,40,7.6,100
2024/7/16 7:45,1006.6,95.4,0.2,25.5,4.3,55,57,7.32,100
2024/7/16 8:00,1006.6,95,0,25.6,4.3,61,44,6.68,100
2024/7/16 8:15,1006.6,94.7,0.2,25.6,4.3,67,46,7.09,100
2024/7/16 8:30,1006.6,94.1,0,25.8,4.3,73,38,6.82,100
2024/7/16 8:45,1006.6,93.1,0.1,26.1,4.3,79,48,8.64,100
2024/7/16 9:00,1006.6,91.9,0.1,26.4,4.4,85,46,7.59,100
2024/7/16 9:15,1006.6,90.5,0.2,26.7,4.4,91,54,8.71,100
2024/7/16 9:30,1006.6,90,0,26.8,4.5,97,97,16.78,100
2024/7/16 9:45,1006.6,89.1,0,27,4.6,103,126,11.27,100
2024/7/16 10:00,1006.6,89.3,0.3,27.1,4.7,108,56,7.72,100
2024/7/16 10:15,1006.6,89.3,0,27.1,4.8,113,45,10.46,100
2024/7/16 10:30,1006.6,87.6,0,27.3,5,117,33,12.04,100
2024/7/16 10:45,1006.6,84.6,0,27.6,5,121,295,32.57,100
2024/7/16 11:00,1006.6,83.5,0,27.8,5.1,124,91,26.29,100
2024/7/16 11:15,1006.6,84,0,27.9,5.2,128,348,57.68,100
2024/7/16 11:30,1006.6,87.1,0,27.6,5.3,131,433,41.64,100
2024/7/16 11:45,1006.6,86.7,0,27.9,5.4,134,379,48.99,100
2024/7/16 12:00,1006.6,82.9,0,28.2,5.5,136,329,21.52,100
2024/7/16 12:15,1006.6,82,0,28.2,5.5,139,431,47.58,100
2024/7/16 12:30,1006.6,83.1,0,28.1,5.6,142,92,11.57,100
2024/7/16 12:45,1006.6,83.4,0.3,28.1,5.6,145,127,14.65,100
2024/7/16 13:00,1006.6,84.3,0.3,28,5.7,150,117,12.99,100
2024/7/16 13:15,1006.6,85,0.3,28,5.8,154,79,10.05,100
2024/7/16 13:30,1006.6,84.9,0.3,28,5.9,159,151,18.69,100
2024/7/16 13:45,1006.6,84.2,0.3,28.1,5.9,164,148,23.57,100
2024/7/16 14:00,1006.6,83.7,0.1,28.2,6,168,170,40.45,100
2024/7/16 14:15,1006.6,83.7,0.2,28.3,6,170,236,24.35,100
2024/7/16 14:30,1006.6,82.9,0.1,28.3,6,172,172,21.3,100
2024/7/16 14:45,1006.6,81.4,0,28.4,6.1,171,187,14.6,100
2024/7/16 15:00,1006.6,79.7,0,28.7,6.1,169,94,8.79,100
2024/7/16 15:15,1006.6,79.2,0,28.9,6.1,164,85,8.88,100
2024/7/16 15:30,1006.6,80.4,0,28.9,6.1,158,106,8.42,100
2024/7/16 15:45,1006.6,81.2,0,28.7,6.1,149,71,6.67,100
2024/7/16 16:00,1006.6,84.3,0,28.4,6.1,138,84,10.27,100
2024/7/16 16:15,1006.6,85.2,0,28.3,6.1,125,102,11.98,100
2024/7/16 16:30,1006.6,85.3,0.3,28.3,6.1,112,77,13.69,100
2024/7/16 16:45,1006.6,83.4,0.3,28.3,6.1,99,137,17.43,100
2024/7/16 17:00,1006.6,83.4,0.2,28.2,6.1,85,129,17.12,100
2024/7/16 17:15,1006.6,84.2,0,28.1,6.1,72,110,13.73,100
2024/7/16 17:30,1006.6,85.4,0,27.9,6.1,60,95,11.17,100
2024/7/16 17:45,1006.6,85.9,0,27.8,6.1,49,90,10.87,100
2024/7/16 18:00,1006.6,87.5,0,27.6,6.1,39,67,7.97,100
2024/7/16 18:15,1006.6,88.8,0,27.5,6.1,31,25,3.31,100
2024/7/16 18:30,1006.6,88.8,0.1,27.4,6.1,23,15,1.68,100
2024/7/16 18:45,1006.6,89.6,0.3,27.2,6,16,12,1.8,100
2024/7/16 19:00,1006.6,91.3,0.3,26.9,6,10,9,1.38,100
2024/7/16 19:15,1006.6,92.6,0.3,26.6,5.9,5,0,0,100
2024/7/16 19:30,1006.6,92.9,0.3,26.5,5.9,0,0,0,100
2024/7/16 19:45,1006.6,93.9,0.2,26.4,5.9,0,0,0,100
2024/7/16 20:00,1006.6,95,0,26.3,5.8,0,0,0,100
2024/7/16 20:15,1006.6,95.9,0.1,26.2,5.8,0,0,0,100
2024/7/16 20:30,1006.6,96.5,0.3,26.1,5.7,0,0,0,100
2024/7/16 20:45,1006.6,96.8,0,26.1,5.6,0,0,0,100
2024/7/16 21:00,1006.6,97.2,0.2,26.1,5.6,0,0,0,100
2024/7/16 21:15,1006.6,97.5,0,26.2,5.5,0,0,0,100
2024/7/16 21:30,1006.6,97.5,0,26.3,5.5,0,0,0,100
2024/7/16 21:45,1006.6,97,0,26.3,5.4,0,0,0,100
2024/7/16 22:00,1006.6,96.8,0.1,26.4,5.4,0,0,0,100
2024/7/16 22:15,1006.6,96.7,0,26.4,5.3,0,0,0,100
2024/7/16 22:30,1006.6,96.6,0.2,26.4,5.3,0,0,0,100
2024/7/16 22:45,1006.6,96.5,0.2,26.5,5.3,0,0,0,100
2024/7/16 23:00,1006.6,96.4,0,26.5,5.3,0,0,0,100
2024/7/16 23:15,1006.6,96.3,0,26.5,5.3,0,0,0,100
2024/7/16 23:30,1006.6,96.2,0,26.5,5.3,0,0,0,100
2024/7/16 23:45,1006.6,96.3,0,26.5,5.2,0,0,0,100
2024/7/17 0:00,1006.6,97.1,0.1,26.1,5.4,0,0,0,100
2024/7/17 0:15,1006.6,96.9,0,26.1,5.3,0,0,0,100
2024/7/17 0:30,1006.6,96.8,0,26.1,5.2,0,0,0,100
2024/7/17 0:45,1006.6,97,0.1,26.1,5.2,0,0,0,100
2024/7/17 1:00,1006.6,97.4,0.3,26.1,5.1,0,0,0,100
2024/7/17 1:15,1006.6,97.5,0.1,26,5,0,0,0,100
2024/7/17 1:30,1006.6,97.6,0,26,4.9,0,0,0,100
2024/7/17 1:45,1006.6,97.4,0.3,26.1,4.9,0,0,0,100
2024/7/17 2:00,1006.6,97.3,0.3,26.1,4.8,0,0,0,100
2024/7/17 2:15,1006.6,97.5,0.4,26.1,4.7,0,0,0,100
2024/7/17 2:30,1006.6,97.8,0.4,26.1,4.6,0,0,0,100
2024/7/17 2:45,1006.6,97.9,0.4,26.1,4.6,0,0,0,100
2024/7/17 3:00,1006.6,97.9,0.3,26.1,4.5,0,0,0,100
2024/7/17 3:15,1006.6,97.8,0.4,26.1,4.4,0,0,0,100
2024/7/17 3:30,1006.6,97.9,0.3,26.1,4.3,0,0,0,100
2024/7/17 3:45,1006.6,98.1,0.5,26.1,4.3,0,0,0,100
2024/7/17 4:00,1006.6,98.2,0.5,26.1,4.2,0,0,0,100
2024/7/17 4:15,1006.6,98.2,0.6,26.1,4.2,0,0,0,100
2024/7/17 4:30,1006.6,98.3,0.6,26.1,4.1,0,0,0,100
2024/7/17 4:45,1006.6,98.3,0.6,26.1,4,0,0,0,100
2024/7/17 5:00,1006.6,98.3,0.6,26.1,4,2,0,0,100
2024/7/17 5:15,1006.6,98.1,0.6,26.2,3.9,16,7,1.07,100
2024/7/17 5:30,1006.6,98.1,0.5,26.2,3.8,37,6,0.63,100
2024/7/17 5:45,1006.6,98.1,0.5,26.2,3.8,64,3,0.61,100
2024/7/17 6:00,1006.6,98,0.3,26.2,3.7,95,4,0.54,100
2024/7/17 6:15,1006.6,98.1,0.3,26.3,3.6,130,6,0.96,100
2024/7/17 6:30,1006.6,98.1,0.1,26.3,3.5,168,20,4.13,100
2024/7/17 6:45,1006.6,98.1,0,26.3,3.5,207,55,6.36,100
2024/7/17 7:00,1006.6,98.1,0.3,26.4,3.5,246,30,3.81,100
2024/7/17 7:15,1006.6,98.1,0.3,26.4,3.4,285,20,5.32,100
2024/7/17 7:30,1006.6,98,0.3,26.4,3.4,324,22,3.99,100
2024/7/17 7:45,1006.6,97.5,0.4,26.6,3.4,363,84,12.54,100
2024/7/17 8:00,1006.6,97.3,0,26.8,3.4,400,122,14.82,100
2024/7/17 8:15,1006.6,97.4,0,26.9,3.4,436,211,28.7,100
2024/7/17 8:30,1006.6,97.4,0.1,26.8,3.4,471,235,20.19,100
2024/7/17 8:45,1006.6,97.1,0,26.9,3.4,505,92,11.7,100
2024/7/17 9:00,1006.6,96.7,0,27,3.5,538,144,12.72,100
2024/7/17 9:15,1006.6,96.3,0,27.1,3.6,571,94,20.88,100
2024/7/17 9:30,1006.6,96.3,0,27.1,3.6,603,65,9.33,100
2024/7/17 9:45,1006.6,96.7,0,27.1,3.7,635,122,17.17,100
2024/7/17 10:00,1006.6,96.4,0,27.2,3.7,667,299,21.01,100
2024/7/17 10:15,1006.6,95.9,0,27.3,3.8,698,551,52.85,100
2024/7/17 10:30,1006.6,95.7,0,27.3,3.8,728,393,57.75,100
2024/7/17 10:45,1006.6,96,0.1,27.3,3.8,755,364,52.45,100
2024/7/17 11:00,1006.6,96.3,0.3,27.2,3.8,780,144,43.03,100
2024/7/17 11:15,1006.6,96.5,0.3,27.2,3.9,803,499,62.96,100
2024/7/17 11:30,1006.6,97,0.3,27.1,3.9,821,1200,75.41,100
2024/7/17 11:45,1006.6,95.7,0.3,26.9,4,836,351,35.13,100
2024/7/17 12:00,1006.6,94.7,0.2,27,4,846,122,33.01,100
2024/7/17 12:15,1006.6,93.4,0.2,27.1,4,852,161,31.24,100
2024/7/17 12:30,1006.6,92.7,0.2,27.2,4,852,322,31.1,100
2024/7/17 12:45,1006.6,92.5,0,27.3,4,847,193,21.07,100
2024/7/17 13:00,1006.6,92.2,0,27.3,4,838,183,15.11,100
2024/7/17 13:15,1006.6,91.6,0,27.3,4,824,262,18.59,100
2024/7/17 13:30,1006.6,91.5,0,27.3,3.9,805,414,37.22,100
2024/7/17 13:45,1006.6,92.1,0,27.2,3.9,783,363,53.84,100
2024/7/17 14:00,1006.6,92.7,0.3,27,3.8,758,523,62.11,100
2024/7/17 14:15,1006.6,93.9,0.2,26.9,3.8,728,539,90.13,100
2024/7/17 14:30,1006.6,94.5,0.3,26.7,3.8,696,406,45.31,100
2024/7/17 14:45,1006.6,95.4,0.3,26.6,3.8,662,491,57.46,100
2024/7/17 15:00,1006.6,95.6,0,26.6,3.7,625,514,48.35,100
2024/7/17 15:15,1006.6,95.6,0,26.6,3.6,586,234,23.17,100
2024/7/17 15:30,1006.6,95.2,0,26.7,3.5,545,268,24.67,100
2024/7/17 15:45,1006.6,94.3,0,26.9,3.4,504,264,28.35,100
2024/7/17 16:00,1006.6,94,0,26.9,3.4,459,241,25.44,100
2024/7/17 16:15,1006.6,94.8,0,26.9,3.3,414,181,20.79,100
2024/7/17 16:30,1006.6,95.3,0,26.8,3.3,368,117,14.39,100
2024/7/17 16:45,1006.6,95.4,0,26.8,3.2,322,90,11.53,100
2024/7/17 17:00,1006.6,96.2,0,26.7,3.1,278,69,9.07,100
2024/7/17 17:15,1006.6,96.4,0,26.7,3,237,69,9.43,100
2024/7/17 17:30,1006.6,96.4,0,26.6,3,199,64,7.83,100
2024/7/17 17:45,1006.6,94.4,0,26.6,3,163,48,5.86,100
2024/7/17 18:00,1006.6,94.4,0,26.5,3,132,34,4.3,100
2024/7/17 18:15,1006.6,94.9,0,26.5,3,103,43,6.15,100
2024/7/17 18:30,1006.6,95,0,26.3,3,78,65,7.37,100
2024/7/17 18:45,1006.6,95.4,0,26.2,3,55,15,1.92,100
2024/7/17 19:00,1006.6,94.9,0,26.2,3,35,6,1.03,100
2024/7/17 19:15,1006.6,94.9,0,26.2,2.9,15,0,0,100
2024/7/17 19:30,1006.6,94.9,0,26.2,2.9,0,0,0,100
2024/7/17 19:45,1006.6,95,0,26.2,2.9,0,0,0,100
2024/7/17 20:00,1006.6,95.1,0,26.2,2.9,0,0,0,100
2024/7/17 20:15,1006.6,94.7,0,26.2,2.9,0,0,0,100
2024/7/17 20:30,1006.6,93.7,0,26.2,2.9,0,0,0,100
2024/7/17 20:45,1006.6,93.3,0,26.3,2.8,0,0,0,100
2024/7/17 21:00,1006.6,92.9,0,26.3,2.9,0,0,0,100
2024/7/17 21:15,1006.6,92.1,0,26.3,2.8,0,0,0,100
2024/7/17 21:30,1006.6,91.3,0,26.3,2.8,0,0,0,100
2024/7/17 21:45,1006.6,90.5,0,26.3,2.8,0,0,0,100
2024/7/17 22:00,1006.6,90.4,0,26.2,2.8,0,0,0,100
2024/7/17 22:15,1006.6,91.3,0,26.2,2.8,0,0,0,100
2024/7/17 22:30,1006.6,91.6,0,26.1,2.8,0,0,0,100
2024/7/17 22:45,1006.6,91.2,0,26.2,2.8,0,0,0,100
2024/7/17 23:00,1006.6,89.6,0,26.2,2.7,0,0,0,100
2024/7/17 23:15,1006.6,89.1,0,26.2,2.7,0,0,0,100
2024/7/17 23:30,1006.6,90.5,0,26.1,2.6,0,0,0,100
2024/7/17 23:45,1006.6,91.1,0,26.1,2.6,0,0,0,100
2024/7/18 0:00,1006.6,97,0.2,26.4,2.9,0,0,0,100
2024/7/18 0:15,1006.6,97.1,0,26.3,2.9,0,0,0,100
2024/7/18 0:30,1006.6,97.5,0,26.3,2.9,0,0,0,100
2024/7/18 0:45,1006.6,98,0.1,26.2,2.9,0,0,0,100
2024/7/18 1:00,1006.6,98.1,0.2,26.2,2.9,0,0,0,100
2024/7/18 1:15,1006.6,97.8,0,26.2,2.9,0,0,0,100
2024/7/18 1:30,1006.6,97.5,0.2,26.1,2.9,0,0,0,100
2024/7/18 1:45,1006.6,97.4,0,26,2.9,0,0,0,100
2024/7/18 2:00,1006.6,97.3,0.1,26,2.9,0,0,0,100
2024/7/18 2:15,1006.6,96.7,0.1,25.9,2.9,0,0,0,100
2024/7/18 2:30,1006.6,97.3,0.1,25.8,2.8,0,0,0,100
2024/7/18 2:45,1006.6,96.2,0,25.9,2.8,0,0,0,100
2024/7/18 3:00,1006.6,97.3,0,25.8,2.7,0,0,0,100
2024/7/18 3:15,1006.6,96.9,0,25.7,2.7,0,0,0,100
2024/7/18 3:30,1006.6,96.9,0,25.7,2.6,0,0,0,100
2024/7/18 3:45,1006.6,96.3,0,25.7,2.5,0,0,0,100
2024/7/18 4:00,1006.6,95.4,0,25.8,2.5,0,0,0,100
2024/7/18 4:15,1006.6,95,0,25.8,2.4,0,0,0,100
2024/7/18 4:30,1006.6,94.4,0,25.9,2.3,0,0,0,100
2024/7/18 4:45,1006.6,93.8,0,25.9,2.3,0,0,0,100
2024/7/18 5:00,1006.6,93.4,0,25.9,2.2,0,0,0,100
2024/7/18 5:15,1006.6,93.4,0,25.9,2.2,3,11,1.36,100
2024/7/18 5:30,1006.6,93.6,0,25.9,2.2,6,22,2.96,100
2024/7/18 5:45,1006.6,93.7,0,25.9,2.2,10,43,4.8,100
2024/7/18 6:00,1006.6,93.9,0,25.9,2.2,15,52,4.84,100
2024/7/18 6:15,1006.6,93.9,0,26,2.2,21,99,9.18,100
2024/7/18 6:30,1006.6,93.7,0,26.1,2.3,26,88,9.96,100
2024/7/18 6:45,1006.6,93.4,0,26.2,2.3,32,82,14.34,100
2024/7/18 7:00,1006.6,93.1,0,26.4,2.4,36,151,15.3,100
2024/7/18 7:15,1006.6,93,0,26.5,2.4,39,170,25.61,100
2024/7/18 7:30,1006.6,93.1,0,26.6,2.4,40,269,34.95,100
2024/7/18 7:45,1006.6,93.6,0,26.6,2.5,40,385,42.32,100
2024/7/18 8:00,1006.6,93.8,0,26.7,2.5,39,451,52.11,100
2024/7/18 8:15,1006.6,93.6,0,26.8,2.5,38,280,60.11,100
2024/7/18 8:30,1006.6,93.8,0,26.8,2.6,36,602,66.42,100
2024/7/18 8:45,1006.6,94.1,0,26.8,2.6,35,588,73.95,100
2024/7/18 9:00,1006.6,94,0,26.9,2.6,36,645,80.36,100
2024/7/18 9:15,1006.6,93.5,0,27,2.7,39,719,85.19,100
2024/7/18 9:30,1006.6,92.8,0,27.1,2.7,46,679,88.93,100
2024/7/18 9:45,1006.6,92.1,0,27.3,2.8,57,799,94.41,100
2024/7/18 10:00,1006.6,91.2,0,27.4,2.8,74,859,97.63,100
2024/7/18 10:15,1006.6,90,0,27.5,2.9,96,889,99.01,100
2024/7/18 10:30,1006.6,88.6,0,27.6,2.9,122,912,99.78,100
2024/7/18 10:45,1006.6,87.2,0,27.7,3,151,959,99.97,100
2024/7/18 11:00,1006.6,86.5,0,27.8,3,183,987,100,100
2024/7/18 11:15,1006.6,86.4,0,27.8,3,215,997,100,100
2024/7/18 11:30,1006.6,86.6,0,27.8,3,247,997,100,100
2024/7/18 11:45,1006.6,86.7,0,27.8,3,278,970,100,100
2024/7/18 12:00,1006.6,86.4,0,27.9,2.9,305,966,100,100
2024/7/18 12:15,1006.6,86.3,0,27.9,2.9,328,980,100,100
2024/7/18 12:30,1006.6,85.6,0,27.9,2.9,346,1020,100,100
2024/7/18 12:45,1006.6,84.6,0,28,2.8,356,941,99.98,100
2024/7/18 13:00,1006.6,83.8,0,28,2.8,362,968,99.81,100
2024/7/18 13:15,1006.6,82.6,0,28.1,2.8,362,956,99.61,100
2024/7/18 13:30,1006.6,80.8,0,28.1,2.7,359,935,99.8,100
2024/7/18 13:45,1006.6,78.7,0,28.3,2.6,352,920,99.46,100
2024/7/18 14:00,1006.6,76.8,0,28.4,2.6,343,876,98,100
2024/7/18 14:15,1006.6,75.1,0,28.5,2.5,332,830,94.62,100
2024/7/18 14:30,1006.6,73.4,0,28.6,2.5,319,778,93.48,100
2024/7/18 14:45,1006.6,71.1,0,28.7,2.4,305,744,87.8,100
2024/7/18 15:00,1006.6,68.7,0,28.9,2.3,290,719,80.61,100
2024/7/18 15:15,1006.6,66.2,0,29,2.3,276,667,74.9,100
2024/7/18 15:30,1006.6,63.9,0,29.2,2.2,262,633,71.12,100
2024/7/18 15:45,1006.6,61.9,0,29.4,2.1,249,575,66.38,100
2024/7/18 16:00,1006.6,60.3,0,29.5,2.1,235,582,60.59,100
2024/7/18 16:15,1006.6,58.7,0,29.7,2,220,536,54.32,100
2024/7/18 16:30,1006.6,57.5,0,29.8,2,205,491,48.61,100
2024/7/18 16:45,1006.6,56.8,0,29.9,2,189,411,41.14,100
2024/7/18 17:00,1006.6,56.2,0,30,2,173,355,34.75,100
2024/7/18 17:15,1006.6,56.1,0,30.1,2,157,310,26.89,100
2024/7/18 17:30,1006.6,56.6,0,30.2,2,140,237,21.73,100
2024/7/18 17:45,1006.6,57.9,0,30.3,2,122,195,15.41,100
2024/7/18 18:00,1006.6,59.8,0,30.3,2.1,104,152,11.38,100
2024/7/18 18:15,1006.6,61.8,0,30.3,2.1,86,112,8.08,100
2024/7/18 18:30,1006.6,63.9,0,30.1,2.2,68,65,5.67,100
2024/7/18 18:45,1006.6,65.9,0,30,2.2,50,36,3.58,100
2024/7/18 19:00,1006.6,68.2,0,29.8,2.3,32,15,2.08,100
2024/7/18 19:15,1006.6,70.6,0,29.5,2.4,14,0,0,100
2024/7/18 19:30,1006.6,72.3,0,29.3,2.5,0,0,0,100
2024/7/18 19:45,1006.6,72.9,0,29.1,2.6,0,0,0,100
2024/7/18 20:00,1006.6,73.2,0,28.9,2.7,0,0,0,100
2024/7/18 20:15,1006.6,74,0,28.7,2.8,0,0,0,100
2024/7/18 20:30,1006.6,74.7,0,28.5,2.9,0,0,0,100
2024/7/18 20:45,1006.6,76.2,0,28.3,3,0,0,0,100
2024/7/18 21:00,1006.6,78.6,0,28.1,3.1,0,0,0,100
2024/7/18 21:15,1006.6,81.1,0,28,3.2,0,0,0,100
2024/7/18 21:30,1006.6,83.6,0,27.8,3.3,0,0,0,100
2024/7/18 21:45,1006.6,85.8,0,27.6,3.4,0,0,0,100
2024/7/18 22:00,1006.6,87.7,0,27.5,3.5,0,0,0,100
2024/7/18 22:15,1006.6,88.8,0,27.4,3.6,0,0,0,100
2024/7/18 22:30,1006.6,89.7,0,27.3,3.7,0,0,0,100
2024/7/18 22:45,1006.6,90.6,0,27.2,3.8,0,0,0,100
2024/7/18 23:00,1006.6,91.3,0,27.1,3.8,0,0,0,100
2024/7/18 23:15,1006.6,91.8,0,27,3.8,0,0,0,100
2024/7/18 23:30,1006.6,92.5,0,27,3.9,0,0,0,100
2024/7/18 23:45,1006.6,93.3,0,26.9,3.9,0,0,0,100
2024/7/19 0:00,1006.6,97.6,0,26.9,4.2,0,0,0,100
2024/7/19 0:15,1006.6,97.9,0,26.9,4.1,0,0,0,100
2024/7/19 0:30,1006.6,98.1,0,26.8,4.1,0,0,0,100
2024/7/19 0:45,1006.6,98.5,0,26.7,4.1,0,0,0,100
2024/7/19 1:00,1006.6,98.9,0,26.7,4.1,0,0,0,100
2024/7/19 1:15,1006.6,99.1,0,26.6,4,0,0,0,100
2024/7/19 1:30,1006.6,99.3,0,26.6,4,0,0,0,100
2024/7/19 1:45,1006.6,99.5,0,26.5,3.9,0,0,0,100
2024/7/19 2:00,1006.6,99.7,0,26.4,3.9,0,0,0,100
2024/7/19 2:15,1006.6,99.8,0,26.4,3.8,0,0,0,100
2024/7/19 2:30,1006.6,99.8,0,26.3,3.8,0,0,0,100
2024/7/19 2:45,1006.6,99.8,0,26.3,3.8,0,0,0,100
2024/7/19 3:00,1006.6,99.8,0,26.2,3.7,0,0,0,100
2024/7/19 3:15,1006.6,99.9,0,26.2,3.7,0,0,0,100
2024/7/19 3:30,1006.6,99.9,0,26.2,3.6,0,0,0,100
2024/7/19 3:45,1006.6,99.9,0,26.2,3.6,0,0,0,100
2024/7/19 4:00,1006.6,99.9,0,26.1,3.6,0,0,0,100
2024/7/19 4:15,1006.6,100,0,26.1,3.6,0,0,0,100
2024/7/19 4:30,1006.6,100,0,26.1,3.6,0,0,0,100
2024/7/19 4:45,1006.6,100,0,26,3.6,0,0,0,100
2024/7/19 5:00,1006.6,100,0,26,3.6,3,0,0,100
2024/7/19 5:15,1006.6,100,0,26,3.6,30,12,1.63,100
2024/7/19 5:30,1006.6,100,0,26,3.6,59,28,3.18,100
2024/7/19 5:45,1006.6,100,0,26,3.6,88,54,5.47,100
2024/7/19 6:00,1006.6,100,0,26,3.6,118,80,7.96,100
2024/7/19 6:15,1006.6,100,0,26,3.6,148,117,11.4,100
2024/7/19 6:30,1006.6,100,0,26.1,3.6,178,150,14.67,100
2024/7/19 6:45,1006.6,100,0,26.1,3.6,209,194,18.9,100
2024/7/19 7:00,1006.6,100,0,26.1,3.6,240,239,23.89,100
2024/7/19 7:15,1006.6,100,0,26.2,3.7,271,293,30.36,100
2024/7/19 7:30,1006.6,100,0,26.2,3.7,302,353,36.43,100
2024/7/19 7:45,1006.6,100,0,26.3,3.7,333,404,43.45,100
2024/7/19 8:00,1006.6,100,0,26.4,3.7,364,463,50.08,100
2024/7/19 8:15,1006.6,99.9,0,26.5,3.7,395,509,56.18,100
2024/7/19 8:30,1006.6,99.4,0,26.7,3.7,426,545,62.86,100
2024/7/19 8:45,1006.6,98.1,0,26.9,3.6,457,594,68.17,100
2024/7/19 9:00,1006.6,96.9,0,27.1,3.6,487,628,72.88,100
2024/7/19 9:15,1006.6,96.2,0,27.3,3.6,517,651,76.71,100
2024/7/19 9:30,1006.6,95,0,27.6,3.6,547,742,83.37,100
2024/7/19 9:45,1006.6,93.3,0,27.8,3.6,576,793,59.9,100
2024/7/19 10:00,1006.6,90.9,0,28.1,3.6,607,873,62.13,100
2024/7/19 10:15,1006.6,89.2,0,28.3,3.6,640,818,52.47,100
2024/7/19 10:30,1006.6,87.7,0,28.6,3.6,673,908,51.19,100
2024/7/19 10:45,1006.6,86,0,28.9,3.5,706,662,55.68,100
2024/7/19 11:00,1006.6,83.9,0,29.2,3.5,737,846,45.42,100
2024/7/19 11:15,1006.6,82,0,29.4,3.5,766,283,70.21,100
2024/7/19 11:30,1006.6,80.3,0,29.6,3.5,791,929,69.08,100
2024/7/19 11:45,1006.6,78.7,0,29.8,3.6,812,255,85.43,100
2024/7/19 12:00,1006.6,77.4,0,30,3.6,827,406,98.29,100
2024/7/19 12:15,1006.6,76.3,0,30.2,3.6,835,992,69.93,100
2024/7/19 12:30,1006.6,76.1,0,30.3,3.6,835,984,97.46,100
2024/7/19 12:45,1006.6,75.5,0,30.5,3.7,827,978,57.46,100
2024/7/19 13:00,1006.6,74.8,0,30.6,3.7,812,1004,88.42,100
2024/7/19 13:15,1006.6,73.9,0,30.6,3.8,791,707,83.8,100
2024/7/19 13:30,1006.6,74.3,0,30.7,3.8,765,913,91.11,100
2024/7/19 13:45,1006.7,74.2,0,30.8,3.9,733,271,79.81,100
2024/7/19 14:00,1006.7,73.4,0,30.9,4,698,939,87.41,100
2024/7/19 14:15,1006.7,72.7,0,30.9,4,659,896,41.98,100
2024/7/19 14:30,1006.7,72.4,0,31,4.1,618,845,57.85,100
2024/7/19 14:45,1006.7,72.4,0,31,4.2,574,228,80.18,100
2024/7/19 15:00,1006.7,73.9,0,30.8,4.2,529,763,83.23,100
2024/7/19 15:15,1006.7,73.8,0,30.9,4.3,483,666,52.29,100
2024/7/19 15:30,1006.7,72.3,0,31,4.3,438,640,66.56,100
2024/7/19 15:45,1006.7,72,0,31,4.4,392,608,65.77,100
2024/7/19 16:00,1006.7,71.8,0,31,4.4,344,589,55.8,100
2024/7/19 16:15,1006.7,72.3,0,30.9,4.4,296,461,31.79,100
2024/7/19 16:30,1006.7,73.2,0,30.9,4.5,248,470,50.13,100
2024/7/19 16:45,1006.7,74.8,0,30.8,4.5,203,184,39.58,100
2024/7/19 17:00,1006.7,75,0,30.6,4.6,161,250,39.87,100
2024/7/19 17:15,1006.7,75.1,0,30.6,4.6,124,304,36.5,100
2024/7/19 17:30,1006.6,76.5,0,30.4,4.6,92,307,27.79,100
2024/7/19 17:45,1006.6,77.4,0,30.3,4.7,65,204,22.04,100
2024/7/19 18:00,1006.6,78.1,0,30.2,4.7,43,114,11.56,100
2024/7/19 18:15,1006.6,79.3,0,30.1,4.7,28,157,14.13,100
2024/7/19 18:30,1006.6,81.1,0,29.9,4.8,16,142,16.43,100
2024/7/19 18:45,1006.6,84.6,0,29.6,4.8,9,75,6.64,100
2024/7/19 19:00,1006.6,87.3,0,29.2,4.9,5,23,2.38,100
2024/7/19 19:15,1006.6,88.3,0,29,4.9,2,0,0,100
2024/7/19 19:30,1006.6,88.9,0,28.8,4.9,0,0,0,100
2024/7/19 19:45,1006.6,88.5,0,28.6,4.9,0,0,0,100
2024/7/19 20:00,1006.6,88.2,0,28.5,4.9,0,0,0,100
2024/7/19 20:15,1006.6,89.1,0,28.3,5,0,0,0,100
2024/7/19 20:30,1006.6,90.5,0,28.1,5,0,0,0,100
2024/7/19 20:45,1006.6,91.1,0,28,5.1,0,0,0,100
2024/7/19 21:00,1006.6,91.4,0,27.8,5.2,0,0,0,100
2024/7/19 21:15,1006.6,91.6,0,27.7,5.2,0,0,0,100
2024/7/19 21:30,1006.6,92,0,27.6,5.3,0,0,0,100
2024/7/19 21:45,1006.6,92.4,0,27.5,5.4,0,0,0,100
2024/7/19 22:00,1006.6,92.8,0,27.4,5.4,0,0,0,100
2024/7/19 22:15,1006.6,92.7,0,27.4,5.5,0,0,0,100
2024/7/19 22:30,1006.6,92.4,0,27.3,5.5,0,0,0,100
2024/7/19 22:45,1006.6,92.6,0,27.3,5.5,0,0,0,100
2024/7/19 23:00,1006.6,92.7,0,27.2,5.6,0,0,0,100
2024/7/19 23:15,1006.6,93.1,0,27.2,5.7,0,0,0,100
2024/7/19 23:30,1006.6,94,0.1,27,5.7,0,0,0,100
2024/7/19 23:45,1006.6,93.4,0.1,27,5.8,0,0,0,100
2024/7/20 0:00,1006.6,95.8,0,27.8,5.4,0,0,0,100
2024/7/20 0:15,1006.6,95.9,0.1,27.8,5.4,0,0,0,100
2024/7/20 0:30,1006.6,96.1,0,27.8,5.4,0,0,0,100
2024/7/20 0:45,1006.6,95.4,0.2,27.8,5.4,0,0,0,100
2024/7/20 1:00,1006.6,94.5,0.2,27.5,5.4,0,0,0,100
2024/7/20 1:15,1006.6,92.4,0.2,27.5,5.4,0,0,0,100
2024/7/20 1:30,1006.6,90.3,0.1,27.7,5.4,0,0,0,100
2024/7/20 1:45,1006.6,91.4,0.1,27.6,5.4,0,0,0,100
2024/7/20 2:00,1006.6,90.8,0.2,27.7,5.4,0,0,0,100
2024/7/20 2:15,1006.6,88.4,0,27.7,5.5,0,0,0,100
2024/7/20 2:30,1006.6,87.6,0,27.7,5.5,0,0,0,100
2024/7/20 2:45,1006.6,88.8,0.1,27.6,5.7,0,0,0,100
2024/7/20 3:00,1006.6,90.3,0,27.5,5.7,0,0,0,100
2024/7/20 3:15,1006.6,91.2,0,27.4,5.8,0,0,0,100
2024/7/20 3:30,1006.6,92.6,0.1,27.3,5.9,0,0,0,100
2024/7/20 3:45,1006.6,93.3,0,27.2,5.8,0,0,0,100
2024/7/20 4:00,1006.6,92.3,0,26.9,5.8,0,0,0,100
2024/7/20 4:15,1006.6,91.7,0,26.7,5.8,0,0,0,100
2024/7/20 4:30,1006.6,91.7,0.1,26.5,5.8,0,0,0,100
2024/7/20 4:45,1006.6,91.2,0.4,26.4,5.8,0,0,0,100
2024/7/20 5:00,1006.6,91.6,0.5,26.1,5.8,1,0,0,100
2024/7/20 5:15,1006.6,94.6,0.2,25.8,5.7,16,0,0,100
2024/7/20 5:30,1006.6,95.6,0.2,25.8,5.7,31,3,0.66,100
2024/7/20 5:45,1006.6,95.1,0.2,25.7,5.7,47,5,1.2,100
2024/7/20 6:00,1006.6,95.1,0.2,25.7,5.7,64,13,2.05,100
2024/7/20 6:15,1006.6,94.3,0.2,25.6,5.7,82,24,2.62,100
2024/7/20 6:30,1006.6,94.6,0.2,25.4,5.7,103,20,2.15,100
2024/7/20 6:45,1006.6,94.9,0.2,25.1,5.7,126,33,4.08,100
2024/7/20 7:00,1006.6,94.4,0.4,24.9,5.7,154,22,2.73,100
2024/7/20 7:15,1006.6,93.8,0.5,25.1,5.7,187,12,1.14,100
2024/7/20 7:30,1006.6,93.5,0.5,25,5.8,225,8,1.4,100
2024/7/20 7:45,1006.6,92.7,0.3,25,5.8,268,11,1.52,100
2024/7/20 8:00,1006.6,92.5,0.3,25.1,5.7,315,20,1.91,100
2024/7/20 8:15,1006.6,90.9,0.1,25.2,5.7,366,11,1.26,100
2024/7/20 8:30,1006.6,89.2,0.1,25.4,5.6,419,2,0.63,100
2024/7/20 8:45,1006.6,89.5,0.3,25.4,5.4,474,4,0.49,100
2024/7/20 9:00,1006.6,91.4,0.2,25.5,5.3,528,3,0.35,100
2024/7/20 9:15,1006.6,92.5,0,25.6,5.3,580,5,0.78,100
2024/7/20 9:30,1006.6,92.9,0,25.6,5.3,628,18,2.23,100
2024/7/20 9:45,1006.6,91.7,0.1,25.8,5.2,670,23,3.42,100
2024/7/20 10:00,1006.6,90,0.2,26.1,5.1,709,43,6.09,100
2024/7/20 10:15,1006.6,88.5,0.2,26.2,5.1,743,84,7.84,100
2024/7/20 10:30,1006.6,87.8,0,26.3,5.1,773,80,10.79,100
2024/7/20 10:45,1006.6,87.4,0,26.4,5.2,798,100,11.37,100
2024/7/20 11:00,1006.6,87.2,0.2,26.4,5.2,820,178,26.38,100
2024/7/20 11:15,1006.6,86.3,0,26.5,5.2,837,112,10.61,100
2024/7/20 11:30,1006.6,87.4,0,26.4,5.3,849,111,17.33,100
2024/7/20 11:45,1006.6,88.2,0,26.3,5.3,858,134,20.46,100
2024/7/20 12:00,1006.6,90.4,0.1,26.1,5.3,863,158,24.35,100
2024/7/20 12:15,1006.6,91.8,0,25.8,5.3,864,152,23.05,100
2024/7/20 12:30,1006.6,91.7,0,25.8,5.3,863,160,18.23,100
2024/7/20 12:45,1006.6,90.5,0,26,5.4,858,254,39.91,100
2024/7/20 13:00,1006.6,89.3,0,26,5.4,849,347,41.44,100
2024/7/20 13:15,1006.6,87.7,0,26.3,5.4,838,435,47.49,100
2024/7/20 13:30,1006.6,86.3,0,26.5,5.4,822,592,89.21,100
2024/7/20 13:45,1006.6,84.9,0,26.8,5.4,803,468,59.65,100
2024/7/20 14:00,1006.6,84.6,0.2,26.8,5.4,781,361,56.8,100
2024/7/20 14:15,1006.6,84,0,26.9,5.4,755,480,68.99,100
2024/7/20 14:30,1006.6,82.5,0.2,26.9,5.4,725,909,54.06,100
2024/7/20 14:45,1006.6,81.7,0,27,5.4,693,342,65.35,100
2024/7/20 15:00,1006.6,81.4,0,27.2,5.3,657,297,82.39,100
2024/7/20 15:15,1006.6,81.8,0.2,27.3,5.3,618,188,81.77,100
2024/7/20 15:30,1006.6,83.6,0,27.2,5.2,578,688,78.55,100
2024/7/20 15:45,1006.6,84.3,0,27.1,5.2,534,642,46.41,100
2024/7/20 16:00,1006.6,82.3,0,27.2,5.1,488,627,34.35,100
2024/7/20 16:15,1006.6,81.4,0,27.4,5.1,439,639,56.18,100
2024/7/20 16:30,1006.6,81.3,0,27.5,5.1,390,523,50.78,100
2024/7/20 16:45,1006.6,81.3,0,27.5,5,342,452,27.86,100
2024/7/20 17:00,1006.6,80.8,0,27.5,5,295,366,34.21,100
2024/7/20 17:15,1006.6,81.4,0.1,27.5,4.9,250,267,26.54,100
2024/7/20 17:30,1006.6,82.2,0.2,27.4,4.9,209,236,22.1,100
2024/7/20 17:45,1006.6,82.7,0.2,27.3,4.8,172,191,15.79,100
2024/7/20 18:00,1006.6,83.7,0.2,27.2,4.8,138,138,11.78,100
2024/7/20 18:15,1006.6,85.1,0.2,27.1,4.8,108,96,7.99,100
2024/7/20 18:30,1006.6,86.6,0.2,27,4.7,81,61,6.17,100
2024/7/20 18:45,1006.6,87.8,0,26.9,4.7,57,32,3.4,100
2024/7/20 19:00,1006.6,88.6,0.2,26.8,4.6,35,14,1.84,100
2024/7/20 19:15,1006.6,89.6,0.3,26.6,4.6,15,0,0,100
2024/7/20 19:30,1006.6,90.4,0.1,26.5,4.6,0,0,0,100
2024/7/20 19:45,1006.6,91,0.2,26.4,4.5,0,0,0,100
2024/7/20 20:00,1006.6,91.4,0.3,26.4,4.5,0,0,0,100
2024/7/20 20:15,1006.6,92,0.2,26.3,4.6,0,0,0,100
2024/7/20 20:30,1006.6,92.7,0.2,26.2,4.6,0,0,0,100
2024/7/20 20:45,1006.6,93.4,0.2,26.1,4.7,0,0,0,100
2024/7/20 21:00,1006.6,94,0.2,26,4.7,0,0,0,100
2024/7/20 21:15,1006.6,94.4,0,26,4.7,0,0,0,100
2024/7/20 21:30,1006.6,94.8,0,25.9,4.8,0,0,0,100
2024/7/20 21:45,1006.6,94.6,0,25.9,4.8,0,0,0,100
2024/7/20 22:00,1006.6,94.6,0,25.9,4.8,0,0,0,100
2024/7/20 22:15,1006.6,94.8,0.1,25.8,4.8,0,0,0,100
2024/7/20 22:30,1006.6,94.8,0,25.8,4.8,0,0,0,100
2024/7/20 22:45,1006.6,95,0,25.7,4.8,0,0,0,100
2024/7/20 23:00,1006.6,95.3,0,25.7,4.8,0,0,0,100
2024/7/20 23:15,1006.6,95.6,0,25.6,4.8,0,0,0,100
2024/7/20 23:30,1006.6,95.9,0,25.6,4.8,0,0,0,100
2024/7/20 23:45,1006.6,96.3,0,25.6,4.8,0,0,0,100
2024/7/21 0:00,1006.6,94.7,0,25.9,3.8,0,0,0,100
2024/7/21 0:15,1006.6,95.1,0,25.9,3.8,0,0,0,100
2024/7/21 0:30,1006.6,95.4,0,25.8,3.8,0,0,0,100
2024/7/21 0:45,1006.6,96,0,25.8,3.9,0,0,0,100
2024/7/21 1:00,1006.6,96.6,0,25.7,3.9,0,0,0,100
2024/7/21 1:15,1006.6,96.9,0,25.7,3.9,0,0,0,100
2024/7/21 1:30,1006.6,96.9,0,25.7,3.9,0,0,0,100
2024/7/21 1:45,1006.6,97,0,25.6,3.9,0,0,0,100
2024/7/21 2:00,1006.6,97,0,25.6,3.9,0,0,0,100
2024/7/21 2:15,1006.6,97,0,25.5,3.9,0,0,0,100
2024/7/21 2:30,1006.6,96.6,0,25.6,3.9,0,0,0,100
2024/7/21 2:45,1006.6,96.5,0,25.5,4,0,0,0,100
2024/7/21 3:00,1006.6,96.3,0,25.5,4,0,0,0,100
2024/7/21 3:15,1006.6,96.3,0,25.5,4,0,0,0,100
2024/7/21 3:30,1006.6,96.3,0,25.5,4.1,0,0,0,100
2024/7/21 3:45,1006.6,96.2,0,25.5,4.1,0,0,0,100
2024/7/21 4:00,1006.6,96.2,0,25.5,4.1,0,0,0,100
2024/7/21 4:15,1006.6,96.3,0,25.4,4.1,0,0,0,100
2024/7/21 4:30,1006.6,96.4,0,25.4,4.1,0,0,0,100
2024/7/21 4:45,1006.6,96.5,0,25.4,4.2,0,0,0,100
2024/7/21 5:00,1006.6,96.6,0,25.4,4.2,2,0,0,100
2024/7/21 5:15,1006.6,96.5,0,25.5,4.2,23,8,1.06,100
2024/7/21 5:30,1006.6,96.2,0,25.5,4.3,47,29,3.04,100
2024/7/21 5:45,1006.6,95.7,0,25.6,4.3,71,30,3.8,100
2024/7/21 6:00,1006.6,95.3,0,25.7,4.3,96,38,4.54,100
2024/7/21 6:15,1006.6,94.8,0,25.8,4.4,121,67,6.92,100
2024/7/21 6:30,1006.6,94.3,0,25.9,4.4,146,106,11.94,100
2024/7/21 6:45,1006.6,93.8,0,26.1,4.4,172,151,15.28,100
2024/7/21 7:00,1006.6,93.5,0,26.2,4.5,198,144,17.59,100
2024/7/21 7:15,1006.6,93.3,0,26.4,4.5,225,143,18.36,100
2024/7/21 7:30,1006.6,93.3,0,26.6,4.5,252,191,19.39,100
2024/7/21 7:45,1006.6,93.1,0,26.8,4.5,279,176,18.91,100
2024/7/21 8:00,1006.6,92.9,0,26.9,4.5,307,212,28.95,100
2024/7/21 8:15,1006.6,92.4,0,27.2,4.5,334,334,38.15,100
2024/7/21 8:30,1006.6,91.6,0,27.4,4.5,362,740,54.24,100
2024/7/21 8:45,1006.6,90.5,0,27.7,4.5,390,667,64.26,100
2024/7/21 9:00,1006.6,89.6,0,28,4.5,417,483,65.26,100
2024/7/21 9:15,1006.6,88,0,28.4,4.5,444,733,79.18,100
2024/7/21 9:30,1006.6,86.5,0,28.8,4.5,470,891,71.35,100
2024/7/21 9:45,1006.6,85.1,0,29.1,4.5,496,471,72.18,100
2024/7/21 10:00,1006.6,84.1,0,29.4,4.5,523,618,66.42,100
2024/7/21 10:15,1006.6,82.9,0,29.6,4.5,552,1022,86.32,100
2024/7/21 10:30,1006.6,81.6,0,29.9,4.5,581,960,78.97,100
2024/7/21 10:45,1006.7,80.7,0,30.1,4.5,610,289,87.78,100
2024/7/21 11:00,1006.7,79.3,0,30.3,4.4,638,1005,99.66,100
2024/7/21 11:15,1006.7,77.8,0,30.6,4.4,663,961,92.04,100
2024/7/21 11:30,1006.7,76.4,0,30.8,4.4,684,856,63.69,100
2024/7/21 11:45,1006.7,75,0,31,4.4,701,928,96.53,100
2024/7/21 12:00,1006.7,73.3,0,31.2,4.4,711,466,73.26,100
2024/7/21 12:15,1006.7,72,0,31.3,4.4,715,518,84.76,100
2024/7/21 12:30,1006.7,71.1,0,31.5,4.4,711,383,75.05,100
2024/7/21 12:45,1006.7,70.4,0,31.6,4.4,698,496,46.63,100
2024/7/21 13:00,1006.7,69.7,0,31.7,4.4,677,667,76.16,100
2024/7/21 13:15,1006.7,69.4,0,31.8,4.4,648,834,86.52,100
2024/7/21 13:30,1006.7,69,0,31.8,4.5,613,830,60.62,100
2024/7/21 13:45,1006.7,69.3,0,31.9,4.5,573,587,57.75,100
2024/7/21 14:00,1006.7,69.5,0,32,4.5,530,510,78.15,100
2024/7/21 14:15,1006.7,69,0,32.1,4.5,485,456,87.44,100
2024/7/21 14:30,1006.7,67.8,0,32.2,4.6,440,789,58.38,100
2024/7/21 14:45,1006.7,67.2,0,32.2,4.6,395,319,43.3,100
2024/7/21 15:00,1006.7,66.9,0,32.3,4.6,353,320,36.72,100
2024/7/21 15:15,1006.7,67.8,0,32.2,4.6,313,321,38.43,100
2024/7/21 15:30,1006.7,68.5,0,32.2,4.7,276,271,39.11,100
2024/7/21 15:45,1006.7,70.4,0,32.1,4.7,243,473,69.61,100
2024/7/21 16:00,1006.7,71.1,0,32.1,4.7,212,633,53.74,100
2024/7/21 16:15,1006.7,72.9,0,31.9,4.8,182,181,19.03,100
2024/7/21 16:30,1006.7,72.9,0,31.8,4.8,154,157,19.05,100
2024/7/21 16:45,1006.7,72.8,0,31.7,4.9,128,137,17.96,100
2024/7/21 17:00,1006.7,73,0,31.6,4.9,105,146,17.29,100
2024/7/21 17:15,1006.7,73.7,0,31.5,5,84,123,19.31,100
2024/7/21 17:30,1006.7,75.3,0,31.3,5,66,275,32.45,100
2024/7/21 17:45,1006.7,77.7,0,31.1,5,50,264,28.49,100
2024/7/21 18:00,1006.7,78.9,0,30.9,5.1,37,234,21.36,100
2024/7/21 18:15,1006.7,80.3,0,30.6,5.1,27,43,4.46,100
2024/7/21 18:30,1006.6,81.3,0,30.4,5.1,19,22,2.73,100
2024/7/21 18:45,1006.6,82.3,0,30.2,5.2,12,23,3.08,100
2024/7/21 19:00,1006.6,84,0,29.9,5.2,7,8,1.76,100
2024/7/21 19:15,1006.6,85.3,0.2,29.7,5.2,3,0,0,100
2024/7/21 19:30,1006.6,86,0,29.6,5.2,0,0,0,100
2024/7/21 19:45,1006.6,87,0,29.5,5.2,0,0,0,100
2024/7/21 20:00,1006.6,87.9,0,29.4,5.2,0,0,0,100
2024/7/21 20:15,1006.6,88.4,0,29.3,5.3,0,0,0,100
2024/7/21 20:30,1006.6,88.8,0,29.2,5.3,0,0,0,100
2024/7/21 20:45,1006.6,89,0,29.2,5.4,0,0,0,100
2024/7/21 21:00,1006.6,89.3,0,29.1,5.4,0,0,0,100
2024/7/21 21:15,1006.6,89.6,0,29,5.4,0,0,0,100
2024/7/21 21:30,1006.6,89.8,0,29,5.4,0,0,0,100
2024/7/21 21:45,1006.6,90.1,0,28.9,5.5,0,0,0,100
2024/7/21 22:00,1006.6,90.3,0,28.8,5.5,0,0,0,100
2024/7/21 22:15,1006.6,90.4,0,28.7,5.5,0,0,0,100
2024/7/21 22:30,1006.6,90.6,0,28.7,5.5,0,0,0,100
2024/7/21 22:45,1006.6,90.8,0,28.6,5.5,0,0,0,100
2024/7/21 23:00,1006.6,91,0,28.5,5.5,0,0,0,100
2024/7/21 23:15,1006.6,91.2,0,28.5,5.5,0,0,0,100
2024/7/21 23:30,1006.6,91.4,0.1,28.4,5.5,0,0,0,100
2024/7/21 23:45,1006.6,91.3,0,28.4,5.6,0,0,0,100
2024/7/22 0:00,1006.6,90.6,0.1,27.6,5.5,0,0,0,100
2024/7/22 0:15,1006.6,90.6,0.2,27.6,5.5,0,0,0,100
2024/7/22 0:30,1006.6,90.8,0.3,27.6,5.6,0,0,0,100
2024/7/22 0:45,1006.6,91,0.4,27.5,5.6,0,0,0,100
2024/7/22 1:00,1006.6,91.5,0,27.5,5.6,0,0,0,100
2024/7/22 1:15,1006.6,92.3,0.4,27.5,5.6,0,0,0,100
2024/7/22 1:30,1006.6,91.9,0.2,27.5,5.6,0,0,0,100
2024/7/22 1:45,1006.6,91.9,0.4,27.5,5.6,0,0,0,100
2024/7/22 2:00,1006.6,92.4,0.4,27.5,5.6,0,0,0,100
2024/7/22 2:15,1006.6,92.8,0.4,27.5,5.6,0,0,0,100
2024/7/22 2:30,1006.6,93,0.3,27.5,5.6,0,0,0,100
2024/7/22 2:45,1006.6,93,0.1,27.5,5.7,0,0,0,100
2024/7/22 3:00,1006.6,93.1,0.1,27.5,5.7,0,0,0,100
2024/7/22 3:15,1006.6,93.5,0.4,27.5,5.7,0,0,0,100
2024/7/22 3:30,1006.6,93.8,0.4,27.5,5.7,0,0,0,100
2024/7/22 3:45,1006.6,93.9,0.5,27.5,5.8,0,0,0,100
2024/7/22 4:00,1006.6,93.9,0.4,27.5,5.9,0,0,0,100
2024/7/22 4:15,1006.6,93.9,0.4,27.5,5.9,0,0,0,100
2024/7/22 4:30,1006.6,94,0.3,27.5,5.9,0,0,0,100
2024/7/22 4:45,1006.6,94.2,0.3,27.5,5.9,0,0,0,100
2024/7/22 5:00,1006.6,94.5,0.5,27.5,5.9,1,0,0,100
2024/7/22 5:15,1006.6,94.7,0.3,27.5,5.9,9,1,0.38,100
2024/7/22 5:30,1006.6,95.5,0.5,27.5,6,18,3,0.91,100
2024/7/22 5:45,1006.6,95.2,0.6,27.7,6.1,27,24,2.58,100
2024/7/22 6:00,1006.6,95.7,0.2,27.6,6.1,37,38,3.97,100
2024/7/22 6:15,1006.6,96.3,0.5,27.6,6.1,49,49,6.07,100
2024/7/22 6:30,1006.6,96.2,0.2,27.7,6.1,63,89,13,100
2024/7/22 6:45,1006.6,93.5,0.2,27.7,6.1,81,155,10.61,100
2024/7/22 7:00,1006.6,93.3,0.2,27.6,6.1,104,122,13.56,100
2024/7/22 7:15,1006.6,92.8,0.2,27.7,6.1,132,167,28.7,100
2024/7/22 7:30,1006.6,92.7,0.2,27.8,6.1,167,165,16.15,100
2024/7/22 7:45,1006.6,91.7,0.2,28,6.2,207,118,14.92,100
2024/7/22 8:00,1006.6,89.4,0.2,28,6.3,253,119,13.67,100
2024/7/22 8:15,1006.6,89.8,0.2,28,6.4,303,188,23.47,100
2024/7/22 8:30,1006.6,90.1,0.2,28.2,6.4,355,134,14.94,100
2024/7/22 8:45,1006.6,91.5,0.2,28.2,6.4,410,52,5.45,100
2024/7/22 9:00,1006.6,91.7,0.2,28.2,6.4,463,72,7.76,100
2024/7/22 9:15,1006.6,91.8,0.2,28.3,6.4,514,8,1.34,100
2024/7/22 9:30,1006.6,91.8,0.2,28.3,6.4,560,17,2.98,100
2024/7/22 9:45,1006.6,92.2,0.2,28.4,6.5,599,18,2.37,100
2024/7/22 10:00,1006.6,92.2,0.2,28.5,6.6,633,1,0.22,100
2024/7/22 10:15,1006.6,91.4,0.1,28.7,6.7,661,7,0.81,100
2024/7/22 10:30,1006.6,92.5,0.7,27.9,6.8,683,5,0.62,100
2024/7/22 10:45,1006.6,92.9,0.5,27.9,6.8,701,4,0.61,100
2024/7/22 11:00,1006.6,92.1,0.4,27.8,6.9,713,8,0.86,100
2024/7/22 11:15,1006.6,90.9,0.4,27.9,6.9,721,11,1.21,100
2024/7/22 11:30,1006.6,90.6,0.2,27.9,6.9,725,6,1.11,100
2024/7/22 11:45,1006.6,90.3,0.3,28,6.9,725,12,1.21,100
2024/7/22 12:00,1006.6,89.1,0.2,28.2,6.9,724,17,2.25,100
2024/7/22 12:15,1006.6,86.6,0.2,28.2,6.9,720,18,2.43,100
2024/7/22 12:30,1006.6,85.9,0.2,28.3,7,715,24,3.06,100
2024/7/22 12:45,1006.6,84.7,0.3,28.5,7,709,32,3.75,100
2024/7/22 13:00,1006.6,82.7,0.3,28.7,6.9,701,59,7.62,100
2024/7/22 13:15,1006.6,81.9,0.2,28.8,7,691,130,17.33,100
2024/7/22 13:30,1006.6,84.7,0.2,28.4,6.9,678,236,28.8,100
2024/7/22 13:45,1006.6,85.7,0.1,28.2,6.8,663,274,32.83,100
2024/7/22 14:00,1006.6,85.8,0.1,28.2,6.8,645,326,36.45,100
2024/7/22 14:15,1006.6,85.6,0,28.2,6.8,624,318,51.07,100
2024/7/22 14:30,1006.6,84.7,0,28.6,6.9,601,734,71.33,100
2024/7/22 14:45,1006.6,82.9,0,28.8,7,576,466,84.04,100
2024/7/22 15:00,1006.6,80.7,0,29,7,548,440,84.78,100
2024/7/22 15:15,1006.6,80.1,0,29.1,7,517,706,77.99,100
2024/7/22 15:30,1006.6,80.6,0,29.1,7,485,655,76.21,100
2024/7/22 15:45,1006.6,80.1,0,29.1,6.9,450,615,67.4,100
2024/7/22 16:00,1006.6,80.4,0,29.1,6.8,413,581,63.43,100
2024/7/22 16:15,1006.6,81.8,0,28.9,6.7,375,527,54.83,100
2024/7/22 16:30,1006.6,83.6,0,28.7,6.7,335,470,48.84,100
2024/7/22 16:45,1006.6,84.6,0,28.5,6.6,296,420,41.31,100
2024/7/22 17:00,1006.6,85.3,0,28.4,6.6,258,379,36.59,100
2024/7/22 17:15,1006.6,84.3,0,28.4,6.6,222,319,28.41,100
2024/7/22 17:30,1006.6,84.2,0,28.4,6.7,188,260,23.1,100
2024/7/22 17:45,1006.6,85.6,0.1,28.2,6.8,156,220,15.9,100
2024/7/22 18:00,1006.6,86.9,0,28,6.8,127,107,12.18,100
2024/7/22 18:15,1006.6,88.6,0,27.8,6.8,100,83,7.01,100
2024/7/22 18:30,1006.6,90.4,0,27.6,6.8,76,45,5.54,100
2024/7/22 18:45,1006.6,91.1,0,27.6,6.9,54,29,2.88,100
2024/7/22 19:00,1006.6,90.8,0,27.5,6.9,33,10,1.11,100
2024/7/22 19:15,1006.5,91.3,0,27.3,7,14,0,0,100
2024/7/22 19:30,1006.5,91.2,0,27.2,7,0,0,0,100
2024/7/22 19:45,1006.5,91.4,0,27.1,7,0,0,0,100
2024/7/22 20:00,1006.5,91.8,0,27,7,0,0,0,100
2024/7/22 20:15,1006.5,93.5,0.2,26.8,7.1,0,0,0,100
2024/7/22 20:30,1006.5,93.3,0,26.7,7.1,0,0,0,100
2024/7/22 20:45,1006.5,92.6,0,26.8,7.1,0,0,0,100
2024/7/22 21:00,1006.6,88.9,0,27.2,7.1,0,0,0,100
2024/7/22 21:15,1006.6,90,0,27.1,7,0,0,0,100
2024/7/22 21:30,1006.5,94,0,26.7,7,0,0,0,100
2024/7/22 21:45,1006.5,91.8,0,26.8,7.1,0,0,0,100
2024/7/22 22:00,1006.5,90.9,0,26.9,7.1,0,0,0,100
2024/7/22 22:15,1006.6,91.6,0,26.9,7.1,0,0,0,100
2024/7/22 22:30,1006.6,91.1,0,26.9,7.1,0,0,0,100
2024/7/22 22:45,1006.6,90.8,0,26.9,7,0,0,0,100
2024/7/22 23:00,1006.5,88.5,0,26.9,6.9,0,0,0,100
2024/7/22 23:15,1006.5,90,0,26.8,6.8,0,0,0,100
2024/7/22 23:30,1006.5,92.3,0,26.7,6.7,0,0,0,100
2024/7/22 23:45,1006.5,94.3,0,26.6,6.7,0,0,0,100
2024/7/23 0:00,1006.5,95.1,0,26.5,6.2,0,0,0,100
2024/7/23 0:15,1006.5,95.4,0,26.5,6.1,0,0,0,100
2024/7/23 0:30,1006.5,95.6,0,26.5,6,0,0,0,100
2024/7/23 0:45,1006.5,95.8,0,26.5,5.9,0,0,0,100
2024/7/23 1:00,1006.5,96,0,26.5,5.8,0,0,0,100
2024/7/23 1:15,1006.5,96.1,0,26.5,5.7,0,0,0,100
2024/7/23 1:30,1006.5,96.3,0,26.5,5.6,0,0,0,100
2024/7/23 1:45,1006.5,96.5,0,26.5,5.6,0,0,0,100
2024/7/23 2:00,1006.5,96.6,0,26.5,5.5,0,0,0,100
2024/7/23 2:15,1006.5,96.6,0,26.5,5.5,0,0,0,100
2024/7/23 2:30,1006.5,96.7,0,26.5,5.5,0,0,0,100
2024/7/23 2:45,1006.5,96.8,0,26.5,5.4,0,0,0,100
2024/7/23 3:00,1006.5,96.9,0,26.5,5.4,0,0,0,100
2024/7/23 3:15,1006.5,97,0,26.5,5.4,0,0,0,100
2024/7/23 3:30,1006.5,97.1,0,26.6,5.4,0,0,0,100
2024/7/23 3:45,1006.5,97.2,0,26.6,5.4,0,0,0,100
2024/7/23 4:00,1006.5,97.2,0,26.7,5.4,0,0,0,100
2024/7/23 4:15,1006.6,96.6,0,26.7,5.5,0,0,0,100
2024/7/23 4:30,1006.6,96.7,0,26.7,5.5,0,0,0,100
2024/7/23 4:45,1006.5,96.7,0,26.7,5.5,0,0,0,100
2024/7/23 5:00,1006.6,96.7,0,26.7,5.5,1,0,0,100
2024/7/23 5:15,1006.6,96.8,0,26.8,5.6,22,0,0,100
2024/7/23 5:30,1006.6,97.2,0,26.8,5.6,48,0,0.47,100
2024/7/23 5:45,1006.6,97.2,0,26.9,5.7,73,8,0.97,100
2024/7/23 6:00,1006.6,96.9,0,27,5.7,99,11,1.89,100
2024/7/23 6:15,1006.6,96.5,0,27.1,5.7,126,58,6.4,100
2024/7/23 6:30,1006.6,95.7,0,27.2,5.7,154,57,8.86,100
2024/7/23 6:45,1006.6,95.2,0.2,27.3,5.7,183,127,13.15,100
2024/7/23 7:00,1006.6,93.9,0,27.3,5.7,213,65,11.52,100
2024/7/23 7:15,1006.6,93.9,0.1,27.4,5.7,246,148,19.84,100
2024/7/23 7:30,1006.6,93.2,0,27.6,5.7,280,273,22.36,100
2024/7/23 7:45,1006.6,92.2,0.3,27.9,5.7,317,129,15.47,100
2024/7/23 8:00,1006.6,92.3,0.5,28,5.6,354,289,28.46,100
2024/7/23 8:15,1006.6,92.5,0.4,28.1,5.6,393,444,52.01,100
2024/7/23 8:30,1006.6,91.7,0.3,28.3,5.5,431,683,44.75,100
2024/7/23 8:45,1006.6,90.8,0.1,28.6,5.4,470,424,74.77,100
2024/7/23 9:00,1006.6,90.1,0.1,28.7,5.4,508,683,48.35,100
2024/7/23 9:15,1006.6,88.3,0,29,5.3,543,805,67.7,100
2024/7/23 9:30,1006.6,87.8,0.2,29.1,5.2,577,302,47.57,100
2024/7/23 9:45,1006.6,87.4,0.2,29.3,5.1,606,372,40.32,100
2024/7/23 10:00,1006.6,85.7,0.2,29.6,5.1,633,587,75.06,100
2024/7/23 10:15,1006.6,85.1,0.2,29.7,5.1,657,725,86.15,100
2024/7/23 10:30,1006.6,84.2,0.2,29.9,5.1,678,732,90.71,100
2024/7/23 10:45,1006.6,82.5,0,30.2,5,696,575,99.8,100
2024/7/23 11:00,1006.6,81.1,0,30.4,5,711,946,100,100
2024/7/23 11:15,1006.6,79.9,0.2,30.6,5,723,720,58.62,100
2024/7/23 11:30,1006.6,78.5,0.2,30.8,5,732,773,81.5,100
2024/7/23 11:45,1006.6,78.1,0.2,30.9,4.9,737,417,58.87,100
2024/7/23 12:00,1006.6,77.4,0.1,31,4.9,739,509,60.93,100
2024/7/23 12:15,1006.6,75.4,0,31.2,4.9,739,446,39.97,100
2024/7/23 12:30,1006.6,73.6,0,31.3,4.9,735,235,44.34,100
2024/7/23 12:45,1006.6,72.3,0,31.4,4.9,729,524,89.46,100
2024/7/23 13:00,1006.6,71.8,0,31.5,4.9,720,883,98.35,100
2024/7/23 13:15,1006.6,71.6,0,31.5,4.9,708,667,92.33,100
2024/7/23 13:30,1006.6,71.5,0,31.5,4.9,693,946,96.68,100
2024/7/23 13:45,1006.6,71.3,0,31.6,4.9,676,712,96.21,100
2024/7/23 14:00,1006.6,70.8,0,31.6,4.9,656,624,94.72,100
2024/7/23 14:15,1006.6,71.4,0,31.4,4.8,633,873,55.11,100
2024/7/23 14:30,1006.6,71.4,0,31.4,4.8,608,539,59.91,100
2024/7/23 14:45,1006.6,70.2,0,31.4,4.8,580,753,81.08,100
2024/7/23 15:00,1006.6,71.4,0,31.4,4.7,550,715,84.53,100
2024/7/23 15:15,1006.6,72.9,0,31.3,4.7,518,678,79.35,100
2024/7/23 15:30,1006.6,75,0.2,30.9,4.6,485,636,73.34,100
2024/7/23 15:45,1006.6,76.9,0,30.7,4.5,449,596,67.38,100
2024/7/23 16:00,1006.6,75,0,30.5,4.5,411,556,61.05,100
2024/7/23 16:15,1006.6,74.8,0,30.3,4.4,371,504,54.16,100
2024/7/23 16:30,1006.6,72.3,0,30.4,4.3,331,472,48.43,100
2024/7/23 16:45,1006.6,74.7,0,30.2,4.3,291,396,37.63,100
2024/7/23 17:00,1006.6,76.6,0,30.1,4.2,253,356,26.65,100
2024/7/23 17:15,1006.6,78,0,29.9,4.2,216,316,28.64,100
2024/7/23 17:30,1006.6,78.8,0,29.9,4.1,182,255,21.39,100
2024/7/23 17:45,1006.6,79.5,0,29.8,4.1,151,198,15.19,100
2024/7/23 18:00,1006.6,80.1,0,29.7,4.1,122,140,10.19,100
2024/7/23 18:15,1006.6,81.2,0,29.6,4.1,96,55,5.19,100
2024/7/23 18:30,1006.6,82.6,0,29.5,4,73,60,6.56,100
2024/7/23 18:45,1006.6,84,0,29.4,4,51,21,2.54,100
2024/7/23 19:00,1006.6,85.3,0,29.2,3.9,32,15,1.82,100
2024/7/23 19:15,1006.6,85.9,0,29.2,3.9,13,0,0,100
2024/7/23 19:30,1006.6,86.3,0,29.2,3.9,0,0,0,100
2024/7/23 19:45,1006.6,86.8,0,29.1,3.9,0,0,0,100
2024/7/23 20:00,1006.6,87.6,0,29.1,4,0,0,0,100
2024/7/23 20:15,1006.6,88.4,0,29,4,0,0,0,100
2024/7/23 20:30,1006.6,89.4,0,28.9,4.1,0,0,0,100
2024/7/23 20:45,1006.6,89.6,0,28.8,4.1,0,0,0,100
2024/7/23 21:00,1006.6,89.5,0,28.8,4.2,0,0,0,100
2024/7/23 21:15,1006.6,89.8,0,28.7,4.3,0,0,0,100
2024/7/23 21:30,1006.6,89.6,0,28.7,4.3,0,0,0,100
2024/7/23 21:45,1006.6,89.9,0,28.6,4.4,0,0,0,100
2024/7/23 22:00,1006.6,90,0,28.5,4.5,0,0,0,100
2024/7/23 22:15,1006.6,89.6,0,28.5,4.5,0,0,0,100
2024/7/23 22:30,1006.6,89.5,0,28.5,4.6,0,0,0,100
2024/7/23 22:45,1006.6,89.3,0,28.5,4.6,0,0,0,100
2024/7/23 23:00,1006.6,89.2,0,28.4,4.7,0,0,0,100
2024/7/23 23:15,1006.6,89.1,0,28.4,4.7,0,0,0,100
2024/7/23 23:30,1006.6,89.1,0,28.4,4.7,0,0,0,100
2024/7/23 23:45,1006.6,89.2,0,28.3,4.7,0,0,0,100
2024/7/24 0:00,1006.6,92.2,0,27.4,4.4,0,0,0,100
2024/7/24 0:15,1006.6,91.8,0,27.4,4.4,0,0,0,100
2024/7/24 0:30,1006.6,91.6,0,27.3,4.5,0,0,0,100
2024/7/24 0:45,1006.6,92,0,27.3,4.5,0,0,0,100
2024/7/24 1:00,1006.6,92.4,0,27.2,4.5,0,0,0,100
2024/7/24 1:15,1006.6,91.9,0,27.2,4.4,0,0,0,100
2024/7/24 1:30,1006.6,91.4,0,27.2,4.4,0,0,0,100
2024/7/24 1:45,1006.6,91.4,0,27.2,4.4,0,0,0,100
2024/7/24 2:00,1006.6,91.5,0,27.1,4.4,0,0,0,100
2024/7/24 2:15,1006.6,91.7,0,27,4.4,0,0,0,100
2024/7/24 2:30,1006.6,92.3,0,27,4.4,0,0,0,100
2024/7/24 2:45,1006.6,92.7,0,27,4.4,0,0,0,100
2024/7/24 3:00,1006.6,92.8,0,27,4.4,0,0,0,100
2024/7/24 3:15,1006.6,92.8,0,27,4.4,0,0,0,100
2024/7/24 3:30,1006.6,92.7,0,27,4.4,0,0,0,100
2024/7/24 3:45,1006.6,93,0,27,4.4,0,0,0,100
2024/7/24 4:00,1006.6,93.3,0,26.9,4.4,0,0,0,100
2024/7/24 4:15,1006.6,93.4,0,26.9,4.4,0,0,0,100
2024/7/24 4:30,1006.6,93.5,0,26.9,4.4,0,0,0,100
2024/7/24 4:45,1006.6,94.3,0,26.9,4.4,0,0,0,100
2024/7/24 5:00,1006.6,93.9,0,26.9,4.4,1,0,0,100
2024/7/24 5:15,1006.6,94.1,0,26.9,4.4,25,0,0,100
2024/7/24 5:30,1006.6,94.8,0,26.9,4.4,54,19,1.98,100
2024/7/24 5:45,1006.6,95.7,0,26.9,4.4,84,25,3.28,100
2024/7/24 6:00,1006.6,96.1,0,27,4.4,115,39,4.97,100
2024/7/24 6:15,1006.6,96,0,27.2,4.4,146,71,8.77,100
2024/7/24 6:30,1006.6,95.2,0,27.4,4.4,179,99,13.46,100
2024/7/24 6:45,1006.6,94.4,0,27.6,4.5,212,229,22.19,100
2024/7/24 7:00,1006.6,93.1,0,27.9,4.5,249,173,17.9,100
2024/7/24 7:15,1006.6,92,0,28.1,4.5,287,276,25.1,100
2024/7/24 7:30,1006.6,91.8,0,28.2,4.5,327,434,44.82,100
2024/7/24 7:45,1006.6,91.5,0,28.4,4.5,370,405,26.75,100
2024/7/24 8:00,1006.6,90.5,0,28.7,4.5,414,405,62.57,100
2024/7/24 8:15,1006.6,88.5,0,29,4.5,460,385,25.71,100
2024/7/24 8:30,1006.6,87.4,0,29.2,4.5,506,255,30,100
2024/7/24 8:45,1006.6,86.8,0,29.4,4.5,552,423,64.31,100
2024/7/24 9:00,1006.6,85.9,0,29.6,4.5,597,600,66.77,100
2024/7/24 9:15,1006.6,85.2,0,29.8,4.5,640,377,79.42,100
2024/7/24 9:30,1006.6,83.8,0,30.1,4.5,680,585,51.11,100
2024/7/24 9:45,1006.6,82.6,0,30.4,4.5,716,393,59.09,100
2024/7/24 10:00,1006.6,81.3,0,30.6,4.5,750,405,51.73,100
2024/7/24 10:15,1006.6,80.5,0,30.8,4.5,780,710,85.41,100
2024/7/24 10:30,1006.6,79.9,0,31,4.5,807,408,91.67,100
2024/7/24 10:45,1006.6,79.2,0,31.2,4.5,830,913,66.77,100
2024/7/24 11:00,1006.6,78.3,0,31.4,4.5,850,911,69.44,100
2024/7/24 11:15,1006.6,77.1,0,31.5,4.5,866,959,84,100
2024/7/24 11:30,1006.6,76.2,0,31.6,4.5,879,410,68.21,100
2024/7/24 11:45,1006.7,76,0,31.7,4.5,888,577,73.14,100
2024/7/24 12:00,1006.7,75.6,0,31.9,4.5,893,1015,96.89,100
2024/7/24 12:15,1006.7,74.3,0,32,4.5,895,1128,98.75,100
2024/7/24 12:30,1006.7,74.2,0,32,4.6,893,639,78.76,100
2024/7/24 12:45,1006.7,74.9,0,31.9,4.6,887,789,70.13,100
2024/7/24 13:00,1006.7,74.2,0,32,4.7,879,842,100,100
2024/7/24 13:15,1006.7,73.6,0,32,4.8,868,987,95.16,100
2024/7/24 13:30,1006.7,73.8,0,32,4.9,853,993,99.65,100
2024/7/24 13:45,1006.7,73,0,32.1,4.9,835,875,98.12,100
2024/7/24 14:00,1006.7,72.4,0,32.2,5,814,843,96.07,100
2024/7/24 14:15,1006.7,72.3,0,32.2,5,789,795,94.57,100
2024/7/24 14:30,1006.6,71.9,0,32.3,4.9,760,438,57.44,100
2024/7/24 14:45,1006.7,71.2,0,32.3,4.9,728,607,63.04,100
2024/7/24 15:00,1006.7,70.7,0,32.3,4.9,692,803,31.02,100
2024/7/24 15:15,1006.6,71.9,0,32,4.9,653,93,9.24,100
2024/7/24 15:30,1006.6,73,0,31.5,4.9,611,78,7.35,100
2024/7/24 15:45,1006.6,76.8,0.2,30.9,5,566,51,5.46,100
2024/7/24 16:00,1006.6,78.5,0,30.5,5,517,33,3.66,100
2024/7/24 16:15,1006.6,81.3,0,30.3,5,466,17,1.83,100
2024/7/24 16:30,1006.6,80.3,0,30.1,5,413,18,2.31,100
2024/7/24 16:45,1006.6,79.7,0.3,29.7,5,362,36,3.95,100
2024/7/24 17:00,1006.6,78.3,0,29.7,5,312,43,5.95,100
2024/7/24 17:15,1006.6,75.6,0,29.8,5,265,40,7.58,100
2024/7/24 17:30,1006.6,74.6,0,30,5,221,70,11.96,100
2024/7/24 17:45,1006.6,77.5,0,29.8,5,181,47,7.68,100
2024/7/24 18:00,1006.6,80.3,0,29.6,5,145,30,4.07,100
2024/7/24 18:15,1006.6,83.5,0.2,28.7,5.1,113,17,2.02,100
2024/7/24 18:30,1006.6,84.2,0.2,28.5,5,84,9,1.05,100
2024/7/24 18:45,1006.6,83.3,0.1,28.5,5,59,2,0.53,100
2024/7/24 19:00,1006.6,83.2,0,28.5,4.9,36,2,0.64,100
2024/7/24 19:15,1006.6,83.7,0,28.4,4.9,14,0,0,100
2024/7/24 19:30,1006.6,84.9,0,28.3,4.9,0,0,0,100
2024/7/24 19:45,1006.6,86.7,0,28.1,4.9,0,0,0,100
2024/7/24 20:00,1006.6,87.6,0,28,5,0,0,0,100
2024/7/24 20:15,1006.6,88.7,0,27.9,5.1,0,0,0,100
2024/7/24 20:30,1006.6,89.6,0,27.7,5.2,0,0,0,100
2024/7/24 20:45,1006.6,90.3,0,27.6,5.3,0,0,0,100
2024/7/24 21:00,1006.6,90.8,0,27.5,5.3,0,0,0,100
2024/7/24 21:15,1006.6,91.2,0,27.4,5.3,0,0,0,100
2024/7/24 21:30,1006.6,91.8,0,27.3,5.3,0,0,0,100
2024/7/24 21:45,1006.6,92.2,0,27.3,5.3,0,0,0,100
2024/7/24 22:00,1006.6,92.4,0,27.2,5.3,0,0,0,100
2024/7/24 22:15,1006.6,92.7,0,27.2,5.3,0,0,0,100
2024/7/24 22:30,1006.6,93,0,27.1,5.4,0,0,0,100
2024/7/24 22:45,1006.6,93.4,0,27.1,5.5,0,0,0,100
2024/7/24 23:00,1006.6,94.1,0,27,5.5,0,0,0,100
2024/7/24 23:15,1006.6,94.5,0,27,5.5,0,0,0,100
2024/7/24 23:30,1006.6,94.8,0,26.9,5.6,0,0,0,100
2024/7/24 23:45,1006.6,95.1,0,26.9,5.6,0,0,0,100
2024/7/25 0:00,1006.6,94.5,0,27.2,5.5,0,0,0,100
2024/7/25 0:15,1006.6,95.1,0,27.1,5.6,0,0,0,100
2024/7/25 0:30,1006.6,95.6,0,27.1,5.7,0,0,0,100
2024/7/25 0:45,1006.6,95.9,0,27,5.7,0,0,0,100
2024/7/25 1:00,1006.6,96.1,0,27,5.8,0,0,0,100
2024/7/25 1:15,1006.6,96.2,0,27,5.9,0,0,0,100
2024/7/25 1:30,1006.6,96.3,0,27,6,0,0,0,100
2024/7/25 1:45,1006.6,96.3,0,27,6,0,0,0,100
2024/7/25 2:00,1006.6,96.5,0,27,6.1,0,0,0,100
2024/7/25 2:15,1006.6,96.7,0,26.9,6.1,0,0,0,100
2024/7/25 2:30,1006.6,96.9,0,26.9,6.1,0,0,0,100
2024/7/25 2:45,1006.6,97.2,0,26.8,6.1,0,0,0,100
2024/7/25 3:00,1006.6,97.3,0,26.8,6.1,0,0,0,100
2024/7/25 3:15,1006.6,97.4,0,26.8,6.1,0,0,0,100
2024/7/25 3:30,1006.6,97.4,0,26.7,6.1,0,0,0,100
2024/7/25 3:45,1006.6,97.6,0,26.6,6.2,0,0,0,100
2024/7/25 4:00,1006.6,97.8,0,26.6,6.2,0,0,0,100
2024/7/25 4:15,1006.6,98,0,26.6,6.2,0,0,0,100
2024/7/25 4:30,1006.6,98.1,0,26.5,6.2,0,0,0,100
2024/7/25 4:45,1006.6,98.3,0,26.5,6.3,0,0,0,100
2024/7/25 5:00,1006.6,98.4,0,26.5,6.3,0,0,0,100
2024/7/25 5:15,1006.6,98.5,0,26.4,6.3,24,0,0,100
2024/7/25 5:30,1006.6,98.7,0,26.4,6.3,53,4,0.77,100
2024/7/25 5:45,1006.6,99,0,26.3,6.4,83,12,1.36,100
2024/7/25 6:00,1006.6,99.2,0,26.3,6.4,114,28,2.61,100
2024/7/25 6:15,1006.6,99.3,0,26.3,6.4,145,44,5.64,100
2024/7/25 6:30,1006.6,99.3,0,26.3,6.5,178,49,6.17,100
2024/7/25 6:45,1006.6,99.3,0,26.4,6.5,212,68,7.39,100
2024/7/25 7:00,1006.6,99.1,0,26.5,6.6,248,72,7.33,100
2024/7/25 7:15,1006.6,98.9,0,26.6,6.6,286,83,8.91,100
2024/7/25 7:30,1006.6,98.7,0,26.7,6.7,327,129,12.05,100
2024/7/25 7:45,1006.6,98.2,0,26.8,6.7,370,150,13.15,100
2024/7/25 8:00,1006.6,97.5,0,27,6.7,414,173,20.88,100
2024/7/25 8:15,1006.6,96.8,0,27.1,6.8,460,142,17.02,100
2024/7/25 8:30,1006.6,95.6,0,27.4,6.8,506,258,17.46,100
2024/7/25 8:45,1006.6,94.2,0,27.7,6.8,553,343,33.4,100
2024/7/25 9:00,1006.6,92.7,0,28,6.8,598,278,29.83,100
2024/7/25 9:15,1006.6,91.3,0,28.3,6.9,641,275,34.3,100
2024/7/25 9:30,1006.6,89.9,0,28.5,6.9,681,456,48.86,100
2024/7/25 9:45,1006.6,88.8,0,28.8,6.9,717,544,71.12,100
2024/7/25 10:00,1006.6,87.9,0,29,6.9,751,461,38.31,100
2024/7/25 10:15,1006.6,86.6,0,29.2,6.9,781,358,58.96,100
2024/7/25 10:30,1006.6,85,0,29.5,7,808,514,70.38,100
2024/7/25 10:45,1006.6,83.6,0,29.7,7,831,413,67.35,100
2024/7/25 11:00,1006.6,82.3,0,29.9,7,851,1200,74.11,100
2024/7/25 11:15,1006.6,80.9,0,30.1,7,867,378,78.37,100
2024/7/25 11:30,1006.6,79.5,0,30.3,7,880,447,54.07,100
2024/7/25 11:45,1006.6,78.7,0,30.4,7,888,589,59.12,100
2024/7/25 12:00,1006.6,77.5,0,30.6,7,893,574,62.2,100
2024/7/25 12:15,1006.6,76.6,0,30.7,7,894,485,69.95,100
2024/7/25 12:30,1006.6,75.4,0,30.8,7,891,566,66.47,100
2024/7/25 12:45,1006.6,74.6,0,30.9,7,885,503,61.94,100
2024/7/25 13:00,1006.6,73.6,0,30.9,7,875,698,72.29,100
2024/7/25 13:15,1006.6,73.6,0,30.9,7,862,452,47.42,100
2024/7/25 13:30,1006.6,73.5,0,31,7,845,554,75.51,100
2024/7/25 13:45,1006.6,73.2,0,31,7,825,800,48.46,100
2024/7/25 14:00,1006.6,73.3,0,31,7.1,802,465,68.66,100
2024/7/25 14:15,1006.6,73.4,0,30.9,7.1,775,568,51.79,100
2024/7/25 14:30,1006.6,73.6,0,30.9,7.1,745,743,77.2,100
2024/7/25 14:45,1006.6,73.8,0,30.9,7.1,711,542,77.24,100
2024/7/25 15:00,1006.6,73.5,0,30.9,7,675,512,37.12,100
2024/7/25 15:15,1006.6,73.8,0,30.8,7,636,457,51.87,100
2024/7/25 15:30,1006.6,73.5,0,30.8,7,594,582,39.18,100
2024/7/25 15:45,1006.6,73.1,0,30.7,6.9,550,267,30.75,100
2024/7/25 16:00,1006.6,72.8,0,30.6,6.9,503,349,63.2,100
2024/7/25 16:15,1006.6,72.5,0,30.6,6.8,454,314,31.47,100
2024/7/25 16:30,1006.6,72.5,0,30.4,6.7,405,280,28.9,100
2024/7/25 16:45,1006.6,73.1,0,30.3,6.7,356,166,18.57,100
2024/7/25 17:00,1006.6,73.6,0,30.2,6.6,308,124,14.14,100
2024/7/25 17:15,1006.6,74.1,0,30,6.5,263,104,12.27,100
2024/7/25 17:30,1006.6,75.3,0,29.9,6.4,221,93,11.06,100
2024/7/25 17:45,1006.6,76.9,0,29.7,6.3,182,86,10.52,100
2024/7/25 18:00,1006.6,78.6,0,29.5,6.2,147,71,8.68,100
2024/7/25 18:15,1006.6,80.3,0,29.3,6.1,115,51,6.36,100
2024/7/25 18:30,1006.6,82.1,0,29.1,6.1,86,41,5.08,100
2024/7/25 18:45,1006.6,84,0,28.9,6,61,26,3.14,100
2024/7/25 19:00,1006.6,85.8,0,28.7,5.9,37,12,1.86,100
2024/7/25 19:15,1006.6,87.2,0,28.6,5.8,14,0,0,100
2024/7/25 19:30,1006.6,88.4,0,28.5,5.7,0,0,0,100
2024/7/25 19:45,1006.6,89.4,0,28.3,5.6,0,0,0,100
2024/7/25 20:00,1006.6,90.3,0,28.2,5.5,0,0,0,100
2024/7/25 20:15,1006.6,91.1,0,28.1,5.5,0,0,0,100
2024/7/25 20:30,1006.6,91.9,0,28,5.4,0,0,0,100
2024/7/25 20:45,1006.6,92.6,0,27.9,5.3,0,0,0,100
2024/7/25 21:00,1006.6,93.2,0,27.8,5.3,0,0,0,100
2024/7/25 21:15,1006.6,93.9,0,27.7,5.3,0,0,0,100
2024/7/25 21:30,1006.6,94.6,0,27.6,5.2,0,0,0,100
2024/7/25 21:45,1006.6,95.1,0,27.6,5.2,0,0,0,100
2024/7/25 22:00,1006.6,95.3,0,27.5,5.2,0,0,0,100
2024/7/25 22:15,1006.6,95.3,0,27.4,5.1,0,0,0,100
2024/7/25 22:30,1006.6,95.5,0,27.3,5.1,0,0,0,100
2024/7/25 22:45,1006.6,95.7,0,27.3,5.1,0,0,0,100
2024/7/25 23:00,1006.6,95.9,0,27.2,5.1,0,0,0,100
2024/7/25 23:15,1006.6,96.1,0,27.1,5.1,0,0,0,100
2024/7/25 23:30,1006.6,96.3,0,27.1,5,0,0,0,100
2024/7/25 23:45,1006.6,96.4,0,27.1,5,0,0,0,100
2024/7/26 0:00,1006.6,97.1,0,27.1,5.2,0,0,0,100
2024/7/26 0:15,1006.6,97.1,0,27.1,5.2,0,0,0,100
2024/7/26 0:30,1006.6,97.1,0,27.1,5.1,0,0,0,100
2024/7/26 0:45,1006.6,97.1,0,27.1,5.1,0,0,0,100
2024/7/26 1:00,1006.6,97.1,0,27.1,5.1,0,0,0,100
2024/7/26 1:15,1006.6,97.2,0,27.1,5,0,0,0,100
2024/7/26 1:30,1006.6,97.4,0,27.1,5,0,0,0,100
2024/7/26 1:45,1006.6,97.4,0,27,5,0,0,0,100
2024/7/26 2:00,1006.6,97.5,0,27,4.9,0,0,0,100
2024/7/26 2:15,1006.6,97.5,0,27,4.9,0,0,0,100
2024/7/26 2:30,1006.6,97.6,0,27,4.9,0,0,0,100
2024/7/26 2:45,1006.6,97.6,0,27,4.8,0,0,0,100
2024/7/26 3:00,1006.6,97.6,0,27,4.8,0,0,0,100
2024/7/26 3:15,1006.6,97.6,0,27,4.7,0,0,0,100
2024/7/26 3:30,1006.6,97.5,0,27,4.7,0,0,0,100
2024/7/26 3:45,1006.6,97.6,0,26.9,4.6,0,0,0,100
2024/7/26 4:00,1006.6,97.8,0,26.9,4.6,0,0,0,100
2024/7/26 4:15,1006.6,97.8,0,26.9,4.5,0,0,0,100
2024/7/26 4:30,1006.6,97.9,0,26.9,4.5,0,0,0,100
2024/7/26 4:45,1006.6,97.9,0,26.9,4.5,0,0,0,100
2024/7/26 5:00,1006.6,97.9,0,26.9,4.4,0,0,0,100
2024/7/26 5:15,1006.6,98,0,26.9,4.4,23,0,0,100
2024/7/26 5:30,1006.6,98.1,0,26.9,4.4,54,18,2.35,100
2024/7/26 5:45,1006.6,98.1,0,26.9,4.4,84,41,3.88,100
2024/7/26 6:00,1006.6,98.1,0,26.9,4.4,116,47,5.4,100
2024/7/26 6:15,1006.6,97.9,0,26.9,4.4,148,63,6.7,100
2024/7/26 6:30,1006.6,97.8,0,27,4.4,180,130,15.26,100
2024/7/26 6:45,1006.6,97.6,0,27,4.3,215,185,19.16,100
2024/7/26 7:00,1006.6,97.5,0,27,4.3,250,163,17.56,100
2024/7/26 7:15,1006.6,97.2,0,27.1,4.3,288,190,21.86,100
2024/7/26 7:30,1006.6,96.7,0,27.2,4.2,328,285,31.11,100
2024/7/26 7:45,1006.6,96.1,0,27.3,4.2,370,477,49.72,100
2024/7/26 8:00,1006.6,95.5,0,27.4,4.1,412,525,44.48,100
2024/7/26 8:15,1006.6,94.8,0,27.5,4.1,456,305,31.22,100
2024/7/26 8:30,1006.6,94.1,0,27.6,4,499,288,45.99,100
2024/7/26 8:45,1006.6,93.3,0,27.8,4,542,322,30.59,100
2024/7/26 9:00,1006.6,92.2,0,28,3.9,583,328,57.01,100
2024/7/26 9:15,1006.6,91.3,0,28.1,3.9,622,251,20.45,100
2024/7/26 9:30,1006.6,90.6,0,28.3,3.9,657,126,38.63,100
2024/7/26 9:45,1006.6,89.5,0,28.6,3.8,687,143,54.59,100
2024/7/26 10:00,1006.6,88.2,0,28.8,3.8,713,534,17.32,100
2024/7/26 10:15,1006.6,87.1,0,29,3.8,734,440,56.41,100
2024/7/26 10:30,1006.6,86.1,0,29.1,3.8,752,561,55.97,100
2024/7/26 10:45,1006.6,85.9,0,29.2,3.7,765,425,62.23,100
2024/7/26 11:00,1006.6,85.7,0,29.3,3.7,775,1200,100,100
2024/7/26 11:15,1006.6,84.8,0,29.4,3.7,780,498,36.21,100
2024/7/26 11:30,1006.6,84,0,29.6,3.7,782,1117,80.39,100
2024/7/26 11:45,1006.6,83.3,0,29.7,3.6,780,1063,91.91,100
2024/7/26 12:00,1006.6,82.6,0,29.9,3.6,775,1101,78.96,100
2024/7/26 12:15,1006.6,82.3,0,29.9,3.6,767,1022,62.62,100
2024/7/26 12:30,1006.6,82.8,0,29.7,3.6,757,1115,69.04,100
2024/7/26 12:45,1006.6,82.7,0,29.8,3.6,744,1094,73.68,100
2024/7/26 13:00,1006.6,83,0,29.8,3.7,728,1142,94.77,100
2024/7/26 13:15,1006.6,82.9,0,29.8,3.7,709,1158,81.81,100
2024/7/26 13:30,1006.6,82.4,0,29.9,3.7,688,690,65.92,100
2024/7/26 13:45,1006.6,80.6,0,30,3.8,664,981,59.47,100
2024/7/26 14:00,1006.6,78.5,0,30,3.9,638,386,72.86,100
2024/7/26 14:15,1006.6,79,0,30,3.9,609,959,71.89,100
2024/7/26 14:30,1006.6,80,0.2,30,4,579,563,75.86,100
2024/7/26 14:45,1006.6,79.4,0,30.1,4,548,894,80.43,100
2024/7/26 15:00,1006.6,78.5,0,30.1,4,515,766,71.97,100
2024/7/26 15:15,1006.6,78.6,0,30.2,4.1,481,868,59.73,100
2024/7/26 15:30,1006.6,78.8,0.2,30.1,4.1,447,682,65.89,100
2024/7/26 15:45,1006.6,79.1,0.2,30.1,4.2,412,647,68.15,100
2024/7/26 16:00,1006.6,79.4,0.2,29.9,4.2,375,619,60.6,100
2024/7/26 16:15,1006.6,79.4,0,29.8,4.2,338,110,13.69,100
2024/7/26 16:30,1006.6,80.8,0,29.7,4.2,302,117,15.09,100
2024/7/26 16:45,1006.6,82.7,0,29.8,4.2,265,133,16.06,100
2024/7/26 17:00,1006.6,83.2,0,29.7,4.2,231,142,17.55,100
2024/7/26 17:15,1006.6,83.3,0,29.7,4.2,198,181,22.17,100
2024/7/26 17:30,1006.6,83.6,0,29.5,4.2,167,175,20.5,100
2024/7/26 17:45,1006.6,84.5,0,29.4,4.2,138,85,9.08,100
2024/7/26 18:00,1006.6,85.8,0,29.3,4.2,112,79,7.52,100
2024/7/26 18:15,1006.6,85.7,0,29.2,4.1,88,95,9.18,100
2024/7/26 18:30,1006.6,85.7,0,29.1,4.1,67,47,4.5,100
2024/7/26 18:45,1006.6,86.3,0,29,4.1,47,17,1.66,100
2024/7/26 19:00,1006.6,87.4,0,28.8,4.1,28,4,0.68,100
2024/7/26 19:15,1006.6,88.7,0,28.7,4.1,11,0,0,100
2024/7/26 19:30,1006.6,89.8,0,28.6,4,0,0,0,100
2024/7/26 19:45,1006.6,90.6,0,28.5,4,0,0,0,100
2024/7/26 20:00,1006.6,91,0,28.4,4,0,0,0,100
2024/7/26 20:15,1006.6,91.3,0,28.3,4,0,0,0,100
2024/7/26 20:30,1006.6,91.9,0,28.2,3.9,0,0,0,100
2024/7/26 20:45,1006.6,92.7,0,28.1,3.9,0,0,0,100
2024/7/26 21:00,1006.6,93.2,0,28,3.9,0,0,0,100
2024/7/26 21:15,1006.6,93.5,0,28,3.9,0,0,0,100
2024/7/26 21:30,1006.6,93.4,0,27.9,3.9,0,0,0,100
2024/7/26 21:45,1006.6,93.5,0,27.9,3.9,0,0,0,100
2024/7/26 22:00,1006.6,93.9,0,27.8,3.9,0,0,0,100
2024/7/26 22:15,1006.6,94.2,0,27.8,3.8,0,0,0,100
2024/7/26 22:30,1006.6,94.5,0,27.7,3.8,0,0,0,100
2024/7/26 22:45,1006.6,94.5,0,27.7,3.8,0,0,0,100
2024/7/26 23:00,1006.6,94.6,0,27.7,3.8,0,0,0,100
2024/7/26 23:15,1006.6,94.8,0,27.6,3.8,0,0,0,100
2024/7/26 23:30,1006.6,95.1,0,27.6,3.8,0,0,0,100
2024/7/26 23:45,1006.6,95.2,0,27.5,3.8,0,0,0,100
2024/7/27 0:00,1006.6,95.2,0,27.5,4,0,0,0,100
2024/7/27 0:15,1006.6,95.3,0,27.5,4,0,0,0,100
2024/7/27 0:30,1006.6,95.3,0,27.5,4,0,0,0,100
2024/7/27 0:45,1006.6,95.3,0,27.5,4.1,0,0,0,100
2024/7/27 1:00,1006.6,95.2,0,27.5,4.1,0,0,0,100
2024/7/27 1:15,1006.6,95.4,0,27.5,4.1,0,0,0,100
2024/7/27 1:30,1006.6,95.7,0,27.4,4.1,0,0,0,100
2024/7/27 1:45,1006.6,95.8,0,27.4,4.1,0,0,0,100
2024/7/27 2:00,1006.6,95.8,0,27.4,4.1,0,0,0,100
2024/7/27 2:15,1006.6,95.8,0,27.4,4.2,0,0,0,100
2024/7/27 2:30,1006.6,95.7,0,27.4,4.2,0,0,0,100
2024/7/27 2:45,1006.6,95.5,0,27.5,4.2,0,0,0,100
2024/7/27 3:00,1006.6,95.6,0,27.4,4.2,0,0,0,100
2024/7/27 3:15,1006.6,95.9,0,27.4,4.3,0,0,0,100
2024/7/27 3:30,1006.6,96,0,27.4,4.3,0,0,0,100
2024/7/27 3:45,1006.6,95.7,0,27.4,4.3,0,0,0,100
2024/7/27 4:00,1006.6,95.6,0,27.4,4.4,0,0,0,100
2024/7/27 4:15,1006.6,95.7,0,27.4,4.4,0,0,0,100
2024/7/27 4:30,1006.6,95.6,0,27.4,4.4,0,0,0,100
2024/7/27 4:45,1006.6,95.7,0,27.4,4.5,0,0,0,100
2024/7/27 5:00,1006.6,95.7,0,27.4,4.5,0,0,0,100
2024/7/27 5:15,1006.6,95.7,0,27.4,4.6,21,0,0,100
2024/7/27 5:30,1006.6,95.6,0,27.4,4.6,50,8,1.24,100
2024/7/27 5:45,1006.6,96,0.1,27.4,4.7,80,41,5.29,100
2024/7/27 6:00,1006.6,95.9,0.2,27.4,4.8,110,34,4.31,100
2024/7/27 6:15,1006.6,96,0.1,27.4,4.9,141,37,4.29,100
2024/7/27 6:30,1006.6,96.1,0.2,27.4,4.9,172,37,3.94,100
2024/7/27 6:45,1006.6,96.4,0.2,27.4,5,205,22,2.91,100
2024/7/27 7:00,1006.6,96.5,0.1,27.4,5.1,239,30,3.76,100
2024/7/27 7:15,1006.6,96,0.2,27.4,5.2,274,30,4.77,100
2024/7/27 7:30,1006.6,95.2,0,27.5,5.3,312,53,6.84,100
2024/7/27 7:45,1006.6,94.8,0.1,27.6,5.4,350,68,7.82,100
2024/7/27 8:00,1006.6,94.9,0.2,27.6,5.5,390,72,6.85,100
2024/7/27 8:15,1006.6,94.9,0.3,27.6,5.6,430,131,16.31,100
2024/7/27 8:30,1006.6,94.2,0.1,27.8,5.7,470,135,12.33,100
2024/7/27 8:45,1006.6,93.3,0,27.9,5.8,509,214,24.93,100
2024/7/27 9:00,1006.7,92.6,0,28.1,5.8,546,181,14.82,100
2024/7/27 9:15,1006.7,91.8,0,28.2,5.9,580,179,13.85,100
2024/7/27 9:30,1006.7,91.2,0,28.3,6,610,124,32.89,100
2024/7/27 9:45,1006.7,91.2,0,28.4,6.1,635,234,33.65,100
2024/7/27 10:00,1006.7,90.8,0,28.5,6.1,656,296,33.39,100
2024/7/27 10:15,1006.7,90.3,0,28.6,6.2,673,237,31.05,100
2024/7/27 10:30,1006.7,89.5,0,28.8,6.2,685,243,32.77,100
2024/7/27 10:45,1006.7,88.7,0,28.9,6.2,693,337,47.19,100
2024/7/27 11:00,1006.7,87.9,0,29.1,6.3,697,402,53.88,100
2024/7/27 11:15,1006.7,87.6,0,29.1,6.3,696,316,40.13,100
2024/7/27 11:30,1006.7,87.2,0,29.2,6.3,693,269,34.45,100
2024/7/27 11:45,1006.7,87.1,0,29.2,6.3,685,202,21.36,100
2024/7/27 12:00,1006.7,87.3,0,29.2,6.2,675,149,17.57,100
2024/7/27 12:15,1006.7,86.9,0,29.3,6.2,662,108,14.59,100
2024/7/27 12:30,1006.7,86.6,0,29.3,6.2,646,106,14.15,100
2024/7/27 12:45,1006.7,87.2,0,29.3,6.2,628,84,10.56,100
2024/7/27 13:00,1006.7,87.3,0,29.3,6.2,606,93,12.5,100
2024/7/27 13:15,1006.7,87.1,0,29.4,6.2,581,84,13.06,100
2024/7/27 13:30,1006.7,86.7,0,29.4,6.3,553,121,16.3,100
2024/7/27 13:45,1006.7,86.1,0,29.5,6.3,523,161,24.31,100
2024/7/27 14:00,1006.7,86.1,0,29.5,6.3,491,200,27.71,100
2024/7/27 14:15,1006.7,87.1,0.2,29.4,6.3,459,139,21.77,100
2024/7/27 14:30,1006.7,86.9,0,29.5,6.3,426,193,25.97,100
2024/7/27 14:45,1006.7,86,0,29.6,6.3,394,184,24.31,100
2024/7/27 15:00,1006.7,85.9,0.2,29.5,6.3,363,83,15.67,100
2024/7/27 15:15,1006.7,86,0.1,29.4,6.3,334,102,13.45,100
2024/7/27 15:30,1006.7,84.6,0,29.6,6.3,306,91,11.65,100
2024/7/27 15:45,1006.7,83.9,0,29.6,6.4,280,122,10.19,100
2024/7/27 16:00,1006.7,84.6,0,29.4,6.4,256,83,11.18,100
2024/7/27 16:15,1006.7,85.6,0.1,29.3,6.4,232,114,13.43,100
2024/7/27 16:30,1006.7,86.3,0,29.2,6.4,210,61,7.34,100
2024/7/27 16:45,1006.7,86.6,0,29.1,6.4,188,59,7.57,100
2024/7/27 17:00,1006.7,86.8,0,29,6.5,167,101,13.85,100
2024/7/27 17:15,1006.7,87.1,0,28.9,6.5,147,81,7.09,100
2024/7/27 17:30,1006.7,87.8,0,28.8,6.5,128,38,6.03,100
2024/7/27 17:45,1006.7,88.5,0,28.6,6.6,109,25,3.32,100
2024/7/27 18:00,1006.7,89.2,0,28.5,6.6,91,11,1.84,100
2024/7/27 18:15,1006.6,89.7,0,28.4,6.6,74,6,1.1,100
2024/7/27 18:30,1006.6,90.2,0,28.3,6.6,57,6,0.78,100
2024/7/27 18:45,1006.6,90.7,0,28.2,6.7,40,1,0.26,100
2024/7/27 19:00,1006.6,91,0,28.2,6.7,25,0,0,100
2024/7/27 19:15,1006.6,91.4,0,28.1,6.7,9,0,0,100
2024/7/27 19:30,1006.6,91.7,0,28,6.7,0,0,0,100
2024/7/27 19:45,1006.6,91.9,0,28,6.7,0,0,0,100
2024/7/27 20:00,1006.6,92.1,0,27.9,6.7,0,0,0,100
2024/7/27 20:15,1006.6,92.3,0,27.9,6.7,0,0,0,100
2024/7/27 20:30,1006.6,92.3,0,27.8,6.8,0,0,0,100
2024/7/27 20:45,1006.6,92.4,0,27.8,6.8,0,0,0,100
2024/7/27 21:00,1006.6,92.4,0,27.8,6.8,0,0,0,100
2024/7/27 21:15,1006.6,92.5,0,27.8,6.9,0,0,0,100
2024/7/27 21:30,1006.6,92.6,0,27.8,6.9,0,0,0,100
2024/7/27 21:45,1006.6,92.7,0,27.7,7,0,0,0,100
2024/7/27 22:00,1006.6,92.8,0,27.7,7,0,0,0,100
2024/7/27 22:15,1006.6,92.8,0,27.7,7.1,0,0,0,100
2024/7/27 22:30,1006.6,92.9,0,27.7,7.1,0,0,0,100
2024/7/27 22:45,1006.6,93.1,0,27.7,7.1,0,0,0,100
2024/7/27 23:00,1006.6,93.3,0,27.7,7.2,0,0,0,100
2024/7/27 23:15,1006.6,93.5,0,27.6,7.2,0,0,0,100
2024/7/27 23:30,1006.6,93.6,0,27.6,7.3,0,0,0,100
2024/7/27 23:45,1006.6,93.7,0,27.6,7.3,0,0,0,100
2024/7/28 0:00,1006.6,97.4,0,27.2,6.9,0,0,0,100
2024/7/28 0:15,1006.6,97.8,0,27.2,6.8,0,0,0,100
2024/7/28 0:30,1006.6,98.2,0.2,27.2,6.8,0,0,0,100
2024/7/28 0:45,1006.6,98.1,0.1,27.2,6.8,0,0,0,100
2024/7/28 1:00,1006.6,97.8,0.3,27.2,6.8,0,0,0,100
2024/7/28 1:15,1006.6,97.7,0,27.2,6.7,0,0,0,100
2024/7/28 1:30,1006.6,97.7,0,27.2,6.7,0,0,0,100
2024/7/28 1:45,1006.6,97.7,0,27.2,6.7,0,0,0,100
2024/7/28 2:00,1006.6,97.7,0,27.2,6.7,0,0,0,100
2024/7/28 2:15,1006.6,97.6,0,27.2,6.7,0,0,0,100
2024/7/28 2:30,1006.6,97.5,0,27.2,6.7,0,0,0,100
2024/7/28 2:45,1006.6,97.5,0,27.2,6.7,0,0,0,100
2024/7/28 3:00,1006.6,97.4,0,27.2,6.7,0,0,0,100
2024/7/28 3:15,1006.6,97.4,0,27.2,6.7,0,0,0,100
2024/7/28 3:30,1006.6,97.5,0,27.2,6.7,0,0,0,100
2024/7/28 3:45,1006.6,97.7,0,27.2,6.7,0,0,0,100
2024/7/28 4:00,1006.6,97.8,0,27.2,6.7,0,0,0,100
2024/7/28 4:15,1006.6,97.7,0,27.2,6.7,0,0,0,100
2024/7/28 4:30,1006.6,97.7,0,27.2,6.6,0,0,0,100
2024/7/28 4:45,1006.6,97.7,0,27.2,6.6,0,0,0,100
2024/7/28 5:00,1006.6,97.7,0,27.2,6.6,0,0,0,100
2024/7/28 5:15,1006.6,97.7,0,27.1,6.6,20,0,0,100
2024/7/28 5:30,1006.6,97.6,0,27.1,6.6,49,2,0,100
2024/7/28 5:45,1006.6,97.6,0,27.1,6.6,78,2,0.37,100
2024/7/28 6:00,1006.6,97.4,0,27.2,6.6,108,5,0.71,100
2024/7/28 6:15,1006.6,97.1,0,27.2,6.6,139,5,0.72,100
2024/7/28 6:30,1006.6,96.8,0,27.3,6.6,171,14,1.71,100
2024/7/28 6:45,1006.6,96.4,0,27.3,6.7,204,10,1.12,100
2024/7/28 7:00,1006.6,96.2,0,27.4,6.7,240,11,0.8,100
2024/7/28 7:15,1006.6,95.9,0,27.4,6.7,277,3,0.34,100
2024/7/28 7:30,1006.6,95.6,0,27.5,6.7,318,5,0.85,100
2024/7/28 7:45,1006.6,95,0,27.6,6.7,360,13,3.54,100
2024/7/28 8:00,1006.6,94.3,0,27.7,6.7,404,21,2.58,100
2024/7/28 8:15,1006.6,93.6,0,27.9,6.7,449,42,5.22,100
2024/7/28 8:30,1006.6,92.6,0,28,6.7,495,31,9.08,100
2024/7/28 8:45,1006.6,91.5,0,28.2,6.7,540,32,12.27,100
2024/7/28 9:00,1006.6,90.7,0,28.4,6.7,583,126,9.42,100
2024/7/28 9:15,1006.6,89.2,0,28.6,6.7,624,36,11.7,100
2024/7/28 9:30,1006.6,87.6,0,28.9,6.6,661,165,20.31,100
2024/7/28 9:45,1006.6,86.4,0,29.1,6.6,693,180,22.4,100
2024/7/28 10:00,1006.6,85.3,0,29.2,6.6,720,158,19.54,100
2024/7/28 10:15,1006.6,84.1,0,29.4,6.6,743,185,23.13,100
2024/7/28 10:30,1006.6,82.9,0,29.6,6.5,761,220,28.49,100
2024/7/28 10:45,1006.7,82.1,0,29.8,6.5,774,305,40.03,100
2024/7/28 11:00,1006.7,81.3,0,29.9,6.4,784,369,45.3,100
2024/7/28 11:15,1006.7,80.5,0,29.9,6.4,789,363,45.69,100
2024/7/28 11:30,1006.7,79.4,0,30.2,6.3,791,426,55.03,100
2024/7/28 11:45,1006.7,79.1,0,30.3,6.2,790,491,65.76,100
2024/7/28 12:00,1006.7,77.6,0,30.4,6.1,786,562,73.57,100
2024/7/28 12:15,1006.7,76.5,0,30.5,5.9,780,421,49.82,100
2024/7/28 12:30,1006.7,75.9,0,30.6,5.8,772,389,50.29,100
2024/7/28 12:45,1006.7,74.3,0,30.8,5.7,763,517,59.19,100
2024/7/28 13:00,1006.7,73.1,0,30.9,5.6,752,442,51.8,100
2024/7/28 13:15,1006.7,72.6,0,31,5.5,739,411,43.91,100
2024/7/28 13:30,1006.7,73.3,0,31.1,5.4,724,389,45.72,100
2024/7/28 13:45,1006.7,74.9,0,31,5.3,706,410,45.37,100
2024/7/28 14:00,1006.7,75.6,0,30.9,5.2,687,575,54.32,100
2024/7/28 14:15,1006.7,76.3,0,30.9,5.2,664,186,13.97,100
2024/7/28 14:30,1006.7,77.2,0,30.8,5.1,639,119,12.1,100
2024/7/28 14:45,1006.7,76.9,0,30.8,5,612,62,5.68,100
2024/7/28 15:00,1006.7,76.8,0,30.7,5,581,27,4.77,100
2024/7/28 15:15,1006.7,77.8,0,30.6,4.9,549,80,5.5,100
2024/7/28 15:30,1006.7,79.8,0,30.5,4.8,514,99,12.48,100
2024/7/28 15:45,1006.7,80,0,30.5,4.7,477,65,18.27,100
2024/7/28 16:00,1006.7,81.9,0.2,30.4,4.6,437,50,6.14,100
2024/7/28 16:15,1006.7,83.1,0,30.1,4.5,396,107,11.54,100
2024/7/28 16:30,1006.7,84.5,0.2,29.9,4.4,354,35,7.52,100
2024/7/28 16:45,1006.6,84.1,0.2,29.7,4.4,312,60,7.03,100
2024/7/28 17:00,1006.6,86.1,0.3,29.4,4.3,272,44,8.38,100
2024/7/28 17:15,1006.6,90,0.1,29,4.3,233,31,2.08,100
2024/7/28 17:30,1006.6,89.8,0.1,29.1,4.3,197,5,0.67,100
2024/7/28 17:45,1006.6,89.7,0,29,4.2,163,15,2.97,100
2024/7/28 18:00,1006.6,90,0.1,29,4.2,132,20,1.94,100
2024/7/28 18:15,1006.6,90.9,0.4,28.8,4.2,104,3,1.04,100
2024/7/28 18:30,1006.6,93.1,0.1,28.6,4.2,78,3,1.12,100
2024/7/28 18:45,1006.6,93.9,0.3,28.6,4.2,55,6,0.46,100
2024/7/28 19:00,1006.6,93.9,0.3,28.5,4.2,33,0,0,100
2024/7/28 19:15,1006.6,94,0,28.4,4.2,12,0,0,100
2024/7/28 19:30,1006.6,93.8,0,28.3,4.2,0,0,0,100
2024/7/28 19:45,1006.6,94.6,0.3,28.2,4.2,0,0,0,100
2024/7/28 20:00,1006.6,94.5,0.1,28.2,4.1,0,0,0,100
2024/7/28 20:15,1006.6,95,0,28.1,4.1,0,0,0,100
2024/7/28 20:30,1006.6,95.7,0.3,28.1,4.1,0,0,0,100
2024/7/28 20:45,1006.6,96.3,0,28,4,0,0,0,100
2024/7/28 21:00,1006.6,96.5,0,27.9,4,0,0,0,100
2024/7/28 21:15,1006.6,96.8,0,27.8,4.1,0,0,0,100
2024/7/28 21:30,1006.6,96.9,0,27.8,4.1,0,0,0,100
2024/7/28 21:45,1006.6,96.9,0,27.7,4.2,0,0,0,100
2024/7/28 22:00,1006.6,97.4,0.6,27.6,4.2,0,0,0,100
2024/7/28 22:15,1006.6,98,0.3,27.6,4.2,0,0,0,100
2024/7/28 22:30,1006.6,97.8,0.1,27.5,4.2,0,0,0,100
2024/7/28 22:45,1006.6,98,0.2,27.5,4.2,0,0,0,100
2024/7/28 23:00,1006.6,97.9,0,27.5,4.2,0,0,0,100
2024/7/28 23:15,1006.6,98.2,0,27.5,4.2,0,0,0,100
2024/7/28 23:30,1006.6,97.9,0,27.5,4.2,0,0,0,100
2024/7/28 23:45,1006.6,97.3,0,27.5,4.2,0,0,0,100
2024/7/29 0:00,1006.6,98.8,0,27.2,2.7,0,0,0,100
2024/7/29 0:15,1006.6,98.7,0,27.2,2.8,0,0,0,100
2024/7/29 0:30,1006.6,98.3,0,27.3,2.9,0,0,0,100
2024/7/29 0:45,1006.6,98,0,27.2,3,0,0,0,100
2024/7/29 1:00,1006.6,97.9,0,27.2,3.1,0,0,0,100
2024/7/29 1:15,1006.6,98.1,0,27.2,3.2,0,0,0,100
2024/7/29 1:30,1006.6,98.2,0,27.2,3.3,0,0,0,100
2024/7/29 1:45,1006.6,98.2,0,27.2,3.4,0,0,0,100
2024/7/29 2:00,1006.6,98.2,0,27.1,3.5,0,0,0,100
2024/7/29 2:15,1006.6,98.4,0,27.1,3.6,0,0,0,100
2024/7/29 2:30,1006.6,98.4,0,27.1,3.7,0,0,0,100
2024/7/29 2:45,1006.6,98.4,0,27.1,3.8,0,0,0,100
2024/7/29 3:00,1006.6,98.4,0,27.1,3.8,0,0,0,100
2024/7/29 3:15,1006.6,98.5,0,27.1,3.9,0,0,0,100
2024/7/29 3:30,1006.6,98.6,0,27.1,3.9,0,0,0,100
2024/7/29 3:45,1006.6,98.8,0,27,3.9,0,0,0,100
2024/7/29 4:00,1006.6,98.9,0,27,3.9,0,0,0,100
2024/7/29 4:15,1006.6,99.2,0,27,3.9,0,0,0,100
2024/7/29 4:30,1006.6,99.4,0,27,3.9,0,0,0,100
2024/7/29 4:45,1006.6,99.6,0,26.9,3.9,0,0,0,100
2024/7/29 5:00,1006.6,99.7,0,26.9,3.9,0,0,0,100
2024/7/29 5:15,1006.6,99.8,0,26.8,3.9,18,0,0,100
2024/7/29 5:30,1006.6,99.9,0,26.8,3.9,48,30,3.2,100
2024/7/29 5:45,1006.6,100,0,26.7,3.9,77,45,2.89,100
2024/7/29 6:00,1006.6,100,0,26.7,3.8,107,48,5.35,100
2024/7/29 6:15,1006.6,100,0,26.8,3.8,137,110,11.86,100
2024/7/29 6:30,1006.6,100,0,26.9,3.7,168,99,11.71,100
2024/7/29 6:45,1006.6,99.9,0,27,3.6,200,131,13.89,100
2024/7/29 7:00,1006.6,99.7,0,27.2,3.6,233,134,14.64,100
2024/7/29 7:15,1006.6,98.6,0,27.5,3.5,268,385,37.17,100
2024/7/29 7:30,1006.6,96.5,0,27.8,3.4,303,198,19.98,100
2024/7/29 7:45,1006.7,94.5,0,28.2,3.3,340,209,28.42,100
2024/7/29 8:00,1006.7,92.6,0,28.5,3.3,377,357,34.38,100
2024/7/29 8:15,1006.7,90.7,0,28.9,3.2,415,569,64.51,100
2024/7/29 8:30,1006.7,89,0,29.3,3.2,453,415,39.3,100
2024/7/29 8:45,1006.7,86.9,0,29.6,3.1,490,690,71.98,100
2024/7/29 9:00,1006.7,85,0,30,3.1,527,648,74.18,100
2024/7/29 9:15,1006.7,83.6,0,30.3,3,561,667,78.63,100
2024/7/29 9:30,1006.7,82.5,0,30.4,3,593,701,83.57,100
2024/7/29 9:45,1006.7,81.3,0,30.5,3,622,715,80.33,100
2024/7/29 10:00,1006.7,80.8,0,30.5,3,650,779,86.87,100
2024/7/29 10:15,1006.7,80.9,0,30.4,3,674,717,93.97,100
2024/7/29 10:30,1006.7,82.1,0,30.2,3,697,841,93.62,100
2024/7/29 10:45,1006.7,83,0,30.1,2.9,717,869,95.93,100
2024/7/29 11:00,1006.7,82.9,0,30.1,2.9,733,925,91.71,100
2024/7/29 11:15,1006.7,82.7,0,30.1,2.9,747,912,95.12,100
2024/7/29 11:30,1006.7,82.2,0,30.1,2.9,757,802,71.02,100
2024/7/29 11:45,1006.7,81.9,0,30.1,2.9,764,956,69.57,100
2024/7/29 12:00,1006.7,81.7,0,30.1,2.9,767,976,99.21,100
2024/7/29 12:15,1006.7,81.6,0,30.1,2.9,766,941,99.05,100
2024/7/29 12:30,1006.7,81.7,0,30,2.9,762,971,70.86,100
2024/7/29 12:45,1006.7,81.8,0,29.9,2.9,753,909,84.37,100
2024/7/29 13:00,1006.7,81.4,0,29.9,2.8,741,1031,68.91,100
2024/7/29 13:15,1006.7,80.8,0,30,2.8,725,256,51.04,100
2024/7/29 13:30,1006.7,78.8,0,30.3,2.8,706,1036,34.65,100
2024/7/29 13:45,1006.7,78,0,30.4,2.7,684,220,38.41,100
2024/7/29 14:00,1006.7,78.7,0,30.3,2.7,659,453,38.15,100
2024/7/29 14:15,1006.7,82.5,0,29.8,2.7,631,288,54.67,100
2024/7/29 14:30,1006.7,81.6,0,30,2.7,601,268,53.84,100
2024/7/29 14:45,1006.7,81,0,30.1,2.8,569,693,55.41,100
2024/7/29 15:00,1006.7,80.7,0.2,30.1,2.8,535,330,48.11,100
2024/7/29 15:15,1006.7,79.2,0,30.4,2.9,500,766,80.75,100
2024/7/29 15:30,1006.7,78.4,0,30.8,3,463,354,72.69,100
2024/7/29 15:45,1006.7,77.4,0,31.1,3,426,608,58.84,100
2024/7/29 16:00,1006.7,80.5,0,31,3,387,244,19.35,100
2024/7/29 16:15,1006.7,79.6,0,31.2,3.1,346,528,34.54,100
2024/7/29 16:30,1006.7,77.6,0,31.5,3.1,306,164,33.63,100
2024/7/29 16:45,1006.7,76.6,0,31.5,3.2,266,228,27.46,100
2024/7/29 17:00,1006.7,76.2,0,31.5,3.2,229,329,23.06,100
2024/7/29 17:15,1006.7,76,0,31.4,3.2,193,309,27.58,100
2024/7/29 17:30,1006.7,76.3,0,31.3,3.3,160,260,23.2,100
2024/7/29 17:45,1006.7,76.8,0,31.1,3.3,131,177,13.93,100
2024/7/29 18:00,1006.7,78.7,0,30.7,3.4,104,130,9.71,100
2024/7/29 18:15,1006.7,81.1,0,30.4,3.4,80,49,4.42,100
2024/7/29 18:30,1006.7,83.8,0,30.1,3.5,59,23,2.47,100
2024/7/29 18:45,1006.7,85.3,0,29.8,3.7,41,15,1.68,100
2024/7/29 19:00,1006.7,86.1,0,29.8,3.8,24,0,0,100
2024/7/29 19:15,1006.7,87.8,0,29.6,3.9,8,0,0,100
2024/7/29 19:30,1006.7,88.6,0,29.5,4,0,0,0,100
2024/7/29 19:45,1006.7,88.5,0,29.3,4.2,0,0,0,100
2024/7/29 20:00,1006.7,89.8,0,29.2,4.3,0,0,0,100
2024/7/29 20:15,1006.7,91.1,0,29,4.4,0,0,0,100
2024/7/29 20:30,1006.7,91.3,0,28.9,4.5,0,0,0,100
2024/7/29 20:45,1006.7,91.9,0,28.9,4.5,0,0,0,100
2024/7/29 21:00,1006.7,92.5,0,28.8,4.5,0,0,0,100
2024/7/29 21:15,1006.7,92.4,0,28.7,4.6,0,0,0,100
2024/7/29 21:30,1006.7,91.6,0,28.7,4.6,0,0,0,100
2024/7/29 21:45,1006.7,90.7,0,28.6,4.6,0,0,0,100
2024/7/29 22:00,1006.7,90.1,0,28.5,4.7,0,0,0,100
2024/7/29 22:15,1006.6,89.7,0,28.4,4.7,0,0,0,100
2024/7/29 22:30,1006.6,89.8,0,28.3,4.8,0,0,0,100
2024/7/29 22:45,1006.6,90.1,0,28.2,4.8,0,0,0,100
2024/7/29 23:00,1006.6,90.3,0,28.1,4.8,0,0,0,100
2024/7/29 23:15,1006.6,90.5,0,28,4.9,0,0,0,100
2024/7/29 23:30,1006.6,90.8,0,27.9,4.9,0,0,0,100
2024/7/29 23:45,1006.6,91.2,0,27.8,4.9,0,0,0,100
2024/7/30 0:00,1006.6,92.7,0,27.7,4.8,0,0,0,100
2024/7/30 0:15,1006.6,93,0,27.6,4.9,0,0,0,100
2024/7/30 0:30,1006.6,93.3,0,27.5,4.9,0,0,0,100
2024/7/30 0:45,1006.6,93.7,0,27.5,4.8,0,0,0,100
2024/7/30 1:00,1006.6,94,0,27.4,4.8,0,0,0,100
2024/7/30 1:15,1006.6,94.3,0,27.3,4.8,0,0,0,100
2024/7/30 1:30,1006.6,94.6,0,27.3,4.8,0,0,0,100
2024/7/30 1:45,1006.6,94.9,0,27.2,4.8,0,0,0,100
2024/7/30 2:00,1006.6,95.1,0,27.2,4.8,0,0,0,100
2024/7/30 2:15,1006.6,95.4,0,27.1,4.7,0,0,0,100
2024/7/30 2:30,1006.6,95.6,0,27.1,4.7,0,0,0,100
2024/7/30 2:45,1006.6,95.7,0,27,4.7,0,0,0,100
2024/7/30 3:00,1006.6,95.9,0,27,4.6,0,0,0,100
2024/7/30 3:15,1006.6,96.1,0,26.9,4.6,0,0,0,100
2024/7/30 3:30,1006.6,96.3,0,26.9,4.6,0,0,0,100
2024/7/30 3:45,1006.6,96.6,0,26.9,4.5,0,0,0,100
2024/7/30 4:00,1006.6,96.9,0,26.8,4.5,0,0,0,100
2024/7/30 4:15,1006.6,97.2,0,26.8,4.5,0,0,0,100
2024/7/30 4:30,1006.6,97.4,0,26.8,4.5,0,0,0,100
2024/7/30 4:45,1006.6,97.6,0,26.8,4.5,0,0,0,100
2024/7/30 5:00,1006.6,97.9,0,26.7,4.5,0,0,0,100
2024/7/30 5:15,1006.6,98.2,0,26.7,4.5,5,0,0,100
2024/7/30 5:30,1006.6,98.4,0,26.7,4.5,14,16,1.64,100
2024/7/30 5:45,1006.6,98.5,0,26.7,4.5,23,36,2.95,100
2024/7/30 6:00,1006.6,98.4,0,26.8,4.5,32,63,4.41,100
2024/7/30 6:15,1006.6,98,0,26.9,4.5,41,105,7.9,100
2024/7/30 6:30,1006.6,97.5,0,27.1,4.5,50,118,10.24,100
2024/7/30 6:45,1006.6,96.8,0,27.3,4.6,58,187,19.95,100
2024/7/30 7:00,1006.6,96,0,27.6,4.6,65,292,23.8,100
2024/7/30 7:15,1006.6,95.2,0,27.7,4.6,70,336,28.24,100
2024/7/30 7:30,1006.6,94,0,28,4.7,74,415,34.88,100
2024/7/30 7:45,1006.6,92.4,0,28.4,4.7,77,452,24.06,100
2024/7/30 8:00,1006.6,90.8,0,28.7,4.8,78,493,45.39,100
2024/7/30 8:15,1006.7,89,0,29,4.8,78,519,56.61,100
2024/7/30 8:30,1006.7,86.9,0,29.3,4.9,79,548,61.42,100
2024/7/30 8:45,1006.7,84.8,0,29.6,5,80,580,64.42,100
2024/7/30 9:00,1006.7,82.9,0,29.9,5.1,83,552,69.03,100
2024/7/30 9:15,1006.7,81.3,0,30.2,5.2,87,697,81.15,100
2024/7/30 9:30,1006.7,79.4,0,30.4,5.2,95,748,87.29,100
2024/7/30 9:45,1006.7,77.5,0,30.7,5.3,108,790,93.38,100
2024/7/30 10:00,1006.7,75.2,0,30.9,5.4,126,824,96.92,100
2024/7/30 10:15,1006.7,73.6,0,31.1,5.5,149,845,99.07,100
2024/7/30 10:30,1006.7,71.9,0,31.3,5.6,177,871,99.4,100
2024/7/30 10:45,1006.7,70.5,0,31.5,5.7,208,925,99.61,100
2024/7/30 11:00,1006.7,69.6,0,31.6,5.8,241,945,99.79,100
2024/7/30 11:15,1006.7,68.2,0,31.8,5.9,276,969,99.81,100
2024/7/30 11:30,1006.7,65.1,0,31.9,6,309,985,98.92,100
2024/7/30 11:45,1006.7,63.5,0,32,6,341,978,98.89,100
2024/7/30 12:00,1006.7,63.1,0,32.1,6.1,369,1009,73.72,100
2024/7/30 12:15,1006.7,63,0,32.2,6.2,393,1048,77.67,100
2024/7/30 12:30,1006.7,62.1,0,32.3,6.3,409,1055,86.41,100
2024/7/30 12:45,1006.7,61.1,0,32.3,6.3,419,231,91.53,100
2024/7/30 13:00,1006.7,60.9,0,32.4,6.4,424,1001,93.94,100
2024/7/30 13:15,1006.7,60.7,0,32.4,6.4,423,1006,100,100
2024/7/30 13:30,1006.7,60.5,0,32.5,6.4,419,934,88.18,100
2024/7/30 13:45,1006.7,60.5,0,32.5,6.5,411,556,66.1,100
2024/7/30 14:00,1006.7,60.8,0,32.5,6.5,400,867,47.41,100
2024/7/30 14:15,1006.7,61.2,0,32.6,6.5,386,856,82.82,100
2024/7/30 14:30,1006.7,61,0,32.6,6.5,370,819,60.67,100
2024/7/30 14:45,1006.7,60.5,0,32.6,6.4,353,360,52.46,100
2024/7/30 15:00,1006.7,60.2,0,32.6,6.4,334,751,70.82,100
2024/7/30 15:15,1006.7,60.6,0,32.6,6.3,314,694,50.24,100
2024/7/30 15:30,1006.7,61.1,0,32.6,6.3,295,618,77.03,100
2024/7/30 15:45,1006.7,61.5,0,32.6,6.2,275,625,51.09,100
2024/7/30 16:00,1006.7,63.3,0,32.5,6.1,254,575,57.76,100
2024/7/30 16:15,1006.7,65.2,0,32.4,6.1,231,509,51.74,100
2024/7/30 16:30,1006.7,65.7,0,32.3,6,209,545,50.52,100
2024/7/30 16:45,1006.7,66.9,0,32.2,6,186,136,45.18,100
2024/7/30 17:00,1006.7,68,0,32.1,5.9,163,357,36.98,100
2024/7/30 17:15,1006.7,69.7,0,32,5.9,141,134,30.75,100
2024/7/30 17:30,1006.7,71.3,0,31.6,5.9,121,147,23.1,100
2024/7/30 17:45,1006.7,71.6,0,31.5,5.8,101,234,15.21,100
2024/7/30 18:00,1006.7,73,0,31.4,5.8,83,63,6.99,100
2024/7/30 18:15,1006.7,72.7,0,31.1,5.8,65,57,5.66,100
2024/7/30 18:30,1006.7,73.8,0,30.8,5.8,50,50,4.31,100
2024/7/30 18:45,1006.7,77.9,0,30.4,5.7,35,25,2.59,100
2024/7/30 19:00,1006.6,80,0,30.1,5.7,20,0,0,100
2024/7/30 19:15,1006.6,81.5,0,29.7,5.7,7,0,0,100
2024/7/30 19:30,1006.6,83.1,0,29.4,5.7,0,0,0,100
2024/7/30 19:45,1006.6,83.9,0,29.2,5.7,0,0,0,100
2024/7/30 20:00,1006.6,83.8,0,28.9,5.7,0,0,0,100
2024/7/30 20:15,1006.6,83.9,0,28.7,5.8,0,0,0,100
2024/7/30 20:30,1006.6,84.1,0,28.5,5.8,0,0,0,100
2024/7/30 20:45,1006.6,84.2,0,28.3,5.8,0,0,0,100
2024/7/30 21:00,1006.6,84.6,0,28.2,5.8,0,0,0,100
2024/7/30 21:15,1006.6,85.1,0,28,5.9,0,0,0,100
2024/7/30 21:30,1006.6,85.8,0,27.9,5.9,0,0,0,100
2024/7/30 21:45,1006.6,86.6,0,27.7,5.9,0,0,0,100
2024/7/30 22:00,1006.6,87.4,0,27.6,6,0,0,0,100
2024/7/30 22:15,1006.6,88.1,0,27.5,6,0,0,0,100
2024/7/30 22:30,1006.6,88.8,0,27.4,6,0,0,0,100
2024/7/30 22:45,1006.6,89.5,0,27.3,6,0,0,0,100
2024/7/30 23:00,1006.6,90.1,0,27.3,6.1,0,0,0,100
2024/7/30 23:15,1006.6,90.7,0,27.2,6.1,0,0,0,100
2024/7/30 23:30,1006.6,91.2,0,27.1,6.1,0,0,0,100
2024/7/30 23:45,1006.6,91.6,0,27.1,6.1,0,0,0,100
2024/7/31 0:00,1006.6,90,0,27.6,6.6,0,0,0,100
2024/7/31 0:15,1006.6,90.3,0,27.6,6.6,0,0,0,100
2024/7/31 0:30,1006.6,90.5,0,27.5,6.6,0,0,0,100
2024/7/31 0:45,1006.6,90.7,0,27.5,6.5,0,0,0,100
2024/7/31 1:00,1006.6,90.9,0,27.5,6.5,0,0,0,100
2024/7/31 1:15,1006.6,91.2,0,27.4,6.4,0,0,0,100
2024/7/31 1:30,1006.6,91.6,0,27.4,6.3,0,0,0,100
2024/7/31 1:45,1006.6,92,0,27.4,6.3,0,0,0,100
2024/7/31 2:00,1006.6,92.4,0,27.3,6.2,0,0,0,100
2024/7/31 2:15,1006.6,92.8,0,27.3,6.1,0,0,0,100
2024/7/31 2:30,1006.6,93.1,0,27.3,6.1,0,0,0,100
2024/7/31 2:45,1006.6,93.5,0,27.3,6.1,0,0,0,100
2024/7/31 3:00,1006.6,94,0,27.3,6,0,0,0,100
2024/7/31 3:15,1006.6,94.4,0,27.3,6,0,0,0,100
2024/7/31 3:30,1006.6,94.8,0,27.3,6,0,0,0,100
2024/7/31 3:45,1006.6,95.2,0,27.3,6,0,0,0,100
2024/7/31 4:00,1006.6,95.5,0,27.3,6,0,0,0,100
2024/7/31 4:15,1006.6,95.8,0,27.3,6,0,0,0,100
2024/7/31 4:30,1006.6,96.1,0,27.3,6,0,0,0,100
2024/7/31 4:45,1006.6,96.4,0,27.3,5.9,0,0,0,100
2024/7/31 5:00,1006.6,96.7,0,27.3,5.9,0,0,0,100
2024/7/31 5:15,1006.6,96.8,0,27.3,5.9,9,0,0,100
2024/7/31 5:30,1006.6,96.9,0,27.3,5.9,24,19,2.19,100
2024/7/31 5:45,1006.6,97,0,27.3,5.9,40,49,3.82,100
2024/7/31 6:00,1006.6,96.9,0,27.4,5.9,57,84,5.46,100
2024/7/31 6:15,1006.6,96.5,0,27.5,5.9,74,122,8.47,100
2024/7/31 6:30,1006.6,95.9,0,27.7,5.9,91,169,12.5,100
2024/7/31 6:45,1006.6,95.3,0,27.9,5.9,110,225,18.57,100
2024/7/31 7:00,1006.6,94.5,0,28.1,5.9,132,276,24.78,100
2024/7/31 7:15,1006.6,93.3,0,28.4,6,155,340,32.65,100
2024/7/31 7:30,1006.6,92,0,28.7,6,182,390,39.04,100
2024/7/31 7:45,1006.6,90.6,0,29,6,210,449,46.99,100
2024/7/31 8:00,1006.6,89.1,0,29.2,5.9,241,491,52.83,100
2024/7/31 8:15,1006.6,87.6,0,29.5,5.9,272,539,60.29,100
2024/7/31 8:30,1006.6,86.4,0,29.7,5.8,303,577,66.42,100
2024/7/31 8:45,1006.6,85.3,0,29.9,5.8,334,621,72.75,100
2024/7/31 9:00,1006.6,84.2,0,30.1,5.7,362,670,83.79,100
2024/7/31 9:15,1006.6,83.1,0,30.3,5.7,387,704,84.68,100
2024/7/31 9:30,1006.6,82,0,30.5,5.6,407,756,91.95,100
2024/7/31 9:45,1006.6,80.4,0,30.8,5.6,420,801,97.31,100
2024/7/31 10:00,1006.7,78.4,0,31,5.6,425,826,98.39,100
2024/7/31 10:15,1006.7,76.9,0,31.3,5.7,423,848,99.4,100
2024/7/31 10:30,1006.7,75.7,0,31.5,5.7,413,980,98.11,100
2024/7/31 10:45,1006.7,73.9,0,31.7,5.8,397,673,86.57,100
2024/7/31 11:00,1006.7,72.5,0,32,5.9,378,283,38.6,100
2024/7/31 11:15,1006.7,70.7,0,32.1,6,355,742,64.77,100
2024/7/31 11:30,1006.7,68.9,0,32.3,6.1,331,827,98.14,100
2024/7/31 11:45,1006.7,67.9,0,32.4,6.3,308,893,66.96,100
2024/7/31 12:00,1006.7,66.4,0,32.6,6.4,288,756,69.42,100
2024/7/31 12:15,1006.7,65.1,0,32.7,6.5,271,554,70.02,100
2024/7/31 12:30,1006.7,64.7,0,32.7,6.6,261,482,61.68,100
2024/7/31 12:45,1006.7,64,0,32.8,6.6,258,428,52.19,100
2024/7/31 13:00,1006.7,63,0,32.9,6.7,262,410,61.06,100
2024/7/31 13:15,1006.7,62.7,0,32.9,6.7,272,466,56.72,100
2024/7/31 13:30,1006.7,62.9,0,33,6.8,286,1015,99.94,100
2024/7/31 13:45,1006.7,62.8,0,33,6.8,303,891,99.55,100
2024/7/31 14:00,1006.7,62.3,0,33,6.8,319,852,98.73,100
2024/7/31 14:15,1006.7,62.1,0,33,6.8,334,805,96.15,100
2024/7/31 14:30,1006.7,63.1,0,32.9,6.8,346,772,77.98,100
2024/7/31 14:45,1006.7,63,0,32.9,6.8,353,795,80.01,100
2024/7/31 15:00,1006.7,63.9,0,32.9,6.8,355,756,70.98,100
2024/7/31 15:15,1006.7,65.8,0,32.8,6.8,349,670,59.22,100
2024/7/31 15:30,1006.7,65.4,0,32.7,6.8,337,670,74.45,100
2024/7/31 15:45,1006.7,65.6,0,32.7,6.8,317,587,65.97,100
2024/7/31 16:00,1006.6,65.7,0,32.6,6.8,291,563,44.36,100
2024/7/31 16:15,1006.6,67.8,0,32.4,6.8,261,492,51.6,100
2024/7/31 16:30,1006.6,68.5,0,32.2,6.7,229,424,45.94,100
2024/7/31 16:45,1006.6,70.7,0,32.1,6.7,197,388,39.81,100
2024/7/31 17:00,1006.6,71.4,0.1,31.9,6.6,165,368,36.67,100
2024/7/31 17:15,1006.6,72.3,0,31.7,6.6,135,281,27.32,100
2024/7/31 17:30,1006.6,71.9,0,31.6,6.5,108,231,21.01,100
2024/7/31 17:45,1006.6,73.4,0,31.5,6.5,84,173,14.58,100
2024/7/31 18:00,1006.6,75,0,31.4,6.4,64,126,9.96,100
2024/7/31 18:15,1006.6,78.8,0,31.1,6.3,47,81,5.62,100
2024/7/31 18:30,1006.6,81,0,30.8,6.2,33,28,2.99,100
2024/7/31 18:45,1006.6,82.9,0,30.6,6.1,22,25,2.79,100
2024/7/31 19:00,1006.6,84,0,30.3,6.1,12,0,0,100
2024/7/31 19:15,1006.6,85.3,0,30.2,6.1,4,0,0,100
2024/7/31 19:30,1006.6,86.7,0,30,6.1,0,0,0,100
2024/7/31 19:45,1006.6,88.1,0,29.9,6.1,0,0,0,100
2024/7/31 20:00,1006.6,89.3,0,29.8,6.1,0,0,0,100
2024/7/31 20:15,1006.6,89.6,0,29.7,6.1,0,0,0,100
2024/7/31 20:30,1006.6,89.6,0,29.6,6.2,0,0,0,100
2024/7/31 20:45,1006.6,90.1,0,29.5,6.2,0,0,0,100
2024/7/31 21:00,1006.6,91.2,0,29.4,6.2,0,0,0,100
2024/7/31 21:15,1006.6,92.1,0,29.3,6.2,0,0,0,100
2024/7/31 21:30,1006.6,92.6,0,29.2,6.2,0,0,0,100
2024/7/31 21:45,1006.6,92.6,0,29.1,6.2,0,0,0,100
2024/7/31 22:00,1006.6,92.6,0,29,6.1,0,0,0,100
2024/7/31 22:15,1006.6,92.9,0,29,6.1,0,0,0,100
2024/7/31 22:30,1006.6,93.4,0,28.9,6.1,0,0,0,100
2024/7/31 22:45,1006.6,93.7,0,28.8,6,0,0,0,100
2024/7/31 23:00,1006.6,93.9,0,28.7,6,0,0,0,100
2024/7/31 23:15,1006.6,94.1,0,28.7,5.9,0,0,0,100
2024/7/31 23:30,1006.6,94.4,0,28.6,5.9,0,0,0,100
2024/7/31 23:45,1006.6,94.5,0,28.6,5.8,0,0,0,100
2024/8/1 0:00,1006.6,94,0,29.1,5.6,0,0,0,100
2024/8/1 0:15,1006.6,94.1,0,29.1,5.6,0,0,0,100
2024/8/1 0:30,1006.6,94.2,0.1,29.1,5.5,0,0,0,100
2024/8/1 0:45,1006.6,94.3,0,29,5.5,0,0,0,100
2024/8/1 1:00,1006.6,94.4,0,29,5.5,0,0,0,100
2024/8/1 1:15,1006.6,94.5,0,28.9,5.5,0,0,0,100
2024/8/1 1:30,1006.6,94.6,0.1,28.9,5.5,0,0,0,100
2024/8/1 1:45,1006.6,94.6,0.1,28.9,5.5,0,0,0,100
2024/8/1 2:00,1006.6,94.6,0,28.8,5.5,0,0,0,100
2024/8/1 2:15,1006.6,94.7,0,28.8,5.5,0,0,0,100
2024/8/1 2:30,1006.6,94.8,0,28.8,5.5,0,0,0,100
2024/8/1 2:45,1006.6,94.5,0,28.7,5.5,0,0,0,100
2024/8/1 3:00,1006.6,94.7,0,28.7,5.5,0,0,0,100
2024/8/1 3:15,1006.6,94.7,0,28.7,5.5,0,0,0,100
2024/8/1 3:30,1006.6,94.8,0,28.7,5.5,0,0,0,100
2024/8/1 3:45,1006.6,94.8,0,28.6,5.4,0,0,0,100
2024/8/1 4:00,1006.6,94.9,0,28.6,5.4,0,0,0,100
2024/8/1 4:15,1006.6,94.9,0,28.6,5.4,0,0,0,100
2024/8/1 4:30,1006.6,94.9,0,28.6,5.4,0,0,0,100
2024/8/1 4:45,1006.6,94.9,0,28.5,5.4,0,0,0,100
2024/8/1 5:00,1006.6,94.9,0,28.5,5.4,0,0,0,100
2024/8/1 5:15,1006.6,94.9,0,28.5,5.4,0,0,0,100
2024/8/1 5:30,1006.6,94.9,0,28.5,5.4,24,11,1.47,100
2024/8/1 5:45,1006.6,94.8,0,28.5,5.4,53,27,3.6,100
2024/8/1 6:00,1006.6,94.4,0,28.6,5.5,82,85,5.64,100
2024/8/1 6:15,1006.6,93.7,0,28.7,5.5,112,99,13.84,100
2024/8/1 6:30,1006.6,92.8,0,28.8,5.6,143,249,19.3,100
2024/8/1 6:45,1006.6,91.7,0,29,5.7,175,330,20.47,100
2024/8/1 7:00,1006.6,90.4,0,29.2,5.7,210,180,15.27,100
2024/8/1 7:15,1006.6,88.8,0,29.5,5.8,246,157,18.39,100
2024/8/1 7:30,1006.6,87.3,0,29.8,5.9,285,202,22.5,100
2024/8/1 7:45,1006.6,85.7,0,30,6,326,261,33.54,100
2024/8/1 8:00,1006.6,84.2,0,30.2,6,369,483,36.74,100
2024/8/1 8:15,1006.6,82.7,0,30.4,6.1,413,433,50.76,100
2024/8/1 8:30,1006.6,81.2,0,30.6,6.1,458,319,28.25,100
2024/8/1 8:45,1006.6,79.7,0,30.8,6.1,502,209,27.97,100
2024/8/1 9:00,1006.6,78.5,0,31,6.1,546,459,51.88,100
2024/8/1 9:15,1006.6,77.3,0,31.2,6.1,587,242,29.99,100
2024/8/1 9:30,1006.6,76.2,0,31.3,6.2,625,341,37.6,100
2024/8/1 9:45,1006.6,75.4,0,31.4,6.2,659,328,44.61,100
2024/8/1 10:00,1006.6,74.7,0,31.5,6.2,689,381,43.24,100
2024/8/1 10:15,1006.6,74.1,0,31.6,6.2,716,221,23.59,100
2024/8/1 10:30,1006.6,73.5,0,31.7,6.1,739,231,27.61,100
2024/8/1 10:45,1006.6,73.3,0,31.6,6.1,758,248,31.39,100
2024/8/1 11:00,1006.6,73.4,0,31.7,6.1,774,215,23.28,100
2024/8/1 11:15,1006.6,73.1,0,31.7,6.1,786,314,38.24,100
2024/8/1 11:30,1006.6,72.4,0,31.8,6.1,794,276,33.56,100
2024/8/1 11:45,1006.6,71.6,0,31.9,6,799,332,43.11,100
2024/8/1 12:00,1006.6,70.9,0,32,6,801,403,45.5,100
2024/8/1 12:15,1006.6,70.1,0,32,6,799,290,36.33,100
2024/8/1 12:30,1006.6,69.1,0,32.1,6,794,350,45.21,100
2024/8/1 12:45,1006.6,68.8,0,32.2,6,787,466,68.08,100
2024/8/1 13:00,1006.6,69.6,0,32.2,6,777,620,81.12,100
2024/8/1 13:15,1006.6,70.3,0,31.9,5.9,765,1155,100,100
2024/8/1 13:30,1006.6,72,0,31.6,5.9,750,1015,98.61,100
2024/8/1 13:45,1006.6,72.5,0,31.6,5.9,732,1024,92.32,100
2024/8/1 14:00,1006.6,71.5,0,31.7,5.9,711,965,69.8,100
2024/8/1 14:15,1006.6,71.3,0,31.8,6,687,485,52.11,100
2024/8/1 14:30,1006.6,71.8,0,31.7,6,660,439,54.51,100
2024/8/1 14:45,1006.6,71.4,0,31.6,6,629,652,31.64,100
2024/8/1 15:00,1006.6,71,0,31.6,6,595,824,25.25,100
2024/8/1 15:15,1006.6,71.5,0,31.5,6,559,292,19.71,100
2024/8/1 15:30,1006.6,71.3,0,31.4,6,520,117,13.24,100
2024/8/1 15:45,1006.6,71.2,0,31.4,6,478,109,13.22,100
2024/8/1 16:00,1006.6,71.8,0,31.3,6,433,65,8.17,100
2024/8/1 16:15,1006.6,73,0,31.2,5.9,386,52,5.84,100
2024/8/1 16:30,1006.6,74.5,0,31.1,6,339,13,0.93,100
2024/8/1 16:45,1006.6,75.6,0,31,6.1,292,12,1.72,100
2024/8/1 17:00,1006.6,76.3,0,30.9,6.2,248,44,15.44,100
2024/8/1 17:15,1006.6,77.5,0,30.7,6.2,206,223,26.3,100
2024/8/1 17:30,1006.6,81,0,30.4,6.3,168,152,20.27,100
2024/8/1 17:45,1006.6,82.3,0,30,6.4,133,68,6.93,100
2024/8/1 18:00,1006.6,82.4,0,29.8,6.4,103,108,15.55,100
2024/8/1 18:15,1006.6,83.9,0,29.6,6.3,76,148,8.24,100
2024/8/1 18:30,1006.6,86,0,29.4,6.3,53,55,4.56,100
2024/8/1 18:45,1006.6,86.5,0,29.3,6.2,32,16,1.6,100
2024/8/1 19:00,1006.6,86.8,0,29.2,6,14,0,0,100
2024/8/1 19:15,1006.6,87.7,0,29.1,5.9,0,0,0,100
2024/8/1 19:30,1006.6,87.7,0,29,5.8,0,0,0,100
2024/8/1 19:45,1006.6,87.4,0,29,5.7,0,0,0,100
2024/8/1 20:00,1006.6,87.4,0,28.9,5.7,0,0,0,100
2024/8/1 20:15,1006.6,87.9,0,28.8,5.7,0,0,0,100
2024/8/1 20:30,1006.6,88.8,0,28.7,5.7,0,0,0,100
2024/8/1 20:45,1006.6,89.8,0,28.6,5.7,0,0,0,100
2024/8/1 21:00,1006.6,90.9,0,28.6,5.7,0,0,0,100
2024/8/1 21:15,1006.6,91.7,0,28.5,5.8,0,0,0,100
2024/8/1 21:30,1006.6,92,0,28.4,5.8,0,0,0,100
2024/8/1 21:45,1006.6,92.3,0,28.4,5.8,0,0,0,100
2024/8/1 22:00,1006.6,92.7,0,28.4,5.7,0,0,0,100
2024/8/1 22:15,1006.6,93,0,28.3,5.7,0,0,0,100
2024/8/1 22:30,1006.6,93,0,28.2,5.7,0,0,0,100
2024/8/1 22:45,1006.6,92.9,0,28.2,5.7,0,0,0,100
2024/8/1 23:00,1006.6,93.1,0,28.1,5.6,0,0,0,100
2024/8/1 23:15,1006.6,93.6,0,28.1,5.6,0,0,0,100
2024/8/1 23:30,1006.6,94.1,0,28,5.5,0,0,0,100
2024/8/1 23:45,1006.6,94.4,0,27.9,5.5,0,0,0,100
2024/8/2 0:00,1006.6,94.3,0,28.1,4.8,0,0,0,100
2024/8/2 0:15,1006.6,94.7,0,28.1,4.8,0,0,0,100
2024/8/2 0:30,1006.6,95.1,0,28.1,4.7,0,0,0,100
2024/8/2 0:45,1006.6,95.4,0,28,4.6,0,0,0,100
2024/8/2 1:00,1006.6,95.6,0,27.9,4.6,0,0,0,100
2024/8/2 1:15,1006.6,95.9,0,27.9,4.5,0,0,0,100
2024/8/2 1:30,1006.6,96.2,0,27.8,4.5,0,0,0,100
2024/8/2 1:45,1006.6,96.4,0,27.7,4.4,0,0,0,100
2024/8/2 2:00,1006.6,96.5,0,27.7,4.4,0,0,0,100
2024/8/2 2:15,1006.6,96.6,0,27.7,4.4,0,0,0,100
2024/8/2 2:30,1006.6,96.9,0,27.6,4.3,0,0,0,100
2024/8/2 2:45,1006.6,97.2,0,27.6,4.3,0,0,0,100
2024/8/2 3:00,1006.6,97.5,0,27.6,4.2,0,0,0,100
2024/8/2 3:15,1006.6,97.7,0,27.6,4.2,0,0,0,100
2024/8/2 3:30,1006.6,98,0,27.5,4.1,0,0,0,100
2024/8/2 3:45,1006.6,98.3,0,27.5,4.1,0,0,0,100
2024/8/2 4:00,1006.6,98.5,0,27.5,4,0,0,0,100
2024/8/2 4:15,1006.6,98.7,0,27.5,4,0,0,0,100
2024/8/2 4:30,1006.6,98.8,0,27.4,4,0,0,0,100
2024/8/2 4:45,1006.6,98.9,0,27.4,3.9,0,0,0,100
2024/8/2 5:00,1006.6,99,0,27.4,3.9,0,0,0,100
2024/8/2 5:15,1006.6,99.2,0,27.4,3.8,0,0,0,100
2024/8/2 5:30,1006.6,99.3,0,27.3,3.8,20,9,1.28,100
2024/8/2 5:45,1006.6,99.4,0,27.3,3.8,45,16,1.91,100
2024/8/2 6:00,1006.6,99.5,0,27.4,3.8,71,57,5.16,100
2024/8/2 6:15,1006.6,99.3,0,27.4,3.8,97,107,9.04,100
2024/8/2 6:30,1006.6,98.9,0,27.6,3.8,124,75,7.03,100
2024/8/2 6:45,1006.6,98.6,0,27.7,3.8,152,199,17.78,100
2024/8/2 7:00,1006.6,98.3,0,27.7,3.8,181,244,23.44,100
2024/8/2 7:15,1006.6,98.2,0,27.8,3.7,212,304,30.17,100
2024/8/2 7:30,1006.6,98,0,27.9,3.7,245,354,36.24,100
2024/8/2 7:45,1006.6,97.5,0,28.1,3.6,279,411,43.99,100
2024/8/2 8:00,1006.6,97.2,0,28.2,3.6,314,459,49.87,100
2024/8/2 8:15,1006.6,96.3,0,28.5,3.5,350,503,56.99,100
2024/8/2 8:30,1006.6,94.6,0,28.8,3.4,386,533,63.08,100
2024/8/2 8:45,1006.6,92.8,0,29,3.3,421,601,68.49,100
2024/8/2 9:00,1006.6,91.4,0,29.3,3.2,455,651,73.4,100
2024/8/2 9:15,1006.6,89.5,0,29.5,3.2,486,672,79.31,100
2024/8/2 9:30,1006.6,87.8,0,29.8,3.1,513,713,84.89,100
2024/8/2 9:45,1006.6,86.2,0,30.1,3,536,782,80.64,100
2024/8/2 10:00,1006.6,84,0,30.4,2.9,555,826,85.61,100
2024/8/2 10:15,1006.7,81.9,0,30.6,2.8,570,279,92.71,100
2024/8/2 10:30,1006.7,80.3,0,30.8,2.8,581,446,86.98,100
2024/8/2 10:45,1006.7,79.2,0,31,2.7,588,961,94.24,100
2024/8/2 11:00,1006.7,77.8,0,31.1,2.6,591,967,93.65,100
2024/8/2 11:15,1006.7,76.4,0,31.2,2.5,591,918,98.03,100
2024/8/2 11:30,1006.7,75.7,0,31.4,2.4,587,958,83.53,100
2024/8/2 11:45,1006.7,75.1,0,31.5,2.4,581,1015,55.28,100
2024/8/2 12:00,1006.7,74.6,0,31.6,2.4,571,1055,64.67,100
2024/8/2 12:15,1006.7,74.4,0,31.7,2.4,560,964,83.62,100
2024/8/2 12:30,1006.7,74.1,0,31.7,2.5,546,452,79.35,100
2024/8/2 12:45,1006.7,73.8,0,31.8,2.5,531,295,75.68,100
2024/8/2 13:00,1006.7,73.6,0,31.8,2.5,512,1067,72.49,100
2024/8/2 13:15,1006.7,73.7,0,31.9,2.6,490,801,87.75,100
2024/8/2 13:30,1006.7,74,0,31.9,2.7,466,572,56.38,100
2024/8/2 13:45,1006.7,74.4,0,31.9,2.7,439,964,46.78,100
2024/8/2 14:00,1006.7,74.8,0,31.9,2.7,412,898,44.31,100
2024/8/2 14:15,1006.7,75.3,0,31.8,2.8,384,867,51.28,100
2024/8/2 14:30,1006.7,75.6,0,31.8,2.8,356,800,48.96,100
2024/8/2 14:45,1006.7,75.7,0,31.7,2.8,329,710,53.08,100
2024/8/2 15:00,1006.7,75.6,0,31.7,2.7,303,764,37.06,100
2024/8/2 15:15,1006.7,75.3,0,31.8,2.7,279,725,37.95,100
2024/8/2 15:30,1006.7,74.9,0,31.8,2.7,256,301,56.03,100
2024/8/2 15:45,1006.7,74.7,0,31.8,2.7,235,620,36.26,100
2024/8/2 16:00,1006.7,74.8,0,31.7,2.7,216,516,37.38,100
2024/8/2 16:15,1006.7,74.3,0,31.9,2.7,198,490,48.66,100
2024/8/2 16:30,1006.7,74,0,31.9,2.7,180,443,42.07,100
2024/8/2 16:45,1006.7,73.7,0,32,2.7,163,396,38.22,100
2024/8/2 17:00,1006.7,73.3,0,32,2.8,146,345,31.51,100
2024/8/2 17:15,1006.7,73.5,0,32,2.9,129,276,24.67,100
2024/8/2 17:30,1006.7,74.4,0,32,3,113,238,18.92,100
2024/8/2 17:45,1006.7,74.9,0,31.8,3,96,185,13.5,100
2024/8/2 18:00,1006.7,75.7,0,31.6,3.1,79,135,9.22,100
2024/8/2 18:15,1006.7,77.2,0,31.4,3.1,62,85,5.9,100
2024/8/2 18:30,1006.7,78.5,0,31.2,3.1,45,51,4.05,100
2024/8/2 18:45,1006.7,80.7,0,31,3.1,29,21,2.25,100
2024/8/2 19:00,1006.7,82.2,0,30.9,3.1,12,0,0,100
2024/8/2 19:15,1006.7,83.4,0,30.7,3,0,0,0,100
2024/8/2 19:30,1006.7,84.4,0,30.6,3,0,0,0,100
2024/8/2 19:45,1006.7,85,0,30.5,3,0,0,0,100
2024/8/2 20:00,1006.7,85.3,0,30.4,3,0,0,0,100
2024/8/2 20:15,1006.7,85.7,0,30.2,3,0,0,0,100
2024/8/2 20:30,1006.7,86.2,0,30.1,3.1,0,0,0,100
2024/8/2 20:45,1006.7,87.1,0,30,3.2,0,0,0,100
2024/8/2 21:00,1006.7,88.3,0,29.9,3.3,0,0,0,100
2024/8/2 21:15,1006.7,90.2,0,29.7,3.4,0,0,0,100
2024/8/2 21:30,1006.7,91,0,29.6,3.6,0,0,0,100
2024/8/2 21:45,1006.7,90.7,0,29.5,3.7,0,0,0,100
2024/8/2 22:00,1006.7,90.9,0,29.4,3.8,0,0,0,100
2024/8/2 22:15,1006.7,91.6,0,29.3,3.9,0,0,0,100
2024/8/2 22:30,1006.7,92.7,0,29.2,4,0,0,0,100
2024/8/2 22:45,1006.7,93.7,0,29,4.1,0,0,0,100
2024/8/2 23:00,1006.7,94.2,0,28.9,4.2,0,0,0,100
2024/8/2 23:15,1006.7,94.7,0,28.8,4.2,0,0,0,100
2024/8/2 23:30,1006.6,95.2,0,28.8,4.3,0,0,0,100
2024/8/2 23:45,1006.6,95.7,0,28.7,4.3,0,0,0,100
2024/8/3 0:00,1006.7,96.1,0,28.7,4,0,0,0,100
2024/8/3 0:15,1006.7,96.3,0,28.7,4,0,0,0,100
2024/8/3 0:30,1006.6,96.6,0,28.6,4,0,0,0,100
2024/8/3 0:45,1006.6,96.9,0,28.6,3.9,0,0,0,100
2024/8/3 1:00,1006.6,97.2,0,28.5,3.9,0,0,0,100
2024/8/3 1:15,1006.6,97.5,0,28.4,3.9,0,0,0,100
2024/8/3 1:30,1006.6,97.6,0,28.4,3.9,0,0,0,100
2024/8/3 1:45,1006.6,97.8,0,28.3,3.9,0,0,0,100
2024/8/3 2:00,1006.6,97.9,0,28.3,3.9,0,0,0,100
2024/8/3 2:15,1006.6,98,0,28.2,3.9,0,0,0,100
2024/8/3 2:30,1006.6,98.1,0,28.2,3.8,0,0,0,100
2024/8/3 2:45,1006.6,98.1,0,28.1,3.8,0,0,0,100
2024/8/3 3:00,1006.6,98.2,0,28.1,3.8,0,0,0,100
2024/8/3 3:15,1006.6,98.3,0,28,3.8,0,0,0,100
2024/8/3 3:30,1006.6,98.4,0,28,3.8,0,0,0,100
2024/8/3 3:45,1006.6,98.5,0,27.9,3.8,0,0,0,100
2024/8/3 4:00,1006.6,98.7,0,27.9,3.8,0,0,0,100
2024/8/3 4:15,1006.6,98.8,0,27.9,3.8,0,0,0,100
2024/8/3 4:30,1006.6,98.9,0,27.9,3.8,0,0,0,100
2024/8/3 4:45,1006.6,99,0,27.8,3.8,0,0,0,100
2024/8/3 5:00,1006.6,99,0,27.8,3.9,0,0,0,100
2024/8/3 5:15,1006.6,99,0,27.8,3.9,0,0,0,100
2024/8/3 5:30,1006.6,99,0,27.8,3.9,21,17,2,100
2024/8/3 5:45,1006.6,99,0,27.8,3.9,50,39,3.86,100
2024/8/3 6:00,1006.6,98.9,0,27.8,3.9,80,66,6.09,100
2024/8/3 6:15,1006.6,98.7,0,27.9,3.9,110,105,9.05,100
2024/8/3 6:30,1006.6,98.3,0,28,4,141,144,12.7,100
2024/8/3 6:45,1006.7,97.5,0,28.3,4,173,197,17.94,100
2024/8/3 7:00,1006.7,96.4,0,28.6,4,207,241,22.81,100
2024/8/3 7:15,1006.7,95.5,0,28.8,4,242,295,28.88,100
2024/8/3 7:30,1006.7,94.8,0,29,4,279,341,35.5,100
2024/8/3 7:45,1006.7,93.8,0,29.3,4,317,395,42.53,100
2024/8/3 8:00,1006.7,92.2,0,29.5,4,356,431,48.42,100
2024/8/3 8:15,1006.7,90.7,0,29.8,3.9,397,484,53.87,100
2024/8/3 8:30,1006.7,89.4,0,30.1,3.9,437,428,60.38,100
2024/8/3 8:45,1006.7,87.8,0,30.3,3.9,477,573,66.58,100
2024/8/3 9:00,1006.7,86.2,0,30.6,3.8,517,611,71.12,100
2024/8/3 9:15,1006.7,84.2,0,30.8,3.8,554,620,75.9,100
2024/8/3 9:30,1006.7,82.7,0,30.9,3.8,589,686,83.31,100
2024/8/3 9:45,1006.7,81.8,0,31.1,3.7,621,731,89.12,100
2024/8/3 10:00,1006.7,79.8,0,31.3,3.7,651,809,93.55,100
2024/8/3 10:15,1006.7,78.4,0,31.5,3.7,678,834,96.69,100
2024/8/3 10:30,1006.7,76.8,0,31.7,3.8,702,864,93.63,100
2024/8/3 10:45,1006.7,74.5,0,31.9,3.8,723,823,89.09,100
2024/8/3 11:00,1006.7,73.2,0,32.1,3.8,741,953,94.76,100
2024/8/3 11:15,1006.7,71.9,0,32.2,3.8,755,995,93.98,100
2024/8/3 11:30,1006.7,70.6,0,32.3,3.8,767,424,95.41,100
2024/8/3 11:45,1006.7,69.7,0,32.4,3.9,775,1012,99.72,100
2024/8/3 12:00,1006.7,69.5,0,32.5,3.9,780,651,97.4,100
2024/8/3 12:15,1006.7,68.9,0,32.6,3.9,782,926,70.17,100
2024/8/3 12:30,1006.7,68.2,0,32.7,4,780,1052,58.5,100
2024/8/3 12:45,1006.7,67,0,32.8,4,775,321,16.53,100
2024/8/3 13:00,1006.7,66.2,0,33,4.1,768,28,4.99,100
2024/8/3 13:15,1006.7,66.3,0,33,4.1,759,84,7.61,100
2024/8/3 13:30,1006.7,65.7,0,33,4.2,746,70,9.4,100
2024/8/3 13:45,1006.7,65,0,33.1,4.3,731,81,10.23,100
2024/8/3 14:00,1006.7,65.1,0,33.1,4.4,712,104,12.51,100
2024/8/3 14:15,1006.7,65.7,0,33.1,4.5,690,120,14.42,100
2024/8/3 14:30,1006.7,66.9,0,32.9,4.6,665,158,18.39,100
2024/8/3 14:45,1006.7,70.2,0,32.4,4.8,636,188,22.56,100
2024/8/3 15:00,1006.7,69.3,0.1,32.5,4.9,603,210,25.32,100
2024/8/3 15:15,1006.7,69.5,0,32.6,4.9,568,243,29.4,100
2024/8/3 15:30,1006.7,71.7,0,32.4,5,529,269,30.39,100
2024/8/3 15:45,1006.7,74.3,0.2,31.9,5,487,219,24.88,100
2024/8/3 16:00,1006.7,76.6,0.2,31.6,4.9,442,201,23,100
2024/8/3 16:15,1006.7,79.4,0,31.3,4.8,395,187,20.67,100
2024/8/3 16:30,1006.7,83.2,0.1,30.7,4.7,347,170,19.84,100
2024/8/3 16:45,1006.7,82.9,0,30.6,4.6,299,168,19.51,100
2024/8/3 17:00,1006.7,83.3,0,30.5,4.4,254,167,19.61,100
2024/8/3 17:15,1006.7,82.8,0,30.5,4.2,211,155,17.52,100
2024/8/3 17:30,1006.7,84.3,0,30.4,4.1,172,134,15.03,100
2024/8/3 17:45,1006.7,84.6,0,30.4,3.9,136,116,12.91,100
2024/8/3 18:00,1006.7,83.6,0,30.5,3.9,105,101,10.87,100
2024/8/3 18:15,1006.7,83.4,0,30.5,4,77,61,5.98,100
2024/8/3 18:30,1006.7,84.5,0,30.4,4.1,53,43,4.71,100
2024/8/3 18:45,1006.7,85.5,0,30.2,4.1,32,22,2.48,100
2024/8/3 19:00,1006.7,86.4,0,30.1,4.2,12,0,0,100
2024/8/3 19:15,1006.7,86.8,0,29.9,4.3,0,0,0,100
2024/8/3 19:30,1006.7,86.2,0,29.9,4.5,0,0,0,100
2024/8/3 19:45,1006.7,86,0,29.8,4.7,0,0,0,100
2024/8/3 20:00,1006.7,86.4,0,29.8,4.8,0,0,0,100
2024/8/3 20:15,1006.7,87.1,0,29.7,4.9,0,0,0,100
2024/8/3 20:30,1006.7,87.8,0,29.6,5,0,0,0,100
2024/8/3 20:45,1006.7,87.9,0,29.5,5,0,0,0,100
2024/8/3 21:00,1006.7,88,0,29.5,5.1,0,0,0,100
2024/8/3 21:15,1006.7,88.2,0,29.4,5.2,0,0,0,100
2024/8/3 21:30,1006.7,89,0,29.3,5.2,0,0,0,100
2024/8/3 21:45,1006.7,89.8,0,29.2,5.3,0,0,0,100
2024/8/3 22:00,1006.7,90.3,0,29.2,5.3,0,0,0,100
2024/8/3 22:15,1006.7,90.6,0,29.1,5.3,0,0,0,100
2024/8/3 22:30,1006.7,91,0,29.1,5.3,0,0,0,100
2024/8/3 22:45,1006.7,91.3,0,29,5.3,0,0,0,100
2024/8/3 23:00,1006.7,91.6,0,28.9,5.3,0,0,0,100
2024/8/3 23:15,1006.7,92,0,28.9,5.3,0,0,0,100
2024/8/3 23:30,1006.7,92.3,0,28.8,5.4,0,0,0,100
2024/8/3 23:45,1006.7,92.6,0,28.8,5.4,0,0,0,100
2024/8/4 0:00,1006.7,94.5,0,29.3,5.6,0,0,0,100
2024/8/4 0:15,1006.7,94.7,0,29.3,5.7,0,0,0,100
2024/8/4 0:30,1006.7,95,0,29.2,5.6,0,0,0,100
2024/8/4 0:45,1006.7,95.2,0,29.2,5.6,0,0,0,100
2024/8/4 1:00,1006.7,95.4,0,29.2,5.6,0,0,0,100
2024/8/4 1:15,1006.7,95.7,0,29.1,5.6,0,0,0,100
2024/8/4 1:30,1006.7,95.9,0,29.1,5.6,0,0,0,100
2024/8/4 1:45,1006.7,96,0,29.1,5.5,0,0,0,100
2024/8/4 2:00,1006.7,96,0,29,5.5,0,0,0,100
2024/8/4 2:15,1006.6,96.1,0,29,5.5,0,0,0,100
2024/8/4 2:30,1006.6,96,0,29,5.5,0,0,0,100
2024/8/4 2:45,1006.6,96,0,29,5.5,0,0,0,100
2024/8/4 3:00,1006.6,96,0,29,5.5,0,0,0,100
2024/8/4 3:15,1006.6,96,0,29,5.4,0,0,0,100
2024/8/4 3:30,1006.6,96.2,0,29,5.4,0,0,0,100
2024/8/4 3:45,1006.6,96.5,0,28.9,5.4,0,0,0,100
2024/8/4 4:00,1006.6,96.7,0,28.9,5.4,0,0,0,100
2024/8/4 4:15,1006.6,96.9,0,28.9,5.4,0,0,0,100
2024/8/4 4:30,1006.6,97.1,0,28.9,5.4,0,0,0,100
2024/8/4 4:45,1006.6,97.3,0,28.9,5.4,0,0,0,100
2024/8/4 5:00,1006.6,97.5,0,28.9,5.4,0,0,0,100
2024/8/4 5:15,1006.6,97.8,0,28.8,5.4,0,0,0,100
2024/8/4 5:30,1006.6,97.9,0,28.8,5.4,19,7,1.18,100
2024/8/4 5:45,1006.6,97.8,0,28.9,5.4,48,18,2.46,100
2024/8/4 6:00,1006.6,97.7,0,28.9,5.5,78,40,4.92,100
2024/8/4 6:15,1006.7,97.5,0.1,29,5.5,108,121,12.36,100
2024/8/4 6:30,1006.7,97.2,0,29.1,5.5,138,134,13.28,100
2024/8/4 6:45,1006.7,96.9,0,29.2,5.6,171,198,14.36,100
2024/8/4 7:00,1006.7,96.5,0,29.3,5.6,205,184,11.79,100
2024/8/4 7:15,1006.7,96,0,29.5,5.7,242,100,12.21,100
2024/8/4 7:30,1006.7,95.3,0,29.7,5.7,280,174,24.92,100
2024/8/4 7:45,1006.7,94.4,0,29.9,5.8,321,241,33.49,100
2024/8/4 8:00,1006.7,93.2,0,30.1,5.8,364,249,26.97,100
2024/8/4 8:15,1006.7,91.4,0,30.4,5.9,408,257,23.91,100
2024/8/4 8:30,1006.7,89.7,0,30.7,5.9,452,332,33.92,100
2024/8/4 8:45,1006.7,87.6,0,31,5.9,496,747,58.73,100
2024/8/4 9:00,1006.7,85.5,0,31.3,5.9,538,652,77.07,100
2024/8/4 9:15,1006.7,83.6,0,31.6,5.9,579,666,80.86,100
2024/8/4 9:30,1006.7,81.6,0,31.8,5.9,616,711,84.32,100
2024/8/4 9:45,1006.7,79.5,0,32.1,5.9,648,744,90.05,100
2024/8/4 10:00,1006.7,77.5,0,32.3,5.8,677,777,93.17,100
2024/8/4 10:15,1006.7,76.2,0,32.5,5.8,702,811,98.26,100
2024/8/4 10:30,1006.7,74.3,0,32.7,5.8,724,855,91.07,100
2024/8/4 10:45,1006.7,72.1,0,32.9,5.8,742,912,99.55,100
2024/8/4 11:00,1006.7,70.5,0,33.1,5.8,756,430,99.97,100
2024/8/4 11:15,1006.7,68.8,0,33.2,5.9,766,988,100,100
2024/8/4 11:30,1006.7,66.9,0,33.3,5.9,772,984,99.05,100
2024/8/4 11:45,1006.7,65.4,0,33.5,5.9,773,936,90.63,100
2024/8/4 12:00,1006.7,65.2,0,33.5,6,771,972,91.92,100
2024/8/4 12:15,1006.7,64.7,0,33.6,6.1,765,1097,54.66,100
2024/8/4 12:30,1006.7,64.3,0,33.7,6.1,756,919,80.06,100
2024/8/4 12:45,1006.7,64.2,0,33.7,6.3,742,988,98.9,100
2024/8/4 13:00,1006.7,63.4,0,33.8,6.3,724,959,85.2,100
2024/8/4 13:15,1006.7,62.8,0,33.8,6.3,702,225,91.97,100
2024/8/4 13:30,1006.7,61.6,0,33.9,6.3,677,912,82.31,100
2024/8/4 13:45,1006.7,62.3,0.2,33.8,6.4,648,922,63.49,100
2024/8/4 14:00,1006.7,64.2,0.2,33.4,6.4,617,676,58.72,100
2024/8/4 14:15,1006.7,62,0,33.7,6.4,584,363,61.69,100
2024/8/4 14:30,1006.7,60.2,0,33.9,6.4,549,434,65.5,100
2024/8/4 14:45,1006.7,60.6,0,33.8,6.3,513,755,43.96,100
2024/8/4 15:00,1006.7,61.6,0,33.8,6.4,477,725,29.53,100
2024/8/4 15:15,1006.7,61.7,0,33.8,6.4,441,355,49.81,100
2024/8/4 15:30,1006.7,63.5,0,33.7,6.5,405,199,26.21,100
2024/8/4 15:45,1006.7,64.6,0,33.6,6.5,370,515,49.82,100
2024/8/4 16:00,1006.7,68.2,0.2,33.3,6.5,334,566,46.08,100
2024/8/4 16:15,1006.7,67.8,0,32.9,6.4,298,518,49.37,100
2024/8/4 16:30,1006.7,73.9,0.2,32.1,6.2,262,379,39.56,100
2024/8/4 16:45,1006.7,73.7,0,32.1,6,228,340,30.22,100
2024/8/4 17:00,1006.7,72.9,0,32,5.9,195,289,28.94,100
2024/8/4 17:15,1006.7,72.9,0,32.1,5.5,165,91,6.89,100
2024/8/4 17:30,1006.7,73.8,0,32,5.2,136,107,12,100
2024/8/4 17:45,1006.7,74.6,0,31.9,4.9,110,64,6.56,100
2024/8/4 18:00,1006.7,75.4,0,31.8,4.8,86,42,4.03,100
2024/8/4 18:15,1006.7,76.8,0,31.6,5,64,5,0.39,100
2024/8/4 18:30,1006.7,79.1,0,31.4,5.3,45,0,0.74,100
2024/8/4 18:45,1006.7,80.8,0,31.2,5.6,27,2,0.32,100
2024/8/4 19:00,1006.7,82,0.1,30.8,5.8,10,0,0,100
2024/8/4 19:15,1006.6,86.8,0.4,29.7,5.9,0,0,0,100
2024/8/4 19:30,1006.6,87.5,0.2,29.3,6,0,0,0,100
2024/8/4 19:45,1006.6,88.1,0.2,29.2,6.1,0,0,0,100
2024/8/4 20:00,1006.6,88.1,0.2,29.2,6.2,0,0,0,100
2024/8/4 20:15,1006.6,87.8,0,29.2,6.1,0,0,0,100
2024/8/4 20:30,1006.6,87.9,0,29.1,5.9,0,0,0,100
2024/8/4 20:45,1006.6,88.3,0,29,5.6,0,0,0,100
2024/8/4 21:00,1006.6,89.3,0,29,5.4,0,0,0,100
2024/8/4 21:15,1006.6,90.1,0,28.8,5.3,0,0,0,100
2024/8/4 21:30,1006.6,90.6,0,28.6,5.3,0,0,0,100
2024/8/4 21:45,1006.6,90.2,0,28.6,5.4,0,0,0,100
2024/8/4 22:00,1006.6,90.2,0,28.5,5.4,0,0,0,100
2024/8/4 22:15,1006.6,90.6,0,28.5,5.4,0,0,0,100
2024/8/4 22:30,1006.6,90.7,0,28.4,5.4,0,0,0,100
2024/8/4 22:45,1006.6,90.6,0,28.4,5.3,0,0,0,100
2024/8/4 23:00,1006.6,90.5,0,28.4,5.1,0,0,0,100
2024/8/4 23:15,1006.6,90.5,0,28.5,5,0,0,0,100
2024/8/4 23:30,1006.6,90.5,0,28.5,4.9,0,0,0,100
2024/8/4 23:45,1006.6,90.3,0,28.5,4.7,0,0,0,100
2024/8/5 0:00,1006.6,91.7,0,28.7,4.7,0,0,0,100
2024/8/5 0:15,1006.6,92.4,0,28.7,4.6,0,0,0,100
2024/8/5 0:30,1006.6,92.7,0,28.6,4.6,0,0,0,100
2024/8/5 0:45,1006.6,92.9,0,28.6,4.5,0,0,0,100
2024/8/5 1:00,1006.6,93,0,28.6,4.5,0,0,0,100
2024/8/5 1:15,1006.6,93,0,28.6,4.5,0,0,0,100
2024/8/5 1:30,1006.6,93.2,0,28.6,4.5,0,0,0,100
2024/8/5 1:45,1006.6,93.1,0.2,28.6,4.6,0,0,0,100
2024/8/5 2:00,1006.6,93.5,0.2,28.6,4.6,0,0,0,100
2024/8/5 2:15,1006.6,94,0,28.5,4.7,0,0,0,100
2024/8/5 2:30,1006.6,94.3,0.1,28.5,4.8,0,0,0,100
2024/8/5 2:45,1006.6,94.6,0,28.5,4.8,0,0,0,100
2024/8/5 3:00,1006.6,94.9,0,28.5,4.8,0,0,0,100
2024/8/5 3:15,1006.6,95.1,0.2,28.5,4.8,0,0,0,100
2024/8/5 3:30,1006.6,95.4,0,28.5,4.7,0,0,0,100
2024/8/5 3:45,1006.6,95.7,0.2,28.5,4.7,0,0,0,100
2024/8/5 4:00,1006.6,95.8,0.2,28.5,4.6,0,0,0,100
2024/8/5 4:15,1006.6,95.5,0,28.5,4.4,0,0,0,100
2024/8/5 4:30,1006.6,95.5,0.2,28.5,4.3,0,0,0,100
2024/8/5 4:45,1006.6,95.6,0,28.5,4.1,0,0,0,100
2024/8/5 5:00,1006.6,95.5,0.4,28.4,3.9,0,0,0,100
2024/8/5 5:15,1006.6,95.2,0.2,28.4,3.7,0,0,0,100
2024/8/5 5:30,1006.6,95.1,0,28.5,3.6,17,7,0.6,100
2024/8/5 5:45,1006.6,94.1,0.2,28.6,3.4,46,1,0.97,100
2024/8/5 6:00,1006.6,94,0.1,28.6,3.3,74,3,0.3,100
2024/8/5 6:15,1006.6,94.1,0.2,28.6,3.2,104,0,0.18,100
2024/8/5 6:30,1006.6,93.4,0.4,28.7,3.1,134,6,0.5,100
2024/8/5 6:45,1006.6,92.8,0.2,28.8,3.1,164,7,1.5,100
2024/8/5 7:00,1006.6,91.8,0.2,28.8,3.1,197,33,4.85,100
2024/8/5 7:15,1006.6,91.1,0.2,28.9,3.1,232,259,31.91,100
2024/8/5 7:30,1006.6,90.7,0.4,29,3.2,269,299,36.57,100
2024/8/5 7:45,1006.6,89.6,0.2,29.2,3.2,307,300,11.33,100
2024/8/5 8:00,1006.6,87.8,0.3,29.2,3.2,347,7,0.67,100
2024/8/5 8:15,1006.6,87.6,0.2,29.2,3.1,387,7,1.59,100
2024/8/5 8:30,1006.6,88.6,0,29.3,3.1,427,23,3.05,100
2024/8/5 8:45,1006.7,88.6,0,29.5,3,465,39,5.47,100
2024/8/5 9:00,1006.7,88.2,0,29.6,3,501,65,7.82,100
2024/8/5 9:15,1006.7,87,0,29.8,3,534,114,16.84,100
2024/8/5 9:30,1006.7,86.4,0,29.9,3,561,188,24.23,100
2024/8/5 9:45,1006.7,85,0.1,30.1,3.1,582,189,22.66,100
2024/8/5 10:00,1006.7,83.8,0,30.3,3.3,595,246,35.07,100
2024/8/5 10:15,1006.7,83.8,0,30.3,3.4,600,272,27.59,100
2024/8/5 10:30,1006.7,84.3,0,30,3.5,599,172,22.77,100
2024/8/5 10:45,1006.7,84.4,0,30,3.7,592,273,33.52,100
2024/8/5 11:00,1006.7,82.4,0.2,30.1,4,581,265,30.94,100
2024/8/5 11:15,1006.7,82.9,0.1,29.9,4.2,565,313,37.4,100
2024/8/5 11:30,1006.7,83.1,0,30,4.4,546,335,51.18,100
2024/8/5 11:45,1006.7,82.7,0,30.1,4.4,526,291,34.39,100
2024/8/5 12:00,1006.7,82.1,0,29.9,4.4,506,462,44.25,100
2024/8/5 12:15,1006.6,81.5,0,29.9,4.5,488,298,35.88,100
2024/8/5 12:30,1006.7,80.4,0,30.2,4.6,471,403,48.98,100
2024/8/5 12:45,1006.7,81.9,0,30.2,4.9,459,481,50.03,100
2024/8/5 13:00,1006.7,80.3,0,30.3,5.2,449,400,53.23,100
2024/8/5 13:15,1006.7,79.7,0,30.3,5.3,442,398,45.58,100
2024/8/5 13:30,1006.7,79.8,0,30.3,5.3,435,279,40.13,100
2024/8/5 13:45,1006.6,80.4,0,30.1,5.3,430,304,30.6,100
2024/8/5 14:00,1006.6,80.3,0,30,5.5,423,232,31.34,100
2024/8/5 14:15,1006.6,79.2,0,30,5.7,415,350,40.89,100
2024/8/5 14:30,1006.6,81.2,0,29.7,5.7,405,430,53.94,100
2024/8/5 14:45,1006.6,81.4,0,29.5,5.7,393,415,50.86,100
2024/8/5 15:00,1006.6,79.3,0,29.5,5.6,376,337,40.28,100
2024/8/5 15:15,1006.6,76,0,29.5,5.5,357,438,75.23,100
2024/8/5 15:30,1006.6,76.7,0,29.2,5.5,333,658,75.37,100
2024/8/5 15:45,1006.6,75.8,0,29.3,5.4,306,474,57.24,100
2024/8/5 16:00,1006.6,77.3,0,29.4,5.4,275,344,49.61,100
2024/8/5 16:15,1006.6,77.5,0.2,29.3,5.3,243,340,48.58,100
2024/8/5 16:30,1006.6,77.6,0.2,29.2,5.2,210,498,50.68,100
2024/8/5 16:45,1006.6,77.7,0.2,29.1,5.2,177,181,20.47,100
2024/8/5 17:00,1006.6,78.1,0,29.1,5.2,147,371,32.26,100
2024/8/5 17:15,1006.6,78,0.2,29.2,5.1,118,377,34.51,100
2024/8/5 17:30,1006.6,80.2,0.2,29,5,93,230,25.4,100
2024/8/5 17:45,1006.6,80.9,0.2,28.9,5,71,238,18.91,100
2024/8/5 18:00,1006.6,81.2,0,28.8,5,52,174,12.41,100
2024/8/5 18:15,1006.6,81.1,0.2,28.8,4.9,36,114,7.27,100
2024/8/5 18:30,1006.6,82.6,0.2,28.7,4.8,24,67,4.81,100
2024/8/5 18:45,1006.6,82.4,0,28.8,4.7,13,28,2.71,100
2024/8/5 19:00,1006.6,82.7,0.2,28.8,4.6,4,0,0,100
2024/8/5 19:15,1006.6,81.3,0.2,28.8,4.6,0,0,0,100
2024/8/5 19:30,1006.6,80.7,0,28.9,4.7,0,0,0,100
2024/8/5 19:45,1006.6,81.6,0,28.9,4.6,0,0,0,100
2024/8/5 20:00,1006.6,85.4,0.1,28.6,4.6,0,0,0,100
2024/8/5 20:15,1006.6,85.7,0,28.5,4.5,0,0,0,100
2024/8/5 20:30,1006.6,85.7,0,28.4,4.6,0,0,0,100
2024/8/5 20:45,1006.6,85.2,0,28.4,4.7,0,0,0,100
2024/8/5 21:00,1006.6,84.4,0,28.4,4.8,0,0,0,100
2024/8/5 21:15,1006.6,82.9,0,28.5,4.7,0,0,0,100
2024/8/5 21:30,1006.6,83.1,0,28.5,4.5,0,0,0,100
2024/8/5 21:45,1006.6,84.9,0,28.3,4.4,0,0,0,100
2024/8/5 22:00,1006.6,86.3,0,28.2,4.4,0,0,0,100
2024/8/5 22:15,1006.6,87.2,0,28.1,4.3,0,0,0,100
2024/8/5 22:30,1006.6,89,0,27.9,4.3,0,0,0,100
2024/8/5 22:45,1006.6,88.3,0,28.1,4.2,0,0,0,100
2024/8/5 23:00,1006.6,88.9,0,28.1,4.1,0,0,0,100
2024/8/5 23:15,1006.6,92.1,0,27.9,4,0,0,0,100
2024/8/5 23:30,1006.6,92.3,0,27.9,3.9,0,0,0,100
2024/8/5 23:45,1006.6,92.4,0,27.8,3.9,0,0,0,100
2024/8/6 0:00,1006.6,89.9,0,26.6,3.6,0,0,0,100
2024/8/6 0:15,1006.6,90,0,26.5,3.5,0,0,0,100
2024/8/6 0:30,1006.6,91.6,0,26.5,3.3,0,0,0,100
2024/8/6 0:45,1006.6,92.5,0,26.4,3.3,0,0,0,100
2024/8/6 1:00,1006.6,92.9,0,26.4,3.3,0,0,0,100
2024/8/6 1:15,1006.6,92.9,0,26.4,3.3,0,0,0,100
2024/8/6 1:30,1006.6,93.2,0,26.4,3.3,0,0,0,100
2024/8/6 1:45,1006.6,93.7,0,26.3,3.2,0,0,0,100
2024/8/6 2:00,1006.6,93.8,0,26.3,3.1,0,0,0,100
2024/8/6 2:15,1006.6,93.8,0,26.4,3.1,0,0,0,100
2024/8/6 2:30,1006.6,93.9,0,26.4,3,0,0,0,100
2024/8/6 2:45,1006.6,94,0.1,26.4,2.9,0,0,0,100
2024/8/6 3:00,1006.6,94,0,26.3,2.8,0,0,0,100
2024/8/6 3:15,1006.6,94,0,26.3,2.8,0,0,0,100
2024/8/6 3:30,1006.6,93.5,0.1,26.3,2.8,0,0,0,100
2024/8/6 3:45,1006.6,93,0,26.3,2.7,0,0,0,100
2024/8/6 4:00,1006.6,93.1,0.1,26.3,2.7,0,0,0,100
2024/8/6 4:15,1006.6,93.2,0.1,26.3,2.7,0,0,0,100
2024/8/6 4:30,1006.6,93.5,0,26.2,2.7,0,0,0,100
2024/8/6 4:45,1006.6,93.8,0.2,26.2,2.8,0,0,0,100
2024/8/6 5:00,1006.6,93.9,0.1,26.2,2.8,0,0,0,100
2024/8/6 5:15,1006.6,94,0.2,26.2,2.9,0,0,0,100
2024/8/6 5:30,1006.6,93.6,0.1,26.2,3,13,12,1.64,100
2024/8/6 5:45,1006.6,93.6,0.1,26.3,3,36,33,3.52,100
2024/8/6 6:00,1006.6,94.3,0.2,26.2,3.2,59,32,4.35,100
2024/8/6 6:15,1006.6,94.7,0,26.3,3.3,83,59,6.14,100
2024/8/6 6:30,1006.6,94.1,0,26.4,3.3,108,95,11.2,100
2024/8/6 6:45,1006.6,92.5,0,26.6,3.3,134,109,14.74,100
2024/8/6 7:00,1006.6,90.7,0,26.6,3.4,162,110,15.18,100
2024/8/6 7:15,1006.6,89,0,26.7,3.5,193,238,31.23,100
2024/8/6 7:30,1006.6,88.6,0.1,26.8,3.5,227,225,21.98,100
2024/8/6 7:45,1006.6,88,0,26.9,3.5,263,162,18.39,100
2024/8/6 8:00,1006.6,88.3,0,26.9,3.5,301,181,20.93,100
2024/8/6 8:15,1006.6,87.9,0.1,26.9,3.5,341,233,27.92,100
2024/8/6 8:30,1006.6,87.1,0.1,27,3.4,380,411,40.67,100
2024/8/6 8:45,1006.6,86.7,0,27.1,3.3,419,434,41.63,100
2024/8/6 9:00,1006.6,86,0,27.3,3.3,456,547,61.69,100
2024/8/6 9:15,1006.6,84.9,0.1,27.6,3.2,490,440,58.71,100
2024/8/6 9:30,1006.6,84.3,0.1,27.8,3.2,518,342,34.8,100
2024/8/6 9:45,1006.6,84.7,0,27.8,3.2,541,396,37.62,100
2024/8/6 10:00,1006.6,83.6,0.2,28,3.3,558,442,43.69,100
2024/8/6 10:15,1006.6,83.5,0,28.1,3.3,570,217,33.8,100
2024/8/6 10:30,1006.6,83.1,0,28.2,3.3,577,242,10.18,100
2024/8/6 10:45,1006.6,82.5,0,28.2,3.4,578,142,15,100
2024/8/6 11:00,1006.6,81,0,28.2,3.4,575,166,25.69,100
2024/8/6 11:15,1006.6,79.9,0,28.4,3.4,567,194,35.29,100
2024/8/6 11:30,1006.6,77.8,0,28.5,3.3,555,307,26.21,100
2024/8/6 11:45,1006.6,75.6,0,28.9,3.1,539,204,42.63,100
2024/8/6 12:00,1006.6,73.7,0,29.3,2.9,520,328,18.79,100
2024/8/6 12:15,1006.6,71.6,0,29.5,2.7,498,246,41.21,100
2024/8/6 12:30,1006.6,71.6,0,29.7,2.6,474,398,65.98,100
2024/8/6 12:45,1006.6,71.3,0,29.8,2.4,448,711,92.31,100
2024/8/6 13:00,1006.6,70.6,0,29.9,2.4,416,345,40.46,100
2024/8/6 13:15,1006.6,70.2,0,30,2.4,379,358,44.42,100
2024/8/6 13:30,1006.6,70.5,0,30.1,2.4,339,468,53.68,100
2024/8/6 13:45,1006.6,69.9,0,30,2.5,297,362,45.47,100
2024/8/6 14:00,1006.6,70.3,0,29.9,2.6,254,273,29.87,100
2024/8/6 14:15,1006.6,72.5,0,29.7,2.7,214,251,30.92,100
2024/8/6 14:30,1006.6,73.5,0,29.8,2.7,176,375,45.17,100
2024/8/6 14:45,1006.6,73.6,0,29.9,2.8,143,346,43.32,100
2024/8/6 15:00,1006.6,73,0,29.9,2.9,114,369,78.69,100
2024/8/6 15:15,1006.6,72.9,0,29.9,2.8,91,696,71.37,100
2024/8/6 15:30,1006.6,73.1,0,29.9,2.7,75,607,75.76,100
2024/8/6 15:45,1006.6,73.5,0,29.9,2.7,65,481,71.11,100
2024/8/6 16:00,1006.6,74.1,0,29.9,2.6,61,563,63.18,100
2024/8/6 16:15,1006.6,74.5,0,29.8,2.6,60,514,47.68,100
2024/8/6 16:30,1006.6,75.4,0,29.8,2.5,62,505,42.79,100
2024/8/6 16:45,1006.6,75.7,0,29.8,2.4,64,325,20.9,100
2024/8/6 17:00,1006.6,75.1,0,29.8,2.4,67,201,26.66,100
2024/8/6 17:15,1006.6,75.3,0,29.8,2.4,67,331,25.72,100
2024/8/6 17:30,1006.6,76.5,0,29.7,2.4,66,253,20.54,100
2024/8/6 17:45,1006.6,77,0,29.6,2.4,62,173,13.04,100
2024/8/6 18:00,1006.6,78.3,0,29.4,2.5,55,128,9.12,100
2024/8/6 18:15,1006.6,79.7,0,29.2,2.5,46,81,6.06,100
2024/8/6 18:30,1006.6,81,0,29,2.5,34,50,4.09,100
2024/8/6 18:45,1006.6,82.6,0,28.9,2.6,21,20,2.18,100
2024/8/6 19:00,1006.6,83.2,0,28.7,2.6,7,0,0,100
2024/8/6 19:15,1006.6,83.5,0,28.6,2.7,0,0,0,100
2024/8/6 19:30,1006.6,83.7,0,28.5,2.7,0,0,0,100
2024/8/6 19:45,1006.6,84,0,28.5,2.7,0,0,0,100
2024/8/6 20:00,1006.6,84.6,0,28.4,2.7,0,0,0,100
2024/8/6 20:15,1006.6,85.2,0,28.3,2.8,0,0,0,100
2024/8/6 20:30,1006.6,85.8,0,28.1,2.8,0,0,0,100
2024/8/6 20:45,1006.6,86.6,0,28,2.8,0,0,0,100
2024/8/6 21:00,1006.6,87.4,0,27.9,2.8,0,0,0,100
2024/8/6 21:15,1006.6,88.4,0,27.8,2.9,0,0,0,100
2024/8/6 21:30,1006.6,89.2,0,27.7,2.9,0,0,0,100
2024/8/6 21:45,1006.6,89.7,0,27.6,2.9,0,0,0,100
2024/8/6 22:00,1006.6,89.8,0,27.6,2.9,0,0,0,100
2024/8/6 22:15,1006.6,90.2,0,27.5,2.9,0,0,0,100
2024/8/6 22:30,1006.6,90.6,0,27.4,2.9,0,0,0,100
2024/8/6 22:45,1006.6,91.1,0,27.3,2.9,0,0,0,100
2024/8/6 23:00,1006.6,91.5,0,27.3,2.9,0,0,0,100
2024/8/6 23:15,1006.6,91.7,0,27.2,2.9,0,0,0,100
2024/8/6 23:30,1006.6,92.1,0,27.1,2.9,0,0,0,100
2024/8/6 23:45,1006.6,92.4,0,27,2.9,0,0,0,100
2024/8/7 0:00,1006.6,90.6,0.1,26.7,3,0,0,0,100
2024/8/7 0:15,1006.6,90.7,0,26.6,3,0,0,0,100
2024/8/7 0:30,1006.6,90.6,0,26.6,3,0,0,0,100
2024/8/7 0:45,1006.6,90.2,0.1,26.6,3,0,0,0,100
2024/8/7 1:00,1006.6,89.8,0,26.6,3,0,0,0,100
2024/8/7 1:15,1006.6,89.7,0.1,26.6,3,0,0,0,100
2024/8/7 1:30,1006.6,89.9,0,26.5,3,0,0,0,100
2024/8/7 1:45,1006.6,90.2,0,26.5,3.1,0,0,0,100
2024/8/7 2:00,1006.6,90.8,0,26.4,3.1,0,0,0,100
2024/8/7 2:15,1006.6,91.8,0,26.4,3.1,0,0,0,100
2024/8/7 2:30,1006.6,92.4,0,26.3,3.2,0,0,0,100
2024/8/7 2:45,1006.6,92.9,0.1,26.3,3.2,0,0,0,100
2024/8/7 3:00,1006.6,93.7,0,26.3,3.2,0,0,0,100
2024/8/7 3:15,1006.6,94.3,0.1,26.3,3.2,0,0,0,100
2024/8/7 3:30,1006.6,94.8,0,26.3,3.1,0,0,0,100
2024/8/7 3:45,1006.6,95.1,0,26.3,3,0,0,0,100
2024/8/7 4:00,1006.6,95.5,0.1,26.3,3,0,0,0,100
2024/8/7 4:15,1006.6,95.4,0,26.3,3,0,0,0,100
2024/8/7 4:30,1006.6,95.3,0.1,26.3,2.9,0,0,0,100
2024/8/7 4:45,1006.6,95.3,0,26.3,2.8,0,0,0,100
2024/8/7 5:00,1006.6,95.3,0,26.3,2.8,0,0,0,100
2024/8/7 5:15,1006.6,95.2,0,26.3,2.7,0,0,0,100
2024/8/7 5:30,1006.6,95.1,0,26.3,2.7,11,13,1.63,100
2024/8/7 5:45,1006.6,95.1,0.1,26.3,2.7,33,36,3.76,100
2024/8/7 6:00,1006.6,95,0,26.4,2.8,56,70,5.85,100
2024/8/7 6:15,1006.6,94.6,0.1,26.5,2.8,78,106,8.89,100
2024/8/7 6:30,1006.6,94,0,26.7,2.8,100,143,12.47,100
2024/8/7 6:45,1006.6,93.1,0,26.9,2.9,122,196,17.9,100
2024/8/7 7:00,1006.6,92.1,0,27.2,2.9,143,247,23.21,100
2024/8/7 7:15,1006.6,91,0,27.5,3,164,292,29.49,100
2024/8/7 7:30,1006.6,89.8,0,27.8,3.1,183,343,35.53,100
2024/8/7 7:45,1006.6,88.9,0,28.1,3.1,202,398,42.52,100
2024/8/7 8:00,1006.6,87.6,0,28.4,3.2,219,440,49.17,100
2024/8/7 8:15,1006.7,85.8,0,28.6,3.3,236,506,56.5,100
2024/8/7 8:30,1006.7,85.2,0,28.7,3.3,252,515,60.31,100
2024/8/7 8:45,1006.7,85.6,0,28.8,3.4,267,575,60.44,100
2024/8/7 9:00,1006.7,85,0,28.9,3.5,282,619,66.33,100
2024/8/7 9:15,1006.7,84,0.1,29.1,3.5,297,679,72.55,100
2024/8/7 9:30,1006.7,83.2,0.1,29.2,3.6,313,654,66.84,100
2024/8/7 9:45,1006.7,81.9,0,29.4,3.7,328,605,47.34,100
2024/8/7 10:00,1006.7,81.4,0,29.5,3.7,345,816,63.52,100
2024/8/7 10:15,1006.7,81.6,0,29.6,3.8,362,819,80.11,100
2024/8/7 10:30,1006.7,80.4,0,29.8,3.8,379,832,99.04,100
2024/8/7 10:45,1006.7,79.6,0,29.9,3.7,397,894,63.8,100
2024/8/7 11:00,1006.7,78.6,0,30,3.6,414,921,64.4,100
2024/8/7 11:15,1006.7,77.7,0,30.1,3.6,431,953,64.82,100
2024/8/7 11:30,1006.7,77.3,0,30.1,3.4,446,961,61.83,100
2024/8/7 11:45,1006.7,77.7,0,30.1,3.3,460,977,83.36,100
2024/8/7 12:00,1006.7,76.6,0,30.2,3.2,471,320,98.47,100
2024/8/7 12:15,1006.7,75.4,0,30.3,3.1,481,960,99.91,100
2024/8/7 12:30,1006.7,75,0,30.3,2.9,487,958,99.45,100
2024/8/7 12:45,1006.7,75,0,30.3,2.9,491,954,61.78,100
2024/8/7 13:00,1006.7,76,0,30.2,2.9,494,653,71.8,100
2024/8/7 13:15,1006.7,76.7,0,30.2,3,495,953,69.76,100
2024/8/7 13:30,1006.7,76.1,0,30.3,3.1,496,876,80.61,100
2024/8/7 13:45,1006.7,75.7,0,30.5,3.2,494,823,98.36,100
2024/8/7 14:00,1006.7,75.6,0,30.6,3.4,489,802,97.69,100
2024/8/7 14:15,1006.7,78.6,0,30.4,3.5,482,780,81.05,100
2024/8/7 14:30,1006.7,80.4,0,30.1,3.7,471,736,72.99,100
2024/8/7 14:45,1006.7,81.5,0,30,3.9,456,629,63.06,100
2024/8/7 15:00,1006.7,81.7,0,29.9,4.2,438,556,49.8,100
2024/8/7 15:15,1006.7,81.3,0,29.9,4.4,415,653,85.47,100
2024/8/7 15:30,1006.6,83.7,0,29.7,4.5,389,428,23.19,100
2024/8/7 15:45,1006.6,85.4,0,29.5,4.6,358,349,39.84,100
2024/8/7 16:00,1006.6,87.8,0.2,29.1,4.6,324,623,63.1,100
2024/8/7 16:15,1006.6,87.9,0.3,29,4.6,287,288,43.42,100
2024/8/7 16:30,1006.6,87.1,0,28.8,4.5,250,329,33.7,100
2024/8/7 16:45,1006.6,88.7,0.2,28.5,4.4,212,191,30.34,100
2024/8/7 17:00,1006.6,87.1,0.1,28.6,4.3,176,366,20.8,100
2024/8/7 17:15,1006.6,86.2,0,28.6,4,143,135,16.82,100
2024/8/7 17:30,1006.6,86.3,0,28.5,3.8,113,212,18.82,100
2024/8/7 17:45,1006.6,85.9,0,28.6,3.7,87,77,8.45,100
2024/8/7 18:00,1006.6,86.1,0,28.4,3.5,64,84,8.17,100
2024/8/7 18:15,1006.6,86,0,28.3,3.4,45,65,6.85,100
2024/8/7 18:30,1006.6,85.9,0,28.2,3.3,29,29,3.72,100
2024/8/7 18:45,1006.6,86.3,0,28.1,3.4,16,13,1.83,100
2024/8/7 19:00,1006.6,87,0,27.9,3.4,4,0,0,100
2024/8/7 19:15,1006.6,87.5,0,27.8,3.4,0,0,0,100
2024/8/7 19:30,1006.6,87.5,0,27.9,3.3,0,0,0,100
2024/8/7 19:45,1006.6,86.8,0,27.9,3.2,0,0,0,100
2024/8/7 20:00,1006.6,87.7,0,27.8,3.1,0,0,0,100
2024/8/7 20:15,1006.6,88.2,0,27.7,3,0,0,0,100
2024/8/7 20:30,1006.6,88.6,0,27.7,2.9,0,0,0,100
2024/8/7 20:45,1006.6,88.6,0,27.7,2.9,0,0,0,100
2024/8/7 21:00,1006.6,88.5,0,27.6,2.8,0,0,0,100
2024/8/7 21:15,1006.6,88.8,0,27.6,2.7,0,0,0,100
2024/8/7 21:30,1006.6,89.7,0,27.5,2.7,0,0,0,100
2024/8/7 21:45,1006.6,90.3,0,27.5,2.7,0,0,0,100
2024/8/7 22:00,1006.6,90.5,0,27.4,2.7,0,0,0,100
2024/8/7 22:15,1006.6,90.2,0,27.5,2.8,0,0,0,100
2024/8/7 22:30,1006.6,89.8,0,27.4,2.9,0,0,0,100
2024/8/7 22:45,1006.6,89.8,0,27.4,3.1,0,0,0,100
2024/8/7 23:00,1006.6,90.6,0,27.4,3.1,0,0,0,100
2024/8/7 23:15,1006.6,91.2,0,27.3,3.1,0,0,0,100
2024/8/7 23:30,1006.6,91.4,0,27.2,3.1,0,0,0,100
2024/8/7 23:45,1006.6,91.4,0,27.1,3.1,0,0,0,100
2024/8/8 0:00,1006.6,92.5,0,27.8,2.2,0,0,0,100
2024/8/8 0:15,1006.6,92.1,0,27.8,2.3,0,0,0,100
2024/8/8 0:30,1006.6,92.3,0,27.7,2.3,0,0,0,100
2024/8/8 0:45,1006.6,92.5,0,27.6,2.3,0,0,0,100
2024/8/8 1:00,1006.6,92.3,0,27.6,2.3,0,0,0,100
2024/8/8 1:15,1006.6,92.8,0,27.5,2.4,0,0,0,100
2024/8/8 1:30,1006.6,93.5,0,27.4,2.4,0,0,0,100
2024/8/8 1:45,1006.6,93.9,0,27.4,2.4,0,0,0,100
2024/8/8 2:00,1006.6,93.9,0,27.4,2.5,0,0,0,100
2024/8/8 2:15,1006.6,93.5,0,27.4,2.6,0,0,0,100
2024/8/8 2:30,1006.6,92.3,0,27.4,2.6,0,0,0,100
2024/8/8 2:45,1006.6,92.3,0,27.3,2.7,0,0,0,100
2024/8/8 3:00,1006.6,92.2,0,27.3,2.8,0,0,0,100
2024/8/8 3:15,1006.6,92,0,27.3,2.8,0,0,0,100
2024/8/8 3:30,1006.6,91.6,0,27.3,2.8,0,0,0,100
2024/8/8 3:45,1006.6,90.7,0,27.2,2.8,0,0,0,100
2024/8/8 4:00,1006.6,88.3,0,27.3,2.8,0,0,0,100
2024/8/8 4:15,1006.6,87.1,0,27.2,2.8,0,0,0,100
2024/8/8 4:30,1006.6,86.2,0,27.1,2.8,0,0,0,100
2024/8/8 4:45,1006.6,86.2,0,27.1,2.8,0,0,0,100
2024/8/8 5:00,1006.6,87.1,0,27,2.8,0,0,0,100
2024/8/8 5:15,1006.6,87.5,0,26.9,2.7,0,0,0,100
2024/8/8 5:30,1006.6,88.2,0,26.9,2.7,13,7,1.21,100
2024/8/8 5:45,1006.6,89.5,0,26.8,2.6,41,32,3.19,100
2024/8/8 6:00,1006.6,89.8,0,26.8,2.6,70,67,4.76,100
2024/8/8 6:15,1006.6,90,0,26.8,2.5,99,104,7.73,100
2024/8/8 6:30,1006.6,89.7,0,26.9,2.4,129,150,12.08,100
2024/8/8 6:45,1006.6,88.8,0,27.2,2.3,160,198,18.46,100
2024/8/8 7:00,1006.6,88,0,27.4,2.3,192,245,23.83,100
2024/8/8 7:15,1006.6,87.5,0,27.6,2.2,226,313,32.19,100
2024/8/8 7:30,1006.6,87.3,0,27.8,2.2,262,358,38.74,100
2024/8/8 7:45,1006.6,86.8,0,28,2.2,299,420,45.91,100
2024/8/8 8:00,1006.6,86.6,0,28.1,2.2,337,472,53.63,100
2024/8/8 8:15,1006.6,86.3,0,28.2,2.3,375,518,59.76,100
2024/8/8 8:30,1006.6,85.9,0,28.4,2.3,414,569,66.61,100
2024/8/8 8:45,1006.6,84.8,0,28.6,2.3,453,588,72.73,100
2024/8/8 9:00,1006.6,83.6,0,28.8,2.4,490,633,77.35,100
2024/8/8 9:15,1006.6,83.2,0,28.9,2.5,525,677,82.69,100
2024/8/8 9:30,1006.7,82.9,0,29.1,2.5,557,706,88.05,100
2024/8/8 9:45,1006.7,81.8,0,29.3,2.6,585,694,92.91,100
2024/8/8 10:00,1006.7,80.5,0,29.4,2.6,612,806,96.78,100
2024/8/8 10:15,1006.7,79.6,0,29.6,2.7,637,839,97.61,100
2024/8/8 10:30,1006.7,78.8,0,29.7,2.7,659,585,79.03,100
2024/8/8 10:45,1006.7,78.2,0,29.8,2.8,678,876,43.49,100
2024/8/8 11:00,1006.7,78.1,0,29.8,2.8,694,928,62.61,100
2024/8/8 11:15,1006.7,77.6,0,29.9,2.9,705,926,98.74,100
2024/8/8 11:30,1006.7,77.3,0,30,2.9,712,940,99.64,100
2024/8/8 11:45,1006.7,77.4,0,30.1,2.9,714,943,100,100
2024/8/8 12:00,1006.7,77.7,0,30.1,2.9,711,943,100,100
2024/8/8 12:15,1006.7,77.7,0,30.1,3,701,928,100,100
2024/8/8 12:30,1006.7,76.9,0,30.2,3,685,963,100,100
2024/8/8 12:45,1006.7,76.7,0,30.1,3.1,663,932,100,100
2024/8/8 13:00,1006.7,77.9,0,30,3.3,632,924,100,100
2024/8/8 13:15,1006.7,78,0,30.1,3.4,594,900,100,100
2024/8/8 13:30,1006.7,77.5,0,30.2,3.6,551,880,99.97,100
2024/8/8 13:45,1006.7,77.3,0,30.2,3.7,503,856,99.65,100
2024/8/8 14:00,1006.7,77.7,0,30.1,3.8,454,821,99.29,100
2024/8/8 14:15,1006.7,77.3,0,30.1,4,404,792,97.73,100
2024/8/8 14:30,1006.7,77.7,0,30,4.2,355,719,93.58,100
2024/8/8 14:45,1006.7,78.4,0,29.9,4.5,308,720,89,100
2024/8/8 15:00,1006.6,78.4,0,29.9,4.7,265,669,84.21,100
2024/8/8 15:15,1006.6,79.2,0,29.9,4.8,226,643,77.96,100
2024/8/8 15:30,1006.6,78.6,0,29.8,4.8,193,610,72.65,100
2024/8/8 15:45,1006.6,80.4,0,29.6,4.9,165,448,62.61,100
2024/8/8 16:00,1006.6,79.4,0,29.6,5,140,554,57.6,100
2024/8/8 16:15,1006.6,79.4,0,29.6,5,118,466,52.42,100
2024/8/8 16:30,1006.6,79.6,0,29.6,5,99,409,45.47,100
2024/8/8 16:45,1006.6,79.6,0,29.6,4.9,82,362,38.19,100
2024/8/8 17:00,1006.6,79.5,0,29.6,4.8,67,304,31.07,100
2024/8/8 17:15,1006.6,79.3,0,29.6,4.6,55,253,24.08,100
2024/8/8 17:30,1006.6,79.2,0,29.6,4.5,43,216,18.68,100
2024/8/8 17:45,1006.6,79.6,0,29.6,4.3,34,158,12.87,100
2024/8/8 18:00,1006.6,80,0,29.6,4.1,25,116,9.06,100
2024/8/8 18:15,1006.6,80.5,0,29.5,3.9,18,73,5.6,100
2024/8/8 18:30,1006.6,81.2,0,29.4,3.7,12,41,3.84,100
2024/8/8 18:45,1006.6,81.8,0,29.3,3.4,6,15,1.92,100
2024/8/8 19:00,1006.6,82.6,0,29.2,3.2,1,0,0,100
2024/8/8 19:15,1006.6,83.7,0,29.1,3,0,0,0,100
2024/8/8 19:30,1006.6,84.9,0,29,2.8,0,0,0,100
2024/8/8 19:45,1006.6,86,0,28.9,2.6,0,0,0,100
2024/8/8 20:00,1006.6,86.9,0,28.8,2.5,0,0,0,100
2024/8/8 20:15,1006.7,87.6,0,28.8,2.4,0,0,0,100
2024/8/8 20:30,1006.6,88.1,0,28.7,2.4,0,0,0,100
2024/8/8 20:45,1006.6,88.7,0,28.6,2.4,0,0,0,100
2024/8/8 21:00,1006.6,89.2,0,28.5,2.5,0,0,0,100
2024/8/8 21:15,1006.6,89.7,0,28.5,2.6,0,0,0,100
2024/8/8 21:30,1006.6,90.1,0,28.4,2.8,0,0,0,100
2024/8/8 21:45,1006.6,90.4,0,28.3,2.9,0,0,0,100
2024/8/8 22:00,1006.6,90.6,0,28.2,3,0,0,0,100
2024/8/8 22:15,1006.6,91,0,28.1,3.1,0,0,0,100
2024/8/8 22:30,1006.6,91.6,0,28,3.2,0,0,0,100
2024/8/8 22:45,1006.6,92.2,0,27.9,3.2,0,0,0,100
2024/8/8 23:00,1006.6,92.7,0,27.8,3.2,0,0,0,100
2024/8/8 23:15,1006.6,93,0,27.7,3.2,0,0,0,100
2024/8/8 23:30,1006.6,93.3,0,27.6,3.1,0,0,0,100
2024/8/8 23:45,1006.6,93.5,0,27.5,3.1,0,0,0,100
2024/8/9 0:00,1006.6,93.4,0,27.5,3,0,0,0,100
2024/8/9 0:15,1006.6,93.8,0,27.4,2.9,0,0,0,100
2024/8/9 0:30,1006.6,93.9,0,27.3,2.9,0,0,0,100
2024/8/9 0:45,1006.6,94,0,27.3,2.9,0,0,0,100
2024/8/9 1:00,1006.6,94.1,0,27.2,2.8,0,0,0,100
2024/8/9 1:15,1006.6,94.4,0,27.1,2.8,0,0,0,100
2024/8/9 1:30,1006.6,94.5,0,27.1,2.8,0,0,0,100
2024/8/9 1:45,1006.6,94.7,0,27,2.8,0,0,0,100
2024/8/9 2:00,1006.6,94.9,0,26.9,2.8,0,0,0,100
2024/8/9 2:15,1006.6,95.4,0,26.9,2.7,0,0,0,100
2024/8/9 2:30,1006.6,95.8,0,26.8,2.7,0,0,0,100
2024/8/9 2:45,1006.6,96.1,0,26.8,2.7,0,0,0,100
2024/8/9 3:00,1006.6,96.5,0,26.7,2.6,0,0,0,100
2024/8/9 3:15,1006.6,96.8,0,26.7,2.6,0,0,0,100
2024/8/9 3:30,1006.6,97.1,0,26.6,2.6,0,0,0,100
2024/8/9 3:45,1006.6,97.4,0,26.6,2.6,0,0,0,100
2024/8/9 4:00,1006.6,97.7,0,26.5,2.5,0,0,0,100
2024/8/9 4:15,1006.6,97.9,0,26.5,2.5,0,0,0,100
2024/8/9 4:30,1006.6,98.1,0,26.4,2.5,0,0,0,100
2024/8/9 4:45,1006.6,98.1,0,26.4,2.5,0,0,0,100
2024/8/9 5:00,1006.6,98.2,0,26.4,2.5,0,0,0,100
2024/8/9 5:15,1006.6,98.4,0,26.4,2.5,0,0,0,100
2024/8/9 5:30,1006.6,98.5,0,26.4,2.5,8,0,0,100
2024/8/9 5:45,1006.6,98.6,0,26.4,2.5,29,35,3.84,100
2024/8/9 6:00,1006.6,98.8,0,26.4,2.6,50,62,6.11,100
2024/8/9 6:15,1006.6,98.8,0,26.4,2.7,72,73,8.3,100
2024/8/9 6:30,1006.6,98.6,0,26.5,2.7,95,152,14.53,100
2024/8/9 6:45,1006.6,98,0,26.7,2.7,120,209,18.81,100
2024/8/9 7:00,1006.6,97,0.1,26.8,2.8,147,236,24,100
2024/8/9 7:15,1006.6,95.8,0,27,2.8,177,287,30.4,100
2024/8/9 7:30,1006.6,94.5,0.1,27.2,2.9,210,264,30.46,100
2024/8/9 7:45,1006.6,93.4,0,27.4,3,245,369,41.5,100
2024/8/9 8:00,1006.6,92.1,0,27.7,3,283,408,46.91,100
2024/8/9 8:15,1006.6,90.3,0,28,3.2,323,503,55.51,100
2024/8/9 8:30,1006.6,88.6,0,28.3,3.2,364,349,40.37,100
2024/8/9 8:45,1006.6,87.3,0,28.6,3.4,406,356,43.76,100
2024/8/9 9:00,1006.6,85.8,0.1,28.8,3.5,447,263,29.45,100
2024/8/9 9:15,1006.6,84,0,29,3.7,486,402,59.31,100
2024/8/9 9:30,1006.6,82,0,29.3,3.8,523,634,56.02,100
2024/8/9 9:45,1006.6,80.3,0,29.5,4,556,498,50.09,100
2024/8/9 10:00,1006.6,78.9,0,29.7,4,585,423,54.99,100
2024/8/9 10:15,1006.6,78.2,0,29.8,4,611,910,94.07,100
2024/8/9 10:30,1006.6,77.2,0,29.9,4,633,801,65.3,100
2024/8/9 10:45,1006.6,76.3,0,30,4,653,978,93.79,100
2024/8/9 11:00,1006.6,75.6,0.2,30.1,3.9,668,849,72.16,100
2024/8/9 11:15,1006.6,75.2,0,30.3,3.8,681,689,93.06,100
2024/8/9 11:30,1006.6,74.9,0,30.4,3.8,690,594,82.58,100
2024/8/9 11:45,1006.7,74.6,0,30.5,3.7,697,611,59.69,100
2024/8/9 12:00,1006.7,74,0,30.6,3.6,701,429,58.75,100
2024/8/9 12:15,1006.7,73.2,0,30.8,3.7,702,455,65.6,100
2024/8/9 12:30,1006.7,72.3,0,30.9,3.7,701,386,54.99,100
2024/8/9 12:45,1006.7,71.5,0,31,3.8,698,625,61.05,100
2024/8/9 13:00,1006.7,71.1,0,31,3.8,694,1040,87.94,100
2024/8/9 13:15,1006.6,71.6,0,31,3.9,688,525,50.02,100
2024/8/9 13:30,1006.6,72.5,0,31.1,4,680,555,77.47,100
2024/8/9 13:45,1006.6,72.1,0,31.1,4.1,669,473,63.48,100
2024/8/9 14:00,1006.6,70.8,0,31.2,4.2,656,407,49.66,100
2024/8/9 14:15,1006.6,70.9,0,31.3,4.2,639,402,67.73,100
2024/8/9 14:30,1006.7,72.3,0,31.3,4.2,618,608,82.88,100
2024/8/9 14:45,1006.6,72.4,0,31.3,4.3,593,621,82.01,100
2024/8/9 15:00,1006.6,72.2,0,31.3,4.3,564,231,34.23,100
2024/8/9 15:15,1006.6,72.1,0,31.3,4.3,532,345,54.43,100
2024/8/9 15:30,1006.6,72.4,0,31.3,4.3,496,414,42.12,100
2024/8/9 15:45,1006.6,74.7,0.1,31,4.2,456,357,38.84,100
2024/8/9 16:00,1006.6,76.2,0,30.8,4.2,412,235,26.25,100
2024/8/9 16:15,1006.6,75.2,0,30.7,4.1,365,191,21.97,100
2024/8/9 16:30,1006.6,74.4,0,30.7,4.2,318,163,19.8,100
2024/8/9 16:45,1006.6,75.2,0,30.6,4.2,271,144,17.22,100
2024/8/9 17:00,1006.6,76,0,30.6,4.2,227,122,14.76,100
2024/8/9 17:15,1006.6,77.6,0,30.5,4.2,186,88,10.26,100
2024/8/9 17:30,1006.6,80.7,0,30.2,4.2,148,65,8.39,100
2024/8/9 17:45,1006.6,82.1,0,30.1,4.3,115,50,6.28,100
2024/8/9 18:00,1006.6,82.8,0,29.9,4.4,85,33,4.46,100
2024/8/9 18:15,1006.6,82.4,0,29.8,4.5,60,21,2.64,100
2024/8/9 18:30,1006.6,83.2,0,29.6,4.6,39,14,2.09,100
2024/8/9 18:45,1006.6,84.1,0,29.4,4.7,21,7,1.27,100
2024/8/9 19:00,1006.6,84.9,0,29.3,4.8,4,0,0,100
2024/8/9 19:15,1006.6,85.5,0,29.2,5,0,0,0,100
2024/8/9 19:30,1006.6,86,0,29.1,5.1,0,0,0,100
2024/8/9 19:45,1006.6,86.9,0,29,5.2,0,0,0,100
2024/8/9 20:00,1006.6,87.9,0,28.9,5.3,0,0,0,100
2024/8/9 20:15,1006.6,88.9,0,28.8,5.4,0,0,0,100
2024/8/9 20:30,1006.6,89.7,0,28.7,5.5,0,0,0,100
2024/8/9 20:45,1006.6,90.4,0,28.6,5.6,0,0,0,100
2024/8/9 21:00,1006.6,90.9,0,28.6,5.7,0,0,0,100
2024/8/9 21:15,1006.6,91.6,0,28.5,5.8,0,0,0,100
2024/8/9 21:30,1006.6,92.1,0,28.4,5.9,0,0,0,100
2024/8/9 21:45,1006.6,92.5,0,28.4,5.9,0,0,0,100
2024/8/9 22:00,1006.6,92.8,0,28.4,6,0,0,0,100
2024/8/9 22:15,1006.6,93,0,28.3,6,0,0,0,100
2024/8/9 22:30,1006.6,93.1,0,28.3,6,0,0,0,100
2024/8/9 22:45,1006.6,93.4,0,28.2,6.1,0,0,0,100
2024/8/9 23:00,1006.6,93.5,0,28.2,6.1,0,0,0,100
2024/8/9 23:15,1006.6,93.6,0,28.2,6.2,0,0,0,100
2024/8/9 23:30,1006.6,93.9,0,28.2,6.2,0,0,0,100
2024/8/9 23:45,1006.6,94.2,0,28.1,6.2,0,0,0,100
2024/8/10 0:00,1006.6,94.4,0,28,6.1,0,0,0,100
2024/8/10 0:15,1006.6,94.6,0,28,6.2,0,0,0,100
2024/8/10 0:30,1006.6,94.8,0,28,6.2,0,0,0,100
2024/8/10 0:45,1006.6,94.8,0,28,6.2,0,0,0,100
2024/8/10 1:00,1006.6,94.9,0,28,6.2,0,0,0,100
2024/8/10 1:15,1006.6,95,0,27.9,6.3,0,0,0,100
2024/8/10 1:30,1006.6,95,0,27.9,6.3,0,0,0,100
2024/8/10 1:45,1006.6,94.9,0,27.9,6.3,0,0,0,100
2024/8/10 2:00,1006.6,95,0,27.9,6.4,0,0,0,100
2024/8/10 2:15,1006.6,94.8,0,27.9,6.4,0,0,0,100
2024/8/10 2:30,1006.6,94.7,0,27.9,6.4,0,0,0,100
2024/8/10 2:45,1006.6,94.5,0,27.9,6.4,0,0,0,100
2024/8/10 3:00,1006.6,94.3,0,27.9,6.5,0,0,0,100
2024/8/10 3:15,1006.6,94.2,0,27.9,6.5,0,0,0,100
2024/8/10 3:30,1006.6,94,0,27.9,6.5,0,0,0,100
2024/8/10 3:45,1006.6,93.8,0,27.9,6.6,0,0,0,100
2024/8/10 4:00,1006.6,93.8,0,27.9,6.6,0,0,0,100
2024/8/10 4:15,1006.6,93.9,0,27.9,6.6,0,0,0,100
2024/8/10 4:30,1006.6,94,0,27.9,6.7,0,0,0,100
2024/8/10 4:45,1006.6,94.1,0,27.8,6.7,0,0,0,100
2024/8/10 5:00,1006.6,94.2,0,27.7,6.8,0,0,0,100
2024/8/10 5:15,1006.6,94.2,0,27.8,6.8,0,0,0,100
2024/8/10 5:30,1006.6,94.3,0,27.8,6.8,6,0,0,100
2024/8/10 5:45,1006.6,94.4,0,27.8,6.9,23,31,3.45,100
2024/8/10 6:00,1006.6,94.6,0,27.8,6.9,41,39,4.06,100
2024/8/10 6:15,1006.6,94.6,0,27.8,7,60,28,3.62,100
2024/8/10 6:30,1006.6,94.5,0,27.9,7,79,39,5.2,100
2024/8/10 6:45,1006.6,94.2,0,27.9,7,101,75,10.44,100
2024/8/10 7:00,1006.6,93.8,0,28,7.1,125,141,18.06,100
2024/8/10 7:15,1006.6,93.2,0,28.2,7.1,153,270,31.31,100
2024/8/10 7:30,1006.6,92.1,0,28.4,7.1,184,241,22.77,100
2024/8/10 7:45,1006.6,90.9,0,28.7,7.2,218,109,11.12,100
2024/8/10 8:00,1006.6,89.7,0,28.9,7.2,256,61,7.25,100
2024/8/10 8:15,1006.6,88.6,0,29.1,7.2,295,66,8.54,100
2024/8/10 8:30,1006.6,87.6,0,29.4,7.2,336,75,9.73,100
2024/8/10 8:45,1006.6,86.3,0,29.7,7.2,376,106,14.56,100
2024/8/10 9:00,1006.6,84.9,0,30,7.2,416,166,20.21,100
2024/8/10 9:15,1006.6,83.8,0,30.2,7.2,454,137,14.57,100
2024/8/10 9:30,1006.6,82.7,0,30.4,7.1,488,154,19.8,100
2024/8/10 9:45,1006.6,81.7,0,30.6,7.1,517,142,15.83,100
2024/8/10 10:00,1006.6,80.6,0,30.8,7.1,542,98,12.66,100
2024/8/10 10:15,1006.6,79.3,0,31.1,7,562,115,15.34,100
2024/8/10 10:30,1006.6,77.9,0,31.4,7,579,186,23.63,100
2024/8/10 10:45,1006.6,76.6,0,31.6,7,591,294,34.36,100
2024/8/10 11:00,1006.6,75.4,0,31.7,7,599,272,35.73,100
2024/8/10 11:15,1006.6,74.2,0,31.9,7,604,251,30.92,100
2024/8/10 11:30,1006.6,73.2,0,32.1,7,604,757,55.4,100
2024/8/10 11:45,1006.6,72.3,0,32.2,6.9,600,667,78.07,100
2024/8/10 12:00,1006.6,71.3,0,32.3,6.9,594,846,75.64,100
2024/8/10 12:15,1006.6,70.5,0,32.4,6.9,584,494,57.9,100
2024/8/10 12:30,1006.6,70,0,32.5,6.8,571,840,78.36,100
2024/8/10 12:45,1006.6,69,0,32.6,6.8,556,1160,99.09,100
2024/8/10 13:00,1006.6,67.7,0,32.8,6.9,536,901,57.44,100
2024/8/10 13:15,1006.6,67.1,0,32.8,6.9,513,1160,78.46,100
2024/8/10 13:30,1006.6,66.6,0,33,7,487,600,54.49,100
2024/8/10 13:45,1006.6,65.1,0,33.1,7,459,381,67.04,100
2024/8/10 14:00,1006.6,63.7,0,33.1,6.9,428,414,58.48,100
2024/8/10 14:15,1006.6,63.3,0,33,7,397,361,32.9,100
2024/8/10 14:30,1006.6,65.1,0,32.9,6.9,365,242,29.74,100
2024/8/10 14:45,1006.6,68.1,0,32.5,6.9,333,115,37.41,100
2024/8/10 15:00,1006.6,68.4,0,32.5,6.8,302,734,77.99,100
2024/8/10 15:15,1006.6,70.8,0,32.3,6.7,272,785,90.97,100
2024/8/10 15:30,1006.6,69.9,0,32.2,6.5,243,617,71.8,100
2024/8/10 15:45,1006.6,70.2,0.2,32.2,6.3,216,494,62.85,100
2024/8/10 16:00,1006.6,70.9,0.1,31.9,6.3,190,517,48.31,100
2024/8/10 16:15,1006.6,71.7,0.2,31.9,6.2,164,292,44.9,100
2024/8/10 16:30,1006.6,77.4,0.5,31.3,5.9,140,369,42.19,100
2024/8/10 16:45,1006.6,80.8,0,31,5.8,117,346,38.08,100
2024/8/10 17:00,1006.6,80.8,0.2,30.6,5.7,96,301,31.75,100
2024/8/10 17:15,1006.6,82.2,0.2,30.4,5.5,77,205,22.61,100
2024/8/10 17:30,1006.6,83.6,0.4,30.4,5.4,61,146,17.54,100
2024/8/10 17:45,1006.6,87,0.3,30.1,5.2,46,157,14.24,100
2024/8/10 18:00,1006.6,86.2,0,30,5,34,109,10.15,100
2024/8/10 18:15,1006.6,86.1,0,30,4.8,23,56,5.26,100
2024/8/10 18:30,1006.6,85.4,0.2,30,4.6,15,32,3.53,100
2024/8/10 18:45,1006.6,86.9,0.1,29.8,4.6,7,14,1.65,100
2024/8/10 19:00,1006.6,87.1,0,29.8,4.4,1,0,0,100
2024/8/10 19:15,1006.6,88,0.2,29.7,4.3,0,0,0,100
2024/8/10 19:30,1006.6,87.3,0,29.7,4.3,0,0,0,100
2024/8/10 19:45,1006.6,87.6,0.1,29.7,4.2,0,0,0,100
2024/8/10 20:00,1006.6,88.6,0,29.7,4.3,0,0,0,100
2024/8/10 20:15,1006.6,89.7,0,29.6,4.4,0,0,0,100
2024/8/10 20:30,1006.6,90.8,0,29.5,4.5,0,0,0,100
2024/8/10 20:45,1006.6,91.7,0,29.4,4.6,0,0,0,100
2024/8/10 21:00,1006.6,92.4,0,29.4,4.7,0,0,0,100
2024/8/10 21:15,1006.6,92.8,0,29.3,4.9,0,0,0,100
2024/8/10 21:30,1006.6,93,0,29.3,5,0,0,0,100
2024/8/10 21:45,1006.6,93.4,0,29.2,5.1,0,0,0,100
2024/8/10 22:00,1006.6,93.9,0,29.1,5.2,0,0,0,100
2024/8/10 22:15,1006.6,94.6,0,29,5.2,0,0,0,100
2024/8/10 22:30,1006.6,95.2,0,29,5.2,0,0,0,100
2024/8/10 22:45,1006.6,95.6,0,28.9,5.2,0,0,0,100
2024/8/10 23:00,1006.6,96,0,28.8,5.2,0,0,0,100
2024/8/10 23:15,1006.6,96.4,0,28.8,5.2,0,0,0,100
2024/8/10 23:30,1006.6,96.8,0,28.7,5.2,0,0,0,100
2024/8/10 23:45,1006.6,97.1,0,28.6,5.2,0,0,0,100
2024/8/11 0:00,1006.6,98,0,28.9,4.9,0,0,0,100
2024/8/11 0:15,1006.6,98.2,0,28.8,4.9,0,0,0,100
2024/8/11 0:30,1006.6,98.3,0,28.8,4.9,0,0,0,100
2024/8/11 0:45,1006.6,98.3,0,28.7,4.9,0,0,0,100
2024/8/11 1:00,1006.6,98.4,0,28.7,4.9,0,0,0,100
2024/8/11 1:15,1006.6,98.4,0,28.6,4.9,0,0,0,100
2024/8/11 1:30,1006.6,98.4,0,28.6,4.8,0,0,0,100
2024/8/11 1:45,1006.6,98.5,0,28.6,4.8,0,0,0,100
2024/8/11 2:00,1006.6,98.6,0,28.5,4.8,0,0,0,100
2024/8/11 2:15,1006.6,98.7,0,28.5,4.8,0,0,0,100
2024/8/11 2:30,1006.6,98.8,0,28.4,4.7,0,0,0,100
2024/8/11 2:45,1006.6,99,0,28.3,4.7,0,0,0,100
2024/8/11 3:00,1006.6,99,0,28.3,4.7,0,0,0,100
2024/8/11 3:15,1006.6,99,0,28.3,4.7,0,0,0,100
2024/8/11 3:30,1006.6,99.1,0,28.2,4.8,0,0,0,100
2024/8/11 3:45,1006.6,99.2,0,28.2,4.8,0,0,0,100
2024/8/11 4:00,1006.6,99.4,0,28.1,4.8,0,0,0,100
2024/8/11 4:15,1006.5,99.4,0,28.1,4.9,0,0,0,100
2024/8/11 4:30,1006.5,99.5,0,28.1,4.9,0,0,0,100
2024/8/11 4:45,1006.5,99.6,0,28,5,0,0,0,100
2024/8/11 5:00,1006.5,99.7,0,28,5,0,0,0,100
2024/8/11 5:15,1006.5,99.8,0,27.9,5.1,0,0,0,100
2024/8/11 5:30,1006.5,99.8,0,27.9,5.1,3,0,0,100
2024/8/11 5:45,1006.5,99.8,0,27.9,5.2,13,32,3.38,100
2024/8/11 6:00,1006.5,99.8,0,27.9,5.2,23,53,5.43,100
2024/8/11 6:15,1006.5,99.7,0,27.9,5.2,34,84,8.56,100
2024/8/11 6:30,1006.5,99.6,0,27.9,5.3,46,122,11.93,100
2024/8/11 6:45,1006.5,99.4,0,27.9,5.3,60,167,16.79,100
2024/8/11 7:00,1006.5,99.3,0,27.9,5.3,76,209,20.3,100
2024/8/11 7:15,1006.6,98.8,0,28.1,5.4,94,261,27.63,100
2024/8/11 7:30,1006.6,98,0,28.2,5.4,115,301,32.06,100
2024/8/11 7:45,1006.6,97.1,0,28.4,5.4,139,357,40.67,100
2024/8/11 8:00,1006.6,95.6,0,28.6,5.4,166,415,47.38,100
2024/8/11 8:15,1006.6,93.2,0,28.9,5.4,195,468,54.52,100
2024/8/11 8:30,1006.6,90.1,0,29.2,5.4,226,508,60.9,100
2024/8/11 8:45,1006.6,87.2,0,29.5,5.3,259,554,66.38,100
2024/8/11 9:00,1006.6,83.4,0,29.9,5.3,294,592,72.29,100
2024/8/11 9:15,1006.6,79.8,0,30.2,5.2,330,632,78.19,100
2024/8/11 9:30,1006.6,77.2,0,30.4,5.1,367,662,83.51,100
2024/8/11 9:45,1006.6,74.4,0,30.7,5,403,698,88.74,100
2024/8/11 10:00,1006.6,71.8,0,30.9,4.9,444,748,93.09,100
2024/8/11 10:15,1006.6,70.4,0,31,4.8,488,778,96.47,100
2024/8/11 10:30,1006.6,68.3,0,31.2,4.7,534,818,98.36,100
2024/8/11 10:45,1006.6,67,0,31.4,4.6,580,859,99.48,100
2024/8/11 11:00,1006.6,66.2,0,31.5,4.6,626,904,99.78,100
2024/8/11 11:15,1006.6,65.3,0,31.7,4.5,670,956,82.67,100
2024/8/11 11:30,1006.6,64.4,0,31.8,4.5,709,908,88.41,100
2024/8/11 11:45,1006.6,63.3,0,32,4.4,743,995,79.65,100
2024/8/11 12:00,1006.6,61.7,0,32.1,4.4,770,771,96.86,100
2024/8/11 12:15,1006.6,60.4,0,32.2,4.4,787,986,99.98,100
2024/8/11 12:30,1006.6,60.5,0,32.3,4.3,795,950,99.69,100
2024/8/11 12:45,1006.6,61.7,0,32.2,4.3,791,912,95.62,100
2024/8/11 13:00,1006.6,62.5,0,32.1,4.2,776,929,99.51,100
2024/8/11 13:15,1006.6,62.9,0,32.1,4.1,751,893,99.63,100
2024/8/11 13:30,1006.6,62.5,0,32,4,717,866,99.45,100
2024/8/11 13:45,1006.6,62.2,0,31.9,3.8,677,803,98.21,100
2024/8/11 14:00,1006.6,62.7,0,31.8,3.7,632,808,95.94,100
2024/8/11 14:15,1006.6,63.5,0,31.8,3.7,584,759,88.8,100
2024/8/11 14:30,1006.6,63.9,0,31.8,3.6,536,694,85.68,100
2024/8/11 14:45,1006.6,63.4,0,31.7,3.5,487,689,61.74,100
2024/8/11 15:00,1006.6,62.4,0,31.8,3.4,441,673,78.84,100
2024/8/11 15:15,1006.6,61.7,0,31.8,3.4,397,604,72.44,100
2024/8/11 15:30,1006.6,61.2,0,31.8,3.4,358,568,64.84,100
2024/8/11 15:45,1006.6,60.9,0.1,31.8,3.4,322,513,57.21,100
2024/8/11 16:00,1006.6,60.6,0,31.8,3.4,288,474,46.05,100
2024/8/11 16:15,1006.6,61,0,31.7,3.3,255,124,7.9,100
2024/8/11 16:30,1006.6,61.4,0,31.7,3.2,224,116,11.11,100
2024/8/11 16:45,1006.6,61.1,0,31.7,3.1,194,73,7.94,100
2024/8/11 17:00,1006.6,60.9,0,31.7,3,166,54,7,100
2024/8/11 17:15,1006.6,60.9,0,31.7,2.8,140,42,4.12,100
2024/8/11 17:30,1006.6,61.3,0,31.6,2.6,116,30,2.94,100
2024/8/11 17:45,1006.6,62.3,0.1,31.5,2.5,93,14,2.26,100
2024/8/11 18:00,1006.6,63.3,0,31.4,2.4,72,18,2.76,100
2024/8/11 18:15,1006.6,63.7,0.2,31.2,2.2,52,10,1.25,100
2024/8/11 18:30,1006.6,62.9,0.3,31.1,2.1,34,6,1.13,100
2024/8/11 18:45,1006.6,61.5,0.3,31,2.1,17,5,1.15,100
2024/8/11 19:00,1006.6,61.3,0.4,31,2.1,2,0,0,100
2024/8/11 19:15,1006.6,62.6,0.3,30.8,2.1,0,0,0,100
2024/8/11 19:30,1006.6,64.5,0.3,30.7,2.1,0,0,0,100
2024/8/11 19:45,1006.6,65.3,0,30.6,2.1,0,0,0,100
2024/8/11 20:00,1006.6,63.4,0,30.5,2.1,0,0,0,100
2024/8/11 20:15,1006.6,61.6,0.1,30.4,2.1,0,0,0,100
2024/8/11 20:30,1006.6,62.1,0,30.3,2.1,0,0,0,100
2024/8/11 20:45,1006.6,63.5,0,30.1,2.1,0,0,0,100
2024/8/11 21:00,1006.6,64.7,0,30,2.1,0,0,0,100
2024/8/11 21:15,1006.6,66,0,29.9,2.1,0,0,0,100
2024/8/11 21:30,1006.6,67.7,0,29.8,2.1,0,0,0,100
2024/8/11 21:45,1006.6,69.7,0,29.6,2.1,0,0,0,100
2024/8/11 22:00,1006.6,71.7,0,29.4,2.1,0,0,0,100
2024/8/11 22:15,1006.6,73.2,0,29.2,2.1,0,0,0,100
2024/8/11 22:30,1006.6,74.2,0,29,2.1,0,0,0,100
2024/8/11 22:45,1006.6,74.6,0,28.9,2.2,0,0,0,100
2024/8/11 23:00,1006.6,74.8,0,28.9,2.3,0,0,0,100
2024/8/11 23:15,1006.6,75,0,28.8,2.3,0,0,0,100
2024/8/11 23:30,1006.6,75.2,0,28.7,2.4,0,0,0,100
2024/8/11 23:45,1006.6,75.8,0,28.6,2.4,0,0,0,100
2024/8/12 0:00,1006.6,84.6,0,28.7,2.5,0,0,0,100
2024/8/12 0:15,1006.6,86.5,0,28.5,2.5,0,0,0,100
2024/8/12 0:30,1006.6,88.4,0,28.4,2.5,0,0,0,100
2024/8/12 0:45,1006.6,89.4,0,28.3,2.5,0,0,0,100
2024/8/12 1:00,1006.6,90.1,0,28.2,2.5,0,0,0,100
2024/8/12 1:15,1006.6,90.6,0,28.1,2.5,0,0,0,100
2024/8/12 1:30,1006.6,90.6,0,28,2.5,0,0,0,100
2024/8/12 1:45,1006.6,90.5,0,28,2.5,0,0,0,100
2024/8/12 2:00,1006.6,90.7,0,27.9,2.5,0,0,0,100
2024/8/12 2:15,1006.6,91,0,27.8,2.5,0,0,0,100
2024/8/12 2:30,1006.6,91.3,0,27.7,2.5,0,0,0,100
2024/8/12 2:45,1006.6,91.7,0,27.6,2.4,0,0,0,100
2024/8/12 3:00,1006.6,91.6,0,27.5,2.4,0,0,0,100
2024/8/12 3:15,1006.6,90.9,0,27.5,2.4,0,0,0,100
2024/8/12 3:30,1006.6,90.1,0,27.5,2.3,0,0,0,100
2024/8/12 3:45,1006.6,89.4,0,27.5,2.3,0,0,0,100
2024/8/12 4:00,1006.6,88.9,0,27.5,2.3,0,0,0,100
2024/8/12 4:15,1006.6,88.7,0,27.4,2.2,0,0,0,100
2024/8/12 4:30,1006.6,88.9,0,27.4,2.2,0,0,0,100
2024/8/12 4:45,1006.6,89,0,27.3,2.2,0,0,0,100
2024/8/12 5:00,1006.6,88.9,0,27.3,2.2,0,0,0,100
2024/8/12 5:15,1006.6,89,0,27.2,2.2,0,0,0,100
2024/8/12 5:30,1006.6,89.1,0,27.2,2.2,7,0,0,100
2024/8/12 5:45,1006.6,89.2,0,27.1,2.2,37,23,2.88,100
2024/8/12 6:00,1006.6,89.3,0,27.1,2.1,67,46,5.15,100
2024/8/12 6:15,1006.6,89.3,0,27.1,2.1,97,70,8.2,100
2024/8/12 6:30,1006.6,89.4,0,27.1,2.1,129,125,11.5,100
2024/8/12 6:45,1006.6,89.4,0,27.2,2,163,164,16.56,100
2024/8/12 7:00,1006.6,89.5,0,27.3,2,198,220,21.95,100
2024/8/12 7:15,1006.6,89,0,27.5,1.9,237,280,29.3,100
2024/8/12 7:30,1006.6,88.3,0,27.6,1.9,278,324,35.81,100
2024/8/12 7:45,1006.6,87.5,0,27.9,1.8,321,394,42.97,100
2024/8/12 8:00,1006.6,86.4,0,28.1,1.7,367,441,48.47,100
2024/8/12 8:15,1006.6,84.1,0,28.5,1.7,415,487,56.33,100
2024/8/12 8:30,1006.6,81.8,0,28.9,1.7,463,552,62.16,100
2024/8/12 8:45,1006.6,79.8,0,29.2,1.7,511,575,69.71,100
2024/8/12 9:00,1006.6,77.6,0,29.5,1.7,558,611,75.35,100
2024/8/12 9:15,1006.6,75.3,0,29.8,1.7,603,662,81.27,100
2024/8/12 9:30,1006.6,72.8,0,30,1.7,644,695,85.33,100
2024/8/12 9:45,1006.6,70.8,0,30.2,1.8,680,727,90.25,100
2024/8/12 10:00,1006.6,69.2,0,30.3,1.9,712,758,94.79,100
2024/8/12 10:15,1006.6,67.8,0,30.4,2,740,793,97.91,100
2024/8/12 10:30,1006.6,66.9,0,30.5,2.2,764,818,99.27,100
2024/8/12 10:45,1006.6,66.5,0,30.6,2.4,784,862,99.71,100
2024/8/12 11:00,1006.6,66.2,0,30.7,2.6,799,892,99.91,100
2024/8/12 11:15,1006.6,65.8,0,30.8,2.8,811,918,99.94,100
2024/8/12 11:30,1006.6,65.1,0,30.8,2.9,818,935,99.96,100
2024/8/12 11:45,1006.6,64.2,0,30.9,3.1,821,945,100,100
2024/8/12 12:00,1006.6,63.6,0,30.9,3.2,821,955,100,100
2024/8/12 12:15,1006.6,63.8,0,30.9,3.3,817,962,100,100
2024/8/12 12:30,1006.6,64.1,0,31,3.4,810,949,100,100
2024/8/12 12:45,1006.6,63.8,0,31,3.4,800,938,100,100
2024/8/12 13:00,1006.6,63.5,0,31.1,3.3,787,936,100,100
2024/8/12 13:15,1006.6,64.4,0,31.2,3.3,771,916,99.99,100
2024/8/12 13:30,1006.6,65,0,31.2,3.2,752,886,99.83,100
2024/8/12 13:45,1006.6,65.3,0,31.3,3.2,729,860,99.71,100
2024/8/12 14:00,1006.6,65.4,0,31.3,3.1,704,819,98.38,100
2024/8/12 14:15,1006.6,65.2,0,31.3,3.1,676,808,97.67,100
2024/8/12 14:30,1006.6,64.9,0,31.3,3.1,644,771,95.42,100
2024/8/12 14:45,1006.6,64.7,0,31.3,3,610,734,88.77,100
2024/8/12 15:00,1006.6,64.7,0,31.2,3,573,684,85.68,100
2024/8/12 15:15,1006.6,64.3,0,31.2,3,534,653,79.52,100
2024/8/12 15:30,1006.6,63.6,0,31.3,3,493,620,72.47,100
2024/8/12 15:45,1006.6,63.5,0,31.3,3,450,559,65.26,100
2024/8/12 16:00,1006.6,63.5,0,31.3,3,405,532,58,100
2024/8/12 16:15,1006.6,63.1,0,31.3,2.9,358,472,50.61,100
2024/8/12 16:30,1006.6,62.3,0,31.3,2.9,311,412,44.34,100
2024/8/12 16:45,1006.6,61.2,0,31.4,2.8,265,354,36.08,100
2024/8/12 17:00,1006.6,60.3,0,31.4,2.8,222,299,29.53,100
2024/8/12 17:15,1006.6,60.2,0,31.4,2.7,182,248,23.62,100
2024/8/12 17:30,1006.6,60.5,0,31.4,2.6,145,207,17.81,100
2024/8/12 17:45,1006.6,60.9,0,31.3,2.5,112,152,11.69,100
2024/8/12 18:00,1006.6,62,0,31.2,2.5,83,101,7.25,100
2024/8/12 18:15,1006.6,63.6,0,31.1,2.4,58,51,4.54,100
2024/8/12 18:30,1006.6,65.1,0,30.9,2.4,37,27,3.02,100
2024/8/12 18:45,1006.6,66.9,0,30.8,2.3,18,0,0,100
2024/8/12 19:00,1006.6,68.8,0,30.7,2.3,2,0,0,100
2024/8/12 19:15,1006.6,70.5,0,30.5,2.4,0,0,0,100
2024/8/12 19:30,1006.6,71.6,0,30.4,2.4,0,0,0,100
2024/8/12 19:45,1006.6,72.4,0,30.2,2.4,0,0,0,100
2024/8/12 20:00,1006.6,73.7,0,30.1,2.4,0,0,0,100
2024/8/12 20:15,1006.6,75.2,0,29.9,2.4,0,0,0,100
2024/8/12 20:30,1006.6,76.2,0,29.7,2.4,0,0,0,100
2024/8/12 20:45,1006.6,77.2,0,29.5,2.4,0,0,0,100
2024/8/12 21:00,1006.6,78.3,0,29.4,2.4,0,0,0,100
2024/8/12 21:15,1006.6,79.4,0,29.2,2.4,0,0,0,100
2024/8/12 21:30,1006.6,80.2,0,29.1,2.4,0,0,0,100
2024/8/12 21:45,1006.6,81.2,0,28.9,2.4,0,0,0,100
2024/8/12 22:00,1006.6,82,0,28.8,2.4,0,0,0,100
2024/8/12 22:15,1006.6,83.1,0,28.7,2.4,0,0,0,100
2024/8/12 22:30,1006.6,84.4,0,28.6,2.4,0,0,0,100
2024/8/12 22:45,1006.6,85.6,0,28.4,2.4,0,0,0,100
2024/8/12 23:00,1006.6,86.5,0,28.3,2.4,0,0,0,100
2024/8/12 23:15,1006.6,87.3,0,28.2,2.4,0,0,0,100
2024/8/12 23:30,1006.6,88.1,0,28.1,2.4,0,0,0,100
2024/8/12 23:45,1006.6,88.6,0,28,2.4,0,0,0,100
2024/8/13 0:00,1006.6,90,0,28.1,2.2,0,0,0,100
2024/8/13 0:15,1006.6,90.4,0,28.1,2.2,0,0,0,100
2024/8/13 0:30,1006.6,90.9,0,28,2.1,0,0,0,100
2024/8/13 0:45,1006.6,91.4,0,28,2.1,0,0,0,100
2024/8/13 1:00,1006.6,92.1,0,27.9,2.1,0,0,0,100
2024/8/13 1:15,1006.6,92.8,0,27.8,2.1,0,0,0,100
2024/8/13 1:30,1006.6,93.3,0,27.8,2.1,0,0,0,100
2024/8/13 1:45,1006.6,93.3,0,27.8,2.1,0,0,0,100
2024/8/13 2:00,1006.6,92.2,0,27.8,2.1,0,0,0,100
2024/8/13 2:15,1006.6,91.4,0,27.9,2.1,0,0,0,100
2024/8/13 2:30,1006.6,91.2,0,28,2.2,0,0,0,100
2024/8/13 2:45,1006.6,91.4,0,28,2.2,0,0,0,100
2024/8/13 3:00,1006.6,92,0,27.9,2.2,0,0,0,100
2024/8/13 3:15,1006.6,92.8,0,27.9,2.2,0,0,0,100
2024/8/13 3:30,1006.6,93.6,0,27.8,2.2,0,0,0,100
2024/8/13 3:45,1006.6,94.3,0,27.7,2.2,0,0,0,100
2024/8/13 4:00,1006.6,94.9,0,27.5,2.2,0,0,0,100
2024/8/13 4:15,1006.6,95.5,0,27.4,2.2,0,0,0,100
2024/8/13 4:30,1006.6,96,0,27.3,2.2,0,0,0,100
2024/8/13 4:45,1006.6,96.4,0,27.2,2.2,0,0,0,100
2024/8/13 5:00,1006.6,96.6,0,27.2,2.2,0,0,0,100
2024/8/13 5:15,1006.6,96.9,0,27.1,2.2,0,0,0,100
2024/8/13 5:30,1006.6,96.9,0,27,2.2,6,0,0,100
2024/8/13 5:45,1006.6,96.8,0,27,2.1,35,43,4.86,100
2024/8/13 6:00,1006.6,96.8,0,27,2.1,66,88,8.76,100
2024/8/13 6:15,1006.6,96.7,0,27,2.1,97,140,13.44,100
2024/8/13 6:30,1006.6,96.6,0,27,2.1,129,172,15.46,100
2024/8/13 6:45,1006.6,96.4,0,27.2,2.1,163,239,19.09,100
2024/8/13 7:00,1006.6,95.7,0,27.3,2.1,199,217,22.63,100
2024/8/13 7:15,1006.6,94.3,0,27.6,2.2,237,313,34.78,100
2024/8/13 7:30,1006.7,92.4,0,27.9,2.2,278,377,42.86,100
2024/8/13 7:45,1006.7,91.5,0,28.2,2.3,321,380,48.62,100
2024/8/13 8:00,1006.7,90.3,0,28.5,2.4,367,431,51.88,100
2024/8/13 8:15,1006.7,88.6,0,28.7,2.4,414,450,52.79,100
2024/8/13 8:30,1006.7,87.7,0,28.9,2.5,462,478,56.87,100
2024/8/13 8:45,1006.7,86.9,0,29.1,2.5,510,530,63.92,100
2024/8/13 9:00,1006.7,86.2,0,29.3,2.5,557,582,69.73,100
2024/8/13 9:15,1006.7,85.8,0,29.4,2.6,602,615,76.21,100
2024/8/13 9:30,1006.7,85.6,0,29.6,2.6,644,648,82.26,100
2024/8/13 9:45,1006.7,84.9,0,29.7,2.7,682,740,88.7,100
2024/8/13 10:00,1006.7,84.1,0,29.8,2.7,716,734,91.74,100
2024/8/13 10:15,1006.7,83.7,0,29.9,2.9,747,762,87.03,100
2024/8/13 10:30,1006.7,83.4,0,29.9,3,774,654,86.38,100
2024/8/13 10:45,1006.7,83.1,0,29.9,3.3,797,833,98.81,100
2024/8/13 11:00,1006.7,83.5,0,30,3.5,816,904,99.56,100
2024/8/13 11:15,1006.7,84.5,0,29.9,3.8,831,861,100,100
2024/8/13 11:30,1006.7,85.4,0,29.9,4,843,725,80.74,100
2024/8/13 11:45,1006.7,85.6,0,29.9,4.2,850,628,98.3,100
2024/8/13 12:00,1006.7,85.8,0,29.9,4.4,854,1068,87.52,100
2024/8/13 12:15,1006.7,85.9,0,29.8,4.6,854,444,53.41,100
2024/8/13 12:30,1006.7,85.4,0,29.8,4.8,851,410,44.21,100
2024/8/13 12:45,1006.7,84.4,0,29.8,5,844,378,45.44,100
2024/8/13 13:00,1006.7,84.6,0,29.9,5.1,835,393,45.82,100
2024/8/13 13:15,1006.7,84.9,0,29.9,5.2,824,787,82.73,100
2024/8/13 13:30,1006.7,85.3,0,29.9,5.3,809,936,93.35,100
2024/8/13 13:45,1006.7,85.1,0,30,5.4,791,549,74.14,100
2024/8/13 14:00,1006.7,84.8,0,30,5.5,769,919,75.69,100
2024/8/13 14:15,1006.7,84.4,0,30,5.5,743,461,46.11,100
2024/8/13 14:30,1006.7,84.1,0,30,5.5,714,365,46.38,100
2024/8/13 14:45,1006.7,83.4,0,30,5.5,680,405,38.24,100
2024/8/13 15:00,1006.7,83,0,30,5.5,643,329,35.91,100
2024/8/13 15:15,1006.7,82.3,0,30,5.4,602,324,42.54,100
2024/8/13 15:30,1006.7,81.9,0,30,5.4,558,195,18.19,100
2024/8/13 15:45,1006.7,82.3,0,30,5.4,510,277,26.18,100
2024/8/13 16:00,1006.7,82.2,0,30,5.4,459,183,29.01,100
2024/8/13 16:15,1006.7,82.4,0,30,5.4,405,149,23.92,100
2024/8/13 16:30,1006.7,82.9,0,29.9,5.5,351,145,20.61,100
2024/8/13 16:45,1006.7,84,0,29.8,5.5,298,131,21.61,100
2024/8/13 17:00,1006.7,84.2,0,29.7,5.5,248,162,22.4,100
2024/8/13 17:15,1006.7,83.8,0,29.7,5.5,202,162,18.8,100
2024/8/13 17:30,1006.7,83.9,0,29.6,5.4,159,132,15.92,100
2024/8/13 17:45,1006.7,83.9,0,29.6,5.3,122,111,13.04,100
2024/8/13 18:00,1006.7,84,0,29.5,5.1,89,23,2.75,100
2024/8/13 18:15,1006.7,84.3,0,29.5,5,62,6,0.65,100
2024/8/13 18:30,1006.7,84.6,0,29.4,4.8,38,5,0.62,100
2024/8/13 18:45,1006.7,84.7,0,29.3,4.7,17,0,0,100
2024/8/13 19:00,1006.7,84.9,0,29.2,4.5,1,0,0,100
2024/8/13 19:15,1006.7,85.5,0,29.1,4.2,0,0,0,100
2024/8/13 19:30,1006.7,86.4,0,29,4.1,0,0,0,100
2024/8/13 19:45,1006.7,87.1,0,28.8,3.9,0,0,0,100
2024/8/13 20:00,1006.7,87.9,0,28.7,3.7,0,0,0,100
2024/8/13 20:15,1006.7,88.2,0,28.6,3.6,0,0,0,100
2024/8/13 20:30,1006.7,88.4,0,28.6,3.4,0,0,0,100
2024/8/13 20:45,1006.7,88.8,0,28.5,3.3,0,0,0,100
2024/8/13 21:00,1006.7,89.2,0,28.4,3.1,0,0,0,100
2024/8/13 21:15,1006.7,89.7,0,28.4,3,0,0,0,100
2024/8/13 21:30,1006.7,90.2,0,28.4,3,0,0,0,100
2024/8/13 21:45,1006.7,90.5,0,28.4,2.9,0,0,0,100
2024/8/13 22:00,1006.7,90.9,0,28.3,2.9,0,0,0,100
2024/8/13 22:15,1006.7,91.4,0,28.2,2.9,0,0,0,100
2024/8/13 22:30,1006.7,91.8,0,28.2,2.9,0,0,0,100
2024/8/13 22:45,1006.7,92.1,0,28.2,2.9,0,0,0,100
2024/8/13 23:00,1006.7,92.4,0,28.1,3,0,0,0,100
2024/8/13 23:15,1006.7,92.7,0,28.1,3,0,0,0,100
2024/8/13 23:30,1006.7,93,0,28.1,3,0,0,0,100
2024/8/13 23:45,1006.7,93.4,0,28,3,0,0,0,100
2024/8/14 0:00,1006.7,92.9,0,28.3,1.6,0,0,0,100
2024/8/14 0:15,1006.7,77.9,0,-21.9,1.6,0,0,0,100
2024/8/14 0:30,1006.7,92.7,0,28.3,1.6,0,0,0,100
2024/8/14 0:45,1006.7,92.8,0,28.2,1.6,0,0,0,100
2024/8/14 1:00,1006.7,93,0,28.2,1.6,0,0,0,100
2024/8/14 1:15,1006.7,93.4,0,28.1,1.6,0,0,0,100
2024/8/14 1:30,1006.7,93.9,0,28,1.6,0,0,0,100
2024/8/14 1:45,1006.7,94.2,0,28,1.6,0,0,0,100
2024/8/14 2:00,1006.7,94.4,0,27.9,1.6,0,0,0,100
2024/8/14 2:15,1006.7,94.4,0,27.9,1.6,0,0,0,100
2024/8/14 2:30,1006.7,94.2,0,27.9,1.6,0,0,0,100
2024/8/14 2:45,1006.7,94.2,0,27.8,1.5,0,0,0,100
2024/8/14 3:00,1006.7,94.1,0,27.8,1.5,0,0,0,100
2024/8/14 3:15,1006.7,94.2,0,27.8,1.5,0,0,0,100
2024/8/14 3:30,1006.7,94.3,0,27.8,1.5,0,0,0,100
2024/8/14 3:45,1006.7,94.3,0,27.7,1.5,0,0,0,100
2024/8/14 4:00,1006.7,94.4,0,27.7,1.5,0,0,0,100
2024/8/14 4:15,1006.7,94.4,0,27.7,1.5,0,0,0,100
2024/8/14 4:30,1006.7,94.5,0,27.7,1.4,0,0,0,100
2024/8/14 4:45,1006.7,94.7,0,27.6,1.4,0,0,0,100
2024/8/14 5:00,1006.7,94.9,0,27.6,1.4,0,0,0,100
2024/8/14 5:15,1006.7,95,0,27.6,1.4,0,0,0,100
2024/8/14 5:30,1006.7,95,0,27.6,1.4,5,0,0,100
2024/8/14 5:45,1006.7,95.3,0,27.5,1.4,33,3,1.01,100
2024/8/14 6:00,1006.7,95.6,0,27.5,1.4,62,9,1.8,100
2024/8/14 6:15,1006.7,95.6,0,27.5,1.4,92,26,3,100
2024/8/14 6:30,1006.7,95.8,0,27.5,1.4,123,30,4.23,100
2024/8/14 6:45,1006.7,96,0,27.5,1.3,156,50,7.95,100
2024/8/14 7:00,1006.7,96.2,0,27.6,1.3,191,101,12.22,100
2024/8/14 7:15,1006.7,96.3,0,27.6,1.2,229,129,15.56,100
2024/8/14 7:30,1006.7,96.2,0,27.6,1.2,269,153,17.52,100
2024/8/14 7:45,1006.7,96,0,27.8,1.1,313,145,19.08,100
2024/8/14 8:00,1006.7,95.4,0,28,1.1,358,265,33.78,100
2024/8/14 8:15,1006.7,94.5,0,28.2,1.1,405,305,47.98,100
2024/8/14 8:30,1006.7,93.7,0,28.3,1.1,453,340,47.51,100
2024/8/14 8:45,1006.7,92.9,0,28.5,1.1,500,226,23.27,100
2024/8/14 9:00,1006.7,92.1,0,28.5,1.2,546,244,36.7,100
2024/8/14 9:15,1006.7,91.3,0,28.6,1.4,588,315,58.87,100
2024/8/14 9:30,1006.7,90.7,0,28.6,1.6,626,327,41.38,100
2024/8/14 9:45,1006.7,90.4,0,28.7,1.8,658,227,26.68,100
2024/8/14 10:00,1006.7,90.3,0,28.8,2.1,684,209,28.48,100
2024/8/14 10:15,1006.7,90.2,0,28.8,2.3,705,465,68.93,100
2024/8/14 10:30,1006.7,90.3,0,28.9,2.6,720,984,73.79,100
2024/8/14 10:45,1006.7,90.1,0,28.9,2.8,730,974,33.3,100
2024/8/14 11:00,1006.7,90.2,0,29,3,734,267,45.65,100
2024/8/14 11:15,1006.7,89.9,0,29,3.2,735,391,51.18,100
2024/8/14 11:30,1006.7,89.6,0,29,3.4,731,225,31.86,100
2024/8/14 11:45,1006.7,89.3,0,29.1,3.6,725,211,29.38,100
2024/8/14 12:00,1006.7,89.7,0,29.1,3.7,715,207,25.07,100
2024/8/14 12:15,1006.7,90.2,0,29.1,3.9,704,280,36.35,100
2024/8/14 12:30,1006.7,89.8,0,29.2,4.1,692,261,33.84,100
2024/8/14 12:45,1006.7,88.8,0,29.2,4.2,679,256,39.48,100
2024/8/14 13:00,1006.7,87.8,0,29.3,4.4,665,480,79.3,100
2024/8/14 13:15,1006.7,87.1,0,29.3,4.6,649,580,82.69,100
2024/8/14 13:30,1006.7,86.6,0,29.3,4.7,631,393,39.66,100
2024/8/14 13:45,1006.7,86.4,0,29.3,4.8,612,293,31.78,100
2024/8/14 14:00,1006.7,86,0,29.3,5,590,228,28.36,100
2024/8/14 14:15,1006.7,85.7,0,29.4,5.1,566,209,27.23,100
2024/8/14 14:30,1006.7,86,0,29.4,5.2,541,223,27.9,100
2024/8/14 14:45,1006.7,86.3,0,29.4,5.3,513,232,29.4,100
2024/8/14 15:00,1006.7,86.2,0,29.4,5.4,482,210,27.01,100
2024/8/14 15:15,1006.7,85.8,0,29.4,5.4,450,239,35.08,100
2024/8/14 15:30,1006.7,86,0,29.4,5.5,416,249,26.89,100
2024/8/14 15:45,1006.7,85.7,0,29.4,5.6,381,161,14.83,100
2024/8/14 16:00,1006.7,84.8,0,29.4,5.7,343,126,13.88,100
2024/8/14 16:15,1006.7,84.7,0,29.3,5.7,305,100,11.82,100
2024/8/14 16:30,1006.7,85.4,0,29.3,5.7,266,95,12.74,100
2024/8/14 16:45,1006.7,85.8,0,29.3,5.7,228,106,12.77,100
2024/8/14 17:00,1006.7,85.4,0,29.3,5.7,192,86,9.19,100
2024/8/14 17:15,1006.7,85.5,0,29.3,5.6,159,69,7.73,100
2024/8/14 17:30,1006.7,85,0,29.3,5.6,128,52,6.27,100
2024/8/14 17:45,1006.7,84.5,0,29.2,5.4,100,62,7.17,100
2024/8/14 18:00,1006.7,84.2,0,29.2,5.3,74,80,9.74,100
2024/8/14 18:15,1006.7,84.1,0,29.2,5.2,52,72,7.53,100
2024/8/14 18:30,1006.7,84.2,0,29.1,5,32,39,4.23,100
2024/8/14 18:45,1006.7,84.1,0,29,4.9,14,0,0,100
2024/8/14 19:00,1006.7,84.4,0,29,4.8,1,0,0,100
2024/8/14 19:15,1006.7,84.3,0,28.9,4.6,0,0,0,100
2024/8/14 19:30,1006.7,84.4,0,28.8,4.5,0,0,0,100
2024/8/14 19:45,1006.7,85.3,0,28.7,4.4,0,0,0,100
2024/8/14 20:00,1006.7,86.5,0,28.6,4.2,0,0,0,100
2024/8/14 20:15,1006.7,87.5,0,28.6,4.1,0,0,0,100
2024/8/14 20:30,1006.7,87.9,0,28.5,4,0,0,0,100
2024/8/14 20:45,1006.7,88.4,0,28.4,3.8,0,0,0,100
2024/8/14 21:00,1006.7,89.1,0,28.4,3.7,0,0,0,100
2024/8/14 21:15,1006.7,89.8,0,28.3,3.5,0,0,0,100
2024/8/14 21:30,1006.7,90.3,0,28.2,3.4,0,0,0,100
2024/8/14 21:45,1006.7,90.6,0,28.2,3.2,0,0,0,100
2024/8/14 22:00,1006.7,90.8,0,28.2,3.1,0,0,0,100
2024/8/14 22:15,1006.7,91,0,28.1,2.9,0,0,0,100
2024/8/14 22:30,1006.7,91.3,0,28,2.8,0,0,0,100
2024/8/14 22:45,1006.7,91.7,0,28,2.7,0,0,0,100
2024/8/14 23:00,1006.7,92,0,27.9,2.6,0,0,0,100
2024/8/14 23:15,1006.7,92.2,0,27.9,2.6,0,0,0,100
2024/8/14 23:30,1006.7,92.3,0,27.9,2.5,0,0,0,100
2024/8/14 23:45,1006.7,92.5,0,27.8,2.5,0,0,0,100
2024/8/15 0:00,1006.7,91.1,0,27.8,2.3,0,0,0,100
2024/8/15 0:15,1006.7,91,0,27.8,2.2,0,0,0,100
2024/8/15 0:30,1006.7,91.1,0,27.8,2.2,0,0,0,100
2024/8/15 0:45,1006.7,91.2,0,27.7,2.1,0,0,0,100
2024/8/15 1:00,1006.7,91.3,0,27.7,2,0,0,0,100
2024/8/15 1:15,1006.7,91.3,0,27.6,1.9,0,0,0,100
2024/8/15 1:30,1006.7,91.3,0,27.6,1.9,0,0,0,100
2024/8/15 1:45,1006.7,91.4,0,27.6,1.9,0,0,0,100
2024/8/15 2:00,1006.7,91.8,0,27.5,1.9,0,0,0,100
2024/8/15 2:15,1006.7,92.1,0,27.5,1.9,0,0,0,100
2024/8/15 2:30,1006.7,92.3,0,27.4,1.9,0,0,0,100
2024/8/15 2:45,1006.7,92.4,0,27.4,1.9,0,0,0,100
2024/8/15 3:00,1006.7,92.6,0,27.3,1.9,0,0,0,100
2024/8/15 3:15,1006.7,92.7,0,27.3,1.9,0,0,0,100
2024/8/15 3:30,1006.7,92.8,0,27.3,1.9,0,0,0,100
2024/8/15 3:45,1006.7,92.9,0,27.2,1.9,0,0,0,100
2024/8/15 4:00,1006.7,93,0,27.2,1.9,0,0,0,100
2024/8/15 4:15,1006.7,93.1,0,27.1,1.9,0,0,0,100
2024/8/15 4:30,1006.7,93.1,0,27.1,1.9,0,0,0,100
2024/8/15 4:45,1006.7,93.3,0,27.1,1.9,0,0,0,100
2024/8/15 5:00,1006.7,93.6,0,27,1.9,0,0,0,100
2024/8/15 5:15,1006.6,93.8,0,27,1.9,0,0,0,100
2024/8/15 5:30,1006.6,94.1,0,26.9,1.8,3,0,0,100
2024/8/15 5:45,1006.7,94.1,0,26.9,1.8,21,16,2.33,100
2024/8/15 6:00,1006.7,94.1,0,26.9,1.8,41,36,4.01,100
2024/8/15 6:15,1006.7,93.6,0,26.9,1.8,62,54,7.28,100
2024/8/15 6:30,1006.7,92.9,0,27,1.8,85,88,8.06,100
2024/8/15 6:45,1006.7,92,0,27.1,1.8,110,91,11.88,100
2024/8/15 7:00,1006.7,90.5,0,27.3,1.8,138,141,13.51,100
2024/8/15 7:15,1006.7,88.8,0,27.5,1.8,169,129,21.89,100
2024/8/15 7:30,1006.7,87.6,0,27.7,1.8,205,189,24.77,100
2024/8/15 7:45,1006.7,86,0,28,1.9,245,398,31.95,100
2024/8/15 8:00,1006.7,84.7,0,28.2,1.9,288,455,45.03,100
2024/8/15 8:15,1006.7,83.2,0,28.4,2,333,358,57.92,100
2024/8/15 8:30,1006.7,82.3,0,28.6,2.1,381,534,61.02,100
2024/8/15 8:45,1006.7,81.9,0,28.7,2.2,429,595,58.63,100
2024/8/15 9:00,1006.7,81.8,0,28.8,2.4,476,193,62.24,100
2024/8/15 9:15,1006.7,82,0,28.9,2.5,521,650,40.27,100
2024/8/15 9:30,1006.7,81.9,0,29,2.7,562,689,73.47,100
2024/8/15 9:45,1006.7,81.6,0,29.1,2.8,598,721,86.72,100
2024/8/15 10:00,1006.7,81.3,0,29.2,3,630,747,94.51,100
2024/8/15 10:15,1006.7,81.3,0,29.2,3.1,657,781,98.65,100
2024/8/15 10:30,1006.7,81.4,0,29.3,3.3,680,814,99.59,100
2024/8/15 10:45,1006.7,81.6,0,29.3,3.5,698,861,97.12,100
2024/8/15 11:00,1006.7,81.6,0,29.4,3.7,712,884,99.84,100
2024/8/15 11:15,1006.7,81.2,0,29.4,3.8,722,907,98.87,100
2024/8/15 11:30,1006.7,80.8,0,29.5,4,727,929,99.11,100
2024/8/15 11:45,1006.7,80.6,0,29.5,4.2,728,980,95.81,100
2024/8/15 12:00,1006.7,80.7,0,29.5,4.4,726,1038,96.9,100
2024/8/15 12:15,1006.7,80.9,0,29.5,4.6,719,622,98.47,100
2024/8/15 12:30,1006.7,80.9,0,29.5,4.8,710,950,99.47,100
2024/8/15 12:45,1006.7,81.2,0,29.6,4.9,697,916,100,100
2024/8/15 13:00,1006.7,80.9,0,29.6,5.1,680,909,100,100
2024/8/15 13:15,1006.7,80.2,0,29.5,5.3,659,879,99.99,100
2024/8/15 13:30,1006.7,80.1,0,29.5,5.4,634,856,99.94,100
2024/8/15 13:45,1006.7,80.1,0,29.6,5.6,606,827,99.64,100
2024/8/15 14:00,1006.7,79.9,0,29.5,5.7,575,799,99.12,100
2024/8/15 14:15,1006.7,79.3,0,29.5,5.8,543,765,97.48,100
2024/8/15 14:30,1006.7,79,0,29.5,5.9,509,738,93.99,100
2024/8/15 14:45,1006.7,78.5,0,29.5,6,475,705,89.52,100
2024/8/15 15:00,1006.7,78,0,29.5,6,440,673,84.42,100
2024/8/15 15:15,1006.7,78.1,0.1,29.5,6.1,405,642,78.74,100
2024/8/15 15:30,1006.7,78.4,0,29.5,6.1,371,595,73.08,100
2024/8/15 15:45,1006.7,78,0,29.5,6.1,337,555,65.96,100
2024/8/15 16:00,1006.7,77.6,0,29.5,6.2,303,515,60.03,100
2024/8/15 16:15,1006.7,77.9,0,29.5,6.2,270,455,52.66,100
2024/8/15 16:30,1006.7,78,0,29.4,6.2,237,418,46.34,100
2024/8/15 16:45,1006.7,77.9,0,29.4,6.2,205,363,38.18,100
2024/8/15 17:00,1006.7,77.8,0,29.4,6.2,174,307,31.48,100
2024/8/15 17:15,1006.7,77.7,0,29.4,6.1,146,254,23.99,100
2024/8/15 17:30,1006.7,77.7,0,29.3,6.1,119,203,17.76,100
2024/8/15 17:45,1006.7,78,0,29.3,6,94,149,11.75,100
2024/8/15 18:00,1006.7,78.8,0,29.2,5.8,71,107,7.72,100
2024/8/15 18:15,1006.7,79.2,0,29.1,5.7,50,53,4.12,100
2024/8/15 18:30,1006.7,79.3,0,29,5.5,31,23,2.25,100
2024/8/15 18:45,1006.7,79.5,0,28.9,5.3,13,0,0,100
2024/8/15 19:00,1006.7,80.2,0,28.8,5.1,0,0,0,100
2024/8/15 19:15,1006.7,80.7,0,28.7,4.8,0,0,0,100
2024/8/15 19:30,1006.7,81,0,28.7,4.6,0,0,0,100
2024/8/15 19:45,1006.7,81.7,0,28.6,4.4,0,0,0,100
2024/8/15 20:00,1006.7,82.6,0,28.5,4.3,0,0,0,100
2024/8/15 20:15,1006.7,83.5,0,28.4,4.1,0,0,0,100
2024/8/15 20:30,1006.7,84.4,0,28.3,3.9,0,0,0,100
2024/8/15 20:45,1006.7,85.2,0,28.3,3.8,0,0,0,100
2024/8/15 21:00,1006.7,85.8,0,28.2,3.6,0,0,0,100
2024/8/15 21:15,1006.7,86.1,0,28.1,3.5,0,0,0,100
2024/8/15 21:30,1006.7,86.5,0,28.1,3.3,0,0,0,100
2024/8/15 21:45,1006.7,87.1,0,28,3.2,0,0,0,100
2024/8/15 22:00,1006.7,87.6,0,28,3,0,0,0,100
2024/8/15 22:15,1006.7,88,0,27.9,2.9,0,0,0,100
2024/8/15 22:30,1006.7,88.4,0,27.9,2.8,0,0,0,100
2024/8/15 22:45,1006.7,88.6,0,27.8,2.7,0,0,0,100
2024/8/15 23:00,1006.7,88.8,0,27.8,2.6,0,0,0,100
2024/8/15 23:15,1006.7,89.1,0,27.8,2.5,0,0,0,100
2024/8/15 23:30,1006.7,89.4,0,27.8,2.4,0,0,0,100
2024/8/15 23:45,1006.7,89.7,0,27.7,2.4,0,0,0,100
2024/8/16 0:00,1006.7,90.5,0,27.2,2.8,0,0,0,100
2024/8/16 0:15,1006.7,90.7,0,27.2,2.7,0,0,0,100
2024/8/16 0:30,1006.7,90.9,0,27.2,2.6,0,0,0,100
2024/8/16 0:45,1006.7,91.2,0,27.1,2.5,0,0,0,100
2024/8/16 1:00,1006.7,91.4,0,27.1,2.5,0,0,0,100
2024/8/16 1:15,1006.7,91.7,0,27,2.4,0,0,0,100
2024/8/16 1:30,1006.7,92,0,27,2.4,0,0,0,100
2024/8/16 1:45,1006.7,92.3,0,26.9,2.4,0,0,0,100
2024/8/16 2:00,1006.7,92.5,0,26.8,2.3,0,0,0,100
2024/8/16 2:15,1006.7,92.6,0,26.8,2.3,0,0,0,100
2024/8/16 2:30,1006.7,92.6,0,26.7,2.3,0,0,0,100
2024/8/16 2:45,1006.6,92.7,0,26.7,2.2,0,0,0,100
2024/8/16 3:00,1006.6,92.7,0,26.6,2.2,0,0,0,100
2024/8/16 3:15,1006.6,92.6,0,26.6,2.1,0,0,0,100
2024/8/16 3:30,1006.6,92.4,0,26.5,2.1,0,0,0,100
2024/8/16 3:45,1006.6,92.2,0,26.5,2.1,0,0,0,100
2024/8/16 4:00,1006.6,91.9,0,26.5,2.1,0,0,0,100
2024/8/16 4:15,1006.6,91.8,0,26.5,2,0,0,0,100
2024/8/16 4:30,1006.6,91.7,0,26.4,2,0,0,0,100
2024/8/16 4:45,1006.6,91.6,0,26.4,2,0,0,0,100
2024/8/16 5:00,1006.6,91.5,0,26.4,2,0,0,0,100
2024/8/16 5:15,1006.6,91.3,0,26.4,2,0,0,0,100
2024/8/16 5:30,1006.6,91.1,0,26.4,2,3,0,0,100
2024/8/16 5:45,1006.6,90.9,0,26.4,1.9,26,25,2.93,100
2024/8/16 6:00,1006.6,90.7,0,26.4,1.9,51,51,5.12,100
2024/8/16 6:15,1006.6,90.5,0,26.5,1.9,77,94,8.31,100
2024/8/16 6:30,1006.7,90.2,0,26.5,1.9,105,128,10.91,100
2024/8/16 6:45,1006.7,89.3,0,26.7,1.9,133,165,16.07,100
2024/8/16 7:00,1006.7,88,0,26.9,1.9,164,230,22.95,100
2024/8/16 7:15,1006.7,86.2,0,27.2,1.9,197,288,30.73,100
2024/8/16 7:30,1006.7,84.6,0,27.4,2,233,235,38.87,100
2024/8/16 7:45,1006.7,83.4,0,27.6,2.1,272,396,45.12,100
2024/8/16 8:00,1006.7,82.4,0,27.9,2.2,312,433,51.08,100
2024/8/16 8:15,1006.7,80.7,0,28.1,2.3,354,498,59.57,100
2024/8/16 8:30,1006.7,79.8,0,28.3,2.5,397,544,66.1,100
2024/8/16 8:45,1006.7,79.2,0,28.5,2.6,441,587,72.8,100
2024/8/16 9:00,1006.7,78.7,0,28.6,2.8,483,625,77.8,100
2024/8/16 9:15,1006.7,78.4,0,28.7,3,524,656,83.79,100
2024/8/16 9:30,1006.7,78.1,0,28.8,3.1,562,656,89.15,100
2024/8/16 9:45,1006.7,77.5,0,28.8,3.3,595,728,93.89,100
2024/8/16 10:00,1006.7,76.7,0,28.9,3.5,626,757,97.46,100
2024/8/16 10:15,1006.7,76.1,0,29,3.6,653,803,99.28,100
2024/8/16 10:30,1006.7,76,0,29,3.8,678,829,99.75,100
2024/8/16 10:45,1006.7,76.5,0,29,3.9,698,856,99.89,100
2024/8/16 11:00,1006.7,77.3,0,29.1,4.1,715,885,99.95,100
2024/8/16 11:15,1006.7,78.3,0,29.1,4.2,729,909,100,100
2024/8/16 11:30,1006.7,79,0,29.1,4.4,738,932,100,100
2024/8/16 11:45,1006.7,79.4,0,29.1,4.6,744,941,100,100
2024/8/16 12:00,1006.7,78.8,0,29.2,4.8,746,945,100,100
2024/8/16 12:15,1006.7,78.1,0,29.2,4.9,745,934,100,100
2024/8/16 12:30,1006.7,78.9,0,29.2,5.1,740,934,100,100
2024/8/16 12:45,1006.7,80,0,29.2,5.2,731,923,100,100
2024/8/16 13:00,1006.7,79.8,0,29.2,5.4,719,914,100,100
2024/8/16 13:15,1006.7,79.6,0,29.2,5.5,704,894,100,100
2024/8/16 13:30,1006.7,79.8,0,29.2,5.6,685,876,99.99,100
2024/8/16 13:45,1006.7,79.5,0,29.2,5.7,664,834,99.75,100
2024/8/16 14:00,1006.7,79,0,29.2,5.8,639,800,99.39,100
2024/8/16 14:15,1006.7,79.4,0,29.2,5.8,611,771,98.03,100
2024/8/16 14:30,1006.7,79.8,0,29.2,5.9,581,745,94.37,100
2024/8/16 14:45,1006.7,79.5,0,29.2,5.9,548,697,82.43,100
2024/8/16 15:00,1006.7,79.2,0,29.2,6,513,620,61.71,100
2024/8/16 15:15,1006.7,78.9,0,29.2,6,477,619,60.9,100
2024/8/16 15:30,1006.7,79,0,29.2,6,439,467,54.48,100
2024/8/16 15:45,1006.7,79.3,0,29.1,6,399,416,52.54,100
2024/8/16 16:00,1006.7,78.7,0,29.1,6,358,472,60.74,100
2024/8/16 16:15,1006.7,79,0,29.1,6,315,452,36.83,100
2024/8/16 16:30,1006.7,79.4,0,29.1,6,273,337,46.9,100
2024/8/16 16:45,1006.7,79.5,0,29,6,232,299,39.29,100
2024/8/16 17:00,1006.7,79.2,0,29,5.9,193,302,30.01,100
2024/8/16 17:15,1006.7,78.9,0,29,5.9,157,146,23.07,100
2024/8/16 17:30,1006.7,78.2,0,29,5.8,124,202,18.56,100
2024/8/16 17:45,1006.7,78.1,0,29,5.7,95,97,12.34,100
2024/8/16 18:00,1006.7,77.8,0,29,5.5,69,41,5.07,100
2024/8/16 18:15,1006.7,77.6,0,28.9,5.4,47,34,4.85,100
2024/8/16 18:30,1006.7,77.9,0,28.9,5.2,28,11,1.68,100
2024/8/16 18:45,1006.7,78.8,0,28.8,4.9,11,0,0,100
2024/8/16 19:00,1006.7,79.8,0,28.7,4.7,0,0,0,100
2024/8/16 19:15,1006.7,81,0,28.6,4.5,0,0,0,100
2024/8/16 19:30,1006.7,82.1,0,28.5,4.3,0,0,0,100
2024/8/16 19:45,1006.7,82.8,0,28.4,4.1,0,0,0,100
2024/8/16 20:00,1006.7,83.3,0,28.3,3.9,0,0,0,100
2024/8/16 20:15,1006.7,84,0,28.2,3.7,0,0,0,100
2024/8/16 20:30,1006.7,84.4,0,28.2,3.5,0,0,0,100
2024/8/16 20:45,1006.7,84.9,0,28.1,3.3,0,0,0,100
2024/8/16 21:00,1006.7,85.5,0,28,3.2,0,0,0,100
2024/8/16 21:15,1006.7,86.3,0,27.9,3,0,0,0,100
2024/8/16 21:30,1006.7,87.1,0,27.9,2.9,0,0,0,100
2024/8/16 21:45,1006.7,87.9,0,27.8,2.7,0,0,0,100
2024/8/16 22:00,1006.7,88.7,0,27.7,2.6,0,0,0,100
2024/8/16 22:15,1006.7,89.3,0,27.7,2.5,0,0,0,100
2024/8/16 22:30,1006.7,89.8,0,27.6,2.4,0,0,0,100
2024/8/16 22:45,1006.7,90.3,0,27.6,2.3,0,0,0,100
2024/8/16 23:00,1006.7,90.7,0,27.6,2.3,0,0,0,100
2024/8/16 23:15,1006.7,90.9,0,27.5,2.2,0,0,0,100
2024/8/16 23:30,1006.7,90.9,0,27.5,2.1,0,0,0,100
2024/8/16 23:45,1006.7,91.3,0,27.5,2.1,0,0,0,100
2024/8/17 0:00,1006.7,92.9,0,27.6,1.7,0,0,0,100
2024/8/17 0:15,1006.7,93.2,0,27.6,1.7,0,0,0,100
2024/8/17 0:30,1006.7,93.5,0,27.5,1.7,0,0,0,100
2024/8/17 0:45,1006.7,94,0,27.5,1.7,0,0,0,100
2024/8/17 1:00,1006.7,94.7,0,27.4,1.7,0,0,0,100
2024/8/17 1:15,1006.7,95.2,0,27.3,1.7,0,0,0,100
2024/8/17 1:30,1006.7,95.6,0,27.2,1.7,0,0,0,100
2024/8/17 1:45,1006.7,95.8,0,27.2,1.7,0,0,0,100
2024/8/17 2:00,1006.7,95.9,0,27.2,1.8,0,0,0,100
2024/8/17 2:15,1006.7,95.9,0,27.1,1.7,0,0,0,100
2024/8/17 2:30,1006.7,95.8,0,27.1,1.7,0,0,0,100
2024/8/17 2:45,1006.7,95.9,0,27,1.7,0,0,0,100
2024/8/17 3:00,1006.7,95.9,0,27,1.7,0,0,0,100
2024/8/17 3:15,1006.7,95.9,0,27,1.7,0,0,0,100
2024/8/17 3:30,1006.7,95.9,0,27,1.6,0,0,0,100
2024/8/17 3:45,1006.7,95.9,0,27,1.6,0,0,0,100
2024/8/17 4:00,1006.7,96,0,27,1.6,0,0,0,100
2024/8/17 4:15,1006.7,96.1,0,26.9,1.5,0,0,0,100
2024/8/17 4:30,1006.7,96.2,0,26.9,1.5,0,0,0,100
2024/8/17 4:45,1006.7,96.2,0,26.9,1.5,0,0,0,100
2024/8/17 5:00,1006.7,96.3,0,26.9,1.5,0,0,0,100
2024/8/17 5:15,1006.7,96.4,0,26.9,1.5,0,0,0,100
2024/8/17 5:30,1006.7,96.4,0,26.9,1.5,2,0,0,100
2024/8/17 5:45,1006.7,96.5,0,26.9,1.5,27,21,2.63,100
2024/8/17 6:00,1006.7,96.6,0,26.9,1.5,55,42,4.53,100
2024/8/17 6:15,1006.7,96.6,0,26.9,1.5,84,70,7.62,100
2024/8/17 6:30,1006.7,96.5,0,27,1.4,115,104,10.89,100
2024/8/17 6:45,1006.7,96.3,0,27.1,1.4,146,156,15.54,100
2024/8/17 7:00,1006.7,95.9,0,27.2,1.4,180,197,20.27,100
2024/8/17 7:15,1006.7,95.4,0,27.3,1.4,217,244,26.54,100
2024/8/17 7:30,1006.7,95,0,27.5,1.4,256,295,31.89,100
2024/8/17 7:45,1006.7,94.2,0,27.6,1.4,298,348,39.28,100
2024/8/17 8:00,1006.7,93.8,0,27.8,1.4,343,397,45.7,100
2024/8/17 8:15,1006.7,93.3,0,27.9,1.4,389,448,53.67,100
2024/8/17 8:30,1006.7,92.9,0,28,1.4,435,509,59.81,100
2024/8/17 8:45,1006.7,92.4,0,28.1,1.4,482,553,66.95,100
2024/8/17 9:00,1006.7,91.4,0,28.3,1.5,528,593,72.14,100
2024/8/17 9:15,1006.7,90.2,0,28.5,1.5,572,649,78.79,100
2024/8/17 9:30,1006.7,89,0,28.7,1.5,613,701,81.51,100
2024/8/17 9:45,1006.7,87.9,0,28.9,1.6,648,364,73.37,100
2024/8/17 10:00,1006.7,86.6,0,29.1,1.7,680,527,71.39,100
2024/8/17 10:15,1006.7,85.1,0,29.3,1.8,709,341,91.94,100
2024/8/17 10:30,1006.7,83.7,0,29.4,1.9,733,717,93.15,100
2024/8/17 10:45,1006.7,82.9,0,29.5,2,753,871,99.6,100
2024/8/17 11:00,1006.7,82.5,0,29.5,2.2,769,900,62.55,100
2024/8/17 11:15,1006.7,82.2,0,29.5,2.5,781,968,89.55,100
2024/8/17 11:30,1006.7,81.8,0,29.6,2.8,790,379,84.56,100
2024/8/17 11:45,1006.7,81.5,0,29.6,3.1,794,998,93.29,100
2024/8/17 12:00,1006.7,81,0,29.7,3.3,795,329,89.64,100
2024/8/17 12:15,1006.7,80.5,0,29.7,3.6,793,483,49.93,100
2024/8/17 12:30,1006.7,80.5,0,29.6,3.7,788,658,54.09,100
2024/8/17 12:45,1006.7,81.3,0,29.5,3.9,780,932,65.34,100
2024/8/17 13:00,1006.7,81.2,0,29.5,4,769,851,71.54,100
2024/8/17 13:15,1006.7,80.3,0,29.6,4.2,756,569,66.83,100
2024/8/17 13:30,1006.7,79.4,0,29.7,4.2,741,860,88.72,100
2024/8/17 13:45,1006.7,78,0,29.8,4.3,722,342,76.04,100
2024/8/17 14:00,1006.7,78,0,29.8,4.4,700,834,63.23,100
2024/8/17 14:15,1006.7,78.4,0,29.8,4.5,674,572,61.05,100
2024/8/17 14:30,1006.7,78.7,0,29.8,4.5,645,730,70.71,100
2024/8/17 14:45,1006.7,78.6,0,29.8,4.6,613,732,36.19,100
2024/8/17 15:00,1006.7,78.5,0,29.8,4.7,577,368,49.34,100
2024/8/17 15:15,1006.7,78,0,29.9,4.8,538,751,35.56,100
2024/8/17 15:30,1006.7,78.5,0,29.9,4.8,495,486,66.11,100
2024/8/17 15:45,1006.7,78.5,0,29.9,4.9,451,261,55.3,100
2024/8/17 16:00,1006.7,78.6,0,29.9,4.9,402,248,47.55,100
2024/8/17 16:15,1006.7,78.6,0,29.9,4.9,352,170,48.35,100
2024/8/17 16:30,1006.7,79.3,0,29.9,4.8,302,178,39.04,100
2024/8/17 16:45,1006.7,79.7,0,29.8,4.8,253,221,33.65,100
2024/8/17 17:00,1006.7,80.1,0,29.8,4.8,208,240,27.14,100
2024/8/17 17:15,1006.7,80,0,29.8,4.7,165,144,11.89,100
2024/8/17 17:30,1006.7,80.1,0,29.8,4.6,128,79,7.63,100
2024/8/17 17:45,1006.7,80.3,0,29.8,4.5,95,47,4.82,100
2024/8/17 18:00,1006.7,80.7,0,29.7,4.3,67,31,3.59,100
2024/8/17 18:15,1006.7,81.1,0,29.7,4.1,44,21,2.49,100
2024/8/17 18:30,1006.7,81.7,0,29.6,3.9,25,11,1.5,100
2024/8/17 18:45,1006.7,82.5,0,29.5,3.7,9,0,0,100
2024/8/17 19:00,1006.7,83.1,0,29.4,3.5,0,0,0,100
2024/8/17 19:15,1006.7,83.6,0,29.3,3.4,0,0,0,100
2024/8/17 19:30,1006.7,83.8,0,29.2,3.2,0,0,0,100
2024/8/17 19:45,1006.7,83.9,0,29.1,3.1,0,0,0,100
2024/8/17 20:00,1006.7,84.5,0,29,3,0,0,0,100
2024/8/17 20:15,1006.7,85.4,0,28.8,2.9,0,0,0,100
2024/8/17 20:30,1006.7,85.8,0,28.7,2.8,0,0,0,100
2024/8/17 20:45,1006.7,86.1,0,28.6,2.7,0,0,0,100
2024/8/17 21:00,1006.7,86.5,0,28.6,2.7,0,0,0,100
2024/8/17 21:15,1006.7,87.2,0,28.5,2.7,0,0,0,100
2024/8/17 21:30,1006.7,87.9,0,28.4,2.7,0,0,0,100
2024/8/17 21:45,1006.7,88.4,0,28.3,2.7,0,0,0,100
2024/8/17 22:00,1006.7,88.9,0,28.3,2.7,0,0,0,100
2024/8/17 22:15,1006.7,89.3,0,28.2,2.7,0,0,0,100
2024/8/17 22:30,1006.7,89.7,0,28.1,2.8,0,0,0,100
2024/8/17 22:45,1006.7,90.3,0,28.1,2.9,0,0,0,100
2024/8/17 23:00,1006.7,90.7,0,28,3,0,0,0,100
2024/8/17 23:15,1006.7,91,0,28,3.1,0,0,0,100
2024/8/17 23:30,1006.7,91.7,0,27.9,3.2,0,0,0,100
2024/8/17 23:45,1006.7,92.1,0,27.8,3.2,0,0,0,100
2024/8/18 0:00,1006.7,92.1,0,27.8,3.5,0,0,0,100
2024/8/18 0:15,1006.7,92.6,0,27.7,3.4,0,0,0,100
2024/8/18 0:30,1006.7,93.2,0,27.7,3.4,0,0,0,100
2024/8/18 0:45,1006.7,93.7,0,27.6,3.3,0,0,0,100
2024/8/18 1:00,1006.7,94.1,0,27.5,3.3,0,0,0,100
2024/8/18 1:15,1006.7,94.6,0,27.4,3.2,0,0,0,100
2024/8/18 1:30,1006.7,95,0,27.4,3.2,0,0,0,100
2024/8/18 1:45,1006.7,95.4,0,27.3,3.1,0,0,0,100
2024/8/18 2:00,1006.7,95.8,0,27.2,3.1,0,0,0,100
2024/8/18 2:15,1006.7,96,0,27.2,3,0,0,0,100
2024/8/18 2:30,1006.7,96.3,0,27.1,3,0,0,0,100
2024/8/18 2:45,1006.7,96.5,0,27.1,3,0,0,0,100
2024/8/18 3:00,1006.7,96.6,0,27,3,0,0,0,100
2024/8/18 3:15,1006.7,96.7,0,27,3,0,0,0,100
2024/8/18 3:30,1006.7,96.8,0,27,3,0,0,0,100
2024/8/18 3:45,1006.7,96.9,0,27,2.9,0,0,0,100
2024/8/18 4:00,1006.7,96.9,0,27,2.9,0,0,0,100
2024/8/18 4:15,1006.7,97,0,26.9,2.9,0,0,0,100
2024/8/18 4:30,1006.7,97.1,0,26.9,2.9,0,0,0,100
2024/8/18 4:45,1006.7,97.2,0,26.9,3,0,0,0,100
2024/8/18 5:00,1006.7,97.3,0,26.9,3,0,0,0,100
2024/8/18 5:15,1006.7,97.4,0,26.9,3,0,0,0,100
2024/8/18 5:30,1006.7,97.5,0,26.9,3,2,0,0,100
2024/8/18 5:45,1006.7,97.6,0,26.8,3,26,31,3.7,100
2024/8/18 6:00,1006.7,97.7,0,26.8,3,54,63,6.23,100
2024/8/18 6:15,1006.7,97.6,0,26.9,3,83,100,9.11,100
2024/8/18 6:30,1006.7,97.4,0,26.9,3,113,135,12.22,100
2024/8/18 6:45,1006.7,97.2,0,27,3,144,187,18.13,100
2024/8/18 7:00,1006.7,96.8,0,27.1,3,178,255,25.52,100
2024/8/18 7:15,1006.7,96.5,0,27.2,3,214,309,32.9,100
2024/8/18 7:30,1006.7,96.2,0,27.3,3,252,356,38.52,100
2024/8/18 7:45,1006.7,96.1,0,27.4,3,293,410,46.2,100
2024/8/18 8:00,1006.7,96,0,27.4,3,336,476,50.77,100
2024/8/18 8:15,1006.7,95.5,0,27.6,3,380,219,35.59,100
2024/8/18 8:30,1006.7,94.4,0,27.8,2.9,425,354,55.84,100
2024/8/18 8:45,1006.7,92.6,0,28.1,2.9,469,654,55.57,100
2024/8/18 9:00,1006.7,90.3,0,28.4,2.9,512,393,72.37,100
2024/8/18 9:15,1006.7,88.2,0,28.8,2.9,551,227,43.52,100
2024/8/18 9:30,1006.7,85.9,0,29.1,2.9,586,391,73.9,100
2024/8/18 9:45,1006.7,83.5,0,29.4,2.8,615,746,72.82,100
2024/8/18 10:00,1006.7,81.5,0,29.6,2.8,639,443,89.24,100
2024/8/18 10:15,1006.7,79.3,0,29.8,2.8,657,792,91.89,100
2024/8/18 10:30,1006.7,77.3,0,30,2.8,670,845,88,100
2024/8/18 10:45,1006.7,75.4,0,30.2,2.7,677,898,81.39,100
2024/8/18 11:00,1006.7,74.2,0,30.3,2.7,680,952,91.92,100
2024/8/18 11:15,1006.7,72.9,0,30.5,2.7,679,490,70.15,100
2024/8/18 11:30,1006.7,71.3,0,30.6,2.6,674,977,81.08,100
2024/8/18 11:45,1006.7,69,0,30.8,2.6,666,929,99.17,100
2024/8/18 12:00,1006.7,67.9,0,30.9,2.6,656,980,88.87,100
2024/8/18 12:15,1006.7,67.5,0,31,2.6,645,350,73.66,100
2024/8/18 12:30,1006.7,66.9,0,31.1,2.6,633,1010,43.98,100
2024/8/18 12:45,1006.7,66.3,0,31.2,2.6,622,911,61.49,100
2024/8/18 13:00,1006.7,65.8,0,31.3,2.6,609,422,60.82,100
2024/8/18 13:15,1006.7,65.5,0,31.3,2.5,596,946,63.69,100
2024/8/18 13:30,1006.7,65.4,0,31.3,2.5,582,996,51.4,100
2024/8/18 13:45,1006.7,64.7,0,31.4,2.5,566,830,74.84,100
2024/8/18 14:00,1006.7,65,0,31.4,2.6,548,498,72.03,100
2024/8/18 14:15,1006.7,65.9,0,31.4,2.6,528,825,95.63,100
2024/8/18 14:30,1006.7,66.7,0,31.4,2.6,505,420,36.09,100
2024/8/18 14:45,1006.7,67.3,0,31.2,2.7,481,247,33.05,100
2024/8/18 15:00,1006.7,68.2,0,31.2,2.9,453,279,35.61,100
2024/8/18 15:15,1006.7,68.7,0,31.1,3.2,424,272,33.04,100
2024/8/18 15:30,1006.7,69.8,0,31,3.5,391,234,28.43,100
2024/8/18 15:45,1006.7,72.6,0,30.8,3.7,357,210,25.7,100
2024/8/18 16:00,1006.7,74.8,0,30.6,3.9,320,201,24.36,100
2024/8/18 16:15,1006.7,76,0,30.5,4,282,188,24.02,100
2024/8/18 16:30,1006.7,75.7,0,30.4,4,244,181,22.64,100
2024/8/18 16:45,1006.7,76.4,0,30.3,4,207,131,15.68,100
2024/8/18 17:00,1006.7,76.2,0,30.2,4.1,172,92,10.91,100
2024/8/18 17:15,1006.7,76.2,0,30.2,4,139,18,8.32,100
2024/8/18 17:30,1006.7,77.1,0.1,30.2,3.9,110,56,7.5,100
2024/8/18 17:45,1006.7,78,0,30.1,3.7,83,44,4.5,100
2024/8/18 18:00,1006.7,80,0,29.7,3.6,60,37,3.31,100
2024/8/18 18:15,1006.7,81.2,0,29.5,3.5,40,15,2.17,100
2024/8/18 18:30,1006.7,80.5,0,29.4,3.5,23,10,1.29,100
2024/8/18 18:45,1006.7,81.2,0,29.3,3.5,8,0,0,100
2024/8/18 19:00,1006.7,82,0,29.2,3.5,0,0,0,100
2024/8/18 19:15,1006.7,83.3,0,29,3.4,0,0,0,100
2024/8/18 19:30,1006.7,84.6,0,28.9,3.4,0,0,0,100
2024/8/18 19:45,1006.7,85.3,0,28.8,3.4,0,0,0,100
2024/8/18 20:00,1006.7,85.9,0,28.7,3.5,0,0,0,100
2024/8/18 20:15,1006.7,86.3,0,28.7,3.6,0,0,0,100
2024/8/18 20:30,1006.7,87.2,0,28.6,3.7,0,0,0,100
2024/8/18 20:45,1006.7,87.9,0,28.5,3.8,0,0,0,100
2024/8/18 21:00,1006.7,88.3,0,28.4,3.8,0,0,0,100
2024/8/18 21:15,1006.7,88.3,0,28.3,3.9,0,0,0,100
2024/8/18 21:30,1006.7,88.4,0,28.2,3.9,0,0,0,100
2024/8/18 21:45,1006.7,89.2,0,28.1,3.9,0,0,0,100
2024/8/18 22:00,1006.7,90.2,0,28,3.9,0,0,0,100
2024/8/18 22:15,1006.7,91.1,0,27.9,3.8,0,0,0,100
2024/8/18 22:30,1006.7,91.8,0,27.9,3.7,0,0,0,100
2024/8/18 22:45,1006.7,92.5,0,27.8,3.6,0,0,0,100
2024/8/18 23:00,1006.7,93.2,0,27.7,3.6,0,0,0,100
2024/8/18 23:15,1006.7,93.6,0,27.7,3.5,0,0,0,100
2024/8/18 23:30,1006.7,93.9,0,27.6,3.5,0,0,0,100
2024/8/18 23:45,1006.6,94.1,0,27.6,3.4,0,0,0,100
2024/8/19 0:00,1006.6,94.9,0,27.8,4,0,0,0,100
2024/8/19 0:15,1006.6,95.3,0,27.7,3.9,0,0,0,100
2024/8/19 0:30,1006.6,95.6,0,27.7,3.9,0,0,0,100
2024/8/19 0:45,1006.6,95.9,0,27.6,3.8,0,0,0,100
2024/8/19 1:00,1006.6,96,0,27.6,3.8,0,0,0,100
2024/8/19 1:15,1006.6,96.3,0,27.5,3.8,0,0,0,100
2024/8/19 1:30,1006.6,96.5,0,27.5,3.7,0,0,0,100
2024/8/19 1:45,1006.6,96.7,0,27.5,3.7,0,0,0,100
2024/8/19 2:00,1006.6,96.9,0,27.4,3.7,0,0,0,100
2024/8/19 2:15,1006.6,97.2,0,27.4,3.6,0,0,0,100
2024/8/19 2:30,1006.6,97.3,0,27.3,3.6,0,0,0,100
2024/8/19 2:45,1006.6,97.5,0,27.3,3.5,0,0,0,100
2024/8/19 3:00,1006.6,97.6,0,27.2,3.5,0,0,0,100
2024/8/19 3:15,1006.6,97.6,0,27.2,3.5,0,0,0,100
2024/8/19 3:30,1006.6,97.7,0,27.1,3.4,0,0,0,100
2024/8/19 3:45,1006.6,97.8,0,27.1,3.4,0,0,0,100
2024/8/19 4:00,1006.6,97.8,0,27.1,3.4,0,0,0,100
2024/8/19 4:15,1006.6,97.8,0,27.1,3.3,0,0,0,100
2024/8/19 4:30,1006.6,97.8,0,27.1,3.3,0,0,0,100
2024/8/19 4:45,1006.6,97.8,0,27.1,3.3,0,0,0,100
2024/8/19 5:00,1006.6,97.9,0,27.1,3.3,0,0,0,100
2024/8/19 5:15,1006.6,97.8,0,27.1,3.3,0,0,0,100
2024/8/19 5:30,1006.6,97.8,0,27.1,3.2,1,0,0,100
2024/8/19 5:45,1006.6,97.8,0,27.1,3.2,24,10,1.58,100
2024/8/19 6:00,1006.6,97.9,0,27.1,3.2,53,42,3.74,100
2024/8/19 6:15,1006.6,98,0,27.1,3.2,82,92,6.92,100
2024/8/19 6:30,1006.6,97.9,0,27.2,3.2,112,136,10.79,100
2024/8/19 6:45,1006.6,97.6,0,27.2,3.2,144,184,17.75,100
2024/8/19 7:00,1006.6,97.2,0,27.3,3.2,178,253,26.35,100
2024/8/19 7:15,1006.6,96.7,0,27.5,3.2,214,311,35.4,100
2024/8/19 7:30,1006.6,96.1,0,27.7,3.3,254,264,31.26,100
2024/8/19 7:45,1006.6,94.8,0,27.9,3.4,296,360,42.36,100
2024/8/19 8:00,1006.6,93.3,0,28.3,3.5,340,472,54.71,100
2024/8/19 8:15,1006.7,91.6,0,28.6,3.6,386,279,53.84,100
2024/8/19 8:30,1006.7,90,0,28.8,3.6,432,631,68.7,100
2024/8/19 8:45,1006.7,88.5,0,29.1,3.7,479,714,52.86,100
2024/8/19 9:00,1006.7,86.9,0,29.3,3.8,524,748,69.7,100
2024/8/19 9:15,1006.7,85,0,29.6,3.9,566,803,49.8,100
2024/8/19 9:30,1006.7,82.9,0,29.8,3.9,604,332,54.56,100
2024/8/19 9:45,1006.7,81.1,0,30,3.8,637,286,52.82,100
2024/8/19 10:00,1006.7,79.6,0,30.2,3.7,664,335,23.86,100
2024/8/19 10:15,1006.7,78.1,0,30.3,3.6,687,131,15.28,100
2024/8/19 10:30,1006.7,76.6,0,30.4,3.5,705,138,22.9,100
2024/8/19 10:45,1006.7,75.8,0,30.5,3.4,718,404,43.33,100
2024/8/19 11:00,1006.7,74.3,0,30.7,3.3,727,353,91.99,100
2024/8/19 11:15,1006.7,72.9,0,30.8,3.2,731,286,97.83,100
2024/8/19 11:30,1006.7,73.3,0,30.8,3.1,732,366,70.47,100
2024/8/19 11:45,1006.7,75.5,0.3,30.6,3,729,231,30.45,100
2024/8/19 12:00,1006.7,73.3,0,30.7,3,724,259,26.57,100
2024/8/19 12:15,1006.7,71.3,0,31,3,716,802,53.61,100
2024/8/19 12:30,1006.7,71.3,0,31.1,3.2,707,1128,45.63,100
2024/8/19 12:45,1006.7,70.7,0,31,3.3,696,822,99.94,100
2024/8/19 13:00,1006.7,70.4,0,31,3.3,683,983,100,100
2024/8/19 13:15,1006.7,70.6,0.1,31,3.4,669,333,41.05,100
2024/8/19 13:30,1006.7,74.3,0,30.3,3.4,652,453,63.78,100
2024/8/19 13:45,1006.6,76.9,0.1,30,3.5,633,283,36.83,100
2024/8/19 14:00,1006.6,76.9,0.2,30.1,3.7,612,222,42.85,100
2024/8/19 14:15,1006.6,76.8,0,30.1,3.8,588,145,20.39,100
2024/8/19 14:30,1006.6,76.2,0.1,30.1,4,562,92,8.8,100
2024/8/19 14:45,1006.7,77.4,0.1,30.1,4,533,10,3.14,100
2024/8/19 15:00,1006.7,78.5,0,30.1,4,501,34,2.91,100
2024/8/19 15:15,1006.6,79.6,0,29.8,4,467,49,7.26,100
2024/8/19 15:30,1006.6,78.8,0,29.8,4,431,87,12.42,100
2024/8/19 15:45,1006.6,77.9,0.1,29.9,4,393,156,19.22,100
2024/8/19 16:00,1006.7,78.9,0.1,29.9,4,352,186,20.32,100
2024/8/19 16:15,1006.6,80.2,0,29.8,4,311,155,16.71,100
2024/8/19 16:30,1006.6,81.4,0.1,29.6,3.9,269,120,12.22,100
2024/8/19 16:45,1006.6,81.3,0,29.6,3.8,228,102,11.44,100
2024/8/19 17:00,1006.6,80.9,0,29.5,3.8,190,96,12.26,100
2024/8/19 17:15,1006.6,82.2,0,29.3,3.8,154,86,10.13,100
2024/8/19 17:30,1006.6,84.1,0,29.1,3.7,121,68,7.68,100
2024/8/19 17:45,1006.6,84.9,0.1,29,3.8,92,41,4.49,100
2024/8/19 18:00,1006.6,85.1,0.1,29,3.9,66,24,3.82,100
2024/8/19 18:15,1006.6,85.7,0,29,3.8,44,15,2.07,100
2024/8/19 18:30,1006.6,85.6,0,28.9,3.8,25,5,0.86,100
2024/8/19 18:45,1006.6,87,0,28.7,3.7,7,0,0,100
2024/8/19 19:00,1006.6,86.5,0,28.5,3.7,0,0,0,100
2024/8/19 19:15,1006.6,85.6,0,28.5,3.7,0,0,0,100
2024/8/19 19:30,1006.6,85.4,0,28.5,3.7,0,0,0,100
2024/8/19 19:45,1006.6,85.9,0,28.5,3.7,0,0,0,100
2024/8/19 20:00,1006.6,86.2,0,28.5,3.6,0,0,0,100
2024/8/19 20:15,1006.6,86.5,0,28.5,3.5,0,0,0,100
2024/8/19 20:30,1006.6,87.1,0,28.5,3.5,0,0,0,100
2024/8/19 20:45,1006.6,88.2,0,28.4,3.5,0,0,0,100
2024/8/19 21:00,1006.6,88.8,0,28.4,3.5,0,0,0,100
2024/8/19 21:15,1006.6,88.9,0,28.3,3.5,0,0,0,100
2024/8/19 21:30,1006.6,89.6,0,28.2,3.4,0,0,0,100
2024/8/19 21:45,1006.6,90,0,28.2,3.4,0,0,0,100
2024/8/19 22:00,1006.6,90.6,0,28.1,3.3,0,0,0,100
2024/8/19 22:15,1006.6,91.1,0,28,3.3,0,0,0,100
2024/8/19 22:30,1006.6,91.7,0,28,3.2,0,0,0,100
2024/8/19 22:45,1006.6,92.1,0,27.9,3.2,0,0,0,100
2024/8/19 23:00,1006.6,92.5,0,27.9,3.1,0,0,0,100
2024/8/19 23:15,1006.6,92.8,0,27.9,3.1,0,0,0,100
2024/8/19 23:30,1006.6,93.1,0,27.9,3.1,0,0,0,100
2024/8/19 23:45,1006.6,93.3,0,27.8,3.1,0,0,0,100
2024/8/20 0:00,1006.6,92.1,0,27.9,2.5,0,0,0,100
2024/8/20 0:15,1006.6,92.5,0,27.8,2.5,0,0,0,100
2024/8/20 0:30,1006.6,93.1,0,27.8,2.5,0,0,0,100
2024/8/20 0:45,1006.6,93.3,0,27.8,2.5,0,0,0,100
2024/8/20 1:00,1006.6,93.8,0,27.7,2.6,0,0,0,100
2024/8/20 1:15,1006.6,94.1,0,27.7,2.7,0,0,0,100
2024/8/20 1:30,1006.6,94.2,0,27.7,2.7,0,0,0,100
2024/8/20 1:45,1006.6,94.2,0,27.7,2.8,0,0,0,100
2024/8/20 2:00,1006.6,94.2,0,27.7,2.9,0,0,0,100
2024/8/20 2:15,1006.6,94.3,0,27.7,3,0,0,0,100
2024/8/20 2:30,1006.6,94.5,0,27.7,3.1,0,0,0,100
2024/8/20 2:45,1006.6,94.6,0,27.6,3.1,0,0,0,100
2024/8/20 3:00,1006.6,94.6,0,27.7,3.2,0,0,0,100
2024/8/20 3:15,1006.6,94.8,0,27.6,3.2,0,0,0,100
2024/8/20 3:30,1006.6,94.6,0,27.6,3.3,0,0,0,100
2024/8/20 3:45,1006.6,95.2,0,27.6,3.3,0,0,0,100
2024/8/20 4:00,1006.6,95.2,0,27.6,3.3,0,0,0,100
2024/8/20 4:15,1006.6,95.1,0,27.5,3.3,0,0,0,100
2024/8/20 4:30,1006.6,94.2,0,27.6,3.4,0,0,0,100
2024/8/20 4:45,1006.6,93.8,0,27.5,3.4,0,0,0,100
2024/8/20 5:00,1006.6,93.7,0,27.5,3.5,0,0,0,100
2024/8/20 5:15,1006.6,93.6,0,27.5,3.5,0,0,0,100
2024/8/20 5:30,1006.6,93.8,0,27.5,3.5,0,0,0,100
2024/8/20 5:45,1006.6,94,0,27.5,3.5,18,6,0.9,100
2024/8/20 6:00,1006.6,94.1,0,27.5,3.5,42,13,2.21,100
2024/8/20 6:15,1006.6,93.9,0,27.5,3.4,65,37,5.18,100
2024/8/20 6:30,1006.6,93.9,0.1,27.6,3.3,89,72,9.43,100
2024/8/20 6:45,1006.6,93.5,0.2,27.5,3.3,114,84,9.62,100
2024/8/20 7:00,1006.6,93.7,0.1,27.6,3.2,140,90,12.07,100
2024/8/20 7:15,1006.6,93.2,0,27.8,3.1,166,115,14.84,100
2024/8/20 7:30,1006.6,92.5,0.1,28,3,194,144,18.86,100
2024/8/20 7:45,1006.6,92.6,0.2,28.2,3.1,223,156,19.18,100
2024/8/20 8:00,1006.6,91.6,0.2,28.4,3.1,252,235,39.32,100
2024/8/20 8:15,1006.7,90.6,0,28.6,3.2,282,303,42.09,100
2024/8/20 8:30,1006.7,90.2,0,28.7,3.3,312,279,36.54,100
2024/8/20 8:45,1006.7,89.3,0,28.9,3.4,341,283,33.21,100
2024/8/20 9:00,1006.7,88.3,0,29,3.5,369,200,24.05,100
2024/8/20 9:15,1006.7,87.5,0,29.1,3.6,395,166,26.59,100
2024/8/20 9:30,1006.7,87,0,29.1,3.7,418,228,37.24,100
2024/8/20 9:45,1006.7,87.7,0,29.1,3.8,439,252,26.3,100
2024/8/20 10:00,1006.7,87.4,0.1,29.2,3.8,455,285,46.28,100
2024/8/20 10:15,1006.7,87,0,29.2,3.9,467,325,38.55,100
2024/8/20 10:30,1006.7,86.7,0,29.2,4,476,266,31.54,100
2024/8/20 10:45,1006.7,86.7,0,29.1,4.1,482,345,49.62,100
2024/8/20 11:00,1006.7,87.4,0.1,28.9,4.2,484,311,30.02,100
2024/8/20 11:15,1006.7,88.6,0.2,28.6,4.3,485,203,23.9,100
2024/8/20 11:30,1006.6,88.7,0,28.5,4.4,484,191,28.79,100
2024/8/20 11:45,1006.6,88,0.1,28.5,4.5,481,205,31.28,100
2024/8/20 12:00,1006.6,87.2,0,28.6,4.5,478,326,46.4,100
2024/8/20 12:15,1006.6,86.3,0,28.7,4.5,475,160,18.46,100
2024/8/20 12:30,1006.6,87,0,28.7,4.6,473,226,29.86,100
2024/8/20 12:45,1006.6,87.1,0,28.6,4.6,472,223,42.2,100
2024/8/20 13:00,1006.6,86.9,0.1,28.7,4.6,474,257,40.28,100
2024/8/20 13:15,1006.6,87.6,0,28.7,4.7,478,454,68.64,100
2024/8/20 13:30,1006.6,87,0,28.8,4.6,482,293,44.58,100
2024/8/20 13:45,1006.6,87.7,0,28.6,4.6,486,301,38.82,100
2024/8/20 14:00,1006.6,87,0,28.4,4.6,487,266,31.65,100
2024/8/20 14:15,1006.6,86.5,0.1,28.3,4.6,485,219,32.6,100
2024/8/20 14:30,1006.6,86.9,0,28.3,4.6,480,244,41.04,100
2024/8/20 14:45,1006.6,86.4,0,28.4,4.5,469,306,25.7,100
2024/8/20 15:00,1006.6,85.6,0,28.5,4.4,453,267,34.41,100
2024/8/20 15:15,1006.6,84.4,0,28.6,4.2,431,336,39.67,100
2024/8/20 15:30,1006.6,83.5,0,28.7,4.1,403,382,36.36,100
2024/8/20 15:45,1006.6,83.5,0,28.7,3.9,369,242,32.41,100
2024/8/20 16:00,1006.6,83.6,0,28.7,3.8,330,211,28.67,100
2024/8/20 16:15,1006.6,84,0,28.7,3.7,287,320,41.66,100
2024/8/20 16:30,1006.6,84.3,0,28.6,3.6,244,267,47.09,100
2024/8/20 16:45,1006.6,84.7,0,28.6,3.6,201,474,25.4,100
2024/8/20 17:00,1006.6,85.6,0,28.6,3.5,161,205,27.47,100
2024/8/20 17:15,1006.6,86.6,0,28.5,3.5,125,219,22.31,100
2024/8/20 17:30,1006.6,86.9,0,28.5,3.5,92,205,9.48,100
2024/8/20 17:45,1006.6,86.4,0,28.5,3.5,65,79,8.67,100
2024/8/20 18:00,1006.6,86.4,0,28.5,3.5,43,68,9.19,100
2024/8/20 18:15,1006.6,87.1,0,28.4,3.5,26,26,3.42,100
2024/8/20 18:30,1006.6,87.6,0,28.3,3.5,13,12,1.75,100
2024/8/20 18:45,1006.6,87.8,0,28.3,3.5,3,0,0,100
2024/8/20 19:00,1006.6,87.8,0,28.2,3.5,0,0,0,100
2024/8/20 19:15,1006.6,88.4,0,28.2,3.5,0,0,0,100
2024/8/20 19:30,1006.6,88.9,0,28.1,3.4,0,0,0,100
2024/8/20 19:45,1006.6,89.4,0,28.1,3.4,0,0,0,100
2024/8/20 20:00,1006.6,90.3,0,28,3.4,0,0,0,100
2024/8/20 20:15,1006.6,91,0,28,3.4,0,0,0,100
2024/8/20 20:30,1006.6,91.6,0,27.9,3.4,0,0,0,100
2024/8/20 20:45,1006.6,92,0,27.9,3.4,0,0,0,100
2024/8/20 21:00,1006.6,92.1,0,27.9,3.4,0,0,0,100
2024/8/20 21:15,1006.6,92.1,0,27.9,3.4,0,0,0,100
2024/8/20 21:30,1006.6,92.2,0,27.9,3.4,0,0,0,100
2024/8/20 21:45,1006.6,92.6,0,27.9,3.3,0,0,0,100
2024/8/20 22:00,1006.6,92.9,0,27.8,3.2,0,0,0,100
2024/8/20 22:15,1006.6,93.1,0,27.8,3.2,0,0,0,100
2024/8/20 22:30,1006.6,93.2,0.1,27.9,3.1,0,0,0,100
2024/8/20 22:45,1006.6,93.1,0,27.9,3.1,0,0,0,100
2024/8/20 23:00,1006.6,93.2,0,27.9,3,0,0,0,100
2024/8/20 23:15,1006.6,93.5,0,27.9,3,0,0,0,100
2024/8/20 23:30,1006.6,93.7,0,27.9,2.9,0,0,0,100
2024/8/20 23:45,1006.6,93.8,0,27.9,2.8,0,0,0,100
2024/8/21 0:00,1006.6,95.8,0,27.4,2.5,0,0,0,100
2024/8/21 0:15,1006.6,96,0,27.4,2.5,0,0,0,100
2024/8/21 0:30,1006.6,96.4,0,27.3,2.4,0,0,0,100
2024/8/21 0:45,1006.6,96.8,0,27.3,2.4,0,0,0,100
2024/8/21 1:00,1006.6,97.5,0,27.2,2.3,0,0,0,100
2024/8/21 1:15,1006.6,97.4,0,27.2,2.3,0,0,0,100
2024/8/21 1:30,1006.6,97.2,0,27.2,2.2,0,0,0,100
2024/8/21 1:45,1006.6,97.4,0,27.2,2.2,0,0,0,100
2024/8/21 2:00,1006.6,97.8,0,27.2,2.2,0,0,0,100
2024/8/21 2:15,1006.6,98.3,0,27.1,2.1,0,0,0,100
2024/8/21 2:30,1006.6,98.6,0,27.1,2,0,0,0,100
2024/8/21 2:45,1006.6,98.6,0,27.1,2,0,0,0,100
2024/8/21 3:00,1006.6,98.7,0,27.2,1.9,0,0,0,100
2024/8/21 3:15,1006.6,98.1,0,27.2,1.9,0,0,0,100
2024/8/21 3:30,1006.6,98.5,0,27.2,1.9,0,0,0,100
2024/8/21 3:45,1006.6,98.4,0,27.2,1.9,0,0,0,100
2024/8/21 4:00,1006.6,98.1,0,27.2,1.9,0,0,0,100
2024/8/21 4:15,1006.6,98.1,0,27.2,1.9,0,0,0,100
2024/8/21 4:30,1006.6,98.1,0,27.2,2,0,0,0,100
2024/8/21 4:45,1006.6,98.2,0,27.2,2,0,0,0,100
2024/8/21 5:00,1006.6,98.1,0,27.2,2,0,0,0,100
2024/8/21 5:15,1006.6,98.5,0,27.1,2.1,0,0,0,100
2024/8/21 5:30,1006.6,98.8,0,27.1,2.1,0,0,0,100
2024/8/21 5:45,1006.6,99.3,0,27,2.1,8,4,0.76,100
2024/8/21 6:00,1006.6,99.3,0,26.9,2.2,19,8,1.27,100
2024/8/21 6:15,1006.6,99.4,0,26.9,2.3,30,18,2.14,100
2024/8/21 6:30,1006.6,99.2,0,26.9,2.3,41,29,3.87,100
2024/8/21 6:45,1006.6,99.4,0,26.8,2.2,51,38,4.21,100
2024/8/21 7:00,1006.6,99.8,0,26.8,2.2,60,55,6.14,100
2024/8/21 7:15,1006.6,99.7,0,26.8,2.3,68,313,21.93,100
2024/8/21 7:30,1006.6,99.5,0,26.8,2.3,74,349,37.57,100
2024/8/21 7:45,1006.6,99.3,0,27,2.4,80,371,45.69,100
2024/8/21 8:00,1006.6,98.6,0,27.1,2.4,84,430,52.96,100
2024/8/21 8:15,1006.6,97.8,0,27.2,2.4,88,544,37.36,100
2024/8/21 8:30,1006.6,96.7,0,27.4,2.4,90,420,33.05,100
2024/8/21 8:45,1006.6,94.5,0,27.7,2.5,93,505,54.56,100
2024/8/21 9:00,1006.6,92,0,28,2.7,95,634,77.14,100
2024/8/21 9:15,1006.6,90,0,28.2,2.9,99,666,83.99,100
2024/8/21 9:30,1006.6,88.2,0,28.3,3,103,762,92.98,100
2024/8/21 9:45,1006.6,87,0,28.5,3.1,110,787,56.09,100
2024/8/21 10:00,1006.6,86.7,0,28.5,3.2,118,805,56.86,100
2024/8/21 10:15,1006.6,86.6,0,28.6,3.2,127,854,51.11,100
2024/8/21 10:30,1006.6,86.7,0,28.6,3.3,139,532,81.66,100
2024/8/21 10:45,1006.6,86.6,0,28.6,3.4,151,878,98.61,100
2024/8/21 11:00,1006.6,86.8,0,28.6,3.5,164,888,98.92,100
2024/8/21 11:15,1006.6,87,0,28.7,3.5,178,902,100,100
2024/8/21 11:30,1006.6,86.7,0,28.8,3.6,192,934,100,100
2024/8/21 11:45,1006.6,86.7,0,28.9,3.6,205,958,100,100
2024/8/21 12:00,1006.6,87.4,0,28.8,3.6,218,943,100,100
2024/8/21 12:15,1006.6,87.6,0,28.8,3.7,229,959,99.45,100
2024/8/21 12:30,1006.6,87.2,0,28.8,3.7,239,959,99.47,100
2024/8/21 12:45,1006.6,87.1,0,28.9,3.8,247,1010,97.92,100
2024/8/21 13:00,1006.6,87,0,28.9,3.8,255,945,88.99,100
2024/8/21 13:15,1006.6,86.4,0,28.9,3.8,263,897,98.58,100
2024/8/21 13:30,1006.6,85.7,0,29,3.8,269,857,96.54,100
2024/8/21 13:45,1006.6,85.7,0,29,3.8,275,820,94.28,100
2024/8/21 14:00,1006.6,85.5,0.1,29,3.8,279,780,98.75,100
2024/8/21 14:15,1006.6,85,0.1,29,3.7,280,769,93.24,100
2024/8/21 14:30,1006.6,84.7,0.2,29,3.7,279,735,94.26,100
2024/8/21 14:45,1006.6,83.9,0.1,29.1,3.6,276,750,84.17,100
2024/8/21 15:00,1006.6,82.7,0,29.1,3.5,269,697,84.59,100
2024/8/21 15:15,1006.6,82.3,0,29.2,3.4,259,595,54.17,100
2024/8/21 15:30,1006.6,81.5,0,29.3,3.4,246,641,75.54,100
2024/8/21 15:45,1006.6,81,0.1,29.3,3.3,231,558,66.75,100
2024/8/21 16:00,1006.6,80.8,0.1,29.3,3.2,212,469,52,100
2024/8/21 16:15,1006.6,80.9,0,29.3,3.1,191,481,54.78,100
2024/8/21 16:30,1006.6,81,0,29.4,3,169,289,44.46,100
2024/8/21 16:45,1006.6,80.9,0,29.4,2.9,147,414,31.95,100
2024/8/21 17:00,1006.6,80.7,0,29.4,2.9,125,300,18.73,100
2024/8/21 17:15,1006.6,80.7,0,29.4,2.8,104,115,10.56,100
2024/8/21 17:30,1006.6,80.5,0,29.4,2.7,83,123,18.08,100
2024/8/21 17:45,1006.6,80.7,0,29.3,2.6,65,175,17.01,100
2024/8/21 18:00,1006.6,80.8,0,29.3,2.6,47,95,9.12,100
2024/8/21 18:15,1006.6,81,0,29.2,2.5,32,58,6.5,100
2024/8/21 18:30,1006.6,81,0,29.2,2.4,17,27,3.24,100
2024/8/21 18:45,1006.6,81.2,0,29.1,2.4,4,0,0,100
2024/8/21 19:00,1006.6,81.9,0,29.1,2.3,0,0,0,100
2024/8/21 19:15,1006.6,82.4,0,29,2.2,0,0,0,100
2024/8/21 19:30,1006.6,82.9,0,28.9,2.2,0,0,0,100
2024/8/21 19:45,1006.6,83.1,0,28.9,2.1,0,0,0,100
2024/8/21 20:00,1006.6,82.9,0,28.8,2.1,0,0,0,100
2024/8/21 20:15,1006.6,83,0,28.7,2.1,0,0,0,100
2024/8/21 20:30,1006.6,83.5,0,28.6,2,0,0,0,100
2024/8/21 20:45,1006.6,84.3,0,28.5,2,0,0,0,100
2024/8/21 21:00,1006.6,84.9,0,28.4,1.9,0,0,0,100
2024/8/21 21:15,1006.6,85.3,0,28.3,1.9,0,0,0,100
2024/8/21 21:30,1006.6,85.5,0,28.2,1.8,0,0,0,100
2024/8/21 21:45,1006.6,85.9,0,28.1,1.7,0,0,0,100
2024/8/21 22:00,1006.6,86.4,0,28.1,1.7,0,0,0,100
2024/8/21 22:15,1006.6,86.9,0,28,1.6,0,0,0,100
2024/8/21 22:30,1006.6,87.2,0,27.9,1.5,0,0,0,100
2024/8/21 22:45,1006.6,87.4,0,27.9,1.5,0,0,0,100
2024/8/21 23:00,1006.6,88,0,27.8,1.5,0,0,0,100
2024/8/21 23:15,1006.6,88.6,0,27.7,1.5,0,0,0,100
2024/8/21 23:30,1006.6,89.2,0,27.7,1.5,0,0,0,100
2024/8/21 23:45,1006.6,89.8,0,27.6,1.6,0,0,0,100
2024/8/22 0:00,1006.6,92.7,0,27,1.6,0,0,0,100
2024/8/22 0:15,1006.6,92.6,0,26.9,1.6,0,0,0,100
2024/8/22 0:30,1006.6,92.4,0,26.9,1.6,0,0,0,100
2024/8/22 0:45,1006.6,92.3,0,26.8,1.7,0,0,0,100
2024/8/22 1:00,1006.6,92.5,0,26.8,1.7,0,0,0,100
2024/8/22 1:15,1006.6,92.7,0,26.7,1.8,0,0,0,100
2024/8/22 1:30,1006.6,92.9,0,26.7,1.8,0,0,0,100
2024/8/22 1:45,1006.6,93.1,0,26.6,1.8,0,0,0,100
2024/8/22 2:00,1006.6,93.5,0,26.6,1.8,0,0,0,100
2024/8/22 2:15,1006.6,93.9,0,26.5,1.8,0,0,0,100
2024/8/22 2:30,1006.6,94.1,0,26.5,1.8,0,0,0,100
2024/8/22 2:45,1006.6,94.5,0,26.5,1.8,0,0,0,100
2024/8/22 3:00,1006.6,94.9,0,26.4,1.9,0,0,0,100
2024/8/22 3:15,1006.6,95.2,0,26.4,1.9,0,0,0,100
2024/8/22 3:30,1006.6,95.5,0,26.3,1.9,0,0,0,100
2024/8/22 3:45,1006.6,95.6,0,26.3,2,0,0,0,100
2024/8/22 4:00,1006.6,95.7,0,26.2,2,0,0,0,100
2024/8/22 4:15,1006.6,95.7,0,26.2,2.1,0,0,0,100
2024/8/22 4:30,1006.6,95.7,0,26.2,2.1,0,0,0,100
2024/8/22 4:45,1006.6,95.7,0,26.1,2.2,0,0,0,100
2024/8/22 5:00,1006.6,95.8,0,26.1,2.2,0,0,0,100
2024/8/22 5:15,1006.6,95.9,0,26.1,2.2,0,0,0,100
2024/8/22 5:30,1006.6,96.1,0,26.1,2.2,0,0,0,100
2024/8/22 5:45,1006.6,96.3,0,26.1,2.2,16,12,1.63,100
2024/8/22 6:00,1006.6,96.6,0,26.1,2.1,41,22,2.61,100
2024/8/22 6:15,1006.6,96.5,0,26.1,2.1,65,35,4.76,100
2024/8/22 6:30,1006.6,96.3,0,26.2,2.1,90,104,9.6,100
2024/8/22 6:45,1006.6,95.9,0,26.3,2,117,142,15.55,100
2024/8/22 7:00,1006.6,95.2,0,26.4,2,145,178,20.61,100
2024/8/22 7:15,1006.6,94.3,0,26.6,2,174,169,30.55,100
2024/8/22 7:30,1006.6,93.2,0,26.9,2,206,289,35.61,100
2024/8/22 7:45,1006.6,91.6,0,27.2,2,238,486,34.15,100
2024/8/22 8:00,1006.6,90.3,0,27.5,2,273,317,34.04,100
2024/8/22 8:15,1006.6,88.7,0,27.8,2.1,308,273,21.63,100
2024/8/22 8:30,1006.6,86.4,0,28.2,2.1,345,306,12.02,100
2024/8/22 8:45,1006.6,84.6,0,28.6,2.2,381,76,19.34,100
2024/8/22 9:00,1006.6,83,0,28.8,2.2,418,478,64.14,100
2024/8/22 9:15,1006.6,81.5,0,29,2.3,453,302,46.4,100
2024/8/22 9:30,1006.6,80.5,0,29.1,2.4,487,624,69.94,100
2024/8/22 9:45,1006.6,80.1,0,29.1,2.6,520,727,72.72,100
2024/8/22 10:00,1006.6,80.4,0,29.2,2.7,551,679,83.78,100
2024/8/22 10:15,1006.6,81,0,29.1,2.8,581,742,78.44,100
2024/8/22 10:30,1006.6,81.3,0,29.2,2.9,610,805,85.55,100
2024/8/22 10:45,1006.6,80.7,0,29.2,3,637,829,88.4,100
2024/8/22 11:00,1006.6,80.7,0,29.2,3,661,872,75.68,100
2024/8/22 11:15,1006.6,81,0,29.2,3,683,831,96.75,100
2024/8/22 11:30,1006.6,80.5,0,29.3,3.1,701,844,99.68,100
2024/8/22 11:45,1006.6,80.1,0,29.3,3.1,716,888,91.97,100
2024/8/22 12:00,1006.6,79.7,0,29.3,3.1,726,894,100,100
2024/8/22 12:15,1006.6,79.5,0,29.3,3,732,896,99.65,100
2024/8/22 12:30,1006.6,79.1,0,29.4,3,733,826,99.77,100
2024/8/22 12:45,1006.6,78.5,0,29.4,2.9,728,895,99.62,100
2024/8/22 13:00,1006.6,77.8,0,29.5,2.8,720,877,98.36,100
2024/8/22 13:15,1006.6,77.2,0,29.5,2.8,707,818,94.85,100
2024/8/22 13:30,1006.6,76.2,0,29.6,2.7,690,743,93.62,100
2024/8/22 13:45,1006.6,75,0,29.6,2.6,670,712,86.35,100
2024/8/22 14:00,1006.6,74.2,0,29.7,2.5,646,669,86.54,100
2024/8/22 14:15,1006.6,73.4,0,29.7,2.4,618,633,87.78,100
2024/8/22 14:30,1006.6,72.2,0,29.8,2.4,587,671,84.06,100
2024/8/22 14:45,1006.6,70.7,0,29.9,2.3,554,623,78.38,100
2024/8/22 15:00,1006.6,69.3,0,29.9,2.2,518,609,74.66,100
2024/8/22 15:15,1006.6,67.9,0,30,2.1,480,532,67.57,100
2024/8/22 15:30,1006.6,66.7,0,30.1,2.1,440,530,61.6,100
2024/8/22 15:45,1006.6,65.5,0,30.1,2,399,469,54.67,100
2024/8/22 16:00,1006.6,64.2,0,30.2,1.9,355,380,47.33,100
2024/8/22 16:15,1006.6,63.2,0,30.3,1.8,310,384,42.21,100
2024/8/22 16:30,1006.6,62.5,0,30.4,1.8,265,317,34.49,100
2024/8/22 16:45,1006.6,62.1,0,30.4,1.7,222,226,27.74,100
2024/8/22 17:00,1006.6,62,0,30.5,1.6,181,209,22.34,100
2024/8/22 17:15,1006.6,62.2,0,30.5,1.6,144,159,18.5,100
2024/8/22 17:30,1006.6,62.5,0,30.5,1.6,110,120,13.5,100
2024/8/22 17:45,1006.7,63.2,0,30.4,1.5,81,84,8.85,100
2024/8/22 18:00,1006.7,64.2,0,30.4,1.5,56,57,6.54,100
2024/8/22 18:15,1006.7,65.4,0,30.3,1.5,35,33,3.83,100
2024/8/22 18:30,1006.7,66.8,0,30.1,1.6,18,9,1.6,100
2024/8/22 18:45,1006.7,68.4,0,30,1.6,3,0,0,100
2024/8/22 19:00,1006.7,70,0,29.8,1.6,0,0,0,100
2024/8/22 19:15,1006.7,71.2,0,29.7,1.7,0,0,0,100
2024/8/22 19:30,1006.7,72.1,0,29.6,1.8,0,0,0,100
2024/8/22 19:45,1006.7,72.9,0,29.4,1.8,0,0,0,100
2024/8/22 20:00,1006.7,73.5,0,29.3,1.9,0,0,0,100
2024/8/22 20:15,1006.7,74.1,0,29.1,2,0,0,0,100
2024/8/22 20:30,1006.7,74.8,0,29,2.1,0,0,0,100
2024/8/22 20:45,1006.7,75.8,0,28.9,2.1,0,0,0,100
2024/8/22 21:00,1006.7,76.8,0,28.7,2.2,0,0,0,100
2024/8/22 21:15,1006.7,77.3,0,28.6,2.3,0,0,0,100
2024/8/22 21:30,1006.6,77.4,0,28.6,2.4,0,0,0,100
2024/8/22 21:45,1006.6,78,0,28.5,2.4,0,0,0,100
2024/8/22 22:00,1006.6,79.2,0,28.3,2.5,0,0,0,100
2024/8/22 22:15,1006.6,80.5,0,28.2,2.6,0,0,0,100
2024/8/22 22:30,1006.6,81.6,0,28.1,2.7,0,0,0,100
2024/8/22 22:45,1006.6,82.7,0,28,2.8,0,0,0,100
2024/8/22 23:00,1006.6,83.9,0,27.9,2.8,0,0,0,100
2024/8/22 23:15,1006.6,84.9,0,27.8,2.9,0,0,0,100
2024/8/22 23:30,1006.6,85.7,0,27.7,2.9,0,0,0,100
2024/8/22 23:45,1006.6,86.5,0,27.6,2.9,0,0,0,100
2024/8/23 0:00,1006.6,88.3,0,27.6,2.8,0,0,0,100
2024/8/23 0:15,1006.6,88.9,0,27.5,2.8,0,0,0,100
2024/8/23 0:30,1006.6,89.6,0,27.4,2.7,0,0,0,100
2024/8/23 0:45,1006.6,90.3,0,27.3,2.7,0,0,0,100
2024/8/23 1:00,1006.6,90.8,0,27.3,2.7,0,0,0,100
2024/8/23 1:15,1006.6,91.1,0,27.3,2.6,0,0,0,100
2024/8/23 1:30,1006.6,91.4,0,27.2,2.6,0,0,0,100
2024/8/23 1:45,1006.6,91.7,0,27.2,2.6,0,0,0,100
2024/8/23 2:00,1006.6,92,0,27.1,2.5,0,0,0,100
2024/8/23 2:15,1006.6,92.2,0,27,2.5,0,0,0,100
2024/8/23 2:30,1006.6,92.3,0,27,2.5,0,0,0,100
2024/8/23 2:45,1006.6,92.4,0,27,2.5,0,0,0,100
2024/8/23 3:00,1006.6,92.6,0,26.9,2.5,0,0,0,100
2024/8/23 3:15,1006.6,92.7,0,26.9,2.5,0,0,0,100
2024/8/23 3:30,1006.6,92.8,0,26.9,2.5,0,0,0,100
2024/8/23 3:45,1006.6,93,0,26.8,2.5,0,0,0,100
2024/8/23 4:00,1006.6,93.1,0,26.8,2.5,0,0,0,100
2024/8/23 4:15,1006.6,93.2,0,26.8,2.5,0,0,0,100
2024/8/23 4:30,1006.6,93.4,0,26.8,2.5,0,0,0,100
2024/8/23 4:45,1006.6,93.6,0,26.7,2.5,0,0,0,100
2024/8/23 5:00,1006.6,93.8,0,26.7,2.5,0,0,0,100
2024/8/23 5:15,1006.6,93.9,0,26.7,2.5,0,0,0,100
2024/8/23 5:30,1006.6,94,0,26.6,2.5,0,0,0,100
2024/8/23 5:45,1006.6,94.1,0,26.6,2.5,17,14,1.93,100
2024/8/23 6:00,1006.6,94.2,0,26.6,2.4,45,32,3.61,100
2024/8/23 6:15,1006.6,94.2,0,26.6,2.4,74,59,6.65,100
2024/8/23 6:30,1006.6,94,0,26.7,2.3,103,94,9.92,100
2024/8/23 6:45,1006.6,93.6,0,26.9,2.3,135,137,14.24,100
2024/8/23 7:00,1006.6,92.9,0,27.1,2.3,169,179,19.12,100
2024/8/23 7:15,1006.7,91.9,0,27.4,2.2,206,231,24.89,100
2024/8/23 7:30,1006.7,90.4,0,27.8,2.1,246,277,30.71,100
2024/8/23 7:45,1006.7,88.7,0,28.2,2,289,328,37.99,100
2024/8/23 8:00,1006.7,87.1,0,28.4,1.9,334,385,44.09,100
2024/8/23 8:15,1006.7,86,0,28.7,1.8,382,423,50.8,100
2024/8/23 8:30,1006.7,84.4,0,29,1.8,430,454,57.17,100
2024/8/23 8:45,1006.7,82.6,0,29.2,1.7,479,518,62.82,100
2024/8/23 9:00,1006.7,80.8,0,29.5,1.6,527,552,66.32,100
2024/8/23 9:15,1006.7,78.9,0,29.7,1.6,573,600,71.4,100
2024/8/23 9:30,1006.7,77,0,29.9,1.6,615,620,76.49,100
2024/8/23 9:45,1006.7,75.2,0,30.1,1.6,653,649,73.39,100
2024/8/23 10:00,1006.7,74.7,0,30.2,1.7,686,702,88,100
2024/8/23 10:15,1006.7,74.8,0,30.3,1.8,714,748,76.49,100
2024/8/23 10:30,1006.7,73.7,0,30.4,1.9,739,753,68.87,100
2024/8/23 10:45,1006.7,72.6,0,30.5,2,759,643,50.77,100
2024/8/23 11:00,1006.7,72.3,0,30.5,2.2,775,767,63.91,100
2024/8/23 11:15,1006.7,72.1,0,30.5,2.3,787,781,98.23,100
2024/8/23 11:30,1006.7,72.4,0,30.5,2.5,795,842,98.37,100
2024/8/23 11:45,1006.7,72.7,0,30.5,2.6,799,820,98.32,100
2024/8/23 12:00,1006.7,73.2,0,30.5,2.7,799,876,99.95,100
2024/8/23 12:15,1006.7,74.1,0,30.5,2.8,796,876,99.84,100
2024/8/23 12:30,1006.7,74,0,30.5,2.9,790,850,99.88,100
2024/8/23 12:45,1006.7,73.5,0,30.5,3.1,782,860,99.86,100
2024/8/23 13:00,1006.7,73.3,0,30.5,3.2,771,837,99.87,100
2024/8/23 13:15,1006.7,73.5,0,30.5,3.3,758,830,99.74,100
2024/8/23 13:30,1006.7,73.8,0,30.5,3.3,742,803,99.49,100
2024/8/23 13:45,1006.7,73.7,0,30.5,3.3,723,773,98.33,100
2024/8/23 14:00,1006.7,73.3,0,30.5,3.4,701,752,95.64,100
2024/8/23 14:15,1006.7,72.6,0,30.6,3.4,675,722,90.1,100
2024/8/23 14:30,1006.7,72.3,0,30.6,3.4,646,674,85.96,100
2024/8/23 14:45,1006.7,72,0,30.6,3.4,613,639,79.83,100
2024/8/23 15:00,1006.7,71.7,0,30.6,3.5,576,607,76.31,100
2024/8/23 15:15,1006.7,71.7,0,30.6,3.5,536,572,68.9,100
2024/8/23 15:30,1006.7,71.4,0,30.6,3.4,493,531,64.42,100
2024/8/23 15:45,1006.7,70.8,0,30.7,3.4,447,489,56.23,100
2024/8/23 16:00,1006.7,70.5,0,30.7,3.4,398,447,50.67,100
2024/8/23 16:15,1006.7,70.5,0,30.6,3.4,347,381,42.9,100
2024/8/23 16:30,1006.7,70.5,0,30.6,3.3,296,334,35.62,100
2024/8/23 16:45,1006.7,70.7,0,30.6,3.3,246,273,26.96,100
2024/8/23 17:00,1006.7,70.9,0,30.6,3.2,200,243,25.85,100
2024/8/23 17:15,1006.7,71.2,0,30.5,3.2,157,187,19.56,100
2024/8/23 17:30,1006.7,71.5,0,30.5,3.1,120,153,15.48,100
2024/8/23 17:45,1006.7,72,0,30.4,3,87,99,9.6,100
2024/8/23 18:00,1006.7,72.8,0,30.3,2.9,59,63,6.61,100
2024/8/23 18:15,1006.7,73.9,0,30.2,2.9,36,29,3.52,100
2024/8/23 18:30,1006.7,75.4,0,30,2.8,18,12,1.63,100
2024/8/23 18:45,1006.7,77.2,0,29.9,2.8,2,0,0,100
2024/8/23 19:00,1006.7,78.7,0,29.8,2.8,0,0,0,100
2024/8/23 19:15,1006.7,79.5,0,29.7,2.7,0,0,0,100
2024/8/23 19:30,1006.7,80,0,29.6,2.7,0,0,0,100
2024/8/23 19:45,1006.7,80.6,0,29.5,2.7,0,0,0,100
2024/8/23 20:00,1006.7,81.4,0,29.3,2.8,0,0,0,100
2024/8/23 20:15,1006.7,82.5,0,29.2,2.8,0,0,0,100
2024/8/23 20:30,1006.7,83.8,0,29,2.9,0,0,0,100
2024/8/23 20:45,1006.7,84.8,0,28.8,3,0,0,0,100
2024/8/23 21:00,1006.7,85.6,0,28.7,3,0,0,0,100
2024/8/23 21:15,1006.7,86.5,0,28.5,3,0,0,0,100
2024/8/23 21:30,1006.7,87.4,0,28.4,3.1,0,0,0,100
2024/8/23 21:45,1006.7,88.1,0,28.3,3.1,0,0,0,100
2024/8/23 22:00,1006.7,88.6,0,28.2,3.1,0,0,0,100
2024/8/23 22:15,1006.7,89,0,28.1,3.1,0,0,0,100
2024/8/23 22:30,1006.7,89.5,0,28.1,3.1,0,0,0,100
2024/8/23 22:45,1006.7,90,0,28,3.1,0,0,0,100
2024/8/23 23:00,1006.7,90.4,0,27.9,3.1,0,0,0,100
2024/8/23 23:15,1006.7,90.5,0,27.8,3.1,0,0,0,100
2024/8/23 23:30,1006.7,90.5,0,27.8,3.1,0,0,0,100
2024/8/23 23:45,1006.7,90.5,0,27.7,3.1,0,0,0,100
2024/8/24 0:00,1006.7,91.5,0,27.8,2.8,0,0,0,100
2024/8/24 0:15,1006.7,92,0,27.7,2.8,0,0,0,100
2024/8/24 0:30,1006.7,92.3,0,27.7,2.8,0,0,0,100
2024/8/24 0:45,1006.7,92.5,0,27.6,2.8,0,0,0,100
2024/8/24 1:00,1006.7,92.7,0,27.5,2.8,0,0,0,100
2024/8/24 1:15,1006.7,92.9,0,27.5,2.8,0,0,0,100
2024/8/24 1:30,1006.7,93.3,0,27.4,2.8,0,0,0,100
2024/8/24 1:45,1006.7,93.6,0,27.3,2.8,0,0,0,100
2024/8/24 2:00,1006.7,94,0,27.3,2.8,0,0,0,100
2024/8/24 2:15,1006.7,94.3,0,27.2,2.8,0,0,0,100
2024/8/24 2:30,1006.7,94.5,0,27.2,2.8,0,0,0,100
2024/8/24 2:45,1006.7,94.7,0,27.1,2.8,0,0,0,100
2024/8/24 3:00,1006.7,94.8,0,27.1,2.7,0,0,0,100
2024/8/24 3:15,1006.7,94.8,0,27.1,2.7,0,0,0,100
2024/8/24 3:30,1006.7,94.8,0,27,2.7,0,0,0,100
2024/8/24 3:45,1006.7,94.8,0,27,2.7,0,0,0,100
2024/8/24 4:00,1006.7,94.7,0,27,2.7,0,0,0,100
2024/8/24 4:15,1006.7,94.6,0,27,2.7,0,0,0,100
2024/8/24 4:30,1006.7,94.4,0,27,2.7,0,0,0,100
2024/8/24 4:45,1006.7,94.3,0,26.9,2.7,0,0,0,100
2024/8/24 5:00,1006.7,94.1,0,26.9,2.7,0,0,0,100
2024/8/24 5:15,1006.7,94,0,26.9,2.6,0,0,0,100
2024/8/24 5:30,1006.7,93.8,0,26.9,2.6,0,0,0,100
2024/8/24 5:45,1006.7,93.6,0,26.9,2.6,16,12,1.61,100
2024/8/24 6:00,1006.7,93.5,0,26.9,2.5,44,31,3.54,100
2024/8/24 6:15,1006.7,93.3,0,26.9,2.4,73,59,6.07,100
2024/8/24 6:30,1006.7,93,0,27,2.4,103,78,8.61,100
2024/8/24 6:45,1006.7,92.5,0,27.2,2.4,134,126,13.26,100
2024/8/24 7:00,1006.7,91.8,0,27.4,2.4,168,174,18.19,100
2024/8/24 7:15,1006.7,90.6,0,27.7,2.3,204,217,24.35,100
2024/8/24 7:30,1006.7,89.3,0,28.1,2.3,244,249,29.71,100
2024/8/24 7:45,1006.7,87.6,0,28.5,2.2,286,316,36.71,100
2024/8/24 8:00,1006.7,86.6,0,28.8,2.2,331,360,43.25,100
2024/8/24 8:15,1006.7,85.6,0,29.1,2.2,377,416,49.96,100
2024/8/24 8:30,1006.7,83.8,0,29.4,2.1,425,463,55.68,100
2024/8/24 8:45,1006.7,82.4,0,29.6,2.1,473,527,64.4,100
2024/8/24 9:00,1006.7,81.6,0,29.9,2,520,567,67.66,100
2024/8/24 9:15,1006.7,80.4,0,30.1,1.8,565,559,76.22,100
2024/8/24 9:30,1006.7,78.8,0,30.4,1.7,606,619,77.79,100
2024/8/24 9:45,1006.7,77.2,0,30.6,1.6,643,661,81.6,100
2024/8/24 10:00,1006.7,76,0,30.8,1.6,676,682,87.64,100
2024/8/24 10:15,1006.7,74.7,0,31,1.6,706,729,91.68,100
2024/8/24 10:30,1006.7,73,0,31.1,1.6,731,756,96.55,100
2024/8/24 10:45,1006.7,71.8,0,31.2,1.7,752,794,98.93,100
2024/8/24 11:00,1006.7,71.1,0,31.3,1.8,770,810,99.59,100
2024/8/24 11:15,1006.7,70.9,0,31.2,1.9,783,847,99.84,100
2024/8/24 11:30,1006.7,70.7,0,31.2,2,792,868,99.99,100
2024/8/24 11:45,1006.7,70.5,0,31.2,2.2,797,880,99.96,100
2024/8/24 12:00,1006.7,70.3,0,31.3,2.4,799,895,100,100
2024/8/24 12:15,1006.7,70.1,0,31.3,2.5,797,894,100,100
2024/8/24 12:30,1006.7,70.1,0,31.3,2.5,792,895,100,100
2024/8/24 12:45,1006.7,69.9,0,31.3,2.6,784,883,100,100
2024/8/24 13:00,1006.7,69.5,0,31.3,2.7,774,870,100,100
2024/8/24 13:15,1006.7,69.4,0,31.4,2.7,762,836,99.95,100
2024/8/24 13:30,1006.7,69.4,0,31.4,2.8,746,820,99.73,100
2024/8/24 13:45,1006.7,69,0,31.4,2.8,727,780,99.27,100
2024/8/24 14:00,1006.7,68.7,0,31.4,2.9,705,773,98.14,100
2024/8/24 14:15,1006.7,68.7,0,31.4,2.9,679,737,94.23,100
2024/8/24 14:30,1006.7,69,0,31.4,2.9,650,714,90.27,100
2024/8/24 14:45,1006.7,69,0,31.4,3,616,669,86.74,100
2024/8/24 15:00,1006.7,69.2,0,31.4,3.1,579,652,76.04,100
2024/8/24 15:15,1006.7,69.5,0,31.4,3.1,539,608,75.79,100
2024/8/24 15:30,1006.7,69.9,0,31.4,3.2,496,565,69.77,100
2024/8/24 15:45,1006.7,70.2,0,31.3,3.2,449,532,55.67,100
2024/8/24 16:00,1006.7,70.7,0,31.2,3.2,399,182,20.38,100
2024/8/24 16:15,1006.7,71.3,0,31.2,3.2,347,183,37.72,100
2024/8/24 16:30,1006.7,71.5,0,31.1,3.1,296,300,40.04,100
2024/8/24 16:45,1006.7,71.3,0,31.1,3.1,246,295,29.71,100
2024/8/24 17:00,1006.7,71.3,0,31.1,3,199,205,27.73,100
2024/8/24 17:15,1006.7,71.5,0,31,2.9,156,209,20.71,100
2024/8/24 17:30,1006.7,71.6,0,31,2.8,118,138,10.74,100
2024/8/24 17:45,1006.7,72.1,0,30.9,2.7,85,35,3.65,100
2024/8/24 18:00,1006.7,72.9,0,30.7,2.6,58,77,6.74,100
2024/8/24 18:15,1006.7,73.8,0,30.6,2.6,35,32,3.96,100
2024/8/24 18:30,1006.7,74.6,0,30.5,2.5,16,0,0,100
2024/8/24 18:45,1006.7,75.4,0,30.4,2.4,2,0,0,100
2024/8/24 19:00,1006.7,75.9,0,30.3,2.4,0,0,0,100
2024/8/24 19:15,1006.7,76.4,0,30.2,2.4,0,0,0,100
2024/8/24 19:30,1006.7,76.8,0,30.1,2.4,0,0,0,100
2024/8/24 19:45,1006.7,77.3,0,30,2.4,0,0,0,100
2024/8/24 20:00,1006.7,78.3,0,29.9,2.5,0,0,0,100
2024/8/24 20:15,1006.7,79.7,0,29.7,2.6,0,0,0,100
2024/8/24 20:30,1006.7,81.7,0,29.6,2.7,0,0,0,100
2024/8/24 20:45,1006.7,83.9,0,29.4,2.8,0,0,0,100
2024/8/24 21:00,1006.7,85.4,0,29.3,2.9,0,0,0,100
2024/8/24 21:15,1006.7,86.5,0,29.2,3.1,0,0,0,100
2024/8/24 21:30,1006.7,87.4,0,29.1,3.2,0,0,0,100
2024/8/24 21:45,1006.7,88.4,0,28.9,3.3,0,0,0,100
2024/8/24 22:00,1006.7,89.4,0,28.8,3.4,0,0,0,100
2024/8/24 22:15,1006.7,90.4,0,28.6,3.5,0,0,0,100
2024/8/24 22:30,1006.7,91.2,0,28.5,3.6,0,0,0,100
2024/8/24 22:45,1006.7,92,0,28.4,3.6,0,0,0,100
2024/8/24 23:00,1006.7,92.7,0,28.2,3.7,0,0,0,100
2024/8/24 23:15,1006.7,93.2,0,28.1,3.7,0,0,0,100
2024/8/24 23:30,1006.7,93.6,0,28,3.7,0,0,0,100
2024/8/24 23:45,1006.7,94.1,0,28,3.7,0,0,0,100
2024/8/25 0:00,1006.7,93,0,28.1,3.1,0,0,0,100
2024/8/25 0:15,1006.7,93.5,0,28.1,3.2,0,0,0,100
2024/8/25 0:30,1006.7,94.1,0,28,3.2,0,0,0,100
2024/8/25 0:45,1006.7,94.5,0,27.9,3.2,0,0,0,100
2024/8/25 1:00,1006.7,94.8,0,27.9,3.2,0,0,0,100
2024/8/25 1:15,1006.7,95.1,0,27.8,3.2,0,0,0,100
2024/8/25 1:30,1006.7,95.4,0,27.7,3.2,0,0,0,100
2024/8/25 1:45,1006.7,95.8,0,27.7,3.2,0,0,0,100
2024/8/25 2:00,1006.7,96.1,0,27.6,3.2,0,0,0,100
2024/8/25 2:15,1006.7,96.4,0,27.5,3.1,0,0,0,100
2024/8/25 2:30,1006.7,96.7,0,27.5,3.1,0,0,0,100
2024/8/25 2:45,1006.7,96.9,0,27.4,3.1,0,0,0,100
2024/8/25 3:00,1006.7,97.2,0,27.4,3,0,0,0,100
2024/8/25 3:15,1006.7,97.4,0,27.3,3,0,0,0,100
2024/8/25 3:30,1006.7,97.5,0,27.3,3,0,0,0,100
2024/8/25 3:45,1006.7,97.7,0,27.2,2.9,0,0,0,100
2024/8/25 4:00,1006.7,97.8,0,27.2,2.9,0,0,0,100
2024/8/25 4:15,1006.7,97.8,0,27.2,2.9,0,0,0,100
2024/8/25 4:30,1006.7,97.8,0,27.1,2.9,0,0,0,100
2024/8/25 4:45,1006.7,97.8,0,27.1,2.9,0,0,0,100
2024/8/25 5:00,1006.7,97.8,0,27.1,2.9,0,0,0,100
2024/8/25 5:15,1006.7,97.9,0,27,2.9,0,0,0,100
2024/8/25 5:30,1006.7,97.8,0,27,2.8,0,0,0,100
2024/8/25 5:45,1006.7,97.8,0,27,2.8,14,16,2.15,100
2024/8/25 6:00,1006.7,97.8,0,27,2.8,42,33,4.07,100
2024/8/25 6:15,1006.7,97.7,0,27,2.7,71,68,7.42,100
2024/8/25 6:30,1006.7,97.4,0,27,2.7,100,116,12.77,100
2024/8/25 6:45,1006.7,97,0,27.1,2.7,131,162,16.57,100
2024/8/25 7:00,1006.7,96.3,0,27.3,2.7,165,154,9.77,100
2024/8/25 7:15,1006.7,95.4,0,27.5,2.6,202,219,21.3,100
2024/8/25 7:30,1006.7,94.5,0,27.8,2.6,241,256,29.23,100
2024/8/25 7:45,1006.7,93.5,0,28,2.5,284,320,37.04,100
2024/8/25 8:00,1006.7,92.6,0,28.3,2.5,329,345,45.33,100
2024/8/25 8:15,1006.7,91.3,0,28.6,2.5,376,455,55.95,100
2024/8/25 8:30,1006.7,89.5,0,29,2.4,425,433,61.81,100
2024/8/25 8:45,1006.7,87.3,0,29.3,2.3,473,370,37.55,100
2024/8/25 9:00,1006.7,85.5,0,29.6,2.3,521,432,46.81,100
2024/8/25 9:15,1006.7,83.6,0,29.9,2.2,566,505,53.92,100
2024/8/25 9:30,1006.7,81.6,0,30.2,2.1,608,534,66.1,100
2024/8/25 9:45,1006.7,80.2,0,30.4,2,644,637,79.91,100
2024/8/25 10:00,1006.7,78.4,0,30.7,2,676,671,82.74,100
2024/8/25 10:15,1006.7,75.9,0,30.9,2,704,613,85.14,100
2024/8/25 10:30,1006.7,74.1,0,31,1.9,727,622,78.95,100
2024/8/25 10:45,1006.7,72.9,0,31.1,1.9,745,790,93.77,100
2024/8/25 11:00,1006.7,71.3,0,31.2,1.9,760,841,96.99,100
2024/8/25 11:15,1006.7,70.6,0,31.2,2,770,544,62.52,100
2024/8/25 11:30,1006.7,70.4,0,31.2,2,776,376,48.9,100
2024/8/25 11:45,1006.7,70.3,0,31.2,2.1,778,593,83.34,100
2024/8/25 12:00,1006.7,70.5,0,31.2,2.2,777,668,82.25,100
2024/8/25 12:15,1006.7,70.7,0,31.2,2.3,774,651,78.35,100
2024/8/25 12:30,1006.7,70.8,0,31.2,2.4,767,549,64.04,100
2024/8/25 12:45,1006.7,71,0,31.2,2.5,758,549,64.63,100
2024/8/25 13:00,1006.7,70.5,0,31.3,2.6,748,470,60.7,100
2024/8/25 13:15,1006.7,69.8,0,31.4,2.6,735,374,43.72,100
2024/8/25 13:30,1006.7,69.7,0,31.3,2.7,720,284,32.87,100
2024/8/25 13:45,1006.7,69,0,31.4,2.8,702,191,24.97,100
2024/8/25 14:00,1006.7,69.2,0,31.3,2.9,681,177,22.77,100
2024/8/25 14:15,1006.7,69.1,0,31.3,3.1,656,168,20.74,100
2024/8/25 14:30,1006.7,69.9,0,31.3,3.2,628,189,24.2,100
2024/8/25 14:45,1006.7,71.6,0,31.1,3.3,596,221,27.04,100
2024/8/25 15:00,1006.7,72.6,0,31.1,3.5,560,227,24.81,100
2024/8/25 15:15,1006.7,72.5,0,31,3.6,522,239,31.58,100
2024/8/25 15:30,1006.7,73,0,31,3.7,480,312,27.57,100
2024/8/25 15:45,1006.7,73.5,0,30.9,3.7,435,200,25.08,100
2024/8/25 16:00,1006.7,73.9,0,30.9,3.7,386,203,23.23,100
2024/8/25 16:15,1006.7,74.1,0,30.9,3.7,336,192,21.34,100
2024/8/25 16:30,1006.7,75.7,0,30.8,3.6,286,158,17.86,100
2024/8/25 16:45,1006.7,76.5,0,30.7,3.5,238,107,12.16,100
2024/8/25 17:00,1006.7,76.7,0,30.7,3.5,192,68,7.39,100
2024/8/25 17:15,1006.7,77.3,0,30.6,3.4,151,46,5.01,100
2024/8/25 17:30,1006.7,78.4,0,30.5,3.3,114,21,2.88,100
2024/8/25 17:45,1006.7,79.5,0,30.4,3.3,82,17,2.41,100
2024/8/25 18:00,1006.7,80.5,0,30.3,3.2,55,21,2.57,100
2024/8/25 18:15,1006.7,80.9,0,30.2,3.1,33,9,1.28,100
2024/8/25 18:30,1006.7,81.1,0,30.1,3.1,14,0,0,100
2024/8/25 18:45,1006.7,81.6,0,30,3,1,0,0,100
2024/8/25 19:00,1006.7,82.3,0,29.9,2.9,0,0,0,100
2024/8/25 19:15,1006.7,83.2,0,29.8,2.9,0,0,0,100
2024/8/25 19:30,1006.7,84.2,0,29.6,2.9,0,0,0,100
2024/8/25 19:45,1006.7,84.8,0,29.6,2.8,0,0,0,100
2024/8/25 20:00,1006.7,85.4,0,29.5,2.8,0,0,0,100
2024/8/25 20:15,1006.7,85.9,0,29.4,2.8,0,0,0,100
2024/8/25 20:30,1006.7,86.5,0,29.3,2.8,0,0,0,100
2024/8/25 20:45,1006.7,87.2,0,29.2,2.8,0,0,0,100
2024/8/25 21:00,1006.7,88.1,0,29,2.8,0,0,0,100
2024/8/25 21:15,1006.7,88.7,0,28.9,2.9,0,0,0,100
2024/8/25 21:30,1006.7,88.9,0,28.8,2.9,0,0,0,100
2024/8/25 21:45,1006.7,89.2,0,28.7,2.9,0,0,0,100
2024/8/25 22:00,1006.7,89.8,0,28.6,3,0,0,0,100
2024/8/25 22:15,1006.7,90.6,0,28.5,3,0,0,0,100
2024/8/25 22:30,1006.7,91.4,0,28.5,3.1,0,0,0,100
2024/8/25 22:45,1006.7,91.8,0,28.4,3.2,0,0,0,100
2024/8/25 23:00,1006.7,91.7,0,28.3,3.2,0,0,0,100
2024/8/25 23:15,1006.7,91.6,0,28.3,3.3,0,0,0,100
2024/8/25 23:30,1006.7,91.6,0,28.2,3.4,0,0,0,100
2024/8/25 23:45,1006.7,91.7,0,28.1,3.4,0,0,0,100
2024/8/26 0:00,1006.7,92.2,0,28.4,3.4,0,0,0,100
2024/8/26 0:15,1006.7,92.3,0,28.3,3.5,0,0,0,100
2024/8/26 0:30,1006.7,92.6,0,28.3,3.5,0,0,0,100
2024/8/26 0:45,1006.7,92.9,0,28.2,3.5,0,0,0,100
2024/8/26 1:00,1006.7,93.2,0,28.2,3.5,0,0,0,100
2024/8/26 1:15,1006.7,93.8,0,28.1,3.5,0,0,0,100
2024/8/26 1:30,1006.7,93.7,0,28.1,3.5,0,0,0,100
2024/8/26 1:45,1006.7,93.6,0,28.1,3.4,0,0,0,100
2024/8/26 2:00,1006.7,93.4,0,28,3.4,0,0,0,100
2024/8/26 2:15,1006.7,93.3,0,28,3.4,0,0,0,100
2024/8/26 2:30,1006.7,93.6,0,28,3.4,0,0,0,100
2024/8/26 2:45,1006.7,94.2,0,27.9,3.4,0,0,0,100
2024/8/26 3:00,1006.6,94.4,0,27.9,3.4,0,0,0,100
2024/8/26 3:15,1006.6,94.6,0,27.8,3.5,0,0,0,100
2024/8/26 3:30,1006.6,94.9,0,27.8,3.5,0,0,0,100
2024/8/26 3:45,1006.6,95.1,0,27.8,3.5,0,0,0,100
2024/8/26 4:00,1006.6,95.2,0,27.7,3.6,0,0,0,100
2024/8/26 4:15,1006.6,95.4,0,27.7,3.6,0,0,0,100
2024/8/26 4:30,1006.6,95.3,0,27.7,3.6,0,0,0,100
2024/8/26 4:45,1006.6,95.2,0,27.7,3.6,0,0,0,100
2024/8/26 5:00,1006.6,95.2,0,27.6,3.6,0,0,0,100
2024/8/26 5:15,1006.6,95.2,0,27.6,3.6,0,0,0,100
2024/8/26 5:30,1006.6,95.3,0,27.6,3.5,0,0,0,100
2024/8/26 5:45,1006.6,95.5,0,27.5,3.5,13,5,1.17,100
2024/8/26 6:00,1006.6,95.5,0,27.5,3.5,41,18,2.34,100
2024/8/26 6:15,1006.6,95.4,0,27.5,3.4,69,20,2.55,100
2024/8/26 6:30,1006.6,95.3,0,27.5,3.4,99,20,2.3,100
2024/8/26 6:45,1006.6,95,0,27.6,3.3,129,20,3.03,100
2024/8/26 7:00,1006.6,94.6,0,27.6,3.3,162,34,4.48,100
2024/8/26 7:15,1006.6,94.2,0,27.7,3.3,198,61,8.07,100
2024/8/26 7:30,1006.6,93.9,0,27.7,3.3,237,54,7.64,100
2024/8/26 7:45,1006.6,93.3,0,27.8,3.3,278,62,8.73,100
2024/8/26 8:00,1006.6,92.9,0,27.9,3.3,321,190,25.02,100
2024/8/26 8:15,1006.6,92.4,0,28,3.3,366,221,23.84,100
2024/8/26 8:30,1006.6,91.9,0,28.1,3.3,412,168,20.7,100
2024/8/26 8:45,1006.6,91.6,0,28.1,3.3,457,169,23.02,100
2024/8/26 9:00,1006.6,91.1,0,28.1,3.4,501,270,32.91,100
2024/8/26 9:15,1006.6,90.6,0,28.2,3.4,541,470,43.4,100
2024/8/26 9:30,1006.6,90,0,28.3,3.5,577,331,38.97,100
2024/8/26 9:45,1006.6,89.5,0,28.4,3.6,607,263,32.78,100
2024/8/26 10:00,1006.6,88.9,0,28.5,3.7,631,294,35.86,100
2024/8/26 10:15,1006.6,88.4,0,28.5,3.8,648,231,28.9,100
2024/8/26 10:30,1006.7,87.8,0,28.6,3.9,660,214,27.44,100
2024/8/26 10:45,1006.6,87.4,0,28.6,4,667,168,22.41,100
2024/8/26 11:00,1006.7,86.9,0,28.7,4.1,669,149,20.98,100
2024/8/26 11:15,1006.7,86.3,0,28.8,4.3,666,121,14.35,100
2024/8/26 11:30,1006.6,85.5,0,28.8,4.4,660,166,20.85,100
2024/8/26 11:45,1006.6,84.8,0,28.9,4.6,651,128,16.45,100
2024/8/26 12:00,1006.6,84.3,0,28.8,4.8,640,90,12.39,100
2024/8/26 12:15,1006.6,84,0,28.9,5,627,142,21.1,100
2024/8/26 12:30,1006.6,83.9,0,28.9,5.2,614,151,19.86,100
2024/8/26 12:45,1006.6,84.9,0,28.8,5.4,601,166,20.12,100
2024/8/26 13:00,1006.6,85.1,0,28.8,5.6,588,150,18.86,100
2024/8/26 13:15,1006.6,84.6,0.1,28.8,5.8,574,95,10.43,100
2024/8/26 13:30,1006.6,84.9,0.1,28.8,6,560,93,11.88,100
2024/8/26 13:45,1006.6,84.9,0,28.8,6.2,543,103,12.22,100
2024/8/26 14:00,1006.6,84.5,0.2,28.8,6.3,525,99,14.53,100
2024/8/26 14:15,1006.6,84.6,0.3,28.8,6.3,505,68,9.61,100
2024/8/26 14:30,1006.6,85,0.2,28.7,6.3,482,62,8.96,100
2024/8/26 14:45,1006.6,85.4,0.2,28.6,6.2,457,83,11.6,100
2024/8/26 15:00,1006.6,85.9,0.2,28.6,6.1,428,66,10.17,100
2024/8/26 15:15,1006.6,86.3,0.2,28.3,6.1,397,21,3,100
2024/8/26 15:30,1006.6,87.5,0.2,28.1,6.1,364,10,1.68,100
2024/8/26 15:45,1006.6,88.1,0.3,28,6.1,328,13,1.91,100
2024/8/26 16:00,1006.6,88.1,0.2,27.9,6,290,9,1.53,100
2024/8/26 16:15,1006.6,87.2,0.3,27.8,6,250,9,1.64,100
2024/8/26 16:30,1006.6,87,0.1,27.6,5.9,211,13,1.95,100
2024/8/26 16:45,1006.6,88,0.1,27.4,5.9,173,20,2.96,100
2024/8/26 17:00,1006.6,89.3,0.2,27.2,6.1,138,30,4.24,100
2024/8/26 17:15,1006.6,90.5,0.5,27.1,6.2,107,41,3.81,100
2024/8/26 17:30,1006.6,91.8,0.3,27,6.3,79,17,1.96,100
2024/8/26 17:45,1006.6,92.3,0.2,26.9,6.5,56,5,1.01,100
2024/8/26 18:00,1006.6,91.9,0,26.8,6.5,36,5,0.74,100
2024/8/26 18:15,1006.6,91.6,0,26.7,6.5,21,6,0.91,100
2024/8/26 18:30,1006.6,91.4,0.4,26.6,6.6,8,0,0,100
2024/8/26 18:45,1006.6,91.3,0.5,26.6,6.8,0,0,0,100
2024/8/26 19:00,1006.6,92.2,0.6,26.4,6.8,0,0,0,100
2024/8/26 19:15,1006.6,92.9,0.5,26.5,6.8,0,0,0,100
2024/8/26 19:30,1006.6,93,0.3,26.5,6.8,0,0,0,100
2024/8/26 19:45,1006.6,92.5,0.3,26.4,6.8,0,0,0,100
2024/8/26 20:00,1006.6,92.2,0.6,26.3,6.8,0,0,0,100
2024/8/26 20:15,1006.6,93.4,0.2,26.3,6.8,0,0,0,100
2024/8/26 20:30,1006.6,93.7,0.1,26.2,6.9,0,0,0,100
2024/8/26 20:45,1006.6,93.1,0.3,26.1,6.9,0,0,0,100
2024/8/26 21:00,1006.6,93.3,0.3,26,7,0,0,0,100
2024/8/26 21:15,1006.6,92.6,0.2,25.8,7.1,0,0,0,100
2024/8/26 21:30,1006.6,91.8,0.1,25.8,7.3,0,0,0,100
2024/8/26 21:45,1006.6,91.1,0,25.7,7.4,0,0,0,100
2024/8/26 22:00,1006.6,90.4,0.2,25.8,7.5,0,0,0,100
2024/8/26 22:15,1006.6,89.6,0.1,25.7,7.6,0,0,0,100
2024/8/26 22:30,1006.6,88.8,0.2,25.5,7.7,0,0,0,100
2024/8/26 22:45,1006.6,88.3,0.3,25.3,7.8,0,0,0,100
2024/8/26 23:00,1006.6,87.6,0.2,25.1,7.8,0,0,0,100
2024/8/26 23:15,1006.6,88.2,0.2,25,7.7,0,0,0,100
2024/8/26 23:30,1006.6,88.2,0.1,24.9,7.7,0,0,0,100
2024/8/26 23:45,1006.6,88.5,0.2,24.8,7.6,0,0,0,100
2024/8/27 0:00,1006.5,92.5,0.8,26,11.1,0,0,0,100
2024/8/27 0:15,1006.5,93.2,1,25.8,11.2,0,0,0,100
2024/8/27 0:30,1006.5,93,0.9,25.6,11.3,0,0,0,100
2024/8/27 0:45,1006.5,91.5,0.9,25.7,11.4,0,0,0,100
2024/8/27 1:00,1006.5,91.3,0.7,25.6,11.4,0,0,0,100
2024/8/27 1:15,1006.5,91.5,0.7,25.4,11.5,0,0,0,100
2024/8/27 1:30,1006.5,91,0.8,25.4,11.6,0,0,0,100
2024/8/27 1:45,1006.5,89.7,0.5,25.3,11.8,0,0,0,100
2024/8/27 2:00,1006.5,90.6,0.7,25.2,11.8,0,0,0,100
2024/8/27 2:15,1006.5,90.1,0.9,25.3,11.7,0,0,0,100
2024/8/27 2:30,1006.5,89.8,0.6,25.2,11.6,0,0,0,100
2024/8/27 2:45,1006.5,89.4,0.6,25.1,11.4,0,0,0,100
2024/8/27 3:00,1006.5,88.6,0.9,25.2,11.1,0,0,0,100
2024/8/27 3:15,1006.5,88.9,1,25.2,10.9,0,0,0,100
2024/8/27 3:30,1006.5,90.5,0.6,25.1,10.7,0,0,0,100
2024/8/27 3:45,1006.5,92.5,0.8,24.9,10.5,0,0,0,100
2024/8/27 4:00,1006.5,92.9,0.6,24.9,10.3,0,0,0,100
2024/8/27 4:15,1006.5,93.4,0.5,24.9,10.1,0,0,0,100
2024/8/27 4:30,1006.5,94,0.5,24.9,10,0,0,0,100
2024/8/27 4:45,1006.5,93.7,0.5,24.9,9.8,0,0,0,100
2024/8/27 5:00,1006.5,93.4,0.4,24.9,9.7,0,0,0,100
2024/8/27 5:15,1006.6,92.8,0.3,24.9,9.6,0,0,0,100
2024/8/27 5:30,1006.6,92.9,0.1,24.9,9.4,0,0,0,100
2024/8/27 5:45,1006.6,92.8,0,24.9,9.2,2,1,0,100
2024/8/27 6:00,1006.6,92.9,0,24.9,9,7,4,1.08,100
2024/8/27 6:15,1006.6,93,0,25,8.9,12,11,1.91,100
2024/8/27 6:30,1006.6,93,0,25.1,8.8,17,10,1.88,100
2024/8/27 6:45,1006.6,92.7,0,25.2,8.8,24,9,1.69,100
2024/8/27 7:00,1006.6,92.3,0,25.3,8.7,32,42,4.2,100
2024/8/27 7:15,1006.6,91.6,0,25.4,8.7,42,49,6,100
2024/8/27 7:30,1006.6,90.9,0,25.4,8.7,53,51,7.57,100
2024/8/27 7:45,1006.6,90.1,0,25.4,8.7,66,93,9.64,100
2024/8/27 8:00,1006.6,88.9,0,25.5,8.8,81,54,8.27,100
2024/8/27 8:15,1006.6,87.9,0,25.5,8.8,97,149,19.82,100
2024/8/27 8:30,1006.6,86.9,0,25.5,8.8,114,217,27.57,100
2024/8/27 8:45,1006.6,85.7,0,25.7,8.8,130,195,23.07,100
2024/8/27 9:00,1006.6,84.8,0,25.8,8.7,146,163,21.41,100
2024/8/27 9:15,1006.6,84.1,0,25.9,8.5,160,320,36.93,100
2024/8/27 9:30,1006.6,83.4,0,26.1,8.4,172,249,30.25,100
2024/8/27 9:45,1006.6,82.5,0,26.2,8.3,181,284,37.13,100
2024/8/27 10:00,1006.6,81.2,0,26.2,8.4,185,368,43.99,100
2024/8/27 10:15,1006.6,79.4,0,26.5,8.4,187,402,51.97,100
2024/8/27 10:30,1006.6,77.1,0,27.1,8.4,185,501,77.83,100
2024/8/27 10:45,1006.6,75,0,27.6,8.4,180,431,67.07,100
2024/8/27 11:00,1006.6,73.5,0,27.9,8.4,173,1067,82.65,100
2024/8/27 11:15,1006.6,73.4,0,27.9,8.4,164,946,100,100
2024/8/27 11:30,1006.6,74,0,28,8.5,154,946,99.97,100
2024/8/27 11:45,1006.6,73.7,0,28,8.5,143,988,99.25,100
2024/8/27 12:00,1006.6,71.9,0,28.2,8.5,132,1076,69.11,100
2024/8/27 12:15,1006.6,68.1,0,28.6,8.4,121,1200,60.4,100
2024/8/27 12:30,1006.6,67.5,0.1,28.7,8.3,112,341,53.07,100
2024/8/27 12:45,1006.6,66.4,0,28.8,8.3,105,453,57.44,100
2024/8/27 13:00,1006.6,64.1,0,29.1,8.3,98,380,39.11,100
2024/8/27 13:15,1006.6,62.2,0,29.3,8.3,92,380,46.76,100
2024/8/27 13:30,1006.6,61.5,0,29.3,8.4,86,382,74.71,100
2024/8/27 13:45,1006.6,60.3,0,29.5,8.4,80,552,48.14,100
2024/8/27 14:00,1006.6,59.3,0,29.6,8.6,75,340,44.29,100
2024/8/27 14:15,1006.6,58.8,0,29.6,8.7,70,289,53.73,100
2024/8/27 14:30,1006.6,57.7,0,29.6,8.8,64,294,73.8,100
2024/8/27 14:45,1006.6,56.6,0,29.7,8.8,59,403,69.5,100
2024/8/27 15:00,1006.6,55.8,0,29.7,8.8,54,650,36.19,100
2024/8/27 15:15,1006.6,54.9,0,29.6,8.8,49,397,82.66,100
2024/8/27 15:30,1006.6,53.8,0,29.6,8.9,44,575,69.55,100
2024/8/27 15:45,1006.6,53,0,29.6,8.9,38,498,64.4,100
2024/8/27 16:00,1006.6,52.9,0,29.5,8.9,33,465,57.68,100
2024/8/27 16:15,1006.6,53.7,0,29.3,8.8,28,415,48.56,100
2024/8/27 16:30,1006.6,54.8,0,29.2,8.7,23,376,41.22,100
2024/8/27 16:45,1006.6,55.2,0,29,8.7,19,315,34.41,100
2024/8/27 17:00,1006.6,55.3,0,28.9,8.6,15,257,26.93,100
2024/8/27 17:15,1006.6,55.6,0,28.8,8.6,11,208,19.45,100
2024/8/27 17:30,1006.6,56.3,0,28.7,8.6,8,159,13.8,100
2024/8/27 17:45,1006.6,57.1,0,28.5,8.5,6,104,7.91,100
2024/8/27 18:00,1006.6,58.2,0,28.4,8.4,4,65,4.6,100
2024/8/27 18:15,1006.6,59,0,28.2,8.2,2,28,2.53,100
2024/8/27 18:30,1006.6,59.6,0,28.1,8,1,0,0,100
2024/8/27 18:45,1006.6,60.4,0,27.9,7.8,0,0,0,100
2024/8/27 19:00,1006.6,61.9,0,27.8,7.6,0,0,0,100
2024/8/27 19:15,1006.6,63.3,0,27.6,7.3,0,0,0,100
2024/8/27 19:30,1006.6,64.5,0,27.4,6.9,0,0,0,100
2024/8/27 19:45,1006.6,65.5,0,27.2,6.6,0,0,0,100
2024/8/27 20:00,1006.6,67.2,0,27,6.3,0,0,0,100
2024/8/27 20:15,1006.6,69,0,27,6,0,0,0,100
2024/8/27 20:30,1006.6,70.6,0,26.8,5.7,0,0,0,100
2024/8/27 20:45,1006.6,71.8,0,26.6,5.4,0,0,0,100
2024/8/27 21:00,1006.6,72.7,0,26.5,5.2,0,0,0,100
2024/8/27 21:15,1006.6,73.4,0,26.4,5,0,0,0,100
2024/8/27 21:30,1006.6,74.1,0,26.3,4.8,0,0,0,100
2024/8/27 21:45,1006.6,74.9,0,26.2,4.6,0,0,0,100
2024/8/27 22:00,1006.6,75.4,0,26.1,4.4,0,0,0,100
2024/8/27 22:15,1006.6,75.9,0,26,4.3,0,0,0,100
2024/8/27 22:30,1006.6,76.3,0,26,4.2,0,0,0,100
2024/8/27 22:45,1006.6,76.7,0,25.9,4,0,0,0,100
2024/8/27 23:00,1006.6,77.1,0,25.9,3.9,0,0,0,100
2024/8/27 23:15,1006.6,77.5,0,25.8,3.8,0,0,0,100
2024/8/27 23:30,1006.6,78,0,25.8,3.7,0,0,0,100
2024/8/27 23:45,1006.6,78.4,0,25.8,3.6,0,0,0,100
2024/8/28 0:00,1006.6,80.1,0,24.8,3.2,0,0,0,100
2024/8/28 0:15,1006.6,80.5,0,24.7,3.1,0,0,0,100
2024/8/28 0:30,1006.6,80.7,0,24.6,3.1,0,0,0,100
2024/8/28 0:45,1006.6,80.8,0,24.6,3,0,0,0,100
2024/8/28 1:00,1006.6,81,0,24.6,3,0,0,0,100
2024/8/28 1:15,1006.6,81.2,0,24.6,2.9,0,0,0,100
2024/8/28 1:30,1006.6,81.4,0,24.6,2.9,0,0,0,100
2024/8/28 1:45,1006.6,81.5,0,24.6,2.8,0,0,0,100
2024/8/28 2:00,1006.6,81.7,0,24.6,2.8,0,0,0,100
2024/8/28 2:15,1006.6,82,0,24.6,2.7,0,0,0,100
2024/8/28 2:30,1006.6,82.3,0,24.5,2.7,0,0,0,100
2024/8/28 2:45,1006.6,82.5,0,24.4,2.6,0,0,0,100
2024/8/28 3:00,1006.6,82.7,0,24.3,2.5,0,0,0,100
2024/8/28 3:15,1006.6,82.8,0,24.2,2.5,0,0,0,100
2024/8/28 3:30,1006.6,82.9,0,24.1,2.4,0,0,0,100
2024/8/28 3:45,1006.6,83,0,24.1,2.4,0,0,0,100
2024/8/28 4:00,1006.6,83.2,0,24.1,2.4,0,0,0,100
2024/8/28 4:15,1006.6,83.5,0,24.1,2.4,0,0,0,100
2024/8/28 4:30,1006.6,83.8,0,24.1,2.4,0,0,0,100
2024/8/28 4:45,1006.6,84.1,0,24.1,2.4,0,0,0,100
2024/8/28 5:00,1006.6,84.3,0,24,2.4,0,0,0,100
2024/8/28 5:15,1006.6,84.6,0,24,2.5,0,0,0,100
2024/8/28 5:30,1006.6,84.8,0,24,2.5,0,0,0,100
2024/8/28 5:45,1006.6,85.3,0,24,2.5,2,0,0,100
2024/8/28 6:00,1006.6,85.9,0,24,2.5,6,37,3.14,100
2024/8/28 6:15,1006.6,86.6,0,24,2.5,11,77,6.26,100
2024/8/28 6:30,1006.6,87.2,0,24.1,2.5,16,118,10.26,100
2024/8/28 6:45,1006.6,87.4,0,24.3,2.6,22,174,16.88,100
2024/8/28 7:00,1006.6,87.2,0,24.6,2.7,28,233,23.38,100
2024/8/28 7:15,1006.6,86.3,0,25,2.7,35,285,32.51,100
2024/8/28 7:30,1006.6,84.8,0,25.4,2.8,43,340,39.84,100
2024/8/28 7:45,1006.6,83.1,0,25.8,3,52,408,48.6,100
2024/8/28 8:00,1006.6,80.9,0,26.3,3.1,61,458,55.68,100
2024/8/28 8:15,1006.7,79,0,26.6,3.3,72,518,64.02,100
2024/8/28 8:30,1006.7,77,0,26.9,3.4,83,564,70.71,100
2024/8/28 8:45,1006.7,74.6,0,27.2,3.6,95,609,77.36,100
2024/8/28 9:00,1006.7,72.5,0,27.4,3.8,108,649,83.44,100
2024/8/28 9:15,1006.7,70.5,0,27.6,3.9,121,690,89.57,100
2024/8/28 9:30,1006.7,68.3,0,27.7,4,134,721,94.3,100
2024/8/28 9:45,1006.7,66.3,0,27.9,4.1,148,757,97.84,100
2024/8/28 10:00,1006.7,65.2,0,28,4.2,162,783,97.84,100
2024/8/28 10:15,1006.7,64.4,0,28,4.2,176,814,97.84,100
2024/8/28 10:30,1006.7,64,0,28.1,4.3,190,841,97.84,100
2024/8/28 10:45,1006.7,63.5,0,28.2,4.3,205,868,97.84,100
2024/8/28 11:00,1006.7,62.8,0,28.3,4.4,219,893,97.84,100
2024/8/28 11:15,1006.7,61.8,0,28.3,4.6,233,921,97.84,100
2024/8/28 11:30,1006.7,61.7,0,28.4,4.7,247,943,97.84,100
2024/8/28 11:45,1006.7,62,0,28.4,5,261,950,97.84,100
2024/8/28 12:00,1006.7,61.7,0,28.5,5.2,274,948,97.84,100
2024/8/28 12:15,1006.7,62.1,0,28.5,5.4,287,952,97.84,100
2024/8/28 12:30,1006.7,62.9,0,28.5,5.7,299,949,97.84,100
2024/8/28 12:45,1006.7,64.1,0,28.3,5.9,311,928,97.84,100
2024/8/28 13:00,1006.7,64.4,0,28.3,6.1,325,918,97.84,100
2024/8/28 13:15,1006.7,63.9,0,28.3,6.3,339,883,97.84,100
2024/8/28 13:30,1006.7,63.7,0,28.3,6.4,353,864,97.84,100
2024/8/28 13:45,1006.7,63.8,0,28.3,6.5,366,827,97.84,100
2024/8/28 14:00,1006.7,63.8,0,28.3,6.6,376,798,97.84,100
2024/8/28 14:15,1006.7,64.1,0,28.2,6.6,383,761,97.84,100
2024/8/28 14:30,1006.7,64,0,28.2,6.6,386,725,95.64,100
2024/8/28 14:45,1006.7,64.4,0,28.2,6.7,384,693,90.53,100
2024/8/28 15:00,1006.7,65.2,0,28.2,6.7,377,667,85.69,100
2024/8/28 15:15,1006.7,65.3,0,28.2,6.7,364,629,79.71,100
2024/8/28 15:30,1006.7,65.3,0,28.2,6.7,345,591,73.66,100
2024/8/28 15:45,1006.7,65.2,0,28.1,6.7,321,545,66.73,100
2024/8/28 16:00,1006.7,65.3,0,28.1,6.7,292,497,60.16,100
2024/8/28 16:15,1006.6,65.2,0,28,6.7,259,444,51.97,100
2024/8/28 16:30,1006.6,65.2,0,28,6.7,225,390,44.74,100
2024/8/28 16:45,1006.6,65.1,0,28,6.6,190,329,36.59,100
2024/8/28 17:00,1006.6,64.9,0,27.9,6.6,157,269,28.39,100
2024/8/28 17:15,1006.6,64.7,0,27.9,6.5,125,211,20.32,100
2024/8/28 17:30,1006.6,64.6,0,27.8,6.4,96,160,13.83,100
2024/8/28 17:45,1006.6,64.8,0,27.7,6.2,70,104,7.76,100
2024/8/28 18:00,1006.6,65.1,0,27.6,6.1,47,66,4.5,100
2024/8/28 18:15,1006.6,65.5,0,27.5,5.9,28,25,2.35,100
2024/8/28 18:30,1006.6,66,0,27.3,5.8,10,0,0,100
2024/8/28 18:45,1006.6,66.7,0,27.2,5.6,0,0,0,100
2024/8/28 19:00,1006.6,67.6,0,27.1,5.4,0,0,0,100
2024/8/28 19:15,1006.6,68.6,0,27,5.2,0,0,0,100
2024/8/28 19:30,1006.6,69.9,0,26.8,5,0,0,0,100
2024/8/28 19:45,1006.6,71.4,0,26.8,4.8,0,0,0,100
2024/8/28 20:00,1006.6,72.9,0,26.7,4.6,0,0,0,100
2024/8/28 20:15,1006.6,74.1,0,26.6,4.4,0,0,0,100
2024/8/28 20:30,1006.6,75.2,0,26.4,4.2,0,0,0,100
2024/8/28 20:45,1006.6,76,0,26.2,3.9,0,0,0,100
2024/8/28 21:00,1006.6,77.1,0,26,3.7,0,0,0,100
2024/8/28 21:15,1006.6,78.4,0,25.7,3.5,0,0,0,100
2024/8/28 21:30,1006.6,79.9,0,25.6,3.3,0,0,0,100
2024/8/28 21:45,1006.6,81.2,0,25.4,3.1,0,0,0,100
2024/8/28 22:00,1006.6,82.4,0,25.3,3,0,0,0,100
2024/8/28 22:15,1006.6,83.4,0,25.1,2.8,0,0,0,100
2024/8/28 22:30,1006.6,84.1,0,25,2.7,0,0,0,100
2024/8/28 22:45,1006.6,84.7,0,24.9,2.6,0,0,0,100
2024/8/28 23:00,1006.6,85.3,0,24.8,2.5,0,0,0,100
2024/8/28 23:15,1006.6,85.7,0,24.7,2.5,0,0,0,100
2024/8/28 23:30,1006.6,85.9,0,24.7,2.4,0,0,0,100
2024/8/28 23:45,1006.6,85.8,0,24.6,2.4,0,0,0,100
2024/8/29 0:00,1006.6,91.1,0,25,1.9,0,0,0,100
2024/8/29 0:15,1006.6,91.2,0,24.9,1.8,0,0,0,100
2024/8/29 0:30,1006.6,91.1,0,24.9,1.8,0,0,0,100
2024/8/29 0:45,1006.6,90.9,0,24.9,1.7,0,0,0,100
2024/8/29 1:00,1006.6,90.8,0,24.9,1.7,0,0,0,100
2024/8/29 1:15,1006.6,90.7,0,24.9,1.6,0,0,0,100
2024/8/29 1:30,1006.6,90.7,0,24.9,1.6,0,0,0,100
2024/8/29 1:45,1006.6,90.5,0,25,1.6,0,0,0,100
2024/8/29 2:00,1006.6,90.6,0,25,1.6,0,0,0,100
2024/8/29 2:15,1006.6,90.7,0,25,1.7,0,0,0,100
2024/8/29 2:30,1006.6,91,0,25,1.7,0,0,0,100
2024/8/29 2:45,1006.6,91.3,0,25,1.8,0,0,0,100
2024/8/29 3:00,1006.6,92.1,0,25,1.8,0,0,0,100
2024/8/29 3:15,1006.6,93,0,24.9,1.8,0,0,0,100
2024/8/29 3:30,1006.6,94.2,0,24.8,1.9,0,0,0,100
2024/8/29 3:45,1006.6,95.1,0,24.6,1.9,0,0,0,100
2024/8/29 4:00,1006.6,95.5,0,24.4,1.9,0,0,0,100
2024/8/29 4:15,1006.6,95.7,0,24.2,1.9,0,0,0,100
2024/8/29 4:30,1006.6,95.9,0,24.1,1.9,0,0,0,100
2024/8/29 4:45,1006.6,96.1,0,24,1.9,0,0,0,100
2024/8/29 5:00,1006.6,96.3,0,24,1.9,0,0,0,100
2024/8/29 5:15,1006.6,96.3,0,23.9,1.8,0,0,0,100
2024/8/29 5:30,1006.6,96.3,0,23.9,1.8,0,0,0,100
2024/8/29 5:45,1006.6,96.3,0,23.9,1.7,9,0,0,100
2024/8/29 6:00,1006.6,96.4,0,23.8,1.7,39,36,3.2,100
2024/8/29 6:15,1006.6,96.4,0,23.8,1.6,69,77,6.18,100
2024/8/29 6:30,1006.6,96.3,0,23.8,1.5,100,116,10.26,100
2024/8/29 6:45,1006.6,96.1,0,23.9,1.5,133,165,16.28,100
2024/8/29 7:00,1006.6,95.7,0,24,1.4,168,217,23.42,100
2024/8/29 7:15,1006.6,95.2,0,24.1,1.3,206,278,31.72,100
2024/8/29 7:30,1006.6,94.5,0,24.3,1.3,246,330,39.1,100
2024/8/29 7:45,1006.6,93.6,0,24.5,1.3,289,396,48.09,100
2024/8/29 8:00,1006.6,93.1,0,24.7,1.3,334,449,55.22,100
2024/8/29 8:15,1006.6,92.3,0,25,1.3,380,503,63.2,100
2024/8/29 8:30,1006.6,91.2,0,25.3,1.4,428,554,69.72,100
2024/8/29 8:45,1006.6,89.9,0,25.6,1.5,476,599,76.88,100
2024/8/29 9:00,1006.6,88.5,0,25.8,1.7,524,641,82.64,100
2024/8/29 9:15,1006.7,87.1,0,26,1.9,569,679,88.91,100
2024/8/29 9:30,1006.7,85.8,0,26.2,2.1,612,708,93.88,100
2024/8/29 9:45,1006.7,84.3,0,26.4,2.3,651,739,97.74,100
2024/8/29 10:00,1006.7,82.8,0,26.5,2.4,686,778,98.34,100
2024/8/29 10:15,1006.7,81.2,0,26.6,2.6,719,807,98.34,100
2024/8/29 10:30,1006.7,79.7,0,26.7,2.7,748,831,98.34,100
2024/8/29 10:45,1006.7,78.5,0,26.7,2.9,774,864,98.34,100
2024/8/29 11:00,1006.7,77.4,0,26.8,3,796,892,98.34,100
2024/8/29 11:15,1006.7,76.6,0,26.9,3.1,814,924,98.34,100
2024/8/29 11:30,1006.7,75.9,0,26.9,3.1,827,932,98.34,100
2024/8/29 11:45,1006.7,74.7,0,27,3.2,837,949,98.34,100
2024/8/29 12:00,1006.7,73.8,0,27.1,3.3,842,963,98.34,100
2024/8/29 12:15,1006.7,72.6,0,27.2,3.4,843,947,98.34,100
2024/8/29 12:30,1006.7,71.2,0,27.2,3.4,839,945,98.34,100
2024/8/29 12:45,1006.7,70.2,0,27.3,3.5,832,931,98.34,100
2024/8/29 13:00,1006.7,69.7,0,27.3,3.6,821,913,98.34,100
2024/8/29 13:15,1006.6,69.3,0,27.4,3.7,807,891,98.34,100
2024/8/29 13:30,1006.6,69.8,0,27.4,3.7,789,868,98.34,100
2024/8/29 13:45,1006.6,70.3,0,27.4,3.8,767,843,98.34,100
2024/8/29 14:00,1006.6,70.1,0,27.4,3.8,742,816,98.34,100
2024/8/29 14:15,1006.6,69.5,0,27.5,3.8,712,782,98.34,100
2024/8/29 14:30,1006.6,68.6,0,27.5,3.8,679,749,97.61,100
2024/8/29 14:45,1006.6,68.1,0,27.5,3.8,642,715,92.38,100
2024/8/29 15:00,1006.6,67.8,0,27.6,3.8,601,682,87.4,100
2024/8/29 15:15,1006.6,68.1,0,27.6,3.8,557,636,80.82,100
2024/8/29 15:30,1006.6,68.3,0,27.6,3.8,510,609,75.59,100
2024/8/29 15:45,1006.6,68.4,0,27.6,3.8,460,560,68.06,100
2024/8/29 16:00,1006.6,68.5,0,27.6,3.7,407,512,61.15,100
2024/8/29 16:15,1006.6,68.4,0,27.6,3.6,352,452,53.08,100
2024/8/29 16:30,1006.6,68.5,0,27.6,3.6,298,394,45.17,100
2024/8/29 16:45,1006.6,68.5,0,27.5,3.5,245,329,35.94,100
2024/8/29 17:00,1006.6,68.6,0,27.5,3.4,196,275,28.2,100
2024/8/29 17:15,1006.6,68.7,0,27.5,3.3,152,210,19.96,100
2024/8/29 17:30,1006.6,68.7,0,27.4,3.1,113,158,13.66,100
2024/8/29 17:45,1006.6,68.8,0,27.3,3,79,102,7.73,100
2024/8/29 18:00,1006.6,69.2,0,27.2,2.9,51,64,4.54,100
2024/8/29 18:15,1006.6,70,0,27.1,2.8,28,20,2.3,100
2024/8/29 18:30,1006.6,70.9,0,27,2.7,9,0,0,100
2024/8/29 18:45,1006.6,72.1,0,26.9,2.7,0,0,0,100
2024/8/29 19:00,1006.6,73.3,0,26.7,2.6,0,0,0,100
2024/8/29 19:15,1006.6,74.6,0,26.6,2.5,0,0,0,100
2024/8/29 19:30,1006.6,75.7,0,26.5,2.5,0,0,0,100
2024/8/29 19:45,1006.6,76.7,0,26.3,2.4,0,0,0,100
2024/8/29 20:00,1006.6,77.4,0,26.2,2.3,0,0,0,100
2024/8/29 20:15,1006.6,77.8,0,26,2.3,0,0,0,100
2024/8/29 20:30,1006.6,78.3,0,25.9,2.2,0,0,0,100
2024/8/29 20:45,1006.6,78.9,0,25.7,2.1,0,0,0,100
2024/8/29 21:00,1006.6,79.7,0,25.6,2.1,0,0,0,100
2024/8/29 21:15,1006.6,80.5,0,25.5,2,0,0,0,100
2024/8/29 21:30,1006.6,80.9,0,25.4,2,0,0,0,100
2024/8/29 21:45,1006.6,80.9,0,25.3,1.9,0,0,0,100
2024/8/29 22:00,1006.6,80.5,0,25.3,1.9,0,0,0,100
2024/8/29 22:15,1006.6,79.6,0,25.3,1.9,0,0,0,100
2024/8/29 22:30,1006.6,78.5,0,25.3,1.9,0,0,0,100
2024/8/29 22:45,1006.6,77.3,0,25.3,1.9,0,0,0,100
2024/8/29 23:00,1006.6,76.3,0,25.3,1.9,0,0,0,100
2024/8/29 23:15,1006.6,75.6,0,25.3,1.9,0,0,0,100
2024/8/29 23:30,1006.6,75.3,0,25.2,1.9,0,0,0,100
2024/8/29 23:45,1006.6,75.3,0,25.2,1.9,0,0,0,100
2024/8/30 0:00,1006.6,73.7,0,25.5,1.8,0,0,0,100
2024/8/30 0:15,1006.6,73.5,0,25.4,1.9,0,0,0,100
2024/8/30 0:30,1006.6,73.6,0,25.3,2,0,0,0,100
2024/8/30 0:45,1006.6,74.1,0,25.2,2,0,0,0,100
2024/8/30 1:00,1006.6,74.7,0,25.1,2.1,0,0,0,100
2024/8/30 1:15,1006.6,75.5,0,25,2.2,0,0,0,100
2024/8/30 1:30,1006.6,76.7,0,24.8,2.3,0,0,0,100
2024/8/30 1:45,1006.6,78.1,0,24.7,2.4,0,0,0,100
2024/8/30 2:00,1006.6,79.3,0,24.5,2.4,0,0,0,100
2024/8/30 2:15,1006.6,80.6,0,24.4,2.5,0,0,0,100
2024/8/30 2:30,1006.6,82.1,0,24.3,2.6,0,0,0,100
2024/8/30 2:45,1006.6,83.8,0,24.2,2.6,0,0,0,100
2024/8/30 3:00,1006.6,85.5,0,24,2.6,0,0,0,100
2024/8/30 3:15,1006.6,87,0,24,2.7,0,0,0,100
2024/8/30 3:30,1006.6,88.2,0,23.9,2.7,0,0,0,100
2024/8/30 3:45,1006.6,89.2,0,23.8,2.7,0,0,0,100
2024/8/30 4:00,1006.6,90,0,23.8,2.8,0,0,0,100
2024/8/30 4:15,1006.6,90.4,0,23.7,2.8,0,0,0,100
2024/8/30 4:30,1006.6,90.7,0,23.7,2.8,0,0,0,100
2024/8/30 4:45,1006.6,91,0,23.6,2.8,0,0,0,100
2024/8/30 5:00,1006.6,91.5,0,23.6,2.8,0,0,0,100
2024/8/30 5:15,1006.6,92,0,23.6,2.8,0,0,0,100
2024/8/30 5:30,1006.6,92.3,0,23.5,2.8,0,0,0,100
2024/8/30 5:45,1006.6,92.5,0,23.5,2.8,7,0,0,100
2024/8/30 6:00,1006.6,92.7,0,23.5,2.7,34,25,3.2,100
2024/8/30 6:15,1006.6,93,0,23.6,2.7,62,52,5.76,100
2024/8/30 6:30,1006.6,93.3,0,23.6,2.6,91,86,8.97,100
2024/8/30 6:45,1006.6,93.5,0,23.8,2.5,122,136,14.52,100
2024/8/30 7:00,1006.6,93.5,0,23.9,2.5,154,172,18.86,100
2024/8/30 7:15,1006.6,93.2,0,24.1,2.4,190,214,23.88,100
2024/8/30 7:30,1006.6,92.8,0,24.4,2.3,228,270,31.31,100
2024/8/30 7:45,1006.6,92.2,0,24.7,2.2,269,353,40.09,100
2024/8/30 8:00,1006.6,91.4,0,25,2.1,312,369,44.27,100
2024/8/30 8:15,1006.6,90.4,0,25.3,2,357,414,51.24,100
2024/8/30 8:30,1006.6,88.8,0,25.7,1.9,404,476,57.67,100
2024/8/30 8:45,1006.6,86,0,26.2,1.8,450,523,66.26,100
2024/8/30 9:00,1006.6,83.4,0,26.6,1.7,496,574,72.12,100
2024/8/30 9:15,1006.7,81.3,0,27,1.7,539,610,76.9,100
2024/8/30 9:30,1006.7,79.3,0,27.4,1.6,580,646,81.91,100
2024/8/30 9:45,1006.7,77.6,0,27.7,1.7,616,656,87.86,100
2024/8/30 10:00,1006.7,76,0,27.9,1.8,647,698,89.96,100
2024/8/30 10:15,1006.7,74.8,0,27.9,1.9,675,720,91.68,100
2024/8/30 10:30,1006.7,74.5,0,27.9,2.1,699,655,79.04,100
2024/8/30 10:45,1006.7,75.3,0,27.9,2.2,719,490,71.55,100
2024/8/30 11:00,1006.7,76.1,0,27.9,2.5,735,428,94.25,100
2024/8/30 11:15,1006.7,76.8,0,27.8,2.7,747,837,99.64,100
2024/8/30 11:30,1006.7,77.7,0,27.8,2.9,755,817,99.64,100
2024/8/30 11:45,1006.7,78,0,27.8,3,759,839,99.74,100
2024/8/30 12:00,1006.7,77.9,0,27.8,3.1,760,877,99.93,100
2024/8/30 12:15,1006.7,77.6,0,27.9,3.1,759,881,96.5,100
2024/8/30 12:30,1006.7,77.4,0,27.9,3.2,754,877,99.83,100
2024/8/30 12:45,1006.7,77.1,0,28,3.2,747,863,99.83,100
2024/8/30 13:00,1006.7,76.6,0,28.1,3.2,739,845,99.83,100
2024/8/30 13:15,1006.7,76,0,28.1,3.2,729,816,99.83,100
2024/8/30 13:30,1006.7,75.3,0,28.2,3.2,716,805,99.04,100
2024/8/30 13:45,1006.7,74.5,0,28.2,3.2,700,786,98.6,100
2024/8/30 14:00,1006.7,73.6,0,28.3,3.1,681,742,95.44,100
2024/8/30 14:15,1006.7,72.7,0,28.3,3.1,658,696,89.37,100
2024/8/30 14:30,1006.7,71.7,0,28.4,3.1,631,658,86.28,100
2024/8/30 14:45,1006.7,70.8,0,28.5,3,600,628,80.76,100
2024/8/30 15:00,1006.7,69.8,0,28.5,2.9,565,593,74.62,100
2024/8/30 15:15,1006.7,68.8,0,28.6,2.8,526,531,69.07,100
2024/8/30 15:30,1006.7,68.1,0,28.6,2.7,483,510,61.64,100
2024/8/30 15:45,1006.7,67.6,0,28.7,2.6,437,464,54.8,100
2024/8/30 16:00,1006.7,66.9,0,28.8,2.5,388,421,49.31,100
2024/8/30 16:15,1006.7,66.2,0,28.9,2.4,336,364,41.95,100
2024/8/30 16:30,1006.7,65.6,0,28.9,2.3,285,307,34.6,100
2024/8/30 16:45,1006.7,65.1,0,29,2.2,235,260,28.76,100
2024/8/30 17:00,1006.7,64.8,0,29,2.1,188,210,22.85,100
2024/8/30 17:15,1006.7,64.7,0,29,2,145,160,16.17,100
2024/8/30 17:30,1006.7,65,0,29,2,108,115,11.6,100
2024/8/30 17:45,1006.7,65.7,0,28.9,1.9,75,72,7.38,100
2024/8/30 18:00,1006.7,66.7,0,28.8,1.9,48,41,4.56,100
2024/8/30 18:15,1006.7,67.8,0,28.7,1.8,26,14,2.17,100
2024/8/30 18:30,1006.7,69.1,0,28.6,1.8,8,0,0,100
2024/8/30 18:45,1006.7,70.4,0,28.5,1.8,0,0,0,100
2024/8/30 19:00,1006.7,71.6,0,28.4,1.8,0,0,0,100
2024/8/30 19:15,1006.7,72.6,0,28.2,1.8,0,0,0,100
2024/8/30 19:30,1006.7,73.3,0,28.1,1.8,0,0,0,100
2024/8/30 19:45,1006.7,74,0,28,1.8,0,0,0,100
2024/8/30 20:00,1006.7,74.6,0,27.9,1.9,0,0,0,100
2024/8/30 20:15,1006.7,75.4,0,27.7,1.9,0,0,0,100
2024/8/30 20:30,1006.7,76,0,27.6,1.9,0,0,0,100
2024/8/30 20:45,1006.7,76.5,0,27.5,1.9,0,0,0,100
2024/8/30 21:00,1006.7,76.9,0,27.4,1.9,0,0,0,100
2024/8/30 21:15,1006.7,77.4,0,27.2,1.9,0,0,0,100
2024/8/30 21:30,1006.7,77.8,0,27.1,1.9,0,0,0,100
2024/8/30 21:45,1006.7,78.2,0,27,1.8,0,0,0,100
2024/8/30 22:00,1006.7,78.6,0,26.9,1.7,0,0,0,100
2024/8/30 22:15,1006.7,78.8,0,26.8,1.6,0,0,0,100
2024/8/30 22:30,1006.7,79,0,26.8,1.5,0,0,0,100
2024/8/30 22:45,1006.7,79,0,26.8,1.4,0,0,0,100
2024/8/30 23:00,1006.7,79,0,26.8,1.3,0,0,0,100
2024/8/30 23:15,1006.7,78.9,0,26.7,1.2,0,0,0,100
2024/8/30 23:30,1006.7,79.1,0,26.7,1.2,0,0,0,100
2024/8/30 23:45,1006.7,79.2,0,26.7,1.1,0,0,0,100
2024/8/31 0:00,1006.7,80.5,0,26.8,1,0,0,0,100
2024/8/31 0:15,1006.7,80.7,0,26.7,1,0,0,0,100
2024/8/31 0:30,1006.7,81,0,26.6,1,0,0,0,100
2024/8/31 0:45,1006.7,81.2,0,26.6,1.1,0,0,0,100
2024/8/31 1:00,1006.7,81.3,0,26.5,1.1,0,0,0,100
2024/8/31 1:15,1006.7,81.4,0,26.4,1.1,0,0,0,100
2024/8/31 1:30,1006.7,81.5,0,26.4,1.1,0,0,0,100
2024/8/31 1:45,1006.7,81.7,0,26.3,1.1,0,0,0,100
2024/8/31 2:00,1006.7,81.9,0,26.2,1.1,0,0,0,100
2024/8/31 2:15,1006.7,82.2,0,26.1,1.1,0,0,0,100
2024/8/31 2:30,1006.7,82.5,0,26.1,1.1,0,0,0,100
2024/8/31 2:45,1006.7,82.8,0,26,1.1,0,0,0,100
2024/8/31 3:00,1006.7,83.3,0,26,1.1,0,0,0,100
2024/8/31 3:15,1006.7,83.7,0,25.9,1.1,0,0,0,100
2024/8/31 3:30,1006.7,84.1,0,25.8,1.2,0,0,0,100
2024/8/31 3:45,1006.7,84.7,0,25.8,1.2,0,0,0,100
2024/8/31 4:00,1006.7,85.4,0,25.7,1.2,0,0,0,100
2024/8/31 4:15,1006.7,86.2,0,25.6,1.3,0,0,0,100
2024/8/31 4:30,1006.7,86.9,0,25.5,1.3,0,0,0,100
2024/8/31 4:45,1006.7,87.6,0,25.5,1.3,0,0,0,100
2024/8/31 5:00,1006.7,88.2,0,25.5,1.4,0,0,0,100
2024/8/31 5:15,1006.7,88.7,0,25.4,1.4,0,0,0,100
2024/8/31 5:30,1006.7,89.2,0,25.3,1.4,0,0,0,100
2024/8/31 5:45,1006.7,89.7,0,25.3,1.4,6,0,0,100
2024/8/31 6:00,1006.7,90.2,0,25.2,1.4,34,28,3.44,100
2024/8/31 6:15,1006.7,90.7,0,25.1,1.4,63,55,6.07,100
2024/8/31 6:30,1006.7,91.2,0,25.1,1.4,93,91,9.71,100
2024/8/31 6:45,1006.7,91.6,0,25.2,1.5,124,135,14.32,100
2024/8/31 7:00,1006.7,91.7,0,25.3,1.6,159,175,18.9,100
2024/8/31 7:15,1006.7,91.6,0,25.4,1.7,196,229,26.05,100
2024/8/31 7:30,1006.7,91.2,0,25.6,1.8,236,271,32.01,100
2024/8/31 7:45,1006.7,90.6,0,25.7,1.9,280,322,38.79,100
2024/8/31 8:00,1006.7,89.8,0,25.9,2,326,387,46.43,100
2024/8/31 8:15,1006.7,89,0,26,2.2,374,436,52.74,100
2024/8/31 8:30,1006.7,88.4,0,26.1,2.3,423,488,59.33,100
2024/8/31 8:45,1006.7,87.2,0,26.3,2.4,473,527,63.46,100
2024/8/31 9:00,1006.7,86.1,0,26.4,2.6,522,587,65.01,100
2024/8/31 9:15,1006.7,85.8,0,26.5,2.7,568,644,76.19,100
2024/8/31 9:30,1006.7,86.1,0,26.5,2.7,611,602,86.08,100
2024/8/31 9:45,1006.7,86.2,0,26.5,2.8,649,664,78.22,100
2024/8/31 10:00,1006.7,85.5,0,26.6,2.9,683,706,86.57,100
2024/8/31 10:15,1006.7,84.5,0,26.7,3,713,719,94.52,100
2024/8/31 10:30,1006.7,83.3,0,26.8,3.1,738,737,98.16,100
2024/8/31 10:45,1006.7,82.5,0,26.9,3.3,759,830,99.37,100
2024/8/31 11:00,1006.7,81.9,0,27,3.4,775,843,97.74,100
2024/8/31 11:15,1006.7,81.5,0,27.1,3.5,787,466,97.81,100
2024/8/31 11:30,1006.7,81.3,0,27.2,3.7,795,556,99.83,100
2024/8/31 11:45,1006.7,81.7,0,27.2,3.8,799,846,93.29,100
2024/8/31 12:00,1006.7,82.4,0,27.2,3.9,800,426,94.05,100
2024/8/31 12:15,1006.7,83,0,27.2,4.1,798,850,72.54,100
2024/8/31 12:30,1006.7,83.6,0,27.2,4.2,793,858,87.63,100
2024/8/31 12:45,1006.7,84.4,0,27.2,4.3,785,831,97.84,100
2024/8/31 13:00,1006.7,84.6,0,27.2,4.4,776,819,99.33,100
2024/8/31 13:15,1006.7,84.3,0,27.2,4.4,764,801,99.61,100
2024/8/31 13:30,1006.7,84,0,27.3,4.5,750,770,99.18,100
2024/8/31 13:45,1006.7,83.6,0,27.3,4.5,733,757,97.61,100
2024/8/31 14:00,1006.7,83,0,27.3,4.6,712,732,94.47,100
2024/8/31 14:15,1006.7,82.6,0,27.4,4.6,688,697,90.47,100
2024/8/31 14:30,1006.7,81.9,0,27.4,4.6,659,634,85.38,100
2024/8/31 14:45,1006.7,81.3,0,27.4,4.6,626,609,81.05,100
2024/8/31 15:00,1006.7,80.9,0,27.4,4.6,589,387,73.26,100
2024/8/31 15:15,1006.7,80.6,0,27.5,4.5,547,560,68.89,100
2024/8/31 15:30,1006.7,80.1,0,27.5,4.5,502,506,61.07,100
2024/8/31 15:45,1006.7,79.4,0,27.5,4.5,453,487,59.1,100
2024/8/31 16:00,1006.7,78.6,0,27.5,4.4,401,423,50.92,100
2024/8/31 16:15,1006.7,77.7,0,27.6,4.3,346,370,42.35,100
2024/8/31 16:30,1006.7,76.5,0,27.6,4.3,292,315,36.92,100
2024/8/31 16:45,1006.7,75.3,0,27.6,4.2,239,269,29.28,100
2024/8/31 17:00,1006.7,74.3,0,27.6,4.1,190,214,19.33,100
2024/8/31 17:15,1006.7,73.3,0,27.6,3.9,146,165,17.3,100
2024/8/31 17:30,1006.7,72.6,0,27.6,3.8,107,122,11.51,100
2024/8/31 17:45,1006.7,72,0,27.6,3.6,74,73,7.1,100
2024/8/31 18:00,1006.7,72,0,27.6,3.4,46,46,4.71,100
2024/8/31 18:15,1006.7,71.9,0,27.5,3.3,24,16,2.21,100
2024/8/31 18:30,1006.7,71.9,0,27.4,3.1,6,0,0,100
2024/8/31 18:45,1006.7,71.8,0,27.4,2.9,0,0,0,100
2024/8/31 19:00,1006.7,72,0,27.4,2.8,0,0,0,100
2024/8/31 19:15,1006.7,72.5,0,27.3,2.6,0,0,0,100
2024/8/31 19:30,1006.7,73.3,0,27.2,2.4,0,0,0,100
2024/8/31 19:45,1006.7,74,0,27.2,2.3,0,0,0,100
2024/8/31 20:00,1006.7,74.5,0,27.1,2.2,0,0,0,100
2024/8/31 20:15,1006.7,75.1,0,27,2.1,0,0,0,100
2024/8/31 20:30,1006.6,76,0,26.9,2.1,0,0,0,100
2024/8/31 20:45,1006.6,77.1,0,26.8,2.2,0,0,0,100
2024/8/31 21:00,1006.6,78.5,0,26.7,2.3,0,0,0,100
2024/8/31 21:15,1006.6,80.1,0,26.7,2.5,0,0,0,100
2024/8/31 21:30,1006.6,81.8,0,26.6,2.7,0,0,0,100
2024/8/31 21:45,1006.6,83.8,0,26.4,3,0,0,0,100
2024/8/31 22:00,1006.6,85.8,0,26.3,3.2,0,0,0,100
2024/8/31 22:15,1006.6,87.2,0,26.2,3.4,0,0,0,100
2024/8/31 22:30,1006.6,89,0,26,3.7,0,0,0,100
2024/8/31 22:45,1006.6,91,0,25.8,3.9,0,0,0,100
2024/8/31 23:00,1006.6,93,0,25.6,4,0,0,0,100
2024/8/31 23:15,1006.6,95.1,0,25.5,4.2,0,0,0,100
2024/8/31 23:30,1006.6,96.4,0,25.4,4.3,0,0,0,100
2024/8/31 23:45,1006.6,97.2,0,25.4,4.3,0,0,0,100
2024/9/1 0:00,1006.6,95.9,0,26.3,5.2,0,0,0,100
2024/9/1 0:15,1006.6,95.6,0,26.3,5.2,0,0,0,100
2024/9/1 0:30,1006.6,95.5,0,26.2,5.2,0,0,0,100
2024/9/1 0:45,1006.6,95.5,0,26.2,5.2,0,0,0,100
2024/9/1 1:00,1006.6,95.6,0,26.1,5.1,0,0,0,100
2024/9/1 1:15,1006.6,95.8,0,26.1,5.1,0,0,0,100
2024/9/1 1:30,1006.6,95.9,0,26,5.1,0,0,0,100
2024/9/1 1:45,1006.6,96.1,0,26,5.1,0,0,0,100
2024/9/1 2:00,1006.6,96.2,0,25.9,5,0,0,0,100
2024/9/1 2:15,1006.6,96.3,0,25.9,5,0,0,0,100
2024/9/1 2:30,1006.6,96.4,0,25.9,5,0,0,0,100
2024/9/1 2:45,1006.6,96.4,0,25.8,5,0,0,0,100
2024/9/1 3:00,1006.6,96.5,0,25.8,5,0,0,0,100
2024/9/1 3:15,1006.6,96.6,0,25.8,5,0,0,0,100
2024/9/1 3:30,1006.6,96.6,0,25.8,5,0,0,0,100
2024/9/1 3:45,1006.6,96.6,0,25.7,5,0,0,0,100
2024/9/1 4:00,1006.6,96.8,0,25.7,5,0,0,0,100
2024/9/1 4:15,1006.6,96.9,0,25.7,5,0,0,0,100
2024/9/1 4:30,1006.6,96.9,0,25.7,5,0,0,0,100
2024/9/1 4:45,1006.6,97,0,25.6,5,0,0,0,100
2024/9/1 5:00,1006.6,97.1,0,25.6,5,0,0,0,100
2024/9/1 5:15,1006.6,97.2,0,25.6,4.9,0,0,0,100
2024/9/1 5:30,1006.6,97.2,0,25.6,4.9,0,0,0,100
2024/9/1 5:45,1006.6,97.3,0,25.6,4.9,5,0,0,100
2024/9/1 6:00,1006.6,97.4,0,25.6,4.9,32,22,2.79,100
2024/9/1 6:15,1006.6,97.4,0,25.6,4.9,60,55,5.92,100
2024/9/1 6:30,1006.6,97.2,0,25.6,4.9,89,61,5.87,100
2024/9/1 6:45,1006.6,96.8,0,25.7,4.9,120,70,6.99,100
2024/9/1 7:00,1006.6,96.2,0,25.9,4.9,154,140,11.13,100
2024/9/1 7:15,1006.6,95.5,0,26,5,190,210,19.51,100
2024/9/1 7:30,1006.6,94.9,0,26.1,5,230,254,28.52,100
2024/9/1 7:45,1006.6,94.3,0,26.3,5,273,300,35.43,100
2024/9/1 8:00,1006.6,93.3,0,26.6,5,319,369,40.09,100
2024/9/1 8:15,1006.6,91.5,0,26.9,5.1,367,362,36.97,100
2024/9/1 8:30,1006.6,89.4,0,27.3,5.1,417,419,53.07,100
2024/9/1 8:45,1006.6,87.4,0,27.6,5,467,471,58.8,100
2024/9/1 9:00,1006.6,85.2,0,28,5,516,521,66.92,100
2024/9/1 9:15,1006.6,82.5,0,28.3,4.9,563,562,71.1,100
2024/9/1 9:30,1006.7,81,0,28.6,4.8,607,628,66.8,100
2024/9/1 9:45,1006.7,79.7,0,28.9,4.7,646,588,75.99,100
2024/9/1 10:00,1006.7,78.1,0,29.2,4.5,681,569,73.69,100
2024/9/1 10:15,1006.7,76.3,0,29.5,4.3,712,244,33.53,100
2024/9/1 10:30,1006.7,75.1,0,29.7,4.1,740,522,64.16,100
2024/9/1 10:45,1006.7,74.2,0,29.9,3.9,763,613,61.24,100
2024/9/1 11:00,1006.7,73.3,0,30.2,3.7,782,512,43.25,100
2024/9/1 11:15,1006.7,72.1,0,30.4,3.5,796,120,13.63,100
2024/9/1 11:30,1006.7,71.4,0,30.6,3.2,807,189,27.26,100
2024/9/1 11:45,1006.7,70.7,0,30.9,3,813,394,49.6,100
2024/9/1 12:00,1006.7,69.8,0,31.1,2.8,814,510,63.22,100
2024/9/1 12:15,1006.7,69.3,0,31.3,2.7,812,206,36.59,100
2024/9/1 12:30,1006.7,69.2,0,31.5,2.7,807,411,52.9,100
2024/9/1 12:45,1006.7,68.7,0,31.6,2.8,797,339,45.47,100
2024/9/1 13:00,1006.7,71.5,0,31.3,2.7,785,642,49.35,100
2024/9/1 13:15,1006.7,72.2,0.2,31,2.7,770,803,46.16,100
2024/9/1 13:30,1006.7,76.3,0.3,30.3,2.8,751,611,39.92,100
2024/9/1 13:45,1006.7,83,0.2,29.4,2.9,728,435,29.87,100
2024/9/1 14:00,1006.7,80.9,0,29.7,3,702,194,17.64,100
2024/9/1 14:15,1006.7,78.8,0,30,3.1,673,227,32.1,100
2024/9/1 14:30,1006.7,77.6,0,30.1,3.1,640,113,18.58,100
2024/9/1 14:45,1006.7,77.7,0.1,30.1,3,603,473,68.02,100
2024/9/1 15:00,1006.7,78.1,0,30,2.9,563,529,48.42,100
2024/9/1 15:15,1006.7,77.6,0.1,29.9,3,520,487,58.51,100
2024/9/1 15:30,1006.7,78.7,0,29.8,3.2,474,221,24.08,100
2024/9/1 15:45,1006.7,81.2,0.1,29.6,3.4,427,175,20.52,100
2024/9/1 16:00,1006.7,83.1,0.2,29.3,3.5,376,214,20.98,100
2024/9/1 16:15,1006.7,84.1,0.2,29.2,3.7,323,58,4.98,100
2024/9/1 16:30,1006.7,86.1,0.3,28.9,4,272,37,5.7,100
2024/9/1 16:45,1006.7,86.9,0.3,28.7,4.3,222,65,9.18,100
2024/9/1 17:00,1006.7,87.3,0,28.6,4.7,176,28,3.88,100
2024/9/1 17:15,1006.7,88.2,0.1,28.5,5.1,135,25,4.33,100
2024/9/1 17:30,1006.7,89.2,0.1,28.3,5.5,99,23,2.08,100
2024/9/1 17:45,1006.7,90.5,0.1,28.1,5.8,68,27,2.93,100
2024/9/1 18:00,1006.7,90.9,0.1,27.9,6.2,42,12,1.01,100
2024/9/1 18:15,1006.7,91.4,0.1,27.8,6.5,21,1,0.49,100
2024/9/1 18:30,1006.6,92,0,27.6,6.8,4,0,0,100
2024/9/1 18:45,1006.6,91,0,27.5,7,0,0,0,100
2024/9/1 19:00,1006.6,90.4,0,27.4,7.2,0,0,0,100
2024/9/1 19:15,1006.6,90.6,0,27.3,7.4,0,0,0,100
2024/9/1 19:30,1006.6,90.6,0.2,27.2,7.5,0,0,0,100
2024/9/1 19:45,1006.6,91,0.1,27,7.6,0,0,0,100
2024/9/1 20:00,1006.6,91.4,0,26.9,7.6,0,0,0,100
2024/9/1 20:15,1006.6,90.6,0,26.8,7.6,0,0,0,100
2024/9/1 20:30,1006.6,89.9,0,26.8,7.7,0,0,0,100
2024/9/1 20:45,1006.6,88.8,0,26.7,7.7,0,0,0,100
2024/9/1 21:00,1006.6,87.3,0,26.7,7.7,0,0,0,100
2024/9/1 21:15,1006.6,86.4,0.2,26.6,7.8,0,0,0,100
2024/9/1 21:30,1006.6,85.8,0.1,26.6,7.8,0,0,0,100
2024/9/1 21:45,1006.6,85,0.4,26.6,7.9,0,0,0,100
2024/9/1 22:00,1006.6,84.3,0.6,26.6,8,0,0,0,100
2024/9/1 22:15,1006.6,83.6,0.5,26.6,8,0,0,0,100
2024/9/1 22:30,1006.6,82.9,0.4,26.6,8.1,0,0,0,100
2024/9/1 22:45,1006.6,82.4,0.3,26.6,8.1,0,0,0,100
2024/9/1 23:00,1006.6,82.1,0.3,26.5,8.2,0,0,0,100
2024/9/1 23:15,1006.6,82.3,0.4,26.4,8.2,0,0,0,100
2024/9/1 23:30,1006.6,82.9,0.3,26.4,8.2,0,0,0,100
2024/9/1 23:45,1006.6,83.1,0.2,26.3,8.2,0,0,0,100
